# vtk DataFile Version 3.0
d-2__ created by libgimli-v1.5.0-1-g5991b6ac
ASCII
DATASET UNSTRUCTURED_GRID
POINTS 3884 double
0	86.7172	0
2.5	84.723083035526	0
5	82.728966071052	0
7.5	80.949046953194	0
10	79.6051088133	0
12.5	78.286098815751	0
15	76.999085419857	0
17.5	75.712072023963	0
20	74.198880431624	0
22.5	72.659671632096	0
25	72.629350625942	0
27.5	72.603031630878	0
30	72.576712635814	0
32.5	71.598661219647	0
35	70.638105288211	0
37.5	70.998823992191	0
40	70.963527118389	0
42.5	69.498513415835	0
45	68.03349971328	0
47.5	67.346454821963	0
50	66.705774575792	0
52.5	66.065094329621	0
55	65.42441408345	0
57.5	64.783733837279	0
60	64.143053591107	0
62.5	63.502373344936	0
65	62.833120176929	0
67.5	62.064788426974	0
70	61.284069712219	0
72.5	60.319275420984	0
75	59.35448112975	0
77.5	57.63910088741	0
80	55.907278796703	0
82.5	55.111070967362	0
85	55.518441947662	0
87.5	55.859854575421	0
90	56.175618551147	0
92.5	56.485195144374	0
95	55.639757757464	0
97.5	54.794320370554	0
100	54.515517928214	0
102.5	54.316039784828	0
105	54.116561641442	0
107.5	53.917083498055	0
110	53.717605354669	0
112.5	53.518127211282	0
115	53.79508123386	0
117.5	54.204230926603	0
120	54.372297510605	0
122.5	54.368005909845	0
125	54.047473047616	0
127.5	52.66629826938	0
130	51.285123491144	0
132.5	51.268278616181	0
135	51.470280493186	0
137.5	51.155134898406	0
140	49.351376292407	0
142.5	47.547617686409	0
145	46.021205007503	0
147.5	47.427547472189	0
150	48.833889936876	0
152.5	48.849292013729	0
155	48.34072847028	0
157.5	47.832164926831	0
160	47.008623165728	0
162.5	45.875304151315	0
165	44.750682063763	0
167.5	43.715813891457	0
170	42.66523126156	0
172.5	41.458190988006	0
175	40.256179890608	0
177.5	39.066174639735	0
180	37.976914177238	0
182.5	37.221390721157	0
185	36.465867265077	0
187.5	35.710343808996	0
190	34.954820352916	0
192.5	34.731612197103	0
195	34.282502538569	0
197.5	33.450393139129	0
200	32.448863395457	0
200	2.448863395457	0
197.5	3.4503931391286	0
195	4.2825025385688	0
192.5	4.7316121971025	0
190	4.9548203529159	0
187.5	5.7103438089964	0
185	6.4658672650769	0
182.5	7.2213907211574	0
180	7.9769141772379	0
177.5	9.0661746397348	0
175	10.256179890608	0
172.5	11.458190988006	0
170	12.66523126156	0
167.5	13.715813891457	0
165	14.750682063763	0
162.5	15.875304151315	0
160	17.008623165728	0
157.5	17.832164926831	0
155	18.34072847028	0
152.5	18.849292013729	0
150	18.833889936876	0
147.5	17.427547472189	0
145	16.021205007503	0
142.5	17.547617686409	0
140	19.351376292407	0
137.5	21.155134898406	0
135	21.470280493186	0
132.5	21.268278616181	0
130	21.285123491144	0
127.5	22.66629826938	0
125	24.047473047616	0
122.5	24.368005909845	0
120	24.372297510605	0
117.5	24.204230926603	0
115	23.79508123386	0
112.5	23.518127211282	0
110	23.717605354669	0
107.5	23.917083498055	0
105	24.116561641442	0
102.5	24.316039784828	0
100	24.515517928214	0
97.5	24.794320370554	0
95	25.639757757464	0
92.5	26.485195144374	0
90	26.175618551147	0
87.5	25.859854575421	0
85	25.518441947662	0
82.5	25.111070967362	0
80	25.907278796703	0
77.5	27.63910088741	0
75	29.35448112975	0
72.5	30.319275420984	0
70	31.284069712219	0
67.5	32.064788426974	0
65	32.833120176929	0
62.5	33.502373344936	0
60	34.143053591107	0
57.5	34.783733837279	0
55	35.42441408345	0
52.5	36.065094329621	0
50	36.705774575792	0
47.5	37.346454821963	0
45	38.03349971328	0
42.5	39.498513415835	0
40	40.963527118389	0
37.5	40.998823992191	0
35	40.638105288211	0
32.5	41.598661219647	0
30	42.576712635814	0
27.5	42.603031630878	0
25	42.629350625942	0
22.5	42.659671632096	0
20	44.198880431624	0
17.5	45.712072023963	0
15	46.999085419857	0
12.5	48.286098815751	0
10	49.6051088133	0
7.5	50.949046953194	0
5	52.728966071052	0
2.5	54.723083035526	0
0	56.7172	0
35.536019489274	45.766783807247	0
47.72205313599	43.04644361572	0
16.507537577863	52.999058465902	0
23.80994655125	47.587169606851	0
82.882876516669	30.636217271267	0
99.347358360063	30.011385497483	0
62.622712871403	39.179179816121	0
73.317155261535	36.158138914701	0
28.69360927545	67.233405785248	0
37.022871039599	65.461998292102	0
13.492462422137	70.999112373811	0
91.913294641511	50.973940499662	0
131.28563461671	26.565344749684	0
111.67739918489	28.974332631074	0
182.86877438708	12.955618797296	0
200	18.448863395457	0
168.46729461587	19.589714325709	0
157.33964140254	23.442913046654	0
134.18280650257	46.012813206585	0
123.063230604	48.851273130632	0
151.28211090783	43.629484169888	0
34.578434042709	43.274514967856	0
38.797162823746	44.321614712301	0
46.945943887626	40.222358689932	0
52.47752737064	41.175372093115	0
54.877287128597	59.747607612265	0
12.875725777402	52.026940916636	0
17.854024578894	49.471367151176	0
23.778056227448	44.957777656643	0
28.800893993402	47.424212623807	0
82.017908340347	27.920317777294	0
85.817851273552	28.853564947625	0
97.142594188331	27.856484048791	0
101.49447199	27.479673299433	0
105.82260081511	48.66035622165	0
67.077242590834	56.317962721498	0
59.548489639152	37.579182143459	0
64.587698123935	36.296974099632	0
69.786938308804	34.994889720812	0
74.9524379557	32.952666704633	0
79.544055822417	50.152708533934	0
30.304506986695	69.670909553668	0
26.217198231884	69.500402699144	0
38.709400956806	68.105634549731	0
44.77794686401	62.333510919523	0
12.145975421106	74.526803688538	0
92.934852817952	53.652046078816	0
89.142825740917	52.907614992149	0
98.152641639937	49.298452801285	0
131.26682196367	23.773300717139	0
136.92522670928	26.669174043894	0
124.436769396	29.564205826829	0
111.45206189779	26.150247705286	0
115.62013224488	27.848294893202	0
106.63826501233	28.882832019879	0
184.691620497	9.9594174223828	0
187.13122561292	29.976115732857	0
176.3254127973	16.213651787406	0
179.96597757774	11.312377316694	0
197.12328685707	29.51409299053	0
200	10.448863395457	0
170.06117781761	16.310643213139	0
176.41616519533	33.165078060388	0
163.37252966324	21.124073541637	0
156.7651507478	20.618828120866	0
166.49903579882	37.83405622841	0
151.21699971746	24.198057323401	0
135.90116128497	48.54542551885	0
131.22767735511	47.963728273834	0
123.42531541378	51.67535805642	0
119.02348242002	50.220197659665	0
153.20828638076	45.932050882153	0
158.82176593505	41.085497310422	0
51.821965108395	38.617300940761	0
55.601021298782	62.571692538054	0
50.002977547048	61.519425002575	0
60.002977547048	58.956704017891	0
26.264176905753	46.242514348933	0
28.773745692051	44.845438122207	0
90.586705358489	31.686873195859	0
106.04793810221	51.484441147438	0
110.86173498767	48.751856832845	0
72.004922668022	55.314988614971	0
67.959168972282	59.142047647286	0
80.443479233871	52.976793459722	0
45.554056112374	65.157595845311	0
100.99559306245	51.227372682884	0
128.80558825919	25.185969782371	0
134.13244262363	25.150077704086	0
124.07468458622	26.740120901041	0
118.56367448752	27.059866818599	0
106.43132182002	26.289274791164	0
190.91675066824	31.11072125771	0
187.98469057428	32.800200658646	0
182.27944628917	31.977619542986	0
174.96758022899	13.389566861618	0
200	25.448863395457	0
194.20492678234	7.0394387901462	0
177.64663081629	35.989162986176	0
162.23562325104	18.616160064183	0
167.68580962618	40.658141154198	0
171.54179423226	36.264453782088	0
151.23439842668	21.373972397613	0
118.87383070161	52.446275486263	0
116.25142196875	51.151910571309	0
121.05026793237	51.474520830611	0
160.10200159294	43.909582236211	0
55.450146412785	39.050536038749	0
49.743771249857	40.512920776401	0
50.667633900548	64.11298223129	0
60.667633900548	61.550261246606	0
31.957721531671	45.100628365816	0
90.936413594612	28.862788270071	0
111.06867817998	51.345414061559	0
72.944136604452	57.748704135892	0
84.419988654044	51.203094812207	0
108.97413560933	27.391415224812	0
104.17742040665	27.774151162006	0
183.06324361756	34.571176771701	0
190.14443340708	9.9467121779634	0
200	6.448863395457	0
165.41663106744	18.685773676492	0
160.04993814438	21.118643730181	0
172.72768470922	38.730925346958	0
154.02678318601	21.194213941945	0
145.82490351244	22.752741473196	0
47.868385839279	63.448406352492	0
52.774647916952	62.19106827421	0
57.895963530644	60.878617974971	0
63.660037405323	59.40144666738	0
108.52586439067	50.243273627912	0
113.60737447013	49.837813549412	0
70.50931556988	58.651676130598	0
75.169094938876	55.491965886893	0
84.054032773683	53.448933973919	0
86.547825030723	52.702557870483	0
103.48150000299	32.604230658965	0
180.03817681793	34.070166273393	0
185.11068714652	32.53720605961	0
189.39604756113	7.4703302737199	0
164.4197033343	16.801722836644	0
167.17773325245	16.474435013025	0
159.29423528835	19.072512111365	0
170.28534813268	39.900164734788	0
174.60252596427	36.311166864026	0
148.31534827778	21.222556730483	0
88.080394182058	48.268240594166	0
102.5745581301	30.008383957114	0
191.87377626565	8.0728129763757	0
187.41678432801	9.4197577573555	0
175.55801238883	38.207428194175	0
88.0096321036	50.725782645793	0
104.93704515092	30.639331626578	0
195.08561914798	12.17222515542	0
187.8237630942	14.636110188729	0
109.08473139856	32.954394075352	0
192.79563394903	10.658475250723	0
186.53404365781	12.112681423048	0
106.26049565995	33.141272860449	0
109.10505471752	30.171401249112	0
195.19965115264	9.510710804153	0
191.85196390691	14.575057444008	0
197.15775575241	7.2867122706524	0
197.41241795821	10.938716331507	0
190.93836888488	12.282957745224	0
193.03343075215	12.787746620564	0
194.90881761417	15.311582588714	0
200	14.448863395457	0
188.75460005322	11.722050572485	0
197.37335405389	13.676333160373	0
200	12.448863395457	0
197.9848458742	16.448863395457	0
0	70.7172	0
43.365686517148	43.841373046507	0
0	60.2172	0
18.519018366085	68.993585379049	0
140.47952874085	41.427944998857	0
126.98393352608	48.779036386657	0
149.91841956829	46.053664932733	0
147.47869108234	43.085573634564	0
147.86508914453	45.254716532707	0
9.2676270527194	56.077439346577	0
79.609355924932	30.183089727317	0
99.33185260657	27.821908978094	0
32.836692103619	66.246381827382	0
32.912194618034	68.937861135054	0
35.242976004038	67.525678403046	0
28.223231083203	70.487501353535	0
41.205310440139	64.653562087005	0
5.8704962318929	74.920611535149	0
95.320797380286	51.208043673679	0
95.655730949697	53.459756208103	0
98.063132985885	52.07450834802	0
113.3652552478	27.418624037954	0
182.30751605928	10.561559796695	0
179.79972323626	14.991592199775	0
133.5607409897	48.284129413315	0
155.07176431944	42.416249074908	0
95.19713929814	32.052296297359	0
103.57749957234	50.260528108326	0
101.20584126079	47.857985583527	0
128.28708070989	29.037406485842	0
136.64737978044	23.853235563812	0
126.47147906997	26.058453724638	0
121.31697823271	26.862053079921	0
120.24832830948	31.247936811251	0
120.0784466418	28.883410287525	0
122.1483808003	29.923059807083	0
117.40868003249	30.263588138087	0
124.03701819017	34.656525199855	0
122.54039211977	32.510161360838	0
118.68993488518	36.789994153055	0
120.11578661456	34.200801010819	0
177.25709091523	11.846394215412	0
173.18897620004	15.983195999883	0
172.10532207086	13.833238739892	0
194.26558075107	30.168675921555	0
195.64377682868	32.045103278485	0
200	28.948863395457	0
163.42294812111	40.788133197929	0
165.44141821115	42.279903072216	0
162.84959505009	43.31142084633	0
161.16534212144	41.601933328302	0
160.88670980695	37.290592490525	0
88.375112213487	29.979315447519	0
86.200064116678	35.082375839411	0
88.525563053222	27.794672534703	0
85.972262789519	31.97022206955	0
81.923361308704	50.950207926616	0
82.442420029373	45.453590322618	0
83.450735493116	48.321624737677	0
161.70360548441	25.789314753108	0
143.00876000002	20.88712915672	0
65.749897893446	58.282225609071	0
62.441998011825	54.616316258797	0
64.549219935894	56.040265092137	0
65.684419715253	60.608667587328	0
66.374712213889	51.067667451514	0
66.07680375339	53.779679574094	0
69.497778501215	52.783097641847	0
116.50658445395	47.321462190549	0
76.989501806944	52.521558952284	0
148.35792665196	24.083602985165	0
185.1349044615	14.419079596396	0
186.01432695211	20.288707204919	0
186.25949208181	17.251281152038	0
108.07301749867	39.099002945089	0
107.09868561026	31.09689290422	0
198.15875111147	5.4425870412587	0
199.04495407028	8.448863395457	0
0	78.7172	0
42.18103659728	41.819805060825	0
44.543644623477	40.961885813299	0
0	67.2172	0
19.992948383947	71.387558858013	0
16.708917694609	71.758758481834	0
22.434839068407	68.233403056253	0
15.106905216161	74.135137995562	0
23.723117887872	70.428051689018	0
20.620050684353	69.350738356259	0
20.043782792793	66.382290298226	0
142.20381635566	44.252029924645	0
128.00198742875	50.621768238404	0
125.04600745688	50.032309553689	0
7.6275799440297	53.773897724607	0
10.451006484883	53.499310425008	0
6.0704633773838	56.618115394463	0
79.619422650768	28.028259077276	0
30.945358782798	67.49632636375	0
30.179496869416	64.281582368127	0
36.778405266805	68.997815973865	0
39.274101193122	65.885593219156	0
38.683528465727	62.830269090466	0
41.459223647393	67.181172295627	0
43.285151475071	65.721188544919	0
7.3886544087193	77.744696460937	0
180.81720398293	13.194205814469	0
153.42401791045	43.794645063044	0
152.55581124335	41.082720250163	0
155.93997098653	45.128173887789	0
92.996388129436	30.551570989287	0
95.292940907309	29.547789602132	0
97.194938767098	30.874629865451	0
99.708721046045	34.027461044129	0
94.289568115401	27.658005947707	0
101.09218284922	31.982656952535	0
129.30159216815	27.21336624562	0
131.11975982836	29.418761710077	0
114.30098323252	30.695002383406	0
121.79906636139	36.814972340344	0
116.41183255394	33.848257916601	0
174.2992534119	22.33086960216	0
194.1739449487	22.027749595282	0
165.52936789714	39.902945986743	0
163.51329257997	38.054274246444	0
163.83625544396	32.044752474808	0
162.97357458996	35.011829601059	0
80.488461609921	35.883163117611	0
88.373453530701	33.358875442082	0
92.521087449976	36.548297455472	0
90.885671241101	34.383475056661	0
92.930331779902	33.012457499958	0
88.961191451468	37.537473529094	0
95.133997456541	35.059116944548	0
88.301059183943	35.499691006227	0
80.756955966843	47.657413325869	0
74.804119970402	46.306317407012	0
77.622890203397	47.676450612756	0
79.171893405337	44.698746299284	0
85.738020816455	45.906219306928	0
85.775348836302	49.143435080357	0
161.70790280291	23.159714420969	0
165.4001170789	24.480551950968	0
159.59960871191	24.471072703639	0
157.82715942751	29.638188891733	0
159.31629042769	27.261442664084	0
162.12114675581	29.138221740349	0
155.75416561858	26.684496930191	0
157.74268638644	25.692099622746	0
145.03880241968	18.877474810666	0
140.98298631979	24.847120649702	0
117.16797217875	49.289242965031	0
119.22567475295	47.502592379295	0
120.85856380641	48.990405115029	0
121.79680842143	46.320710223536	0
118.21442609015	42.183469832823	0
118.02850334342	44.974505057244	0
112.75456387239	43.221475315598	0
120.59284563507	43.743616656632	0
115.61944762664	43.41231742751	0
113.312421848	46.569648750553	0
78.527170815474	54.185591892054	0
189.88391193976	17.643815120625	0
182.21388276621	18.453347996675	0
182.68790381556	15.721943495931	0
184.09422075703	17.372836683681	0
104.06083353167	37.065053713534	0
107.86191287469	35.908650314574	0
0	82.7172	0
45.466538073147	43.020115405431	0
46.537885135599	47.865915723275	0
45.26634141197	45.605707445418	0
41.149246175862	49.409670620621	0
42.471400090956	46.710677372623	0
2.0138956634179	56.677828149273	0
15.642335378489	69.085528106574	0
17.913531111327	73.573514926747	0
25.286976118218	65.998167826773	0
138.19494507647	45.139863424974	0
144.26348074226	41.056033432692	0
13.718695169525	56.147871105647	0
9.48178272332	51.638343520403	0
8.1404641056788	59.13540474716	0
5.4709353436768	58.807351703357	0
4.6911081557935	54.90588031471	0
34.174818307945	61.825024263116	0
41.634732136275	61.404057622921	0
3.6549452582592	77.931741515026	0
9.0282830659852	75.043168067692	0
10.305566199876	77.155560899995	0
149.68349292832	41.238088676394	0
155.69006259348	38.209539145451	0
157.44389486309	43.151763548269	0
158.27919806544	45.400785723217	0
134.18325717857	28.383404064154	0
129.05615250923	34.035942364992	0
111.68934845687	31.816597336323	0
116.04010963354	31.81394718096	0
113.88039362729	33.259702216748	0
114.11755317099	37.977922642657	0
114.67393055814	35.58488596646	0
116.36622289782	37.239538147476	0
117.99856711717	39.446739757872	0
111.2826962926	36.057625944357	0
118.39519304184	32.644164058108	0
118.18751456945	34.826114389085	0
174.5427208719	19.017347906711	0
195.38152077349	18.761592863219	0
166.36465943127	34.388839898075	0
80.901163943661	32.901685593691	0
97.208321160136	33.598603483711	0
97.939325885182	36.840134461577	0
77.092785241867	50.07110614916	0
73.190636128483	51.134038614866	0
76.966112942833	45.443046510632	0
74.035483854319	41.242424918161	0
77.107602152834	42.221724045504	0
81.842239234978	40.591447193323	0
90.929324909691	43.100552946544	0
160.13627789775	32.577931292832	0
147.06661486575	19.505751589321	0
138.64846095029	25.077466841138	0
140.15901592279	28.441511482405	0
140.12870780941	22.164137413	0
144.97840234102	27.439860526108	0
124.97744681303	46.311129695758	0
114.63839906761	48.097371172885	0
115.23695124432	45.554356006032	0
77.167928725096	55.660824281208	0
188.16199412355	16.613845698581	0
192.80076254265	17.348993032979	0
104.51041503902	34.738634946202	0
101.9514302903	35.45076025615	0
100.92572053198	38.976388241245	0
106.30424956186	37.613881081403	0
104.45520699732	41.611930554163	0
43.982999417099	49.124501392344	0
39.663815276833	47.008665709798	0
36.284719032981	50.759211449879	0
37.665448301057	46.169911577788	0
37.776360490144	48.705632350858	0
41.149018413344	44.724511005873	0
10.467379007631	65.436031382839	0
27.631055174947	64.84864332659	0
23.996059925965	60.401013342819	0
25.294601851081	63.048964674406	0
28.251444386205	61.626713055559	0
26.667445787625	67.506158558331	0
22.616895976942	65.528439476914	0
20.047010259762	62.088001867021	0
20.759687512161	64.235682923733	0
17.175406038431	64.232989078117	0
136.36417475744	46.382024697721	0
135.73313835979	43.481737045573	0
139.97336883975	43.675425913452	0
140.48133732442	46.104390857067	0
144.61103538032	43.541690538828	0
142.46137287954	42.156337548856	0
11.502183593643	55.542462392448	0
11.71778251596	59.113346133995	0
36.249370652489	63.134095407182	0
34.755299103382	64.92299403084	0
37.041789953123	59.579947350125	0
42.809039635932	63.212368493345	0
5.4774051435043	76.952032175744	0
5.6005872766871	79.410938454105	0
10.079004685415	71.717043715007	0
147.00267357783	40.27813524375	0
154.63345246192	40.203032995297	0
152.35691204622	37.719635808863	0
129.40787210116	31.423394587202	0
133.66624537789	33.326636179472	0
126.29786667557	32.334653115117	0
131.25672223539	33.002249194614	0
131.91090727409	37.254085486587	0
130.9575438036	35.224525021913	0
127.98948695377	37.857432917641	0
114.35214734479	40.837823651529	0
115.86163021839	39.319915500158	0
109.51052500678	37.401722849836	0
111.13805497534	40.237542548512	0
109.61922151112	34.905830064067	0
178.43631752015	19.524439984434	0
171.61470413149	20.467911644716	0
196.06594035272	16.910428265215	0
83.669480996696	33.703193642726	0
77.936085607874	34.010555590372	0
73.691532483746	53.534700954125	0
74.945979378112	43.69450394492	0
69.23694010033	44.419279884857	0
72.006891866855	43.390753211361	0
76.672946966264	38.27690621572	0
81.255888305215	43.131940682758	0
79.466089954164	41.380939455212	0
84.692688530589	42.587248759892	0
79.865050339551	38.611181737632	0
88.745790407881	45.265924227298	0
162.10726378811	33.150997552575	0
137.15485811947	30.086529355416	0
146.13968756182	25.229591231051	0
149.06829601917	28.178501842976	0
143.54372092718	25.275865761524	0
142.48453036961	27.535664693053	0
142.58066957228	23.166283419736	0
143.93673507381	32.831099126104	0
143.82851143234	30.013936629586	0
146.67439267605	29.741370688781	0
141.00591133994	31.533029159715	0
128.54630809709	45.459153981835	0
193.14174117357	19.789806192609	0
189.76459138649	22.704457387582	0
191.87202081076	21.732450407888	0
192.50926387572	25.884656146399	0
189.87597052318	20.175355688845	0
47.957070989376	53.969272307563	0
12.629028800962	67.864600906196	0
8.631848442633	62.533924637876	0
31.220765712324	61.497837169941	0
22.766513818569	62.646351386333	0
17.573341979505	66.690583303319	0
14.770152408731	65.883464172635	0
9.9225327057174	58.05555516662	0
32.590331588124	63.725285360114	0
39.354269133855	60.45169558784	0
40.065825583224	55.061134704076	0
39.081069160338	57.673389742277	0
34.965563878729	55.315289713749	0
43.067078876123	57.684276072432	0
37.536178034137	55.599261382502	0
41.070792597859	58.880318926632	0
36.032553958924	57.433559895878	0
32.353791748781	57.958721698719	0
36.490528109375	53.287812402375	0
33.059485856436	52.294397274212	0
39.191614165238	51.795288206677	0
7.5362897814816	72.742824378068	0
3.8001312854609	71.611007529392	0
7.2585979673057	68.390135932005	0
5.4559616532554	72.877555335461	0
0	74.7172	0
8.1180316145469	70.520508264488	0
5.7498600114531	70.237332470674	0
9.9831681219052	68.529533616085	0
93.713956482038	49.680405932888	0
149.27578281746	38.153403277995	0
133.28941492413	30.788570401305	0
135.46284369149	31.762885336422	0
138.28718894341	32.921524574208	0
126.61577956078	34.905860990942	0
124.38126788926	31.61182620849	0
126.4847820946	30.198753098722	0
124.82996607119	37.718096761933	0
108.27492240918	43.250389027172	0
176.60790805153	18.361870769611	0
170.29251650298	25.238919174031	0
170.4589497879	18.530902342227	0
75.768101654113	35.388639007068	0
77.181849446089	31.401334350449	0
71.611400284789	46.569822292747	0
69.053217550433	39.680314254972	0
76.013403586429	40.345932143834	0
74.051367426801	38.64729362905	0
71.710770679576	39.930582194714	0
70.597040196706	37.521910077988	0
78.150416948575	36.394176753925	0
84.245085810977	44.552326792856	0
86.847363778054	43.732721696266	0
87.233910247791	40.406367293342	0
92.530374009678	46.898642389249	0
149.71474662872	25.957292071244	0
152.6586852332	26.950169936715	0
144.57033729041	36.924885836718	0
150.51918791211	33.015735047808	0
141.81270320098	29.650256477938	0
139.25247892244	30.351608511046	0
126.96675953652	46.743377251336	0
131.66009635806	42.727263869171	0
46.535329863044	51.083186609672	0
13.98651321281	62.163621582366	0
42.909237935484	52.676653171721	0
43.736018623681	60.07752135552	0
47.056264781673	57.85936329637	0
32.873393146749	60.075992280133	0
29.626480741114	59.036513256745	0
38.498222775366	53.730826251453	0
2.9458466518114	74.443517441715	0
11.516633894355	70.078623782292	0
151.03438449452	39.485276457152	0
141.14864932035	35.168439391689	0
126.23245949805	41.807387966623	0
122.35658957137	40.481351381143	0
120.01119945226	40.664871783878	0
109.06200323689	41.13150600645	0
110.30205832383	45.656120270491	0
169.3749433777	22.415919998987	0
172.58447229698	18.07198237171	0
73.100706033938	45.140964062663	0
73.379053887277	48.513526466293	0
74.962427419951	49.944402595116	0
70.294911111438	49.608802944314	0
69.921861738542	42.019682367959	0
65.919559165237	42.174845602229	0
84.51437450598	39.808481798767	0
82.555171219224	37.790691763652	0
82.645348465815	35.619637995735	0
85.044353465515	37.333837011718	0
90.19073377878	40.232167679497	0
88.709760612321	42.263508744174	0
90.174260454126	47.157405915301	0
145.1728824029	39.046612405456	0
142.13978758072	38.884421734	0
149.0799572488	30.811212828507	0
152.34703311132	30.250354701932	0
147.20884782007	33.604838390149	0
150.50596720725	35.731832354884	0
148.00748085203	35.985833080651	0
153.93937949585	34.390463787474	0
147.08894934912	37.978133276373	0
133.55185531901	43.88600189078	0
131.36131048547	45.338677044521	0
134.11575829998	40.841757776828	0
53.429888793603	49.480026059055	0
15.151077689538	63.860752877452	0
12.744077068141	64.454681008404	0
16.611209916222	61.610690869766	0
11.298069417636	62.188099642139	0
41.231302448563	51.473028634429	0
44.421481791465	51.195414723873	0
45.348326001106	53.654228074581	0
46.428921553937	55.664750224083	0
43.325430729222	55.169833753531	0
47.302863800603	60.677055526239	0
26.667574285965	59.125821441021	0
29.500072422599	54.72706700853	0
1.2998274029044	72.7172	0
1.6533521095932	76.522446414157	0
140.23716429311	33.383719952362	0
138.7621653898	35.26214048037	0
136.10461256678	34.582931336207	0
136.59943053271	38.185578875796	0
133.93363680223	35.802135302392	0
126.33478320332	39.487143935643	0
129.21236597848	40.753961018857	0
122.94198506758	38.516754923375	0
120.23144901079	38.427067879139	0
108.30520307901	47.52037410479	0
105.82981630936	45.402828444279	0
110.51592464628	43.418984458294	0
171.85088761305	23.171773036456	0
174.44889268407	26.751327837828	0
172.60213731927	25.359103961847	0
171.25097555916	29.072344100524	0
167.90938001145	24.452900385079	0
168.12050871037	27.81851208201	0
166.5181656109	21.774536533683	0
75.679141346055	48.09072865752	0
71.143513934607	51.509140868419	0
68.525934031681	50.851811130854	0
67.096977860575	47.438304130271	0
86.958554568565	38.286162405167	0
91.064257157692	38.205737549427	0
95.039706156893	40.231043596342	0
142.4695532775	36.806294714699	0
140.01297144567	37.481702054609	0
151.17499816453	28.47486609758	0
154.37461779761	28.777021376385	0
154.9072910344	31.641916508143	0
145.90416049424	31.816622162751	0
145.21545886888	34.729114098238	0
152.71955515735	32.48335165928	0
50.169668348024	51.086073132354	0
9.937213053675	60.436315852967	0
22.691442872413	54.231859615588	0
30.342552730373	56.858931746219	0
32.219008065152	54.884985295505	0
136.89710951136	40.953198958777	0
137.88247030672	42.938970268661	0
130.12071944194	38.664058811437	0
129.28836024195	43.164458022375	0
107.98630874658	45.38753564248	0
103.72837587969	47.026945588348	0
101.31546941017	43.946785875461	0
103.57740957305	44.660028335556	0
106.04357367704	43.180647341189	0
69.302124113738	46.733426327679	0
92.615429880258	41.137107627262	0
95.08743681717	44.054996358988	0
94.874796133711	37.641214205369	0
157.18544249215	33.988876874299	0
48.351786702315	51.981596470555	0
48.353776741812	49.475994427815	0
49.729843869734	46.094981678566	0
24.088613128821	57.158917416139	0
131.79015539011	40.354784988523	0
93.127533595891	38.990024583522	0
157.13492267247	31.758755400149	0
159.52530766827	35.091299614083	0
158.22908187356	37.41469960035	0
155.7693521027	35.862393851762	0
20.930765142687	58.691138304623	0
26.10145386995	54.401145683906	0
21.796836201793	56.455865536047	0
18.114864545485	56.314680360915	0
22.908812800869	58.747606296412	0
26.434280637884	56.757520430376	0
36.843787730882	43.169589336157	0
15.232683208222	50.491641950184	0
84.136171673933	27.498112910905	0
61.991762795131	36.638089160976	0
66.982108711857	34.826527638475	0
67.969604386215	37.273927594267	0
66.320925429244	39.463512266019	0
64.376506153947	40.561048791326	0
61.690333335484	44.6740718081	0
63.513333034266	42.93098670855	0
65.49581460004	45.033057540869	0
60.547035639679	41.65352614487	0
67.219024197752	43.828015072509	0
63.272820042501	48.248463694789	0
60.499302969537	39.505690000301	0
57.852050850006	40.638969964052	0
65.023779021992	47.082857140759	0
57.556858672623	38.475134141323	0
57.994896233329	44.346174716321	0
59.921879771175	43.616797946589	0
72.211778119442	33.574368300607	0
90.857347270818	54.20432525805	0
69.630151007651	56.254074675048	0
169.15253397896	37.473721734746	0
169.20907158125	34.62045524728	0
168.04631074445	31.3184632792	0
172.35786269417	32.629520822098	0
173.09632644666	34.704384303972	0
177.56768114448	14.195660627774	0
193.06596904579	32.327553339768	0
198.13074412133	31.403853210218	0
195.11639372737	27.317840717865	0
198.16226608993	27.198863395457	0
196.90847512381	24.042282174491	0
194.71071806704	24.967883160031	0
62.064903141627	57.259893721163	0
58.848315837719	55.452377274151	0
164.27222190968	27.169542992031	0
166.36936829033	26.468146496042	0
154.49957064989	24.06234368206	0
14.32657583355	53.876841053216	0
15.943521475154	55.52651459526	0
16.059320071048	58.592531451312	0
18.493406340052	58.722670881233	0
164.93905491609	36.169672581289	0
160.07446372887	30.249727125833	0
100.18941584216	36.85015667741	0
103.344943632	39.417687856227	0
101.73097794629	41.413724473231	0
98.168947540354	42.130039389382	0
2.3416771802125	80.7172	0
4.3018804179047	80.889232164286	0
2.9315601053003	82.699956487473	0
12.016795793677	72.456680578101	0
111.91821366919	38.172078186269	0
179.90111186269	17.493557071399	0
181.79502964251	24.173093531113	0
138.13152721234	28.304508669588	0
192.01444546246	28.589544484435	0
189.4896362097	28.989819121753	0
186.73704046524	25.720711064355	0
187.6010195093	27.786638605789	0
183.87335744884	28.131938085925	0
189.62531751087	25.726445707231	0
184.83136912888	30.239258027273	0
187.90692348578	18.929778920878	0
32.205794240757	48.74388971328	0
95.319117621751	48.151003286452	0
0	63.7172	0
94.546573051651	46.140144718386	0
97.936997200797	45.906861042158	0
51.44417874141	56.826104758129	0
52.124183147777	59.504923716169	0
49.575964679461	58.726058571805	0
126.37737794705	44.274502726127	0
123.50437916045	43.79912251803	0
134.12732747602	38.363301595613	0
170.13897116824	27.313842326006	0
19.869422172351	52.261442135453	0
138.89720591187	39.614318624536	0
92.784019856769	44.555221991403	0
47.553734343577	45.3427419538	0
50.585693923542	43.345869937035	0
54.191352355182	44.578885618794	0
52.640075561786	43.226773092319	0
55.072601151795	42.001885017029	0
57.053529187744	42.526092888149	0
50.923729014652	48.504699059273	0
52.29607558188	46.324163690507	0
24.554687459611	51.129016301088	0
26.493025669479	49.064848695431	0
29.455250846976	50.788237717735	0
64.544321541226	38.378332844349	0
59.554503693833	47.757167656142	0
166.03266071917	32.211293375117	0
165.11838612731	29.702309306401	0
167.11360549428	29.547928107803	0
169.22622438188	29.592715024934	0
170.05188553844	32.467944583635	0
174.39747452352	30.044051082123	0
172.49097594653	30.637296487942	0
173.18856895509	28.378410094685	0
178.96211752078	28.468568065787	0
174.47836132059	32.205094654643	0
179.51758284135	31.266017801024	0
176.39406650704	28.428466165465	0
177.73337144737	24.90852514484	0
200	21.948863395457	0
197.71620398901	18.980986606358	0
57.220847386901	57.931013238607	0
54.448149317176	56.773990992141	0
52.888806785558	53.493829849603	0
14.000303391285	59.784509935915	0
18.478971053851	60.770610783118	0
96.027543839401	42.130987654118	0
97.621834193712	39.503852105821	0
180.96250595832	21.236919447224	0
183.47541577899	20.693549203354	0
185.17122694721	23.164958869361	0
179.52687331754	23.230093208677	0
176.99239295396	22.319300296716	0
187.39992149863	22.256551488744	0
184.14655744412	25.55026915067	0
183.1948459864	22.703581810979	0
188.18419981014	24.20212861513	0
30.923054438959	47.001156125366	0
33.487573731303	46.8265358641	0
34.628314007179	48.976258886845	0
7.411986335261	65.336989068357	0
5.1025572035247	66.751391161884	0
2.7278212469937	64.937406262473	0
5.2744159720314	62.739775144198	0
6.5768377717336	60.83374035679	0
2.1499178441472	70.101826779861	0
2.6200564699892	67.53989150455	0
97.172837603313	43.964397475956	0
100.17455979865	45.871943243136	0
48.995018037931	56.25896656735	0
50.469124473354	54.210631361325	0
124.09119283746	41.738687522384	0
17.946528399289	51.527491446802	0
21.067331596365	49.273193878284	0
19.341200657968	47.434997764347	0
21.616852171104	46.298878973685	0
23.143370482598	49.576551301817	0
20.019219803123	54.732660037674	0
24.452929882965	53.178768291275	0
22.251044847827	51.856545427433	0
30.187001756799	48.900246425216	0
31.578614891455	50.7725755521	0
27.972356103105	52.774781860438	0
26.648306874715	51.152837549442	0
61.563648269036	46.867661221613	0
60.992663262126	51.18909416433	0
56.260680662457	47.201155611164	0
56.136502369492	45.171523217554	0
58.096189890882	46.361906179407	0
57.365273071613	50.691867508617	0
54.126765471293	47.44805283609	0
57.70768896419	48.66339103321	0
177.0961549667	30.793548066213	0
180.046895938	26.102085789113	0
182.20766473547	26.650379566344	0
175.34949124578	24.508079322141	0
52.338308836726	51.376247555267	0
54.929609498727	51.605656663472	0
56.998556808554	53.417371935055	0
58.99284698981	52.298280391578	0
56.52278015491	55.703097679048	0
60.391192054619	53.942717076826	0
2.4034733261366	61.9672	0
2.5062242164435	59.300599406392	0
4.2788150612348	60.718898711203	0
61.274829013125	49.053555828093	0
63.678934307976	50.91769246327	0
64.002542313722	53.082064300303	0
181.49301547459	29.398516128036	0
196.73174756014	21.418978091661	0
198.93046914019	23.698863395457	0
35.921893865441	41.903847312184	0
35.711110886795	43.222052152006	0
34.789217021354	41.956310128033	0
108.10187016389	30.634147076666	0
106.86847531129	29.989862462049	0
107.87165986492	29.527116634496	0
23.111558943936	71.543861660557	0
21.246474191974	72.023615245055	0
21.858033135909	70.907805273515	0
113.83311924016	29.05681321068	0
112.98919120871	29.83466750724	0
112.52132721635	28.196478334514	0
33.26807778719	44.187571666836	0
32.228860765835	43.349644792732	0
33.539217021354	42.436588093752	0
15.870110393043	51.745350208043	0
15.417056705707	53.437949759559	0
14.779629520886	52.1842415017	0
33.75	41.118383253929	0
151.22569907207	22.786014860507	0
152.63059080635	21.284093169779	0
152.62189145174	22.696135632673	0
44.771822311739	39.49769276329	0
45.972971943813	39.127929201606	0
45.744794255552	40.592122251616	0
121.77513396618	52.921263370228	0
121.25	54.370151710225	0
120.52513396618	52.923409170608	0
43.362340610378	41.390845437062	0
43.954665570312	42.401629429903	0
42.773361557214	42.830589053666	0
91.791546743962	31.119222092573	0
90.761559476551	30.274830732965	0
91.966400862024	29.707179629679	0
194.0329845229	33.305027939169	0
194.35487293724	32.186328309127	0
195.32188841434	33.163802908527	0
46.25	37.689977267622	0
47.222971943813	38.784406755948	0
52.160982554198	37.341197635191	0
50.910982554198	37.661537758277	0
51.25	36.385434452706	0
124.43349213068	36.187310980894	0
125.32639887547	34.781193095399	0
125.72287281599	36.311978876438	0
89.460025431004	46.211665071299	0
89.127327318092	47.712823254734	0
88.41309229497	46.767082410732	0
30.365733611861	44.973033244011	0
29.386872846025	43.711075379011	0
30.978860765835	43.838670500815	0
11.437862888701	50.816024864968	0
11.25	48.945603814525	0
12.687862888701	50.156519866193	0
166.01420184798	38.868501107576	0
167.0924227125	39.246098691304	0
166.60758876166	40.28054357047	0
13.601150805476	52.951890984926	0
14.054204492812	51.25929143341	0
108.41553373484	48.881823866351	0
107.17423260289	49.451814924781	0
107.06390194706	48.09036516322	0
104.28874978617	52.188544874884	0
103.75	54.216300713135	0
103.03874978617	52.288283946577	0
10.384905323181	55.809950869512	0
9.8593167688013	54.788374885792	0
10.976595039263	54.520886408728	0
15.100690058373	71.378935427822	0
14.567398900313	70.042320240193	0
16.175626536549	70.422143294204	0
46.527028056187	66.252025333637	0
46.711220975826	64.303001098902	0
47.68419291964	65.397430587227	0
24.389028113724	43.793564141292	0
23.139028113724	43.80872464437	0
23.75	42.644511129019	0
178.68370219037	14.593626413774	0
178.06256801678	15.60262199359	0
176.94654697089	15.20465620759	0
186.05420241251	9.6895875898692	0
186.97541399291	10.766219590202	0
185.61283207741	11.036049422716	0
163.24343358497	36.533051923752	0
162.20000119346	37.672433368485	0
161.93014219846	36.151211045792	0
27.518961298902	45.54397623557	0
26.882088452877	44.422772989906	0
28.136872846025	43.724234876542	0
22.697454199276	45.628328315164	0
22.058426085552	44.479275302891	0
20.479026414536	46.866938369016	0
21.342091883735	47.786036425985	0
20.204266127167	48.354095821316	0
123.24427300889	50.263315593526	0
124.05461903044	49.44179134216	0
124.23566143533	50.853833805055	0
90.528060191214	51.940777745905	0
88.576228922258	51.816698818971	0
89.961463372555	50.849861572727	0
13.75	47.642592117804	0
15.116341604111	48.745363685021	0
13.866341604111	49.388870382967	0
35.057226765991	44.520649387552	0
36.189903610078	44.468186571702	0
156.94676512725	41.750873192665	0
154.85260839068	41.309641035102	0
156.72760919849	40.64426515286	0
83.318085836967	26.304591939133	0
83.07704000714	27.709215344099	0
82.258954170173	26.515694372328	0
107.67261352925	33.0478334679	0
106.6795906351	32.119082882334	0
108.09170850441	32.025643489786	0
81.008954170173	26.913798286998	0
81.25	25.509174882033	0
61.245532882334	38.071889580639	0
60.023896304344	38.54243607188	0
60.770126217141	37.108635652217	0
86.658925636776	27.356709761523	0
85.408925636776	27.186003447643	0
86.25	25.689148261542	0
78.559711325384	27.833679982343	0
78.75	26.773189842057	0
79.809711325384	26.967768936989	0
181.75255389925	14.4580746552	0
181.24381352591	15.356767847853	0
180.30846360959	14.092899007122	0
57.558405458772	59.404815606789	0
56.38662532962	60.313112793618	0
56.049067257749	58.839310425436	0
100.747235995	25.997595613824	0
100.41316229829	27.650791138764	0
99.665926303285	26.168713453154	0
168.16991493808	29.570321566368	0
167.61705710233	28.683220094906	0
168.67336654613	28.705613553472	0
64.330018702661	61.117283422154	0
63.75	63.167746760933	0
63.080018702661	61.451910006158	0
29.111615541601	71.532106994674	0
28.75	72.589872133346	0
27.861615541601	71.545266492206	0
95.488264164991	52.333899940891	0
94.295291883825	53.55590114346	0
94.127825099119	52.430044876247	0
79.61438928785	29.105674402296	0
80.818665495557	27.974288427285	0
80.813632132639	29.051703752305	0
88.012781526611	26.827263555062	0
88.75	26.017736563284	0
89.262781526611	26.985145542925	0
85.300928902203	53.075745922201	0
85.773912515361	54.110499909073	0
84.527016386841	54.483687960791	0
138.75	50.253255595406	0
136.70058064248	49.850280208628	0
137.95058064248	48.948400905628	0
83.509524095301	29.067165091086	0
82.450392428508	29.278267524281	0
69.563964754433	54.518586158448	0
70.751350584619	54.049043128409	0
70.817536837837	55.78453164501	0
21.25	73.42927603186	0
19.996474191974	72.793219644818	0
59.774244819576	35.861117867283	0
58.524244819576	36.181457990369	0
58.75	34.463393714193	0
103.37598926837	28.89126755956	0
102.03451506005	28.744028628273	0
102.83594619832	27.626912230719	0
133.31622131182	23.209178160133	0
133.75	21.369279554683	0
134.56622131182	23.310179098636	0
48.732912192923	41.779682196061	0
47.333998511808	41.634401152826	0
48.344857568741	40.367639733167	0
62.245881397566	35.070231252956	0
60.995881397566	35.390571376042	0
61.25	33.822713468022	0
184.70140902245	12.534150110172	0
183.78019744204	11.45751810984	0
70.999358214123	34.284629010709	0
72.764466690488	34.866253607654	0
71.552046785169	35.576514317756	0
83.75	25.314756457512	0
84.568085836967	26.508277429283	0
53.963836891713	40.112954065932	0
52.149746239518	39.896336516938	0
53.63605576059	38.833918489755	0
119.4369153508	53.409286498434	0
118.75	54.288264218604	0
118.1869153508	53.325253206433	0
70.964376802698	42.70521778966	0
70.816316209059	40.975132281336	0
71.858831273215	41.660667703037	0
73.582108037571	33.26351750262	0
72.355889059721	31.946821860796	0
73.72621897785	31.635971062809	0
73.972068302226	58.551592632821	0
74.056615771664	56.620335011393	0
75.084547469438	57.423223508321	0
192.91453235059	11.723110935643	0
191.98589981852	12.535352182894	0
191.86700141695	11.470716497973	0
39.973090618545	44.523062859087	0
40.406416845088	45.866588357835	0
39.23048905029	45.665140211049	0
61.56100792047	39.342434908211	0
62.307237833267	37.908634488548	0
53.975073206392	37.557815184185	0
166.56361391866	41.469022113207	0
167.59290481309	42.186977522828	0
166.47070910557	42.997858481836	0
98.271148563581	30.443007681467	0
99.528039703054	32.019423270806	0
98.451829906572	32.45104545479	0
97.321297094165	26.325402209672	0
96.071297094165	26.748120903127	0
96.25	25.217039064009	0
30.624932884746	68.583617958709	0
31.928776700416	68.217093749402	0
31.608350802365	69.304385344361	0
20.30649953415	70.369148607136	0
22.171584286112	69.889395022638	0
135.38991120204	24.501656633949	0
135.82368989022	22.661758028499	0
29.263869034949	70.079205453601	0
28.458420179326	68.860453569391	0
29.499058131072	68.452157669458	0
30.152253493348	71.123811094741	0
31.440387985315	46.050892245591	0
29.848400065505	45.923297123786	0
65.991054355929	33.829823907702	0
65.784903417896	35.561750869054	0
64.793849061968	34.565047138281	0
19.255983375016	70.190572118531	0
18.350933039278	71.573158669923	0
17.613968030347	70.376171930441	0
88.450337633355	28.886993991111	0
89.730988323917	28.328730402387	0
89.65576290405	29.421051858795	0
32.706097309017	70.268261177351	0
33.956097309017	69.787983211632	0
33.75	71.118383253929	0
38.104700478403	69.552229270961	0
37.139202633402	69.998319983028	0
37.743903111805	68.551725261798	0
36.010690635421	68.261747188456	0
35.889202633402	69.817960631038	0
35.121488002019	69.081891845629	0
41.09051829864	41.391666089607	0
41.665027505312	43.272158033349	0
40.574509206672	42.844019062131	0
105.30437111334	27.031712976585	0
104.58871020332	25.945356401724	0
105.71566091001	25.202918216303	0
89.480908785988	30.833094321689	0
89.480079444595	32.52287431897	0
88.374282872094	31.6690954448	0
36.387623571178	52.023511926127	0
34.775006982906	52.791104838294	0
34.672102444708	51.526804362046	0
31.402253493348	70.634785386658	0
31.25	72.087686927731	0
142.79471478615	22.026706288228	0
141.35468869085	22.665210416368	0
141.56873390472	21.52563328486	0
41.25	40.231020267112	0
42.34051829864	40.65915923833	0
10.587129243546	74.784985878115	0
9.5536438757	73.380105891349	0
11.11249005326	73.121923701772	0
76.560502869631	41.283828094669	0
75.571543003576	41.732074481833	0
75.024443720374	40.794178530998	0
93.617046010899	51.09099208667	0
92.813625561775	50.327173216275	0
94.517376931162	50.444224803283	0
2.5499793441826	72.164103764696	0
3.3729889686361	73.027262485553	0
2.1228370273579	73.580358720857	0
18.597612618431	48.453182457762	0
19.46067808763	49.37228051473	0
96.21776754782	28.702136825461	0
94.791254511355	28.602897774919	0
95.716081151866	27.757244998249	0
1.25	85.720141517763	0
0	84.7172	0
1.25	83.720141517763	0
74.97621897785	31.153573917191	0
73.75	29.836878275367	0
12.322987710553	76.406451252144	0
13.572987710553	75.762944554197	0
13.75	77.642592117804	0
96.243939837204	30.211209733792	0
97.168766477714	29.365556957121	0
15.907911455385	72.946948238698	0
14.299683819149	72.567125184687	0
2.256947831709	55.700455592399	0
1.006947831709	56.697514074637	0
1.25	55.720141517763	0
9.9663946041016	52.568826972705	0
11.178754250361	51.832642218519	0
11.663366131142	52.763125670822	0
161.14278069771	19.867401897182	0
159.67208671636	20.095577920773	0
160.7649292697	18.844336087774	0
11.402783099938	77.720829857873	0
11.25	78.945603814525	0
10.152783099938	78.380334856648	0
24.361558943936	71.52870115748	0
23.75	72.644511129019	0
40.159130301001	62.117163356694	0
41.420021288207	63.028809854963	0
39.944419452933	63.741915588735	0
188.40641594457	8.4450440155377	0
187.45839216401	7.565050783176	0
188.44802378057	6.5903370413581	0
42.685375379978	60.74078948922	0
43.272529129807	61.644944924432	0
42.221885886104	62.308213058133	0
40.366662420257	66.533382757392	0
40.0843123021	67.643403422679	0
38.991751074964	66.995613884443	0
87.023912515361	54.281206222952	0
86.25	55.689148261542	0
72.722068302226	59.033989778438	0
73.75	59.836878275367	0
70.25465778494	59.967872921409	0
68.979584486141	60.213058679753	0
69.234242271081	58.896861888942	0
51.25	66.385434452706	0
50.333816950274	65.409378403541	0
51.583816950274	65.089038280455	0
39.354700478403	69.53458083406	0
38.75	70.98117555529	0
16.427012289447	48.235226285516	0
16.25	46.35557872191	0
17.677012289447	47.591719587569	0
78.583473012907	48.914579573345	0
79.18992308512	47.666931969313	0
80.15050589463	48.905060929902	0
63.75	33.167746760933	0
63.543849061968	34.899673722284	0
93.75	56.062476450919	0
92.717426408976	55.068620611595	0
93.967426408976	54.64590191814	0
92.424073729732	52.312993289239	0
91.896100044385	53.928185668433	0
91.385320956165	52.589132878856	0
90.000086505868	53.5559701251	0
7.5637899720149	52.3614723389	0
6.3137899720149	53.251431897829	0
6.25	51.839006512123	0
97.781566492943	53.434414359287	0
96.577865474848	54.127038289329	0
96.859431967791	52.767132278062	0
169.71894105582	38.686943234767	0
170.94010934409	38.102323540852	0
171.50651642095	39.315545040873	0
82.248756003777	53.212863716821	0
81.183420271288	51.963500693169	0
82.988697041193	52.199570950268	0
81.25	55.509174882033	0
80.221739616936	54.442036128212	0
81.471739616936	54.043932213542	0
182.58814522318	11.758589296996	0
183.49956827814	10.260488609539	0
93.75	26.062476450919	0
94.6447840577	26.648881852585	0
93.3947840577	27.07160054604	0
48.93419291964	65.077090464142	0
49.268009869914	63.780694291891	0
164.91816720087	17.743748256568	0
165.79871829338	16.638078924834	0
166.29718215995	17.580104344758	0
44.142575737536	66.877344129099	0
43.229611823697	67.607336004454	0
42.372187561232	66.451180420273	0
55.23915421369	61.159650075159	0
54.187834607867	62.381380406132	0
53.825967522775	60.969337943238	0
36.25	40.818464640201	0
37.171893865441	42.084206664174	0
9.5950798792184	57.066497256598	0
9.0314984056981	58.59547995689	0
8.7040455791991	57.606422046868	0
46.25	67.689977267622	0
45.277028056187	66.595547779296	0
61.583816950274	62.526317295771	0
62.163835652936	60.475853956993	0
61.25	63.822713468022	0
60.333816950274	62.846657418857	0
112.40865857279	26.78443587162	0
111.56473054134	27.56229016818	0
53.75	65.744754206535	0
52.637323958476	64.128081301916	0
53.887323958476	63.80774117883	0
56.748492414713	61.725155256512	0
57.697981765322	62.831175906125	0
56.550510649391	63.677713187666	0
59.281798715596	61.214439610788	0
58.947981765322	62.510835783039	0
131.27622829019	25.169322733411	0
130.04561143795	25.875657266027	0
130.03620511143	24.479635249755	0
41.25	70.231020267112	0
40.604700478403	68.802073982783	0
81.2461162208	30.409653499292	0
56.25	65.104073960364	0
55.300510649391	63.998053310752	0
71.287143806052	57.00138940547	0
71.726726087166	58.200190133245	0
70.069733288766	57.452875402823	0
68.643469154402	33.529839073893	0
68.75	31.674429069597	0
69.893469154402	33.139479716516	0
74.134796608618	34.555402809667	0
65.813231263364	56.179113906817	0
66.41357024214	57.300094165284	0
65.14955891467	57.161245350604	0
100.49779653122	52.871445305549	0
101.74779653122	52.771706233856	0
101.25	54.415778856521	0
67.241054355929	33.445658032725	0
66.25	32.448954301952	0
98.75	24.654919149384	0
98.415926303285	26.308114674324	0
104.20927257696	31.621781142772	0
105.59877040543	31.890302243514	0
104.87099783147	32.872751759707	0
23.794001389349	46.272473631747	0
25.021116566601	45.600146002788	0
25.037061728501	46.914841977892	0
115.31006612244	25.821688063531	0
116.25	23.999656080232	0
116.56006612244	26.026262909903	0
131.88341098183	22.52078966666	0
130.63341098183	22.529212104141	0
131.25	21.276701053663	0
130.21067599825	28.316063977849	0
129.70342026912	29.22808409796	0
128.79433643902	28.125386365731	0
135.55424194392	27.526289054024	0
134.1578499011	26.76674088412	0
135.52883466646	25.90962587399	0
129.38341098183	23.219799493259	0
128.15279412959	23.926134025876	0
128.75	21.975710880262	0
45.005091348312	41.991000609365	0
46.206240980386	41.621237047681	0
146.26940120984	18.152511141428	0
145.01940120984	17.449339909085	0
146.25	16.724376239846	0
16.543353893558	49.98150455068	0
17.900276489091	50.499429298989	0
16.589605803756	51.009566698493	0
147.69098157177	20.364154159902	0
148.53330743288	19.169820763098	0
149.15767413889	20.02822333368	0
131.86383867755	49.616003445008	0
131.25	51.276701053663	0
130.61383867755	49.624425882489	0
149.77487335223	21.298264564048	0
150.61719921334	20.103931167245	0
146.05270864272	19.191613199993	0
146.4457591891	21.129246531258	0
145.43185296606	20.815108141931	0
38.148581411873	42.660219352246	0
38.75	40.98117555529	0
39.398581411873	42.642570915345	0
36.636120846044	64.298046849642	0
37.466449559108	62.982182248824	0
37.853199752663	64.146133691284	0
62.030184336972	42.29225642671	0
62.461770896813	41.107287468098	0
63.944919594106	41.746017749938	0
132.70903862017	25.857711226885	0
132.69963229365	24.461689210612	0
103.33871020332	26.045095473417	0
103.75	24.216300713135	0
29.819484029124	67.364866074499	0
181.13674681851	10.936968556694	0
181.56236002111	11.877882805582	0
180.39159078033	12.253291565581	0
118.03183724376	25.632048872601	0
118.75	24.288264218604	0
119.28183724376	25.716082164602	0
110.72603094889	24.933926529977	0
110.21309875356	26.770831465049	0
109.48706780466	25.55451028974	0
106.96566091001	25.10317914461	0
108.23706780466	25.654249361434	0
107.70272871468	26.840345007988	0
114.49269374634	27.633459465578	0
114.1826276239	25.606852635907	0
83.277016386841	54.280002470641	0
83.75	55.314756457512	0
109.26293219534	51.98043949129	0
109.79727128532	50.794343844736	0
110.53433908999	52.531509708114	0
32.874443360826	67.592121481218	0
34.039834053828	66.886030115214	0
34.077585311036	68.23176976905	0
58.552674155887	38.027158142391	0
57.528429336311	36.629433989301	0
26.462828513014	63.948804000498	0
26.773023118643	62.337838864982	0
27.941249780576	63.237678191074	0
123.28734229311	25.554063405443	0
123.75	24.20773947873	0
124.53734229311	25.393796974328	0
117.0919033662	27.454080855901	0
125.73573953498	25.052963386127	0
125.27308182809	26.39928731284	0
111.97603094889	24.834187458284	0
111.25	23.617866282976	0
101.25	24.415778856521	0
101.997235995	25.89785654213	0
121.90848911635	25.615029494883	0
122.69583140946	26.801086990481	0
151.25	18.841590975303	0
151.86719921334	20.111632205671	0
158.02969301807	19.845670116116	0
157.1325753739	19.225496523849	0
158.39711764417	18.452338519098	0
183.75	6.8436289931171	0
184.8458102485	8.2126423437299	0
183.5958102485	8.5904040717701	0
176.26763068673	13.792613744696	0
176.11233557211	12.617980538515	0
177.41238602986	13.021027421593	0
181.25	7.5991524491977	0
182.40375802964	8.8914752589261	0
181.15375802964	9.2692369869663	0
77.558967526982	32.70594497041	0
79.041506694875	32.15150997207	0
79.418624775768	33.456120592031	0
112.9326276239	25.468375624618	0
113.75	23.656604222571	0
179.98298878887	9.6446457469658	0
178.73298878887	10.189275978214	0
178.75	8.5215444084864	0
192.18688813283	6.4022125867391	0
193.35246339117	5.8855254936244	0
193.039351524	7.556125883261	0
173.56359658444	18.54466513921	0
172.88672424851	17.027589185797	0
173.86584853597	17.500271953297	0
199.06537206066	31.926358302837	0
199.06537206066	30.176358302837	0
200	30.698863395457	0
154.10414319038	47.136389676217	0
154.57412868365	45.530112384971	0
155.46998549327	46.734451179035	0
127.75099371438	51.644033253892	0
129.00099371438	50.953445864774	0
128.75	51.975710880262	0
158.75	17.42039404628	0
159.64711764417	18.040567638546	0
181.842989185	13.074912305883	0
193.75	4.5070573678357	0
194.60246339117	5.6609706643575	0
198.22868601425	9.6937898634819	0
197.28508685531	9.1127143010796	0
198.10135491135	7.8677878330547	0
152.2451986443	44.780767526021	0
152.35306440914	43.712064616466	0
153.3161521456	44.863347972599	0
141.21737085965	42.915881731154	0
140.2264487903	42.551685456155	0
141.47045081019	41.792141273857	0
186.20839216401	7.9428125112162	0
186.25	6.0881055370366	0
168.75	13.190522576509	0
170.03058890881	14.48793723735	0
168.78058890881	15.013228552298	0
85.895057031535	30.411893508587	0
87.09648174352	29.416440197572	0
87.173687501503	30.974768758535	0
50.782868179126	39.565110858581	0
49.871885624928	38.609347676096	0
28.75	42.589872133346	0
156.25	18.086446698556	0
155.8825753739	19.479778295573	0
154.51339159301	19.767471206113	0
155.39596696691	20.906521031406	0
161.25	16.441963658521	0
162.36781162552	17.245732107749	0
161.11781162552	17.812391614956	0
26.25	72.61619112841	0
25.608599115942	71.064876662543	0
26.858599115942	71.051717165011	0
178.61153424648	11.579385766053	0
177.37854545762	10.456284427573	0
161.25	46.441963658521	0
160.05100079647	45.459102700969	0
161.30100079647	44.892443193763	0
135.04198389377	47.279119362717	0
135.27349063001	46.197418952153	0
136.13266802121	47.463725108285	0
48.621885624928	38.929687799182	0
48.75	37.026114698877	0
172.30266103543	12.645714863949	0
171.05266103543	13.249235000726	0
171.25	12.061711124783	0
163.82612715924	18.650966870338	0
164.39458036534	19.904923609065	0
162.80407645714	19.87011680291	0
174.98379011449	11.822873376113	0
173.73379011449	12.423878924812	0
173.75	10.857185439307	0
22.713399361177	46.943024290268	0
68.75	61.674429069597	0
67.729584486141	60.60341803713	0
166.94196284166	19.1377440011	0
167.49273011338	20.682125429696	0
165.96739833917	20.230155105088	0
174.14284854902	38.469176770567	0
173.66510533675	37.521046105492	0
175.08026917655	37.2592975291	0
51.72114090875	63.15202525275	0
153.26339159301	20.021752977837	0
77.340924723044	29.520217618929	0
78.554677962466	28.911095307364	0
78.39560268551	30.792212038883	0
125.97210317477	46.527253473547	0
126.9753465313	47.761206818996	0
125.98069016956	47.545083041208	0
122.23779167307	51.574939443515	0
122.05674926819	50.162896980621	0
9.6669246329308	76.099364483843	0
8.8471103042978	77.450128680466	0
8.2084687373523	76.393932264314	0
143.60190817783	45.136617466074	0
143.75	46.784411346956	0
142.35190817783	45.899823805527	0
125.02300372844	52.039891300652	0
124.21265770689	52.861415552018	0
132.70524192884	46.98827074021	0
133.87177374614	47.14847130995	0
132.39420917241	48.123928843575	0
134.73095113734	48.414777466083	0
106.25	24.016822569748	0
149.57360002618	44.442100351297	0
150.60026523806	44.84157455131	0
148.89175435641	45.65419073272	0
125.45412423298	27.811329775734	0
124.25572699111	28.152163363935	0
134.28037049485	49.877204953251	0
133.75	51.369279554683	0
133.03037049485	49.776204014748	0
136.25	51.312707695796	0
135.45058064248	50.007853006018	0
81.892020230165	31.768951432479	0
80.255259934297	31.542387660504	0
8.6943272043596	78.674902637119	0
8.75	80.277077883247	0
7.4443272043596	79.346871707065	0
126.27300372844	51.349303911534	0
126.52399744282	50.327038896046	0
106.77396905111	52.700762322746	0
107.28690124644	50.863857387675	0
108.01293219534	52.080178562983	0
189.69802378057	6.2125753133179	0
190.93688813283	6.5138166646458	0
190.63491191339	7.7715716250478	0
192.33470510734	9.3656441135492	0
191.47003367805	10.302593714343	0
191.00910483637	9.0097625771696	0
102.28654631739	50.743950395605	0
164.47615800912	40.345539592336	0
163.46812035054	39.421203722187	0
164.52133023856	38.978610116593	0
96.25	55.217039064009	0
95.327865474848	54.549756982784	0
99.031566492943	53.295013138117	0
98.75	54.654919149384	0
47.24620042621	52.526229458618	0
47.44355828268	51.532391540113	0
48.154428845846	52.975434389059	0
147.68254457227	46.341132002448	0
148.70920978414	46.740606202461	0
105.52396905111	52.80050139444	0
106.25	54.016822569748	0
116.87571098437	52.678070748956	0
117.56262633518	51.799093028786	0
123.75	54.20773947873	0
122.96265770689	53.021681983133	0
111.78433908999	52.431770636421	0
112.33802632505	50.591613805486	0
113.05368723507	51.677970380347	0
119.96204931699	51.960398158437	0
37.866135998203	66.783816420916	0
38.148486116361	65.673795755629	0
91.718206797306	27.673991707222	0
90.468206797306	27.519203410609	0
91.25	26.33040684776	0
188.75	5.3325820809561	0
16.510218163744	73.854326461154	0
17.311224402968	72.66613670429	0
63.289730459533	36.467531630304	0
64.566009832581	37.33765347199	0
63.268042168179	37.508211002663	0
89.571412870458	54.541616771648	0
88.75	56.017736563284	0
88.321412870458	54.383734783785	0
173.53645114992	13.611402800755	0
174.07827821452	14.68638143075	0
172.64714913545	14.908217369888	0
138.18208737872	47.866700495064	0
121.32808936716	33.355481185828	0
120.18205746202	32.724368911035	0
121.39436021462	31.879049086044	0
167.82251393416	18.032074669367	0
50.850073913619	59.115491143987	0
50.510071710436	57.776081664967	0
51.784180944593	58.165514237149	0
163.5540099409	23.820133185968	0
163.55186128165	25.134933352038	0
161.70575414366	24.474514587039	0
178.75	38.521544408486	0
177.57331540814	37.527668812955	0
178.82331540814	36.983038581707	0
25.632088452877	44.435932487438	0
26.25	42.61619112841	0
100.96095824508	30.009884727298	0
100.42091517503	28.745529398458	0
186.5476888604	32.668703359128	0
186.12095637972	31.256660896234	0
187.5579580936	31.388158195751	0
26.378601287616	47.653681522182	0
27.532535449578	46.83336348637	0
27.646959831441	48.244530659619	0
191.25	34.843216275009	0
190.45837533412	33.032770805313	0
191.70837533412	32.921166727406	0
193.14001310677	29.379110202995	0
193.56541959491	27.95369260115	0
194.69098723922	28.74325831971	0
188.99234528714	33.877510505781	0
189.45072062126	31.955460958178	0
76.334547469438	56.565533387152	0
76.25	58.49679100858	0
22.105351039482	49.424872590051	0
22.697207665213	50.716548364625	0
21.659188222096	50.564869652859	0
51.110649310249	40.844146434758	0
182.78162180878	35.896283746429	0
184.03162180878	35.518522018389	0
183.75	36.843628993117	0
181.26908840896	35.645778497275	0
181.55071021774	34.320671522547	0
116.82397548503	44.193411242377	0
116.9169368584	42.797893630167	0
118.12146471679	43.578987445033	0
67.518205781558	57.730005184392	0
66.854533432864	58.712136628179	0
147.07012589511	21.98764910184	0
148.33663746487	22.653079857824	0
147.0914150822	23.418172229181	0
149.95920978414	47.443777434804	0
148.75	48.130718704533	0
151.20920978414	47.451478473231	0
151.25	48.841590975303	0
111.25	53.617866282976	0
188.75	35.332582080956	0
187.74234528714	34.255272233821	0
53.75	35.744754206535	0
55.225073206392	37.237475061099	0
151.56335297452	45.992857907443	0
152.85414319038	47.390671447941	0
91.678673635409	55.344760201212	0
91.25	56.33040684776	0
90.428673635409	55.189971904599	0
163.1362715856	42.04977702213	0
164.43218316613	41.534018135072	0
164.14550663062	42.795661959273	0
154.68199444849	44.461409475417	0
186.25	36.088105537037	0
185.05534357326	34.501536662343	0
186.30534357326	34.123774934303	0
176.25	39.661177265171	0
175.27900619441	39.231804042391	0
176.52900619441	38.636801416955	0
153.75	48.595010242005	0
159.19059982919	44.655183979714	0
159.13959903272	46.204704444472	0
171.0368269597	19.499406993471	0
171.52171104244	18.301442356969	0
172.09958821424	19.269947008213	0
142.75438000001	19.217373421564	0
141.50438000001	20.119252724563	0
141.25	18.449496989408	0
173.86384235461	39.493552618783	0
173.75	40.857185439307	0
172.61384235461	40.094558167482	0
168.75	43.190522576509	0
168.84290481309	41.661686207879	0
117.63745219438	50.686054115487	0
118.94865656081	51.333236572964	0
170.14267406634	41.282697998174	0
168.98557887943	40.279152944493	0
192.7829845229	33.529582768435	0
191.99135985702	31.719137298739	0
159.4579495698	25.866257683861	0
158.52948840706	26.476771143415	0
158.67114754917	25.081586163192	0
31.25	42.087686927731	0
98.23722339745	27.839196513443	0
99.339605483317	28.916647237789	0
98.244976274197	28.933934773137	0
28.787319842727	46.134825373007	0
52.449415532365	60.84799599519	0
53.500735138187	59.626265664217	0
117.98617726001	28.661727478343	0
119.32106056466	27.971638553062	0
118.74356333714	29.573499212806	0
65.313011844642	54.909972333116	0
66.577023172112	55.048821147796	0
79.263585407737	55.046435344379	0
79.485325024672	53.581192675888	0
64.672228560288	60.005057127354	0
64.704967649384	58.841836138225	0
65.71715880435	59.445446598199	0
68.794659989967	57.698061161167	0
77.333964362548	56.649962584309	0
76.168511831986	55.576395084051	0
80.73370856556	50.551458230275	0
79.993767528144	51.564750996828	0
41.979611823697	68.339842855731	0
43.75	68.766006564558	0
48.439414240032	59.701557049022	0
47.179564291138	59.268209411304	0
48.316114730567	58.292710934088	0
101.10071716162	49.542679133205	0
102.39167041657	49.059256845926	0
104.81271883728	50.872484627882	0
104.70005019372	49.460442164988	0
105.93526945866	50.072398684544	0
130.29361339243	26.889355497652	0
129.05359021367	26.199668013996	0
127.63853366458	25.622211753505	0
126.98573953498	24.362375997009	0
136.25	21.312707695796	0
137.07368989022	22.504185231109	0
126.25	23.356885658498	0
121.7326795165	28.392556443502	0
121.11341372105	29.403235047304	0
120.69771243725	27.872731683723	0
121.25	24.370151710225	0
120.65848911635	25.617175295263	0
119.94032636012	26.96095994926	0
108.75	23.817344426362	0
106.53479341618	27.586053405522	0
105.40784270949	28.328491590943	0
189.55747686029	27.358132414492	0
188.5453278595	28.388228863771	0
188.61316851009	26.75654215651	0
187.6534224922	20.593165204811	0
188.89144700448	19.552567304861	0
188.63794601091	21.215953588794	0
184.08696538204	33.554191415655	0
189.02398814058	30.543418495284	0
178.84240381711	35.029664629785	0
180.01908840896	36.023540225316	0
178.30686890403	31.029782933619	0
177.96687401834	32.215547930706	0
176.75616008102	31.9793130633	0
176.12854545762	11.05128705301	0
175.64649651314	14.801609324512	0
174.75719449867	16.098423893645	0
196.57188841434	32.747748208807	0
196.25	33.866447838849	0
196.887260475	31.724478244351	0
196.38353184288	30.779598134508	0
197.6270154892	30.458973100374	0
196.57937555573	4.8625447899137	0
197.65825343194	6.3646496559556	0
196.0788778762	5.7846074046106	0
196.25	3.8664478388487	0
197.82937555573	4.4464900901936	0
175.39577051528	29.236258623794	0
176.74511073687	29.611007115839	0
175.74681474511	30.418799574168	0
163.45985166715	16.338513493979	0
163.75	15.312993107539	0
164.70985166715	15.776202450204	0
161.71123390381	21.121358635909	0
166.25	44.23324797761	0
165.22070910557	43.515292567989	0
168.41917180257	39.065931444472	0
165.65185717368	35.279256239682	0
166.43184761505	36.111448063242	0
165.71904535746	37.001864404849	0
175.5093455798	34.738122462207	0
177.03139800581	34.577120523282	0
176.12457839028	36.150164925101	0
153.75	18.595010242005	0
149.79616253932	22.728787691389	0
116.25	53.999656080232	0
115.62571098437	52.473495902585	0
120.03687517619	50.847359245138	0
114.30368723507	51.816447391636	0
113.75	53.656604222571	0
114.92939821944	50.49486206036	0
119.94102311321	49.605301387347	0
120.95441586939	50.23246297282	0
157.88959903272	46.616475325024	0
156.71998549327	46.48016940731	0
157.10958452599	45.264479805503	0
162.00746858576	42.456677087316	0
161.47579832151	43.61050154127	0
160.63367185719	42.755757782256	0
56.278429336311	36.949774112386	0
56.25	35.104073960364	0
61.584874255541	40.416352980495	0
63.499609512675	39.870114303723	0
51.531610647091	42.260621015075	0
50.164732586699	41.929395356718	0
48.75	67.026114698877	0
50.335305723798	62.816203616933	0
51.388812732	61.855246638393	0
58.75	64.463393714193	0
60.335305723798	60.253482632248	0
61.831507476185	59.179075342635	0
34.511796610288	46.296659835673	0
34.033003887006	45.050525415978	0
33.103464449317	49.874417219472	0
33.843899931808	50.635328080529	0
32.319050373945	51.533486413156	0
108.75	53.817344426362	0
110.96520658382	50.048635447202	0
112.2345547289	49.294835191128	0
71.50465778494	59.485475775791	0
72.474529636237	56.531846375431	0
73.587008803449	55.403477250932	0
76.852093630994	34.69959729872	0
75.360269804907	34.17065285585	0
76.444261781787	33.481611147502	0
87.278728567161	51.714170258138	0
87.84532538582	52.805086431316	0
110.32576739711	28.182873927943	0
107.80620031083	28.137123622346	0
103.75580164051	30.323857791846	0
104.55723277878	29.206741394292	0
181.25	37.599152449198	0
182.67134495336	33.274398157344	0
183.69506671784	32.257412801298	0
193.53671370915	8.7917618902643	0
193.99764255084	10.084593027438	0
192.32636322478	15.962025238494	0
191.34233724121	17.496404076802	0
190.86793792334	16.109436282316	0
200	4.448863395457	0
199.07937555573	5.9457252183579	0
199.07937555573	3.9457252183579	0
163.32766329267	17.708941450414	0
166.08886662623	15.612558538394	0
160.87892047365	22.139179075575	0
162.54021623308	22.141893981303	0
157.05239607517	22.03087058376	0
158.40754444609	20.868735925524	0
158.69478977346	22.280778388418	0
171.39267406634	40.679177861397	0
172.13473947074	37.497689564523	0
173.07216009827	36.287810323057	0
155.68321229428	22.3185634943	0
156.12112851816	24.877221652403	0
155.91960602622	23.752628364357	0
157.54116389449	24.5675063347	0
153.8137877814	41.749484662535	0
154.24789111494	43.105447068976	0
152.9899145769	42.438682656603	0
138.38804379493	23.008686488406	0
139.38858437985	23.620802127069	0
137.64792036537	24.465351202475	0
46.323166351645	62.890958636007	0
45.166001488192	63.745553382417	0
48.935681693163	62.483915677534	0
48.025641409802	57.05916493186	0
49.285491358696	57.492512569578	0
58.949470538846	59.917660996431	0
61.033940344337	58.108298869527	0
62.862470273475	58.330670194271	0
66.592209857627	61.336728007151	0
66.25	62.448954301952	0
65.342209857627	61.720893882128	0
109.69379968917	49.497565230378	0
115.85483163251	30.479295260746	0
116.72439483301	31.038767659524	0
115.17054643303	31.254474782183	0
116.70969707375	50.22057676817	0
115.44491051818	49.624640872097	0
115.90318562318	48.693307068958	0
71.25	60.801672566602	0
68.353696799243	56.286018698273	0
71.574218301315	53.412064741695	0
72.417523209176	52.521920911272	0
72.848227575884	54.424844784548	0
77.847549770285	54.923208086631	0
77.07871526602	54.091191616746	0
77.758336311209	53.353575422169	0
84.237010713863	52.326014393063	0
85.483906842383	51.952826341345	0
86.892490469951	49.934608863075	0
86.214810378822	50.964438729	0
85.097668745173	50.173264946282	0
106.01786538059	30.868112265399	0
103.65293772601	48.643736848337	0
102.46710857024	47.442465585938	0
178.22717100663	33.61762216689	0
181.15881155355	33.02389290819	0
183.16219230174	29.818887077655	0
183.55540770902	31.10843878513	0
181.88623088188	30.688067835511	0
191.25	4.8432162750092	0
189.7702404841	8.7085212258417	0
188.78060886755	9.6832349676595	0
166.25	14.23324797761	0
167.33886662623	15.095124452241	0
168.61945553503	16.392539113082	0
169.26423621674	17.950178769424	0
171.25	42.061711124783	0
167.82578488889	37.653888981578	0
172.31906033946	35.48441904303	0
173.84942620547	35.507775583999	0
176.60232160256	37.098295590175	0
149.78746318471	24.140830154283	0
144.41683175623	21.819935314958	0
144.02378120985	19.882301983693	0
81.340158637774	49.303810626243	0
89.923431346285	35.960474292877	0
88.631125317706	36.51858226766	0
89.593365212522	34.941583031444	0
105.78765508162	29.761081823229	0
101.52180656976	33.716708604343	0
102.2868414261	32.29344380575	0
102.71646514665	34.027495457558	0
195.14263515031	10.841467979786	0
193.9406265485	11.415350203071	0
188.08569219061	10.57090416492	0
187.64432185551	11.917365997767	0
88.045013142829	49.49701161998	0
89.996844411785	49.621090546914	0
109.03959516343	28.781408236962	0
103.02802906654	31.30630730804	0
196.22948660094	12.924279157897	0
196.24901855309	11.555470743463	0
197.39288600605	12.30752474594	0
196.14108583403	14.493957874544	0
196.71964720331	15.293380712794	0
195.48737898344	16.111005426965	0
190.54140114598	11.114834961594	0
179.78688462777	24.666089498895	0
178.89013369269	25.505305466977	0
178.63012238246	24.069309176759	0
116.51440613868	29.055941515645	0
104.77909609452	46.214887016313	0
103.65289272637	45.843486961952	0
104.7036129412	45.031428389917	0
194.70228896749	8.2750747971496	0
194.05952495007	12.479985887992	0
189.44951673015	10.834381375224	0
187.17890337601	13.374395805889	0
186.47933377785	14.527594892563	0
185.83447405966	13.265880509722	0
107.06120426732	34.524961587512	0
108.47332213662	34.431522194963	0
103.23092266466	35.094697601176	0
103.995957521	33.671432802584	0
110.39122695121	29.572866940093	0
110.3972015872	30.993999292718	0
111.68337382088	30.395464983699	0
196.17870345253	8.3987115374027	0
195.68134126737	7.1630755303993	0
196.30603455543	10.22471356783	0
193.38039076054	14.943320016361	0
192.44269732953	13.681402032286	0
193.97112418316	14.049664604639	0
194.77773286109	20.394671229251	0
196.05663416682	20.09028547744	0
195.45284625442	21.723363843472	0
198.5788778762	6.8677878330547	0
199.52247703514	7.448863395457	0
198.9924229371	15.448863395457	0
197.67909996404	15.062598277915	0
198.68667702695	14.062598277915	0
189.83786350056	14.605583816369	0
189.38106598954	13.459533966977	0
191.3951663959	13.429007594616	0
188.28918157371	13.179080380607	0
194.99721838107	13.741903872067	0
200	11.448863395457	0
198.7062089791	11.693789863482	0
198.7062089791	10.693789863482	0
197.83110835017	22.558920743559	0
198.36587378007	21.683920743559	0
199.4652345701	22.823863395457	0
189.84648446905	12.002504158854	0
200	13.448863395457	0
198.68667702695	13.062598277915	0
200	16.448863395457	0
198.9924229371	17.448863395457	0
194.95467878988	31.10688960002	0
195.69443380407	29.841384456042	0
197.02539311346	16.679645830336	0
0.64991370145221	73.7172	0
1.4729233259057	74.580358720857	0
44.416112295147	43.430744225969	0
45.366439742558	44.312911425425	0
44.316013964559	44.723540245963	0
43.868870751463	46.158192409021	0
42.918543304052	45.276025209565	0
4.8455540778968	53.817423192881	0
3.5955540778968	54.814481675118	0
3.75	53.726024553289	0
8.8076472334482	72.229934046538	0
7.8271606980142	71.631666321278	0
9.0985181499808	71.118775989747	0
18.609594415612	65.307639688172	0
18.808562386149	66.536436800773	0
17.374374008968	65.461786190718	0
25.977210952921	66.752163192552	0
24.551142428016	67.869780807292	0
23.860907593312	67.115785441513	0
127.85286938837	31.87902385116	0
129.23201230519	32.729668476097	0
127.6770095924	33.185297740054	0
142.26335362348	25.061493205613	0
143.01412564839	26.405765227288	0
141.7337583447	26.191392671378	0
118.19682346585	48.395917672163	0
119.12457858649	48.86139501948	0
118.09572729938	49.754720312348	0
129.61483239193	49.292748256119	0
144.80551769016	44.781447773165	0
146.23806226243	44.398203535767	0
146.43254457227	45.637960770105	0
143.40742586799	43.896860231737	0
146.04486323133	43.313632086696	0
147.67189011343	44.170145083635	0
146.25	46.724376239846	0
149.38040099508	43.357528902226	0
12.188954685523	53.784701654542	0
12.914379713597	54.709651722832	0
94.516537051895	48.91570460967	0
95.319957501019	49.679523480065	0
81.773256204738	34.260661794713	0
82.285322470179	33.302439618208	0
83.157414731255	34.66141581923	0
31.508094486517	65.263982097755	0
31.891025443208	66.871354095566	0
30.562427826107	65.888954365939	0
33.7959956035	65.584687929111	0
32.713511845871	64.985833593748	0
33.672815345753	64.324139695477	0
34.99913755371	66.224336216943	0
36.900638153202	67.229907132984	0
27.220214657543	69.99395202634	0
26.442322009754	68.503280628738	0
27.445338435414	68.996829955933	0
40.239705816631	65.26957765308	0
38.978814829425	64.357931154811	0
44.181547874153	64.184982169328	0
44.419603793723	65.439392195115	0
43.047095555502	64.466778519132	0
6.5502936383435	80.17999270365	0
5.9009402089523	80.91913955874	0
4.9512338472959	80.150085309196	0
8.9396826714459	65.386510225598	0
10.225273564768	66.982782499462	0
8.6975772285831	66.933261342221	0
91.043777547818	49.065673207481	0
96.691965183086	51.64127601085	0
96.736719510111	50.253248237482	0
98.107887312911	50.686480574653	0
99.574117351193	50.262912742085	0
99.529363024167	51.650940515452	0
114.9605577387	29.271648638304	0
184.00183942429	13.687349196846	0
184.61456260926	15.895958140039	0
183.39106228629	16.547390089806	0
183.91140413853	15.070511546164	0
148.58109200533	42.161831155479	0
150.48280191808	42.433786423141	0
156.25782959126	42.784006311588	0
156.69193292481	44.139968718029	0
155.50586765299	43.772211481349	0
98.458521103091	33.81303226392	0
97.201629963617	32.236616674581	0
86.909207499257	47.087229950547	0
87.241905612168	45.586071767113	0
99.679241450363	48.578219192406	0
97.780580039447	38.171993283699	0
96.248315163711	38.572533155595	0
96.407061009446	37.240674333473	0
105.40733230044	36.176258013802	0
106.18616395686	35.323642630388	0
107.08308121828	36.761265697989	0
132.73444589764	27.474374406919	0
128.84747640552	30.230400536522	0
130.26381596476	30.42107814864	0
140.06435390471	20.757756852703	0
138.81435390471	21.659636155703	0
138.75	20.253255595406	0
136.78630324486	25.261204803853	0
127.88653561906	26.635909985129	0
127.37927988993	27.54793010524	0
127.38593140224	29.618079792282	0
126.47813058228	28.12860341168	0
123.11153269326	28.331590354062	0
123.29257509815	29.743632816956	0
121.19835455489	30.585498309167	0
122.34438646003	31.21661058396	0
120.16338747564	30.065673549388	0
118.82850417098	30.755762474669	0
123.46083000451	32.060993784664	0
123.26482434478	30.767443007787	0
119.2554898282	33.422482534463	0
119.32176067566	31.946050434679	0
127.94632709788	30.811073842962	0
126.39132438509	31.26670310692	0
122.43001951272	47.585991677084	0
123.38712761723	46.315919959647	0
124.02033870852	47.581201413195	0
124.40901864263	30.58801601766	0
122.91804227578	35.7357487701	0
120.95742648797	35.507886675581	0
122.07640240236	34.428663105337	0
120.24450062328	36.8024832467	0
119.40286074987	35.495397581937	0
116.28328671747	41.510646742176	0
115.10688878159	40.078869575843	0
117.03802815427	40.75169266649	0
123.28870515497	33.583343280347	0
118.43872472731	35.80805427107	0
119.151650592	34.513457699952	0
176.25	9.6611772651712	0
179.19244256371	13.694933221121	0
178.76682936111	12.754018972234	0
175.4340668346	17.615499847058	0
171.08324994424	15.071940976516	0
171.62507700883	16.146919606511	0
197.81537206066	32.427123174673	0
198.75	32.949628267293	0
196.11984029222	28.415966854197	0
193.75	34.507057367836	0
190.75204083608	28.789681803094	0
191.46559806535	29.850132871073	0
190.20319343897	30.050270189732	0
198.56164342854	29.231478192993	0
197.6427764735	28.356478192993	0
199.08113304497	28.073863395457	0
163.75	45.312993107539	0
162.67479752504	44.593362498822	0
163.92479752504	44.031051455047	0
162.29414512127	41.195033263116	0
161.02602596419	39.446262909414	0
162.15482896403	39.039362844227	0
165.48539305414	41.091424529479	0
159.461883764	42.497539773317	0
159.99355402825	41.343715319362	0
159.854237871	39.188044900474	0
153.59463185264	40.64287662273	0
160.65375575741	23.815393562304	0
159.82477342815	22.79485821691	0
87.17285816011	32.664548755816	0
87.171707163387	28.324118741164	0
90.736188299795	33.03517412626	0
89.629562385901	33.871175249371	0
82.68704840091	49.635916332146	0
83.93536207358	49.762359774942	0
83.171674981374	51.076651369412	0
84.820871893107	32.836707856138	0
86.086163453098	33.526298954481	0
84.934772556687	34.392784741068	0
84.35036389511	29.744891109446	0
84.427569653094	31.303219670409	0
82.10384572998	47.989519031773	0
82.946577761245	46.887607530147	0
81.599687998108	46.555501824244	0
84.090220422914	45.679904814773	0
83.343752920175	45.002958557737	0
84.991553313716	45.229273049892	0
84.594378154786	47.113922022302	0
84.613042164709	48.732529909017	0
85.756684826378	47.524827193643	0
167.9465544943	22.095228266335	0
168.92111899679	21.002817162348	0
160.65160709816	25.130193728374	0
160.50994795605	26.525378708596	0
143.75	16.784411346956	0
143.76940120984	18.212546248537	0
137.78684382979	25.873320442516	0
66.821794343768	59.875357617307	0
63.30706153876	56.65007940665	0
64.104628670608	57.720855879758	0
54.662718222887	58.260799302203	0
55.834498352038	57.352502115374	0
68.287510546025	54.550530181673	0
67.787291127303	53.281388607971	0
65.039673033556	53.430871937199	0
64.275881124808	54.56116469622	0
65.148032659592	41.367947196777	0
64.716446099751	42.552916155389	0
72.324203811754	38.084601853519	0
71.95709772912	36.840024496344	0
73.684261344168	37.402716271875	0
63.49560897386	55.328290675467	0
63.222270162773	53.84919027955	0
66.22575798364	52.423673512804	0
67.936245357552	51.925382546681	0
73.476435622483	43.54262857814	0
73.021187860587	42.316589064761	0
74.490731616215	42.46846443154	0
78.266778814681	51.337133743109	0
78.716490520408	52.749176206003	0
113.45989815907	48.203731149982	0
112.08707841784	47.660752791699	0
121.19482702825	45.032163440084	0
120.51124158719	46.911651301415	0
119.90926019401	45.623104517963	0
74.430313711311	54.513333420509	0
74.076531774217	50.539220604991	0
75.975964613448	51.2329807737	0
75.090068967714	51.827798783575	0
149.79957258046	31.913473938157	0
150.71349518006	30.530783765219	0
151.43311051172	31.63304487487	0
139.40373843654	26.759489161771	0
139.14527156756	28.373010075996	0
138.38999408132	26.690987755363	0
187.21074310268	16.932563425309	0
187.04162758801	15.943695670383	0
187.99287860888	15.624977943655	0
182.77833910132	14.338781146614	0
187.16902998727	26.753674835072	0
185.73718847907	27.959288345857	0
185.30519895704	26.92632457514	0
185.69719827165	15.835180374217	0
190.00697901523	15.594451571294	0
189.02295303166	17.128830409603	0
183.78481826801	19.033192943517	0
185.05427385457	18.8307719443	0
184.74487136555	20.491128204136	0
111.48602237473	33.93711164034	0
110.45095890186	35.481728004212	0
110.65428498399	33.361213700195	0
108.56751036778	40.115254475769	0
107.55278845697	42.15607667382	0
107.05829558786	41.139825143139	0
109.09489305804	31.562897662232	0
198.75	2.9496282672928	0
200	8.448863395457	0
199.52247703514	9.448863395457	0
1.1708385901062	79.7172	0
1.8274726291296	78.324470757513	0
2.9983112192358	79.324470757513	0
43.521822311739	40.230199614567	0
42.257352465246	44.28294202619	0
43.75	38.766006564558	0
46.594295604568	43.033279510576	0
6.8490216607068	55.196006559535	0
5.3807857665887	55.761997854586	0
6.1593440499116	54.339889019659	0
94.932845336701	47.145574002419	0
93.924745815715	47.52482283785	0
93.538473530664	46.519393553818	0
18.956765555663	73.886197679185	0
18.75	74.955476227793	0
17.706765555663	74.642793475355	0
19.569534525219	69.172161867654	0
18.953239747637	72.48053689238	0
16.25	76.35557872191	0
15.05345260808	75.567111707709	0
16.30345260808	74.923605009762	0
21.2393109306	67.30784667724	0
21.52744487638	68.792070706256	0
20.331916738573	67.866514327243	0
27.680527531537	67.369782171789	0
27.149250481286	66.17740094246	0
28.162332225198	66.041024555919	0
13.626440318633	74.33097084205	0
12.081385607391	73.49174213332	0
13.561850504919	73.295909286831	0
24.326018650145	68.866902877699	0
24.970158059878	69.964227194081	0
23.078978478139	69.330727372635	0
19.281400579439	67.687937838638	0
17.080676872287	69.039556742812	0
29.436553072433	65.757494076687	0
28.905276022181	64.565112847359	0
140.24066866221	47.727883574737	0
139.09747253824	47.24561985869	0
139.33814120045	45.62212714102	0
142.3325946176	43.204183736751	0
141.08859259771	43.963727919049	0
126.25	53.356885658498	0
127.49296047742	49.70040231253	0
129.10580544059	48.371382330246	0
125.01172713495	48.171719624724	0
126.01497049148	49.405672970173	0
8.75	50.277077883247	0
9.74089136166	50.621726166852	0
8.49089136166	51.293695236798	0
8.4476034983745	54.925668535592	0
7.6690452150516	56.34777737052	0
9.0392932144564	53.636604074807	0
8.5546813336749	52.706120622505	0
7.1054637415313	57.876760070811	0
3.3525019096057	55.791854231992	0
4.0421795204009	56.647971771868	0
37.720904395601	47.437771964323	0
36.656189989709	47.236208079053	0
36.600733895165	45.968347692518	0
36.25	70.818464640201	0
36.132923521819	66.493838347574	0
41.332267043766	65.917367191316	0
35.212094480217	62.479559835149	0
35.502334877936	64.028544719011	0
34.465058705664	63.374009146978	0
41.81020925215	45.717594189248	0
41.067607683894	46.85967154121	0
42.245230957605	65.187375315962	0
42.007175038036	63.932965290175	0
1.1708385901062	81.7172	0
2.6366186427564	81.708578243736	0
1.4657800526502	82.708578243736	0
6.6295753203061	76.332653998043	0
7.4493896489391	74.98188980142	0
151.91896107559	42.356102210025	0
151.11965208584	41.160404463278	0
153.14814577104	36.055049798169	0
151.43143962673	36.725734081874	0
152.22267335155	35.061148071179	0
158.13283039907	42.118630429346	0
156.25	48.086446698556	0
92.612990855007	28.260397108889	0
92.963359954669	31.782014244623	0
94.096763713788	31.301933643323	0
94.063735539021	32.532376898659	0
94.144664518372	30.049680295709	0
95.245040102725	30.800042949745	0
93.642978122418	29.104788468497	0
101.83337048966	30.995520454825	0
96.196039032619	31.463463081405	0
105.38545534948	33.939953903325	0
90.560029344235	41.666360313021	0
91.403081829519	40.684637653379	0
91.772377394974	42.118830286903	0
100.21977060464	30.997021225009	0
100.40045194763	33.005058998332	0
131.20269722254	27.99205322988	0
132.65150850346	28.901082887116	0
137.38978990904	41.946084613719	0
137.89715771161	40.283758791657	0
138.38983810929	41.276644446599	0
117.90193653716	31.453876098098	0
117.21765133769	32.229055619534	0
110.38703992771	32.385495705838	0
128.5228197315	35.946687641316	0
130.00684815641	34.630233693452	0
129.47351537868	36.540978969777	0
121.32768611392	47.655557669282	0
120.04211927968	48.246498747162	0
114.27716209271	34.422294091604	0
115.14611309061	33.553980066675	0
115.54288155604	34.716571941531	0
112.78487104208	32.538149776536	0
112.9951658447	31.255799859865	0
114.0906884299	31.977352300077	0
179.85041754948	16.242574635587	0
181.29450783913	16.607750283665	0
167.13937415089	25.46052344056	0
168.01494436091	26.135706233544	0
167.24493850035	27.143329289026	0
188.03445880466	17.771812309729	0
187.08320778379	18.090530036458	0
162.54041918904	34.081413576817	0
162.97175961603	32.597875013692	0
163.40491501696	33.528291037934	0
165.0061641894	37.944165237427	0
161.91237612011	27.463768246729	0
162.98791369704	26.47942887257	0
163.19668433274	28.15388236619	0
163.95631475303	35.590751091174	0
164.22617374803	37.111973413867	0
158.60469320067	31.004241262991	0
160.10537081331	31.413829209332	0
158.63560028511	32.16834334649	0
165.10045743761	33.216796186441	0
164.66911701061	34.700334749567	0
80.807156717355	45.076168310951	0
80.213890855276	43.915343491021	0
81.849154167294	44.292765502688	0
79.96442468609	46.178079812577	0
92.725709614939	34.780377477715	0
91.703379345539	35.465886256067	0
91.908001510502	33.69796627831	0
87.286758823689	34.220625640746	0
94.032164618222	34.035787222253	0
93.827542453258	35.80370720001	0
87.250561650311	35.291033422819	0
88.337256357322	34.429283224154	0
91.758518569196	32.349665347909	0
91.792672303834	37.37701750245	0
90.974964199396	36.294606303044	0
95.165568377341	33.555706620954	0
89.819542761006	42.682030845359	0
89.45024719555	41.247838211836	0
86.92787150918	48.705837837262	0
96.202730229138	32.825449890535	0
96.171159308339	34.32886021413	0
99.949068444103	35.43880886077	0
100.83007566817	34.73911065014	0
101.07042306623	36.15045846678	0
87.959873010017	37.91181796713	0
87.629806876254	36.892926705697	0
77.357837722632	48.873778380958	0
78.318420532142	50.111907341547	0
78.397391804367	46.18759845602	0
71.836982499357	49.061164705304	0
70.953155698113	48.089312618531	0
72.495227086033	47.54167437952	0
78.069003174085	45.070896404958	0
77.036857547834	43.832385278068	0
78.139747779085	43.460235172394	0
77.041143524406	51.296332550722	0
77.294501573115	46.559748561694	0
76.651015774726	47.883589635138	0
76.322627144444	46.766887584076	0
79.31899167975	43.039842877248	0
80.360989129689	42.256440068985	0
82.974288417902	42.859594721325	0
84.468887170783	43.569787776374	0
82.750487058096	43.842133737807	0
87.796577092967	44.499322961782	0
86.292692297254	44.819470501597	0
164.38632337107	22.802312746303	0
173.07507051247	22.751321319308	0
171.73279587227	21.819842340586	0
172.9569787717	21.399390623438	0
170.04099937368	20.028812985212	0
170.4948237546	21.441915821851	0
160.71871859175	28.199832202217	0
161.09780524234	29.693974433091	0
159.69537707828	28.755584894959	0
158.46962505723	23.956992875147	0
158.52542390431	39.250098455386	0
157.25591426427	39.647518227937	0
156.95957223352	37.812119372901	0
158.5717249276	28.449815777908	0
156.79066252304	28.161342910962	0
157.53522802313	26.972969797138	0
164.83616949429	25.8250474715	0
162.11420527196	31.144609646462	0
162.97870109988	30.591487107579	0
149.47963787289	39.695745977195	0
148.34308325307	40.758111960072	0
148.13922819764	39.215769260873	0
154.26317691795	22.628278812002	0
156.74842600251	26.188298276469	0
155.12686813423	25.373420306125	0
147.28330743288	18.466649530755	0
143.06219524973	24.22107459063	0
144.20278654236	22.959512446466	0
144.68431221981	24.01430361736	0
145.98229553713	23.991166352123	0
147.24880710689	24.656597108108	0
114.12288676887	48.967592361148	0
116.83727831635	48.30535257779	0
117.86612960345	47.412027284922	0
118.62708904819	46.238548718269	0
117.26754389869	46.147983623897	0
121.9608972052	48.92083912283	0
119.31067448925	44.359060856938	0
122.65059379094	45.059916370783	0
122.04861239776	43.771369587331	0
114.27468654616	46.062002378292	0
114.93767515596	46.825863589458	0
113.97541045781	47.333509961719	0
121.29401929108	39.454209630141	0
121.58671703918	38.471911401257	0
122.64928731947	39.499053152259	0
113.03349286019	44.895562033076	0
113.99575755835	44.387915660815	0
119.40363586261	42.963543244728	0
109.1441835352	45.521827956486	0
109.30363070142	46.588247187641	0
108.14575591279	46.453954873635	0
107.96746518668	37.503826629831	0
108.68621894073	36.655186582205	0
108.79177125272	38.250362897462	0
119.1128127712	41.42417080835	0
118.10649660366	40.815104795348	0
119.00488328471	40.055805770875	0
116.63272729387	45.264430531638	0
115.87176784913	46.437909098291	0
114.18700574951	43.316896371554	0
113.55335560859	42.029649483564	0
114.98579748572	42.12507053952	0
111.80724008592	46.112884510522	0
110.58189665575	47.203988551668	0
115.42819943548	44.483336716771	0
78.75	56.773189842057	0
78.583964362548	55.784051538956	0
193.85479007841	16.330287810847	0
191.50885584837	19.982580940727	0
192.50688099216	20.761128300249	0
190.87399566697	20.953903048367	0
179.69941173924	20.380679715829	0
179.16871469142	18.508998527916	0
180.43180891051	19.365238259311	0
175.57531446172	18.689609338161	0
176.46666042442	17.287761278508	0
185.17685641942	17.312058917859	0
182.45089329089	17.087645746303	0
181.05749731445	17.973452534037	0
186.13690951696	18.769994178478	0
183.15405176162	17.913092340178	0
102.13533208199	39.197038048736	0
102.49327703183	38.020720977389	0
103.70288858183	38.241370784881	0
96.536661670862	35.949625703062	0
97.573823522659	35.219368972644	0
112.58154495994	34.658664080553	0
107.18863353027	38.356442013246	0
45.259164640072	50.103844001008	0
45.260442276349	48.49520855781	0
46.536607499322	49.474551166474	0
0	80.7172	0
46.410037877774	45.474224699609	0
46.510136208362	44.181428679615	0
52.558801466213	42.201072592717	0
51.612884742664	43.286321514677	0
44.256982743846	61.205516137521	0
43.793493249971	62.772939706434	0
47.637893739783	44.19459278476	0
44.624670414535	47.365104418881	0
43.227199754028	47.917589382483	0
41.810323133409	48.060173996622	0
42.566122796481	49.267086006482	0
39.018898799791	61.640982339153	0
37.862659209425	61.205108220295	0
38.198029543489	60.015821468982	0
45.902113273785	46.735811584347	0
40.406530726347	48.209168165209	0
4.8748752024558	59.76312520728	0
6.0238865577052	59.820546030074	0
5.4278264164842	60.776319533997	0
13.06074561155	69.431856640004	0
14.135682089726	68.475064506385	0
5.9256268718825	61.786757750494	0
7.6043431071833	61.683832497333	0
6.9531322073322	62.636849891037	0
21.330339384867	65.95536488757	0
22.525867522674	66.880921266583	0
24.030557834825	62.847658030369	0
23.381286872267	61.523682364576	0
24.645330888523	61.724989008612	0
136.04865655862	44.931880871647	0
136.96404171813	44.310800235273	0
137.27955991696	45.760944061347	0
141.34257684004	45.178210390856	0
140.22735308209	44.88990838526	0
134.56454453469	32.544760757947	0
133.47783015101	32.057603290388	0
134.37612930781	31.275727868863	0
150.46587317309	25.077674697323	0
151.93784247533	25.574113630058	0
151.18671593096	26.45373100398	0
22.942724665307	56.807391476093	0
23.498712964845	57.953261856275	0
22.352824501331	57.60173591623	0
18.611208149096	63.160495472569	0
20.403348885961	63.161842395377	0
18.967546775296	64.234336000925	0
10.71235814968	56.799008779534	0
11.609983054801	57.327904263221	0
10.820157610839	58.584450650308	0
16.163241863984	64.046870977785	0
15.88114380288	62.735721873609	0
16.893307977326	62.921839973941	0
5.1884865877781	64.745583153041	0
6.3432011536462	64.038382106277	0
6.2572717693929	66.04419011512	0
6.8056997246778	58.971378225258	0
5.7706993605303	57.71273354891	0
3.7424155035474	57.742589926315	0
29.21547062781	62.954147711843	0
35.45651652008	49.867735168362	0
36.645580302806	61.357021378653	0
40.211458306901	51.634158420553	0
40.648564015893	53.267081669253	0
39.628719874231	53.428211455377	0
6.4330297761118	77.34836431834	0
5.6739506876986	75.936321855446	0
6.4946208427032	78.577817457521	0
8.2822864237334	73.89299622288	0
11.225770810491	75.841182294266	0
145.63307716004	40.667084338221	0
147.24068233008	41.681854439157	0
145.8710859123	42.070803533628	0
143.15652090097	28.774800661319	0
143.73146635531	27.48776260958	0
144.40345688668	28.726898577847	0
150.15508365599	38.819339867574	0
150.35893871142	40.361682566773	0
154.42333526512	33.016190147809	0
156.04636676327	32.815396691221	0
155.562410994	34.189670330886	0
158.77294822801	43.53067289224	0
157.86154646427	44.276274635743	0
158.75	47.42039404628	0
137.04004241437	28.377851699655	0
137.52837696081	27.486841356741	0
137.64319266591	29.195519012502	0
130.15643737231	33.519095779803	0
130.33229716827	32.212821890908	0
133.73633605135	29.58598723273	0
132.20458737624	30.103666055691	0
129.09721844581	47.353552762585	0
114.96025163041	32.536824698854	0
116.22597109374	32.83110254878	0
116.38902772588	35.543898032038	0
115.52007672798	36.412212056968	0
112.97831342537	35.821255955409	0
116.11392655811	38.279726823817	0
117.1823950075	38.343138952674	0
116.93009866778	39.383327629015	0
110.71436933799	37.786900518052	0
110.39661064969	36.729674397096	0
111.6004549809	37.114852065313	0
117.29967356169	34.337186152843	0
117.27686873364	36.03282626828	0
114.39574186457	36.781404304559	0
112.70012473179	37.017774293507	0
117.5280788915	37.014766150266	0
118.34425100117	38.118366955464	0
115.24188803441	37.608730395066	0
119.46069194798	37.608531016097	0
121.01525768609	37.621020109742	0
111.52813432227	39.20481036739	0
113.13518050699	39.504950918899	0
112.74510116007	40.537683100021	0
109.35197645484	33.930112069709	0
108.7405671929	35.407240189321	0
118.29135380564	33.735139223596	0
117.40351279789	33.246210987354	0
178.11326233	16.853604429402	0
178.25450995711	17.927713920505	0
173.0787125017	19.742629775713	0
174.4209871419	20.674108754435	0
197.8505249316	17.714925000907	0
198.85810199451	18.714925000907	0
194.26163097353	19.275699527914	0
192.97125185811	18.569399612794	0
194.09114165807	18.055292948099	0
169.20651260668	26.52871562802	0
169.10094825722	24.845909779555	0
167.78686550626	34.504647572677	0
169.18080278011	36.047088491013	0
167.75859670511	35.93128081641	0
83.276178756682	32.169705456997	0
80.694812776791	34.392424355651	0
79.212273608898	34.946859353992	0
98.824023465614	35.433797752853	0
98.905625017936	38.177004391616	0
100.55756818707	37.913272459328	0
99.273777362848	39.240120173533	0
94.817004934411	45.097570538687	0
93.66529645421	45.347683354894	0
93.93572833697	44.305109175195	0
75.340517145345	53.028129953205	0
76.07929837291	54.006762419589	0
75.320784383003	49.017565626318	0
76.385963293961	49.08091740334	0
76.027606330909	50.007754372138	0
69.798517612588	48.171114635996	0
68.695944486006	48.523553537292	0
68.199550987157	47.085865228975	0
75.241630658229	47.198523032266	0
74.529097616666	48.302127561907	0
74.09158692884	47.409921936652	0
75.956046160473	44.568775227776	0
76.026790765473	42.958113995212	0
75.885116456618	45.874681958822	0
74.875049674257	45.000410675966	0
70.621915983592	43.905016548109	0
71.809146075822	44.980287752054	0
70.424170192559	45.494551088802	0
72.881069053189	39.288937911882	0
71.153905438141	38.726246136351	0
75.362157196532	38.462099922385	0
76.343175276346	39.311419179777	0
75.032385506615	39.496612886442	0
80.654164594571	40.986193324267	0
81.549063770096	41.861693938041	0
83.534772862602	38.799586781209	0
83.178306870479	40.199964496045	0
82.198705227101	39.191069478487	0
84.779363985748	38.571159405243	0
86.00145401704	37.809999708443	0
85.736464537273	39.047322101967	0
92.824310522934	37.769161019497	0
93.697941791843	37.094755830421	0
94.001164864801	38.315619394445	0
96.735879630844	48.724728043869	0
161.24944112911	35.051564607571	0
160.81628572819	34.121148583329	0
157.70726218286	35.701788237324	0
158.35537508021	34.540088244191	0
158.87719477091	36.252999607217	0
148.75	18.130718704533	0
139.81572363504	24.96229374542	0
140.57100112129	26.644316066054	0
144.8417042445	25.252728496287	0
135.78372812913	33.172908336314	0
136.87501631745	32.342204955315	0
137.19590075509	33.752227955208	0
140.5558470646	23.505629031351	0
149.03633664034	25.020447528205	0
123.31451621629	37.266534551139	0
125.16744243287	33.495589157486	0
126.45682311818	33.62025705303	0
115.57249176078	47.709416681717	0
189.87994123147	18.909585404735	0
188.89541771277	18.286797020751	0
194.43335144769	17.129710649097	0
193.65784306113	20.908777893945	0
104.28562428534	35.901844329868	0
103.00613191099	36.257906984842	0
101.43857541114	37.213574248698	0
105.37972827959	39.612905817783	0
103.90007531466	40.514809205195	0
104.82459659693	38.515784468815	0
96.241785126224	46.023502880272	0
96.628057411274	47.028932164305	0
106.26411224799	40.355466749626	0
105.18254154677	37.339467397468	0
109.60553623701	39.6682727468	0
110.10002910612	40.684524277481	0
100.69020052972	46.864964413332	0
101.95146783917	46.449444415742	0
40.212530865857	59.666007257236	0
39.217669147096	59.062542665058	0
40.075930879098	58.276854334454	0
40.17043017055	50.602479413649	0
38.483987327691	50.250460278768	0
39.462803333003	49.057651485739	0
37.254618015969	44.669750456972	0
40.494500635065	60.927876605381	0
32.697792010134	61.661430716528	0
33.382574948035	62.775154811615	0
31.905548650224	62.611561265028	0
38.664631788945	46.589288643793	0
38.231305562402	45.245763145045	0
38.720087883489	47.857149030328	0
36.202337248662	48.840945618852	0
37.030539761562	49.732421900369	0
11.047900239546	72.086862146554	0
10.797819289885	70.89783374865	0
11.766714844016	71.267652180197	0
8.021917388947	63.935456853117	0
9.5496137251319	63.984978010358	0
21.688291744551	64.882061200323	0
21.763100665365	63.441017155033	0
22.691704897755	64.087395431623	0
26.459015646582	65.423405576681	0
25.290788984649	64.523566250589	0
25.331817105965	59.76341739192	0
24.042336527393	58.779965379479	0
25.378093707393	58.14236942858	0
28.388416684129	56.808226088298	0
29.984516735744	57.947722501482	0
28.030380689499	57.897016843561	0
23.95193604758	65.763303651843	0
25.981088068523	61.087393057713	0
31.348172239577	57.408826722469	0
30.990136244948	58.497617477732	0
29.736105049265	61.56227511275	0
30.70013129087	62.889709769034	0
20.401735152477	65.30898661098	0
23.955748914011	64.28870207566	0
18.046180172795	67.842084341184	0
23.390028000617	55.695388515863	0
22.244139537103	55.343862575818	0
21.848639480628	60.668744845478	0
21.406762039165	62.367176626677	0
20.488887701224	60.389570085822	0
15.20624389361	67.484496139605	0
16.171747194118	66.287023737977	0
16.607838678997	67.888055704947	0
14.960615049134	64.872108525044	0
13.757114738436	65.16907259052	0
13.94757737884	64.157716942928	0
134.95797243118	44.747275126079	0
132.45658290224	44.61233946765	0
131.51070342176	44.032970456846	0
132.60597583853	43.306632879975	0
131.10713301949	34.113387108264	0
141.49066866221	46.826004271738	0
138.0387076916	44.039416846817	0
136.80780433326	43.210353657117	0
141.25	48.449496989408	0
139.08415695811	44.407644669213	0
143.53620412993	42.849014043842	0
144.43725806129	42.29886198576	0
142.30058023013	40.520379641428	0
141.30965816079	40.156183366429	0
143.3624268109	41.606185490774	0
12.610439381584	55.845166749048	0
12.718238842742	57.630608619821	0
17.545090485036	61.190650826442	0
17.827188546141	62.501799930617	0
13.365295140476	63.309151295385	0
12.021073242889	63.321390325272	0
12.642291315223	62.175860612253	0
35.889085071491	65.192496161471	0
35.608304130534	60.70248580662	0
31.38491422877	64.003433864121	0
34.957591549936	59.827969815129	0
34.452973552837	58.754776088005	0
36.537171956024	58.506753623001	0
37.738166599109	51.277249828278	0
37.841071137307	52.541550304526	0
5.5389962100957	78.181485314924	0
0.8266760547966	75.619823207078	0
2.2995993807023	75.482981927936	0
6.25	81.839006512123	0
4.6509402089523	81.809099117669	0
4.6277662674732	78.671339984566	0
4.5661752008818	77.441886845385	0
6.7033930066873	73.831717956608	0
10.03108640366	70.123288665546	0
9.0505998682261	69.525020940287	0
142.82060731666	29.832096553762	0
142.1486167853	28.592960585495	0
155.1617575277	39.206286070374	0
153.49518225407	38.96133440208	0
154.02348731985	37.964587477157	0
152.45636164478	39.401178029513	0
147.60816433605	34.7953357354	0
148.86401786609	33.310286718978	0
149.26333438207	34.500784064229	0
147.02334918009	27.809181184542	0
145.55904495142	26.334725878579	0
147.6039917905	26.704046537013	0
132.27306857976	31.89540979796	0
131.18824103187	31.210505452346	0
127.835966035	34.470901677967	0
135.66905764902	29.234966709785	0
134.6424968394	43.683869468176	0
133.8338068095	42.363879833804	0
134.92444832989	42.1617474112	0
124.20914303971	33.134175704173	0
125.33956728242	31.973239661804	0
125.43302499193	30.905289653606	0
133.79994109006	34.564385740932	0
132.44559030291	35.513330162152	0
132.31189459074	34.275580600692	0
138.52467716661	34.091832527289	0
137.43338897829	34.922535908289	0
132.77205849402	45.675745125553	0
133.86733091079	44.949407548682	0
132.46148380664	33.164442687043	0
131.43422553884	36.23930525425	0
131.01581335802	37.959072149012	0
130.53913162277	36.944291916675	0
124.94087855375	44.036812622078	0
123.79778599895	42.768905020207	0
125.23428539225	43.006595124255	0
110.32428999106	38.819632699174	0
114.98959169469	38.648919071407	0
114.23485025789	39.407873147093	0
109.56487325895	36.153776456951	0
113.01788342009	38.075000414463	0
111.94630942387	41.729508932055	0
110.82698981081	41.828263503403	0
109.78896394159	42.275245232372	0
182.21896086865	20.965234325289	0
183.33513088269	21.698565507166	0
182.07867597236	21.970250629102	0
176.80015050275	20.340585533164	0
175.76755691293	20.668324101714	0
170.61291549538	22.793846517721	0
169.46312220189	19.060308333968	0
196.89107217087	17.945707435786	0
195.7237305631	17.836010564217	0
83.799762342369	37.562264387685	0
82.600259842519	36.705164879693	0
83.844850965665	36.476737503726	0
79.319439279248	36.138669935768	0
78.043251278225	35.202366172149	0
76.067143700895	32.177000527541	0
70.320646217911	52.146119255133	0
73.441084306115	52.334369784496	0
72.356053159363	45.855393177705	0
72.553798950396	44.265858637012	0
66.25696296372	37.826130219308	0
67.145264907729	38.368719930143	0
65.432623485235	38.920922555184	0
67.687071489839	39.571913260495	0
68.511410968324	38.47712092462	0
74.023342706025	44.417734003791	0
73.95241300217	45.723640734837	0
69.579400919436	43.219481126408	0
74.542628457824	35.773388960884	0
80.853644787265	39.601314465477	0
79.665570146857	39.996060596422	0
78.286846053499	41.801331750358	0
83.267463882784	41.589347976607	0
77.739746770296	40.863435799523	0
81.521816414572	36.836927440631	0
81.210110779387	38.200936750642	0
80.176755974736	37.247172427621	0
84.603531518285	41.197865279329	0
85.874142376886	40.107424546054	0
85.96329938919	41.496808026617	0
89.837557658786	44.183238586921	0
88.727775510101	43.764716485736	0
78.069518460214	39.828922835466	0
78.268998652907	38.444043976676	0
79.007733644063	37.502679245778	0
77.41168195742	37.335541484823	0
85.546224794515	44.142524244561	0
90.764905132325	44.91057310935	0
91.479140155448	45.856313953352	0
160.20600873761	36.190946052304	0
161.12177084293	32.864464422703	0
161.09086375849	31.700362339204	0
141.40930727046	30.591642818826	0
140.12919513119	30.94231883538	0
140.53259106171	30.000932494492	0
134.82305043503	30.073144700288	0
147.92721709527	25.593441651148	0
144.2610616341	26.357863143816	0
154.06313207446	36.791014830313	0
154.85436579927	35.126428819618	0
150.81634743184	37.936519543429	0
151.69564827037	38.602456133007	0
141.78182794604	24.006702034719	0
145.25145205419	29.877653659183	0
145.82639750853	28.590615607444	0
141.3217731462	27.988588087729	0
144.71818157258	40.051322919074	0
146.08777799037	39.662373824603	0
140.62153781652	32.458374556039	0
139.26217661826	33.152622263285	0
139.64655014167	32.227276866961	0
147.87134434761	28.959936265878	0
143.88262325308	31.422517877845	0
142.47132320688	32.18206414291	0
142.41721138614	30.77348289465	0
147.87717496242	30.276291758644	0
149.07412663398	29.494857335741	0
146.28927658514	30.778996425766	0
144.86633596329	30.915279396168	0
141.80910129892	35.987367053194	0
143.18205409462	34.948776744963	0
143.84250607319	35.767704406468	0
138.69200306739	29.328058590317	0
138.20366852096	30.219068933231	0
127.16213507855	38.672288426642	0
125.58237463726	38.602620348788	0
126.40972651248	37.787764839787	0
132.95295684505	40.598271382676	0
132.88792732902	41.784510822999	0
131.72512587409	41.541024428847	0
193.02298287973	21.880100001585	0
191.51282655666	18.716810656617	0
192.19064234324	23.808553277144	0
191.1369276311	24.29455676699	0
190.81830609862	22.218453897735	0
192.26185466909	27.237100315417	0
190.81988148666	27.157995095833	0
191.0672906933	25.805550926815	0
193.34160441221	23.956202870841	0
189.82028095483	21.439906538213	0
196.63932990865	27.258352056661	0
196.01243442559	25.680061446178	0
197.53537060687	25.620572784974	0
192.59116570966	30.639698589632	0
188.58225644256	22.480504438163	0
48.133864502667	46.980448700921	0
49.041810305773	47.78548805319	0
47.445830938706	48.670955075545	0
45.396141702677	58.968442325945	0
45.519441212142	60.377288440879	0
12.754629107907	71.727896475956	0
12.504548158246	70.538868078052	0
15.972779223581	65.058226625376	0
9.9298728796962	59.245935509794	0
9.0388385796769	59.785860300063	0
11.548203904297	66.650316144517	0
11.306098461434	68.197067261141	0
30.859540243875	54.806026152017	0
31.280780397762	55.871958520862	0
29.921312576486	55.792999377374	0
37.494375442371	53.509319326914	0
38.017200404752	54.665043816978	0
37.013353071756	54.443536892439	0
13.699590604847	66.874032539416	0
11.605728037886	64.945356195622	0
12.686552934552	66.1596409573	0
10.882724212633	63.812065512489	0
10.827497784817	59.774830993481	0
38.061429556731	58.626668546201	0
41.352762367067	60.142188274776	0
38.308623597237	56.63632556239	0
38.80100180868	55.330198043289	0
39.573447371781	56.367262223176	0
42.826392120014	51.334221679151	0
42.607150932831	50.298765013387	0
44.202240604282	50.159958058109	0
36.78436599653	56.51641063919	0
37.556811559631	57.553474819078	0
41.566452229673	56.372705388254	0
42.068935736991	58.282297499532	0
40.568309090541	56.970726815354	0
32.047079429537	60.786914725037	0
33.524105727347	60.950508271624	0
34.193172853853	57.696140797299	0
33.659677813755	56.637005706234	0
35.499058918827	56.374424804814	0
41.487531759354	53.868893937898	0
43.117334332353	53.923243462626	0
41.695628156223	55.115484228804	0
43.401548749902	58.880898713976	0
45.061671828898	57.771819684401	0
36.250870956433	55.457275548126	0
35.728045994052	54.301551058062	0
42.40340561077	59.478920141076	0
28.93896256366	60.331613156152	0
30.423623226719	60.267175213343	0
31.249936943932	59.556252768439	0
32.613592447765	59.017356989426	0
34.012524867583	53.804843493981	0
32.286399906967	56.421853497112	0
31.196397998778	48.822068069248	0
30.555028097879	47.950701275291	0
31.564424339858	47.872522919323	0
41.190274312212	50.441349627525	0
39.282024179295	54.395980477764	0
38.844918470302	52.763057229065	0
4.2116258976579	75.697774808729	0
3.3003959550353	76.187629478371	0
5.6632289425742	73.899083435305	0
6.4961257173685	72.810189856765	0
4.0011186095125	63.838590703336	0
3.9151892252592	65.844398712179	0
4.6280464693581	72.244281432426	0
4.774995648457	70.924170000033	0
5.6029108323542	71.557443903068	0
1.0749589220736	68.65951338993	0
1.0749589220736	70.40951338993	0
0	68.9672	0
1.2531121082218	59.758899703196	0
2.4548487712901	60.633899703196	0
1.2017366630683	61.0922	0
2.6541486839262	77.227093964592	0
6.933945813	70.378920367581	0
6.6430748964673	71.490078424371	0
4.4081714418522	74.682064488432	0
4.2009041525334	73.660536388588	0
7.6883147909263	69.455322098246	0
8.6208830446054	68.459834774045	0
93.122165245858	48.289524161068	0
92.221834325594	48.936291444455	0
6.5042289893794	69.31373420134	0
7.3352921512833	66.863562500181	0
12.072831347659	68.971612344244	0
2.2600599399307	57.989213777832	0
1.2531121082218	58.008899703196	0
4.1849582407211	68.888611987612	0
3.9498889278001	70.169579625268	0
2.3849871570682	68.820859142205	0
146.13091587601	38.512372840914	0
147.04581146348	39.128134260061	0
148.14440253443	32.208025609328	0
146.55650415716	32.71073027645	0
147.49205887152	31.313917495629	0
136.30885090548	30.924707345919	0
137.72102353144	31.504026964812	0
138.76983393293	31.636566542627	0
142.08694968346	33.107409539233	0
142.54269219708	33.999769258896	0
140.69290680673	34.276079672025	0
139.49966484145	34.322930216366	0
127.30263325728	36.381646954292	0
125.4607757453	29.881479462775	0
127.7735745909	40.12055247725	0
127.72241273826	41.28067449274	0
126.28362135069	40.647265951133	0
120.30202254367	42.204244220255	0
111.52831109811	44.438797793044	0
107.01494121181	44.284091491835	0
106.90806252797	45.39518204338	0
105.9366949932	44.291737892734	0
177.52211278584	18.943155377023	0
177.71435523705	20.921870140575	0
171.44732691112	25.299011567939	0
171.07170205801	24.205346105243	0
172.22651246616	24.265438499152	0
172.89535313718	26.868757028266	0
171.66377006166	27.846126210346	0
171.37055424375	26.336473143927	0
170.26006380276	17.420772777683	0
171.3228250573	17.191312792424	0
76.959259301344	35.891407880496	0
74.909734540457	37.017966318059	0
76.220524310188	36.832772611394	0
76.090924723044	30.377907740099	0
76.25	28.49679100858	0
73.207760127596	46.438069849879	0
71.74277361996	50.37142077959	0
73.28484500788	49.82378254058	0
67.92071045189	42.097263985094	0
67.486388357835	40.9275799286	0
69.487539644488	40.849998311466	0
67.475856549036	36.050227616371	0
68.384523510331	34.910708679644	0
68.878271347509	36.13440865754	0
74.04342564056	39.944859273606	0
72.873127266948	40.586503556437	0
70.381994115005	39.805448224843	0
69.82512887357	38.60111216648	0
69.28332229146	37.397918836128	0
70.191989252755	36.2583998994	0
85.770026154321	43.159985228079	0
87.040637012922	42.069544494804	0
87.778562195187	42.99811522022	0
88.09755084963	38.971920411218	0
89.575962615124	38.884820604295	0
88.712322013285	40.31926748642	0
92.699724868514	42.846164809332	0
93.851433348714	42.596051993125	0
152.85828518368	24.130200502731	0
153.57912794155	25.506256809387	0
149.39152132395	27.06789695711	0
153.36082545447	29.513688039158	0
151.76101563793	29.362610399756	0
152.77480798107	28.625943736982	0
151.91684169887	27.712518017148	0
150.44487239663	27.216079084412	0
143.20163416149	39.970227583346	0
143.65633499181	38.965517069728	0
146.21215334448	34.166976244194	0
145.55980968156	33.272868130495	0
150.12747770667	29.643039463043	0
150.12164709185	28.326683970278	0
149.89087501236	36.94261781644	0
140.98585956188	29.045883980171	0
139.70574742261	29.396559996725	0
126.67206874178	45.508939988731	0
125.67741238004	45.292816210942	0
127.7565338168	46.101265616585	0
129.8869927261	46.711441127835	0
129.25036311021	41.959209520616	0
127.76040987	42.485922994499	0
130.95543741603	39.50942189998	0
130.50126068429	40.55437300369	0
129.66654271021	39.709009915147	0
49.261722544918	50.281033780084	0
49.26072752517	51.533834801455	0
48.352781722064	50.728795449185	0
44.128781968295	53.165440623151	0
43.665359863474	51.936033947797	0
44.884903896285	52.424821399227	0
14.889007620286	57.37020127848	0
15.029811731166	59.188520693613	0
13.859499280405	57.966190520781	0
45.478405827255	51.139300666773	0
45.941827932075	52.368707342126	0
43.196254802672	56.427054912981	0
44.87717614158	55.417291988807	0
44.74800021503	56.674513148257	0
47.711969795934	55.961858395717	0
46.742593167805	56.762056760226	0
47.585624819941	62.062730939365	0
48.652920673825	61.098240264407	0
27.459509336085	60.37626724829	0
28.14702751354	59.081167348883	0
10.74990100813	69.304078699189	0
151.79509786893	40.283998353657	0
143.35506243557	37.904653785359	0
144.87160984666	37.985749121087	0
135.36337900437	38.274440235704	0
135.35759441635	39.513668326312	0
134.121542888	39.60252968622	0
127.46184302207	44.866828353981	0
124.24091298674	45.055126106894	0
123.88597556938	38.117425842654	0
122.37052571448	37.66586363186	0
125.21298802039	40.612915729014	0
123.51658895252	40.12772122288	0
124.63838413545	39.001949429509	0
119.11500806398	38.936903818506	0
121.18389451181	40.573111582511	0
121.47471760322	42.112484018888	0
111.63524425933	43.320229886946	0
108.66846282304	42.190947516811	0
107.15924804311	43.215518184181	0
109.58346903334	48.136115468817	0
110.40899148506	44.537552364392	0
109.28849036651	44.453254648831	0
109.39542352773	43.334686742733	0
168.64216169458	23.434410192033	0
169.83372994034	23.827419586509	0
167.21377281118	23.113718459381	0
72.167075031545	51.321589741643	0
70.719212523022	50.558971906367	0
74.170740653614	49.228964530704	0
69.410422571559	50.230307037584	0
69.834723983144	51.180475999637	0
67.811455946128	49.145057630562	0
68.227982149041	44.123647478683	0
68.570442968147	42.923848720234	0
70.456762199263	46.651624310213	0
69.269532107034	45.576353106268	0
60.806106553329	44.145434877345	0
59.893261613183	45.517988993754	0
59.009034831028	44.989352062998	0
87.096232408178	39.346264849254	0
81.566905037868	35.751400556673	0
84.422706291246	35.351006917573	0
85.622208791097	36.208106425565	0
86.579309342621	36.684269122289	0
90.01272430458	37.87160553926	0
90.627495468236	39.218952614462	0
91.659133687336	39.61109613151	0
92.871481738075	40.063566105392	0
87.971835430056	41.334938018758	0
91.85667238323	43.827887468973	0
91.352317231902	47.028024152275	0
146.28890907122	36.455359458684	0
147.54821510058	36.981983178512	0
145.82964331977	37.451509556545	0
141.0763795132	38.183061894305	0
140.5184967463	39.249370179268	0
139.45508867877	38.548010339573	0
141.24126236159	37.143998384654	0
142.30467042911	37.845358224349	0
153.51665151541	27.86359565655	0
154.20642542589	26.817333433453	0
155.06439170809	27.730759153288	0
156.02110685343	31.700335954146	0
157.16018258231	32.873816137224	0
150.51257755968	34.373783701346	0
149.25672402964	35.858832717768	0
144.89289807965	35.826999967478	0
143.51994528395	36.865590275708	0
148.64163183474	37.069618179323	0
152.22928370398	33.703099417641	0
148.18236608329	38.065768277184	0
146.61146986046	35.357473589445	0
152.53329413434	31.366853180606	0
151.61937153473	32.749543353544	0
154.640954416	30.209468942264	0
153.62716207286	30.946135605038	0
131.29449392029	46.651202659178	0
129.95380929128	45.398915513178	0
130.32483536371	44.251567533448	0
128.91733416952	44.311806002105	0
134.88542897233	33.954783757839	0
136.74827002203	39.569388917286	0
135.50643390567	40.897478367802	0
56.651098631396	39.844753001401	0
56.503502542704	38.762835090036	0
57.704454761315	39.557052052688	0
60.456609489673	56.356135497657	0
59.619753946169	54.697547175488	0
61.228047598123	55.601305398994	0
14.568795451174	63.012187229909	0
15.298861564516	61.887156226066	0
9.9649589301344	62.361012140008	0
12.64918640446	60.986304789027	0
13.993408302047	60.974065759141	0
18.263378690493	53.865859251788	0
18.188479875107	52.630250300678	0
19.944320987737	53.497051086564	0
8.2570254127043	60.635028104879	0
9.284530748154	61.485120245422	0
11.507925966798	60.650722888067	0
12.859042953622	59.448928034955	0
42.070270192023	52.074840903075	0
46.652698495241	53.811750191072	0
45.888623777522	54.659489149332	0
47.192996271657	54.817011265823	0
44.336878365164	54.412030914056	0
48.476044513654	55.114119437457	0
46.040405332307	61.505283222881	0
23.452436363417	59.574309819616	0
28.051778860845	50.970537633588	0
28.71380347504	51.781509789086	0
27.31033148891	51.96380970494	0
26.267867253917	55.579333057141	0
25.261446883353	56.958218923258	0
25.095033499386	55.780031550023	0
29.493947875101	48.162229524512	0
28.340013713139	48.982547560323	0
0	72.7172	0
0.64991370145221	71.7172	0
0	65.4672	0
1.3639106234968	64.327303131237	0
1.3639106234968	66.077303131237	0
0.8266760547966	77.619823207078	0
0	76.7172	0
139.95540735507	35.215289936029	0
140.58081038301	36.325070723149	0
135.26653366747	36.993857089094	0
134.03048213913	37.082718449002	0
137.68079796126	36.723859678083	0
136.35202154974	36.384255106001	0
132.92227203816	36.52811039449	0
139.38756841774	36.37192126749	0
136.31512393558	42.217468002175	0
135.0191246845	35.1925333193	0
128.60092646612	39.305696968249	0
125.16182616775	41.773037744503	0
129.05510319786	38.260745864539	0
130.43623116827	41.740612444014	0
130.4742283	42.945860945773	0
120.12132423152	39.545969831508	0
105.82620856223	47.031592332964	0
107.06750969418	46.461601274535	0
104.7754883474	47.843650904999	0
104.81049162505	43.920337838373	0
174.82437232884	23.41947446215	0
173.97581428252	24.933591641994	0
173.45069536558	23.844986782004	0
178.98159541884	21.377266596555	0
180.24468963793	22.23350632795	0
171.15269901396	34.662419775626	0
170.78346713771	33.624988034689	0
172.72709457041	33.666952563035	0
173.52551500167	26.055215899838	0
173.81873081958	27.564868966257	0
174.43791792205	31.124572868383	0
173.48466863356	31.421195571292	0
173.44422523502	30.340673785032	0
170.37543290676	35.442454514684	0
170.34716410561	36.869087758417	0
170.21574383561	26.276380750018	0
169.12973993931	27.566177204008	0
166.65474854517	24.466726168023	0
165.9591413449	23.127544242326	0
170.6514305488	30.770144342079	0
169.63905496016	31.030329804284	0
170.23859997052	29.332529562729	0
164.69530401849	28.435926149216	0
163.61976644156	29.420265523375	0
164.94534763707	21.44930503766	0
69.011856266448	51.817454386351	0
67.450323122785	50.959739291184	0
66.735845037232	49.252985790892	0
65.259796811016	46.057957340814	0
63.357056178738	45.87846447443	0
63.593073967762	44.853564674484	0
66.296396230307	46.23568083557	0
66.357419398896	44.430536306689	0
67.158001029163	45.63315960139	0
95.004396795126	36.350165574959	0
97.895390867033	40.816945747602	0
99.547334036169	40.553213815314	0
101.32834923914	40.195056357238	0
99.949962743323	41.771881931307	0
144.57609697135	33.780106612171	0
139.68836732636	40.521131811697	0
138.30620098919	37.833640465202	0
156.10088861256	29.207605134059	0
153.3294673266	33.436907723377	0
153.81342309587	32.062634083712	0
156.36722523095	30.640052699938	0
158.66086019495	33.283404083565	0
144.92044778403	32.323860644428	0
47.444553302428	50.279590518743	0
55.96408315364	52.511514299264	0
54.943681797056	53.455600892329	0
53.909208142143	52.549743256537	0
10.617641235655	61.312207747553	0
18.90797528582	51.894466791128	0
17.227032988576	52.263274956352	0
26.550927461925	57.941670935699	0
31.279779139517	53.510732141371	0
32.639246960794	53.589691284859	0
33.592285971941	55.100137504627	0
137.74831822229	38.899948750166	0
139.18099952379	42.183457633759	0
138.92791957324	43.307198091057	0
133.01911737506	37.8086935411	0
132.95874143307	39.359043292068	0
131.8505313321	38.804435237555	0
127.8328690945	43.719480374251	0
108.13061557788	44.318962334826	0
101.87598468585	45.265985789346	0
98.044819420367	47.602656921722	0
99.055778499722	45.889402142647	0
99.163600719292	47.585198022211	0
103.0930924718	41.512827513697	0
102.53796078914	40.415706164729	0
102.65419375967	43.036876404394	0
102.44643949161	44.303407105508	0
101.52322367823	42.680255174346	0
104.01630828518	43.13597944486	0
105.24939033718	42.396288947676	0
68.260574155745	45.280720700094	0
92.095895376792	38.597881066474	0
95.533624998147	41.18101562523	0
94.321486859829	41.63404764069	0
93.827568018575	40.684075611802	0
99.742208475264	43.038412632421	0
94.083619876392	39.610534089932	0
159.83079278301	33.834615453457	0
155.72970734809	37.035966498607	0
49.410455587835	53.09611391594	0
50.319396410689	52.648352246839	0
47.045809739588	46.604328838538	0
50.326786442193	47.299840368919	0
49.638752878232	48.990346743544	0
48.641789106656	45.718861816183	0
49.069714133559	44.344305945418	0
50.157768896638	44.720425807801	0
52.176808904127	48.992362559164	0
52.884098815164	50.428136807161	0
51.631018925689	49.94047330727	0
22.463412534326	59.546075823721	0
24.396448371182	54.316502649747	0
94.957251145302	38.936128900855	0
157.48104104999	30.698472145941	0
158.95081157819	29.943958008783	0
159.55789584025	37.352646045438	0
156.99921698813	36.638546726056	0
156.47739729742	34.92563536303	0
19.262990656806	61.429306325069	0
17.02919301032	55.920597478088	0
17.087092308266	57.453605906114	0
16.001420773101	57.059523023286	0
23.572186377689	53.705313953431	0
25.277191876457	53.789956987591	0
25.601497167163	51.140926925265	0
25.523856564545	50.096932498259	0
26.570666272097	50.108843122436	0
19.955850373639	56.385272948481	0
21.36380067224	57.573501920335	0
19.522814844086	57.502909332769	0
19.067042174304	55.523670199295	0
20.908028002458	55.594262786861	0
18.304135442768	57.518675621074	0
17.27636320555	58.657601166272	0
19.712085741369	58.706904592928	0
21.919788971778	58.719372300518	0
27.800763146275	54.564106346218	0
27.967176530242	55.742293719453	0
37.820475277314	43.745602024229	0
84.977011473743	28.175838929265	0
66.12024229724	40.819178934124	0
66.278651255075	36.78545084695	0
65.348715791595	40.012280528672	0
63.583517206315	38.778756330235	0
62.601833184875	43.802529258325	0
64.504573817153	43.982022124709	0
64.460413847586	39.469690817837	0
65.69924561794	49.075262296137	0
64.823766128195	49.658065573152	0
64.148299532246	47.665660417774	0
55.604551760643	43.586704117292	0
56.063065169769	42.263988952589	0
56.595015778618	43.848808052852	0
65.707686882638	43.603951571549	0
61.118684487581	43.163798976485	0
66.569291681494	43.001430337369	0
66.060378441283	47.260580635515	0
60.234457705427	42.63516204573	0
58.487704479459	43.071445417369	0
58.800282413711	42.089809516509	0
59.02808082108	38.990412070812	0
59.175676909772	40.072329982177	0
63.840738310849	51.999878381787	0
62.497602787924	52.135579232317	0
62.335798785051	51.0533933138	0
59.491258988658	48.858473430652	0
61.133746137626	50.121324996212	0
59.350176113158	49.92624259877	0
60.523169304608	40.579608072585	0
59.199543244843	41.146248054461	0
53.415713958484	43.902829355556	0
53.856338356791	42.614329054674	0
54.631976753488	43.290385317912	0
62.418234155769	47.558062458201	0
63.293713645514	46.975259181186	0
60.559075981434	47.312414438878	0
58.825346792357	47.059536917774	0
59.829919079959	46.61478370051	0
52.468075571833	44.775468391413	0
51.440884752711	44.835016813771	0
61.62699080226	45.770866514857	0
58.958388002252	43.981486331455	0
57.524212710537	43.436133802235	0
71.105889059721	32.429219006413	0
71.25	30.801672566602	0
168.62769116285	32.96945926324	0
167.20548508786	32.853651588637	0
169.04909814145	31.893203931417	0
169.63047855985	33.544199915457	0
164.93445808156	32.128022924962	0
166.19866007522	33.300066636596	0
169.68259777506	28.45327867547	0
172.83977245081	29.507853291313	0
173.7930217393	29.211230588404	0
174.75624582099	33.93473118218	0
173.41811200738	32.41730773837	0
173.78734388362	33.454739479307	0
193.66577489843	31.248114630662	0
194.44233150787	23.497816377657	0
195.54121003625	23.035015884887	0
195.80959659542	24.505082667261	0
199.08113304497	26.323863395457	0
200	27.198863395457	0
193.81282880155	26.601248432132	0
193.60999097138	25.426269653215	0
194.91355589721	26.142861938948	0
197.22397577458	20.199982349009	0
196.54886238125	18.871289734788	0
198.4542375619	24.745572784974	0
59.425646692384	57.204540646021	0
62.253450576726	55.93810498998	0
58.03458161231	56.691695256379	0
58.611912466974	58.443858628249	0
57.17843527667	46.781530895286	0
57.901939427536	47.512648606309	0
56.984184813324	47.932273322187	0
165.88474268461	25.474349223505	0
165.3207951	26.818844744037	0
165.57552342324	30.956801340759	0
166.1159958108	29.625118707102	0
166.57313310673	30.87961074146	0
166.74148689231	28.008037301922	0
16.225529526509	54.262786530581	0
17.311201061674	54.656869413409	0
14.022635501538	55.012356079431	0
15.135048654352	54.701677824238	0
14.83110832234	55.837192850454	0
15.305756653753	60.69760040284	0
19.704868098269	59.73087454387	0
18.486188696951	59.746640832175	0
17.26914556245	59.681571117215	0
99.064370863671	36.845145569494	0
100.74501460441	44.909364559298	0
98.67369870098	44.918170359546	0
99.244153506743	43.955591675708	0
97.098245689877	42.13051352175	0
97.670892571834	43.047218432669	0
96.600190721357	43.047692565037	0
96.824689016556	40.817419879969	0
3.978412838082	79.410486839656	0
2.7157800526502	83.711519761499	0
3.9657800526502	82.714461279262	0
3.75	83.726024553289	0
3.6167202616025	81.794594325879	0
3.3217787990586	80.803216082143	0
181.58819436227	19.84513372195	0
186.28557422292	22.710755179052	0
187.79206065439	23.229340051937	0
186.67771337867	23.683543742246	0
181.85034010503	28.02444784719	0
180.7699557063	27.750300958575	0
181.12728033674	26.376232677729	0
188.31043091131	29.482967427305	0
187.36612256111	28.881377169323	0
184.9710281377	31.388232043441	0
185.9812973709	30.107686880065	0
184.1830364668	22.93427034017	0
184.65889219566	24.357614010016	0
183.67070171526	24.126925480825	0
186.21619431909	29.012948316531	0
188.18117898806	25.723578385793	0
179.77787982964	32.668092037209	0
180.89851456526	31.621818672005	0
185.44179895468	25.635490107513	0
185.95413370622	24.442834966858	0
188.90475866051	24.964287161181	0
187.46062013769	24.961419839743	0
189.69495444868	24.215451547406	0
184.35236328886	29.185598056599	0
186.96062521895	19.609243062898	0
32.722647631487	45.963582114958	0
30.539343657027	52.749821280315	0
29.477661634787	52.757652363132	0
30.516932869215	50.780406634917	0
2.975024564804	70.856417154626	0
92.657196933224	45.726932190326	0
1.7248726235258	71.40951338993	0
96.130137210242	44.009696917472	0
95.859705327482	45.052271097171	0
97.554917402055	44.935629259057	0
51.253988592375	51.231160343811	0
51.40371665504	52.793439458296	0
53.668478051367	55.133910420872	0
52.946164029293	56.800047875135	0
52.166492763484	55.159967303866	0
51.063580347412	60.512174359372	0
53.286166232476	58.139457354155	0
49.789471113254	60.12274178719	0
126.30491872255	43.040945346375	0
122.93048436591	42.140236949586	0
123.22389120441	41.110019451764	0
170.6949733637	28.193093213265	0
20.468376884358	50.767318006869	0
18.861723375622	50.866404643314	0
21.355331337768	54.482259826631	0
49.153873529766	43.196156776378	0
53.775064261217	41.588628555072	0
55.26137378229	40.526210527889	0
57.116346130187	45.766714698481	0
56.198591515975	46.186339414359	0
51.609902298266	47.41443137489	0
53.211420526586	46.886108263298	0
52.525247242973	47.976375947681	0
53.243713968531	45.451524654651	0
56.462326000901	41.320427490541	0
57.452790018875	41.582531426101	0
57.065699301411	44.758848966937	0
50.546698681338	49.795386095813	0
51.012959725807	46.209572684537	0
55.131633920393	46.309788026822	0
54.159058913237	46.013469227442	0
55.163927362337	44.875204418174	0
21.060233510089	52.058993781443	0
22.47124386012	53.04420252151	0
21.280432522382	53.24665087552	0
25.151486110365	48.326009151141	0
29.821126301888	49.844242071476	0
27.974138258228	49.926543206583	0
23.849028971105	50.352783801452	0
24.818198076039	49.320699998624	0
30.882808324127	49.836410988658	0
27.036904986528	53.587963772172	0
28.736214262852	53.750924434484	0
62.476881660551	49.985624145682	0
55.193723066875	47.324604223627	0
164.47732078563	30.873530890605	0
167.03948573181	31.764878327159	0
165.74387720882	28.085227901222	0
167.57995811937	30.433195693502	0
171.87097575285	29.854820294233	0
171.27143074249	31.552620535788	0
168.63626756316	30.455589152067	0
171.20487411631	32.548732702866	0
174.79131773106	28.403438130075	0
175.78725814364	31.499321360428	0
172.42441932035	31.63340865502	0
172.21977225713	28.725377097605	0
175.42147959555	27.589897001647	0
177.0637189772	26.668495655153	0
178.34774448408	26.688546605314	0
177.67809201391	28.448517115626	0
182.68318646172	28.765227106981	0
175.44726325796	32.685086357515	0
180.50529915797	30.33226696453	0
179.23985018106	29.867292933406	0
180.22756649769	28.933542096912	0
176.09113206572	25.829926491334	0
178.02913624374	29.631058066	0
174.89919196492	25.629703579985	0
176.54143134657	24.708302233491	0
177.36288220067	23.613912720778	0
178.25963313575	22.774696752697	0
200	20.198863395457	0
198.85810199451	20.464925000907	0
197.919472132	23.870572784974	0
199.4652345701	24.573863395457	0
50.219598389671	56.542535662739	0
49.732071255643	55.234798964337	0
50.956651607382	55.518368059727	0
55.485464736043	56.238544335595	0
56.871813770906	56.817055458828	0
52.613557811142	52.435038702435	0
51.678965629456	53.852230605464	0
54.179749146165	50.542841361264	0
53.633959167727	51.49095210937	0
16.335264993635	60.101611160539	0
95.557490328286	43.092992006553	0
96.330770175302	39.867447851081	0
182.8446492726	19.573448600014	0
181.37876780042	22.705006489169	0
180.66095148003	23.701593369895	0
185.59277694966	21.72683303714	0
184.3233213631	21.929254036357	0
186.70712422537	21.272629346831	0
184.00995744648	26.841103618298	0
180.92096279025	25.137589660113	0
176.17094209987	23.413689809429	0
175.64582318293	22.325084949438	0
188.97439559831	23.453293001356	0
183.1771110898	26.100324358507	0
183.04051109216	27.391158826135	0
182.97079354331	24.861681340892	0
182.49493781446	23.438337671046	0
29.861974216181	47.212684374587	0
32.205314085131	46.913845994733	0
35.082166748226	47.371521347046	0
32.84668398603	47.78521278869	0
34.057943869241	47.901397375472	0
33.417054123968	48.860074300063	0
6.1805775854152	67.570763546944	0
5.4262086074889	68.494361816279	0
3.8613068367569	67.145641333217	0
2.6739388584914	66.238648883512	0
1.3100282349946	67.378545752275	0
1.2017366630683	62.8422	0
0	61.9672	0
2.5656472865651	63.452303131237	0
7.3586509387062	59.984572551975	0
4.7766155166331	61.7293369277	0
49.213097731365	54.089951834444	0
18.420600328984	46.573534894155	0
22.438639073808	48.430181742568	0
23.476658516924	48.581860454334	0
18.75	44.955476227793	0
19.670600328984	45.816939097986	0
20.808426085552	45.248879702654	0
21.25	43.42927603186	0
23.402866153719	51.49278086426	0
23.351987365396	52.517656859354	0
24.503808671288	52.153892296182	0
25.55061837884	52.165802920358	0
31.892204566106	49.75823263269	0
26.374880372333	52.776991616674	0
61.419238641081	47.960608524853	0
62.273824527813	48.651009761441	0
61.416595033222	54.279516667811	0
55.568788878896	49.071708546133	0
54.84528472803	48.34059083511	0
59.17896816687	50.940480836474	0
57.536481017902	49.677629270914	0
53.778327132448	48.464039447572	0
58.045543062106	45.354040447864	0
58.631096329011	48.210279344676	0
57.995701899182	52.857826163317	0
58.920581413765	53.875328832865	0
57.923436323137	54.434874604603	0
56.760668481732	54.560234807052	0
54.705793470234	54.598463764325	0
60.414666353479	48.405361742118	0
55.397580932608	50.085946783836	0
182.00134718899	25.411736548729	0
179.50450672939	27.28532692745	0
56.14744128517	51.148762086045	0
57.181914940083	52.054619721836	0
58.179060030712	51.495073950098	0
57.685547996315	55.5777374766	0
59.992755125968	51.743687277954	0
61.717330636976	52.902705211564	0
60.691927658373	52.565905620578	0
59.692019522215	53.120498734202	0
0	58.4672	0
3.838944649084	62.353487572099	0
3.9885797800602	59.053975554874	0
3.3925196388392	60.009749058797	0
3.3411441936857	61.343049355601	0
63.475877175239	49.58307807903	0
65.026823260933	50.992679957392	0
65.188627263806	52.074865875909	0
196.82011134198	22.730630133076	0
200	23.698863395457	0
CELLS 7412 29648
3	147	1016	1018	
3	837	1017	1016	
3	183	1018	1017	
3	1016	1017	1018	
3	321	1019	1021	
3	409	1020	1019	
3	216	1021	1020	
3	1019	1020	1021	
3	420	1022	1024	
3	9	1023	1022	
3	416	1024	1023	
3	1022	1023	1024	
3	355	1025	1027	
3	450	1026	1025	
3	175	1027	1026	
3	1025	1026	1027	
3	183	1028	1030	
3	273	1029	1028	
3	148	1030	1029	
3	1028	1029	1030	
3	838	1031	1033	
3	164	1032	1031	
3	877	1033	1032	
3	1031	1032	1033	
3	148	1034	1030	
3	147	1018	1034	
3	183	1030	1018	
3	1034	1018	1030	
3	228	1035	1037	
3	264	1036	1035	
3	286	1037	1036	
3	1035	1036	1037	
3	414	1038	1040	
3	143	1039	1038	
3	185	1040	1039	
3	1038	1039	1040	
3	267	1041	1043	
3	49	1042	1041	
3	48	1043	1042	
3	1041	1042	1043	
3	413	1044	1046	
3	414	1045	1044	
3	335	1046	1045	
3	1044	1045	1046	
3	442	1047	1049	
3	241	1048	1047	
3	274	1049	1048	
3	1047	1048	1049	
3	78	1050	1052	
3	866	1051	1050	
3	379	1052	1051	
3	1050	1051	1052	
3	143	1053	1039	
3	142	1054	1053	
3	185	1039	1054	
3	1053	1054	1039	
3	140	1055	1057	
3	235	1056	1055	
3	141	1057	1056	
3	1055	1056	1057	
3	683	1058	1060	
3	371	1059	1058	
3	680	1060	1059	
3	1058	1059	1060	
3	628	1061	1063	
3	740	1062	1061	
3	308	1063	1062	
3	1061	1062	1063	
3	273	1064	1066	
3	240	1065	1064	
3	149	1066	1065	
3	1064	1065	1066	
3	188	1067	1069	
3	157	1068	1067	
3	156	1069	1068	
3	1067	1068	1069	
3	455	1070	1072	
3	227	1071	1070	
3	262	1072	1071	
3	1070	1071	1072	
3	838	1033	1074	
3	877	1073	1033	
3	188	1074	1073	
3	1033	1073	1074	
3	777	1075	1077	
3	292	1076	1075	
3	196	1077	1076	
3	1075	1076	1077	
3	361	1078	1080	
3	42	1079	1078	
3	41	1080	1079	
3	1078	1079	1080	
3	590	1081	1083	
3	343	1082	1081	
3	427	1083	1082	
3	1081	1082	1083	
3	417	1084	1086	
3	172	1085	1084	
3	507	1086	1085	
3	1084	1085	1086	
3	19	1087	1089	
3	247	1088	1087	
3	288	1089	1088	
3	1087	1088	1089	
3	151	1090	1092	
3	190	1091	1090	
3	152	1092	1091	
3	1090	1091	1092	
3	865	1093	1095	
3	357	1094	1093	
3	219	1095	1094	
3	1093	1094	1095	
3	217	1096	1098	
3	311	1097	1096	
3	319	1098	1097	
3	1096	1097	1098	
3	458	1099	1101	
3	456	1100	1099	
3	385	1101	1100	
3	1099	1100	1101	
3	240	1102	1104	
3	239	1103	1102	
3	150	1104	1103	
3	1102	1103	1104	
3	152	1091	1106	
3	190	1105	1091	
3	980	1106	1105	
3	1091	1105	1106	
3	979	1107	1109	
3	980	1108	1107	
3	978	1109	1108	
3	1107	1108	1109	
3	231	1110	1112	
3	181	1111	1110	
3	425	1112	1111	
3	1110	1111	1112	
3	173	1113	1115	
3	209	1114	1113	
3	313	1115	1114	
3	1113	1114	1115	
3	156	1116	1118	
3	155	1117	1116	
3	838	1118	1117	
3	1116	1117	1118	
3	162	1119	1120	
3	183	1017	1119	
3	837	1120	1017	
3	1119	1017	1120	
3	234	1121	1123	
3	359	1122	1121	
3	600	1123	1122	
3	1121	1122	1123	
3	128	1124	1126	
3	839	1125	1124	
3	192	1126	1125	
3	1124	1125	1126	
3	317	1127	1129	
3	320	1128	1127	
3	409	1129	1128	
3	1127	1128	1129	
3	192	1130	1126	
3	129	1131	1130	
3	128	1126	1131	
3	1130	1131	1126	
3	840	1132	1134	
3	851	1133	1132	
3	198	1134	1133	
3	1132	1133	1134	
3	126	1135	1137	
3	193	1136	1135	
3	127	1137	1136	
3	1135	1136	1137	
3	429	1138	1140	
3	130	1139	1138	
3	129	1140	1139	
3	1138	1139	1140	
3	438	1141	1143	
3	496	1142	1141	
3	357	1143	1142	
3	1141	1142	1143	
3	946	1144	1146	
3	290	1145	1144	
3	187	1146	1145	
3	1144	1145	1146	
3	121	1147	1149	
3	195	1148	1147	
3	345	1149	1148	
3	1147	1148	1149	
3	934	1150	1152	
3	933	1151	1150	
3	785	1152	1151	
3	1150	1151	1152	
3	291	1153	1155	
3	26	1154	1153	
3	25	1155	1154	
3	1153	1154	1155	
3	349	1156	1158	
3	12	1157	1156	
3	11	1158	1157	
3	1156	1157	1158	
3	352	1159	1161	
3	353	1160	1159	
3	208	1161	1160	
3	1159	1160	1161	
3	344	1162	1164	
3	429	1163	1162	
3	192	1164	1163	
3	1162	1163	1164	
3	388	1165	1167	
3	126	1166	1165	
3	125	1167	1166	
3	1165	1166	1167	
3	296	1168	1170	
3	297	1169	1168	
3	34	1170	1169	
3	1168	1169	1170	
3	56	1171	1173	
3	55	1172	1171	
3	229	1173	1172	
3	1171	1172	1173	
3	839	1174	1125	
3	166	1175	1174	
3	192	1125	1175	
3	1174	1175	1125	
3	859	1176	1178	
3	401	1177	1176	
3	244	1178	1177	
3	1176	1177	1178	
3	9	1179	1023	
3	8	1180	1179	
3	416	1023	1180	
3	1179	1180	1023	
3	137	1181	1183	
3	198	1182	1181	
3	138	1183	1182	
3	1181	1182	1183	
3	279	1184	1186	
3	309	1185	1184	
3	195	1186	1185	
3	1184	1185	1186	
3	250	1187	1189	
3	108	1188	1187	
3	107	1189	1188	
3	1187	1188	1189	
3	270	1190	1192	
3	163	1191	1190	
3	185	1192	1191	
3	1190	1191	1192	
3	136	1193	1195	
3	840	1194	1193	
3	137	1195	1194	
3	1193	1194	1195	
3	319	1196	1098	
3	176	1197	1196	
3	217	1098	1197	
3	1196	1197	1098	
3	200	1198	1200	
3	857	1199	1198	
3	169	1200	1199	
3	1198	1199	1200	
3	839	1124	1202	
3	128	1201	1124	
3	127	1202	1201	
3	1124	1201	1202	
3	269	1203	1205	
3	186	1204	1203	
3	235	1205	1204	
3	1203	1204	1205	
3	265	1206	1208	
3	48	1207	1206	
3	47	1208	1207	
3	1206	1207	1208	
3	622	1209	1211	
3	732	1210	1209	
3	694	1211	1210	
3	1209	1210	1211	
3	201	1212	1214	
3	857	1213	1212	
3	132	1214	1213	
3	1212	1213	1214	
3	30	1215	1217	
3	276	1216	1215	
3	295	1217	1216	
3	1215	1216	1217	
3	318	1218	1220	
3	327	1219	1218	
3	326	1220	1219	
3	1218	1219	1220	
3	184	1221	1223	
3	573	1222	1221	
3	569	1223	1222	
3	1221	1222	1223	
3	168	1224	1225	
3	851	1132	1224	
3	840	1225	1132	
3	1224	1132	1225	
3	140	1226	1055	
3	269	1205	1226	
3	235	1055	1205	
3	1226	1205	1055	
3	382	1227	1229	
3	262	1228	1227	
3	67	1229	1228	
3	1227	1228	1229	
3	444	1230	1232	
3	167	1231	1230	
3	445	1232	1231	
3	1230	1231	1232	
3	122	1233	1235	
3	194	1234	1233	
3	123	1235	1234	
3	1233	1234	1235	
3	203	1236	1238	
3	430	1237	1236	
3	347	1238	1237	
3	1236	1237	1238	
3	420	1024	1240	
3	416	1239	1024	
3	421	1240	1239	
3	1024	1239	1240	
3	364	1241	1242	
3	250	1189	1241	
3	107	1242	1189	
3	1241	1189	1242	
3	203	1243	1245	
3	349	1244	1243	
3	170	1245	1244	
3	1243	1244	1245	
3	12	1156	1246	
3	349	1243	1156	
3	203	1246	1243	
3	1156	1243	1246	
3	240	1064	1248	
3	273	1247	1064	
3	962	1248	1247	
3	1064	1247	1248	
3	135	1249	1251	
3	841	1250	1249	
3	199	1251	1250	
3	1249	1250	1251	
3	337	1252	1254	
3	416	1253	1252	
3	417	1254	1253	
3	1252	1253	1254	
3	386	1255	1257	
3	388	1256	1255	
3	274	1257	1256	
3	1255	1256	1257	
3	13	1258	1260	
3	347	1259	1258	
3	14	1260	1259	
3	1258	1259	1260	
3	205	1261	1263	
3	15	1262	1261	
3	432	1263	1262	
3	1261	1262	1263	
3	348	1264	1266	
3	432	1265	1264	
3	14	1266	1265	
3	1264	1265	1266	
3	145	1267	1269	
3	413	1268	1267	
3	573	1269	1268	
3	1267	1268	1269	
3	253	1270	1272	
3	279	1271	1270	
3	119	1272	1271	
3	1270	1271	1272	
3	386	1273	1275	
3	241	1274	1273	
3	460	1275	1274	
3	1273	1274	1275	
3	570	1276	1278	
3	664	1277	1276	
3	665	1278	1277	
3	1276	1277	1278	
3	203	1279	1246	
3	13	1280	1279	
3	12	1246	1280	
3	1279	1280	1246	
3	394	1281	1283	
3	635	1282	1281	
3	555	1283	1282	
3	1281	1282	1283	
3	413	1267	1285	
3	145	1284	1267	
3	144	1285	1284	
3	1267	1284	1285	
3	207	1286	1288	
3	520	1287	1286	
3	598	1288	1287	
3	1286	1287	1288	
3	692	1289	1291	
3	548	1290	1289	
3	547	1291	1290	
3	1289	1290	1291	
3	352	1292	1294	
3	173	1293	1292	
3	675	1294	1293	
3	1292	1293	1294	
3	766	1295	1297	
3	668	1296	1295	
3	717	1297	1296	
3	1295	1296	1297	
3	189	1298	1299	
3	979	1109	1298	
3	978	1299	1109	
3	1298	1109	1299	
3	194	1300	1302	
3	443	1301	1300	
3	446	1302	1301	
3	1300	1301	1302	
3	1	1303	1305	
3	0	1304	1303	
3	500	1305	1304	
3	1303	1304	1305	
3	131	1306	1307	
3	201	1214	1306	
3	132	1307	1214	
3	1306	1214	1307	
3	5	1308	1310	
3	207	1309	1308	
3	6	1310	1309	
3	1308	1309	1310	
3	444	1311	1312	
3	443	1300	1311	
3	194	1312	1300	
3	1311	1300	1312	
3	417	1313	1084	
3	419	1314	1313	
3	172	1084	1314	
3	1313	1314	1084	
3	160	1315	1317	
3	506	1316	1315	
3	161	1317	1316	
3	1315	1316	1317	
3	427	1318	1320	
3	513	1319	1318	
3	188	1320	1319	
3	1318	1319	1320	
3	261	1321	1323	
3	284	1322	1321	
3	304	1323	1322	
3	1321	1322	1323	
3	521	1324	1326	
3	5	1325	1324	
3	4	1326	1325	
3	1324	1325	1326	
3	9	1022	1328	
3	420	1327	1022	
3	10	1328	1327	
3	1022	1327	1328	
3	434	1329	1331	
3	518	1330	1329	
3	350	1331	1330	
3	1329	1330	1331	
3	301	1332	1334	
3	311	1333	1332	
3	86	1334	1333	
3	1332	1333	1334	
3	518	1335	1337	
3	712	1336	1335	
3	595	1337	1336	
3	1335	1336	1337	
3	433	1338	1340	
3	435	1339	1338	
3	205	1340	1339	
3	1338	1339	1340	
3	297	1341	1169	
3	35	1342	1341	
3	34	1169	1342	
3	1341	1342	1169	
3	29	1343	1344	
3	276	1215	1343	
3	30	1344	1215	
3	1343	1215	1344	
3	294	1345	1347	
3	28	1346	1345	
3	245	1347	1346	
3	1345	1346	1347	
3	21	1348	1350	
3	20	1349	1348	
3	271	1350	1349	
3	1348	1349	1350	
3	205	1351	1261	
3	16	1352	1351	
3	15	1261	1352	
3	1351	1352	1261	
3	189	1353	1355	
3	155	1354	1353	
3	154	1355	1354	
3	1353	1354	1355	
3	202	1356	1358	
3	469	1357	1356	
3	467	1358	1357	
3	1356	1357	1358	
3	136	1359	1360	
3	135	1251	1359	
3	199	1360	1251	
3	1359	1251	1360	
3	38	1361	1363	
3	37	1362	1361	
3	208	1363	1362	
3	1361	1362	1363	
3	173	1364	1366	
3	208	1365	1364	
3	858	1366	1365	
3	1364	1365	1366	
3	209	1113	1367	
3	173	1366	1113	
3	858	1367	1366	
3	1113	1366	1367	
3	158	1368	1370	
3	426	1369	1368	
3	159	1370	1369	
3	1368	1369	1370	
3	354	1371	1373	
3	39	1372	1371	
3	353	1373	1372	
3	1371	1372	1373	
3	305	1374	1376	
3	860	1375	1374	
3	285	1376	1375	
3	1374	1375	1376	
3	296	1377	1379	
3	246	1378	1377	
3	390	1379	1378	
3	1377	1378	1379	
3	33	1380	1382	
3	32	1381	1380	
3	246	1382	1381	
3	1380	1381	1382	
3	176	1383	1197	
3	356	1384	1383	
3	217	1197	1384	
3	1383	1384	1197	
3	124	1385	1387	
3	123	1386	1385	
3	446	1387	1386	
3	1385	1386	1387	
3	20	1388	1349	
3	288	1389	1388	
3	271	1349	1389	
3	1388	1389	1349	
3	283	1390	1392	
3	302	1391	1390	
3	303	1392	1391	
3	1390	1391	1392	
3	436	1393	1395	
3	18	1394	1393	
3	435	1395	1394	
3	1393	1394	1395	
3	187	1396	1398	
3	236	1397	1396	
3	289	1398	1397	
3	1396	1397	1398	
3	837	1016	1400	
3	147	1399	1016	
3	146	1400	1399	
3	1016	1399	1400	
3	343	1401	1403	
3	653	1402	1401	
3	514	1403	1402	
3	1401	1402	1403	
3	19	1404	1087	
3	18	1405	1404	
3	247	1087	1405	
3	1404	1405	1087	
3	25	1406	1155	
3	272	1407	1406	
3	291	1155	1407	
3	1406	1407	1155	
3	25	1408	1406	
3	24	1409	1408	
3	272	1406	1409	
3	1408	1409	1406	
3	214	1410	1411	
3	355	1027	1410	
3	175	1411	1027	
3	1410	1027	1411	
3	22	1412	1414	
3	21	1413	1412	
3	289	1414	1413	
3	1412	1413	1414	
3	236	1415	1417	
3	290	1416	1415	
3	23	1417	1416	
3	1415	1416	1417	
3	290	1418	1419	
3	272	1409	1418	
3	24	1419	1409	
3	1418	1409	1419	
3	211	1420	1422	
3	174	1421	1420	
3	249	1422	1421	
3	1420	1421	1422	
3	17	1423	1424	
3	16	1351	1423	
3	205	1424	1351	
3	1423	1351	1424	
3	192	1175	1164	
3	166	1425	1175	
3	344	1164	1425	
3	1175	1425	1164	
3	23	1426	1417	
3	22	1427	1426	
3	236	1417	1427	
3	1426	1427	1417	
3	859	1428	1430	
3	276	1429	1428	
3	294	1430	1429	
3	1428	1429	1430	
3	200	1431	1433	
3	134	1432	1431	
3	133	1433	1432	
3	1431	1432	1433	
3	857	1212	1199	
3	201	1434	1212	
3	169	1199	1434	
3	1212	1434	1199	
3	397	1435	1437	
3	197	1436	1435	
3	395	1437	1436	
3	1435	1436	1437	
3	40	1438	1440	
3	248	1439	1438	
3	41	1440	1439	
3	1438	1439	1440	
3	134	1441	1442	
3	841	1249	1441	
3	135	1442	1249	
3	1441	1249	1442	
3	122	1443	1444	
3	121	1149	1443	
3	345	1444	1149	
3	1443	1149	1444	
3	298	1445	1447	
3	314	1446	1445	
3	320	1447	1446	
3	1445	1446	1447	
3	165	1448	1450	
3	190	1449	1448	
3	239	1450	1449	
3	1448	1449	1450	
3	215	1451	1453	
3	115	1452	1451	
3	114	1453	1452	
3	1451	1452	1453	
3	108	1454	1456	
3	211	1455	1454	
3	109	1456	1455	
3	1454	1455	1456	
3	448	1457	1459	
3	449	1458	1457	
3	363	1459	1458	
3	1457	1458	1459	
3	212	1460	1462	
3	526	1461	1460	
3	250	1462	1461	
3	1460	1461	1462	
3	110	1463	1464	
3	211	1422	1463	
3	249	1464	1422	
3	1463	1422	1464	
3	211	1463	1455	
3	110	1465	1463	
3	109	1455	1465	
3	1463	1465	1455	
3	501	1466	1467	
3	414	1040	1466	
3	185	1467	1040	
3	1466	1040	1467	
3	102	1468	1470	
3	481	1469	1468	
3	103	1470	1469	
3	1468	1469	1470	
3	838	1471	1473	
3	189	1472	1471	
3	977	1473	1472	
3	1471	1472	1473	
3	307	1474	1476	
3	552	1475	1474	
3	101	1476	1475	
3	1474	1475	1476	
3	230	1477	1479	
3	53	1478	1477	
3	52	1479	1478	
3	1477	1478	1479	
3	264	1480	1481	
3	307	1476	1480	
3	101	1481	1476	
3	1480	1476	1481	
3	481	1482	1484	
3	552	1483	1482	
3	287	1484	1483	
3	1482	1483	1484	
3	184	1485	1487	
3	146	1486	1485	
3	145	1487	1486	
3	1485	1486	1487	
3	171	1488	1490	
3	592	1489	1488	
3	434	1490	1489	
3	1488	1489	1490	
3	846	1491	1493	
3	848	1492	1491	
3	844	1493	1492	
3	1491	1492	1493	
3	250	1494	1495	
3	174	1420	1494	
3	211	1495	1420	
3	1494	1420	1495	
3	279	1496	1271	
3	120	1497	1496	
3	119	1271	1497	
3	1496	1497	1271	
3	170	1498	1245	
3	430	1236	1498	
3	203	1245	1236	
3	1498	1236	1245	
3	220	1499	1501	
3	356	1500	1499	
3	438	1501	1500	
3	1499	1500	1501	
3	252	1502	1504	
3	114	1503	1502	
3	113	1504	1503	
3	1502	1503	1504	
3	117	1505	1507	
3	214	1506	1505	
3	278	1507	1506	
3	1505	1506	1507	
3	253	1508	1510	
3	118	1509	1508	
3	278	1510	1509	
3	1508	1509	1510	
3	215	1511	1451	
3	355	1512	1511	
3	115	1451	1512	
3	1511	1512	1451	
3	33	1513	1514	
3	296	1170	1513	
3	34	1514	1170	
3	1513	1170	1514	
3	44	1515	1517	
3	292	1516	1515	
3	275	1517	1516	
3	1515	1516	1517	
3	347	1518	1520	
3	346	1519	1518	
3	348	1520	1519	
3	1518	1519	1520	
3	138	1182	1522	
3	198	1521	1182	
3	854	1522	1521	
3	1182	1521	1522	
3	575	1523	1525	
3	577	1524	1523	
3	578	1525	1524	
3	1523	1524	1525	
3	251	1526	1528	
3	112	1527	1526	
3	111	1528	1527	
3	1526	1527	1528	
3	114	1502	1453	
3	252	1529	1502	
3	215	1453	1529	
3	1502	1529	1453	
3	251	1528	1531	
3	111	1530	1528	
3	365	1531	1530	
3	1528	1530	1531	
3	116	1532	1533	
3	214	1505	1532	
3	117	1533	1505	
3	1532	1505	1533	
3	195	1147	1535	
3	121	1534	1147	
3	120	1535	1534	
3	1147	1534	1535	
3	366	1536	1537	
3	112	1526	1536	
3	251	1537	1526	
3	1536	1526	1537	
3	264	1481	1539	
3	101	1538	1481	
3	100	1539	1538	
3	1481	1538	1539	
3	304	1540	1542	
3	226	1541	1540	
3	98	1542	1541	
3	1540	1541	1542	
3	88	1543	1545	
3	87	1544	1543	
3	217	1545	1544	
3	1543	1544	1545	
3	865	1546	1548	
3	257	1547	1546	
3	375	1548	1547	
3	1546	1547	1548	
3	89	1549	1551	
3	88	1550	1549	
3	356	1551	1550	
3	1549	1550	1551	
3	618	1552	1554	
3	689	1553	1552	
3	541	1554	1553	
3	1552	1553	1554	
3	355	1555	1512	
3	116	1556	1555	
3	115	1512	1556	
3	1555	1556	1512	
3	89	1557	1559	
3	220	1558	1557	
3	90	1559	1558	
3	1557	1558	1559	
3	310	1560	1562	
3	84	1561	1560	
3	259	1562	1561	
3	1560	1561	1562	
3	538	1563	1565	
3	727	1564	1563	
3	376	1565	1564	
3	1563	1564	1565	
3	80	1566	1568	
3	867	1567	1566	
3	380	1568	1567	
3	1566	1567	1568	
3	62	1569	1571	
3	233	1570	1569	
3	441	1571	1570	
3	1569	1570	1571	
3	51	1572	1574	
3	424	1573	1572	
3	52	1574	1573	
3	1572	1573	1574	
3	98	1575	1542	
3	97	1576	1575	
3	304	1542	1576	
3	1575	1576	1542	
3	176	1577	1383	
3	438	1500	1577	
3	356	1383	1500	
3	1577	1500	1383	
3	84	1578	1561	
3	83	1579	1578	
3	259	1561	1579	
3	1578	1579	1561	
3	411	1580	1582	
3	325	1581	1580	
3	324	1582	1581	
3	1580	1581	1582	
3	233	1583	1585	
3	182	1584	1583	
3	439	1585	1584	
3	1583	1584	1585	
3	589	1586	1588	
3	586	1587	1586	
3	338	1588	1587	
3	1586	1587	1588	
3	86	1333	1590	
3	311	1589	1333	
3	87	1590	1589	
3	1333	1589	1590	
3	94	1591	1593	
3	93	1592	1591	
3	223	1593	1592	
3	1591	1592	1593	
3	389	1594	1596	
3	193	1595	1594	
3	386	1596	1595	
3	1594	1595	1596	
3	235	1597	1056	
3	270	1598	1597	
3	141	1056	1598	
3	1597	1598	1056	
3	240	1104	1065	
3	150	1599	1104	
3	149	1065	1599	
3	1104	1599	1065	
3	99	1600	1601	
3	98	1541	1600	
3	226	1601	1541	
3	1600	1541	1601	
3	286	1602	1603	
3	99	1601	1602	
3	226	1603	1601	
3	1602	1601	1603	
3	97	1604	1606	
3	96	1605	1604	
3	261	1606	1605	
3	1604	1605	1606	
3	11	1607	1609	
3	10	1608	1607	
3	204	1609	1608	
3	1607	1608	1609	
3	90	1558	1611	
3	220	1610	1558	
3	375	1611	1610	
3	1558	1610	1611	
3	65	1612	1614	
3	64	1613	1612	
3	268	1614	1613	
3	1612	1613	1614	
3	229	1615	1617	
3	180	1616	1615	
3	584	1617	1616	
3	1615	1616	1617	
3	270	1618	1598	
3	142	1619	1618	
3	141	1598	1619	
3	1618	1619	1598	
3	92	1620	1622	
3	377	1621	1620	
3	93	1622	1621	
3	1620	1621	1622	
3	261	1623	1625	
3	283	1624	1623	
3	225	1625	1624	
3	1623	1624	1625	
3	91	1626	1628	
3	257	1627	1626	
3	92	1628	1627	
3	1626	1627	1628	
3	190	1448	1105	
3	165	1629	1448	
3	980	1105	1629	
3	1448	1629	1105	
3	28	1630	1346	
3	27	1631	1630	
3	245	1346	1631	
3	1630	1631	1346	
3	283	1632	1634	
3	178	1633	1632	
3	786	1634	1633	
3	1632	1633	1634	
3	312	1635	1637	
3	285	1636	1635	
3	306	1637	1636	
3	1635	1636	1637	
3	208	1364	1161	
3	173	1292	1364	
3	352	1161	1292	
3	1364	1292	1161	
3	289	1413	1638	
3	21	1350	1413	
3	271	1638	1350	
3	1413	1350	1638	
3	264	1539	1036	
3	100	1639	1539	
3	286	1036	1639	
3	1539	1639	1036	
3	689	1640	1642	
3	130	1641	1640	
3	344	1642	1641	
3	1640	1641	1642	
3	557	1643	1645	
3	707	1644	1643	
3	339	1645	1644	
3	1643	1644	1645	
3	231	1646	1110	
3	267	1647	1646	
3	181	1110	1647	
3	1646	1647	1110	
3	520	1648	1650	
3	521	1649	1648	
3	437	1650	1649	
3	1648	1649	1650	
3	423	1651	1653	
3	58	1652	1651	
3	57	1653	1652	
3	1651	1652	1653	
3	231	1112	1655	
3	425	1654	1112	
3	50	1655	1654	
3	1112	1654	1655	
3	230	1656	1658	
3	180	1657	1656	
3	358	1658	1657	
3	1656	1657	1658	
3	358	1657	1659	
3	180	1615	1657	
3	229	1659	1615	
3	1657	1615	1659	
3	119	1660	1272	
3	118	1508	1660	
3	253	1272	1508	
3	1660	1508	1272	
3	342	1661	1663	
3	182	1662	1661	
3	340	1663	1662	
3	1661	1662	1663	
3	365	1664	1531	
3	213	1665	1664	
3	251	1531	1665	
3	1664	1665	1531	
3	358	1666	1668	
3	54	1667	1666	
3	53	1668	1667	
3	1666	1667	1668	
3	229	1172	1670	
3	55	1669	1172	
3	54	1670	1669	
3	1172	1669	1670	
3	166	1671	1425	
3	541	1672	1671	
3	344	1425	1672	
3	1671	1672	1425	
3	437	1673	1675	
3	4	1674	1673	
3	3	1675	1674	
3	1673	1674	1675	
3	51	1676	1572	
3	425	1677	1676	
3	424	1572	1677	
3	1676	1677	1572	
3	43	1678	1680	
3	242	1679	1678	
3	292	1680	1679	
3	1678	1679	1680	
3	301	1681	1683	
3	85	1682	1681	
3	310	1683	1682	
3	1681	1682	1683	
3	310	1684	1686	
3	318	1685	1684	
3	281	1686	1685	
3	1684	1685	1686	
3	41	1439	1080	
3	248	1687	1439	
3	361	1080	1687	
3	1439	1687	1080	
3	455	1688	1690	
3	381	1689	1688	
3	456	1690	1689	
3	1688	1689	1690	
3	353	1372	1692	
3	39	1691	1372	
3	38	1692	1691	
3	1372	1691	1692	
3	354	1693	1371	
3	40	1694	1693	
3	39	1371	1694	
3	1693	1694	1371	
3	646	1695	1697	
3	709	1696	1695	
3	821	1697	1696	
3	1695	1696	1697	
3	59	1698	1699	
3	342	1663	1698	
3	340	1699	1663	
3	1698	1663	1699	
3	42	1700	1701	
3	242	1678	1700	
3	43	1701	1678	
3	1700	1678	1701	
3	47	1702	1208	
3	266	1703	1702	
3	265	1208	1703	
3	1702	1703	1208	
3	50	1704	1655	
3	49	1705	1704	
3	231	1655	1705	
3	1704	1705	1655	
3	45	1706	1708	
3	275	1707	1706	
3	293	1708	1707	
3	1706	1707	1708	
3	48	1206	1043	
3	265	1709	1206	
3	267	1043	1709	
3	1206	1709	1043	
3	205	1710	1340	
3	171	1711	1710	
3	433	1340	1711	
3	1710	1711	1340	
3	124	1712	1714	
3	274	1713	1712	
3	125	1714	1713	
3	1712	1713	1714	
3	85	1681	1715	
3	301	1334	1681	
3	86	1715	1334	
3	1681	1334	1715	
3	508	1716	1717	
3	419	1313	1716	
3	417	1717	1313	
3	1716	1313	1717	
3	840	1718	1720	
3	199	1719	1718	
3	929	1720	1719	
3	1718	1719	1720	
3	209	1721	1723	
3	36	1722	1721	
3	35	1723	1722	
3	1721	1722	1723	
3	377	1724	1726	
3	257	1725	1724	
3	376	1726	1725	
3	1724	1725	1726	
3	56	1173	1727	
3	229	1617	1173	
3	584	1727	1617	
3	1173	1617	1727	
3	372	1728	1730	
3	374	1729	1728	
3	367	1730	1729	
3	1728	1729	1730	
3	303	1731	1392	
3	178	1632	1731	
3	283	1392	1632	
3	1731	1632	1392	
3	909	1732	1734	
3	910	1733	1732	
3	908	1734	1733	
3	1732	1733	1734	
3	473	1735	1737	
3	474	1736	1735	
3	393	1737	1736	
3	1735	1736	1737	
3	72	1738	1740	
3	71	1739	1738	
3	260	1740	1739	
3	1738	1739	1740	
3	239	1741	1103	
3	151	1742	1741	
3	150	1103	1742	
3	1741	1742	1103	
3	195	1185	1744	
3	309	1743	1185	
3	167	1744	1743	
3	1185	1743	1744	
3	255	1745	1747	
3	300	1746	1745	
3	218	1747	1746	
3	1745	1746	1747	
3	927	1748	1750	
3	239	1749	1748	
3	191	1750	1749	
3	1748	1749	1750	
3	77	1751	1753	
3	76	1752	1751	
3	254	1753	1752	
3	1751	1752	1753	
3	378	1754	1756	
3	895	1755	1754	
3	868	1756	1755	
3	1754	1755	1756	
3	76	1757	1752	
3	255	1758	1757	
3	254	1752	1758	
3	1757	1758	1752	
3	295	1759	1217	
3	31	1760	1759	
3	30	1217	1760	
3	1759	1760	1217	
3	978	1761	1763	
3	981	1762	1761	
3	984	1763	1762	
3	1761	1762	1763	
3	270	1597	1764	
3	235	1204	1597	
3	186	1764	1204	
3	1597	1204	1764	
3	73	1765	1767	
3	280	1766	1765	
3	74	1767	1766	
3	1765	1766	1767	
3	280	1765	1769	
3	73	1768	1765	
3	299	1769	1768	
3	1765	1768	1769	
3	488	1770	1772	
3	491	1771	1770	
3	487	1772	1771	
3	1770	1771	1772	
3	197	1773	1436	
3	245	1774	1773	
3	395	1436	1774	
3	1773	1774	1436	
3	287	1775	1777	
3	307	1776	1775	
3	404	1777	1776	
3	1775	1776	1777	
3	340	1778	1699	
3	60	1779	1778	
3	59	1699	1779	
3	1778	1779	1699	
3	340	1780	1778	
3	61	1781	1780	
3	60	1778	1781	
3	1780	1781	1778	
3	275	1706	1517	
3	45	1782	1706	
3	44	1517	1782	
3	1706	1782	1517	
3	76	1783	1757	
3	75	1784	1783	
3	255	1757	1784	
3	1783	1784	1757	
3	269	1226	1786	
3	140	1785	1226	
3	139	1786	1785	
3	1226	1785	1786	
3	340	1787	1780	
3	233	1788	1787	
3	61	1780	1788	
3	1787	1788	1780	
3	858	1789	1791	
3	37	1790	1789	
3	36	1791	1790	
3	1789	1790	1791	
3	383	1792	1794	
3	381	1793	1792	
3	382	1794	1793	
3	1792	1793	1794	
3	439	1795	1585	
3	441	1570	1795	
3	233	1585	1570	
3	1795	1570	1585	
3	75	1796	1798	
3	74	1797	1796	
3	300	1798	1797	
3	1796	1797	1798	
3	71	1799	1801	
3	70	1800	1799	
3	312	1801	1800	
3	1799	1800	1801	
3	233	1569	1788	
3	62	1802	1569	
3	61	1788	1802	
3	1569	1802	1788	
3	525	1803	1804	
3	268	1613	1803	
3	64	1804	1613	
3	1803	1613	1804	
3	615	1805	1807	
3	687	1806	1805	
3	727	1807	1806	
3	1805	1806	1807	
3	104	1808	1810	
3	394	1809	1808	
3	105	1810	1809	
3	1808	1809	1810	
3	285	1811	1813	
3	70	1812	1811	
3	69	1813	1812	
3	1811	1812	1813	
3	68	1814	1815	
3	67	1228	1814	
3	262	1815	1228	
3	1814	1228	1815	
3	266	1816	1703	
3	232	1817	1816	
3	265	1703	1817	
3	1816	1817	1703	
3	239	1449	1741	
3	190	1090	1449	
3	151	1741	1090	
3	1449	1090	1741	
3	305	1818	1819	
3	68	1815	1818	
3	262	1819	1815	
3	1818	1815	1819	
3	866	1820	1821	
3	77	1753	1820	
3	254	1821	1753	
3	1820	1753	1821	
3	475	1822	1824	
3	477	1823	1822	
3	480	1824	1823	
3	1822	1823	1824	
3	149	1825	1066	
3	148	1029	1825	
3	273	1066	1029	
3	1825	1029	1066	
3	194	1826	1828	
3	345	1827	1826	
3	167	1828	1827	
3	1826	1827	1828	
3	239	1102	1749	
3	240	1829	1102	
3	191	1749	1829	
3	1102	1829	1749	
3	187	1398	1831	
3	289	1830	1398	
3	909	1831	1830	
3	1398	1830	1831	
3	370	1832	1834	
3	252	1833	1832	
3	368	1834	1833	
3	1832	1833	1834	
3	397	1835	1435	
3	400	1836	1835	
3	197	1435	1836	
3	1835	1836	1435	
3	246	1381	1838	
3	32	1837	1381	
3	493	1838	1837	
3	1381	1837	1838	
3	398	1839	1841	
3	291	1840	1839	
3	395	1841	1840	
3	1839	1840	1841	
3	245	1842	1347	
3	859	1430	1842	
3	294	1347	1430	
3	1842	1430	1347	
3	560	1843	1844	
3	31	1759	1843	
3	295	1844	1759	
3	1843	1759	1844	
3	202	1845	1846	
3	390	1378	1845	
3	246	1846	1378	
3	1845	1378	1846	
3	17	1847	1848	
3	435	1394	1847	
3	18	1848	1394	
3	1847	1394	1848	
3	910	1849	1851	
3	763	1850	1849	
3	713	1851	1850	
3	1849	1850	1851	
3	248	1852	1687	
3	362	1853	1852	
3	361	1687	1853	
3	1852	1853	1687	
3	242	1854	1856	
3	361	1855	1854	
3	196	1856	1855	
3	1854	1855	1856	
3	249	1421	1858	
3	174	1857	1421	
3	448	1858	1857	
3	1421	1857	1858	
3	110	1464	1860	
3	249	1859	1464	
3	365	1860	1859	
3	1464	1859	1860	
3	108	1187	1454	
3	250	1495	1187	
3	211	1454	1495	
3	1187	1495	1454	
3	364	1242	1862	
3	107	1861	1242	
3	106	1862	1861	
3	1242	1861	1862	
3	111	1863	1530	
3	110	1860	1863	
3	365	1530	1860	
3	1863	1860	1530	
3	366	1864	1866	
3	369	1865	1864	
3	368	1866	1865	
3	1864	1865	1866	
3	113	1867	1868	
3	112	1536	1867	
3	366	1868	1536	
3	1867	1536	1868	
3	252	1869	1833	
3	366	1866	1869	
3	368	1833	1866	
3	1869	1866	1833	
3	118	1870	1509	
3	117	1507	1870	
3	278	1509	1507	
3	1870	1507	1509	
3	279	1270	1872	
3	253	1871	1270	
3	216	1872	1871	
3	1270	1871	1872	
3	900	1873	1875	
3	896	1874	1873	
3	898	1875	1874	
3	1873	1874	1875	
3	958	1876	1878	
3	902	1877	1876	
3	645	1878	1877	
3	1876	1877	1878	
3	300	1797	1879	
3	74	1766	1797	
3	280	1879	1766	
3	1797	1766	1879	
3	254	1758	1880	
3	255	1747	1758	
3	218	1880	1747	
3	1758	1747	1880	
3	72	1740	1882	
3	260	1881	1740	
3	299	1882	1881	
3	1740	1881	1882	
3	997	1883	1885	
3	941	1884	1883	
3	224	1885	1884	
3	1883	1884	1885	
3	375	1547	1886	
3	257	1626	1547	
3	91	1886	1626	
3	1547	1626	1886	
3	376	1725	1888	
3	257	1887	1725	
3	219	1888	1887	
3	1725	1887	1888	
3	379	1889	1052	
3	79	1890	1889	
3	78	1052	1890	
3	1889	1890	1052	
3	867	1891	1893	
3	379	1892	1891	
3	221	1893	1892	
3	1891	1892	1893	
3	83	1894	1896	
3	410	1895	1894	
3	324	1896	1895	
3	1894	1895	1896	
3	410	1894	1898	
3	83	1897	1894	
3	82	1898	1897	
3	1894	1897	1898	
3	936	1899	1901	
3	942	1900	1899	
3	997	1901	1900	
3	1899	1900	1901	
3	302	1902	1904	
3	96	1903	1902	
3	95	1904	1903	
3	1902	1903	1904	
3	261	1625	1321	
3	225	1905	1625	
3	284	1321	1905	
3	1625	1905	1321	
3	382	1229	1907	
3	67	1906	1229	
3	66	1907	1906	
3	1229	1906	1907	
3	860	1374	1908	
3	305	1819	1374	
3	262	1908	1819	
3	1374	1819	1908	
3	881	1909	1911	
3	540	1910	1909	
3	227	1911	1910	
3	1909	1910	1911	
3	306	1912	1914	
3	224	1913	1912	
3	260	1914	1913	
3	1912	1913	1914	
3	100	1915	1639	
3	99	1602	1915	
3	286	1639	1602	
3	1915	1602	1639	
3	307	1480	1776	
3	264	1916	1480	
3	404	1776	1916	
3	1480	1916	1776	
3	266	1702	1918	
3	47	1917	1702	
3	46	1918	1917	
3	1702	1917	1918	
3	267	1709	1919	
3	265	1817	1709	
3	232	1919	1817	
3	1709	1817	1919	
3	293	1920	1708	
3	46	1921	1920	
3	45	1708	1921	
3	1920	1921	1708	
3	46	1920	1918	
3	293	1922	1920	
3	266	1918	1922	
3	1920	1922	1918	
3	267	1919	1924	
3	232	1923	1919	
3	485	1924	1923	
3	1919	1923	1924	
3	267	1646	1041	
3	231	1705	1646	
3	49	1041	1705	
3	1646	1705	1041	
3	525	1925	1927	
3	63	1926	1925	
3	441	1927	1926	
3	1925	1926	1927	
3	384	1928	1930	
3	383	1929	1928	
3	268	1930	1929	
3	1928	1929	1930	
3	854	1931	1522	
3	139	1932	1931	
3	138	1522	1932	
3	1931	1932	1522	
3	844	1492	1934	
3	848	1933	1492	
3	168	1934	1933	
3	1492	1933	1934	
3	270	1764	1936	
3	186	1935	1764	
3	919	1936	1935	
3	1764	1935	1936	
3	270	1192	1618	
3	185	1054	1192	
3	142	1618	1054	
3	1192	1054	1618	
3	20	1937	1388	
3	19	1089	1937	
3	288	1388	1089	
3	1937	1089	1388	
3	289	1638	1939	
3	271	1938	1638	
3	237	1939	1938	
3	1638	1938	1939	
3	24	1940	1419	
3	23	1416	1940	
3	290	1419	1416	
3	1940	1416	1419	
3	272	1941	1407	
3	238	1942	1941	
3	291	1407	1942	
3	1941	1942	1407	
3	162	1943	1119	
3	963	1944	1943	
3	183	1119	1944	
3	1943	1944	1119	
3	986	1945	1947	
3	964	1946	1945	
3	665	1947	1946	
3	1945	1946	1947	
3	167	1230	1828	
3	444	1312	1230	
3	194	1828	1312	
3	1230	1312	1828	
3	386	1257	1273	
3	274	1048	1257	
3	241	1273	1048	
3	1257	1048	1273	
3	44	1948	1515	
3	43	1680	1948	
3	292	1515	1680	
3	1948	1680	1515	
3	275	1949	1707	
3	243	1950	1949	
3	293	1707	1950	
3	1949	1950	1707	
3	294	1429	1951	
3	276	1343	1429	
3	29	1951	1343	
3	1429	1343	1951	
3	276	1952	1216	
3	244	1953	1952	
3	295	1216	1953	
3	1952	1953	1216	
3	618	1954	1956	
3	688	1955	1954	
3	201	1956	1955	
3	1954	1955	1956	
3	297	1957	1958	
3	313	1114	1957	
3	209	1958	1114	
3	1957	1114	1958	
3	175	1959	1411	
3	278	1506	1959	
3	214	1411	1506	
3	1959	1506	1411	
3	216	1871	1960	
3	253	1510	1871	
3	278	1960	1510	
3	1871	1510	1960	
3	314	1961	1962	
3	309	1184	1961	
3	279	1962	1184	
3	1961	1184	1962	
3	120	1496	1535	
3	279	1186	1496	
3	195	1535	1186	
3	1496	1186	1535	
3	73	1963	1768	
3	72	1882	1963	
3	299	1768	1882	
3	1963	1882	1768	
3	300	1879	1965	
3	280	1964	1879	
3	256	1965	1964	
3	1879	1964	1965	
3	310	1966	1684	
3	322	1967	1966	
3	318	1684	1967	
3	1966	1967	1684	
3	323	1968	1970	
3	562	1969	1968	
3	494	1970	1969	
3	1968	1969	1970	
3	81	1971	1973	
3	282	1972	1971	
3	410	1973	1972	
3	1971	1972	1973	
3	302	1974	1902	
3	261	1605	1974	
3	96	1902	1605	
3	1974	1605	1902	
3	303	1391	1975	
3	302	1904	1391	
3	95	1975	1904	
3	1391	1904	1975	
3	473	1976	1977	
3	284	1905	1976	
3	225	1977	1905	
3	1976	1905	1977	
3	179	1978	1980	
3	226	1979	1978	
3	284	1980	1979	
3	1978	1979	1980	
3	305	1376	1981	
3	285	1813	1376	
3	69	1981	1813	
3	1376	1813	1981	
3	306	1636	1983	
3	285	1982	1636	
3	263	1983	1982	
3	1636	1982	1983	
3	226	1978	1603	
3	179	1984	1978	
3	286	1603	1984	
3	1978	1984	1603	
3	480	1985	1987	
3	876	1986	1985	
3	179	1987	1986	
3	1985	1986	1987	
3	440	1988	1990	
3	359	1989	1988	
3	439	1990	1989	
3	1988	1989	1990	
3	364	1991	1993	
3	555	1992	1991	
3	553	1993	1992	
3	1991	1992	1993	
3	206	1994	1995	
3	288	1088	1994	
3	247	1995	1088	
3	1994	1088	1995	
3	237	1938	1996	
3	271	1389	1938	
3	288	1996	1389	
3	1938	1389	1996	
3	910	1851	1998	
3	713	1997	1851	
3	974	1998	1997	
3	1851	1997	1998	
3	22	1414	1427	
3	289	1397	1414	
3	236	1427	1397	
3	1414	1397	1427	
3	187	1145	1396	
3	290	1415	1145	
3	236	1396	1415	
3	1145	1415	1396	
3	238	1941	1999	
3	272	1418	1941	
3	290	1999	1418	
3	1941	1418	1999	
3	291	1942	2001	
3	238	2000	1942	
3	872	2001	2000	
3	1942	2000	2001	
3	398	2002	2004	
3	27	2003	2002	
3	26	2004	2003	
3	2002	2003	2004	
3	196	1076	1856	
3	292	1679	1076	
3	242	1856	1679	
3	1076	1679	1856	
3	243	1949	2005	
3	275	1516	1949	
3	292	2005	1516	
3	1949	1516	2005	
3	450	2006	2008	
3	370	2007	2006	
3	529	2008	2007	
3	2006	2007	2008	
3	483	2009	2011	
3	266	2010	2009	
3	558	2011	2010	
3	2009	2010	2011	
3	28	1345	2012	
3	294	1951	1345	
3	29	2012	1951	
3	1345	1951	2012	
3	245	1773	1842	
3	197	2013	1773	
3	859	1842	2013	
3	1773	2013	1842	
3	244	2014	2016	
3	788	2015	2014	
3	619	2016	2015	
3	2014	2015	2016	
3	493	2017	2019	
3	560	2018	2017	
3	403	2019	2018	
3	2017	2018	2019	
3	246	1377	1382	
3	296	1513	1377	
3	33	1382	1513	
3	1377	1513	1382	
3	297	1168	2021	
3	296	2020	1168	
3	277	2021	2020	
3	1168	2020	2021	
3	472	2022	2024	
3	313	2023	2022	
3	277	2024	2023	
3	2022	2023	2024	
3	35	1341	1723	
3	297	1958	1341	
3	209	1723	1958	
3	1341	1958	1723	
3	409	1128	2025	
3	320	1446	1128	
3	314	2025	1446	
3	1128	1446	2025	
3	812	2026	2027	
3	361	1853	2026	
3	362	2027	1853	
3	2026	1853	2027	
3	224	2028	1913	
3	299	1881	2028	
3	260	1913	1881	
3	2028	1881	1913	
3	256	1964	2029	
3	280	1769	1964	
3	299	2029	1769	
3	1964	1769	2029	
3	1013	2030	2032	
3	901	2031	2030	
3	256	2032	2031	
3	2030	2031	2032	
3	75	1798	1784	
3	300	1745	1798	
3	255	1784	1745	
3	1798	1745	1784	
3	85	2033	1682	
3	84	1560	2033	
3	310	1682	1560	
3	2033	1560	1682	
3	311	1332	2035	
3	301	2034	1332	
3	281	2035	2034	
3	1332	2034	2035	
3	303	1975	2037	
3	95	2036	1975	
3	94	2037	2036	
3	1975	2036	2037	
3	261	1974	1623	
3	302	1390	1974	
3	283	1623	1390	
3	1974	1390	1623	
3	94	1593	2037	
3	223	2038	1593	
3	303	2037	2038	
3	1593	2038	2037	
3	178	1731	2039	
3	303	2038	1731	
3	223	2039	2038	
3	1731	2038	2039	
3	261	1323	1606	
3	304	1576	1323	
3	97	1606	1576	
3	1323	1576	1606	
3	226	1540	1979	
3	304	1322	1540	
3	284	1979	1322	
3	1540	1322	1979	
3	68	1818	2040	
3	305	1981	1818	
3	69	2040	1981	
3	1818	1981	2040	
3	262	1071	1908	
3	227	2041	1071	
3	860	1908	2041	
3	1071	2041	1908	
3	306	1983	2043	
3	263	2042	1983	
3	864	2043	2042	
3	1983	2042	2043	
3	312	2044	1801	
3	260	1739	2044	
3	71	1801	1739	
3	2044	1739	1801	
3	404	1916	2045	
3	264	1035	1916	
3	228	2045	1035	
3	1916	1035	2045	
3	287	2046	1484	
3	394	2047	2046	
3	481	1484	2047	
3	2046	2047	1484	
3	390	1845	2048	
3	202	1358	1845	
3	467	2048	1358	
3	1845	1358	2048	
3	462	2049	2051	
3	464	2050	2049	
3	466	2051	2050	
3	2049	2050	2051	
3	314	1962	2052	
3	279	1872	1962	
3	216	2052	1872	
3	1962	1872	2052	
3	564	2053	2055	
3	447	2054	2053	
3	298	2055	2054	
3	2053	2054	2055	
3	318	1967	2057	
3	322	2056	1967	
3	315	2057	2056	
3	1967	2056	2057	
3	281	2034	1686	
3	301	1683	2034	
3	310	1686	1683	
3	2034	1683	1686	
3	319	1097	2059	
3	311	2058	1097	
3	330	2059	2058	
3	1097	2058	2059	
3	87	1589	1544	
3	311	1096	1589	
3	217	1544	1096	
3	1589	1096	1544	
3	285	1635	1811	
3	312	1800	1635	
3	70	1811	1800	
3	1635	1800	1811	
3	260	2044	1914	
3	312	1637	2044	
3	306	1914	1637	
3	2044	1637	1914	
3	277	2023	2021	
3	313	1957	2023	
3	297	2021	1957	
3	2023	1957	2021	
3	173	1115	2061	
3	313	2060	1115	
3	308	2061	2060	
3	1115	2060	2061	
3	278	2062	1960	
3	321	1021	2062	
3	216	1960	1021	
3	2062	1021	1960	
3	298	2063	1445	
3	309	1961	2063	
3	314	1445	1961	
3	2063	1961	1445	
3	331	2064	2066	
3	315	2065	2064	
3	325	2066	2065	
3	2064	2065	2066	
3	328	2067	2069	
3	331	2068	2067	
3	616	2069	2068	
3	2067	2068	2069	
3	326	2070	1220	
3	281	1685	2070	
3	318	1220	1685	
3	2070	1685	1220	
3	956	2071	2073	
3	998	2072	2071	
3	943	2073	2072	
3	2071	2072	2073	
3	252	1832	1529	
3	370	2074	1832	
3	215	1529	2074	
3	1832	2074	1529	
3	778	2075	2077	
3	812	2076	2075	
3	814	2077	2076	
3	2075	2076	2077	
3	322	1966	2078	
3	310	1562	1966	
3	259	2078	1562	
3	1966	1562	2078	
3	318	2057	1218	
3	315	2079	2057	
3	327	1218	2079	
3	2057	2079	1218	
3	330	2058	2080	
3	311	2035	2058	
3	281	2080	2035	
3	2058	2035	2080	
3	319	2081	2083	
3	316	2082	2081	
3	405	2083	2082	
3	2081	2082	2083	
3	499	2084	2085	
3	320	1127	2084	
3	317	2085	1127	
3	2084	1127	2085	
3	563	2086	2087	
3	564	2055	2086	
3	298	2087	2055	
3	2086	2055	2087	
3	278	1959	2062	
3	175	2088	1959	
3	321	2062	2088	
3	1959	2088	2062	
3	528	2089	2090	
3	321	2088	2089	
3	175	2090	2088	
3	2089	2088	2090	
3	324	2091	2092	
3	322	2078	2091	
3	259	2092	2078	
3	2091	2078	2092	
3	325	2093	1581	
3	322	2091	2093	
3	324	1581	2091	
3	2093	2091	1581	
3	328	2094	2096	
3	323	2095	2094	
3	327	2096	2095	
3	2094	2095	2096	
3	454	2097	2099	
3	539	2098	2097	
3	1014	2099	2098	
3	2097	2098	2099	
3	83	1896	1579	
3	324	2092	1896	
3	259	1579	2092	
3	1896	2092	1579	
3	411	1582	2101	
3	324	2100	1582	
3	282	2101	2100	
3	1582	2100	2101	
3	329	2102	2104	
3	333	2103	2102	
3	331	2104	2103	
3	2102	2103	2104	
3	315	2056	2065	
3	322	2093	2056	
3	325	2065	2093	
3	2056	2093	2065	
3	323	2105	2107	
3	316	2106	2105	
3	326	2107	2106	
3	2105	2106	2107	
3	330	2108	2059	
3	316	2081	2108	
3	319	2059	2081	
3	2108	2081	2059	
3	328	2096	2109	
3	327	2079	2096	
3	315	2109	2079	
3	2096	2079	2109	
3	326	1219	2107	
3	327	2095	1219	
3	323	2107	2095	
3	1219	2095	2107	
3	222	2110	2112	
3	332	2111	2110	
3	325	2112	2111	
3	2110	2111	2112	
3	1015	2113	2115	
3	1014	2114	2113	
3	944	2115	2114	
3	2113	2114	2115	
3	281	2070	2080	
3	326	2116	2070	
3	330	2080	2116	
3	2070	2116	2080	
3	332	2117	2118	
3	329	2104	2117	
3	331	2118	2104	
3	2117	2104	2118	
3	316	2108	2106	
3	330	2116	2108	
3	326	2106	2116	
3	2108	2116	2106	
3	333	2102	2120	
3	329	2119	2102	
3	177	2120	2119	
3	2102	2119	2120	
3	328	2109	2067	
3	315	2064	2109	
3	331	2067	2064	
3	2109	2064	2067	
3	221	1892	2122	
3	379	2121	1892	
3	378	2122	2121	
3	1892	2121	2122	
3	325	2111	2066	
3	332	2118	2111	
3	331	2066	2118	
3	2111	2118	2066	
3	331	2103	2068	
3	333	2123	2103	
3	616	2068	2123	
3	2103	2123	2068	
3	671	2124	2125	
3	766	1297	2124	
3	717	2125	1297	
3	2124	1297	2125	
3	335	2126	2128	
3	501	2127	2126	
3	503	2128	2127	
3	2126	2127	2128	
3	503	2129	2128	
3	505	2130	2129	
3	335	2128	2130	
3	2129	2130	2128	
3	159	2131	2133	
3	516	2132	2131	
3	160	2133	2132	
3	2131	2132	2133	
3	598	2134	2136	
3	667	2135	2134	
3	672	2136	2135	
3	2134	2135	2136	
3	583	2137	2139	
3	422	2138	2137	
3	651	2139	2138	
3	2137	2138	2139	
3	509	2140	2142	
3	579	2141	2140	
3	418	2142	2141	
3	2140	2141	2142	
3	604	2143	2145	
3	602	2144	2143	
3	527	2145	2144	
3	2143	2144	2145	
3	482	2146	2148	
3	633	2147	2146	
3	634	2148	2147	
3	2146	2147	2148	
3	483	2149	2151	
3	484	2150	2149	
3	232	2151	2150	
3	2149	2150	2151	
3	52	1573	1479	
3	424	2152	1573	
3	230	1479	2152	
3	1573	2152	1479	
3	58	2153	2155	
3	588	2154	2153	
3	342	2155	2154	
3	2153	2154	2155	
3	233	1787	1583	
3	340	1662	1787	
3	182	1583	1662	
3	1787	1662	1583	
3	588	2153	2156	
3	58	1651	2153	
3	423	2156	1651	
3	2153	1651	2156	
3	342	2154	2158	
3	588	2157	2154	
3	341	2158	2157	
3	2154	2157	2158	
3	58	2155	2159	
3	342	1698	2155	
3	59	2159	1698	
3	2155	1698	2159	
3	182	1661	2160	
3	342	2158	1661	
3	341	2160	2158	
3	1661	2158	2160	
3	590	2161	2162	
3	188	1073	2161	
3	877	2162	1073	
3	2161	1073	2162	
3	675	2163	1294	
3	904	2164	2163	
3	352	1294	2164	
3	2163	2164	1294	
3	736	2165	2167	
3	541	2166	2165	
3	617	2167	2166	
3	2165	2166	2167	
3	541	1553	1672	
3	689	1642	1553	
3	344	1672	1642	
3	1553	1642	1672	
3	345	1826	1444	
3	194	1233	1826	
3	122	1444	1233	
3	1826	1233	1444	
3	195	1744	1148	
3	167	1827	1744	
3	345	1148	1827	
3	1744	1827	1148	
3	431	2168	2170	
3	346	2169	2168	
3	430	2170	2169	
3	2168	2169	2170	
3	593	2171	2173	
3	346	2172	2171	
3	654	2173	2172	
3	2171	2172	2173	
3	203	1238	1279	
3	347	1258	1238	
3	13	1279	1258	
3	1238	1258	1279	
3	346	2171	1519	
3	593	2174	2171	
3	348	1519	2174	
3	2171	2174	1519	
3	432	2175	1263	
3	171	1710	2175	
3	205	1263	1710	
3	2175	1710	1263	
3	14	1259	1266	
3	347	1520	1259	
3	348	1266	1520	
3	1259	1520	1266	
3	11	1609	1158	
3	204	2176	1609	
3	349	1158	2176	
3	1609	2176	1158	
3	349	2176	2178	
3	204	2177	2176	
3	579	2178	2177	
3	2176	2177	2178	
3	350	2179	1331	
3	433	2180	2179	
3	434	1331	2180	
3	2179	2180	1331	
3	595	2181	2183	
3	247	2182	2181	
3	436	2183	2182	
3	2181	2182	2183	
3	597	2184	2186	
3	3	2185	2184	
3	888	2186	2185	
3	2184	2185	2186	
3	965	2187	2189	
3	574	2188	2187	
3	674	2189	2188	
3	2187	2188	2189	
3	308	1062	2061	
3	740	2190	1062	
3	173	2061	2190	
3	1062	2190	2061	
3	354	1373	2191	
3	353	1159	1373	
3	352	2191	1159	
3	1373	1159	2191	
3	208	1160	1363	
3	353	1692	1160	
3	38	1363	1692	
3	1160	1692	1363	
3	354	2191	2193	
3	352	2192	2191	
3	210	2193	2192	
3	2191	2192	2193	
3	210	2194	2193	
3	248	2195	2194	
3	354	2193	2195	
3	2194	2195	2193	
3	40	1693	1438	
3	354	2195	1693	
3	248	1438	2195	
3	1693	2195	1438	
3	355	1410	1555	
3	214	1532	1410	
3	116	1555	1532	
3	1410	1532	1555	
3	450	1025	2196	
3	355	1511	1025	
3	215	2196	1511	
3	1025	1511	2196	
3	89	1551	1557	
3	356	1499	1551	
3	220	1557	1499	
3	1551	1499	1557	
3	88	1545	1550	
3	217	1384	1545	
3	356	1550	1384	
3	1545	1384	1550	
3	319	2083	1196	
3	405	2197	2083	
3	176	1196	2197	
3	2083	2197	1196	
3	405	2198	2200	
3	497	2199	2198	
3	496	2200	2199	
3	2198	2199	2200	
3	54	1666	1670	
3	358	1659	1666	
3	229	1670	1659	
3	1666	1659	1670	
3	53	1477	1668	
3	230	1658	1477	
3	358	1668	1658	
3	1477	1658	1668	
3	341	2201	2160	
3	522	2202	2201	
3	182	2160	2202	
3	2201	2202	2160	
3	359	2203	2205	
3	524	2204	2203	
3	441	2205	2204	
3	2203	2204	2205	
3	444	1232	2207	
3	445	2206	1232	
3	542	2207	2206	
3	1232	2206	2207	
3	308	2208	1063	
3	471	2209	2208	
3	628	1063	2209	
3	2208	2209	1063	
3	361	1854	1078	
3	242	1700	1854	
3	42	1078	1700	
3	1854	1700	1078	
3	362	1852	2210	
3	248	2194	1852	
3	210	2210	2194	
3	1852	2194	2210	
3	543	2211	2213	
3	952	2212	2211	
3	819	2213	2212	
3	2211	2212	2213	
3	566	2214	2216	
3	563	2215	2214	
3	499	2216	2215	
3	2214	2215	2216	
3	526	2217	1461	
3	174	1494	2217	
3	250	1461	1494	
3	2217	1494	1461	
3	602	2218	2219	
3	363	1458	2218	
3	449	2219	1458	
3	2218	1458	2219	
3	105	2220	2222	
3	555	2221	2220	
3	106	2222	2221	
3	2220	2221	2222	
3	212	1462	2223	
3	250	1241	1462	
3	364	2223	1241	
3	1462	1241	2223	
3	448	2224	1858	
3	365	1859	2224	
3	249	1858	1859	
3	2224	1859	1858	
3	365	2225	2227	
3	363	2226	2225	
3	682	2227	2226	
3	2225	2226	2227	
3	369	2228	2229	
3	251	1665	2228	
3	213	2229	1665	
3	2228	1665	2229	
3	113	1868	1504	
3	366	1869	1868	
3	252	1504	1869	
3	1868	1869	1504	
3	367	2230	1730	
3	369	2231	2230	
3	372	1730	2231	
3	2230	2231	1730	
3	266	2009	1816	
3	483	2151	2009	
3	232	1816	2151	
3	2009	2151	1816	
3	366	1537	1864	
3	251	2228	1537	
3	369	1864	2228	
3	1537	2228	1864	
3	368	2232	1834	
3	367	2233	2232	
3	370	1834	2233	
3	2232	2233	1834	
3	681	2234	2235	
3	372	2231	2234	
3	369	2235	2231	
3	2234	2231	2235	
3	367	2232	2230	
3	368	1865	2232	
3	369	2230	1865	
3	2232	1865	2230	
3	374	2236	1729	
3	536	2237	2236	
3	367	1729	2237	
3	2236	2237	1729	
3	215	2074	2196	
3	370	2006	2074	
3	450	2196	2006	
3	2074	2006	2196	
3	682	2238	2239	
3	602	2143	2238	
3	604	2239	2143	
3	2238	2143	2239	
3	181	2240	2242	
3	486	2241	2240	
3	557	2242	2241	
3	2240	2241	2242	
3	681	2235	2243	
3	369	2229	2235	
3	213	2243	2229	
3	2235	2229	2243	
3	371	2244	2246	
3	451	2245	2244	
3	374	2246	2245	
3	2244	2245	2246	
3	451	2247	2245	
3	373	2248	2247	
3	374	2245	2248	
3	2247	2248	2245	
3	487	2249	2251	
3	609	2250	2249	
3	610	2251	2250	
3	2249	2250	2251	
3	371	2246	2252	
3	374	1728	2246	
3	372	2252	1728	
3	2246	1728	2252	
3	374	2248	2254	
3	373	2253	2248	
3	537	2254	2253	
3	2248	2253	2254	
3	90	1611	2255	
3	375	1886	1611	
3	91	2255	1886	
3	1611	1886	2255	
3	220	1501	2257	
3	438	2256	1501	
3	865	2257	2256	
3	1501	2256	2257	
3	376	1888	1565	
3	219	2258	1888	
3	538	1565	2258	
3	1888	2258	1565	
3	377	2259	1621	
3	223	1592	2259	
3	93	1621	1592	
3	2259	1592	1621	
3	257	1724	1627	
3	377	1620	1724	
3	92	1627	1620	
3	1724	1620	1627	
3	223	2259	2260	
3	377	1726	2259	
3	376	2260	1726	
3	2259	1726	2260	
3	79	2261	2262	
3	867	1566	2261	
3	80	2262	1566	
3	2261	1566	2262	
3	221	2122	2263	
3	378	1756	2122	
3	868	2263	1756	
3	2122	1756	2263	
3	866	1050	1820	
3	78	2264	1050	
3	77	1820	2264	
3	1050	2264	1820	
3	896	2265	2267	
3	895	2266	2265	
3	254	2267	2266	
3	2265	2266	2267	
3	380	2268	2270	
3	221	2269	2268	
3	869	2270	2269	
3	2268	2269	2270	
3	66	2271	2273	
3	65	2272	2271	
3	383	2273	2272	
3	2271	2272	2273	
3	381	2274	2276	
3	384	2275	2274	
3	385	2276	2275	
3	2274	2275	2276	
3	383	1794	2273	
3	382	1907	1794	
3	66	2273	1907	
3	1794	1907	2273	
3	382	1793	2277	
3	381	1688	1793	
3	455	2277	1688	
3	1793	1688	2277	
3	65	1614	2272	
3	268	1929	1614	
3	383	2272	1929	
3	1614	1929	2272	
3	384	1930	2279	
3	268	2278	1930	
3	234	2279	2278	
3	1930	2278	2279	
3	385	2275	2280	
3	384	2279	2275	
3	234	2280	2279	
3	2275	2279	2280	
3	381	1792	2274	
3	383	1928	1792	
3	384	2274	1928	
3	1792	1928	2274	
3	359	1988	1122	
3	440	2281	1988	
3	600	1122	2281	
3	1988	2281	1122	
3	284	1976	2283	
3	473	2282	1976	
3	475	2283	2282	
3	1976	2282	2283	
3	460	2284	1275	
3	389	1596	2284	
3	386	1275	1596	
3	2284	1596	1275	
3	388	2285	1165	
3	193	1135	2285	
3	126	1165	1135	
3	2285	1135	1165	
3	241	2286	1274	
3	462	2287	2286	
3	460	1274	2287	
3	2286	2287	1274	
3	390	2288	2290	
3	392	2289	2288	
3	277	2290	2289	
3	2288	2289	2290	
3	274	1256	1713	
3	388	1167	1256	
3	125	1713	1167	
3	1256	1167	1713	
3	193	2285	1595	
3	388	1255	2285	
3	386	1595	1255	
3	2285	1255	1595	
3	617	2291	2293	
3	389	2292	2291	
3	387	2293	2292	
3	2291	2292	2293	
3	166	2294	2295	
3	193	1594	2294	
3	389	2295	1594	
3	2294	1594	2295	
3	392	2288	2296	
3	390	2048	2288	
3	467	2296	2048	
3	2288	2048	2296	
3	296	1379	2020	
3	390	2290	1379	
3	277	2020	2290	
3	1379	2290	2020	
3	391	2297	2298	
3	392	2296	2297	
3	467	2298	2296	
3	2297	2296	2298	
3	471	2299	2301	
3	391	2300	2299	
3	697	2301	2300	
3	2299	2300	2301	
3	471	2302	2299	
3	392	2297	2302	
3	391	2299	2297	
3	2302	2297	2299	
3	472	2303	2304	
3	392	2302	2303	
3	471	2304	2302	
3	2303	2302	2304	
3	726	2305	2306	
3	786	1633	2305	
3	178	2306	1633	
3	2305	1633	2306	
3	477	1822	2308	
3	475	2307	1822	
3	393	2308	2307	
3	1822	2307	2308	
3	104	2309	2310	
3	103	1469	2309	
3	481	2310	1469	
3	2309	1469	2310	
3	212	2223	2311	
3	364	1993	2223	
3	553	2311	1993	
3	2223	1993	2311	
3	398	2312	2002	
3	245	1631	2312	
3	27	2002	1631	
3	2312	1631	2002	
3	291	2001	2314	
3	872	2313	2001	
3	397	2314	2313	
3	2001	2313	2314	
3	187	2315	1146	
3	947	2316	2315	
3	946	1146	2316	
3	2315	2316	1146	
3	401	2317	2318	
3	197	1836	2317	
3	400	2318	1836	
3	2317	1836	2318	
3	291	2314	1840	
3	397	1437	2314	
3	395	1840	1437	
3	2314	1437	1840	
3	1012	2319	2320	
3	400	1835	2319	
3	397	2320	1835	
3	2319	1835	2320	
3	291	1839	1153	
3	398	2004	1839	
3	26	1153	2004	
3	1839	2004	1153	
3	245	2312	1774	
3	398	1841	2312	
3	395	1774	1841	
3	2312	1841	1774	
3	844	2321	1493	
3	733	2322	2321	
3	846	1493	2322	
3	2321	2322	1493	
3	693	2323	2325	
3	695	2324	2323	
3	169	2325	2324	
3	2323	2324	2325	
3	1012	2320	2327	
3	397	2326	2320	
3	396	2327	2326	
3	2320	2326	2327	
3	400	2328	2318	
3	399	2329	2328	
3	401	2318	2329	
3	2328	2329	2318	
3	620	2330	2332	
3	622	2331	2330	
3	547	2332	2331	
3	2330	2331	2332	
3	403	2333	2334	
3	202	1846	2333	
3	246	2334	1846	
3	2333	1846	2334	
3	492	2335	2336	
3	293	1950	2335	
3	243	2336	1950	
3	2335	1950	2336	
3	490	2337	2339	
3	486	2338	2337	
3	484	2339	2338	
3	2337	2338	2339	
3	619	2340	2016	
3	295	1953	2340	
3	244	2016	1953	
3	2340	1953	2016	
3	545	2341	2343	
3	730	2342	2341	
3	403	2343	2342	
3	2341	2342	2343	
3	704	2344	2346	
3	743	2345	2344	
3	744	2346	2345	
3	2344	2345	2346	
3	553	2347	2349	
3	554	2348	2347	
3	894	2349	2348	
3	2347	2348	2349	
3	561	2350	2352	
3	407	2351	2350	
3	316	2352	2351	
3	2350	2351	2352	
3	176	2197	2353	
3	405	2200	2197	
3	496	2353	2200	
3	2197	2200	2353	
3	897	2354	2356	
3	898	2355	2354	
3	899	2356	2355	
3	2354	2355	2356	
3	405	2082	2357	
3	316	2351	2082	
3	407	2357	2351	
3	2082	2351	2357	
3	561	2358	2359	
3	323	1970	2358	
3	494	2359	1970	
3	2358	1970	2359	
3	954	2360	2362	
3	497	2361	2360	
3	406	2362	2361	
3	2360	2361	2362	
3	528	2363	2365	
3	535	2364	2363	
3	613	2365	2364	
3	2363	2364	2365	
3	408	2366	2368	
3	724	2367	2366	
3	815	2368	2367	
3	2366	2367	2368	
3	216	1020	2052	
3	409	2025	1020	
3	314	2052	2025	
3	1020	2025	2052	
3	317	1129	2369	
3	409	1019	1129	
3	321	2369	1019	
3	1129	1019	2369	
3	81	1973	2370	
3	410	1898	1973	
3	82	2370	1898	
3	1973	1898	2370	
3	282	2100	1972	
3	324	1895	2100	
3	410	1972	1895	
3	2100	1895	1972	
3	282	2371	2101	
3	222	2372	2371	
3	411	2101	2372	
3	2371	2372	2101	
3	325	1580	2112	
3	411	2372	1580	
3	222	2112	2372	
3	1580	2372	2112	
3	887	2373	2375	
3	412	2374	2373	
3	519	2375	2374	
3	2373	2374	2375	
3	414	1044	2376	
3	413	1285	1044	
3	144	2376	1285	
3	1044	1285	2376	
3	413	1046	1268	
3	335	2377	1046	
3	573	1268	2377	
3	1046	2377	1268	
3	143	1038	2378	
3	414	2376	1038	
3	144	2378	2376	
3	1038	2376	2378	
3	185	1191	1467	
3	163	2379	1191	
3	501	1467	2379	
3	1191	2379	1467	
3	426	2380	2382	
3	428	2381	2380	
3	516	2382	2381	
3	2380	2381	2382	
3	906	2383	2385	
3	904	2384	2383	
3	700	2385	2384	
3	2383	2384	2385	
3	508	2386	2388	
3	8	2387	2386	
3	7	2388	2387	
3	2386	2387	2388	
3	416	1252	1239	
3	337	2389	1252	
3	421	1239	2389	
3	1252	2389	1239	
3	508	2390	2386	
3	416	1180	2390	
3	8	2386	1180	
3	2390	1180	2386	
3	7	2391	2393	
3	6	2392	2391	
3	419	2393	2392	
3	2391	2392	2393	
3	422	2394	2396	
3	418	2395	2394	
3	421	2396	2395	
3	2394	2395	2396	
3	170	2397	2399	
3	579	2398	2397	
3	575	2399	2398	
3	2397	2398	2399	
3	6	1309	2392	
3	207	2400	1309	
3	419	2392	2400	
3	1309	2400	2392	
3	419	2400	2402	
3	207	2401	2400	
3	890	2402	2401	
3	2400	2401	2402	
3	418	2403	2405	
3	204	2404	2403	
3	420	2405	2404	
3	2403	2404	2405	
3	204	1608	2404	
3	10	1327	1608	
3	420	2404	1327	
3	1608	1327	2404	
3	422	2396	2406	
3	421	2389	2396	
3	337	2406	2389	
3	2396	2389	2406	
3	420	1240	2405	
3	421	2395	1240	
3	418	2405	2395	
3	1240	2395	2405	
3	507	2407	1086	
3	337	1254	2407	
3	417	1086	1254	
3	2407	1254	1086	
3	431	2408	2409	
3	170	2399	2408	
3	575	2409	2399	
3	2408	2399	2409	
3	587	2410	2412	
3	56	2411	2410	
3	510	2412	2411	
3	2410	2411	2412	
3	586	1586	2414	
3	589	2413	1586	
3	423	2414	2413	
3	1586	2413	2414	
3	51	2415	1676	
3	50	1654	2415	
3	425	1676	1654	
3	2415	1654	1676	
3	230	2152	2417	
3	424	2416	2152	
3	339	2417	2416	
3	2152	2416	2417	
3	557	2418	2242	
3	425	1111	2418	
3	181	2242	1111	
3	2418	1111	2242	
3	424	1677	2416	
3	425	2419	1677	
3	339	2416	2419	
3	1677	2419	2416	
3	158	2420	2422	
3	157	2421	2420	
3	513	2422	2421	
3	2420	2421	2422	
3	428	2380	2424	
3	426	2423	2380	
3	343	2424	2423	
3	2380	2423	2424	
3	343	2423	1082	
3	426	2425	2423	
3	427	1082	2425	
3	2423	2425	1082	
3	426	1368	2426	
3	158	2422	1368	
3	513	2426	2422	
3	1368	2422	2426	
3	428	2424	2427	
3	343	1403	2424	
3	514	2427	1403	
3	2424	1403	2427	
3	506	2428	2429	
3	516	2381	2428	
3	428	2429	2381	
3	2428	2381	2429	
3	192	1163	1130	
3	429	1140	1163	
3	129	1130	1140	
3	1163	1140	1130	
3	344	1641	1162	
3	130	1138	1641	
3	429	1162	1138	
3	1641	1138	1162	
3	431	2170	2408	
3	430	1498	2170	
3	170	2408	1498	
3	2170	1498	2408	
3	347	1237	1518	
3	430	2169	1237	
3	346	1518	2169	
3	1237	2169	1518	
3	349	2178	1244	
3	579	2397	2178	
3	170	1244	2397	
3	2178	2397	1244	
3	571	2430	2432	
3	572	2431	2430	
3	162	2432	2431	
3	2430	2431	2432	
3	14	1265	2433	
3	432	1262	1265	
3	15	2433	1262	
3	1265	1262	2433	
3	171	2175	2434	
3	432	1264	2175	
3	348	2434	1264	
3	2175	1264	2434	
3	434	2180	1490	
3	433	1711	2180	
3	171	1490	1711	
3	2180	1711	1490	
3	435	1338	2435	
3	433	2179	1338	
3	350	2435	2179	
3	1338	2179	2435	
3	517	2436	2438	
3	592	2437	2436	
3	593	2438	2437	
3	2436	2437	2438	
3	573	2439	1222	
3	505	2440	2439	
3	569	1222	2440	
3	2439	2440	1222	
3	435	2435	1395	
3	350	2441	2435	
3	436	1395	2441	
3	2435	2441	1395	
3	205	1339	1424	
3	435	1847	1339	
3	17	1424	1847	
3	1339	1847	1424	
3	436	2441	2183	
3	350	2442	2441	
3	595	2183	2442	
3	2441	2442	2183	
3	18	1393	1405	
3	436	2182	1393	
3	247	1405	2182	
3	1393	2182	1405	
3	500	2443	2445	
3	887	2444	2443	
3	889	2445	2444	
3	2443	2444	2445	
3	520	1650	2447	
3	437	2446	1650	
3	351	2447	2446	
3	1650	2446	2447	
3	496	1141	2353	
3	438	1577	1141	
3	176	2353	1577	
3	1141	1577	2353	
3	438	1143	2256	
3	357	1093	1143	
3	865	2256	1093	
3	1143	1093	2256	
3	440	1990	2448	
3	439	1584	1990	
3	182	2448	1584	
3	1990	1584	2448	
3	441	1795	2205	
3	439	1989	1795	
3	359	2205	1989	
3	1795	1989	2205	
3	182	2202	2448	
3	522	2449	2202	
3	440	2448	2449	
3	2202	2449	2448	
3	748	2450	2452	
3	601	2451	2450	
3	746	2452	2451	
3	2450	2451	2452	
3	359	1121	2203	
3	234	2453	1121	
3	524	2203	2453	
3	1121	2453	2203	
3	62	1571	2454	
3	441	1926	1571	
3	63	2454	1926	
3	1571	1926	2454	
3	446	2455	1387	
3	274	1712	2455	
3	124	1387	1712	
3	2455	1712	1387	
3	463	2456	2458	
3	442	2457	2456	
3	360	2458	2457	
3	2456	2457	2458	
3	360	2457	2460	
3	442	2459	2457	
3	443	2460	2459	
3	2457	2459	2460	
3	442	1049	2461	
3	274	2455	1049	
3	446	2461	2455	
3	1049	2455	2461	
3	309	2063	2462	
3	298	2054	2063	
3	447	2462	2054	
3	2063	2054	2462	
3	360	2460	2463	
3	443	1311	2460	
3	444	2463	1311	
3	2460	1311	2463	
3	298	1447	2087	
3	320	2464	1447	
3	563	2087	2464	
3	1447	2464	2087	
3	550	2465	2467	
3	738	2466	2465	
3	817	2467	2466	
3	2465	2466	2467	
3	194	1302	1234	
3	446	1386	1302	
3	123	1234	1386	
3	1302	1386	1234	
3	442	2461	2459	
3	446	1301	2461	
3	443	2459	1301	
3	2461	1301	2459	
3	445	1231	2469	
3	167	2468	1231	
3	447	2469	2468	
3	1231	2468	2469	
3	167	1743	2468	
3	309	2462	1743	
3	447	2468	2462	
3	1743	2462	2468	
3	449	1457	2470	
3	448	1857	1457	
3	174	2470	1857	
3	1457	1857	2470	
3	365	2224	2225	
3	448	1459	2224	
3	363	2225	1459	
3	2224	1459	2225	
3	449	2470	2471	
3	174	2217	2470	
3	526	2471	2217	
3	2470	2217	2471	
3	808	2472	2474	
3	807	2473	2472	
3	916	2474	2473	
3	2472	2473	2474	
3	370	2475	2007	
3	536	2476	2475	
3	529	2007	2476	
3	2475	2476	2007	
3	321	2089	2369	
3	528	2477	2089	
3	317	2369	2477	
3	2089	2477	2369	
3	608	2478	2480	
3	527	2479	2478	
3	607	2480	2479	
3	2478	2479	2480	
3	486	2481	2338	
3	485	2482	2481	
3	484	2338	2482	
3	2481	2482	2338	
3	532	2483	2485	
3	530	2484	2483	
3	452	2485	2484	
3	2483	2484	2485	
3	530	2486	2488	
3	528	2487	2486	
3	450	2488	2487	
3	2486	2487	2488	
3	892	2489	2490	
3	357	1142	2489	
3	496	2490	1142	
3	2489	1142	2490	
3	875	2491	2493	
3	784	2492	2491	
3	785	2493	2492	
3	2491	2492	2493	
3	379	1891	1889	
3	867	2261	1891	
3	79	1889	2261	
3	1891	2261	1889	
3	561	2494	2350	
3	902	2495	2494	
3	407	2350	2495	
3	2494	2495	2350	
3	382	2277	1227	
3	455	1072	2277	
3	262	1227	1072	
3	2277	1072	1227	
3	456	1689	1100	
3	381	2276	1689	
3	385	1100	2276	
3	1689	2276	1100	
3	458	2496	2498	
3	629	2497	2496	
3	457	2498	2497	
3	2496	2497	2498	
3	227	1070	2499	
3	455	1690	1070	
3	456	2499	1690	
3	1070	1690	2499	
3	478	2500	2502	
3	393	2501	2500	
3	874	2502	2501	
3	2500	2501	2502	
3	458	2503	1099	
3	881	2504	2503	
3	456	1099	2504	
3	2503	2504	1099	
3	827	2505	2507	
3	882	2506	2505	
3	551	2507	2506	
3	2505	2506	2507	
3	458	2498	2509	
3	457	2508	2498	
3	540	2509	2508	
3	2498	2508	2509	
3	391	2510	2512	
3	470	2511	2510	
3	624	2512	2511	
3	2510	2511	2512	
3	391	2298	2510	
3	467	2513	2298	
3	470	2510	2513	
3	2298	2513	2510	
3	463	2514	2516	
3	461	2515	2514	
3	462	2516	2515	
3	2514	2515	2516	
3	387	2292	2517	
3	389	2284	2292	
3	460	2517	2284	
3	2292	2284	2517	
3	463	2518	2514	
3	465	2519	2518	
3	461	2514	2519	
3	2518	2519	2514	
3	466	2520	2521	
3	387	2517	2520	
3	460	2521	2517	
3	2520	2517	2521	
3	241	1047	2522	
3	442	2456	1047	
3	463	2522	2456	
3	1047	2456	2522	
3	461	2523	2515	
3	792	2524	2523	
3	462	2515	2524	
3	2523	2524	2515	
3	463	2458	2518	
3	360	2525	2458	
3	465	2518	2525	
3	2458	2525	2518	
3	241	2522	2286	
3	463	2516	2522	
3	462	2286	2516	
3	2522	2516	2286	
3	738	2465	2527	
3	550	2526	2465	
3	739	2527	2526	
3	2465	2526	2527	
3	308	2528	2208	
3	472	2304	2528	
3	471	2208	2304	
3	2528	2304	2208	
3	360	2529	2525	
3	542	2530	2529	
3	465	2525	2530	
3	2529	2530	2525	
3	883	2531	2533	
3	445	2532	2531	
3	564	2533	2532	
3	2531	2532	2533	
3	462	2051	2287	
3	466	2521	2051	
3	460	2287	2521	
3	2051	2521	2287	
3	466	2050	2535	
3	464	2534	2050	
3	791	2535	2534	
3	2050	2534	2535	
3	544	2536	2537	
3	469	1356	2536	
3	202	2537	1356	
3	2536	1356	2537	
3	469	2538	1357	
3	470	2513	2538	
3	467	1357	2513	
3	2538	2513	1357	
3	729	2539	2541	
3	731	2540	2539	
3	690	2541	2540	
3	2539	2540	2541	
3	470	2542	2544	
3	546	2543	2542	
3	548	2544	2543	
3	2542	2543	2544	
3	544	2537	2545	
3	202	2333	2537	
3	403	2545	2333	
3	2537	2333	2545	
3	546	2546	2548	
3	469	2547	2546	
3	787	2548	2547	
3	2546	2547	2548	
3	470	2538	2542	
3	469	2546	2538	
3	546	2542	2546	
3	2538	2546	2542	
3	624	2511	2550	
3	470	2549	2511	
3	625	2550	2549	
3	2511	2549	2550	
3	624	2551	2553	
3	626	2552	2551	
3	697	2553	2552	
3	2551	2552	2553	
3	698	2554	2555	
3	628	2209	2554	
3	471	2555	2209	
3	2554	2209	2555	
3	313	2022	2060	
3	472	2528	2022	
3	308	2060	2528	
3	2022	2528	2060	
3	277	2289	2024	
3	392	2303	2289	
3	472	2024	2303	
3	2289	2303	2024	
3	474	1735	2556	
3	473	1977	1735	
3	225	2556	1977	
3	1735	1977	2556	
3	475	2282	2307	
3	473	1737	2282	
3	393	2307	1737	
3	2282	1737	2307	
3	453	2557	2559	
3	780	2558	2557	
3	615	2559	2558	
3	2557	2558	2559	
3	726	2306	2561	
3	178	2560	2306	
3	615	2561	2560	
3	2306	2560	2561	
3	477	2562	2564	
3	478	2563	2562	
3	882	2564	2563	
3	2562	2563	2564	
3	284	2283	1980	
3	475	2565	2283	
3	179	1980	2565	
3	2283	2565	1980	
3	829	2566	2568	
3	234	2567	2566	
3	523	2568	2567	
3	2566	2567	2568	
3	179	2565	1987	
3	475	1824	2565	
3	480	1987	1824	
3	2565	1824	1987	
3	478	2562	2500	
3	477	2308	2562	
3	393	2500	2308	
3	2562	2308	2500	
3	477	2569	2571	
3	476	2570	2569	
3	479	2571	2570	
3	2569	2570	2571	
3	874	2501	2572	
3	393	1736	2501	
3	474	2572	1736	
3	2501	1736	2572	
3	457	2497	2574	
3	629	2573	2497	
3	478	2574	2573	
3	2497	2573	2574	
3	676	2575	2577	
3	522	2576	2575	
3	599	2577	2576	
3	2575	2576	2577	
3	179	1986	1984	
3	876	2578	1986	
3	286	1984	2578	
3	1986	2578	1984	
3	477	2571	1823	
3	479	2579	2571	
3	480	1823	2579	
3	2571	2579	1823	
3	480	2579	1985	
3	479	2580	2579	
3	876	1985	2580	
3	2579	2580	1985	
3	552	1482	2581	
3	481	1468	1482	
3	102	2581	1468	
3	1482	1468	2581	
3	104	2310	1808	
3	481	2047	2310	
3	394	1808	2047	
3	2310	2047	1808	
3	633	2582	2584	
3	635	2583	2582	
3	287	2584	2583	
3	2582	2583	2584	
3	631	2585	2586	
3	287	1777	2585	
3	404	2586	1777	
3	2585	1777	2586	
3	558	2010	2587	
3	266	1922	2010	
3	293	2587	1922	
3	2010	1922	2587	
3	484	2149	2589	
3	483	2588	2149	
3	402	2589	2588	
3	2149	2588	2589	
3	488	2590	2591	
3	484	2589	2590	
3	402	2591	2589	
3	2590	2589	2591	
3	181	2592	2240	
3	485	2481	2592	
3	486	2240	2481	
3	2592	2481	2240	
3	267	1924	1647	
3	485	2592	1924	
3	181	1647	2592	
3	1924	2592	1647	
3	232	2150	1923	
3	484	2482	2150	
3	485	1923	2482	
3	2150	2482	1923	
3	488	2593	2590	
3	490	2339	2593	
3	484	2590	2339	
3	2593	2339	2590	
3	912	2594	2595	
3	486	2337	2594	
3	490	2595	2337	
3	2594	2337	2595	
3	492	2596	2598	
3	559	2597	2596	
3	558	2598	2597	
3	2596	2597	2598	
3	722	2599	2601	
3	776	2600	2599	
3	775	2601	2600	
3	2599	2600	2601	
3	492	2602	2596	
3	489	2603	2602	
3	559	2596	2603	
3	2602	2603	2596	
3	488	1772	2593	
3	487	2604	1772	
3	490	2593	2604	
3	1772	2604	2593	
3	811	2605	2607	
3	725	2606	2605	
3	777	2607	2606	
3	2605	2606	2607	
3	408	2608	2610	
3	499	2609	2608	
3	611	2610	2609	
3	2608	2609	2610	
3	723	2611	2613	
3	487	2612	2611	
3	534	2613	2612	
3	2611	2612	2613	
3	339	2419	1645	
3	425	2418	2419	
3	557	1645	2418	
3	2419	2418	1645	
3	559	2614	2615	
3	488	2591	2614	
3	402	2615	2591	
3	2614	2591	2615	
3	491	2616	2618	
3	489	2617	2616	
3	609	2618	2617	
3	2616	2617	2618	
3	725	2619	2620	
3	492	2336	2619	
3	243	2620	2336	
3	2619	2336	2620	
3	559	2603	2621	
3	489	2616	2603	
3	491	2621	2616	
3	2603	2616	2621	
3	32	2622	2623	
3	31	1843	2622	
3	560	2623	1843	
3	2622	1843	2623	
3	403	2334	2019	
3	246	1838	2334	
3	493	2019	1838	
3	2334	1838	2019	
3	562	1968	2624	
3	323	2094	1968	
3	328	2624	2094	
3	1968	2094	2624	
3	645	2625	2627	
3	641	2626	2625	
3	643	2627	2626	
3	2625	2626	2627	
3	953	2628	2630	
3	614	2629	2628	
3	892	2630	2629	
3	2628	2629	2630	
3	685	2631	2632	
3	538	2258	2631	
3	219	2632	2258	
3	2631	2258	2632	
3	497	2198	2633	
3	405	2357	2198	
3	407	2633	2357	
3	2198	2357	2633	
3	496	2634	2490	
3	495	2635	2634	
3	892	2490	2635	
3	2634	2635	2490	
3	406	2361	2636	
3	497	2633	2361	
3	407	2636	2633	
3	2361	2633	2636	
3	495	2634	2637	
3	496	2199	2634	
3	497	2637	2199	
3	2634	2199	2637	
3	884	2638	2640	
3	565	2639	2638	
3	498	2640	2639	
3	2638	2639	2640	
3	543	2641	2642	
3	465	2530	2641	
3	542	2642	2530	
3	2641	2530	2642	
3	528	2486	2363	
3	530	2643	2486	
3	535	2363	2643	
3	2486	2643	2363	
3	566	2216	2644	
3	499	2608	2216	
3	408	2644	2608	
3	2216	2608	2644	
3	709	2645	2647	
3	568	2646	2645	
3	502	2647	2646	
3	2645	2646	2647	
3	887	2443	2373	
3	500	2648	2443	
3	412	2373	2648	
3	2443	2648	2373	
3	918	2649	2650	
3	503	2127	2649	
3	501	2650	2127	
3	2649	2127	2650	
3	335	1045	2126	
3	414	1466	1045	
3	501	2126	1466	
3	1045	1466	2126	
3	186	2651	1935	
3	921	2652	2651	
3	919	1935	2652	
3	2651	2652	1935	
3	712	2653	1336	
3	206	2654	2653	
3	595	1336	2654	
3	2653	2654	1336	
3	918	2650	2655	
3	501	2379	2650	
3	163	2655	2379	
3	2650	2379	2655	
3	505	2129	2657	
3	503	2656	2129	
3	568	2657	2656	
3	2129	2656	2657	
3	504	2658	2659	
3	505	2657	2658	
3	568	2659	2657	
3	2658	2657	2659	
3	655	2660	2662	
3	434	2661	2660	
3	594	2662	2661	
3	2660	2661	2662	
3	568	2656	2646	
3	503	2663	2656	
3	502	2646	2663	
3	2656	2663	2646	
3	505	2658	2440	
3	504	2664	2658	
3	569	2440	2664	
3	2658	2664	2440	
3	506	1315	2428	
3	160	2132	1315	
3	516	2428	2132	
3	1315	2132	2428	
3	1009	2665	2667	
3	515	2666	2665	
3	969	2667	2666	
3	2665	2666	2667	
3	172	2668	1085	
3	647	2669	2668	
3	507	1085	2669	
3	2668	2669	1085	
3	968	2670	2672	
3	969	2671	2670	
3	648	2672	2671	
3	2670	2671	2672	
3	419	1716	2393	
3	508	2388	1716	
3	7	2393	2388	
3	1716	2388	2393	
3	416	2390	1253	
3	508	1717	2390	
3	417	1253	1717	
3	2390	1717	1253	
3	422	2673	2394	
3	580	2674	2673	
3	418	2394	2674	
3	2673	2674	2394	
3	577	2675	2677	
3	650	2676	2675	
3	576	2677	2676	
3	2675	2676	2677	
3	584	2678	2680	
3	585	2679	2678	
3	510	2680	2679	
3	2678	2679	2680	
3	423	2681	2414	
3	587	2682	2681	
3	586	2414	2682	
3	2681	2682	2414	
3	678	2683	2685	
3	603	2684	2683	
3	677	2685	2684	
3	2683	2684	2685	
3	701	2686	2688	
3	228	2687	2686	
3	702	2688	2687	
3	2686	2687	2688	
3	833	2689	2691	
3	824	2690	2689	
3	835	2691	2690	
3	2689	2690	2691	
3	583	2692	2694	
3	581	2693	2692	
3	582	2694	2693	
3	2692	2693	2694	
3	188	1319	1067	
3	513	2421	1319	
3	157	1067	2421	
3	1319	2421	1067	
3	426	2426	2425	
3	513	1318	2426	
3	427	2425	1318	
3	2426	1318	2425	
3	653	2695	2697	
3	590	2696	2695	
3	591	2697	2696	
3	2695	2696	2697	
3	583	2698	2700	
3	754	2699	2698	
3	756	2700	2699	
3	2698	2699	2700	
3	966	2701	2703	
3	968	2702	2701	
3	965	2703	2702	
3	2701	2702	2703	
3	514	2704	2427	
3	515	2705	2704	
3	428	2427	2705	
3	2704	2705	2427	
3	426	2382	1369	
3	516	2131	2382	
3	159	1369	2131	
3	2382	2131	1369	
3	515	2706	2705	
3	506	2429	2706	
3	428	2705	2429	
3	2706	2429	2705	
3	431	2409	2707	
3	575	1525	2409	
3	578	2707	1525	
3	2409	1525	2707	
3	665	1946	1278	
3	964	2708	1946	
3	570	1278	2708	
3	1946	2708	1278	
3	434	1489	2661	
3	592	2709	1489	
3	594	2661	2709	
3	1489	2709	2661	
3	666	2710	2712	
3	758	2711	2710	
3	656	2712	2711	
3	2710	2711	2712	
3	351	2446	2714	
3	437	2713	2446	
3	596	2714	2713	
3	2446	2713	2714	
3	597	2715	2184	
3	437	1675	2715	
3	3	2184	1675	
3	2715	1675	2184	
3	598	1287	2134	
3	520	2716	1287	
3	667	2134	2716	
3	1287	2716	2134	
3	521	2717	1324	
3	207	1308	2717	
3	5	1324	1308	
3	2717	1308	1324	
3	437	1649	1673	
3	521	1326	1649	
3	4	1673	1326	
3	1649	1326	1673	
3	207	2717	1286	
3	521	1648	2717	
3	520	1286	1648	
3	2717	1648	1286	
3	511	2718	2720	
3	599	2719	2718	
3	341	2720	2719	
3	2718	2719	2720	
3	637	2721	2723	
3	634	2722	2721	
3	556	2723	2722	
3	2721	2722	2723	
3	522	2575	2725	
3	676	2724	2575	
3	719	2725	2724	
3	2575	2724	2725	
3	748	2726	2728	
3	798	2727	2726	
3	820	2728	2727	
3	2726	2727	2728	
3	234	2278	2453	
3	268	2729	2278	
3	524	2453	2729	
3	2278	2729	2453	
3	525	2730	1803	
3	524	2729	2730	
3	268	1803	2729	
3	2730	2729	1803	
3	63	1925	2731	
3	525	1804	1925	
3	64	2731	1804	
3	1925	1804	2731	
3	524	2730	2204	
3	525	1927	2730	
3	441	2204	1927	
3	2730	1927	2204	
3	630	2732	2734	
3	212	2733	2732	
3	894	2734	2733	
3	2732	2733	2734	
3	605	2735	2736	
3	527	2144	2735	
3	602	2736	2144	
3	2735	2144	2736	
3	449	2471	2738	
3	526	2737	2471	
3	677	2738	2737	
3	2471	2737	2738	
3	707	2739	1644	
3	230	2417	2739	
3	339	1644	2417	
3	2739	2417	1644	
3	175	1026	2090	
3	450	2487	1026	
3	528	2090	2487	
3	1026	2487	2090	
3	450	2008	2488	
3	529	2740	2008	
3	530	2488	2740	
3	2008	2740	2488	
3	536	2475	2237	
3	370	2233	2475	
3	367	2237	2233	
3	2475	2233	2237	
3	530	2740	2484	
3	529	2741	2740	
3	452	2484	2741	
3	2740	2741	2484	
3	532	2485	2743	
3	452	2742	2485	
3	533	2743	2742	
3	2485	2742	2743	
3	532	2744	2483	
3	535	2643	2744	
3	530	2483	2643	
3	2744	2643	2483	
3	610	2745	2747	
3	533	2746	2745	
3	534	2747	2746	
3	2745	2746	2747	
3	891	2748	2750	
3	611	2749	2748	
3	535	2750	2749	
3	2748	2749	2750	
3	452	2751	2742	
3	537	2752	2751	
3	533	2742	2752	
3	2751	2752	2742	
3	535	2744	2754	
3	532	2753	2744	
3	531	2754	2753	
3	2744	2753	2754	
3	534	2746	2756	
3	533	2755	2746	
3	373	2756	2755	
3	2746	2755	2756	
3	531	2753	2757	
3	532	2743	2753	
3	533	2757	2743	
3	2753	2743	2757	
3	776	2758	2759	
3	373	2247	2758	
3	451	2759	2247	
3	2758	2247	2759	
3	487	1771	2249	
3	491	2618	1771	
3	609	2249	2618	
3	1771	2618	2249	
3	612	2760	2762	
3	891	2761	2760	
3	609	2762	2761	
3	2760	2761	2762	
3	317	2763	2085	
3	613	2764	2763	
3	499	2085	2764	
3	2763	2764	2085	
3	537	2765	2254	
3	536	2236	2765	
3	374	2254	2236	
3	2765	2236	2254	
3	529	2476	2741	
3	536	2766	2476	
3	452	2741	2766	
3	2476	2766	2741	
3	533	2752	2755	
3	537	2253	2752	
3	373	2755	2253	
3	2752	2253	2755	
3	536	2765	2766	
3	537	2751	2765	
3	452	2766	2751	
3	2765	2751	2766	
3	685	2632	2768	
3	219	2767	2632	
3	892	2768	2767	
3	2632	2767	2768	
3	615	2769	2559	
3	538	2770	2769	
3	453	2559	2770	
3	2769	2770	2559	
3	945	2771	2772	
3	333	2120	2771	
3	177	2772	2120	
3	2771	2120	2772	
3	539	2773	2775	
3	641	2774	2773	
3	562	2775	2774	
3	2773	2774	2775	
3	686	2776	2777	
3	785	2492	2776	
3	784	2777	2492	
3	2776	2492	2777	
3	540	2778	2780	
3	861	2779	2778	
3	860	2780	2779	
3	2778	2779	2780	
3	166	2295	2781	
3	389	2291	2295	
3	617	2781	2291	
3	2295	2291	2781	
3	618	1554	2783	
3	541	2782	1554	
3	459	2783	2782	
3	1554	2782	2783	
3	444	2207	2463	
3	542	2529	2207	
3	360	2463	2529	
3	2207	2529	2463	
3	543	2642	2784	
3	542	2206	2642	
3	445	2784	2206	
3	2642	2206	2784	
3	952	2785	2787	
3	883	2786	2785	
3	565	2787	2786	
3	2785	2786	2787	
3	818	2788	2790	
3	906	2789	2788	
3	917	2790	2789	
3	2788	2789	2790	
3	619	2791	2340	
3	403	2792	2791	
3	295	2340	2792	
3	2791	2792	2340	
3	730	2793	2795	
3	787	2794	2793	
3	544	2795	2794	
3	2793	2794	2795	
3	816	2796	2798	
3	731	2797	2796	
3	790	2798	2797	
3	2796	2797	2798	
3	468	2799	2801	
3	787	2800	2799	
3	729	2801	2800	
3	2799	2800	2801	
3	546	2802	2543	
3	620	2803	2802	
3	548	2543	2803	
3	2802	2803	2543	
3	620	2802	2805	
3	546	2804	2802	
3	468	2805	2804	
3	2802	2804	2805	
3	621	2806	2808	
3	622	2807	2806	
3	690	2808	2807	
3	2806	2807	2808	
3	695	2323	2810	
3	693	2809	2323	
3	694	2810	2809	
3	2323	2809	2810	
3	693	2811	2813	
3	623	2812	2811	
3	692	2813	2812	
3	2811	2812	2813	
3	625	2814	2550	
3	549	2815	2814	
3	624	2550	2815	
3	2814	2815	2550	
3	735	2816	2818	
3	734	2817	2816	
3	549	2818	2817	
3	2816	2817	2818	
3	734	2819	2821	
3	737	2820	2819	
3	791	2821	2820	
3	2819	2820	2821	
3	826	2822	2824	
3	461	2823	2822	
3	819	2824	2823	
3	2822	2823	2824	
3	210	2192	2825	
3	352	2164	2192	
3	904	2825	2164	
3	2192	2164	2825	
3	629	2496	2827	
3	458	2826	2496	
3	828	2827	2826	
3	2496	2826	2827	
3	829	2828	2830	
3	820	2829	2828	
3	828	2830	2829	
3	2828	2829	2830	
3	101	1475	2831	
3	552	2581	1475	
3	102	2831	2581	
3	1475	2581	2831	
3	287	1483	1775	
3	552	1474	1483	
3	307	1775	1474	
3	1483	1474	1775	
3	555	1991	2221	
3	364	1862	1991	
3	106	2221	1862	
3	1991	1862	2221	
3	554	2347	2833	
3	553	2832	2347	
3	482	2833	2832	
3	2347	2832	2833	
3	631	2834	2585	
3	633	2584	2834	
3	287	2585	2584	
3	2834	2584	2585	
3	770	2835	2837	
3	678	2836	2835	
3	679	2837	2836	
3	2835	2836	2837	
3	394	1283	1809	
3	555	2220	1283	
3	105	1809	2220	
3	1283	2220	1809	
3	553	1992	2832	
3	555	2838	1992	
3	482	2832	2838	
3	1992	2838	2832	
3	404	2045	2839	
3	228	2686	2045	
3	701	2839	2686	
3	2045	2686	2839	
3	599	2576	2719	
3	522	2201	2576	
3	341	2719	2201	
3	2576	2201	2719	
3	371	1058	2244	
3	683	2840	1058	
3	451	2244	2840	
3	1058	2840	2244	
3	680	1059	2842	
3	371	2841	1059	
3	604	2842	2841	
3	1059	2841	2842	
3	483	2011	2588	
3	558	2843	2011	
3	402	2588	2843	
3	2011	2843	2588	
3	293	2335	2587	
3	492	2598	2335	
3	558	2587	2598	
3	2335	2598	2587	
3	488	2614	1770	
3	559	2621	2614	
3	491	1770	2621	
3	2614	2621	1770	
3	558	2597	2843	
3	559	2615	2597	
3	402	2843	2615	
3	2597	2615	2843	
3	403	2018	2792	
3	560	1844	2018	
3	295	2792	1844	
3	2018	1844	2792	
3	32	2623	1837	
3	560	2017	2623	
3	493	1837	2017	
3	2623	2017	1837	
3	323	2358	2105	
3	561	2352	2358	
3	316	2105	2352	
3	2358	2352	2105	
3	494	2844	2845	
3	645	1877	2844	
3	902	2845	1877	
3	2844	1877	2845	
3	616	2846	2069	
3	562	2624	2846	
3	328	2069	2624	
3	2846	2624	2069	
3	641	2773	2847	
3	539	2097	2773	
3	454	2847	2097	
3	2773	2097	2847	
3	499	2215	2084	
3	563	2464	2215	
3	320	2084	2464	
3	2215	2464	2084	
3	564	2086	2849	
3	563	2848	2086	
3	498	2849	2848	
3	2086	2848	2849	
3	564	2849	2850	
3	498	2639	2849	
3	565	2850	2639	
3	2849	2639	2850	
3	564	2532	2053	
3	445	2469	2532	
3	447	2053	2469	
3	2532	2469	2053	
3	566	2851	2853	
3	567	2852	2851	
3	884	2853	2852	
3	2851	2852	2853	
3	906	2854	2383	
3	907	2855	2854	
3	904	2383	2855	
3	2854	2855	2383	
3	566	2644	2851	
3	408	2856	2644	
3	567	2851	2856	
3	2644	2856	2851	
3	563	2214	2848	
3	566	2857	2214	
3	498	2848	2857	
3	2214	2857	2848	
3	408	2858	2366	
3	612	2859	2858	
3	724	2366	2859	
3	2858	2859	2366	
3	812	2027	2861	
3	362	2860	2027	
3	973	2861	2860	
3	2027	2860	2861	
3	661	2862	2864	
3	655	2863	2862	
3	657	2864	2863	
3	2862	2863	2864	
3	504	2865	2867	
3	666	2866	2865	
3	572	2867	2866	
3	2865	2866	2867	
3	837	2868	1120	
3	571	2432	2868	
3	162	1120	2432	
3	2868	2432	1120	
3	655	2869	2660	
3	518	1329	2869	
3	434	2660	1329	
3	2869	1329	2660	
3	649	2870	2872	
3	517	2871	2870	
3	654	2872	2871	
3	2870	2871	2872	
3	184	1223	2874	
3	569	2873	1223	
3	571	2874	2873	
3	1223	2873	2874	
3	572	2430	2875	
3	571	2873	2430	
3	569	2875	2873	
3	2430	2873	2875	
3	504	2867	2664	
3	572	2875	2867	
3	569	2664	2875	
3	2867	2875	2664	
3	570	2708	2877	
3	964	2876	2708	
3	572	2877	2876	
3	2708	2876	2877	
3	573	1221	1269	
3	184	1487	1221	
3	145	1269	1487	
3	1221	1487	1269	
3	335	2130	2377	
3	505	2439	2130	
3	573	2377	2439	
3	2130	2439	2377	
3	890	2878	2880	
3	598	2879	2878	
3	718	2880	2879	
3	2878	2879	2880	
3	965	2881	2187	
3	648	2882	2881	
3	574	2187	2882	
3	2881	2882	2187	
3	580	2883	2885	
3	582	2884	2883	
3	650	2885	2884	
3	2883	2884	2885	
3	575	2886	1523	
3	509	2887	2886	
3	577	1523	2887	
3	2886	2887	1523	
3	764	2888	2890	
3	576	2889	2888	
3	824	2890	2889	
3	2888	2889	2890	
3	836	2891	2893	
3	805	2892	2891	
3	715	2893	2892	
3	2891	2892	2893	
3	580	2894	2674	
3	509	2142	2894	
3	418	2674	2142	
3	2894	2142	2674	
3	576	2888	2677	
3	764	2895	2888	
3	577	2677	2895	
3	2888	2895	2677	
3	805	2896	2892	
3	663	2897	2896	
3	715	2892	2897	
3	2896	2897	2892	
3	431	2707	2899	
3	578	2898	2707	
3	649	2899	2898	
3	2707	2898	2899	
3	418	2141	2403	
3	579	2177	2141	
3	204	2403	2177	
3	2141	2177	2403	
3	575	2398	2886	
3	579	2140	2398	
3	509	2886	2140	
3	2398	2140	2886	
3	580	2673	2883	
3	422	2900	2673	
3	582	2883	2900	
3	2673	2900	2883	
3	577	2887	2901	
3	509	2894	2887	
3	580	2901	2894	
3	2887	2894	2901	
3	651	2138	2902	
3	422	2406	2138	
3	337	2902	2406	
3	2138	2406	2902	
3	804	2903	2904	
3	824	2689	2903	
3	833	2904	2689	
3	2903	2689	2904	
3	583	2694	2137	
3	582	2900	2694	
3	422	2137	2900	
3	2694	2900	2137	
3	831	2905	2907	
3	650	2906	2905	
3	581	2907	2906	
3	2905	2906	2907	
3	507	2908	2910	
3	652	2909	2908	
3	651	2910	2909	
3	2908	2909	2910	
3	754	2911	2913	
3	652	2912	2911	
3	755	2913	2912	
3	2911	2912	2913	
3	585	2678	2914	
3	584	1616	2678	
3	180	2914	1616	
3	2678	1616	2914	
3	56	1727	2411	
3	584	2680	1727	
3	510	2411	2680	
3	1727	2680	2411	
3	750	2915	2917	
3	751	2916	2915	
3	708	2917	2916	
3	2915	2916	2917	
3	607	2479	2918	
3	527	2735	2479	
3	605	2918	2735	
3	2479	2735	2918	
3	587	2681	2919	
3	423	1653	2681	
3	57	2919	1653	
3	2681	1653	2919	
3	808	2920	2921	
3	510	2679	2920	
3	585	2921	2679	
3	2920	2679	2921	
3	56	2410	2922	
3	587	2919	2410	
3	57	2922	2919	
3	2410	2919	2922	
3	510	2923	2412	
3	586	2682	2923	
3	587	2412	2682	
3	2923	2682	2412	
3	589	2924	2413	
3	588	2156	2924	
3	423	2413	2156	
3	2924	2156	2413	
3	341	2157	2720	
3	588	2925	2157	
3	511	2720	2925	
3	2157	2925	2720	
3	742	2926	2927	
3	589	1588	2926	
3	338	2927	1588	
3	2926	1588	2927	
3	588	2924	2925	
3	589	2928	2924	
3	511	2925	2928	
3	2924	2928	2925	
3	188	2161	1320	
3	590	1083	2161	
3	427	1320	1083	
3	2161	1083	1320	
3	590	2929	2696	
3	512	2930	2929	
3	591	2696	2930	
3	2929	2930	2696	
3	583	2700	2932	
3	756	2931	2700	
3	950	2932	2931	
3	2700	2931	2932	
3	710	2933	2935	
3	755	2934	2933	
3	757	2935	2934	
3	2933	2934	2935	
3	593	2437	2936	
3	592	1488	2437	
3	171	2936	1488	
3	2437	1488	2936	
3	594	2709	2937	
3	592	2436	2709	
3	517	2937	2436	
3	2709	2436	2937	
3	348	2174	2434	
3	593	2936	2174	
3	171	2434	2936	
3	2174	2936	2434	
3	346	2168	2172	
3	431	2938	2168	
3	654	2172	2938	
3	2168	2938	2172	
3	594	2939	2941	
3	714	2940	2939	
3	662	2941	2940	
3	2939	2940	2941	
3	570	2942	1276	
3	666	2943	2942	
3	664	1276	2943	
3	2942	2943	1276	
3	595	2654	2181	
3	206	1995	2654	
3	247	2181	1995	
3	2654	1995	2181	
3	350	1330	2442	
3	518	1337	1330	
3	595	2442	1337	
3	1330	1337	2442	
3	597	2944	2715	
3	596	2713	2944	
3	437	2715	2713	
3	2944	2713	2715	
3	767	2945	2946	
3	671	2125	2945	
3	717	2946	2125	
3	2945	2125	2946	
3	888	2185	2948	
3	3	2947	2185	
3	2	2948	2947	
3	2185	2947	2948	
3	596	2944	2950	
3	597	2949	2944	
3	519	2950	2949	
3	2944	2949	2950	
3	667	2716	2951	
3	520	2447	2716	
3	351	2951	2447	
3	2716	2447	2951	
3	674	2952	2953	
3	598	2136	2952	
3	672	2953	2136	
3	2952	2136	2953	
3	634	2721	2955	
3	637	2954	2721	
3	705	2955	2954	
3	2721	2954	2955	
3	523	2956	2958	
3	600	2957	2956	
3	601	2958	2957	
3	2956	2957	2958	
3	601	2957	2959	
3	600	2281	2957	
3	440	2959	2281	
3	2957	2281	2959	
3	234	1123	2567	
3	600	2956	1123	
3	523	2567	2956	
3	1123	2956	2567	
3	747	2960	2962	
3	745	2961	2960	
3	704	2962	2961	
3	2960	2961	2962	
3	632	2963	2965	
3	556	2964	2963	
3	631	2965	2964	
3	2963	2964	2965	
3	449	2738	2967	
3	677	2966	2738	
3	605	2967	2966	
3	2738	2966	2967	
3	680	2842	2968	
3	604	2145	2842	
3	527	2968	2145	
3	2842	2145	2968	
3	630	2969	2732	
3	526	1460	2969	
3	212	2732	1460	
3	2969	1460	2732	
3	585	2970	2972	
3	750	2971	2970	
3	752	2972	2971	
3	2970	2971	2972	
3	681	2973	2234	
3	371	2252	2973	
3	372	2234	2252	
3	2973	2252	2234	
3	604	2974	2239	
3	681	2975	2974	
3	682	2239	2975	
3	2974	2975	2239	
3	449	2967	2219	
3	605	2736	2967	
3	602	2219	2736	
3	2967	2736	2219	
3	603	2976	2978	
3	772	2977	2976	
3	607	2978	2977	
3	2976	2977	2978	
3	679	2979	2837	
3	769	2980	2979	
3	770	2837	2980	
3	2979	2980	2837	
3	180	2981	2982	
3	751	2915	2981	
3	750	2982	2915	
3	2981	2915	2982	
3	603	2978	2983	
3	607	2918	2978	
3	605	2983	2918	
3	2978	2918	2983	
3	607	2984	2986	
3	606	2985	2984	
3	809	2986	2985	
3	2984	2985	2986	
3	180	2982	2914	
3	750	2970	2982	
3	585	2914	2970	
3	2982	2970	2914	
3	911	2987	2989	
3	912	2988	2987	
3	976	2989	2988	
3	2987	2988	2989	
3	611	2990	2610	
3	612	2858	2990	
3	408	2610	2858	
3	2990	2858	2610	
3	531	2757	2991	
3	533	2745	2757	
3	610	2991	2745	
3	2757	2745	2991	
3	487	2251	2612	
3	610	2747	2251	
3	534	2612	2747	
3	2251	2747	2612	
3	531	2991	2992	
3	610	2250	2991	
3	609	2992	2250	
3	2991	2250	2992	
3	613	2993	2764	
3	611	2609	2993	
3	499	2764	2609	
3	2993	2609	2764	
3	891	2750	2994	
3	535	2754	2750	
3	531	2994	2754	
3	2750	2754	2994	
3	609	2617	2762	
3	489	2995	2617	
3	612	2762	2995	
3	2617	2995	2762	
3	724	2859	2997	
3	612	2996	2859	
3	779	2997	2996	
3	2859	2996	2997	
3	528	2365	2477	
3	613	2763	2365	
3	317	2477	2763	
3	2365	2763	2477	
3	611	2993	2749	
3	613	2364	2993	
3	535	2749	2364	
3	2993	2364	2749	
3	953	2998	3000	
3	954	2999	2998	
3	960	3000	2999	
3	2998	2999	3000	
3	685	3001	2631	
3	957	3002	3001	
3	538	2631	3002	
3	3001	3002	2631	
3	780	3003	2558	
3	726	2561	3003	
3	615	2558	2561	
3	3003	2561	2558	
3	687	1805	3004	
3	615	2560	1805	
3	178	3004	2560	
3	1805	2560	3004	
3	945	3005	2771	
3	616	2123	3005	
3	333	2771	2123	
3	3005	2123	2771	
3	562	2846	2775	
3	616	3006	2846	
3	539	2775	3006	
3	2846	3006	2775	
3	737	3007	3009	
3	735	3008	3007	
3	736	3009	3008	
3	3007	3008	3009	
3	166	2781	1671	
3	617	2166	2781	
3	541	1671	2166	
3	2781	2166	1671	
3	618	2783	3011	
3	459	3010	2783	
3	696	3011	3010	
3	2783	3010	3011	
3	618	1956	1552	
3	201	3012	1956	
3	689	1552	3012	
3	1956	3012	1552	
3	788	2014	3013	
3	244	1177	2014	
3	401	3013	1177	
3	2014	1177	3013	
3	403	2791	2343	
3	619	3014	2791	
3	545	2343	3014	
3	2791	3014	2343	
3	728	3015	3016	
3	690	2807	3015	
3	622	3016	2807	
3	3015	2807	3016	
3	547	1290	2332	
3	548	2803	1290	
3	620	2332	2803	
3	1290	2803	2332	
3	929	3017	3019	
3	842	3018	3017	
3	843	3019	3018	
3	3017	3018	3019	
3	691	3020	3021	
3	843	3018	3020	
3	842	3021	3018	
3	3020	3018	3021	
3	728	3022	3023	
3	620	2805	3022	
3	468	3023	2805	
3	3022	2805	3023	
3	622	2806	1209	
3	621	3024	2806	
3	732	1209	3024	
3	2806	3024	1209	
3	688	3025	1955	
3	169	1434	3025	
3	201	1955	1434	
3	3025	1434	1955	
3	627	3026	3027	
3	549	2814	3026	
3	625	3027	2814	
3	3026	2814	3027	
3	625	2549	3028	
3	470	2544	2549	
3	548	3028	2544	
3	2549	2544	3028	
3	624	2815	2551	
3	549	3029	2815	
3	626	2551	3029	
3	2815	3029	2551	
3	692	3030	1289	
3	625	3028	3030	
3	548	1289	3028	
3	3030	3028	1289	
3	459	3031	3033	
3	735	3032	3031	
3	627	3033	3032	
3	3031	3032	3033	
3	626	3034	3036	
3	734	3035	3034	
3	699	3036	3035	
3	3034	3035	3036	
3	550	3037	2526	
3	628	3038	3037	
3	739	2526	3038	
3	3037	3038	2526	
3	625	3039	3027	
3	623	3040	3039	
3	627	3027	3040	
3	3039	3040	3027	
3	696	3041	3042	
3	627	3040	3041	
3	623	3042	3040	
3	3041	3040	3042	
3	471	2301	2555	
3	697	3043	2301	
3	698	2555	3043	
3	2301	3043	2555	
3	740	1061	3045	
3	628	3044	1061	
3	917	3045	3044	
3	1061	3044	3045	
3	828	2826	3046	
3	458	1101	2826	
3	385	3046	1101	
3	2826	1101	3046	
3	629	3047	3048	
3	551	2506	3047	
3	882	3048	2506	
3	3047	2506	3048	
3	705	3049	3051	
3	639	3050	3049	
3	706	3051	3050	
3	3049	3050	3051	
3	678	2685	3052	
3	677	2737	2685	
3	526	3052	2737	
3	2685	2737	3052	
3	631	2586	3053	
3	404	2839	2586	
3	701	3053	2839	
3	2586	2839	3053	
3	633	2834	3054	
3	631	2964	2834	
3	556	3054	2964	
3	2834	2964	3054	
3	830	3055	3056	
3	601	2450	3055	
3	748	3056	2450	
3	3055	2450	3056	
3	719	2724	3058	
3	676	3057	2724	
3	601	3058	3057	
3	2724	3057	3058	
3	634	2147	2722	
3	633	3054	2147	
3	556	2722	3054	
3	2147	3054	2722	
3	633	2146	2582	
3	482	3059	2146	
3	635	2582	3059	
3	2146	3059	2582	
3	638	3060	3061	
3	637	2723	3060	
3	556	3061	2723	
3	3060	2723	3061	
3	482	2148	2833	
3	634	3062	2148	
3	554	2833	3062	
3	2148	3062	2833	
3	555	1282	2838	
3	635	3059	1282	
3	482	2838	3059	
3	1282	3059	2838	
3	287	2583	2046	
3	635	1281	2583	
3	394	2046	1281	
3	2583	1281	2046	
3	599	2718	3064	
3	511	3063	2718	
3	741	3064	3063	
3	2718	3063	3064	
3	639	3065	3067	
3	768	3066	3065	
3	679	3067	3066	
3	3065	3066	3067	
3	638	3061	3068	
3	556	2963	3061	
3	632	3068	2963	
3	3061	2963	3068	
3	637	3069	3071	
3	636	3070	3069	
3	639	3071	3070	
3	3069	3070	3071	
3	743	3072	3073	
3	638	3068	3072	
3	632	3073	3068	
3	3072	3068	3073	
3	637	3060	3075	
3	638	3074	3060	
3	799	3075	3074	
3	3060	3074	3075	
3	794	3076	3078	
3	720	3077	3076	
3	800	3078	3077	
3	3076	3077	3078	
3	894	3079	2734	
3	706	3080	3079	
3	630	2734	3080	
3	3079	3080	2734	
3	608	3081	3083	
3	773	3082	3081	
3	683	3083	3082	
3	3081	3082	3083	
3	825	3084	3086	
3	752	3085	3084	
3	708	3086	3085	
3	3084	3085	3086	
3	641	2847	2626	
3	454	3087	2847	
3	643	2626	3087	
3	2847	3087	2626	
3	494	1969	3088	
3	562	2774	1969	
3	641	3088	2774	
3	1969	2774	3088	
3	643	3089	3091	
3	644	3090	3089	
3	642	3091	3090	
3	3089	3090	3091	
3	644	3092	3094	
3	895	3093	3092	
3	900	3094	3093	
3	3092	3093	3094	
3	644	3089	3095	
3	643	3087	3089	
3	454	3095	3087	
3	3089	3087	3095	
3	645	2627	3096	
3	643	3091	2627	
3	642	3096	3091	
3	2627	3091	3096	
3	869	3097	3099	
3	868	3098	3097	
3	870	3099	3098	
3	3097	3098	3099	
3	254	2266	3100	
3	895	1754	2266	
3	378	3100	1754	
3	2266	1754	3100	
3	645	3096	1878	
3	642	3101	3096	
3	958	1878	3101	
3	3096	3101	1878	
3	641	2625	3088	
3	645	2844	2625	
3	494	3088	2844	
3	2625	2844	3088	
3	502	3102	3104	
3	823	3103	3102	
3	822	3104	3103	
3	3102	3103	3104	
3	712	3105	3106	
3	713	1850	3105	
3	763	3106	1850	
3	3105	1850	3106	
3	172	3107	3108	
3	890	2880	3107	
3	718	3108	2880	
3	3107	2880	3108	
3	651	2909	2139	
3	652	3109	2909	
3	583	2139	3109	
3	2909	3109	2139	
3	514	1402	3111	
3	653	3110	1402	
3	803	3111	3110	
3	1402	3110	3111	
3	574	3112	2188	
3	647	3113	3112	
3	674	2188	3113	
3	3112	3113	2188	
3	765	3114	3116	
3	806	3115	3114	
3	805	3116	3115	
3	3114	3115	3116	
3	664	3117	3119	
3	716	3118	3117	
3	660	3119	3118	
3	3117	3118	3119	
3	580	2885	2901	
3	650	2675	2885	
3	577	2901	2675	
3	2885	2675	2901	
3	581	2906	2693	
3	650	2884	2906	
3	582	2693	2884	
3	2906	2884	2693	
3	337	2407	2902	
3	507	2910	2407	
3	651	2902	2910	
3	2407	2910	2902	
3	652	2908	3120	
3	507	2669	2908	
3	647	3120	2669	
3	2908	2669	3120	
3	574	3121	3112	
3	755	3122	3121	
3	647	3112	3122	
3	3121	3122	3112	
3	755	3121	2934	
3	574	3123	3121	
3	757	2934	3123	
3	3121	3123	2934	
3	590	2695	1081	
3	653	1401	2695	
3	343	1081	1401	
3	2695	1401	1081	
3	803	3110	3124	
3	653	2697	3110	
3	591	3124	2697	
3	3110	2697	3124	
3	649	2872	2899	
3	654	2938	2872	
3	431	2899	2938	
3	2872	2938	2899	
3	517	2438	2871	
3	593	2173	2438	
3	654	2871	2173	
3	2438	2173	2871	
3	594	3125	2662	
3	657	2863	3125	
3	655	2662	2863	
3	3125	2863	2662	
3	655	2862	2869	
3	661	3126	2862	
3	518	2869	3126	
3	2862	3126	2869	
3	657	3127	3129	
3	660	3128	3127	
3	656	3129	3128	
3	3127	3128	3129	
3	759	3130	3132	
3	758	3131	3130	
3	568	3132	3131	
3	3130	3131	3132	
3	662	3133	3134	
3	660	3127	3133	
3	657	3134	3127	
3	3133	3127	3134	
3	656	3135	3137	
3	659	3136	3135	
3	661	3137	3136	
3	3135	3136	3137	
3	517	2870	3139	
3	649	3138	2870	
3	714	3139	3138	
3	2870	3138	3139	
3	662	3140	3142	
3	663	3141	3140	
3	658	3142	3141	
3	3140	3141	3142	
3	656	3143	3145	
3	711	3144	3143	
3	762	3145	3144	
3	3143	3144	3145	
3	713	3105	3147	
3	712	3146	3105	
3	659	3147	3146	
3	3105	3146	3147	
3	662	3134	2941	
3	657	3125	3134	
3	594	2941	3125	
3	3134	3125	2941	
3	664	3119	3149	
3	660	3148	3119	
3	658	3149	3148	
3	3119	3148	3149	
3	656	3137	3129	
3	661	2864	3137	
3	657	3129	2864	
3	3137	2864	3129	
3	661	3136	3150	
3	659	3146	3136	
3	712	3150	3146	
3	3136	3146	3150	
3	714	2939	3139	
3	594	2937	2939	
3	517	3139	2937	
3	2939	2937	3139	
3	658	3148	3142	
3	660	3133	3148	
3	662	3142	3133	
3	3148	3133	3142	
3	578	3151	2898	
3	715	3152	3151	
3	649	2898	3152	
3	3151	3152	2898	
3	714	3153	3154	
3	715	2897	3153	
3	663	3154	2897	
3	3153	2897	3154	
3	665	1277	3155	
3	664	3149	1277	
3	658	3155	3149	
3	1277	3149	3155	
3	572	2866	2877	
3	666	2942	2866	
3	570	2877	2942	
3	2866	2942	2877	
3	663	2896	3156	
3	805	3115	2896	
3	806	3156	3115	
3	2896	3115	3156	
3	903	3157	3159	
3	985	3158	3157	
3	962	3159	3158	
3	3157	3158	3159	
3	758	2710	3160	
3	666	2865	2710	
3	504	3160	2865	
3	2710	2865	3160	
3	656	3161	2712	
3	716	3162	3161	
3	666	2712	3162	
3	3161	3162	2712	
3	717	3163	3164	
3	596	2950	3163	
3	519	3164	2950	
3	3163	2950	3164	
3	667	2951	3166	
3	351	3165	2951	
3	670	3166	3165	
3	2951	3165	3166	
3	967	3167	3168	
3	968	2701	3167	
3	966	3168	2701	
3	3167	2701	3168	
3	670	3169	3171	
3	668	3170	3169	
3	673	3171	3170	
3	3169	3170	3171	
3	415	3172	3174	
3	970	3173	3172	
3	334	3174	3173	
3	3172	3173	3174	
3	336	3175	3177	
3	1008	3176	3175	
3	1007	3177	3176	
3	3175	3176	3177	
3	717	3164	2946	
3	519	3178	3164	
3	767	2946	3178	
3	3164	3178	2946	
3	673	3179	3180	
3	672	2135	3179	
3	667	3180	2135	
3	3179	2135	3180	
3	670	3165	3182	
3	351	3181	3165	
3	717	3182	3181	
3	3165	3181	3182	
3	717	1296	3182	
3	668	3169	1296	
3	670	3182	3169	
3	1296	3169	3182	
3	673	3180	3171	
3	667	3166	3180	
3	670	3171	3166	
3	3180	3166	3171	
3	674	2953	3184	
3	672	3183	2953	
3	669	3184	3183	
3	2953	3183	3184	
3	700	3185	3186	
3	675	1293	3185	
3	173	3186	1293	
3	3185	1293	3186	
3	669	3183	3187	
3	672	3179	3183	
3	673	3187	3179	
3	3183	3179	3187	
3	674	3184	2189	
3	669	3188	3184	
3	965	2189	3188	
3	3184	3188	2189	
3	647	2668	3189	
3	172	3108	2668	
3	718	3189	3108	
3	2668	3108	3189	
3	161	1316	3191	
3	506	3190	1316	
3	1008	3191	3190	
3	1316	3190	3191	
3	971	3192	3194	
3	673	3193	3192	
3	970	3194	3193	
3	3192	3193	3194	
3	599	3064	3196	
3	741	3195	3064	
3	749	3196	3195	
3	3064	3195	3196	
3	743	3197	3199	
3	745	3198	3197	
3	799	3199	3198	
3	3197	3198	3199	
3	678	3052	3200	
3	526	2969	3052	
3	630	3200	2969	
3	3052	2969	3200	
3	605	2966	2983	
3	677	2684	2966	
3	603	2983	2684	
3	2966	2684	2983	
3	679	3201	3202	
3	630	3080	3201	
3	706	3202	3080	
3	3201	3080	3202	
3	678	3200	2836	
3	630	3201	3200	
3	679	2836	3201	
3	3200	3201	2836	
3	768	3203	3205	
3	636	3204	3203	
3	720	3205	3204	
3	3203	3204	3205	
3	679	3066	2979	
3	768	3206	3066	
3	769	2979	3206	
3	3066	3206	2979	
3	527	2478	2968	
3	608	3207	2478	
3	680	2968	3207	
3	2478	3207	2968	
3	683	1060	3083	
3	680	3207	1060	
3	608	3083	3207	
3	1060	3207	3083	
3	682	2975	3208	
3	681	2243	2975	
3	213	3208	2243	
3	2975	2243	3208	
3	371	2973	2841	
3	681	2974	2973	
3	604	2841	2974	
3	2973	2974	2841	
3	365	2227	1664	
3	682	3208	2227	
3	213	1664	3208	
3	2227	3208	1664	
3	602	2238	2218	
3	682	2226	2238	
3	363	2218	2226	
3	2238	2226	2218	
3	773	3209	3211	
3	774	3210	3209	
3	721	3211	3210	
3	3209	3210	3211	
3	490	2604	3212	
3	487	2611	2604	
3	723	3212	2611	
3	2604	2611	3212	
3	489	2602	3213	
3	492	2619	2602	
3	725	3213	2619	
3	2602	2619	3213	
3	815	3214	3216	
3	811	3215	3214	
3	778	3216	3215	
3	3214	3215	3216	
3	892	2767	2489	
3	219	1094	2767	
3	357	2489	1094	
3	2767	1094	2489	
3	685	3217	3001	
3	614	3218	3217	
3	957	3001	3218	
3	3217	3218	3001	
3	782	3219	3221	
3	686	3220	3219	
3	780	3221	3220	
3	3219	3220	3221	
3	782	3222	3224	
3	938	3223	3222	
3	914	3224	3223	
3	3222	3223	3224	
3	178	2039	3004	
3	223	3225	2039	
3	687	3004	3225	
3	2039	3225	3004	
3	727	3226	1564	
3	223	2260	3226	
3	376	1564	2260	
3	3226	2260	1564	
3	696	3227	3011	
3	688	1954	3227	
3	618	3011	1954	
3	3227	1954	3011	
3	693	3228	2811	
3	688	3229	3228	
3	623	2811	3229	
3	3228	3229	2811	
3	201	1306	3012	
3	131	3230	1306	
3	689	3012	3230	
3	1306	3230	3012	
3	130	1640	3231	
3	689	3230	1640	
3	131	3231	3230	
3	1640	3230	3231	
3	468	2801	3232	
3	729	2541	2801	
3	690	3232	2541	
3	2801	2541	3232	
3	545	3233	3234	
3	731	2539	3233	
3	729	3234	2539	
3	3233	2539	3234	
3	732	3235	3237	
3	733	3236	3235	
3	691	3237	3236	
3	3235	3236	3237	
3	842	3238	3240	
3	841	3239	3238	
3	200	3240	3239	
3	3238	3239	3240	
3	693	2813	3241	
3	692	1291	2813	
3	547	3241	1291	
3	2813	1291	3241	
3	625	3030	3039	
3	692	2812	3030	
3	623	3039	2812	
3	3030	2812	3039	
3	694	2809	3242	
3	693	3241	2809	
3	547	3242	3241	
3	2809	3241	3242	
3	693	2325	3228	
3	169	3025	2325	
3	688	3228	3025	
3	2325	3025	3228	
3	622	1211	2331	
3	694	3242	1211	
3	547	2331	3242	
3	1211	3242	2331	
3	694	3243	2810	
3	691	3244	3243	
3	695	2810	3244	
3	3243	3244	2810	
3	695	3244	3245	
3	691	3021	3244	
3	842	3245	3021	
3	3244	3021	3245	
3	169	2324	1200	
3	695	3246	2324	
3	200	1200	3246	
3	2324	3246	1200	
3	627	3041	3033	
3	696	3010	3041	
3	459	3033	3010	
3	3041	3010	3033	
3	688	3227	3229	
3	696	3042	3227	
3	623	3229	3042	
3	3227	3042	3229	
3	624	2553	2512	
3	697	2300	2553	
3	391	2512	2300	
3	2553	2300	2512	
3	698	3043	3247	
3	697	2552	3043	
3	626	3247	2552	
3	3043	2552	3247	
3	699	3248	3036	
3	698	3247	3248	
3	626	3036	3247	
3	3248	3247	3036	
3	628	2554	3038	
3	698	3249	2554	
3	739	3038	3249	
3	2554	3249	3038	
3	626	3029	3034	
3	549	2817	3029	
3	734	3034	2817	
3	3029	2817	3034	
3	699	3250	3252	
3	464	3251	3250	
3	738	3252	3251	
3	3250	3251	3252	
3	917	3253	2790	
3	817	3254	3253	
3	818	2790	3254	
3	3253	3254	2790	
3	700	2384	3185	
3	904	2163	2384	
3	675	3185	2163	
3	2384	2163	3185	
3	228	3255	2687	
3	876	3256	3255	
3	702	2687	3256	
3	3255	3256	2687	
3	631	3053	2965	
3	701	3257	3053	
3	632	2965	3257	
3	3053	3257	2965	
3	797	3258	3260	
3	744	3259	3258	
3	796	3260	3259	
3	3258	3259	3260	
3	701	2688	3262	
3	702	3261	2688	
3	796	3262	3261	
3	2688	3261	3262	
3	511	3263	3063	
3	742	3264	3263	
3	741	3063	3264	
3	3263	3264	3063	
3	745	3265	3198	
3	800	3266	3265	
3	799	3198	3266	
3	3265	3266	3198	
3	796	3267	3268	
3	743	3073	3267	
3	632	3268	3073	
3	3267	3073	3268	
3	676	3269	3057	
3	746	2451	3269	
3	601	3057	2451	
3	3269	2451	3057	
3	634	2955	3062	
3	705	3270	2955	
3	554	3062	3270	
3	2955	3270	3062	
3	637	3071	2954	
3	639	3049	3071	
3	705	2954	3049	
3	3071	3049	2954	
3	705	3051	3270	
3	706	3271	3051	
3	554	3270	3271	
3	3051	3271	3270	
3	679	3202	3067	
3	706	3050	3202	
3	639	3067	3050	
3	3202	3050	3067	
3	911	3272	3273	
3	707	1643	3272	
3	557	3273	1643	
3	3272	1643	3273	
3	230	2739	3275	
3	707	3274	2739	
3	640	3275	3274	
3	2739	3274	3275	
3	721	3210	3277	
3	774	3276	3210	
3	810	3277	3276	
3	3210	3276	3277	
3	809	3278	3280	
3	825	3279	3278	
3	774	3280	3279	
3	3278	3279	3280	
3	822	3281	3283	
3	802	3282	3281	
3	821	3283	3282	
3	3281	3282	3283	
3	760	3284	3286	
3	711	3285	3284	
3	759	3286	3285	
3	3284	3285	3286	
3	512	3287	3289	
3	879	3288	3287	
3	949	3289	3288	
3	3287	3288	3289	
3	583	3109	2698	
3	652	2911	3109	
3	754	2698	2911	
3	3109	2911	2698	
3	568	2645	3132	
3	709	3290	2645	
3	759	3132	3290	
3	2645	3290	3132	
3	760	3286	3291	
3	759	3290	3286	
3	709	3291	3290	
3	3286	3290	3291	
3	661	3150	3126	
3	712	1335	3150	
3	518	3126	1335	
3	3150	1335	3126	
3	659	3292	3294	
3	762	3293	3292	
3	761	3294	3293	
3	3292	3293	3294	
3	761	3295	3296	
3	974	1997	3295	
3	713	3296	1997	
3	3295	1997	3296	
3	237	1996	3298	
3	288	3297	1996	
3	763	3298	3297	
3	1996	3297	3298	
3	715	3153	3152	
3	714	3138	3153	
3	649	3152	3138	
3	3153	3138	3152	
3	662	2940	3140	
3	714	3154	2940	
3	663	3140	3154	
3	2940	3154	3140	
3	764	3299	2895	
3	578	1524	3299	
3	577	2895	1524	
3	3299	1524	2895	
3	578	3299	3151	
3	764	3300	3299	
3	715	3151	3300	
3	3299	3300	3151	
3	660	3118	3128	
3	716	3161	3118	
3	656	3128	3161	
3	3118	3161	3128	
3	664	2943	3117	
3	666	3162	2943	
3	716	3117	3162	
3	2943	3162	3117	
3	717	3181	3163	
3	351	2714	3181	
3	596	3163	2714	
3	3181	2714	3163	
3	598	2952	2879	
3	674	3301	2952	
3	718	2879	3301	
3	2952	3301	2879	
3	647	3189	3113	
3	718	3301	3189	
3	674	3113	3301	
3	3189	3301	3113	
3	601	2959	3058	
3	440	3302	2959	
3	719	3058	3302	
3	2959	3302	3058	
3	522	2725	2449	
3	719	3302	2725	
3	440	2449	3302	
3	2725	3302	2449	
3	741	3264	3304	
3	742	3303	3264	
3	703	3304	3303	
3	3264	3303	3304	
3	913	3305	3307	
3	771	3306	3305	
3	752	3307	3306	
3	3305	3306	3307	
3	707	3272	3274	
3	911	3308	3272	
3	640	3274	3308	
3	3272	3308	3274	
3	557	3309	3273	
3	912	2987	3309	
3	911	3273	2987	
3	3309	2987	3273	
3	451	2840	3311	
3	683	3310	2840	
3	775	3311	3310	
3	2840	3310	3311	
3	773	3312	3314	
3	976	3313	3312	
3	775	3314	3313	
3	3312	3313	3314	
3	534	2756	3315	
3	373	2758	2756	
3	776	3315	2758	
3	2756	2758	3315	
3	490	3212	3317	
3	723	3316	3212	
3	722	3317	3316	
3	3212	3316	3317	
3	779	2996	3318	
3	612	2995	2996	
3	489	3318	2995	
3	2996	2995	3318	
3	724	3319	2367	
3	684	3320	3319	
3	815	2367	3320	
3	3319	3320	2367	
3	243	2005	3321	
3	292	1075	2005	
3	777	3321	1075	
3	2005	1075	3321	
3	779	3322	3324	
3	725	3323	3322	
3	684	3324	3323	
3	3322	3323	3324	
3	686	2777	3326	
3	784	3325	2777	
3	726	3326	3325	
3	2777	3325	3326	
3	726	3325	2305	
3	784	3327	3325	
3	786	2305	3327	
3	3325	3327	2305	
3	615	1807	2769	
3	727	1563	1807	
3	538	2769	1563	
3	1807	1563	2769	
3	223	3226	3225	
3	727	1806	3226	
3	687	3225	1806	
3	3226	1806	3225	
3	620	3022	2330	
3	728	3016	3022	
3	622	2330	3016	
3	3022	3016	2330	
3	468	3232	3023	
3	690	3015	3232	
3	728	3023	3015	
3	3232	3015	3023	
3	546	2548	2804	
3	787	2799	2548	
3	468	2804	2799	
3	2548	2799	2804	
3	731	3233	3329	
3	545	3328	3233	
3	788	3329	3328	
3	3233	3328	3329	
3	403	2342	2545	
3	730	2795	2342	
3	544	2545	2795	
3	2342	2795	2545	
3	545	3234	2341	
3	729	3330	3234	
3	730	2341	3330	
3	3234	3330	2341	
3	789	3331	3332	
3	731	3329	3331	
3	788	3332	3329	
3	3331	3329	3332	
3	789	3333	3331	
3	790	2797	3333	
3	731	3331	2797	
3	3333	2797	3331	
3	732	3024	3335	
3	621	3334	3024	
3	849	3335	3334	
3	3024	3334	3335	
3	694	1210	3243	
3	732	3237	1210	
3	691	3243	3237	
3	1210	3237	3243	
3	621	2808	3337	
3	690	3336	2808	
3	816	3337	3336	
3	2808	3336	3337	
3	856	3338	3340	
3	845	3339	3338	
3	993	3340	3339	
3	3338	3339	3340	
3	549	3026	2818	
3	627	3032	3026	
3	735	2818	3032	
3	3026	3032	2818	
3	791	2534	3341	
3	464	3250	2534	
3	699	3341	3250	
3	2534	3250	3341	
3	459	3342	3031	
3	736	3008	3342	
3	735	3031	3008	
3	3342	3008	3031	
3	736	3343	3009	
3	387	3344	3343	
3	737	3009	3344	
3	3343	3344	3009	
3	541	2165	2782	
3	736	3342	2165	
3	459	2782	3342	
3	2165	3342	2782	
3	387	3343	2293	
3	736	2167	3343	
3	617	2293	2167	
3	3343	2167	2293	
3	387	2520	3345	
3	466	2535	2520	
3	791	3345	2535	
3	2520	2535	3345	
3	734	2816	2819	
3	735	3007	2816	
3	737	2819	3007	
3	2816	3007	2819	
3	464	3346	3251	
3	792	3347	3346	
3	738	3251	3347	
3	3346	3347	3251	
3	817	2466	3349	
3	738	3348	2466	
3	826	3349	3348	
3	2466	3348	3349	
3	698	3248	3249	
3	699	3350	3248	
3	739	3249	3350	
3	3248	3350	3249	
3	738	2527	3252	
3	739	3350	2527	
3	699	3252	3350	
3	2527	3350	3252	
3	917	3044	3351	
3	628	3037	3044	
3	550	3351	3037	
3	3044	3037	3351	
3	173	2190	3186	
3	740	3352	2190	
3	700	3186	3352	
3	2190	3352	3186	
3	511	2928	3263	
3	589	2926	2928	
3	742	3263	2926	
3	2928	2926	3263	
3	703	3353	3355	
3	747	3354	3353	
3	749	3355	3354	
3	3353	3354	3355	
3	795	3356	3358	
3	742	3357	3356	
3	916	3358	3357	
3	3356	3357	3358	
3	742	3356	3360	
3	795	3359	3356	
3	794	3360	3359	
3	3356	3359	3360	
3	632	3257	3268	
3	701	3262	3257	
3	796	3268	3262	
3	3257	3262	3268	
3	743	2344	3197	
3	704	2961	2344	
3	745	3197	2961	
3	2344	2961	3197	
3	797	3361	3363	
3	702	3362	3361	
3	479	3363	3362	
3	3361	3362	3363	
3	798	3364	2727	
3	827	3365	3364	
3	820	2727	3365	
3	3364	3365	2727	
3	704	3366	2962	
3	746	3367	3366	
3	747	2962	3367	
3	3366	3367	2962	
3	794	3078	3369	
3	800	3368	3078	
3	703	3369	3368	
3	3078	3368	3369	
3	746	3269	3367	
3	676	3370	3269	
3	747	3367	3370	
3	3269	3370	3367	
3	748	2452	3371	
3	746	3366	2452	
3	704	3371	3366	
3	2452	3366	3371	
3	749	3354	3372	
3	747	3370	3354	
3	676	3372	3370	
3	3354	3370	3372	
3	800	3373	3368	
3	747	3353	3373	
3	703	3368	3353	
3	3373	3353	3368	
3	704	2346	3375	
3	744	3374	2346	
3	801	3375	3374	
3	2346	3374	3375	
3	744	3258	3377	
3	797	3376	3258	
3	798	3377	3376	
3	3258	3376	3377	
3	599	3196	2577	
3	749	3372	3196	
3	676	2577	3372	
3	3196	3372	2577	
3	703	3355	3304	
3	749	3195	3355	
3	741	3304	3195	
3	3355	3195	3304	
3	751	2981	3378	
3	180	1656	2981	
3	230	3378	1656	
3	2981	1656	3378	
3	752	2971	3085	
3	750	2917	2971	
3	708	3085	2917	
3	2971	2917	3085	
3	230	3275	3378	
3	640	3379	3275	
3	751	3378	3379	
3	3275	3379	3378	
3	810	3380	3381	
3	751	3379	3380	
3	640	3381	3379	
3	3380	3379	3381	
3	770	3382	2835	
3	603	2683	3382	
3	678	2835	2683	
3	3382	2683	2835	
3	752	3306	3384	
3	771	3383	3306	
3	807	3384	3383	
3	3306	3383	3384	
3	852	3385	3387	
3	269	3386	3385	
3	854	3387	3386	
3	3385	3386	3387	
3	872	3388	3390	
3	873	3389	3388	
3	1006	3390	3389	
3	3388	3389	3390	
3	652	3120	2912	
3	647	3122	3120	
3	755	2912	3122	
3	3120	3122	2912	
3	756	2699	3392	
3	754	3391	2699	
3	710	3392	3391	
3	2699	3391	3392	
3	757	3123	3393	
3	574	2882	3123	
3	648	3393	2882	
3	3123	2882	3393	
3	710	3391	2933	
3	754	2913	3391	
3	755	2933	2913	
3	3391	2913	2933	
3	710	2935	3395	
3	757	3394	2935	
3	949	3395	3394	
3	2935	3394	3395	
3	982	3396	3398	
3	164	3397	3396	
3	915	3398	3397	
3	3396	3397	3398	
3	648	2671	3400	
3	969	3399	2671	
3	803	3400	3399	
3	2671	3399	3400	
3	949	3394	3402	
3	757	3401	3394	
3	591	3402	3401	
3	3394	3401	3402	
3	568	3131	2659	
3	758	3160	3131	
3	504	2659	3160	
3	3131	3160	2659	
3	656	2711	3143	
3	758	3403	2711	
3	711	3143	3403	
3	2711	3403	3143	
3	760	3291	3404	
3	709	1695	3291	
3	646	3404	1695	
3	3291	1695	3404	
3	758	3130	3403	
3	759	3285	3130	
3	711	3403	3285	
3	3130	3285	3403	
3	761	3405	3406	
3	760	3404	3405	
3	646	3406	3404	
3	3405	3404	3406	
3	762	3407	3293	
3	760	3405	3407	
3	761	3293	3405	
3	3407	3405	3293	
3	974	3295	3408	
3	761	3406	3295	
3	646	3408	3406	
3	3295	3406	3408	
3	659	3294	3147	
3	761	3296	3294	
3	713	3147	3296	
3	3294	3296	3147	
3	656	3145	3135	
3	762	3292	3145	
3	659	3135	3292	
3	3145	3292	3135	
3	711	3284	3144	
3	760	3407	3284	
3	762	3144	3407	
3	3284	3407	3144	
3	288	1994	3297	
3	206	3409	1994	
3	763	3297	3409	
3	1994	3409	3297	
3	712	3106	2653	
3	763	3409	3106	
3	206	2653	3409	
3	3106	3409	2653	
3	824	2889	2690	
3	576	3410	2889	
3	835	2690	3410	
3	2889	3410	2690	
3	988	3411	3413	
3	928	3412	3411	
3	987	3413	3412	
3	3411	3412	3413	
3	832	3414	3416	
3	836	3415	3414	
3	824	3416	3415	
3	3414	3415	3416	
3	191	3417	1750	
3	985	3418	3417	
3	927	1750	3418	
3	3417	3418	1750	
3	671	3419	2124	
3	334	3420	3419	
3	766	2124	3420	
3	3419	3420	2124	
3	415	3421	3423	
3	905	3422	3421	
3	967	3423	3422	
3	3421	3422	3423	
3	519	2374	3178	
3	412	3424	2374	
3	767	3178	3424	
3	2374	3424	3178	
3	412	3425	3424	
3	671	2945	3425	
3	767	3424	2945	
3	3425	2945	3424	
3	636	3203	3070	
3	768	3065	3203	
3	639	3070	3065	
3	3203	3065	3070	
3	769	3206	3426	
3	768	3205	3206	
3	720	3426	3205	
3	3206	3205	3426	
3	794	3359	3076	
3	795	3427	3359	
3	720	3076	3427	
3	3359	3427	3076	
3	772	3428	3429	
3	771	3305	3428	
3	913	3429	3305	
3	3428	3305	3429	
3	770	2980	3431	
3	769	3430	2980	
3	771	3431	3430	
3	2980	3430	3431	
3	607	2977	2984	
3	772	3432	2977	
3	606	2984	3432	
3	2977	3432	2984	
3	769	3426	3433	
3	720	3427	3426	
3	795	3433	3427	
3	3426	3427	3433	
3	752	3384	2972	
3	807	3434	3384	
3	585	2972	3434	
3	3384	3434	2972	
3	603	3382	2976	
3	770	3435	3382	
3	772	2976	3435	
3	3382	3435	2976	
3	771	3428	3431	
3	772	3435	3428	
3	770	3431	3435	
3	3428	3435	3431	
3	774	3209	3436	
3	773	3081	3209	
3	608	3436	3081	
3	3209	3081	3436	
3	773	3211	3312	
3	721	3437	3211	
3	976	3312	3437	
3	3211	3437	3312	
3	809	3280	3438	
3	774	3436	3280	
3	608	3438	3436	
3	3280	3436	3438	
3	774	3439	3276	
3	708	3440	3439	
3	810	3276	3440	
3	3439	3440	3276	
3	773	3314	3082	
3	775	3310	3314	
3	683	3082	3310	
3	3314	3310	3082	
3	776	2599	3441	
3	722	3316	2599	
3	723	3441	3316	
3	2599	3316	3441	
3	775	2600	3311	
3	776	2759	2600	
3	451	3311	2759	
3	2600	2759	3311	
3	534	3315	2613	
3	776	3441	3315	
3	723	2613	3441	
3	3315	3441	2613	
3	777	1077	3443	
3	196	3442	1077	
3	778	3443	3442	
3	1077	3442	3443	
3	243	3321	2620	
3	777	2606	3321	
3	725	2620	2606	
3	3321	2606	2620	
3	812	2075	3444	
3	778	3442	2075	
3	196	3444	3442	
3	2075	3442	3444	
3	815	3216	3445	
3	778	2077	3216	
3	814	3445	2077	
3	3216	2077	3445	
3	724	2997	3319	
3	779	3324	2997	
3	684	3319	3324	
3	2997	3324	3319	
3	489	3213	3318	
3	725	3322	3213	
3	779	3318	3322	
3	3213	3322	3318	
3	453	3446	3448	
3	1000	3447	3446	
3	782	3448	3447	
3	3446	3447	3448	
3	686	3326	3220	
3	726	3003	3326	
3	780	3220	3003	
3	3326	3003	3220	
3	956	3449	3450	
3	614	2628	3449	
3	953	3450	2628	
3	3449	2628	3450	
3	864	3451	3453	
3	861	3452	3451	
3	863	3453	3452	
3	3451	3452	3453	
3	453	3448	2557	
3	782	3221	3448	
3	780	2557	3221	
3	3448	3221	2557	
3	782	3454	3222	
3	781	3455	3454	
3	938	3222	3455	
3	3454	3455	3222	
3	936	3456	3458	
3	940	3457	3456	
3	937	3458	3457	
3	3456	3457	3458	
3	861	3459	2779	
3	263	3460	3459	
3	860	2779	3460	
3	3459	3460	2779	
3	785	2776	3462	
3	686	3461	2776	
3	914	3462	3461	
3	2776	3461	3462	
3	786	3327	3464	
3	784	3463	3327	
3	474	3464	3463	
3	3327	3463	3464	
3	783	3465	3467	
3	935	3466	3465	
3	934	3467	3466	
3	3465	3466	3467	
3	478	2502	3469	
3	874	3468	2502	
3	932	3469	3468	
3	2502	3468	3469	
3	474	2556	3464	
3	225	3470	2556	
3	786	3464	3470	
3	2556	3470	3464	
3	283	1634	1624	
3	786	3470	1634	
3	225	1624	3470	
3	1634	3470	1624	
3	544	2794	2536	
3	787	2547	2794	
3	469	2536	2547	
3	2794	2547	2536	
3	729	2800	3330	
3	787	2793	2800	
3	730	3330	2793	
3	2800	2793	3330	
3	619	2015	3014	
3	788	3328	2015	
3	545	3014	3328	
3	2015	3328	3014	
3	789	3332	3471	
3	788	3013	3332	
3	401	3471	3013	
3	3332	3013	3471	
3	401	2329	3471	
3	399	3472	2329	
3	789	3471	3472	
3	2329	3472	3471	
3	789	3472	3333	
3	399	3473	3472	
3	790	3333	3473	
3	3472	3473	3333	
3	847	3474	3476	
3	853	3475	3474	
3	845	3476	3475	
3	3474	3475	3476	
3	790	3477	3479	
3	847	3478	3477	
3	849	3479	3478	
3	3477	3478	3479	
3	734	2821	3035	
3	791	3341	2821	
3	699	3035	3341	
3	2821	3341	3035	
3	791	2820	3345	
3	737	3344	2820	
3	387	3345	3344	
3	2820	3344	3345	
3	462	2524	2049	
3	792	3346	2524	
3	464	2049	3346	
3	2524	3346	2049	
3	465	3480	2519	
3	819	2823	3480	
3	461	2519	2823	
3	3480	2823	2519	
3	886	3481	3482	
3	952	2787	3481	
3	565	3482	2787	
3	3481	2787	3482	
3	565	3483	3482	
3	885	3484	3483	
3	886	3482	3484	
3	3483	3484	3482	
3	800	3077	3485	
3	720	3204	3077	
3	636	3485	3204	
3	3077	3204	3485	
3	703	3303	3369	
3	742	3360	3303	
3	794	3369	3360	
3	3303	3360	3369	
3	916	3357	3486	
3	742	2927	3357	
3	338	3486	2927	
3	3357	2927	3486	
3	771	3430	3487	
3	769	3433	3430	
3	795	3487	3433	
3	3430	3433	3487	
3	797	3260	3361	
3	796	3261	3260	
3	702	3361	3261	
3	3260	3261	3361	
3	743	3267	2345	
3	796	3259	3267	
3	744	2345	3259	
3	3267	3259	2345	
3	479	2570	3363	
3	476	3488	2570	
3	797	3363	3488	
3	2570	3488	3363	
3	798	2726	3490	
3	748	3489	2726	
3	801	3490	3489	
3	2726	3489	3490	
3	797	3488	3376	
3	476	3491	3488	
3	798	3376	3491	
3	3488	3491	3376	
3	827	2507	3365	
3	551	3492	2507	
3	820	3365	3492	
3	2507	3492	3365	
3	637	3075	3069	
3	799	3493	3075	
3	636	3069	3493	
3	3075	3493	3069	
3	743	3199	3072	
3	799	3074	3199	
3	638	3072	3074	
3	3199	3074	3072	
3	799	3266	3493	
3	800	3485	3266	
3	636	3493	3485	
3	3266	3485	3493	
3	747	3373	2960	
3	800	3265	3373	
3	745	2960	3265	
3	3373	3265	2960	
3	798	3490	3377	
3	801	3374	3490	
3	744	3377	3374	
3	3490	3374	3377	
3	748	3371	3489	
3	704	3375	3371	
3	801	3489	3375	
3	3371	3375	3489	
3	822	3494	3104	
3	709	2647	3494	
3	502	3104	2647	
3	3494	2647	3104	
3	1002	3495	3497	
3	1003	3496	3495	
3	948	3497	3496	
3	3495	3496	3497	
3	591	3401	3124	
3	757	3498	3401	
3	803	3124	3498	
3	3401	3498	3124	
3	648	3400	3393	
3	803	3498	3400	
3	757	3393	3498	
3	3400	3498	3393	
3	977	3499	3500	
3	915	3397	3499	
3	164	3500	3397	
3	3499	3397	3500	
3	836	3501	3415	
3	764	2890	3501	
3	824	3415	2890	
3	3501	2890	3415	
3	836	2893	3501	
3	715	3300	2893	
3	764	3501	3300	
3	2893	3300	3501	
3	765	3502	3114	
3	665	3503	3502	
3	806	3114	3503	
3	3502	3503	3114	
3	665	3155	3503	
3	658	3504	3155	
3	806	3503	3504	
3	3155	3504	3503	
3	663	3156	3141	
3	806	3504	3156	
3	658	3141	3504	
3	3156	3504	3141	
3	916	3505	3358	
3	771	3487	3505	
3	795	3358	3487	
3	3505	3487	3358	
3	808	3506	3507	
3	338	1587	3506	
3	586	3507	1587	
3	3506	1587	3507	
3	510	2920	2923	
3	808	3507	2920	
3	586	2923	3507	
3	2920	3507	2923	
3	585	3434	2921	
3	807	2472	3434	
3	808	2921	2472	
3	3434	2472	2921	
3	607	2986	2480	
3	809	3438	2986	
3	608	2480	3438	
3	2986	3438	2480	
3	606	3508	3510	
3	913	3509	3508	
3	825	3510	3509	
3	3508	3509	3510	
3	751	3380	2916	
3	810	3440	3380	
3	708	2916	3440	
3	3380	3440	2916	
3	810	3381	3511	
3	640	3308	3381	
3	911	3511	3308	
3	3381	3308	3511	
3	725	2605	3323	
3	811	3512	2605	
3	684	3323	3512	
3	2605	3512	3323	
3	777	3443	2607	
3	778	3215	3443	
3	811	2607	3215	
3	3443	3215	2607	
3	361	2026	1855	
3	812	3444	2026	
3	196	1855	3444	
3	2026	3444	1855	
3	814	2076	3513	
3	812	2861	2076	
3	973	3513	2861	
3	2076	2861	3513	
3	210	3514	3516	
3	907	3515	3514	
3	973	3516	3515	
3	3514	3515	3516	
3	567	3517	2852	
3	885	3518	3517	
3	884	2852	3518	
3	3517	3518	2852	
3	885	3519	3521	
3	814	3520	3519	
3	813	3521	3520	
3	3519	3520	3521	
3	815	3445	3523	
3	814	3522	3445	
3	567	3523	3522	
3	3445	3522	3523	
3	815	3523	2368	
3	567	2856	3523	
3	408	2368	2856	
3	3523	2856	2368	
3	811	3214	3512	
3	815	3320	3214	
3	684	3512	3320	
3	3214	3320	3512	
3	731	2796	2540	
3	816	3336	2796	
3	690	2540	3336	
3	2796	3336	2540	
3	849	3524	3479	
3	816	2798	3524	
3	790	3479	2798	
3	3524	2798	3479	
3	826	3348	3525	
3	738	3347	3348	
3	792	3525	3347	
3	3348	3347	3525	
3	793	3526	3528	
3	951	3527	3526	
3	817	3528	3527	
3	3526	3527	3528	
3	813	3529	3521	
3	886	3484	3529	
3	885	3521	3484	
3	3529	3484	3521	
3	907	3514	2855	
3	210	2825	3514	
3	904	2855	2825	
3	3514	2825	2855	
3	543	2213	2641	
3	819	3480	2213	
3	465	2641	3480	
3	2213	3480	2641	
3	793	3528	3530	
3	817	3349	3528	
3	826	3530	3349	
3	3528	3349	3530	
3	828	2829	3531	
3	820	3492	2829	
3	551	3531	3492	
3	2829	3492	3531	
3	601	3055	2958	
3	830	3532	3055	
3	523	2958	3532	
3	3055	3532	2958	
3	822	3283	3494	
3	821	1696	3283	
3	709	3494	1696	
3	3283	1696	3494	
3	975	3533	3534	
3	821	3282	3533	
3	802	3534	3282	
3	3533	3282	3534	
3	503	2649	2663	
3	918	3535	2649	
3	502	2663	3535	
3	2649	3535	2663	
3	822	3103	3537	
3	823	3536	3103	
3	924	3537	3536	
3	3103	3536	3537	
3	823	3538	3540	
3	918	3539	3538	
3	919	3540	3539	
3	3538	3539	3540	
3	924	3541	3543	
3	753	3542	3541	
3	1001	3543	3542	
3	3541	3542	3543	
3	576	2676	3544	
3	650	2905	2676	
3	831	3544	2905	
3	2676	2905	3544	
3	824	2903	3416	
3	804	3545	2903	
3	832	3416	3545	
3	2903	3545	3416	
3	774	3279	3439	
3	825	3086	3279	
3	708	3439	3086	
3	3279	3086	3439	
3	606	3510	2985	
3	825	3278	3510	
3	809	2985	3278	
3	3510	3278	2985	
3	461	2822	2523	
3	826	3525	2822	
3	792	2523	3525	
3	2822	3525	2523	
3	793	3530	3546	
3	826	2824	3530	
3	819	3546	2824	
3	3530	2824	3546	
3	798	3491	3364	
3	476	3547	3491	
3	827	3364	3547	
3	3491	3547	3364	
3	827	3547	2505	
3	476	3548	3547	
3	882	2505	3548	
3	3547	3548	2505	
3	629	2827	3047	
3	828	3531	2827	
3	551	3047	3531	
3	2827	3531	3047	
3	829	2830	3549	
3	828	3046	2830	
3	385	3549	3046	
3	2830	3046	3549	
3	234	2566	2280	
3	829	3549	2566	
3	385	2280	3549	
3	2566	3549	2280	
3	829	2568	3550	
3	523	3532	2568	
3	830	3550	3532	
3	2568	3532	3550	
3	748	2728	3056	
3	820	3551	2728	
3	830	3056	3551	
3	2728	3551	3056	
3	829	3550	2828	
3	830	3551	3550	
3	820	2828	3551	
3	3550	3551	2828	
3	950	3552	2932	
3	581	2692	3552	
3	583	2932	2692	
3	3552	2692	2932	
3	878	3553	3555	
3	834	3554	3553	
3	879	3555	3554	
3	3553	3554	3555	
3	804	3556	3545	
3	983	3557	3556	
3	832	3545	3557	
3	3556	3557	3545	
3	988	3558	3560	
3	926	3559	3558	
3	927	3560	3559	
3	3558	3559	3560	
3	834	3561	3563	
3	833	3562	3561	
3	831	3563	3562	
3	3561	3562	3563	
3	833	3561	3565	
3	834	3564	3561	
3	982	3565	3564	
3	3561	3564	3565	
3	834	3566	3554	
3	880	3567	3566	
3	879	3554	3567	
3	3566	3567	3554	
3	834	3563	3566	
3	831	3568	3563	
3	880	3566	3568	
3	3563	3568	3566	
3	576	3544	3410	
3	831	3569	3544	
3	835	3410	3569	
3	3544	3569	3410	
3	833	2691	3562	
3	835	3569	2691	
3	831	3562	3569	
3	2691	3569	3562	
3	832	3570	3414	
3	765	3571	3570	
3	836	3414	3571	
3	3570	3571	3414	
3	805	2891	3116	
3	836	3571	2891	
3	765	3116	3571	
3	2891	3571	3116	
3	146	1485	1400	
3	184	3572	1485	
3	837	1400	3572	
3	1485	3572	1400	
3	837	3572	2868	
3	184	2874	3572	
3	571	2868	2874	
3	3572	2874	2868	
3	156	1118	1069	
3	838	1074	1118	
3	188	1069	1074	
3	1118	1074	1069	
3	155	1353	1117	
3	189	1471	1353	
3	838	1117	1471	
3	1353	1471	1117	
3	127	1136	1202	
3	193	3573	1136	
3	839	1202	3573	
3	1136	3573	1202	
3	166	1174	2294	
3	839	3573	1174	
3	193	2294	3573	
3	1174	3573	2294	
3	137	1194	1181	
3	840	1134	1194	
3	198	1181	1134	
3	1194	1134	1181	
3	136	1360	1193	
3	199	1718	1360	
3	840	1193	1718	
3	1360	1718	1193	
3	134	1431	1441	
3	200	3239	1431	
3	841	1441	3239	
3	1431	3239	1441	
3	200	3246	3240	
3	695	3245	3246	
3	842	3240	3245	
3	3246	3245	3240	
3	843	3020	3574	
3	691	3236	3020	
3	733	3574	3236	
3	3020	3236	3574	
3	199	1250	3575	
3	841	3238	1250	
3	842	3575	3238	
3	1250	3238	3575	
3	733	2321	3574	
3	844	3576	2321	
3	843	3574	3576	
3	2321	3576	3574	
3	929	3577	1720	
3	168	1225	3577	
3	840	1720	1225	
3	3577	1225	1720	
3	845	3578	3476	
3	846	3579	3578	
3	847	3476	3579	
3	3578	3579	3476	
3	929	3580	3577	
3	844	1934	3580	
3	168	3577	1934	
3	3580	1934	3577	
3	853	3581	3583	
3	399	3582	3581	
3	850	3583	3582	
3	3581	3582	3583	
3	992	3584	3586	
3	922	3585	3584	
3	923	3586	3585	
3	3584	3585	3586	
3	847	3579	3587	
3	846	2322	3579	
3	733	3587	2322	
3	3579	2322	3587	
3	846	3578	1491	
3	845	3588	3578	
3	848	1491	3588	
3	3578	3588	1491	
3	849	3478	3589	
3	847	3587	3478	
3	733	3589	3587	
3	3478	3587	3589	
3	847	3477	3474	
3	790	3590	3477	
3	853	3474	3590	
3	3477	3590	3474	
3	848	3591	3593	
3	856	3592	3591	
3	923	3593	3592	
3	3591	3592	3593	
3	852	3387	3595	
3	854	3594	3387	
3	851	3595	3594	
3	3387	3594	3595	
3	732	3335	3235	
3	849	3589	3335	
3	733	3235	3589	
3	3335	3589	3235	
3	849	3334	3524	
3	621	3337	3334	
3	816	3524	3337	
3	3334	3337	3524	
3	1011	3596	3598	
3	1012	3597	3596	
3	990	3598	3597	
3	3596	3597	3598	
3	996	3599	3601	
3	1010	3600	3599	
3	990	3601	3600	
3	3599	3600	3601	
3	168	1933	1224	
3	848	3602	1933	
3	851	1224	3602	
3	1933	3602	1224	
3	851	3602	3595	
3	848	3603	3602	
3	852	3595	3603	
3	3602	3603	3595	
3	848	3588	3591	
3	845	3338	3588	
3	856	3591	3338	
3	3588	3338	3591	
3	920	3604	3606	
3	921	3605	3604	
3	922	3606	3605	
3	3604	3605	3606	
3	399	3581	3473	
3	853	3590	3581	
3	790	3473	3590	
3	3581	3590	3473	
3	853	3583	3608	
3	850	3607	3583	
3	989	3608	3607	
3	3583	3607	3608	
3	854	3386	1931	
3	269	1786	3386	
3	139	1931	1786	
3	3386	1786	1931	
3	851	3594	1133	
3	854	1521	3594	
3	198	1133	1521	
3	3594	1521	1133	
3	989	3609	3611	
3	930	3610	3609	
3	993	3611	3610	
3	3609	3610	3611	
3	921	3612	2652	
3	925	3613	3612	
3	919	2652	3613	
3	3612	3613	2652	
3	845	3614	3339	
3	989	3611	3614	
3	993	3339	3611	
3	3614	3611	3339	
3	856	3615	3592	
3	855	3616	3615	
3	923	3592	3616	
3	3615	3616	3592	
3	200	1433	1198	
3	133	3617	1433	
3	857	1198	3617	
3	1433	3617	1198	
3	132	1213	3618	
3	857	3617	1213	
3	133	3618	3617	
3	1213	3617	3618	
3	37	1789	1362	
3	858	1365	1789	
3	208	1362	1365	
3	1789	1365	1362	
3	36	1721	1791	
3	209	1367	1721	
3	858	1791	1367	
3	1721	1367	1791	
3	401	1176	2317	
3	859	2013	1176	
3	197	2317	2013	
3	1176	2013	2317	
3	276	1428	1952	
3	859	1178	1428	
3	244	1952	1178	
3	1428	1178	1952	
3	540	2780	1910	
3	860	2041	2780	
3	227	1910	2041	
3	2780	2041	1910	
3	285	1375	1982	
3	860	3460	1375	
3	263	1982	3460	
3	1375	3460	1982	
3	862	3619	3620	
3	861	2778	3619	
3	540	3620	2778	
3	3619	2778	3620	
3	861	3619	3622	
3	862	3621	3619	
3	935	3622	3621	
3	3619	3621	3622	
3	457	3623	2508	
3	931	3624	3623	
3	540	2508	3624	
3	3623	3624	2508	
3	934	1152	3625	
3	785	3462	1152	
3	914	3625	3462	
3	1152	3462	3625	
3	937	3626	3458	
3	938	3627	3626	
3	936	3458	3627	
3	3626	3627	3458	
3	864	3628	2043	
3	224	1912	3628	
3	306	2043	1912	
3	3628	1912	2043	
3	861	3451	3459	
3	864	2042	3451	
3	263	3459	2042	
3	3451	2042	3459	
3	864	3453	3630	
3	863	3629	3453	
3	940	3630	3629	
3	3453	3629	3630	
3	257	1546	1887	
3	865	1095	1546	
3	219	1887	1095	
3	1546	1095	1887	
3	865	1548	2257	
3	375	1610	1548	
3	220	2257	1610	
3	1548	1610	2257	
3	254	3100	1821	
3	378	3631	3100	
3	866	1821	3631	
3	3100	3631	1821	
3	379	1051	2121	
3	866	3631	1051	
3	378	2121	3631	
3	1051	3631	2121	
3	380	1567	2268	
3	867	1893	1567	
3	221	2268	1893	
3	1567	1893	2268	
3	871	3632	3634	
3	454	3633	3632	
3	870	3634	3633	
3	3632	3633	3634	
3	380	2270	3636	
3	869	3635	2270	
3	258	3636	3635	
3	2270	3635	3636	
3	221	2263	2269	
3	868	3097	2263	
3	869	2269	3097	
3	2263	3097	2269	
3	868	3637	3639	
3	644	3638	3637	
3	871	3639	3638	
3	3637	3638	3639	
3	945	3640	3641	
3	1014	2098	3640	
3	539	3641	2098	
3	3640	2098	3641	
3	258	3635	3642	
3	869	3099	3635	
3	870	3642	3099	
3	3635	3099	3642	
3	454	3632	3095	
3	871	3638	3632	
3	644	3095	3638	
3	3632	3638	3095	
3	870	3098	3634	
3	868	3639	3098	
3	871	3634	3639	
3	3098	3639	3634	
3	873	3388	3643	
3	872	2000	3388	
3	238	3643	2000	
3	3388	2000	3643	
3	397	2313	2326	
3	872	3644	2313	
3	396	2326	3644	
3	2313	3644	2326	
3	946	3645	3646	
3	873	3643	3645	
3	238	3646	3643	
3	3645	3643	3646	
3	991	3647	3649	
3	993	3648	3647	
3	996	3649	3648	
3	3647	3648	3649	
3	474	3650	2572	
3	875	3651	3650	
3	874	2572	3651	
3	3650	3651	2572	
3	931	3652	3654	
3	932	3653	3652	
3	933	3654	3653	
3	3652	3653	3654	
3	784	2491	3463	
3	875	3650	2491	
3	474	3463	3650	
3	2491	3650	3463	
3	875	2493	3655	
3	785	1151	2493	
3	933	3655	1151	
3	2493	1151	3655	
3	702	3256	3362	
3	876	2580	3256	
3	479	3362	2580	
3	3256	2580	3362	
3	228	1037	3255	
3	286	2578	1037	
3	876	3255	2578	
3	1037	2578	3255	
3	878	3656	3553	
3	164	3657	3656	
3	834	3553	3657	
3	3656	3657	3553	
3	590	2162	2929	
3	877	3658	2162	
3	512	2929	3658	
3	2162	3658	2929	
3	512	3658	3660	
3	877	3659	3658	
3	878	3660	3659	
3	3658	3659	3660	
3	164	3656	1032	
3	878	3659	3656	
3	877	1032	3659	
3	3656	3659	1032	
3	756	3392	3661	
3	710	3395	3392	
3	949	3661	3395	
3	3392	3395	3661	
3	512	3660	3287	
3	878	3555	3660	
3	879	3287	3555	
3	3660	3555	3287	
3	950	3662	3552	
3	831	2907	3662	
3	581	3552	2907	
3	3662	2907	3552	
3	879	3567	3664	
3	880	3663	3567	
3	950	3664	3663	
3	3567	3663	3664	
3	456	2504	2499	
3	881	1911	2504	
3	227	2499	1911	
3	2504	1911	2499	
3	458	2509	2503	
3	540	1909	2509	
3	881	2503	1909	
3	2509	1909	2503	
3	477	2564	2569	
3	882	3548	2564	
3	476	2569	3548	
3	2564	3548	2569	
3	629	3048	2573	
3	882	2563	3048	
3	478	2573	2563	
3	3048	2563	2573	
3	445	2531	2784	
3	883	3665	2531	
3	543	2784	3665	
3	2531	3665	2784	
3	564	2850	2533	
3	565	2786	2850	
3	883	2533	2786	
3	2850	2786	2533	
3	566	2853	2857	
3	884	2640	2853	
3	498	2857	2640	
3	2853	2640	2857	
3	567	3522	3517	
3	814	3519	3522	
3	885	3517	3519	
3	3522	3519	3517	
3	813	3666	3668	
3	973	3667	3666	
3	972	3668	3667	
3	3666	3667	3668	
3	565	2638	3483	
3	884	3518	2638	
3	885	3483	3518	
3	2638	3518	3483	
3	951	3669	3671	
3	886	3670	3669	
3	972	3671	3670	
3	3669	3670	3671	
3	951	3672	3669	
3	952	3481	3672	
3	886	3669	3481	
3	3672	3481	3669	
3	888	3673	2186	
3	519	2949	3673	
3	597	2186	2949	
3	3673	2949	2186	
3	1	3674	3676	
3	889	3675	3674	
3	2	3676	3675	
3	3674	3675	3676	
3	889	3677	3675	
3	888	2948	3677	
3	2	3675	2948	
3	3677	2948	3675	
3	519	3673	2375	
3	888	3678	3673	
3	887	2375	3678	
3	3673	3678	2375	
3	500	2445	1305	
3	889	3674	2445	
3	1	1305	3674	
3	2445	3674	1305	
3	888	3677	3678	
3	889	2444	3677	
3	887	3678	2444	
3	3677	2444	3678	
3	419	2402	1314	
3	890	3107	2402	
3	172	1314	3107	
3	2402	3107	1314	
3	207	1288	2401	
3	598	2878	1288	
3	890	2401	2878	
3	1288	2878	2401	
3	609	2761	2992	
3	891	2994	2761	
3	531	2992	2994	
3	2761	2994	2992	
3	611	2748	2990	
3	891	2760	2748	
3	612	2990	2760	
3	2748	2760	2990	
3	953	2630	3679	
3	892	2635	2630	
3	495	3679	2635	
3	2630	2635	3679	
3	685	2768	3217	
3	892	2629	2768	
3	614	3217	2629	
3	2768	2629	3217	
3	955	3680	3682	
3	958	3681	3680	
3	961	3682	3681	
3	3680	3681	3682	
3	999	3683	3685	
3	1013	3684	3683	
3	998	3685	3684	
3	3683	3684	3685	
3	553	2349	2311	
3	894	2733	2349	
3	212	2311	2733	
3	2349	2733	2311	
3	706	3079	3271	
3	894	2348	3079	
3	554	3271	2348	
3	3079	2348	3271	
3	896	2267	3686	
3	254	1880	2267	
3	218	3686	1880	
3	2267	1880	3686	
3	868	1755	3637	
3	895	3092	1755	
3	644	3637	3092	
3	1755	3092	3637	
3	896	3686	1874	
3	218	3687	3686	
3	898	1874	3687	
3	3686	3687	1874	
3	895	2265	3093	
3	896	1873	2265	
3	900	3093	1873	
3	2265	1873	3093	
3	218	1746	3689	
3	300	3688	1746	
3	901	3689	3688	
3	1746	3688	3689	
3	960	3690	3692	
3	955	3691	3690	
3	959	3692	3691	
3	3690	3691	3692	
3	898	3687	3693	
3	218	3689	3687	
3	901	3693	3689	
3	3687	3689	3693	
3	898	2354	1875	
3	897	3694	2354	
3	900	1875	3694	
3	2354	3694	1875	
3	299	3695	2029	
3	941	3696	3695	
3	256	2029	3696	
3	3695	3696	2029	
3	897	3697	3698	
3	959	3691	3697	
3	955	3698	3691	
3	3697	3691	3698	
3	961	3699	3700	
3	900	3694	3699	
3	897	3700	3694	
3	3699	3694	3700	
3	642	3090	3701	
3	644	3094	3090	
3	900	3701	3094	
3	3090	3094	3701	
3	256	2031	1965	
3	901	3688	2031	
3	300	1965	3688	
3	2031	3688	1965	
3	898	3693	2355	
3	901	3702	3693	
3	899	2355	3702	
3	3693	3702	2355	
3	407	2495	2636	
3	902	3703	2495	
3	406	2636	3703	
3	2495	3703	2636	
3	494	2845	2359	
3	902	2494	2845	
3	561	2359	2494	
3	2845	2494	2359	
3	963	3704	1944	
3	273	1028	3704	
3	183	1944	1028	
3	3704	1028	1944	
3	986	3705	3707	
3	765	3706	3705	
3	928	3707	3706	
3	3705	3706	3707	
3	970	3193	3708	
3	673	3170	3193	
3	668	3708	3170	
3	3193	3170	3708	
3	917	2789	3709	
3	906	2385	2789	
3	700	3709	2385	
3	2789	2385	3709	
3	970	3710	3173	
3	766	3420	3710	
3	334	3173	3420	
3	3710	3420	3173	
3	818	3711	2788	
3	972	3712	3711	
3	906	2788	3712	
3	3711	3712	2788	
3	907	2854	3713	
3	906	3712	2854	
3	972	3713	3712	
3	2854	3712	3713	
3	907	3713	3515	
3	972	3667	3713	
3	973	3515	3667	
3	3713	3667	3515	
3	975	3534	3715	
3	802	3714	3534	
3	1001	3715	3714	
3	3534	3714	3715	
3	948	3716	3718	
3	947	3717	3716	
3	908	3718	3717	
3	3716	3717	3718	
3	237	3719	1939	
3	909	1830	3719	
3	289	1939	1830	
3	3719	1830	1939	
3	947	3720	3717	
3	909	1734	3720	
3	908	3717	1734	
3	3720	1734	3717	
3	909	3719	1732	
3	237	3721	3719	
3	910	1732	3721	
3	3719	3721	1732	
3	763	1849	3298	
3	910	3721	1849	
3	237	3298	3721	
3	1849	3721	3298	
3	557	2241	3309	
3	486	2594	2241	
3	912	3309	2594	
3	2241	2594	3309	
3	810	3511	3277	
3	911	3722	3511	
3	721	3277	3722	
3	3511	3722	3277	
3	490	3317	2595	
3	722	3723	3317	
3	912	2595	3723	
3	3317	3723	2595	
3	976	2988	3724	
3	912	3723	2988	
3	722	3724	3723	
3	2988	3723	3724	
3	825	3509	3084	
3	913	3307	3509	
3	752	3084	3307	
3	3509	3307	3084	
3	772	3429	3432	
3	913	3508	3429	
3	606	3432	3508	
3	3429	3508	3432	
3	782	3224	3219	
3	914	3461	3224	
3	686	3219	3461	
3	3224	3461	3219	
3	934	3625	3467	
3	914	3725	3625	
3	783	3467	3725	
3	3625	3725	3467	
3	978	3726	1299	
3	915	3727	3726	
3	189	1299	3727	
3	3726	3727	1299	
3	804	2904	3728	
3	833	3565	2904	
3	982	3728	3565	
3	2904	3565	3728	
3	808	2474	3506	
3	916	3486	2474	
3	338	3506	3486	
3	2474	3486	3506	
3	771	3505	3383	
3	916	2473	3505	
3	807	3383	2473	
3	3505	2473	3383	
3	740	3045	3352	
3	917	3709	3045	
3	700	3352	3709	
3	3045	3709	3352	
3	817	3253	2467	
3	917	3351	3253	
3	550	2467	3351	
3	3253	3351	2467	
3	919	3539	3729	
3	918	2655	3539	
3	163	3729	2655	
3	3539	2655	3729	
3	502	3535	3102	
3	918	3538	3535	
3	823	3102	3538	
3	3535	3538	3102	
3	270	1936	1190	
3	919	3729	1936	
3	163	1190	3729	
3	1936	3729	1190	
3	922	3730	3731	
3	186	1203	3730	
3	269	3731	1203	
3	3730	1203	3731	
3	992	3732	3733	
3	993	3647	3732	
3	991	3733	3647	
3	3732	3647	3733	
3	924	3734	3736	
3	925	3735	3734	
3	995	3736	3735	
3	3734	3735	3736	
3	922	3605	3730	
3	921	2651	3605	
3	186	3730	2651	
3	3605	2651	3730	
3	921	3604	3612	
3	920	3737	3604	
3	925	3612	3737	
3	3604	3737	3612	
3	269	3385	3731	
3	852	3738	3385	
3	922	3731	3738	
3	3385	3738	3731	
3	923	3585	3739	
3	922	3738	3585	
3	852	3739	3738	
3	3585	3738	3739	
3	923	3739	3593	
3	852	3603	3739	
3	848	3593	3603	
3	3739	3603	3593	
3	923	3616	3586	
3	855	3740	3616	
3	992	3586	3740	
3	3616	3740	3586	
3	822	3537	3281	
3	924	3741	3537	
3	802	3281	3741	
3	3537	3741	3281	
3	925	3734	3742	
3	924	3536	3734	
3	823	3742	3536	
3	3734	3536	3742	
3	925	3742	3613	
3	823	3540	3742	
3	919	3613	3540	
3	3742	3540	3613	
3	992	3743	3745	
3	995	3744	3743	
3	920	3745	3744	
3	3743	3744	3745	
3	915	3746	3748	
3	984	3747	3746	
3	804	3748	3747	
3	3746	3747	3748	
3	165	1450	3749	
3	239	1748	1450	
3	927	3749	1748	
3	1450	1748	3749	
3	985	3750	3418	
3	928	3751	3750	
3	927	3418	3751	
3	3750	3751	3418	
3	927	3559	3753	
3	926	3752	3559	
3	981	3753	3752	
3	3559	3752	3753	
3	928	3750	3707	
3	985	3754	3750	
3	986	3707	3754	
3	3750	3754	3707	
3	832	3755	3570	
3	987	3756	3755	
3	765	3570	3756	
3	3755	3756	3570	
3	842	3017	3575	
3	929	1719	3017	
3	199	3575	1719	
3	3017	1719	3575	
3	844	3580	3576	
3	929	3019	3580	
3	843	3576	3019	
3	3580	3019	3576	
3	990	3600	3598	
3	1010	3757	3600	
3	1011	3598	3757	
3	3600	3757	3598	
3	991	3758	3733	
3	995	3743	3758	
3	992	3733	3743	
3	3758	3743	3733	
3	932	3652	3759	
3	931	3623	3652	
3	457	3759	3623	
3	3652	3623	3759	
3	862	3620	3760	
3	540	3624	3620	
3	931	3760	3624	
3	3620	3624	3760	
3	478	3469	2574	
3	932	3759	3469	
3	457	2574	3759	
3	3469	3759	2574	
3	932	3468	3761	
3	874	3651	3468	
3	875	3761	3651	
3	3468	3651	3761	
3	931	3654	3760	
3	933	3762	3654	
3	862	3760	3762	
3	3654	3762	3760	
3	875	3655	3761	
3	933	3653	3655	
3	932	3761	3653	
3	3655	3653	3761	
3	783	3763	3465	
3	937	3764	3763	
3	935	3465	3764	
3	3763	3764	3465	
3	933	1150	3762	
3	934	3765	1150	
3	862	3762	3765	
3	1150	3765	3762	
3	934	3466	3765	
3	935	3621	3466	
3	862	3765	3621	
3	3466	3621	3765	
3	863	3452	3766	
3	861	3622	3452	
3	935	3766	3622	
3	3452	3622	3766	
3	938	3767	3627	
3	942	1899	3767	
3	936	3627	1899	
3	3767	1899	3627	
3	940	3456	3768	
3	936	1901	3456	
3	997	3768	1901	
3	3456	1901	3768	
3	935	3764	3766	
3	937	3769	3764	
3	863	3766	3769	
3	3764	3769	3766	
3	938	3626	3770	
3	937	3763	3626	
3	783	3770	3763	
3	3626	3763	3770	
3	938	3770	3223	
3	783	3725	3770	
3	914	3223	3725	
3	3770	3725	3223	
3	942	3767	3771	
3	938	3455	3767	
3	781	3771	3455	
3	3767	3455	3771	
3	942	3772	3774	
3	943	3773	3772	
3	939	3774	3773	
3	3772	3773	3774	
3	901	2030	3702	
3	1013	3775	2030	
3	899	3702	3775	
3	2030	3775	3702	
3	864	3630	3628	
3	940	3776	3630	
3	224	3628	3776	
3	3630	3776	3628	
3	937	3457	3769	
3	940	3629	3457	
3	863	3769	3629	
3	3457	3629	3769	
3	224	1884	2028	
3	941	3695	1884	
3	299	2028	3695	
3	1884	3695	2028	
3	1013	3777	3779	
3	941	3778	3777	
3	939	3779	3778	
3	3777	3778	3779	
3	943	3772	3780	
3	942	3771	3772	
3	781	3780	3771	
3	3772	3771	3780	
3	997	3781	1883	
3	939	3778	3781	
3	941	1883	3778	
3	3781	3778	1883	
3	781	3782	3780	
3	1000	3783	3782	
3	943	3780	3783	
3	3782	3783	3780	
3	943	3784	2073	
3	957	3785	3784	
3	956	2073	3785	
3	3784	3785	2073	
3	945	2772	3787	
3	177	3786	2772	
3	944	3787	3786	
3	2772	3786	3787	
3	258	3642	3789	
3	870	3788	3642	
3	1015	3789	3788	
3	3642	3788	3789	
3	945	3641	3005	
3	539	3006	3641	
3	616	3005	3006	
3	3641	3006	3005	
3	944	2114	3787	
3	1014	3640	2114	
3	945	3787	3640	
3	2114	3640	3787	
3	290	1144	1999	
3	946	3646	1144	
3	238	1999	3646	
3	1144	3646	1999	
3	187	1831	2315	
3	909	3720	1831	
3	947	2315	3720	
3	1831	3720	2315	
3	908	3790	3792	
3	974	3791	3790	
3	975	3792	3791	
3	3790	3791	3792	
3	946	2316	3794	
3	947	3793	2316	
3	1005	3794	3793	
3	2316	3793	3794	
3	1001	3795	3715	
3	948	3796	3795	
3	975	3715	3796	
3	3795	3796	3715	
3	753	3797	3542	
3	1002	3798	3797	
3	1001	3542	3798	
3	3797	3798	3542	
3	512	3289	2930	
3	949	3402	3289	
3	591	2930	3402	
3	3289	3402	2930	
3	756	3661	3799	
3	949	3288	3661	
3	879	3799	3288	
3	3661	3288	3799	
3	879	3664	3799	
3	950	2931	3664	
3	756	3799	2931	
3	3664	2931	3799	
3	831	3662	3568	
3	950	3663	3662	
3	880	3568	3663	
3	3662	3663	3568	
3	817	3527	3254	
3	951	3800	3527	
3	818	3254	3800	
3	3527	3800	3254	
3	952	3672	3801	
3	951	3526	3672	
3	793	3801	3526	
3	3672	3526	3801	
3	819	2212	3546	
3	952	3801	2212	
3	793	3546	3801	
3	2212	3801	3546	
3	952	2211	2785	
3	543	3665	2211	
3	883	2785	3665	
3	2211	3665	2785	
3	954	2998	3802	
3	953	3679	2998	
3	495	3802	3679	
3	2998	3679	3802	
3	956	3450	3804	
3	953	3803	3450	
3	893	3804	3803	
3	3450	3803	3804	
3	497	2360	2637	
3	954	3802	2360	
3	495	2637	3802	
3	2360	3802	2637	
3	954	2362	3806	
3	406	3805	2362	
3	955	3806	3805	
3	2362	3805	3806	
3	958	3680	3807	
3	955	3805	3680	
3	406	3807	3805	
3	3680	3805	3807	
3	897	2356	3697	
3	899	3808	2356	
3	959	3697	3808	
3	2356	3808	3697	
3	998	2071	3809	
3	956	3804	2071	
3	893	3809	3804	
3	2071	3804	3809	
3	1000	3810	3783	
3	957	3784	3810	
3	943	3783	3784	
3	3810	3784	3783	
3	957	3811	3002	
3	453	2770	3811	
3	538	3002	2770	
3	3811	2770	3002	
3	614	3449	3218	
3	956	3785	3449	
3	957	3218	3785	
3	3449	3785	3218	
3	958	3807	1876	
3	406	3703	3807	
3	902	1876	3703	
3	3807	3703	1876	
3	642	3701	3812	
3	900	3699	3701	
3	961	3812	3699	
3	3701	3699	3812	
3	999	3813	3814	
3	959	3808	3813	
3	899	3814	3808	
3	3813	3808	3814	
3	960	3692	3816	
3	959	3815	3692	
3	893	3816	3815	
3	3692	3815	3816	
3	953	3000	3803	
3	960	3816	3000	
3	893	3803	3816	
3	3000	3816	3803	
3	954	3806	2999	
3	955	3690	3806	
3	960	2999	3690	
3	3806	3690	2999	
3	955	3682	3698	
3	961	3700	3682	
3	897	3698	3700	
3	3682	3700	3698	
3	642	3812	3101	
3	961	3681	3812	
3	958	3101	3681	
3	3812	3681	3101	
3	240	1248	1829	
3	962	3817	1248	
3	191	1829	3817	
3	1248	3817	1829	
3	963	3818	3704	
3	962	1247	3818	
3	273	3704	1247	
3	3818	1247	3704	
3	162	2431	3819	
3	572	2876	2431	
3	964	3819	2876	
3	2431	2876	3819	
3	962	3818	3159	
3	963	3820	3818	
3	903	3159	3820	
3	3818	3820	3159	
3	903	3820	3822	
3	963	3821	3820	
3	964	3822	3821	
3	3820	3821	3822	
3	964	3821	3819	
3	963	1943	3821	
3	162	3819	1943	
3	3821	1943	3819	
3	669	3823	3188	
3	966	2703	3823	
3	965	3188	2703	
3	3823	2703	3188	
3	966	3824	3825	
3	673	3192	3824	
3	971	3825	3192	
3	3824	3192	3825	
3	673	3824	3187	
3	966	3823	3824	
3	669	3187	3823	
3	3824	3823	3187	
3	415	3423	3827	
3	967	3826	3423	
3	971	3827	3826	
3	3423	3826	3827	
3	1007	3828	3177	
3	905	3829	3828	
3	336	3177	3829	
3	3828	3829	3177	
3	968	2672	2702	
3	648	2881	2672	
3	965	2702	2881	
3	2672	2881	2702	
3	967	3422	3830	
3	905	3828	3422	
3	1007	3830	3828	
3	3422	3828	3830	
3	514	3831	2704	
3	969	2666	3831	
3	515	2704	2666	
3	3831	2666	2704	
3	969	3831	3399	
3	514	3111	3831	
3	803	3399	3111	
3	3831	3111	3399	
3	1009	2667	3832	
3	969	2670	2667	
3	968	3832	2670	
3	2667	2670	3832	
3	766	3710	1295	
3	970	3708	3710	
3	668	1295	3708	
3	3710	3708	1295	
3	415	3827	3172	
3	971	3194	3827	
3	970	3172	3194	
3	3827	3194	3172	
3	967	3168	3826	
3	966	3825	3168	
3	971	3826	3825	
3	3168	3825	3826	
3	951	3671	3800	
3	972	3711	3671	
3	818	3800	3711	
3	3671	3711	3800	
3	813	3668	3529	
3	972	3670	3668	
3	886	3529	3670	
3	3668	3670	3529	
3	814	3513	3520	
3	973	3666	3513	
3	813	3520	3666	
3	3513	3666	3520	
3	210	3516	2210	
3	973	2860	3516	
3	362	2210	2860	
3	3516	2860	2210	
3	975	3791	3833	
3	974	3408	3791	
3	646	3833	3408	
3	3791	3408	3833	
3	910	1998	1733	
3	974	3790	1998	
3	908	1733	3790	
3	1998	3790	1733	
3	975	3833	3533	
3	646	1697	3833	
3	821	3533	1697	
3	3833	1697	3533	
3	908	3792	3718	
3	975	3796	3792	
3	948	3718	3796	
3	3792	3796	3718	
3	976	3724	3313	
3	722	2601	3724	
3	775	3313	2601	
3	3724	2601	3313	
3	911	2989	3722	
3	976	3437	2989	
3	721	3722	3437	
3	2989	3437	3722	
3	838	1473	1031	
3	977	3500	1473	
3	164	1031	3500	
3	1473	3500	1031	
3	189	3727	1472	
3	915	3499	3727	
3	977	1472	3499	
3	3727	3499	1472	
3	189	1355	1298	
3	154	3834	1355	
3	979	1298	3834	
3	1355	3834	1298	
3	981	1761	3836	
3	978	3835	1761	
3	165	3836	3835	
3	1761	3835	3836	
3	154	3837	3834	
3	153	3838	3837	
3	979	3834	3838	
3	3837	3838	3834	
3	152	1106	3840	
3	980	3839	1106	
3	153	3840	3839	
3	1106	3839	3840	
3	978	1108	3835	
3	980	1629	1108	
3	165	3835	1629	
3	1108	1629	3835	
3	153	3839	3838	
3	980	1107	3839	
3	979	3838	1107	
3	3839	1107	3838	
3	927	3753	3749	
3	981	3836	3753	
3	165	3749	3836	
3	3753	3836	3749	
3	981	3752	1762	
3	926	3841	3752	
3	984	1762	3841	
3	3752	3841	1762	
3	164	3396	3657	
3	982	3564	3396	
3	834	3657	3564	
3	3396	3564	3657	
3	804	3728	3748	
3	982	3398	3728	
3	915	3748	3398	
3	3728	3398	3748	
3	984	3842	3747	
3	983	3556	3842	
3	804	3747	3556	
3	3842	3556	3747	
3	983	3843	3844	
3	926	3558	3843	
3	988	3844	3558	
3	3843	3558	3844	
3	984	3746	1763	
3	915	3726	3746	
3	978	1763	3726	
3	3746	3726	1763	
3	983	3842	3843	
3	984	3841	3842	
3	926	3843	3841	
3	3842	3841	3843	
3	962	3158	3817	
3	985	3417	3158	
3	191	3817	3417	
3	3158	3417	3817	
3	986	3754	3845	
3	985	3157	3754	
3	903	3845	3157	
3	3754	3157	3845	
3	964	1945	3822	
3	986	3845	1945	
3	903	3822	3845	
3	1945	3845	3822	
3	765	3705	3502	
3	986	1947	3705	
3	665	3502	1947	
3	3705	1947	3502	
3	832	3557	3846	
3	983	3844	3557	
3	988	3846	3844	
3	3557	3844	3846	
3	928	3706	3412	
3	765	3756	3706	
3	987	3412	3756	
3	3706	3756	3412	
3	928	3411	3751	
3	988	3560	3411	
3	927	3751	3560	
3	3411	3560	3751	
3	988	3413	3846	
3	987	3755	3413	
3	832	3846	3755	
3	3413	3755	3846	
3	853	3608	3475	
3	989	3614	3608	
3	845	3475	3614	
3	3608	3614	3475	
3	1010	3847	3848	
3	989	3607	3847	
3	850	3848	3607	
3	3847	3607	3848	
3	1006	3849	3390	
3	396	3644	3849	
3	872	3390	3644	
3	3849	3644	3390	
3	996	3850	3649	
3	753	3851	3850	
3	991	3649	3851	
3	3850	3851	3649	
3	996	3601	3853	
3	990	3852	3601	
3	994	3853	3852	
3	3601	3852	3853	
3	995	3854	3736	
3	753	3541	3854	
3	924	3736	3541	
3	3854	3541	3736	
3	992	3745	3584	
3	920	3606	3745	
3	922	3584	3606	
3	3745	3606	3584	
3	993	3732	3855	
3	992	3740	3732	
3	855	3855	3740	
3	3732	3740	3855	
3	856	3340	3615	
3	993	3855	3340	
3	855	3615	3855	
3	3340	3855	3615	
3	996	3648	3856	
3	993	3610	3648	
3	930	3856	3610	
3	3648	3610	3856	
3	1003	3857	3859	
3	1004	3858	3857	
3	873	3859	3858	
3	3857	3858	3859	
3	1003	3860	3496	
3	1005	3861	3860	
3	948	3496	3861	
3	3860	3861	3496	
3	920	3744	3737	
3	995	3735	3744	
3	925	3737	3735	
3	3744	3735	3737	
3	991	3851	3758	
3	753	3854	3851	
3	995	3758	3854	
3	3851	3854	3758	
3	996	3856	3599	
3	930	3862	3856	
3	1010	3599	3862	
3	3856	3862	3599	
3	753	3850	3863	
3	996	3853	3850	
3	994	3863	3853	
3	3850	3853	3863	
3	997	1885	3768	
3	224	3776	1885	
3	940	3768	3776	
3	1885	3776	3768	
3	939	3781	3774	
3	997	1900	3781	
3	942	3774	1900	
3	3781	1900	3774	
3	893	3815	3864	
3	959	3813	3815	
3	999	3864	3813	
3	3815	3813	3864	
3	939	3773	3865	
3	943	2072	3773	
3	998	3865	2072	
3	3773	2072	3865	
3	999	3814	3683	
3	899	3775	3814	
3	1013	3683	3775	
3	3814	3775	3683	
3	893	3864	3809	
3	999	3685	3864	
3	998	3809	3685	
3	3864	3685	3809	
3	782	3447	3454	
3	1000	3782	3447	
3	781	3454	3782	
3	3447	3782	3454	
3	957	3810	3811	
3	1000	3446	3810	
3	453	3811	3446	
3	3810	3446	3811	
3	924	3543	3741	
3	1001	3714	3543	
3	802	3741	3714	
3	3543	3714	3741	
3	1002	3797	3866	
3	753	3863	3797	
3	994	3866	3863	
3	3797	3863	3866	
3	1003	3495	3867	
3	1002	3866	3495	
3	994	3867	3866	
3	3495	3866	3867	
3	948	3795	3497	
3	1001	3798	3795	
3	1002	3497	3798	
3	3795	3798	3497	
3	1004	3857	3868	
3	1003	3867	3857	
3	994	3868	3867	
3	3857	3867	3868	
3	873	3645	3869	
3	946	3794	3645	
3	1005	3869	3794	
3	3645	3794	3869	
3	994	3852	3868	
3	990	3870	3852	
3	1004	3868	3870	
3	3852	3870	3868	
3	990	3871	3872	
3	396	3849	3871	
3	1006	3872	3849	
3	3871	3849	3872	
3	948	3861	3716	
3	1005	3793	3861	
3	947	3716	3793	
3	3861	3793	3716	
3	873	3869	3859	
3	1005	3860	3869	
3	1003	3859	3860	
3	3869	3860	3859	
3	873	3858	3389	
3	1004	3873	3858	
3	1006	3389	3873	
3	3858	3873	3389	
3	990	3872	3870	
3	1006	3873	3872	
3	1004	3870	3873	
3	3872	3873	3870	
3	161	3191	3874	
3	1008	3175	3191	
3	336	3874	3175	
3	3191	3175	3874	
3	967	3830	3167	
3	1007	3875	3830	
3	968	3167	3875	
3	3830	3875	3167	
3	506	2706	3190	
3	515	3876	2706	
3	1008	3190	3876	
3	2706	3876	3190	
3	1009	3877	2665	
3	1008	3876	3877	
3	515	2665	3876	
3	3877	3876	2665	
3	968	3875	3832	
3	1007	3878	3875	
3	1009	3832	3878	
3	3875	3878	3832	
3	1008	3877	3176	
3	1009	3878	3877	
3	1007	3176	3878	
3	3877	3878	3176	
3	989	3847	3609	
3	1010	3862	3847	
3	930	3609	3862	
3	3847	3862	3609	
3	1011	3757	3879	
3	1010	3848	3757	
3	850	3879	3848	
3	3757	3848	3879	
3	850	3582	3879	
3	399	3880	3582	
3	1011	3879	3880	
3	3582	3880	3879	
3	399	2328	3881	
3	400	2319	2328	
3	1012	3881	2319	
3	2328	2319	3881	
3	990	3597	3871	
3	1012	2327	3597	
3	396	3871	2327	
3	3597	2327	3871	
3	399	3881	3880	
3	1012	3596	3881	
3	1011	3880	3596	
3	3881	3596	3880	
3	941	3777	3696	
3	1013	2032	3777	
3	256	3696	2032	
3	3777	2032	3696	
3	1013	3779	3684	
3	939	3865	3779	
3	998	3684	3865	
3	3779	3865	3684	
3	870	3633	3882	
3	454	2099	3633	
3	1014	3882	2099	
3	3633	2099	3882	
3	1014	2113	3882	
3	1015	3788	2113	
3	870	3882	3788	
3	2113	3788	3882	
3	944	3883	2115	
3	258	3789	3883	
3	1015	2115	3789	
3	3883	3789	2115	
CELL_TYPES 7412
5 5 5 5 5 5 5 5 5 5 5 5 5 5 5 5 5 5 5 5 5 5 5 5 5 5 5 5 5 5 5 5 5 5 5 5 5 5 5 5 5 5 5 5 5 5 5 5 5 5 5 5 5 5 5 5 5 5 5 5 5 5 5 5 5 5 5 5 5 5 5 5 5 5 5 5 5 5 5 5 5 5 5 5 5 5 5 5 5 5 5 5 5 5 5 5 5 5 5 5 5 5 5 5 5 5 5 5 5 5 5 5 5 5 5 5 5 5 5 5 5 5 5 5 5 5 5 5 5 5 5 5 5 5 5 5 5 5 5 5 5 5 5 5 5 5 5 5 5 5 5 5 5 5 5 5 5 5 5 5 5 5 5 5 5 5 5 5 5 5 5 5 5 5 5 5 5 5 5 5 5 5 5 5 5 5 5 5 5 5 5 5 5 5 5 5 5 5 5 5 5 5 5 5 5 5 5 5 5 5 5 5 5 5 5 5 5 5 5 5 5 5 5 5 5 5 5 5 5 5 5 5 5 5 5 5 5 5 5 5 5 5 5 5 5 5 5 5 5 5 5 5 5 5 5 5 5 5 5 5 5 5 5 5 5 5 5 5 5 5 5 5 5 5 5 5 5 5 5 5 5 5 5 5 5 5 5 5 5 5 5 5 5 5 5 5 5 5 5 5 5 5 5 5 5 5 5 5 5 5 5 5 5 5 5 5 5 5 5 5 5 5 5 5 5 5 5 5 5 5 5 5 5 5 5 5 5 5 5 5 5 5 5 5 5 5 5 5 5 5 5 5 5 5 5 5 5 5 5 5 5 5 5 5 5 5 5 5 5 5 5 5 5 5 5 5 5 5 5 5 5 5 5 5 5 5 5 5 5 5 5 5 5 5 5 5 5 5 5 5 5 5 5 5 5 5 5 5 5 5 5 5 5 5 5 5 5 5 5 5 5 5 5 5 5 5 5 5 5 5 5 5 5 5 5 5 5 5 5 5 5 5 5 5 5 5 5 5 5 5 5 5 5 5 5 5 5 5 5 5 5 5 5 5 5 5 5 5 5 5 5 5 5 5 5 5 5 5 5 5 5 5 5 5 5 5 5 5 5 5 5 5 5 5 5 5 5 5 5 5 5 5 5 5 5 5 5 5 5 5 5 5 5 5 5 5 5 5 5 5 5 5 5 5 5 5 5 5 5 5 5 5 5 5 5 5 5 5 5 5 5 5 5 5 5 5 5 5 5 5 5 5 5 5 5 5 5 5 5 5 5 5 5 5 5 5 5 5 5 5 5 5 5 5 5 5 5 5 5 5 5 5 5 5 5 5 5 5 5 5 5 5 5 5 5 5 5 5 5 5 5 5 5 5 5 5 5 5 5 5 5 5 5 5 5 5 5 5 5 5 5 5 5 5 5 5 5 5 5 5 5 5 5 5 5 5 5 5 5 5 5 5 5 5 5 5 5 5 5 5 5 5 5 5 5 5 5 5 5 5 5 5 5 5 5 5 5 5 5 5 5 5 5 5 5 5 5 5 5 5 5 5 5 5 5 5 5 5 5 5 5 5 5 5 5 5 5 5 5 5 5 5 5 5 5 5 5 5 5 5 5 5 5 5 5 5 5 5 5 5 5 5 5 5 5 5 5 5 5 5 5 5 5 5 5 5 5 5 5 5 5 5 5 5 5 5 5 5 5 5 5 5 5 5 5 5 5 5 5 5 5 5 5 5 5 5 5 5 5 5 5 5 5 5 5 5 5 5 5 5 5 5 5 5 5 5 5 5 5 5 5 5 5 5 5 5 5 5 5 5 5 5 5 5 5 5 5 5 5 5 5 5 5 5 5 5 5 5 5 5 5 5 5 5 5 5 5 5 5 5 5 5 5 5 5 5 5 5 5 5 5 5 5 5 5 5 5 5 5 5 5 5 5 5 5 5 5 5 5 5 5 5 5 5 5 5 5 5 5 5 5 5 5 5 5 5 5 5 5 5 5 5 5 5 5 5 5 5 5 5 5 5 5 5 5 5 5 5 5 5 5 5 5 5 5 5 5 5 5 5 5 5 5 5 5 5 5 5 5 5 5 5 5 5 5 5 5 5 5 5 5 5 5 5 5 5 5 5 5 5 5 5 5 5 5 5 5 5 5 5 5 5 5 5 5 5 5 5 5 5 5 5 5 5 5 5 5 5 5 5 5 5 5 5 5 5 5 5 5 5 5 5 5 5 5 5 5 5 5 5 5 5 5 5 5 5 5 5 5 5 5 5 5 5 5 5 5 5 5 5 5 5 5 5 5 5 5 5 5 5 5 5 5 5 5 5 5 5 5 5 5 5 5 5 5 5 5 5 5 5 5 5 5 5 5 5 5 5 5 5 5 5 5 5 5 5 5 5 5 5 5 5 5 5 5 5 5 5 5 5 5 5 5 5 5 5 5 5 5 5 5 5 5 5 5 5 5 5 5 5 5 5 5 5 5 5 5 5 5 5 5 5 5 5 5 5 5 5 5 5 5 5 5 5 5 5 5 5 5 5 5 5 5 5 5 5 5 5 5 5 5 5 5 5 5 5 5 5 5 5 5 5 5 5 5 5 5 5 5 5 5 5 5 5 5 5 5 5 5 5 5 5 5 5 5 5 5 5 5 5 5 5 5 5 5 5 5 5 5 5 5 5 5 5 5 5 5 5 5 5 5 5 5 5 5 5 5 5 5 5 5 5 5 5 5 5 5 5 5 5 5 5 5 5 5 5 5 5 5 5 5 5 5 5 5 5 5 5 5 5 5 5 5 5 5 5 5 5 5 5 5 5 5 5 5 5 5 5 5 5 5 5 5 5 5 5 5 5 5 5 5 5 5 5 5 5 5 5 5 5 5 5 5 5 5 5 5 5 5 5 5 5 5 5 5 5 5 5 5 5 5 5 5 5 5 5 5 5 5 5 5 5 5 5 5 5 5 5 5 5 5 5 5 5 5 5 5 5 5 5 5 5 5 5 5 5 5 5 5 5 5 5 5 5 5 5 5 5 5 5 5 5 5 5 5 5 5 5 5 5 5 5 5 5 5 5 5 5 5 5 5 5 5 5 5 5 5 5 5 5 5 5 5 5 5 5 5 5 5 5 5 5 5 5 5 5 5 5 5 5 5 5 5 5 5 5 5 5 5 5 5 5 5 5 5 5 5 5 5 5 5 5 5 5 5 5 5 5 5 5 5 5 5 5 5 5 5 5 5 5 5 5 5 5 5 5 5 5 5 5 5 5 5 5 5 5 5 5 5 5 5 5 5 5 5 5 5 5 5 5 5 5 5 5 5 5 5 5 5 5 5 5 5 5 5 5 5 5 5 5 5 5 5 5 5 5 5 5 5 5 5 5 5 5 5 5 5 5 5 5 5 5 5 5 5 5 5 5 5 5 5 5 5 5 5 5 5 5 5 5 5 5 5 5 5 5 5 5 5 5 5 5 5 5 5 5 5 5 5 5 5 5 5 5 5 5 5 5 5 5 5 5 5 5 5 5 5 5 5 5 5 5 5 5 5 5 5 5 5 5 5 5 5 5 5 5 5 5 5 5 5 5 5 5 5 5 5 5 5 5 5 5 5 5 5 5 5 5 5 5 5 5 5 5 5 5 5 5 5 5 5 5 5 5 5 5 5 5 5 5 5 5 5 5 5 5 5 5 5 5 5 5 5 5 5 5 5 5 5 5 5 5 5 5 5 5 5 5 5 5 5 5 5 5 5 5 5 5 5 5 5 5 5 5 5 5 5 5 5 5 5 5 5 5 5 5 5 5 5 5 5 5 5 5 5 5 5 5 5 5 5 5 5 5 5 5 5 5 5 5 5 5 5 5 5 5 5 5 5 5 5 5 5 5 5 5 5 5 5 5 5 5 5 5 5 5 5 5 5 5 5 5 5 5 5 5 5 5 5 5 5 5 5 5 5 5 5 5 5 5 5 5 5 5 5 5 5 5 5 5 5 5 5 5 5 5 5 5 5 5 5 5 5 5 5 5 5 5 5 5 5 5 5 5 5 5 5 5 5 5 5 5 5 5 5 5 5 5 5 5 5 5 5 5 5 5 5 5 5 5 5 5 5 5 5 5 5 5 5 5 5 5 5 5 5 5 5 5 5 5 5 5 5 5 5 5 5 5 5 5 5 5 5 5 5 5 5 5 5 5 5 5 5 5 5 5 5 5 5 5 5 5 5 5 5 5 5 5 5 5 5 5 5 5 5 5 5 5 5 5 5 5 5 5 5 5 5 5 5 5 5 5 5 5 5 5 5 5 5 5 5 5 5 5 5 5 5 5 5 5 5 5 5 5 5 5 5 5 5 5 5 5 5 5 5 5 5 5 5 5 5 5 5 5 5 5 5 5 5 5 5 5 5 5 5 5 5 5 5 5 5 5 5 5 5 5 5 5 5 5 5 5 5 5 5 5 5 5 5 5 5 5 5 5 5 5 5 5 5 5 5 5 5 5 5 5 5 5 5 5 5 5 5 5 5 5 5 5 5 5 5 5 5 5 5 5 5 5 5 5 5 5 5 5 5 5 5 5 5 5 5 5 5 5 5 5 5 5 5 5 5 5 5 5 5 5 5 5 5 5 5 5 5 5 5 5 5 5 5 5 5 5 5 5 5 5 5 5 5 5 5 5 5 5 5 5 5 5 5 5 5 5 5 5 5 5 5 5 5 5 5 5 5 5 5 5 5 5 5 5 5 5 5 5 5 5 5 5 5 5 5 5 5 5 5 5 5 5 5 5 5 5 5 5 5 5 5 5 5 5 5 5 5 5 5 5 5 5 5 5 5 5 5 5 5 5 5 5 5 5 5 5 5 5 5 5 5 5 5 5 5 5 5 5 5 5 5 5 5 5 5 5 5 5 5 5 5 5 5 5 5 5 5 5 5 5 5 5 5 5 5 5 5 5 5 5 5 5 5 5 5 5 5 5 5 5 5 5 5 5 5 5 5 5 5 5 5 5 5 5 5 5 5 5 5 5 5 5 5 5 5 5 5 5 5 5 5 5 5 5 5 5 5 5 5 5 5 5 5 5 5 5 5 5 5 5 5 5 5 5 5 5 5 5 5 5 5 5 5 5 5 5 5 5 5 5 5 5 5 5 5 5 5 5 5 5 5 5 5 5 5 5 5 5 5 5 5 5 5 5 5 5 5 5 5 5 5 5 5 5 5 5 5 5 5 5 5 5 5 5 5 5 5 5 5 5 5 5 5 5 5 5 5 5 5 5 5 5 5 5 5 5 5 5 5 5 5 5 5 5 5 5 5 5 5 5 5 5 5 5 5 5 5 5 5 5 5 5 5 5 5 5 5 5 5 5 5 5 5 5 5 5 5 5 5 5 5 5 5 5 5 5 5 5 5 5 5 5 5 5 5 5 5 5 5 5 5 5 5 5 5 5 5 5 5 5 5 5 5 5 5 5 5 5 5 5 5 5 5 5 5 5 5 5 5 5 5 5 5 5 5 5 5 5 5 5 5 5 5 5 5 5 5 5 5 5 5 5 5 5 5 5 5 5 5 5 5 5 5 5 5 5 5 5 5 5 5 5 5 5 5 5 5 5 5 5 5 5 5 5 5 5 5 5 5 5 5 5 5 5 5 5 5 5 5 5 5 5 5 5 5 5 5 5 5 5 5 5 5 5 5 5 5 5 5 5 5 5 5 5 5 5 5 5 5 5 5 5 5 5 5 5 5 5 5 5 5 5 5 5 5 5 5 5 5 5 5 5 5 5 5 5 5 5 5 5 5 5 5 5 5 5 5 5 5 5 5 5 5 5 5 5 5 5 5 5 5 5 5 5 5 5 5 5 5 5 5 5 5 5 5 5 5 5 5 5 5 5 5 5 5 5 5 5 5 5 5 5 5 5 5 5 5 5 5 5 5 5 5 5 5 5 5 5 5 5 5 5 5 5 5 5 5 5 5 5 5 5 5 5 5 5 5 5 5 5 5 5 5 5 5 5 5 5 5 5 5 5 5 5 5 5 5 5 5 5 5 5 5 5 5 5 5 5 5 5 5 5 5 5 5 5 5 5 5 5 5 5 5 5 5 5 5 5 5 5 5 5 5 5 5 5 5 5 5 5 5 5 5 5 5 5 5 5 5 5 5 5 5 5 5 5 5 5 5 5 5 5 5 5 5 5 5 5 5 5 5 5 5 5 5 5 5 5 5 5 5 5 5 5 5 5 5 5 5 5 5 5 5 5 5 5 5 5 5 5 5 5 5 5 5 5 5 5 5 5 5 5 5 5 5 5 5 5 5 5 5 5 5 5 5 5 5 5 5 5 5 5 5 5 5 5 5 5 5 5 5 5 5 5 5 5 5 5 5 5 5 5 5 5 5 5 5 5 5 5 5 5 5 5 5 5 5 5 5 5 5 5 5 5 5 5 5 5 5 5 5 5 5 5 5 5 5 5 5 5 5 5 5 5 5 5 5 5 5 5 5 5 5 5 5 5 5 5 5 5 5 5 5 5 5 5 5 5 5 5 5 5 5 5 5 5 5 5 5 5 5 5 5 5 5 5 5 5 5 5 5 5 5 5 5 5 5 5 5 5 5 5 5 5 5 5 5 5 5 5 5 5 5 5 5 5 5 5 5 5 5 5 5 5 5 5 5 5 5 5 5 5 5 5 5 5 5 5 5 5 5 5 5 5 5 5 5 5 5 5 5 5 5 5 5 5 5 5 5 5 5 5 5 5 5 5 5 5 5 5 5 5 5 5 5 5 5 5 5 5 5 5 5 5 5 5 5 5 5 5 5 5 5 5 5 5 5 5 5 5 5 5 5 5 5 5 5 5 5 5 5 5 5 5 5 5 5 5 5 5 5 5 5 5 5 5 5 5 5 5 5 5 5 5 5 5 5 5 5 5 5 5 5 5 5 5 5 5 5 5 5 5 5 5 5 5 5 5 5 5 5 5 5 5 5 5 5 5 5 5 5 5 5 5 5 5 5 5 5 5 5 5 5 5 5 5 5 5 5 5 5 5 5 5 5 5 5 5 5 5 5 5 5 5 5 5 5 5 5 5 5 5 5 5 5 5 5 5 5 5 5 5 5 5 5 5 5 5 5 5 5 5 5 5 5 5 5 5 5 5 5 5 5 5 5 5 5 5 5 5 5 5 5 5 5 5 5 5 5 5 5 5 5 5 5 5 5 5 5 5 5 5 5 5 5 5 5 5 5 5 5 5 5 5 5 5 5 5 5 5 5 5 5 5 5 5 5 5 5 5 5 5 5 5 5 5 5 5 5 5 5 5 5 5 5 5 5 5 5 5 5 5 5 5 5 5 5 5 5 5 5 5 5 5 5 5 5 5 5 5 5 5 5 5 5 5 5 5 5 5 5 5 5 5 5 5 5 5 5 5 5 5 5 5 5 5 5 5 5 5 5 5 5 5 5 5 5 5 5 5 5 5 5 5 5 5 5 5 5 5 5 5 5 5 5 5 5 5 5 5 5 5 5 5 5 5 5 5 5 5 5 5 5 5 5 5 5 5 5 5 5 5 5 5 5 5 5 5 5 5 5 5 5 5 5 5 5 5 5 5 5 5 5 5 5 5 5 5 5 5 5 5 5 5 5 5 5 5 5 5 5 5 5 5 5 5 5 5 5 5 5 5 5 5 5 5 5 5 5 5 5 5 5 5 5 5 5 5 5 5 5 5 5 5 5 5 5 5 5 5 5 5 5 5 5 5 5 5 5 5 5 5 5 5 5 5 5 5 5 5 5 5 5 5 5 5 5 5 5 5 5 5 5 5 5 5 5 5 5 5 5 5 5 5 5 5 5 5 5 5 5 5 5 5 5 5 5 5 5 5 5 5 5 5 5 5 5 5 5 5 5 5 5 5 5 5 5 5 5 5 5 5 5 5 5 5 5 5 5 5 5 5 5 5 5 5 5 5 5 5 5 5 5 5 5 5 5 5 5 5 5 5 5 5 5 5 5 5 5 5 5 5 5 5 5 5 5 5 5 5 5 5 5 5 5 5 5 5 5 5 5 5 5 5 5 5 5 5 5 5 5 5 5 5 5 5 5 5 5 5 5 5 5 5 5 5 5 5 5 5 5 5 5 5 5 5 5 5 5 5 5 5 5 5 5 5 5 5 5 5 5 5 5 5 5 5 5 5 5 5 5 5 5 5 5 5 5 5 5 5 5 5 5 5 5 5 5 5 5 5 5 5 5 5 5 5 5 5 5 5 5 5 5 5 5 5 5 5 5 5 5 5 5 5 5 5 5 5 5 5 5 5 5 5 5 5 5 5 5 5 5 5 5 5 5 5 5 5 5 5 5 5 5 5 5 5 5 5 5 5 5 5 5 5 5 5 5 5 5 5 5 5 5 5 5 5 5 5 5 5 5 5 5 5 5 5 5 5 5 5 5 5 5 5 5 5 5 5 5 5 5 5 5 5 5 5 5 5 5 5 5 5 5 5 5 5 5 5 5 5 5 5 5 5 5 5 5 5 5 5 5 5 5 5 5 5 5 5 5 5 5 5 5 5 5 5 5 5 5 5 5 5 5 5 5 5 5 5 5 5 5 5 5 5 5 5 5 5 5 5 5 5 5 5 5 5 5 5 5 5 5 5 5 5 5 5 5 5 5 5 5 5 5 5 5 5 5 5 5 5 5 5 5 5 5 5 5 5 5 5 5 5 5 5 5 5 5 5 5 5 5 5 5 5 5 5 5 5 5 5 5 5 5 5 5 5 5 5 5 5 5 5 5 5 5 5 5 5 5 5 5 5 5 5 5 5 5 5 5 5 5 5 5 5 5 5 5 5 5 5 5 5 5 5 5 5 5 5 5 5 5 5 5 5 5 5 5 5 5 5 5 5 5 5 5 5 5 5 5 5 5 5 5 5 5 5 5 5 5 5 5 5 5 5 5 5 5 5 5 5 5 5 5 5 5 5 5 5 5 5 5 5 5 5 5 5 5 5 5 5 5 5 5 5 5 5 5 5 5 5 5 5 5 5 5 5 5 5 5 5 5 5 5 5 5 5 5 5 5 5 5 5 5 5 5 5 5 5 5 5 5 5 5 5 5 5 5 5 5 5 5 5 5 5 5 5 5 5 5 5 5 5 5 5 5 5 5 5 5 5 5 5 5 5 5 5 5 5 5 5 5 5 5 5 5 5 5 5 5 5 5 5 5 5 5 5 5 5 5 5 5 5 5 5 5 5 5 5 5 5 5 5 5 5 5 5 5 5 5 5 5 5 5 5 5 5 5 5 5 5 5 5 5 5 5 5 5 5 5 5 5 5 5 5 5 5 5 5 5 5 5 5 5 5 5 5 5 5 5 5 5 5 5 5 5 5 5 5 5 5 5 5 5 5 5 5 5 5 5 5 5 5 5 5 5 5 5 5 5 5 5 5 5 5 5 5 5 5 5 5 5 5 5 5 5 5 5 5 5 5 5 5 5 5 5 5 5 5 5 5 5 5 5 5 5 5 5 5 5 5 5 5 5 5 5 5 5 5 5 5 5 5 5 5 5 5 5 5 5 5 5 5 5 5 5 5 5 5 5 5 5 5 5 5 5 5 5 5 5 5 5 5 5 5 5 5 5 5 5 5 5 5 5 5 5 5 5 5 5 5 5 5 5 5 5 5 5 5 5 5 5 5 5 5 5 5 5 5 5 5 5 5 5 5 5 5 5 5 5 5 5 5 5 5 5 5 5 5 5 5 5 5 5 5 5 5 5 5 5 5 5 5 5 5 5 5 5 5 5 5 5 5 5 5 5 5 5 5 5 5 5 5 5 5 5 5 5 5 5 5 5 5 5 5 5 5 5 5 5 5 5 5 5 5 5 5 5 5 5 5 5 5 5 5 5 5 5 5 5 5 5 5 5 5 5 5 5 5 5 5 5 5 5 5 5 5 5 5 5 5 5 5 5 5 5 5 5 5 5 5 5 5 5 5 5 5 5 5 5 5 5 5 5 5 5 5 5 5 5 5 5 5 5 5 5 5 5 5 5 5 5 5 5 5 5 5 5 5 5 5 5 5 5 5 5 5 5 5 5 5 5 5 5 5 5 5 5 5 5 5 5 5 5 5 5 5 5 5 5 5 5 5 5 5 5 5 5 5 5 5 5 5 5 5 5 5 5 5 5 5 5 5 5 5 5 5 5 5 5 5 5 5 5 5 5 5 5 5 5 5 5 5 5 5 5 5 5 5 5 5 5 5 5 5 5 5 5 5 5 5 5 5 5 5 5 5 5 5 5 5 5 5 5 5 5 5 5 5 5 5 5 5 5 5 5 5 5 5 5 5 5 5 5 5 5 5 5 5 5 5 5 5 5 5 5 5 5 5 5 5 5 5 5 5 5 5 5 5 5 5 5 5 5 5 5 5 5 5 5 5 5 5 5 5 5 5 5 5 5 5 5 5 5 5 5 5 5 5 5 5 5 5 5 5 5 5 5 5 5 5 5 5 5 5 5 5 5 5 5 5 5 5 5 5 5 5 5 5 5 5 5 5 5 5 5 5 5 5 5 5 5 5 5 5 5 5 5 5 5 5 5 5 5 5 5 5 5 5 5 5 5 5 5 5 5 5 5 5 5 5 5 5 5 5 5 5 5 5 5 5 5 5 5 5 5 5 5 5 5 5 5 5 5 5 5 5 5 5 5 5 5 5 5 5 5 5 5 5 5 5 5 5 5 5 5 5 5 5 5 5 5 5 5 5 5 5 5 5 5 5 5 5 5 5 5 5 5 5 5 5 5 5 5 5 5 5 5 5 5 5 5 5 5 5 5 5 5 5 5 5 5 5 5 5 5 5 5 5 5 5 5 5 5 5 5 5 5 5 5 5 5 5 5 5 5 5 5 5 5 5 5 5 5 5 5 5 5 5 5 5 5 5 5 5 5 5 5 5 5 5 5 5 5 5 5 5 5 5 5 5 5 5 5 5 5 5 5 5 5 5 5 5 5 5 5 5 5 5 5 5 5 5 5 5 5 5 5 5 5 5 5 5 5 5 5 5 5 5 5 5 5 5 5 5 5 5 5 5 5 5 5 5 5 5 5 5 5 5 5 5 5 5 5 5 5 5 5 5 5 5 5 5 5 5 5 5 5 5 5 5 5 5 5 5 5 5 5 5 5 5 5 5 5 5 5 5 5 5 5 5 5 5 5 5 5 5 5 5 5 5 5 5 5 5 5 5 5 5 5 5 5 5 5 5 5 5 5 5 5 5 5 5 5 5 5 5 5 5 5 5 5 5 5 5 5 5 5 5 5 5 5 5 5 5 5 5 5 5 5 5 5 5 5 5 5 5 5 5 5 5 5 5 5 5 5 5 5 5 5 5 5 5 5 5 5 5 5 5 5 5 5 5 5 5 5 5 5 5 5 5 5 5 5 5 5 5 5 5 5 5 5 5 5 5 5 5 5 5 5 5 5 5 5 5 5 5 5 5 5 5 5 5 5 5 5 5 5 5 5 5 5 5 5 5 5 5 5 5 5 5 5 5 5 5 5 5 5 5 5 5 5 5 5 5 5 5 5 5 5 5 5 5 5 5 5 5 5 5 5 5 5 5 5 5 5 5 5 5 5 5 5 5 5 5 5 5 5 5 5 5 5 5 5 5 5 5 5 5 5 5 5 5 5 5 5 5 5 5 5 5 5 5 5 5 5 5 5 5 5 5 5 5 5 5 5 5 5 5 5 5 5 5 5 5 5 5 5 5 5 5 5 5 5 5 5 5 5 5 5 5 5 5 5 5 5 5 5 5 5 5 5 5 5 5 5 5 5 5 5 5 5 5 5 5 5 5 5 5 5 5 5 5 5 5 5 5 5 5 5 5 5 5 5 5 5 5 5 5 5 5 5 5 5 5 5 5 5 5 5 5 5 5 5 5 5 5 5 5 5 5 5 5 5 5 5 5 5 5 5 5 5 5 5 5 5 5 5 5 5 5 5 5 5 5 5 5 5 5 5 5 5 5 5 5 5 5 5 5 5 5 5 5 5 5 5 5 5 5 5 5 5 5 5 5 5 5 5 5 5 5 5 5 5 5 5 5 5 5 5 5 5 5 5 5 5 5 5 5 5 5 5 5 5 5 5 5 5 5 5 5 5 5 5 5 5 5 5 5 5 5 5 5 5 5 5 5 5 5 5 5 5 5 5 5 5 5 5 5 5 5 5 5 5 5 5 5 5 5 5 5 5 5 5 5 5 5 5 5 5 5 5 5 5 5 5 5 5 5 5 5 5 5 5 5 5 5 5 5 5 5 5 5 5 5 5 5 5 5 5 5 5 5 5 5 5 5 5 5 5 5 5 5 5 5 5 5 5 5 5 5 5 5 5 5 5 5 5 5 5 5 5 5 5 5 5 5 5 5 5 5 5 5 5 5 5 5 5 5 5 5 5 5 5 5 5 5 5 5 5 5 5 5 5 5 5 5 5 5 5 5 5 5 5 5 5 5 5 5 5 5 5 5 5 5 5 5 5 5 5 5 5 5 5 5 5 5 5 5 5 5 5 5 5 5 5 5 5 5 5 5 5 5 5 5 5 5 5 5 5 5 5 5 5 5 5 5 5 5 5 5 5 5 5 5 5 5 5 5 5 5 5 5 5 5 5 5 5 5 5 5 5 5 5 5 5 5 5 5 5 5 5 5 5 5 5 5 5 5 5 5 5 5 5 5 5 5 5 5 5 5 5 5 5 5 5 5 5 5 5 5 5 5 5 5 5 5 5 5 5 5 5 5 5 5 5 5 5 5 5 5 5 5 5 5 5 5 5 5 5 5 5 5 5 5 5 5 5 5 5 5 5 5 5 5 5 5 5 5 5 5 5 5 5 5 5 5 5 5 5 5 5 5 5 5 5 5 5 5 5 5 5 5 5 5 5 5 5 5 5 5 5 5 5 5 5 5 5 5 5 5 5 5 5 5 5 5 5 5 5 5 5 5 5 5 5 5 5 5 5 5 5 5 5 5 5 5 5 5 5 5 5 5 5 5 5 5 5 5 5 5 5 5 5 5 5 5 5 5 5 5 5 5 5 5 5 5 5 5 5 5 5 5 5 5 5 5 5 5 5 5 5 5 5 5 5 5 5 5 5 5 5 5 5 5 5 5 5 5 5 5 5 5 5 5 5 5 5 5 5 5 5 5 5 5 5 5 5 5 5 5 5 5 5 5 5 5 5 5 5 5 5 5 5 5 5 5 5 5 5 5 5 5 5 5 5 5 5 5 5 5 5 5 5 5 5 5 5 5 5 5 5 5 5 5 5 5 5 5 5 5 5 5 5 5 5 5 5 5 5 5 5 5 5 5 5 5 5 5 5 5 5 5 5 5 5 5 5 5 5 5 5 5 5 5 5 5 5 5 5 5 5 5 5 5 5 5 5 5 5 5 5 5 5 5 5 5 5 5 5 5 5 5 5 5 5 5 5 5 5 5 5 5 5 5 5 5 5 5 5 5 5 5 5 5 5 5 5 5 5 5 5 5 5 5 5 5 5 5 5 5 5 5 5 5 5 5 5 5 5 5 5 5 5 5 5 5 5 5 5 5 5 5 5 5 5 5 5 5 5 5 5 5 5 5 5 5 5 5 5 5 5 5 5 5 5 5 5 5 5 5 5 5 5 5 5 5 5 5 5 5 5 5 5 5 5 5 5 5 5 5 5 5 5 5 5 5 5 5 5 5 5 5 5 5 5 5 5 5 5 5 5 5 5 5 5 5 5 5 5 5 5 5 5 5 5 5 5 5 5 5 5 5 5 5 5 5 5 5 5 5 5 5 5 5 5 5 5 5 5 5 5 5 5 5 5 5 5 5 5 5 5 5 5 5 5 5 5 5 5 5 5 5 5 5 5 5 5 5 5 5 5 5 5 5 5 5 5 5 5 5 5 5 5 5 5 5 5 5 5 5 5 5 5 5 5 5 5 5 5 5 5 5 5 5 5 5 5 5 5 5 5 5 5 5 5 5 5 5 5 5 5 5 5 5 5 5 5 5 5 5 5 5 5 5 5 5 5 5 5 5 5 5 5 5 5 5 5 5 5 5 5 5 5 5 5 5 5 5 5 5 5 5 5 5 5 5 5 5 5 5 5 5 5 5 5 5 5 5 5 5 5 5 5 5 5 5 5 5 5 5 5 5 5 5 5 5 5 5 5 5 5 5 5 5 5 5 5 5 5 5 5 5 5 5 5 5 5 5 5 5 5 5 5 5 5 5 5 5 5 5 5 5 5 5 5 5 5 5 5 5 5 5 5 5 5 5 5 5 5 5 5 5 5 5 5 5 5 5 5 5 5 5 5 5 5 5 5 5 5 5 5 5 5 5 5 5 5 5 5 5 5 5 5 5 5 5 5 5 5 5 5 5 5 5 5 5 5 5 5 5 5 5 5 5 5 5 5 5 5 5 5 5 5 5 5 5 5 5 5 5 5 5 5 5 5 5 5 5 5 5 5 5 5 5 5 5 5 5 5 5 5 5 5 5 5 5 5 5 5 5 5 5 5 5 5 5 5 5 5 5 5 5 5 5 5 5 5 5 5 5 5 5 5 5 5 5 5 5 5 5 5 5 5 5 5 5 5 5 5 5 5 5 5 5 5 5 5 5 5 5 5 5 5 5 5 5 5 5 5 5 5 5 5 5 5 5 5 5 5 5 5 5 5 5 5 5 5 5 5 5 5 5 5 5 5 5 5 5 5 5 5 5 5 5 5 5 5 5 5 5 5 5 5 5 5 5 5 5 5 5 5 5 5 5 5 5 5 5 5 5 5 5 5 5 5 5 5 5 5 5 5 5 5 5 5 5 5 5 5 5 5 5 5 5 5 5 5 5 5 5 5 5 5 5 5 5 5 5 5 5 5 5 5 5 5 5 5 5 5 5 5 5 5 5 5 5 5 5 5 5 5 5 5 5 5 5 5 5 5 5 5 5 5 5 5 5 5 5 5 5 5 5 5 5 5 5 5 5 5 5 5 5 5 5 5 5 5 5 5 5 5 5 5 5 5 5 5 5 5 5 5 5 5 5 5 5 5 5 5 5 5 5 5 5 5 5 5 5 5 5 5 5 5 5 5 5 5 5 5 5 5 5 5 5 5 5 5 5 5 5 5 5 5 5 5 5 5 5 5 5 5 5 5 5 5 5 5 5 5 5 5 5 5 5 5 5 5 5 5 5 5 5 5 5 5 5 5 5 5 5 5 5 5 5 5 5 5 5 5 5 5 5 5 5 5 5 5 5 5 5 5 5 5 5 5 5 5 5 5 5 5 5 5 5 5 5 5 5 5 5 5 5 5 5 5 5 5 5 5 5 5 5 5 5 5 5 5 5 5 5 5 5 5 5 5 5 5 5 5 5 5 5 5 5 5 5 5 5 5 5 5 5 5 5 5 5 5 5 5 5 5 5 5 5 5 5 5 5 5 5 5 5 5 5 5 5 5 5 5 5 5 5 5 5 5 5 5 5 5 5 5 5 5 5 5 5 5 5 5 5 5 5 5 5 5 5 5 5 5 5 5 5 5 5 5 5 5 5 5 5 5 5 5 5 5 5 5 5 5 5 5 5 5 5 5 5 5 5 5 5 5 5 5 5 5 5 5 5 5 5 5 5 5 5 5 5 5 5 5 5 5 5 5 5 5 5 5 5 5 5 5 5 5 5 5 5 5 5 5 5 5 5 5 5 5 5 5 5 5 5 5 5 5 5 5 5 5 5 5 5 5 5 5 5 5 5 5 5 5 5 5 5 5 5 5 5 5 5 5 5 5 5 5 5 5 5 5 5 5 5 5 5 5 5 5 5 5 5 5 5 5 5 5 5 5 5 5 5 5 5 5 5 5 5 5 5 5 5 5 5 5 5 5 5 5 5 5 5 5 5 5 5 5 5 5 5 5 5 5 5 5 5 5 5 5 5 5 5 5 5 5 5 5 5 5 5 5 5 5 5 5 5 5 5 5 5 5 5 5 5 5 5 5 5 5 5 5 5 5 5 5 5 5 5 5 5 5 5 5 5 5 5 5 5 5 5 5 5 5 5 5 5 5 5 5 5 5 5 5 5 5 5 5 5 5 5 5 5 5 5 5 5 5 5 5 5 5 5 5 5 5 5 5 5 5 5 5 5 5 5 5 5 5 5 5 5 5 5 5 5 5 5 5 5 5 5 5 5 5 5 5 5 5 5 5 5 5 5 5 5 5 5 5 5 5 5 5 5 5 5 5 5 5 5 5 5 5 5 5 5 5 5 5 5 5 5 5 5 5 5 5 5 5 5 5 5 5 5 5 5 5 5 5 5 5 5 5 5 5 5 5 5 5 5 5 5 5 5 5 5 5 5 5 5 5 5 5 5 5 5 5 5 5 5 5 5 5 5 5 5 5 5 5 5 5 5 5 5 5 5 5 5 5 5 5 5 5 5 5 5 5 5 5 5 5 5 5 5 5 5 5 5 5 5 5 5 5 5 5 5 5 5 5 5 5 5 5 5 5 5 5 5 5 5 5 5 5 5 5 5 5 5 5 5 5 5 5 5 5 5 5 5 5 5 5 5 5 5 5 5 5 5 5 5 5 5 5 5 5 5 5 5 5 5 5 5 5 5 5 5 5 5 5 5 5 5 5 5 5 5 5 5 5 5 5 5 5 5 5 5 5 5 5 5 5 5 5 5 5 5 5 5 5 5 5 5 5 5 5 5 5 5 5 5 5 5 5 5 5 5 5 5 5 5 5 5 
CELL_DATA 7412
SCALARS Marker double 1
LOOKUP_TABLE default
0 0 0 0 1 1 1 1 2 2 2 2 3 3 3 3 4 4 4 4 5 5 5 5 6 6 6 6 7 7 7 7 8 8 8 8 9 9 9 9 10 10 10 10 11 11 11 11 12 12 12 12 13 13 13 13 14 14 14 14 15 15 15 15 16 16 16 16 17 17 17 17 18 18 18 18 19 19 19 19 20 20 20 20 21 21 21 21 22 22 22 22 23 23 23 23 24 24 24 24 25 25 25 25 26 26 26 26 27 27 27 27 28 28 28 28 29 29 29 29 30 30 30 30 31 31 31 31 32 32 32 32 33 33 33 33 34 34 34 34 35 35 35 35 36 36 36 36 37 37 37 37 38 38 38 38 39 39 39 39 40 40 40 40 41 41 41 41 42 42 42 42 43 43 43 43 44 44 44 44 45 45 45 45 46 46 46 46 47 47 47 47 48 48 48 48 49 49 49 49 50 50 50 50 51 51 51 51 52 52 52 52 53 53 53 53 54 54 54 54 55 55 55 55 56 56 56 56 57 57 57 57 58 58 58 58 59 59 59 59 60 60 60 60 61 61 61 61 62 62 62 62 63 63 63 63 64 64 64 64 65 65 65 65 66 66 66 66 67 67 67 67 68 68 68 68 69 69 69 69 70 70 70 70 71 71 71 71 72 72 72 72 73 73 73 73 74 74 74 74 75 75 75 75 76 76 76 76 77 77 77 77 78 78 78 78 79 79 79 79 80 80 80 80 81 81 81 81 82 82 82 82 83 83 83 83 84 84 84 84 85 85 85 85 86 86 86 86 87 87 87 87 88 88 88 88 89 89 89 89 90 90 90 90 91 91 91 91 92 92 92 92 93 93 93 93 94 94 94 94 95 95 95 95 96 96 96 96 97 97 97 97 98 98 98 98 99 99 99 99 100 100 100 100 101 101 101 101 102 102 102 102 103 103 103 103 104 104 104 104 105 105 105 105 106 106 106 106 107 107 107 107 108 108 108 108 109 109 109 109 110 110 110 110 111 111 111 111 112 112 112 112 113 113 113 113 114 114 114 114 115 115 115 115 116 116 116 116 117 117 117 117 118 118 118 118 119 119 119 119 120 120 120 120 121 121 121 121 122 122 122 122 123 123 123 123 124 124 124 124 125 125 125 125 126 126 126 126 127 127 127 127 128 128 128 128 129 129 129 129 130 130 130 130 131 131 131 131 132 132 132 132 133 133 133 133 134 134 134 134 135 135 135 135 136 136 136 136 137 137 137 137 138 138 138 138 139 139 139 139 140 140 140 140 141 141 141 141 142 142 142 142 143 143 143 143 144 144 144 144 145 145 145 145 146 146 146 146 147 147 147 147 148 148 148 148 149 149 149 149 150 150 150 150 151 151 151 151 152 152 152 152 153 153 153 153 154 154 154 154 155 155 155 155 156 156 156 156 157 157 157 157 158 158 158 158 159 159 159 159 160 160 160 160 161 161 161 161 162 162 162 162 163 163 163 163 164 164 164 164 165 165 165 165 166 166 166 166 167 167 167 167 168 168 168 168 169 169 169 169 170 170 170 170 171 171 171 171 172 172 172 172 173 173 173 173 174 174 174 174 175 175 175 175 176 176 176 176 177 177 177 177 178 178 178 178 179 179 179 179 180 180 180 180 181 181 181 181 182 182 182 182 183 183 183 183 184 184 184 184 185 185 185 185 186 186 186 186 187 187 187 187 188 188 188 188 189 189 189 189 190 190 190 190 191 191 191 191 192 192 192 192 193 193 193 193 194 194 194 194 195 195 195 195 196 196 196 196 197 197 197 197 198 198 198 198 199 199 199 199 200 200 200 200 201 201 201 201 202 202 202 202 203 203 203 203 204 204 204 204 205 205 205 205 206 206 206 206 207 207 207 207 208 208 208 208 209 209 209 209 210 210 210 210 211 211 211 211 212 212 212 212 213 213 213 213 214 214 214 214 215 215 215 215 216 216 216 216 217 217 217 217 218 218 218 218 219 219 219 219 220 220 220 220 221 221 221 221 222 222 222 222 223 223 223 223 224 224 224 224 225 225 225 225 226 226 226 226 227 227 227 227 228 228 228 228 229 229 229 229 230 230 230 230 231 231 231 231 232 232 232 232 233 233 233 233 234 234 234 234 235 235 235 235 236 236 236 236 237 237 237 237 238 238 238 238 239 239 239 239 240 240 240 240 241 241 241 241 242 242 242 242 243 243 243 243 244 244 244 244 245 245 245 245 246 246 246 246 247 247 247 247 248 248 248 248 249 249 249 249 250 250 250 250 251 251 251 251 252 252 252 252 253 253 253 253 254 254 254 254 255 255 255 255 256 256 256 256 257 257 257 257 258 258 258 258 259 259 259 259 260 260 260 260 261 261 261 261 262 262 262 262 263 263 263 263 264 264 264 264 265 265 265 265 266 266 266 266 267 267 267 267 268 268 268 268 269 269 269 269 270 270 270 270 271 271 271 271 272 272 272 272 273 273 273 273 274 274 274 274 275 275 275 275 276 276 276 276 277 277 277 277 278 278 278 278 279 279 279 279 280 280 280 280 281 281 281 281 282 282 282 282 283 283 283 283 284 284 284 284 285 285 285 285 286 286 286 286 287 287 287 287 288 288 288 288 289 289 289 289 290 290 290 290 291 291 291 291 292 292 292 292 293 293 293 293 294 294 294 294 295 295 295 295 296 296 296 296 297 297 297 297 298 298 298 298 299 299 299 299 300 300 300 300 301 301 301 301 302 302 302 302 303 303 303 303 304 304 304 304 305 305 305 305 306 306 306 306 307 307 307 307 308 308 308 308 309 309 309 309 310 310 310 310 311 311 311 311 312 312 312 312 313 313 313 313 314 314 314 314 315 315 315 315 316 316 316 316 317 317 317 317 318 318 318 318 319 319 319 319 320 320 320 320 321 321 321 321 322 322 322 322 323 323 323 323 324 324 324 324 325 325 325 325 326 326 326 326 327 327 327 327 328 328 328 328 329 329 329 329 330 330 330 330 331 331 331 331 332 332 332 332 333 333 333 333 334 334 334 334 335 335 335 335 336 336 336 336 337 337 337 337 338 338 338 338 339 339 339 339 340 340 340 340 341 341 341 341 342 342 342 342 343 343 343 343 344 344 344 344 345 345 345 345 346 346 346 346 347 347 347 347 348 348 348 348 349 349 349 349 350 350 350 350 351 351 351 351 352 352 352 352 353 353 353 353 354 354 354 354 355 355 355 355 356 356 356 356 357 357 357 357 358 358 358 358 359 359 359 359 360 360 360 360 361 361 361 361 362 362 362 362 363 363 363 363 364 364 364 364 365 365 365 365 366 366 366 366 367 367 367 367 368 368 368 368 369 369 369 369 370 370 370 370 371 371 371 371 372 372 372 372 373 373 373 373 374 374 374 374 375 375 375 375 376 376 376 376 377 377 377 377 378 378 378 378 379 379 379 379 380 380 380 380 381 381 381 381 382 382 382 382 383 383 383 383 384 384 384 384 385 385 385 385 386 386 386 386 387 387 387 387 388 388 388 388 389 389 389 389 390 390 390 390 391 391 391 391 392 392 392 392 393 393 393 393 394 394 394 394 395 395 395 395 396 396 396 396 397 397 397 397 398 398 398 398 399 399 399 399 400 400 400 400 401 401 401 401 402 402 402 402 403 403 403 403 404 404 404 404 405 405 405 405 406 406 406 406 407 407 407 407 408 408 408 408 409 409 409 409 410 410 410 410 411 411 411 411 412 412 412 412 413 413 413 413 414 414 414 414 415 415 415 415 416 416 416 416 417 417 417 417 418 418 418 418 419 419 419 419 420 420 420 420 421 421 421 421 422 422 422 422 423 423 423 423 424 424 424 424 425 425 425 425 426 426 426 426 427 427 427 427 428 428 428 428 429 429 429 429 430 430 430 430 431 431 431 431 432 432 432 432 433 433 433 433 434 434 434 434 435 435 435 435 436 436 436 436 437 437 437 437 438 438 438 438 439 439 439 439 440 440 440 440 441 441 441 441 442 442 442 442 443 443 443 443 444 444 444 444 445 445 445 445 446 446 446 446 447 447 447 447 448 448 448 448 449 449 449 449 450 450 450 450 451 451 451 451 452 452 452 452 453 453 453 453 454 454 454 454 455 455 455 455 456 456 456 456 457 457 457 457 458 458 458 458 459 459 459 459 460 460 460 460 461 461 461 461 462 462 462 462 463 463 463 463 464 464 464 464 465 465 465 465 466 466 466 466 467 467 467 467 468 468 468 468 469 469 469 469 470 470 470 470 471 471 471 471 472 472 472 472 473 473 473 473 474 474 474 474 475 475 475 475 476 476 476 476 477 477 477 477 478 478 478 478 479 479 479 479 480 480 480 480 481 481 481 481 482 482 482 482 483 483 483 483 484 484 484 484 485 485 485 485 486 486 486 486 487 487 487 487 488 488 488 488 489 489 489 489 490 490 490 490 491 491 491 491 492 492 492 492 493 493 493 493 494 494 494 494 495 495 495 495 496 496 496 496 497 497 497 497 498 498 498 498 499 499 499 499 500 500 500 500 501 501 501 501 502 502 502 502 503 503 503 503 504 504 504 504 505 505 505 505 506 506 506 506 507 507 507 507 508 508 508 508 509 509 509 509 510 510 510 510 511 511 511 511 512 512 512 512 513 513 513 513 514 514 514 514 515 515 515 515 516 516 516 516 517 517 517 517 518 518 518 518 519 519 519 519 520 520 520 520 521 521 521 521 522 522 522 522 523 523 523 523 524 524 524 524 525 525 525 525 526 526 526 526 527 527 527 527 528 528 528 528 529 529 529 529 530 530 530 530 531 531 531 531 532 532 532 532 533 533 533 533 534 534 534 534 535 535 535 535 536 536 536 536 537 537 537 537 538 538 538 538 539 539 539 539 540 540 540 540 541 541 541 541 542 542 542 542 543 543 543 543 544 544 544 544 545 545 545 545 546 546 546 546 547 547 547 547 548 548 548 548 549 549 549 549 550 550 550 550 551 551 551 551 552 552 552 552 553 553 553 553 554 554 554 554 555 555 555 555 556 556 556 556 557 557 557 557 558 558 558 558 559 559 559 559 560 560 560 560 561 561 561 561 562 562 562 562 563 563 563 563 564 564 564 564 565 565 565 565 566 566 566 566 567 567 567 567 568 568 568 568 569 569 569 569 570 570 570 570 571 571 571 571 572 572 572 572 573 573 573 573 574 574 574 574 575 575 575 575 576 576 576 576 577 577 577 577 578 578 578 578 579 579 579 579 580 580 580 580 581 581 581 581 582 582 582 582 583 583 583 583 584 584 584 584 585 585 585 585 586 586 586 586 587 587 587 587 588 588 588 588 589 589 589 589 590 590 590 590 591 591 591 591 592 592 592 592 593 593 593 593 594 594 594 594 595 595 595 595 596 596 596 596 597 597 597 597 598 598 598 598 599 599 599 599 600 600 600 600 601 601 601 601 602 602 602 602 603 603 603 603 604 604 604 604 605 605 605 605 606 606 606 606 607 607 607 607 608 608 608 608 609 609 609 609 610 610 610 610 611 611 611 611 612 612 612 612 613 613 613 613 614 614 614 614 615 615 615 615 616 616 616 616 617 617 617 617 618 618 618 618 619 619 619 619 620 620 620 620 621 621 621 621 622 622 622 622 623 623 623 623 624 624 624 624 625 625 625 625 626 626 626 626 627 627 627 627 628 628 628 628 629 629 629 629 630 630 630 630 631 631 631 631 632 632 632 632 633 633 633 633 634 634 634 634 635 635 635 635 636 636 636 636 637 637 637 637 638 638 638 638 639 639 639 639 640 640 640 640 641 641 641 641 642 642 642 642 643 643 643 643 644 644 644 644 645 645 645 645 646 646 646 646 647 647 647 647 648 648 648 648 649 649 649 649 650 650 650 650 651 651 651 651 652 652 652 652 653 653 653 653 654 654 654 654 655 655 655 655 656 656 656 656 657 657 657 657 658 658 658 658 659 659 659 659 660 660 660 660 661 661 661 661 662 662 662 662 663 663 663 663 664 664 664 664 665 665 665 665 666 666 666 666 667 667 667 667 668 668 668 668 669 669 669 669 670 670 670 670 671 671 671 671 672 672 672 672 673 673 673 673 674 674 674 674 675 675 675 675 676 676 676 676 677 677 677 677 678 678 678 678 679 679 679 679 680 680 680 680 681 681 681 681 682 682 682 682 683 683 683 683 684 684 684 684 685 685 685 685 686 686 686 686 687 687 687 687 688 688 688 688 689 689 689 689 690 690 690 690 691 691 691 691 692 692 692 692 693 693 693 693 694 694 694 694 695 695 695 695 696 696 696 696 697 697 697 697 698 698 698 698 699 699 699 699 700 700 700 700 701 701 701 701 702 702 702 702 703 703 703 703 704 704 704 704 705 705 705 705 706 706 706 706 707 707 707 707 708 708 708 708 709 709 709 709 710 710 710 710 711 711 711 711 712 712 712 712 713 713 713 713 714 714 714 714 715 715 715 715 716 716 716 716 717 717 717 717 718 718 718 718 719 719 719 719 720 720 720 720 721 721 721 721 722 722 722 722 723 723 723 723 724 724 724 724 725 725 725 725 726 726 726 726 727 727 727 727 728 728 728 728 729 729 729 729 730 730 730 730 731 731 731 731 732 732 732 732 733 733 733 733 734 734 734 734 735 735 735 735 736 736 736 736 737 737 737 737 738 738 738 738 739 739 739 739 740 740 740 740 741 741 741 741 742 742 742 742 743 743 743 743 744 744 744 744 745 745 745 745 746 746 746 746 747 747 747 747 748 748 748 748 749 749 749 749 750 750 750 750 751 751 751 751 752 752 752 752 753 753 753 753 754 754 754 754 755 755 755 755 756 756 756 756 757 757 757 757 758 758 758 758 759 759 759 759 760 760 760 760 761 761 761 761 762 762 762 762 763 763 763 763 764 764 764 764 765 765 765 765 766 766 766 766 767 767 767 767 768 768 768 768 769 769 769 769 770 770 770 770 771 771 771 771 772 772 772 772 773 773 773 773 774 774 774 774 775 775 775 775 776 776 776 776 777 777 777 777 778 778 778 778 779 779 779 779 780 780 780 780 781 781 781 781 782 782 782 782 783 783 783 783 784 784 784 784 785 785 785 785 786 786 786 786 787 787 787 787 788 788 788 788 789 789 789 789 790 790 790 790 791 791 791 791 792 792 792 792 793 793 793 793 794 794 794 794 795 795 795 795 796 796 796 796 797 797 797 797 798 798 798 798 799 799 799 799 800 800 800 800 801 801 801 801 802 802 802 802 803 803 803 803 804 804 804 804 805 805 805 805 806 806 806 806 807 807 807 807 808 808 808 808 809 809 809 809 810 810 810 810 811 811 811 811 812 812 812 812 813 813 813 813 814 814 814 814 815 815 815 815 816 816 816 816 817 817 817 817 818 818 818 818 819 819 819 819 820 820 820 820 821 821 821 821 822 822 822 822 823 823 823 823 824 824 824 824 825 825 825 825 826 826 826 826 827 827 827 827 828 828 828 828 829 829 829 829 830 830 830 830 831 831 831 831 832 832 832 832 833 833 833 833 834 834 834 834 835 835 835 835 836 836 836 836 837 837 837 837 838 838 838 838 839 839 839 839 840 840 840 840 841 841 841 841 842 842 842 842 843 843 843 843 844 844 844 844 845 845 845 845 846 846 846 846 847 847 847 847 848 848 848 848 849 849 849 849 850 850 850 850 851 851 851 851 852 852 852 852 853 853 853 853 854 854 854 854 855 855 855 855 856 856 856 856 857 857 857 857 858 858 858 858 859 859 859 859 860 860 860 860 861 861 861 861 862 862 862 862 863 863 863 863 864 864 864 864 865 865 865 865 866 866 866 866 867 867 867 867 868 868 868 868 869 869 869 869 870 870 870 870 871 871 871 871 872 872 872 872 873 873 873 873 874 874 874 874 875 875 875 875 876 876 876 876 877 877 877 877 878 878 878 878 879 879 879 879 880 880 880 880 881 881 881 881 882 882 882 882 883 883 883 883 884 884 884 884 885 885 885 885 886 886 886 886 887 887 887 887 888 888 888 888 889 889 889 889 890 890 890 890 891 891 891 891 892 892 892 892 893 893 893 893 894 894 894 894 895 895 895 895 896 896 896 896 897 897 897 897 898 898 898 898 899 899 899 899 900 900 900 900 901 901 901 901 902 902 902 902 903 903 903 903 904 904 904 904 905 905 905 905 906 906 906 906 907 907 907 907 908 908 908 908 909 909 909 909 910 910 910 910 911 911 911 911 912 912 912 912 913 913 913 913 914 914 914 914 915 915 915 915 916 916 916 916 917 917 917 917 918 918 918 918 919 919 919 919 920 920 920 920 921 921 921 921 922 922 922 922 923 923 923 923 924 924 924 924 925 925 925 925 926 926 926 926 927 927 927 927 928 928 928 928 929 929 929 929 930 930 930 930 931 931 931 931 932 932 932 932 933 933 933 933 934 934 934 934 935 935 935 935 936 936 936 936 937 937 937 937 938 938 938 938 939 939 939 939 940 940 940 940 941 941 941 941 942 942 942 942 943 943 943 943 944 944 944 944 945 945 945 945 946 946 946 946 947 947 947 947 948 948 948 948 949 949 949 949 950 950 950 950 951 951 951 951 952 952 952 952 953 953 953 953 954 954 954 954 955 955 955 955 956 956 956 956 957 957 957 957 958 958 958 958 959 959 959 959 960 960 960 960 961 961 961 961 962 962 962 962 963 963 963 963 964 964 964 964 965 965 965 965 966 966 966 966 967 967 967 967 968 968 968 968 969 969 969 969 970 970 970 970 971 971 971 971 972 972 972 972 973 973 973 973 974 974 974 974 975 975 975 975 976 976 976 976 977 977 977 977 978 978 978 978 979 979 979 979 980 980 980 980 981 981 981 981 982 982 982 982 983 983 983 983 984 984 984 984 985 985 985 985 986 986 986 986 987 987 987 987 988 988 988 988 989 989 989 989 990 990 990 990 991 991 991 991 992 992 992 992 993 993 993 993 994 994 994 994 995 995 995 995 996 996 996 996 997 997 997 997 998 998 998 998 999 999 999 999 1000 1000 1000 1000 1001 1001 1001 1001 1002 1002 1002 1002 1003 1003 1003 1003 1004 1004 1004 1004 1005 1005 1005 1005 1006 1006 1006 1006 1007 1007 1007 1007 1008 1008 1008 1008 1009 1009 1009 1009 1010 1010 1010 1010 1011 1011 1011 1011 1012 1012 1012 1012 1013 1013 1013 1013 1014 1014 1014 1014 1015 1015 1015 1015 1016 1016 1016 1016 1017 1017 1017 1017 1018 1018 1018 1018 1019 1019 1019 1019 1020 1020 1020 1020 1021 1021 1021 1021 1022 1022 1022 1022 1023 1023 1023 1023 1024 1024 1024 1024 1025 1025 1025 1025 1026 1026 1026 1026 1027 1027 1027 1027 1028 1028 1028 1028 1029 1029 1029 1029 1030 1030 1030 1030 1031 1031 1031 1031 1032 1032 1032 1032 1033 1033 1033 1033 1034 1034 1034 1034 1035 1035 1035 1035 1036 1036 1036 1036 1037 1037 1037 1037 1038 1038 1038 1038 1039 1039 1039 1039 1040 1040 1040 1040 1041 1041 1041 1041 1042 1042 1042 1042 1043 1043 1043 1043 1044 1044 1044 1044 1045 1045 1045 1045 1046 1046 1046 1046 1047 1047 1047 1047 1048 1048 1048 1048 1049 1049 1049 1049 1050 1050 1050 1050 1051 1051 1051 1051 1052 1052 1052 1052 1053 1053 1053 1053 1054 1054 1054 1054 1055 1055 1055 1055 1056 1056 1056 1056 1057 1057 1057 1057 1058 1058 1058 1058 1059 1059 1059 1059 1060 1060 1060 1060 1061 1061 1061 1061 1062 1062 1062 1062 1063 1063 1063 1063 1064 1064 1064 1064 1065 1065 1065 1065 1066 1066 1066 1066 1067 1067 1067 1067 1068 1068 1068 1068 1069 1069 1069 1069 1070 1070 1070 1070 1071 1071 1071 1071 1072 1072 1072 1072 1073 1073 1073 1073 1074 1074 1074 1074 1075 1075 1075 1075 1076 1076 1076 1076 1077 1077 1077 1077 1078 1078 1078 1078 1079 1079 1079 1079 1080 1080 1080 1080 1081 1081 1081 1081 1082 1082 1082 1082 1083 1083 1083 1083 1084 1084 1084 1084 1085 1085 1085 1085 1086 1086 1086 1086 1087 1087 1087 1087 1088 1088 1088 1088 1089 1089 1089 1089 1090 1090 1090 1090 1091 1091 1091 1091 1092 1092 1092 1092 1093 1093 1093 1093 1094 1094 1094 1094 1095 1095 1095 1095 1096 1096 1096 1096 1097 1097 1097 1097 1098 1098 1098 1098 1099 1099 1099 1099 1100 1100 1100 1100 1101 1101 1101 1101 1102 1102 1102 1102 1103 1103 1103 1103 1104 1104 1104 1104 1105 1105 1105 1105 1106 1106 1106 1106 1107 1107 1107 1107 1108 1108 1108 1108 1109 1109 1109 1109 1110 1110 1110 1110 1111 1111 1111 1111 1112 1112 1112 1112 1113 1113 1113 1113 1114 1114 1114 1114 1115 1115 1115 1115 1116 1116 1116 1116 1117 1117 1117 1117 1118 1118 1118 1118 1119 1119 1119 1119 1120 1120 1120 1120 1121 1121 1121 1121 1122 1122 1122 1122 1123 1123 1123 1123 1124 1124 1124 1124 1125 1125 1125 1125 1126 1126 1126 1126 1127 1127 1127 1127 1128 1128 1128 1128 1129 1129 1129 1129 1130 1130 1130 1130 1131 1131 1131 1131 1132 1132 1132 1132 1133 1133 1133 1133 1134 1134 1134 1134 1135 1135 1135 1135 1136 1136 1136 1136 1137 1137 1137 1137 1138 1138 1138 1138 1139 1139 1139 1139 1140 1140 1140 1140 1141 1141 1141 1141 1142 1142 1142 1142 1143 1143 1143 1143 1144 1144 1144 1144 1145 1145 1145 1145 1146 1146 1146 1146 1147 1147 1147 1147 1148 1148 1148 1148 1149 1149 1149 1149 1150 1150 1150 1150 1151 1151 1151 1151 1152 1152 1152 1152 1153 1153 1153 1153 1154 1154 1154 1154 1155 1155 1155 1155 1156 1156 1156 1156 1157 1157 1157 1157 1158 1158 1158 1158 1159 1159 1159 1159 1160 1160 1160 1160 1161 1161 1161 1161 1162 1162 1162 1162 1163 1163 1163 1163 1164 1164 1164 1164 1165 1165 1165 1165 1166 1166 1166 1166 1167 1167 1167 1167 1168 1168 1168 1168 1169 1169 1169 1169 1170 1170 1170 1170 1171 1171 1171 1171 1172 1172 1172 1172 1173 1173 1173 1173 1174 1174 1174 1174 1175 1175 1175 1175 1176 1176 1176 1176 1177 1177 1177 1177 1178 1178 1178 1178 1179 1179 1179 1179 1180 1180 1180 1180 1181 1181 1181 1181 1182 1182 1182 1182 1183 1183 1183 1183 1184 1184 1184 1184 1185 1185 1185 1185 1186 1186 1186 1186 1187 1187 1187 1187 1188 1188 1188 1188 1189 1189 1189 1189 1190 1190 1190 1190 1191 1191 1191 1191 1192 1192 1192 1192 1193 1193 1193 1193 1194 1194 1194 1194 1195 1195 1195 1195 1196 1196 1196 1196 1197 1197 1197 1197 1198 1198 1198 1198 1199 1199 1199 1199 1200 1200 1200 1200 1201 1201 1201 1201 1202 1202 1202 1202 1203 1203 1203 1203 1204 1204 1204 1204 1205 1205 1205 1205 1206 1206 1206 1206 1207 1207 1207 1207 1208 1208 1208 1208 1209 1209 1209 1209 1210 1210 1210 1210 1211 1211 1211 1211 1212 1212 1212 1212 1213 1213 1213 1213 1214 1214 1214 1214 1215 1215 1215 1215 1216 1216 1216 1216 1217 1217 1217 1217 1218 1218 1218 1218 1219 1219 1219 1219 1220 1220 1220 1220 1221 1221 1221 1221 1222 1222 1222 1222 1223 1223 1223 1223 1224 1224 1224 1224 1225 1225 1225 1225 1226 1226 1226 1226 1227 1227 1227 1227 1228 1228 1228 1228 1229 1229 1229 1229 1230 1230 1230 1230 1231 1231 1231 1231 1232 1232 1232 1232 1233 1233 1233 1233 1234 1234 1234 1234 1235 1235 1235 1235 1236 1236 1236 1236 1237 1237 1237 1237 1238 1238 1238 1238 1239 1239 1239 1239 1240 1240 1240 1240 1241 1241 1241 1241 1242 1242 1242 1242 1243 1243 1243 1243 1244 1244 1244 1244 1245 1245 1245 1245 1246 1246 1246 1246 1247 1247 1247 1247 1248 1248 1248 1248 1249 1249 1249 1249 1250 1250 1250 1250 1251 1251 1251 1251 1252 1252 1252 1252 1253 1253 1253 1253 1254 1254 1254 1254 1255 1255 1255 1255 1256 1256 1256 1256 1257 1257 1257 1257 1258 1258 1258 1258 1259 1259 1259 1259 1260 1260 1260 1260 1261 1261 1261 1261 1262 1262 1262 1262 1263 1263 1263 1263 1264 1264 1264 1264 1265 1265 1265 1265 1266 1266 1266 1266 1267 1267 1267 1267 1268 1268 1268 1268 1269 1269 1269 1269 1270 1270 1270 1270 1271 1271 1271 1271 1272 1272 1272 1272 1273 1273 1273 1273 1274 1274 1274 1274 1275 1275 1275 1275 1276 1276 1276 1276 1277 1277 1277 1277 1278 1278 1278 1278 1279 1279 1279 1279 1280 1280 1280 1280 1281 1281 1281 1281 1282 1282 1282 1282 1283 1283 1283 1283 1284 1284 1284 1284 1285 1285 1285 1285 1286 1286 1286 1286 1287 1287 1287 1287 1288 1288 1288 1288 1289 1289 1289 1289 1290 1290 1290 1290 1291 1291 1291 1291 1292 1292 1292 1292 1293 1293 1293 1293 1294 1294 1294 1294 1295 1295 1295 1295 1296 1296 1296 1296 1297 1297 1297 1297 1298 1298 1298 1298 1299 1299 1299 1299 1300 1300 1300 1300 1301 1301 1301 1301 1302 1302 1302 1302 1303 1303 1303 1303 1304 1304 1304 1304 1305 1305 1305 1305 1306 1306 1306 1306 1307 1307 1307 1307 1308 1308 1308 1308 1309 1309 1309 1309 1310 1310 1310 1310 1311 1311 1311 1311 1312 1312 1312 1312 1313 1313 1313 1313 1314 1314 1314 1314 1315 1315 1315 1315 1316 1316 1316 1316 1317 1317 1317 1317 1318 1318 1318 1318 1319 1319 1319 1319 1320 1320 1320 1320 1321 1321 1321 1321 1322 1322 1322 1322 1323 1323 1323 1323 1324 1324 1324 1324 1325 1325 1325 1325 1326 1326 1326 1326 1327 1327 1327 1327 1328 1328 1328 1328 1329 1329 1329 1329 1330 1330 1330 1330 1331 1331 1331 1331 1332 1332 1332 1332 1333 1333 1333 1333 1334 1334 1334 1334 1335 1335 1335 1335 1336 1336 1336 1336 1337 1337 1337 1337 1338 1338 1338 1338 1339 1339 1339 1339 1340 1340 1340 1340 1341 1341 1341 1341 1342 1342 1342 1342 1343 1343 1343 1343 1344 1344 1344 1344 1345 1345 1345 1345 1346 1346 1346 1346 1347 1347 1347 1347 1348 1348 1348 1348 1349 1349 1349 1349 1350 1350 1350 1350 1351 1351 1351 1351 1352 1352 1352 1352 1353 1353 1353 1353 1354 1354 1354 1354 1355 1355 1355 1355 1356 1356 1356 1356 1357 1357 1357 1357 1358 1358 1358 1358 1359 1359 1359 1359 1360 1360 1360 1360 1361 1361 1361 1361 1362 1362 1362 1362 1363 1363 1363 1363 1364 1364 1364 1364 1365 1365 1365 1365 1366 1366 1366 1366 1367 1367 1367 1367 1368 1368 1368 1368 1369 1369 1369 1369 1370 1370 1370 1370 1371 1371 1371 1371 1372 1372 1372 1372 1373 1373 1373 1373 1374 1374 1374 1374 1375 1375 1375 1375 1376 1376 1376 1376 1377 1377 1377 1377 1378 1378 1378 1378 1379 1379 1379 1379 1380 1380 1380 1380 1381 1381 1381 1381 1382 1382 1382 1382 1383 1383 1383 1383 1384 1384 1384 1384 1385 1385 1385 1385 1386 1386 1386 1386 1387 1387 1387 1387 1388 1388 1388 1388 1389 1389 1389 1389 1390 1390 1390 1390 1391 1391 1391 1391 1392 1392 1392 1392 1393 1393 1393 1393 1394 1394 1394 1394 1395 1395 1395 1395 1396 1396 1396 1396 1397 1397 1397 1397 1398 1398 1398 1398 1399 1399 1399 1399 1400 1400 1400 1400 1401 1401 1401 1401 1402 1402 1402 1402 1403 1403 1403 1403 1404 1404 1404 1404 1405 1405 1405 1405 1406 1406 1406 1406 1407 1407 1407 1407 1408 1408 1408 1408 1409 1409 1409 1409 1410 1410 1410 1410 1411 1411 1411 1411 1412 1412 1412 1412 1413 1413 1413 1413 1414 1414 1414 1414 1415 1415 1415 1415 1416 1416 1416 1416 1417 1417 1417 1417 1418 1418 1418 1418 1419 1419 1419 1419 1420 1420 1420 1420 1421 1421 1421 1421 1422 1422 1422 1422 1423 1423 1423 1423 1424 1424 1424 1424 1425 1425 1425 1425 1426 1426 1426 1426 1427 1427 1427 1427 1428 1428 1428 1428 1429 1429 1429 1429 1430 1430 1430 1430 1431 1431 1431 1431 1432 1432 1432 1432 1433 1433 1433 1433 1434 1434 1434 1434 1435 1435 1435 1435 1436 1436 1436 1436 1437 1437 1437 1437 1438 1438 1438 1438 1439 1439 1439 1439 1440 1440 1440 1440 1441 1441 1441 1441 1442 1442 1442 1442 1443 1443 1443 1443 1444 1444 1444 1444 1445 1445 1445 1445 1446 1446 1446 1446 1447 1447 1447 1447 1448 1448 1448 1448 1449 1449 1449 1449 1450 1450 1450 1450 1451 1451 1451 1451 1452 1452 1452 1452 1453 1453 1453 1453 1454 1454 1454 1454 1455 1455 1455 1455 1456 1456 1456 1456 1457 1457 1457 1457 1458 1458 1458 1458 1459 1459 1459 1459 1460 1460 1460 1460 1461 1461 1461 1461 1462 1462 1462 1462 1463 1463 1463 1463 1464 1464 1464 1464 1465 1465 1465 1465 1466 1466 1466 1466 1467 1467 1467 1467 1468 1468 1468 1468 1469 1469 1469 1469 1470 1470 1470 1470 1471 1471 1471 1471 1472 1472 1472 1472 1473 1473 1473 1473 1474 1474 1474 1474 1475 1475 1475 1475 1476 1476 1476 1476 1477 1477 1477 1477 1478 1478 1478 1478 1479 1479 1479 1479 1480 1480 1480 1480 1481 1481 1481 1481 1482 1482 1482 1482 1483 1483 1483 1483 1484 1484 1484 1484 1485 1485 1485 1485 1486 1486 1486 1486 1487 1487 1487 1487 1488 1488 1488 1488 1489 1489 1489 1489 1490 1490 1490 1490 1491 1491 1491 1491 1492 1492 1492 1492 1493 1493 1493 1493 1494 1494 1494 1494 1495 1495 1495 1495 1496 1496 1496 1496 1497 1497 1497 1497 1498 1498 1498 1498 1499 1499 1499 1499 1500 1500 1500 1500 1501 1501 1501 1501 1502 1502 1502 1502 1503 1503 1503 1503 1504 1504 1504 1504 1505 1505 1505 1505 1506 1506 1506 1506 1507 1507 1507 1507 1508 1508 1508 1508 1509 1509 1509 1509 1510 1510 1510 1510 1511 1511 1511 1511 1512 1512 1512 1512 1513 1513 1513 1513 1514 1514 1514 1514 1515 1515 1515 1515 1516 1516 1516 1516 1517 1517 1517 1517 1518 1518 1518 1518 1519 1519 1519 1519 1520 1520 1520 1520 1521 1521 1521 1521 1522 1522 1522 1522 1523 1523 1523 1523 1524 1524 1524 1524 1525 1525 1525 1525 1526 1526 1526 1526 1527 1527 1527 1527 1528 1528 1528 1528 1529 1529 1529 1529 1530 1530 1530 1530 1531 1531 1531 1531 1532 1532 1532 1532 1533 1533 1533 1533 1534 1534 1534 1534 1535 1535 1535 1535 1536 1536 1536 1536 1537 1537 1537 1537 1538 1538 1538 1538 1539 1539 1539 1539 1540 1540 1540 1540 1541 1541 1541 1541 1542 1542 1542 1542 1543 1543 1543 1543 1544 1544 1544 1544 1545 1545 1545 1545 1546 1546 1546 1546 1547 1547 1547 1547 1548 1548 1548 1548 1549 1549 1549 1549 1550 1550 1550 1550 1551 1551 1551 1551 1552 1552 1552 1552 1553 1553 1553 1553 1554 1554 1554 1554 1555 1555 1555 1555 1556 1556 1556 1556 1557 1557 1557 1557 1558 1558 1558 1558 1559 1559 1559 1559 1560 1560 1560 1560 1561 1561 1561 1561 1562 1562 1562 1562 1563 1563 1563 1563 1564 1564 1564 1564 1565 1565 1565 1565 1566 1566 1566 1566 1567 1567 1567 1567 1568 1568 1568 1568 1569 1569 1569 1569 1570 1570 1570 1570 1571 1571 1571 1571 1572 1572 1572 1572 1573 1573 1573 1573 1574 1574 1574 1574 1575 1575 1575 1575 1576 1576 1576 1576 1577 1577 1577 1577 1578 1578 1578 1578 1579 1579 1579 1579 1580 1580 1580 1580 1581 1581 1581 1581 1582 1582 1582 1582 1583 1583 1583 1583 1584 1584 1584 1584 1585 1585 1585 1585 1586 1586 1586 1586 1587 1587 1587 1587 1588 1588 1588 1588 1589 1589 1589 1589 1590 1590 1590 1590 1591 1591 1591 1591 1592 1592 1592 1592 1593 1593 1593 1593 1594 1594 1594 1594 1595 1595 1595 1595 1596 1596 1596 1596 1597 1597 1597 1597 1598 1598 1598 1598 1599 1599 1599 1599 1600 1600 1600 1600 1601 1601 1601 1601 1602 1602 1602 1602 1603 1603 1603 1603 1604 1604 1604 1604 1605 1605 1605 1605 1606 1606 1606 1606 1607 1607 1607 1607 1608 1608 1608 1608 1609 1609 1609 1609 1610 1610 1610 1610 1611 1611 1611 1611 1612 1612 1612 1612 1613 1613 1613 1613 1614 1614 1614 1614 1615 1615 1615 1615 1616 1616 1616 1616 1617 1617 1617 1617 1618 1618 1618 1618 1619 1619 1619 1619 1620 1620 1620 1620 1621 1621 1621 1621 1622 1622 1622 1622 1623 1623 1623 1623 1624 1624 1624 1624 1625 1625 1625 1625 1626 1626 1626 1626 1627 1627 1627 1627 1628 1628 1628 1628 1629 1629 1629 1629 1630 1630 1630 1630 1631 1631 1631 1631 1632 1632 1632 1632 1633 1633 1633 1633 1634 1634 1634 1634 1635 1635 1635 1635 1636 1636 1636 1636 1637 1637 1637 1637 1638 1638 1638 1638 1639 1639 1639 1639 1640 1640 1640 1640 1641 1641 1641 1641 1642 1642 1642 1642 1643 1643 1643 1643 1644 1644 1644 1644 1645 1645 1645 1645 1646 1646 1646 1646 1647 1647 1647 1647 1648 1648 1648 1648 1649 1649 1649 1649 1650 1650 1650 1650 1651 1651 1651 1651 1652 1652 1652 1652 1653 1653 1653 1653 1654 1654 1654 1654 1655 1655 1655 1655 1656 1656 1656 1656 1657 1657 1657 1657 1658 1658 1658 1658 1659 1659 1659 1659 1660 1660 1660 1660 1661 1661 1661 1661 1662 1662 1662 1662 1663 1663 1663 1663 1664 1664 1664 1664 1665 1665 1665 1665 1666 1666 1666 1666 1667 1667 1667 1667 1668 1668 1668 1668 1669 1669 1669 1669 1670 1670 1670 1670 1671 1671 1671 1671 1672 1672 1672 1672 1673 1673 1673 1673 1674 1674 1674 1674 1675 1675 1675 1675 1676 1676 1676 1676 1677 1677 1677 1677 1678 1678 1678 1678 1679 1679 1679 1679 1680 1680 1680 1680 1681 1681 1681 1681 1682 1682 1682 1682 1683 1683 1683 1683 1684 1684 1684 1684 1685 1685 1685 1685 1686 1686 1686 1686 1687 1687 1687 1687 1688 1688 1688 1688 1689 1689 1689 1689 1690 1690 1690 1690 1691 1691 1691 1691 1692 1692 1692 1692 1693 1693 1693 1693 1694 1694 1694 1694 1695 1695 1695 1695 1696 1696 1696 1696 1697 1697 1697 1697 1698 1698 1698 1698 1699 1699 1699 1699 1700 1700 1700 1700 1701 1701 1701 1701 1702 1702 1702 1702 1703 1703 1703 1703 1704 1704 1704 1704 1705 1705 1705 1705 1706 1706 1706 1706 1707 1707 1707 1707 1708 1708 1708 1708 1709 1709 1709 1709 1710 1710 1710 1710 1711 1711 1711 1711 1712 1712 1712 1712 1713 1713 1713 1713 1714 1714 1714 1714 1715 1715 1715 1715 1716 1716 1716 1716 1717 1717 1717 1717 1718 1718 1718 1718 1719 1719 1719 1719 1720 1720 1720 1720 1721 1721 1721 1721 1722 1722 1722 1722 1723 1723 1723 1723 1724 1724 1724 1724 1725 1725 1725 1725 1726 1726 1726 1726 1727 1727 1727 1727 1728 1728 1728 1728 1729 1729 1729 1729 1730 1730 1730 1730 1731 1731 1731 1731 1732 1732 1732 1732 1733 1733 1733 1733 1734 1734 1734 1734 1735 1735 1735 1735 1736 1736 1736 1736 1737 1737 1737 1737 1738 1738 1738 1738 1739 1739 1739 1739 1740 1740 1740 1740 1741 1741 1741 1741 1742 1742 1742 1742 1743 1743 1743 1743 1744 1744 1744 1744 1745 1745 1745 1745 1746 1746 1746 1746 1747 1747 1747 1747 1748 1748 1748 1748 1749 1749 1749 1749 1750 1750 1750 1750 1751 1751 1751 1751 1752 1752 1752 1752 1753 1753 1753 1753 1754 1754 1754 1754 1755 1755 1755 1755 1756 1756 1756 1756 1757 1757 1757 1757 1758 1758 1758 1758 1759 1759 1759 1759 1760 1760 1760 1760 1761 1761 1761 1761 1762 1762 1762 1762 1763 1763 1763 1763 1764 1764 1764 1764 1765 1765 1765 1765 1766 1766 1766 1766 1767 1767 1767 1767 1768 1768 1768 1768 1769 1769 1769 1769 1770 1770 1770 1770 1771 1771 1771 1771 1772 1772 1772 1772 1773 1773 1773 1773 1774 1774 1774 1774 1775 1775 1775 1775 1776 1776 1776 1776 1777 1777 1777 1777 1778 1778 1778 1778 1779 1779 1779 1779 1780 1780 1780 1780 1781 1781 1781 1781 1782 1782 1782 1782 1783 1783 1783 1783 1784 1784 1784 1784 1785 1785 1785 1785 1786 1786 1786 1786 1787 1787 1787 1787 1788 1788 1788 1788 1789 1789 1789 1789 1790 1790 1790 1790 1791 1791 1791 1791 1792 1792 1792 1792 1793 1793 1793 1793 1794 1794 1794 1794 1795 1795 1795 1795 1796 1796 1796 1796 1797 1797 1797 1797 1798 1798 1798 1798 1799 1799 1799 1799 1800 1800 1800 1800 1801 1801 1801 1801 1802 1802 1802 1802 1803 1803 1803 1803 1804 1804 1804 1804 1805 1805 1805 1805 1806 1806 1806 1806 1807 1807 1807 1807 1808 1808 1808 1808 1809 1809 1809 1809 1810 1810 1810 1810 1811 1811 1811 1811 1812 1812 1812 1812 1813 1813 1813 1813 1814 1814 1814 1814 1815 1815 1815 1815 1816 1816 1816 1816 1817 1817 1817 1817 1818 1818 1818 1818 1819 1819 1819 1819 1820 1820 1820 1820 1821 1821 1821 1821 1822 1822 1822 1822 1823 1823 1823 1823 1824 1824 1824 1824 1825 1825 1825 1825 1826 1826 1826 1826 1827 1827 1827 1827 1828 1828 1828 1828 1829 1829 1829 1829 1830 1830 1830 1830 1831 1831 1831 1831 1832 1832 1832 1832 1833 1833 1833 1833 1834 1834 1834 1834 1835 1835 1835 1835 1836 1836 1836 1836 1837 1837 1837 1837 1838 1838 1838 1838 1839 1839 1839 1839 1840 1840 1840 1840 1841 1841 1841 1841 1842 1842 1842 1842 1843 1843 1843 1843 1844 1844 1844 1844 1845 1845 1845 1845 1846 1846 1846 1846 1847 1847 1847 1847 1848 1848 1848 1848 1849 1849 1849 1849 1850 1850 1850 1850 1851 1851 1851 1851 1852 1852 1852 1852 
POINT_DATA 3884
SCALARS ab-pot double 1
LOOKUP_TABLE default
0.50512548721678 0.50514024269247 0.50608208595811 0.50717107498398 0.50912640889018 0.51073656888463 0.51275091163786 0.51519152898955 0.51801395785687 0.52087543144694 0.52303456257709 0.52598532776344 0.52841957014979 0.53127873547324 0.53403066363069 0.53667395609856 0.53844606389067 0.54102907965522 0.54312218428167 0.54504513345688 0.54695323754657 0.54877413566907 0.55055965381288 0.55212605337865 0.55346982630175 0.5548820149699 0.55654429595157 0.55827900980194 0.56005306997563 0.5620986815133 0.56403468790598 0.56568813171128 0.5685133356495 0.57197475088125 0.57693400620126 0.58012813186709 0.58382857210698 0.58722434517677 0.5900487475552 0.59320561982308 0.59716997465159 0.60243411945595 0.6083473662961 0.62018336174223 0.62735677773207 0.63929783855253 0.65602884160047 0.67539882871044 0.69810939875266 0.72743489947814 0.76306475063843 0.80978347687288 0.93762904320976 0.81306892731884 0.77049978157096 0.73250467743921 0.66007066505551 -0.69983933215376 -0.74398813441227 -0.77891845532992 -0.77794068293248 -1 -0.82711224070903 -0.78823579121368 -0.76286885260005 -0.74384928559757 -0.71929751681388 -0.69858998715301 -0.68147479810165 -0.66346578932199 -0.64438239316894 -0.62282649313659 -0.61372556669164 -0.60360219919709 -0.59284566383713 -0.58577634416619 -0.57951887608121 -0.5744698470576 -0.56979244037831 -0.56562647578433 -0.56274165671224 -0.54912600161562 -0.54915044610556 -0.54922728331657 -0.54946980976939 -0.54990260805754 -0.55072713126521 -0.55223127070783 -0.5547636489761 -0.55823256678428 -0.56276315997998 -0.56802847475167 -0.5737254354964 -0.57937731606095 -0.58402614171432 -0.5870653368362 -0.5878865196636 -0.58578547372404 -0.58029192003732 -0.57225233658137 -0.56346407582272 -0.55392080718913 -0.54485324315406 -0.53992494493223 -0.53514034841275 -0.52525102818345 -0.50522073786527 -0.46532434884308 0.415728468033 0.48445320823597 0.51522867666064 0.54310958925787 0.56153272166835 0.57239259300287 0.578603400905 0.58137724201607 0.58210198351231 0.58181321516187 0.58066802693007 0.57894033185042 0.57697084803205 0.57510224034485 0.57348550996146 0.57184900203596 0.5698698394413 0.56818065588956 0.56693792584936 0.56607127999184 0.56551363696733 0.56511909552454 0.56458362318408 0.56366822775865 0.56272643646219 0.56186613711429 0.56112760748957 0.56046701395981 0.55989990446086 0.55935693635023 0.55883299629843 0.55823807095173 0.55742385553027 0.55640272129272 0.55519429584829 0.55382865833625 0.55198534667588 0.54920702602905 0.54587663423121 0.5433385498539 0.54045976575118 0.53583491552989 0.53087502195457 0.52643359360218 0.52289751076902 0.51848315467394 0.51249165102033 0.5071405826281 0.50406302511462 0.50302301924236 0.50268562770487 0.50259398614863 0.50256710915703 0.50255702818765 0.54272014118921 0.55399976103147 0.50761227710885 0.52311003801168 0.56556556314701 0.57531509311741 0.55947188481615 0.56223555665064 0.52752127479564 0.53776608875302 0.5131199305194 0.586483123688 0.49925836746044 0.58601965113162 -0.55780563916208 -0.55085027417184 -0.59156385583561 -0.58825367880492 0.73603990824876 0.7128131219709 -0.78894968671186 0.5423373768809 0.54687081050539 0.55437276376019 0.55669957138856 0.55132232952134 0.50354707095958 0.51044640402708 0.52404518500925 0.53206738082224 0.56538120312963 0.56643808413891 0.57314336601891 0.57642001325003 0.61060339765422 0.55885345769924 0.55904086695822 0.56013141838873 0.56144570447048 0.5631287154462 0.56956640881224 0.52893019847193 0.52543885711865 0.53786996134553 0.54454864501043 0.51152609957833 0.58820164655996 0.58270357041568 0.59286072423468 0.47534692225066 -0.48644834158662 0.57045155330897 0.58295867851986 0.58401550444265 0.58204245929879 -0.5537063500939 -0.58103442152908 -0.5735270276817 -0.56066368423208 -0.56203421633472 -0.54929038927651 -0.58358439072967 -0.61447905376119 -0.59446321291054 -0.57938379033628 -0.6657666129726 -0.56905804651478 0.74765127731361 0.78396404266378 0.73497213996737 0.6792587056629 -0.83776296834346 -0.72789697444822 0.55686849188948 0.55143942143889 0.54802956974173 0.55396085824692 0.527996630745 0.53291591525109 0.56927880828161 0.61075697946028 0.62612127304792 0.56279614643571 0.55881459675117 0.56915579537639 0.5441791532488 0.59946658311278 0.51802425763191 -0.39083117416191 0.55840797269007 0.57880421024146 0.58034640592484 -0.57530638174075 -0.58236209225155 -0.59454004248418 -0.57136202673325 -0.55611390249691 -0.5493683620233 -0.61870190473133 -0.58890283426618 -0.68621791284408 -0.63638299772151 -0.56144044671962 0.68640902608967 0.65950785463151 0.70685673564969 -0.75382152621061 0.55804392773684 0.55572717012374 0.54797964604979 0.5541576666409 0.53811794897462 0.56892581972118 0.63208679363284 0.56279344042375 0.57817341283169 0.58271497738626 0.57890701514017 -0.59698934588876 -0.55044770834511 -0.54915477538879 -0.59074758110354 -0.58895516513384 -0.64905112142759 -0.57033949206461 -0.54590853949229 0.5462867133131 0.5495565186731 0.55306820643712 0.55681081531366 0.61877559028983 0.6395970409109 0.56085844773019 0.56532073530568 0.57526128207399 0.57921260318632 0.58187362198195 -0.60440125697478 -0.58837672943138 -0.55029158984365 -0.58837546090951 -0.58687348993455 -0.58469032217863 -0.66832499993509 -0.62747028929262 -0.5521346477787 0.58017606383388 0.57849422291223 -0.54970667848752 -0.55145296832206 -0.6311314143071 0.57978612803503 0.58175356002519 -0.54968601906873 -0.55362989187052 0.59097861487746 -0.54984951720083 -0.55320912311631 0.58697765454119 0.58591510268731 -0.5494103841529 -0.5510750735144 -0.54920923586793 -0.54936112834987 -0.55073425579856 -0.5502002550016 -0.55036049939599 -0.54971627216166 -0.55159929265215 -0.54966646809968 -0.54942159002526 -0.55029783325751 0.50364393812988 0.55097125436088 0.50256738536627 0.51794170362071 -0.65360964919812 0.76935631458787 -0.8309771409496 -0.7547372952116 -0.77356700440636 0.50271398913875 0.56477649367703 0.57476875394079 0.5328972060071 0.53260843096899 0.53476709229949 0.52704943310757 0.54081773626508 0.50636892181614 0.59138209989295 0.59148236426739 0.59337928753164 0.58421448170767 -0.55669609783754 -0.56535004195203 0.76614199118132 -0.77360699247342 0.57282956408156 0.60509368480503 0.59956275894424 0.54865874645996 -0.48898688344172 0.54004653749546 0.57070457669774 0.58897201524395 0.58017163037697 0.57893289001783 0.58830642926666 0.60382897432382 0.59206973025308 0.61507792811739 0.60315188585593 -0.56574392021796 -0.57853765029591 -0.57706804274704 -0.56722561443172 -0.56724751869362 -0.56069764899596 -0.7015592168135 -0.70745177339685 -0.72884831541787 -0.72360253723522 -0.68321190965944 0.56764262459697 0.56751278228686 0.56752450341924 0.56674419527812 0.57416942670106 0.57535147158183 0.57747423559767 -0.60811913533101 -0.53429572458611 0.55810077320775 0.5569275675683 0.55801845084952 0.5576806043163 0.55941741875963 0.55889597953901 0.56136531244233 0.64857798892822 0.56743460131645 -0.558645061581 -0.5563121935639 -0.56334453119706 -0.55802195414685 0.60519230537129 0.58505144646656 -0.54915594434497 -0.54921948018889 0.50491561485307 0.55085161616415 0.55278572296576 0.50301329252014 0.51892570286334 0.51547617435408 0.52224185353805 0.51358838134283 0.52253951202317 0.52001493833979 0.52010309411698 -0.70684931799818 0.82031791278571 0.74764776352497 0.50263338739642 0.50290119808094 0.50259060546924 0.56491415539421 0.5301612842107 0.52967795348878 0.53662239800891 0.53901925058461 0.53981495853783 0.54063348848276 0.54224873286719 0.50845000517092 -0.56116756624276 -0.80092902295384 -0.76750003272026 -0.79939024610007 0.57059872718481 0.57204650258202 0.5738898468865 0.57826090971148 0.57112609677885 0.57823154300299 0.52750383575759 0.52900183754893 0.59025129836612 0.61815122165696 0.60086168187751 -0.59173507758933 -0.55466199875465 -0.6859878471796 -0.67865644612054 -0.64159643846605 -0.66067954261613 0.56495235412433 0.56831110310044 0.57433674139692 0.57082677087025 0.57158836461564 0.57198840031582 0.57498859890822 0.56940069459784 0.5725645611199 0.56527404406475 0.56833590240713 0.56893716312409 0.57897753923635 0.5787573579176 -0.59785439377572 -0.606018107835 -0.59812264173844 -0.62302580249761 -0.61093194250622 -0.62585221270573 -0.59771961943654 -0.59889076456743 -0.54020386619005 -0.52624811205621 0.66005711336726 0.66719232627924 0.69338185911042 0.68294057772322 0.63721464594165 0.6477949184945 0.62445458177343 0.65533100037593 0.63300185775391 0.63152701358247 0.56757434621601 -0.55435514248822 -0.56707791857758 -0.56126491287939 -0.56151435082492 0.59040012114231 0.59591281491931 0.50511704574453 0.55271222474771 0.55134267335653 0.55160389002022 0.54682480278672 0.54912109323355 0.50256091380222 0.51518288091934 0.5161893744909 0.52510013634044 0.68661190026564 -0.72611153826257 0.50451415931612 0.50283389516773 0.50268315906591 0.50258864148794 0.50257995576527 0.53534617502255 0.54249948843611 0.50506582817692 0.50983089729194 0.50987222182469 -0.76110487508264 -0.70245109426847 -0.76523676635764 -0.77468591385904 0.44491539760209 0.58726479169322 0.59138414762577 0.5936645977361 0.59720330686824 0.61264502152412 0.60552111453512 0.61375908963639 0.62559781081725 0.60223095075199 0.59643638452376 0.60583235538678 -0.58278049404022 -0.55158991498228 -0.64702876972516 0.56502297380727 0.57558460792401 0.57955602304723 0.56785378122393 0.565162237752 0.56681653245266 0.56225723683572 0.5642980439269 0.56709109447434 0.58234369574512 -0.64928580320231 -0.54609550076558 -0.50920745789498 -0.52358224867968 -0.52108759645965 -0.55390087266982 0.7036641219883 0.64060825372167 0.63702959755968 0.56609781306944 -0.55509806621115 -0.55190385877394 0.58661017769957 0.58291501791907 0.5873305216542 0.59703824067438 0.60237437816767 0.54905408629592 0.54665709353048 0.54144740887887 0.54501309205046 0.54410938873701 0.5488904587903 0.50516863466582 0.5270769129468 0.52364793353711 0.52532683706455 0.52806850158576 0.5260462228598 0.52279943913128 0.51891602778581 0.52064724861316 0.51585237469601 0.72228231933177 0.70332883672618 0.47532694353235 -0.58676807058093 -0.73500798024805 -0.70595311996483 0.5030509611319 0.50346283053893 0.53752528240018 0.53521897458121 0.5393513430065 0.54268628039663 0.506448995049 0.50672992295991 0.51041708906671 -0.74040451342492 -0.73475506314552 -0.69889162654427 0.56170228903952 0.54453189540399 0.58252891212184 0.56471547337399 0.61490676020185 0.59087819597287 0.62638047591317 0.62203004377689 0.62048761413033 0.60309689245818 0.61393319104395 0.59655954825966 -0.57710708015976 -0.59066533580053 -0.5506297151801 0.56603849569685 0.56404043635541 0.5649472356522 0.56361956554253 0.56066429327754 0.56165366980536 0.5633001969657 0.56958948381946 0.56546019454613 0.57341052587757 0.56488926784156 0.58184107729117 -0.65076910952281 -0.47698301421597 -0.55284900417136 -0.57698359376457 -0.54084667073326 -0.53907798498647 -0.53356534092934 -0.57512526560214 -0.55563391787447 -0.57322953890212 -0.53714821851438 0.72624689015796 -0.55340224782277 -0.56138903796274 -0.55672761397677 -0.5620018583004 -0.55720123898121 0.54864777991998 0.5110088654098 0.50300825197446 0.53150469537397 0.52272943979607 0.51718747569506 0.51288278443382 0.50283626795003 0.5329202217354 0.54112558710484 0.54341750429554 0.54179919590887 0.53803456440304 0.54466927796055 0.54091784105327 0.54298848449588 0.53875598821805 0.53383150868933 0.54059121049165 0.53670114103162 0.54400958540635 0.50715260430128 0.5039291915058 0.50426743709782 0.50486632601944 0.50435990236958 0.50631632961373 0.50393514243932 0.50720164161502 0.58940021758805 -0.71270884728689 0.51763724329844 0.47057298835622 -0.49151333468664 0.60260795134109 0.58265293384934 0.56612000254689 0.62601555802708 0.61425339243062 -0.57774347287244 -0.60569600720031 -0.58741953878908 0.56308823458132 0.56404041178387 0.56247857163354 0.56071503960951 0.5630965998669 0.56222142394609 0.56140993960656 0.56138028964733 0.56400920116449 0.57631309310436 0.57870221684394 0.57342993483737 0.58728417720759 -0.57037328669695 -0.58713897044618 -0.65984330512515 -0.62576751309576 -0.53927361538364 -0.51522065773535 0.73482026244756 0.6929296600953 0.54950329769206 0.50774373974667 0.54635460107259 0.54456192747913 0.54686131349653 0.53403808371795 0.52994933761145 0.54248447572673 0.50437748506159 0.51099159957008 -0.74188405899759 -0.5717616050689 0.66405135787775 0.64229832646263 0.63645401915585 0.61213230364153 0.62192125688051 -0.59819198782178 -0.58365655854347 0.56298255981265 0.565017146204 0.56643543825343 0.56239140152687 0.56079244087171 0.55977879930332 0.56921973664159 0.56633963379226 0.56586607027858 0.56795181315422 0.5769929289488 0.57864894233378 0.58367664534282 -0.71516163768103 -0.68052480050868 -0.5931191892209 -0.6083068028974 -0.61285819415591 -0.66834225681903 -0.65494535154487 -0.65957284421966 -0.70420795655142 0.71468060653134 0.73737589531443 0.66309151084096 0.55435513793981 0.51166072467369 0.50762496796008 0.51238865671611 0.50398319999454 0.54582172917961 0.54813738227443 0.54736616839518 0.54711626182867 0.54551888049759 0.54652976975828 0.52652743576481 0.53074268517103 0.50401245336052 0.50465674127063 -0.53717743342694 -0.50122263429449 0.51842479316079 0.58676887113104 0.57833981022262 0.64208789261996 0.65918261739074 0.63028127942239 0.62524513196617 0.61755858719567 0.61063896459617 0.61956116686391 -0.59765717164993 -0.60317936276933 -0.60275209274098 -0.61563016687403 -0.60542279038351 -0.61673315887314 -0.59770850004919 0.56685214078147 0.56319774431076 0.56085311405545 0.55988318285164 0.57045016969144 0.57502553825915 0.5819878049282 -0.63132429074571 -0.59367760528536 -0.58877215741535 -0.60590201717687 -0.63275658075536 -0.58268806470235 -0.61022398483893 -0.63384203152605 0.55153021477903 0.50299766110657 0.51991002009564 0.53136954854104 0.53450838658234 0.65365700494894 0.67277495426555 0.63574599688199 0.69099962951958 0.61577371692127 0.60587871742535 0.59703244771539 0.60434792001479 0.60941008091569 0.56098384266714 0.58128147190523 0.58779999056907 0.5777331346858 -0.66205760844321 0.54996913573945 0.551513961521 0.55402897587119 0.5229159231509 0.65721420694966 0.5781359155437 -0.64033192347155 -0.67032400079472 -0.69306292350471 -0.67898473337928 0.51863110040753 0.52571573989226 0.51899048693087 0.51173856413657 0.52162809627597 0.52613873512373 0.54504235492017 0.50575282207796 0.56588657834683 0.5595912370674 0.56075939257822 0.56073428032993 0.56014428413577 0.55966043682557 0.55866836992585 0.55923494329491 0.5594294787842 0.55885757869772 0.55993946919597 0.55850895390376 0.55905444634033 0.55842428915522 0.55916723862439 0.55859700369953 0.55778452293616 0.55839923305025 0.56224101588892 0.58477769613305 0.56057314083055 -0.65090747782453 -0.63767489621678 -0.62927578855941 -0.62294153957387 -0.62639791745289 -0.56805898107608 -0.57215229254514 -0.56297460915789 -0.56092254551348 -0.55876301956737 -0.55514778339909 -0.55813527383678 0.55594089966322 0.553967195294 -0.61664518664604 -0.61333108954314 -0.58076023549468 0.50463339308256 0.50740441414438 0.50892179956745 0.51397387816199 -0.66247924307635 -0.63155118137939 0.58242904510202 0.59422509630929 0.59437262187713 0.5885440439899 0.50511155653709 0.50604874705255 0.50520121176179 0.51186421334205 0.60944877928178 -0.56949312943339 -0.58127079762322 -0.50236721640807 -0.568568374347 -0.57468933829679 -0.57375424040243 -0.57646017748693 -0.58514713914522 -0.56744140219789 -0.58633529681571 -0.5581824583765 0.53693705818468 0.59080904226967 0.50266520250351 0.58920599657519 0.59207630453114 0.54955197498134 0.54951419777317 0.54808834870063 0.68976397289247 0.67148752288467 0.62037350786954 -0.61228901336562 0.51405383243408 -0.55813638751231 0.5861988578685 0.55311913311318 0.55540433603553 0.55652200971604 0.55628127041504 0.55746743256553 0.55792010446452 0.55358454938224 0.55521218629637 0.52346687728044 0.52754746397341 0.5318934818832 0.55992691060215 0.55745230176155 -0.63796780920279 -0.62795362263914 -0.62454173208631 -0.62101825888736 -0.6283018363142 -0.6115572630982 -0.61744838093316 -0.60990167180379 -0.59730254749584 -0.61676912293604 -0.60072621849423 -0.60322343738451 -0.59213849585165 -0.55261803079345 -0.55118274713509 0.55274907501739 0.55131728256903 0.55151755906762 0.50599378035409 0.51543321489813 0.58601101190335 0.58325543979593 -0.57578019759676 -0.5690926545576 -0.57101354317462 -0.58406411234714 -0.58696833019894 -0.5646259654885 -0.57913244739609 -0.57444101481375 -0.567284254527 0.53574015924631 0.53960403108022 0.54023917447402 0.50330097754261 0.50313065330082 0.50277252404175 0.50267344421988 0.50265164851496 0.50355482300048 0.50311642967121 0.58976763846296 0.59570193672671 0.54829168169641 0.54989159693994 0.65662333268211 0.51034983271328 0.51704774164365 0.51461071835342 0.51962014675477 0.52117179209956 0.51493819535049 0.52301572044318 0.51891935133624 0.53384064945345 0.53520430727951 0.52893468273784 0.52716700203293 0.55825659256605 0.55708722776273 0.55651849923305 0.55709943847065 0.5574354002297 0.55554361150219 0.55557317134415 0.55662054000114 -0.60678732479779 -0.58980382029656 -0.58598403507952 -0.5957363099346 0.55252966739821 0.55371018192474 0.55386088095358 0.55552966335708 0.55269253638407 0.55569027384623 0.50260369793132 0.50256669913337 0.5025950365621 0.55773673296958 0.55827079469216 0.5581077238158 -0.59268591003945 -0.55281969695346 -0.55433961152646 0.54412475522032 0.54366773560561 0.54291527676421 0.58558613032239 0.58343421349087 0.58394946971368 0.5218626995969 0.51972315346471 0.52073896510483 0.58673794669205 0.58804533479432 0.58518901310773 0.54029259926885 0.5392178111317 0.54134132094795 0.50668213896372 0.50615365488433 0.50517670107238 0.54209980149628 -0.56482084576775 -0.56653551851118 -0.56945622631487 0.55333318316197 0.55408160602778 0.55357281476394 0.72136393904013 0.71400505408045 0.70056101440137 0.55183650397604 0.55188526680533 0.55090559236416 0.56992710566361 0.56908824418806 0.56978726028557 -0.57109358004687 -0.56957711920649 -0.56855859110539 0.554454559551 0.55480041224395 0.55714220877817 0.55663919740992 0.5568928765265 0.61498840523929 0.60359175353375 0.61550447760469 0.58264520160324 0.58205183349543 0.58131165522975 0.53560073158992 0.53426052556747 0.53709996383835 0.5032652439815 0.5035416126104 0.50381543568841 -0.67670978982528 -0.676756350265 -0.6862209974463 0.50411689005433 0.50467765764887 0.61810436120291 0.61469060086202 0.61382876527385 0.60716682723124 0.6053514965726 0.60378725649355 0.50288134527492 0.50280105544799 0.50298238053661 0.51423513242143 0.51411760243517 0.51539190710287 0.54446475474669 0.5453001168816 0.54578314495204 0.52534688553438 0.52338800538133 0.5244509736467 -0.5667678833104 -0.56955990136022 -0.57081453106177 -0.55258583266224 -0.55233821850292 -0.55348634594587 -0.66972251117029 -0.68150589985483 -0.67225159725332 0.53045050198091 0.52956096659239 0.53197709724937 0.52194013009898 0.52147893165752 0.51726281845385 0.51832727322149 0.51581531350781 0.72696665838532 0.73084136061933 0.74218532270579 0.58429522786703 0.58152380701058 0.58328417452886 0.50563164198152 0.50642402497212 0.50486319326452 0.5425419295297 0.54390714503273 -0.75057937609386 -0.75747866396841 -0.7313891737523 0.56567160775261 0.56561720783458 0.56545082342147 0.58909313989725 0.58603050740867 0.5878680816905 0.56521826427949 0.56531484078468 0.55929539061453 0.55904749419443 0.5592929727727 0.56668205445424 0.56626344981555 0.56647653741376 0.5647426858143 0.56487198359255 0.56501640007596 -0.56117937884014 -0.5633577771971 -0.56328013061314 0.55289774873765 0.55223520929889 0.55206688132454 0.57565902737668 0.57560108631509 0.57485918867427 -0.62289276526287 -0.62052574088946 -0.61896320644056 0.55672405244431 0.55571153439018 0.55550012136734 0.52791335935239 0.52741876749549 0.52643432193506 0.59153380576599 0.58974652441029 0.58965357755347 0.56483771738258 0.56513342579331 0.56507903951477 0.56723213905116 0.56753361613404 0.56784336301436 0.57776187306418 0.57852022177533 0.57555462852321 0.71442549400361 0.73868270373142 0.71498831833251 0.56572031419689 0.56547003145621 0.56096625962875 0.56205013211295 0.56167003935265 0.51926219991749 0.51868112233298 0.55919879180746 0.55894445470927 0.55907508041138 0.57870616726453 0.57738655499208 0.57770446661744 0.23873064835339 -0.40452018044808 -0.44536458706533 0.55485919857285 0.55419519112277 0.55503222979122 0.55974173960245 0.55947715112027 0.55960861214267 -0.55545473126187 -0.55570597215832 0.5618215975643 0.56223377875096 0.561880247198 0.56574587469753 0.56598209538538 0.55735724317882 0.55678122028794 0.55745144045985 0.69422460642246 0.68746289110461 0.67983368993974 0.56122129842686 0.56107910163695 0.56144279417168 0.56267033316256 0.56246472934866 0.56294185242712 0.56347003356297 0.5640150161104 0.56464401437818 -0.55003157095281 -0.55045792285124 -0.55027875373405 0.54789227729371 0.54774612997148 0.54678854447669 0.55925145932294 0.55953065556579 0.55774272037282 -0.69531673518097 -0.69175698456792 -0.70515866231825 0.57462193714201 0.57665102838243 0.57600336758562 0.57324782395952 0.57242862089775 0.57274053796028 0.52953100469191 0.5314429654973 0.53079508950996 0.51942594081025 0.52136105820833 -0.46208142864792 -0.47968030457037 0.52797545971149 0.52722266750553 0.52820484300504 0.52860124433546 0.53691852531361 0.53440153444612 0.56061766723107 0.56042078174109 0.56029388244956 0.51838864948666 0.51719196874953 0.51674342834069 0.56758450824775 0.56822393641922 0.5682614429123 0.53190848328188 0.533274270203 0.53258117811409 0.53707531173278 0.53661837615092 0.53722985682273 0.53571976936929 0.53540538557056 0.53422371620057 0.55016204613054 0.5498431702926 0.5490711902325 0.57968190166733 0.57875185666033 0.57954540613713 0.5684700737355 0.56877287852839 0.5679655705293 0.54099074158967 0.53871081368129 0.53910995626956 0.53029231749893 0.52958738110006 -0.53384454148485 -0.52762142949132 -0.52878344194918 0.55075963329113 0.55140578036756 0.51053462525504 0.51023365051974 0.51109735172926 0.56368118568939 0.56327411583505 0.56269423173168 0.58909485750596 0.58785048631014 0.59047350483122 0.50394933160706 0.50417149116383 0.5042164174968 0.51259419468422 0.51395343872847 0.57257898012761 0.57157071713506 0.57218026004037 0.50512739679147 0.5051263486487 0.50513255715329 0.56335989122306 0.56316300361978 0.51110500137139 0.51224442939379 0.51171880259705 0.57298030957198 0.57343383611802 0.51451986519682 0.51343304908785 0.50256327860477 0.50255828257197 0.50255999813498 0.50287346328838 0.50316070699349 0.50321489135976 -0.58896796005408 -0.58657380326209 -0.58731110457573 0.5103374517719 0.50990243279648 0.50944937947914 0.52265215012247 0.52217077802937 0.54111760048984 0.54163028517002 0.54034103732215 -0.55086230142247 -0.55107081469881 -0.55051045937628 0.54351359270668 0.54361394461758 0.54260881834491 0.53972408304025 0.53925899980334 0.5384562730146 0.57948843857602 0.57875774181991 0.56243741692285 0.56300514851422 0.56032951971672 0.55966768288419 0.55986021955837 0.54790156503157 0.54752130047349 0.54833078680173 0.53818633229733 0.53766165202494 0.50872334373281 0.50993838070147 0.51129842885284 0.56903947715349 0.57009903588504 0.57143941059848 0.56016224301958 0.56002393378073 0.58830701274224 0.58738638337156 0.58932330787626 0.58768983559642 0.58652580156857 0.58556459777515 0.58373555289191 0.50265985939951 0.50261215722657 0.50263537963998 0.59351208261643 0.59227201844081 0.5923844653002 -0.66062096478736 -0.64943993198721 -0.65895442942857 0.57220354188976 0.5709784954566 0.57475224601505 0.56995158804887 0.56942225766639 0.57021953771663 -0.55724765582398 -0.55523912058525 0.57096769722278 0.57145339638047 0.57053706252417 0.54650253091781 0.54705523391394 -0.58934973480592 -0.58789908446028 -0.58888559972699 0.54267181659711 0.54179998104729 0.54143290625749 0.55136364917362 0.55046305065048 0.55037873730498 0.54434848884655 0.54551726102558 0.5027755007073 0.50275607010747 0.50269526085265 0.54411754726044 0.54375173183086 0.55463445372173 0.55524762544766 0.55418898936267 0.55376728127389 0.58357241670636 0.5842011042305 0.54964081206782 0.54920320944538 0.5499636454122 0.55223756976751 0.55258370981679 0.55176061994652 0.55359113418246 0.55329018124702 0.48744098082566 0.51033126383193 0.50118695445957 0.53944164303907 0.53953749075818 0.56515304260263 0.55137757366436 0.55106185844973 0.56169935656431 0.56181512844907 0.5607544123982 0.56129554377837 0.5614726817228 0.56163744066439 0.56260241507535 0.55838934019962 0.55849167864218 0.55804500590051 0.59836446358211 0.60113959127382 0.59979133398507 0.56093621304603 0.56077634889788 0.57429520495159 0.57400712816503 0.58186110012793 0.5842232130169 0.58440019887841 0.52358753524161 0.5260001643939 0.525618499113 0.58181547960006 0.58035443328149 0.58075869749608 0.45135118078038 0.48030610855971 0.46545470391533 0.52834400360152 0.54057225637804 0.5388817327415 -0.43482623370065 0.39366075250628 -0.45797815606638 0.50099816219984 0.51661706158507 0.50121297187113 0.5527422236608 0.55354978873803 -0.54287470046549 -0.53998446111385 -0.54171098784057 0.50825715268336 0.51036483900368 0.50808969153854 -0.54902119614803 -0.54989157764405 -0.55290690749872 0.80953319151679 0.84105442722059 0.82657722313794 -0.55716831256313 -0.55783247353498 -0.54310182331563 -0.54603207189391 -0.54242512283605 0.54656205416888 0.54731256652252 0.54791530079148 0.53763217165612 0.5386924681823 0.53871537241102 0.55904471538921 0.55924124385046 0.55943521694179 0.46240645701678 0.43906172301161 0.57775552579487 0.57801149172619 0.52883110073656 -0.55871708038868 -0.55885450400435 -0.56092131278621 0.57807180757913 0.57609665405611 0.57529611281626 0.58219303786357 0.5829660313128 0.58196732334 0.58042095240139 0.58136478980646 0.58154917502673 0.58426767098363 0.58232205699415 0.57427228478323 0.57485149826717 0.62337249119576 0.62502597394735 0.6312914040703 0.53277268078781 0.53390776771507 0.53367749349601 0.55880772646745 0.5587165731388 0.52622279165971 0.52665995407259 0.52761238970861 0.55902378802393 0.55434972974885 0.55121180998891 0.58196932717015 0.54116715605652 0.55068665336358 0.58233432619399 0.58208534621305 0.57605631372531 0.57661357638349 0.56603010775068 0.56555228590579 -0.55946848395596 -0.56199778445057 -0.58243185232096 -0.57921919627522 -0.58252475806364 -0.55352677021107 -0.552928515069 -0.55419784308105 -0.56979715344611 -0.5686399986888 -0.56684304713894 -0.55658158615607 -0.55566808289081 -0.55744252121124 0.56400567298643 0.56453714895081 0.56454008532831 0.58257646406743 0.58191022018711 -0.55936780127248 -0.56171829665674 -0.56053409983474 -0.54957769691758 -0.54941118212525 -0.54953235522295 -0.58326644957242 -0.58106036905026 -0.58046968052932 -0.56279751529509 -0.56188698047196 -0.56211849032223 -0.83706463990213 -0.81702794728294 -0.81940600582899 0.81952770859377 0.84743519430513 0.83345305450974 -0.58365341138601 -0.58505165221085 -0.55953299871481 -0.54934708650959 -0.54929706153403 -0.54928459266794 -0.54928489737805 -0.5492104488051 -0.81236840581518 -0.79678925901799 -0.81619340907764 -0.67619210285941 -0.62739129781399 -0.68337500300045 -0.55182965115537 -0.55148073530918 -0.58196343949826 -0.58116755856725 -0.58347686398523 0.56658556645336 0.56702021713117 0.56714918273649 0.55628255505013 0.55607984416878 0.53316314125081 -0.57691396216953 -0.57551280278956 -0.57076880183974 -0.57560023928127 -0.58730532340015 -0.58805892590997 -0.58718417231702 0.52470732913677 0.52422485729314 0.52563831398437 -0.56329752476875 -0.56420223085279 -0.75408480943239 -0.75938095186688 -0.74959065007266 0.74295165666704 0.73002295196081 0.73703236673818 0.5554766020819 0.5557740977518 -0.57535604710634 -0.57818004063704 -0.57673155174333 -0.59024819490729 -0.59264317231648 -0.59132172255438 -0.56961637898195 -0.57249572431645 -0.57099732772285 0.52135535338765 0.55913408584898 0.55848858017943 -0.59136800968762 -0.59468054176794 -0.59381917977912 -0.64035738163298 -0.63744514712444 -0.62963826410073 0.54881444064468 -0.56674788354009 0.5642766297948 0.56464544607211 0.56441220054262 0.72078943280207 0.75388354197052 0.73786513368674 0.7209863918373 0.71148331969335 0.50988332641403 0.50918215923861 0.50918070784649 -0.7221865220101 -0.72048225962572 -0.71161239822161 0.76301101536505 0.75492891185457 0.761105373241 0.7511758270104 0.77910068417891 0.75571920973362 0.57989050798337 -0.79519142574587 -0.81455943774861 -0.80196878389227 0.55699932741437 0.56404202402992 0.77083793516416 0.78645354067402 0.79368895264115 0.75299122843827 0.76310203294542 0.5652719490809 0.56487198280877 0.5088289296588 0.50824659116451 0.50779162204105 0.78420558197332 0.78450468173437 0.61465698623837 0.61455766941526 0.6213090856584 -0.55008303768584 -0.54979804282712 -0.54999690682023 -0.54978536795683 -0.55013488576054 -0.55007397812578 0.60203423702985 -0.69341279959688 -0.69090908531878 -0.68279682081094 0.59143568817207 0.59060798640546 0.59546776360959 0.59501409388858 0.54906079888216 0.54973913031304 0.54930842224227 -0.77398676610405 -0.80636334806995 0.60956245832443 0.61319655384753 0.66981716568786 0.67319726714141 0.74577665916966 0.7299397443234 0.63544031886212 0.63620801470761 0.64198762781092 0.69571290175973 0.53788289111297 0.53839739858436 0.56932156008748 0.5685620422287 0.56896410970679 -0.55029834375546 0.51486400494842 0.51584605766238 0.55985179318531 0.56002147591823 0.5597688359022 0.58343141913439 0.58219662499527 0.58153702328272 -0.5743973400065 -0.57501989615116 -0.57769623803429 0.7000014883485 0.5985083557329 0.59605159395508 0.59040634563298 -0.58881571555325 0.54881494992788 0.54884397834944 0.54950914836428 -0.60270151858342 -0.6075655146207 -0.60270197198457 -0.61862806479971 -0.62017077002663 -0.61750042024302 0.52733613961465 0.52861605637523 0.57690006848449 0.57584393666577 -0.58537603407024 -0.58474702877209 -0.58187103324683 0.5277808862525 0.53009207930639 0.52982400120544 -0.57669682098568 -0.57744928395715 -0.57530395824401 -0.56795402425399 -0.5645543809042 -0.56418800015168 -0.58123418199293 -0.57864158408644 0.56555973821537 0.56482029227834 0.51918505317785 0.52000570661635 0.51792685600011 0.55620437488647 -0.60017815971521 -0.59530807065323 -0.5980272832397 -0.60489520183569 -0.60119643348621 0.64001565330905 0.63533210798951 0.6429003814563 0.55881090437268 0.55842604571737 -0.54947651793658 -0.55503215287651 -0.55252064832904 -0.82503388716183 -0.8098942728769 -0.87990001781244 -0.78666666558772 0.63333042209358 -0.58269140122657 -0.58401318891117 0.55781616212334 0.5581398817461 -0.8538225099 -0.89050294009832 0.58643748452263 0.58595734419246 0.58414896980345 -0.71705756315391 -0.70564134901431 -0.71726040524857 -0.80554822273695 -0.58924177552837 -0.59067852153113 -0.58747671027074 -0.6328714440073 -0.6368642993595 -0.62825375033017 -0.89318134495599 -0.76315481204423 -0.76763512987131 -0.58896172652997 -0.58566808903547 -0.5871342485858 -0.53412458466105 -0.52943022336903 -0.53119087011398 -0.64935878743765 -0.65354212890951 -0.65650126024802 -0.6896862546564 -0.68646062117454 0.66923824562136 0.6837073640122 -0.67380211463115 -0.67752238207951 -0.57337471954649 -0.57376430067371 -0.60415257671577 -0.60546055695915 -0.5986160449728 0.53845473688428 0.57398432153116 0.57501522306341 0.57421415692663 0.53251406545774 0.5495279170213 0.55042083169601 0.58335010921869 0.57920734137834 0.58487278938559 0.55845209711384 0.5588897021167 0.56788537295649 0.56840019994172 0.55734943393326 0.5575236181445 0.55788292382967 0.55968928330248 0.5658686872332 0.56573648288636 0.5717403116913 0.56928092581217 0.54097109024153 0.54182612418523 0.54730169605163 0.54667028509212 0.54745523833376 0.5997505415002 0.60268649581608 0.6081863751461 0.60752644573993 0.61088296632511 0.51578514376003 0.52260034632979 0.53061435274885 0.52889822450181 -0.48892427522115 -0.49698413251227 0.53062315900657 0.57408488377458 0.57959825207305 0.57557979723697 0.5680055966616 0.57089208076944 0.57546103254923 0.58135108623191 0.5810505141848 0.5804823176874 -0.57136501106179 -0.57553775048385 -0.57203766897268 -0.56146861862615 -0.55774469512591 -0.56091079030423 -0.59241982450095 -0.57804846611902 -0.61133694814417 -0.60802362340957 -0.60371586718536 -0.60736654754396 -0.6106532439355 -0.56687169224745 -0.57231567202821 -0.57623119609893 -0.56657266361658 -0.56760371059576 -0.56497620918023 -0.56461546795786 -0.56261612948473 -0.54918120493179 -0.54918079827404 -0.54921200490059 -0.5491808691638 -0.54915139559041 -0.60729381447252 -0.60517237638934 -0.60922259899022 -0.58808267466547 -0.58778923977186 -0.58763454623564 -0.59234152243711 -0.70935640512881 -0.71325263865803 -0.66998482945435 -0.65512961438084 -0.65750082260681 -0.66460895015316 -0.62117538158842 -0.61716245989399 -0.62307276370684 -0.56863820751228 -0.56002755921962 0.6664388839539 0.65815460838248 0.69398648534026 0.64973340470685 0.64805921103983 0.64994789707169 0.68683199809979 0.70157272773293 -0.78382367169818 -0.79148398254454 -0.78610531543672 -0.72721092810948 -0.7413882950271 -0.74011185396032 0.55842653792611 0.55852113041284 0.55914476293471 0.55956886403686 0.55603880881288 0.55555773175989 0.54605006711564 0.54800902441474 0.54882532636078 0.55283555811708 0.55405766634627 0.55524802445269 0.54115722750479 0.54100836385157 0.53773701068465 0.53842402210476 0.53596798176652 0.62320796530429 0.62890708389743 0.63266237602755 0.56155824222912 0.56278577284087 0.56405328664615 0.56356714362982 0.56309914056045 0.56360679360711 0.57950794565563 0.58070743591528 0.58434028548691 0.58248199165693 0.5801326961705 0.58019875708512 -0.60786177300358 -0.59580573918224 -0.59148135955732 -0.54954120491682 -0.54961556002212 -0.55150967608372 -0.55306118153471 -0.55259545531305 -0.54913532984338 -0.54915242661187 -0.54913487565251 -0.58890051934729 -0.58678820706409 -0.59337634493383 -0.5960999521855 -0.58335966291814 -0.58505173354612 -0.5886602018234 -0.66737595654051 -0.64259132636909 -0.63187795225878 -0.5799952136443 -0.5907015141645 -0.58502168593544 -0.5934676342157 -0.77133471623112 -0.78822826781854 -0.78326959073998 -0.50853129748971 -0.51550544697471 -0.50010261335669 0.54545906410828 0.54435581719898 0.54713306368428 0.54760104811068 0.54816302148702 0.55350128635862 0.5549456850372 0.55633563370999 0.55803381174414 0.55747579317494 0.55697183154217 0.62216425675757 0.58971101279083 0.59113557459911 0.59190951571608 0.66012373670699 0.65040030320402 0.65023980000152 0.56094723538313 0.55967738773702 0.56312107388004 0.56412014456686 0.56387975280761 0.56682366963569 0.56682807411785 0.56750531805571 0.57665071494976 0.57860644808781 0.57920440122773 0.578865364441 0.57844913873238 0.583427892327 0.60555507500705 0.60257741304739 -0.60938764085601 -0.59966592781773 -0.58935548045895 -0.59036385838027 -0.5937555353996 -0.5496935114882 -0.55037219432618 -0.5509509588647 -0.58581995609387 -0.58525315940855 -0.58548121667134 -0.58750982412202 -0.67153719212724 -0.65771011989822 -0.63129718639286 -0.62706299798719 -0.62385950403469 -0.56444103885407 -0.54000596573579 -0.53774914916431 0.57333487346581 0.57143128952152 0.57074844232378 0.57007317660992 0.58194397922998 0.58047346259435 0.5800413006399 0.58241087910477 -0.54954770981787 -0.54976202271334 -0.55152962273553 -0.55239562580054 0.57992565852419 0.58322485455662 0.58412677886299 0.58012969004592 -0.54967396754055 -0.54951443337815 -0.54951713626231 -0.55000530825387 -0.55014504073126 -0.55050775363877 -0.55060300612866 -0.5870945047828 -0.59097714182449 -0.58811234238802 0.58579591552674 0.60826774232097 0.60523288926881 0.60742326294105 -0.5493896607817 -0.54993234709788 -0.5510088066785 -0.55342303307864 -0.5549754497064 -0.55475171475042 0.59129805628094 0.59353006487163 0.58477153534957 0.58419603022759 0.58615146333475 0.58857326594043 0.58848416300285 -0.54930597522878 -0.54927610177513 -0.54938210091255 -0.55067673412856 -0.55064477167559 -0.5502717727204 -0.55308901852256 -0.55223284018375 -0.55369458678743 -0.54917508589848 -0.54918474887666 -0.5500016320652 -0.5499847232005 -0.5496772394267 -0.55230389001313 -0.55208162121226 -0.55094024970228 -0.55258654022057 -0.5500287339512 -0.54935702542561 -0.54938318058679 -0.54931676594546 -0.55351118834883 -0.55265353267508 -0.55350594816231 -0.55116968138131 -0.54957256166965 -0.54952959157796 -0.55027833939466 -0.5505653929552 -0.56732593930596 -0.56438201925247 -0.55045549890279 0.5041808333432 0.50435095276138 0.55183651424863 0.55214917444786 0.55130314342163 0.55034453174033 0.55002261946209 0.50258615270585 0.50257261285118 0.50257843805429 0.50877385113731 0.50680956332569 0.50836851906932 0.51809882008757 0.51856396853932 0.51660997758895 0.52556648701947 0.52419334458329 0.52372007441523 0.57378815602213 0.57528067235017 0.58529219619557 -0.53407596095223 -0.54021863941536 -0.53256192576786 0.66408021151774 0.67408557371562 0.66979296366521 0.82024277728173 -0.74120823178251 -0.75432717796626 -0.76320726124216 -0.72151234313156 -0.74505709023609 -0.76545393835839 -0.76535792766093 -0.77242229671897 0.50331002173844 0.50377543123799 0.59009847506018 0.59118319381984 0.56544868928142 0.56553024469235 0.56595346524162 0.53133842090938 0.53155427625766 0.52993027309342 0.53400124485121 0.53289368479133 0.53411957720717 0.53503767277658 0.53721189687884 0.52625288191283 0.52574564698991 0.52650560719592 0.53995986070808 0.53942228192915 0.54349176746947 0.54326382577674 0.54240802325222 0.5069756999877 0.50658150763936 0.50637031932981 0.50418342590311 0.50631280182393 0.50495316038964 0.58494503473272 0.59222224538529 0.59193393104853 0.59319199664518 0.5963501785633 0.59617034115945 0.58703823791561 -0.55709451648331 -0.55884403323641 -0.56144030174288 -0.55881445137272 -0.75918653764378 -0.77340520051469 -0.76990774395675 -0.78171074058735 -0.78994177242168 0.57694385773409 0.57468264079029 0.57945635015608 0.58013293674109 0.59584671575253 0.58146848278764 0.58049373719475 0.57865349778551 0.59165321934532 0.59122178405907 0.59659032343705 0.48215385332567 0.55515184918629 0.54785079416685 -0.52265952992623 -0.51416103442885 -0.51799356815001 -0.48726743311005 0.53454639285368 0.54369724215628 0.55837674284251 0.55309478907221 0.56955547232174 0.57527326642825 0.58457805395074 0.58522397151057 0.58428446217074 0.58872320166174 0.58793417958448 0.58049273847862 0.59962418443615 0.5931199986647 0.56437713052793 0.57462550182593 0.69854124654222 0.69400894738735 0.71010349635621 0.57653128990488 0.61217783972512 0.61024253080477 0.6039312425948 0.61679683798388 0.60963749954444 0.62902554215651 0.62142657528112 0.62846049594562 0.59761610417452 0.6103951897746 0.60475125542734 -0.56548646671213 -0.56473012002496 -0.56432552870127 -0.57822266192192 -0.58044193617787 -0.5813098916968 -0.56435306814634 -0.56364487931605 -0.56156343825367 -0.57204165754593 -0.57158112622522 -0.57209288811779 -0.57507480976451 -0.56115279164797 -0.5605270029687 -0.5597003177377 -0.73152357031455 -0.73660564857407 -0.7252455519703 -0.71317813735826 -0.70346401532128 -0.69260750157971 -0.69786899415586 -0.74537581155961 -0.72797968762176 -0.70655437325402 -0.75319404244485 -0.59811436974184 -0.5928079665902 0.56752868801934 0.56694184655895 0.56999897793941 0.56952038790924 0.57606625229887 0.57781642572104 0.57647151428147 0.56636696722334 0.5671272681627 0.56674459205256 0.56596664550061 0.56613391648775 0.57479000435741 0.57626096419899 0.57429031842201 0.57716872771677 0.57588562806665 0.57769073072369 0.57832321075045 0.5781030827894 0.57891211146708 -0.59821113256658 -0.59466511814891 -0.60357205420367 -0.6095598021687 -0.53826559346978 -0.53731708202966 -0.49929952278799 0.55820729415125 0.557076613399 0.55753339132204 0.55128782404505 0.55201214122728 0.56013585151769 0.56005215595296 0.55848696933328 0.55803484492489 0.55972229773652 0.55950394139023 0.56183281101807 0.56181840490085 0.56221573595462 0.5574393422373 0.55754912342307 0.55920056423015 0.56033013272513 0.56263372134913 0.56195803010703 0.56285148811318 0.56834244843308 0.56821497110768 0.63541036354949 0.6288709552784 0.66958680263343 0.67616294160612 0.66285672000774 0.56510922063258 0.56578909268524 0.56699707848889 0.56628821671482 -0.61181207115162 -0.60235531014774 -0.61758793800599 -0.51653487560269 -0.51414233885824 -0.50624043121473 -0.5565755075159 -0.5557921286295 -0.55440623235972 -0.55954737124957 -0.57523890894626 -0.58060333852103 -0.57953094752207 -0.55714789614045 -0.55286124457801 -0.55476519189619 -0.56537803170102 -0.56247316786087 -0.56620982797883 0.59674206430448 0.59937208989277 0.59413520588802 0.60863534273061 0.6110395542989 0.60800822845538 0.5882861271794 -0.54913253057107 -0.54921687614585 -0.54925343367793 0.50502190419963 0.5049106834112 0.50509960260739 0.55236903365785 0.54992217176135 0.55297481102797 0.55335758172337 0.50260989162456 0.50258467096839 0.50260298757626 0.59001287061328 0.5890173510148 0.58823130643935 0.51700277430512 0.51639221890786 0.51574982700838 0.5189838314844 0.51757032979689 0.51385620953252 0.51315367220523 0.51440704773245 0.52116316388346 0.52109059381128 0.52013140661857 0.52679750819548 0.52653418055238 0.52731900949637 0.51257082583269 0.51177483426266 0.51273856850034 0.52383666993948 0.52401439332728 0.52240801926055 0.51908461021428 0.51648517903448 0.52858702567108 0.52834182265786 0.59139292110353 0.66803409691247 0.64757941106365 -0.70551750081715 -0.67041076109872 0.77975548816916 0.79716523131679 0.78779704486288 0.72961228018714 0.76086138089577 0.5028445900084 0.50293175338979 0.5027581306559 0.50267713869785 0.50264560479506 0.50275660960379 0.50272611363321 0.50263224369746 0.50256844103903 0.50257251487965 0.54455710573555 0.54347972744148 0.54388341627922 0.53578910818175 0.53633236442832 0.54060027840555 0.53644885582327 0.53638390081886 0.53532200521993 0.54902293826991 0.54790418481672 0.54155252948242 0.5417158257864 0.50510038768545 0.50518625842121 0.50513559767921 0.50757412468297 0.50808770288691 -0.77917997972825 -0.76636617119188 -0.68093627464095 -0.68674617696343 -0.66524467879914 -0.74859306060944 -0.80919279020365 0.56998074986372 0.57106033373559 0.57173076688613 0.57221479930976 0.57131007601088 0.57238046943706 0.57077126439538 0.5783805388855 0.57335281270362 0.58692245943533 0.57985136063952 0.57894103921776 0.58187968415787 0.57674977472443 0.57821760094601 0.51537401605209 0.5038881102441 0.6655259148778 0.60852541370271 0.61157604404189 0.59203609807426 0.59506389665691 0.59137465666686 0.60866361602369 0.58955531600814 0.61178917149278 0.68932088665095 0.6809981137522 0.60123438602371 0.59907853698435 0.60342998333599 0.59423260325517 0.59109751931453 0.5936178714658 -0.56741120657472 -0.56546686380049 -0.60927742120518 -0.61094880581418 -0.61524888627957 -0.5566570135097 -0.55814002189318 -0.65602948424832 -0.64621869946967 -0.65103513480388 -0.67232858567639 -0.61691417343891 -0.61296840481428 -0.62118857562198 -0.66185328823089 -0.67046349770556 -0.63568413437383 -0.64064935799092 -0.64639207751739 -0.64516177373126 -0.6548099131345 0.57169699695088 0.56936817137462 0.57236170627852 0.5707215097491 0.57289487163991 0.57266537882195 0.5711985435543 0.56789383902067 0.57331924852165 0.57462748508879 0.56842271771119 0.56884550694875 0.57043128820577 0.57469062586925 0.5729227442505 0.57386323218667 0.58036044926888 0.57789876873953 0.57940775216168 0.57422426962083 0.57526047011734 0.58032122322523 0.58063949391632 0.58268597371393 0.57109465429917 0.56996346759821 0.5681991198787 0.5686221333031 0.56882402615474 0.56364917101478 0.56252550490364 0.56368651461498 0.56791054841783 0.56556619935666 0.56640833594152 0.56767544517178 0.56757422212582 0.56757284268108 0.56689934003919 0.56713059921744 0.56746980102353 0.57150245448437 0.57506582207141 0.57298594169497 0.58016592315189 0.57905841964864 -0.60005800192838 -0.59480185628918 -0.59405586101383 -0.5912967997153 -0.59130956050786 -0.59451989443633 -0.61955141016544 -0.62871054212186 -0.62146555687869 -0.59379282052026 -0.71180846025488 -0.71665690015093 -0.69793161419614 -0.61677146015602 -0.61162628631708 -0.60569160148111 -0.61106969335997 -0.63839532072383 -0.63434739332856 -0.74170366665913 -0.74980927361787 -0.73228523022268 -0.57519541006696 -0.59843250527639 -0.58941415495746 -0.54558462501173 -0.53700065567673 -0.54043537578543 -0.5438447761607 -0.54917751391278 -0.55618008414598 0.6400370389982 0.65451699130901 0.65784470531443 0.65786228041049 0.64880274639797 0.70315712021117 0.65201863489895 0.6786994936468 0.66417237537255 0.63443162675303 0.63913542927137 0.63617646383609 0.63333866479614 0.6279374955297 0.63668329252559 0.62813050903829 0.6302179072113 0.64599514266492 0.61866897803793 0.61990940410582 0.61674768740908 0.6006392681711 0.59954123215932 0.60420974249126 0.63729903140597 0.63158398369392 0.6307792735017 0.64257329187338 0.6427849741002 0.62841044666056 0.62356514107965 0.627448780761 0.62639490170444 0.62406536671585 0.63524943415741 0.5666529816663 0.5668752309776 -0.55108953918475 -0.55509898879702 -0.55504425239579 -0.55698184064523 -0.57651204085089 -0.57333177456362 -0.57265196115068 -0.58037350044988 -0.57561667172811 -0.55979401023852 -0.56415900944203 -0.56834566215236 -0.56075196399166 -0.56435491585509 0.59072392161578 0.58891015107856 0.59242252703825 0.57727466291537 0.57749966567498 0.60007049631633 0.60111967591621 0.54930837371014 0.55016882938402 0.55042557457413 0.50505505833187 0.55235895067438 0.55294049019384 0.55648877192157 0.55583653737073 0.54455357294255 0.54362806122467 0.55355754226009 0.55030636868919 0.54911209278 0.54794016257817 0.547937551224 0.54047920846907 0.53961964774295 0.5402249991442 0.55149349131842 0.54676730527587 0.50259072613164 0.50262128075483 0.5026210950894 0.51229742785851 0.51314806767415 0.50266452363924 0.50281859559618 0.5028197449073 0.52140245755631 0.52256198903303 0.52401937950265 0.52315802785015 0.52454957516177 0.71186593014849 0.69933391117919 0.70574297578144 -0.67608148682231 -0.55947876240683 0.52054114466109 0.53268771742437 0.50031271049098 -0.56985335664869 -0.57820486527347 -0.57927599408108 0.52102681863132 0.52226655474782 0.52036824204728 0.51726692740409 0.51983825866183 0.51820506592035 0.50294607908879 0.50327174092892 0.50314414280215 0.51376216943694 0.5120341462079 0.51428651891786 0.50289258685837 0.50296317350624 0.50321521488954 0.50263307956025 0.50258911099827 0.5025708697301 0.52889004001507 0.5408658240479 0.53843529211246 0.5449308401151 0.54454909189937 0.54365694896415 0.50743816755951 0.50649579386657 0.5075046770822 0.50871435691421 0.51061079978043 -0.73398418862271 -0.74796199305788 -0.74009114162528 -0.5475129400207 -0.54710824741987 -0.55500734409914 -0.72813341551675 -0.75399418075886 -0.64665456456857 -0.64998619119316 -0.66197064765369 -0.75985171302976 -0.77123725019308 -0.77697590126716 -0.48280996404078 -0.49511336975729 -0.49138913009206 0.57739288748693 0.56355360457964 0.49264667985099 0.52479666322157 0.76776089496591 0.5956813219619 0.59714792131161 0.60733303911133 0.60950450061409 0.60402679662057 0.61725649024398 0.61946787696678 0.62300712848158 0.60619074974073 0.60274060049595 0.60581009127408 0.60327387174488 0.61021440896022 0.60917974567125 0.60725037632413 0.61458353475963 0.62058284320602 0.613328811668 0.61996165535256 0.62218976258144 0.61179948915317 0.61556830194122 0.6177244900975 0.59374092013716 0.59628700012323 0.60111945504681 0.59895086355922 -0.57166978673215 -0.57375730842594 -0.58693970834904 -0.58719313611477 -0.55074328753294 -0.55101079998131 -0.55245681545215 -0.55273315872944 -0.55173140523503 -0.61107272461289 -0.6057631057021 -0.64224638465441 -0.64548725732766 -0.64985931601339 0.56579288023 0.56497079583893 0.56449937467435 0.57885978457511 0.58277606473507 0.58495509209785 0.5851216338321 0.58859351437377 0.58757696786791 0.58691475320372 0.56611948641161 0.56631080056722 0.5666813004348 0.56736334544272 0.56710037976316 0.56166166454992 0.5609474976615 0.56044070259442 0.56603644636703 0.56590426139455 0.56517555481156 0.56516118977073 0.56402889216309 0.5660687118904 0.56443805380464 0.56119832776188 0.56204540006134 0.56144353770258 0.56183788525494 0.56137508445596 0.56274055417165 0.56315956009634 0.56265081855651 0.56627011726741 0.568317373338 0.56776440749232 0.56816214020834 0.56674813460878 0.56869821593097 0.56918682955999 0.56983856146467 0.57618274804836 0.57601109516903 0.57794621743745 0.59176361750562 -0.66617994768077 -0.66019473151964 -0.67881917529976 -0.66748615832457 -0.68160740285852 -0.54905637677247 -0.51863605082806 -0.52508851019904 -0.54736667408695 0.50021871497501 -0.41188262922825 0.43374614444579 -0.52321684370749 -0.56461808705592 0.62216129612247 0.59453774604472 0.5927702796552 0.64474531305215 -0.5558522002957 -0.5562331548196 -0.55117262917594 -0.55408730929432 0.58851961860417 0.58663062425515 0.58520115001634 0.60026474132296 0.59839400159238 0.59580538570095 0.59047534148166 0.59130727990548 0.60418136619418 0.59372067910433 0.60935969135892 0.61305571410991 0.59771015359124 0.60077265967324 0.54206737031086 0.54145814617789 0.54235801259818 0.54538833368002 0.54406043616553 0.54553580599541 0.54508101039607 0.54181535149552 0.53345417761599 0.53412534907984 0.53221933517067 0.54586446949099 0.54592436520865 0.54535791780837 0.54221274065933 0.54275161987274 0.51105835928825 0.51067551579528 0.51156551686127 0.50320708263855 0.5040132951453 0.52174473748956 0.52165840624862 0.52281329784231 0.52608803657729 0.52523897229073 0.5250755798446 0.52326562785836 0.5248392461913 0.52879254245891 0.5306648717781 0.52815333369514 0.52394078029475 0.52591276578991 0.53260591422039 0.53189571419375 0.52975393934431 0.53062590674004 0.52039879389693 0.52405825327121 0.51765783348562 0.52142419207366 0.51937903176898 0.5208895759156 0.5208596689909 0.51875558356521 0.51427054635666 0.51507993706097 0.51618231950379 0.51231441014483 0.51034789582597 0.50962122728104 0.71823815904618 0.72576831449808 0.71649308521184 0.70683071143436 0.57890202647787 -0.66412779877201 0.67954155490439 0.69151047533431 -0.6005588523991 0.65245627026185 -0.72188150833607 -0.73064004540339 -0.69668809074058 -0.67853074430439 -0.71770109383305 0.50375734793617 0.50398469395259 0.51389577573821 0.51561214637706 0.50773891683239 0.50583046919907 0.50575562888572 0.53650090884087 0.53740508365892 0.53133815172951 0.5368046158229 0.53646512156394 0.53904192466992 0.54280091957464 0.54232781133803 0.5067089315258 0.50451484001025 0.50451472872732 0.50652603049115 0.50609328871767 0.50593637763478 0.50574963639484 0.50671530860377 0.508987496086 0.50682453166205 -0.54799930320352 -0.53931416559544 -0.71967290330103 -0.72011287163406 -0.70184104182004 -0.73815691222233 -0.63705615072877 -0.62089105721475 -0.64221231607528 -0.56664283108559 -0.55364847767921 -0.56516667010036 0.54572940604772 0.54860827895026 0.59616935267752 -0.40830250284607 0.70994042406102 0.6913097635734 0.68748662886563 0.59362411436562 0.58274882522938 0.57542785376974 0.56350033636178 0.58624605894788 0.57158217205465 -0.49482240530871 0.45617688994016 0.74188435246532 0.72609782916058 0.5564272506958 0.60369429589377 0.62665758248028 0.61543008211146 0.68098950388602 0.6646462773412 0.67308889092327 0.60845663890849 0.61645487942003 0.6174809728832 0.59982464509554 0.61104314890683 0.61915564520378 0.61713306735731 0.61576146914704 -0.57246635455355 -0.57185815783929 -0.57516699537247 -0.58232289635529 -0.58491856411768 -0.59808713733929 -0.58962536143928 -0.5509073687003 -0.5511264363196 0.5671265276877 0.56609950581382 0.56679112906852 0.56448799276083 0.56400247316614 0.56356554785281 0.56228099475832 0.56509546676975 0.56277717706218 0.56228544807194 0.56031500052166 0.56042314345218 0.5600374320504 0.56043203157297 0.56072278078041 0.56337222676851 0.56409812639587 0.56072705769781 0.56262306176927 0.56596423188024 0.56512910875426 0.56493905331751 0.57008601877472 0.56430623376516 0.56561022804079 0.56558502950989 0.56489780125914 0.57139567284271 0.57107777737436 0.57336766333677 0.58238217627414 0.58069902881067 0.56428061116792 0.56414505515953 0.56445200448508 0.56362953907416 0.57740675004727 0.58384595058121 0.58531280832852 -0.67787597148059 -0.65043937826285 -0.64255234184144 -0.53862870854956 -0.52687009655796 -0.52881931819219 0.46023481383794 -0.56242729917372 -0.54725129962851 -0.68901521731936 -0.67089166264373 -0.7096733641803 -0.72387743520489 -0.53027269443562 -0.56558840075679 -0.5637625760061 -0.53203846665398 -0.72223616141139 -0.72792318307175 -0.53785138901274 -0.51785556510743 -0.52047223220938 -0.57562520888826 -0.56572131555119 -0.55808978906823 -0.54799948061788 -0.58387513093513 -0.58521892740039 -0.57825013205865 -0.57008147881206 -0.60710181051031 -0.59602858671363 -0.62561120847299 -0.508946836869 -0.50002096938797 0.63514542661669 0.63402646204412 0.62678886001893 0.66175087782308 0.67926896528734 0.67649410290868 -0.55567390760266 -0.55383594810458 -0.55957124159764 -0.56170990717747 -0.5590178853673 -0.5655113675332 -0.56806256382382 -0.56455589454923 -0.5584764250338 -0.55942025611613 -0.55966010521548 -0.55812433379902 -0.55701169841557 -0.57106864025433 -0.56304419412758 0.55267582665734 0.55279953573807 0.55144018753522 0.54575155444303 0.54556361541074 0.51250005657379 0.51202921568613 0.51421116883728 0.50292566703157 0.5028366443123 0.50810508815004 0.50912585684061 0.53268119133884 0.53296062885901 0.53106514693373 0.54156789926101 0.54169635934064 0.54072597480235 0.51181413064091 0.50634419273941 0.50943304200905 0.50466785728073 0.50322479790822 0.5405688285623 0.54277288213997 0.54136732002707 0.5422075448155 0.54264603113226 0.54699874986191 0.54740355078423 0.5485981317972 0.5398427393366 0.54031884509959 0.54397888850885 0.54384570684375 0.54319572284132 0.53278598091536 0.53469416072693 0.53638416958206 0.53598822302088 0.53838290626689 0.54487482471589 0.54591298907514 0.54447210657082 0.54461568247279 0.54578097772437 0.53951823561068 0.53931785801097 0.54372979066796 0.52901548585028 0.53073717097974 0.53196637627926 0.53392522021858 0.53734070792504 0.53415642091292 0.53541449265229 0.53477335351991 0.53636848008664 0.54631045072698 0.54295294991794 0.54323311483793 0.5052527068768 0.50479186728129 0.50567301940237 0.50596793875809 0.5027190885972 0.50295083359075 0.50435977848163 0.50391908796489 0.50445540744199 0.50330217046506 0.50359190659903 0.50334721845608 0.50256595441415 0.50258228711749 0.50258483411874 0.5048661035203 0.50506778240996 0.50541847224195 0.50511802762966 0.50454732130586 0.50527530366663 0.50568204932363 0.58839046984729 0.58684233520823 0.50413219035549 0.50383328560017 0.51099867844422 0.50256226787881 0.50255981138951 0.5035165997895 0.5036909960255 0.50334747034071 -0.71154893474722 -0.72591879655008 -0.60397756930342 -0.5994021823699 -0.58919236102916 -0.36684616459954 -0.48407770040066 -0.50534634060252 -0.56025836800485 -0.57639211515727 -0.55672356136131 -0.52641540843427 0.61459498257075 0.56852463100129 0.65117519133238 0.66264148341173 0.65357370705929 0.64603458303501 0.62359772442555 0.61245723779268 0.61306031967163 0.61014624635317 -0.57747855109219 -0.58208757670913 -0.60435064803924 -0.60163163653605 -0.60020844477463 -0.60639018479172 -0.61133437013171 -0.6074848941563 -0.58536924041314 -0.58358548166474 0.56357994037483 0.56257175206368 0.56318630043772 0.56384791423555 0.56414742211724 0.56385082221828 0.56370555994828 0.56517170232165 0.56026954810066 0.56023335968635 0.56073024539246 0.56074352948909 0.56109661997395 0.56105025855398 0.56220213443003 0.56183879186072 0.56107457627882 0.56101047557006 0.56105725075416 0.56140343854667 0.57598688743429 0.57642660201792 0.57868207586642 0.57272617209585 0.57451577628962 0.57506854864194 0.58391900801724 0.58451744167201 -0.57587145462042 -0.5837390470754 -0.57369605623833 -0.60740311718577 -0.59919095083192 -0.59876593542954 -0.58811949698756 -0.57952863297176 -0.70435761109756 -0.69939746776626 -0.61244552643288 -0.59803853769329 -0.59126882493365 -0.58348731030779 -0.69255597766796 -0.53166257210672 -0.51988027364317 0.71358250457095 0.69878282948007 0.73179411546116 0.7610646240174 0.67653455139139 0.67831305914419 0.64745160112461 0.65933351707288 0.64830507065333 0.55153306651105 0.55075443568919 0.55073463940316 0.54687328787432 0.54723655430118 0.54774549732485 0.50670477472254 0.50749420935961 0.50528509490962 0.54883068940209 0.54841845502325 0.54507991065192 0.54634630076258 0.54591129781641 0.54769824947406 0.54697231060896 0.54640688645527 0.54732101680401 0.52734136896562 0.52822668435869 0.50922382691826 -0.75548356963066 -0.67542634724644 -0.69276816629549 0.6065034810848 0.63377281347671 0.64388574633784 0.70965104950072 0.68820158499387 0.62873576961534 0.62400837404344 0.65053241111668 0.64326904997215 0.63645045903373 0.62572663691432 0.63957719159571 0.65009494621365 0.62194313163293 0.61338056187219 0.61170889866345 0.6218980452056 0.62088097964199 0.61790614867116 0.61675257005004 -0.60175597634641 -0.60185989948942 -0.60144092172413 0.56410448172583 0.56282721404619 0.56572973970514 0.56162199098552 0.56195355359071 0.56036018217215 0.56029806031287 0.56039100232819 0.56173364224886 0.56081158623136 0.55853264211516 0.55804675824165 0.55791432115905 0.57209771639563 0.56541068411834 0.5666506056587 0.56778544252681 0.56901636767351 0.57352594148333 0.57610322589297 0.57759243203203 0.57979096607606 0.57607202144453 0.58411743174186 0.58538947987177 -0.66179489369038 -0.68575158366784 -0.68475530636184 -0.64721695103516 -0.65134073242233 -0.59947644137433 -0.62031883373904 -0.66253936635215 -0.59730836324363 -0.59358586452467 -0.60169006876117 -0.63759667237928 -0.65179895206066 -0.65001369645065 -0.66349253764034 -0.64153234912033 -0.64771114516703 -0.69007396716481 -0.64625799107064 -0.70939341349316 -0.63626651425956 -0.62169823396118 -0.63064512567537 -0.6197733556623 -0.62254473929388 0.76118542372999 0.73506874970184 0.71804301518191 0.70978334377088 0.53415846121869 0.62462068388442 0.66329695756114 0.55823484831415 0.55830833967201 0.55850671928957 0.55482817330677 0.5548673895599 0.55571678633792 0.50978621759788 0.51007753414617 0.50346220871391 0.50488829778259 0.50692566296959 0.51138169215022 0.51096602513676 0.5144670855487 0.50279043343116 0.50301791124364 0.50375613658455 0.50472054148265 0.54610488658765 0.54802333106593 0.5472341651507 0.5478918029956 0.54644677029363 0.54844148214144 0.54554910508542 0.52267399420525 0.52959823766125 0.53040595871661 0.52808029802504 0.52589959258765 0.52456736231156 0.52420704237263 0.53298295419354 0.53075767163066 0.50400567685393 0.50383062931118 0.50282799242281 0.50272182344887 0.50288245035188 0.50477554759987 0.50465837560095 -0.5501806253032 -0.58828003199765 0.58578909409752 0.60264472981205 0.53065845718371 0.56268954931378 0.59904674862901 -0.55965088168739 0.68080782749414 0.55650675068052 0.64414702644192 0.66065153738231 0.63181409868958 0.67809184887248 0.69373126794881 0.63105862087377 0.61089548646464 0.61386886923776 0.60829643010276 0.60697374818426 -0.59378274093328 -0.59928921559406 -0.59719485194603 -0.58065415400386 -0.58005593883531 -0.63153212379435 -0.62977521180751 -0.62483297291604 -0.60307233683841 -0.60649036328477 -0.61428648026866 -0.61718078378671 -0.61446365995976 -0.63731929323143 -0.64385490063148 -0.60894795420938 -0.61456027069193 -0.60597430055854 -0.60165366522556 -0.62183761453115 -0.62479312294353 -0.6183397035426 -0.62234909763324 -0.6276264808869 -0.59650846613105 0.56116335050859 0.56009378011196 0.55967930167357 0.55929436066755 0.55887661470405 0.55905463596308 0.55961413312879 0.55968039947426 0.55988398710961 0.57635136497097 0.58601521256467 0.58797030598766 0.59101708790345 0.5911265029116 -0.59565379217415 -0.61767661025493 -0.35371249101015 -0.61654574851693 -0.64790230678177 -0.63402666491117 -0.62783158955191 -0.65570601080825 -0.57971950495111 0.55048967688471 0.55376678583698 0.55269279574553 0.55264451976892 0.5035111160673 0.51225887953229 0.50902247539374 0.52634396496355 0.53372720259015 0.53559139596653 0.53632707725959 0.57023454717494 0.56747640081102 0.64483930941952 0.61902266391736 0.64172057158181 0.63774637114755 0.69251954684311 0.61516963667872 0.59988642908082 0.59259048090497 0.59371789858485 0.59422872607431 0.5982280853944 0.59442292499562 0.59949120789092 0.60057657464138 0.59596985353969 0.60376005919327 0.605809664722 0.56035356900232 0.57651543319292 0.58400498241645 0.58355249234809 0.58166838127077 0.59262218868216 0.58007092500533 -0.65974245560036 -0.69156104029083 0.54989708600177 0.55067483920788 0.55222304022351 0.55382123956574 0.55251991156604 0.55356315262559 0.55425778165695 0.55470789257276 0.55396884852244 0.55342493408002 0.55307211361308 0.52127921008884 0.52296757906772 0.57986575442182 -0.63122959506185 -0.62817837541496 -0.68953936663443 -0.6870809905507 -0.67048279749556 0.51726312822708 0.50962830323143 0.51030956874943 0.50821289515517 0.52148379891074 0.52441971147874 0.52538171421954 0.52551410112116 0.52734425830324 0.5155812184412 0.51875572195383 0.51533527987563 0.51338534259951 0.51703523652896 0.5128521797742 0.51152375446175 0.51636268830924 0.52015602476596 0.52831722123916 0.5283862697841 0.54596461113893 0.56615830151992 0.55994865570473 0.56043265405471 0.55989157156707 0.55969202024335 0.55894898693702 0.55931736141595 0.55977700367249 0.55926703046592 0.55889850629267 0.55885391932577 0.55727889586551 0.55769317343761 0.55749236887705 0.55957177307139 0.55874045357971 0.55984474505079 0.55951271015948 0.55861783674046 0.55816094550175 0.55839561499728 0.55882527791935 0.55873543298975 0.55817891572372 0.55753073045856 0.55768471680152 0.55716196949764 0.55740380924234 0.55676783996308 0.55895069979878 0.55863528875756 0.5564008370857 0.55686529799826 0.55698910874084 0.55837331924271 0.55871744608525 0.55786674654081 0.55743385206582 0.55782636431401 0.55575098361289 0.55532646716599 0.55844462624178 0.55809487076155 0.55784470567017 0.56206663217359 0.56227779826105 -0.63382578065167 -0.63772623812643 -0.62896011518785 -0.63296420786047 -0.64016994667803 -0.64251039499204 -0.6165413459263 -0.61367385559782 -0.61082594593131 -0.62051198581114 -0.61980079969337 -0.62174556918632 -0.56979632761944 -0.55652948505835 -0.55488671740349 -0.55660311555303 -0.55748718528567 -0.55859179689427 -0.56150085062438 -0.56004890703941 -0.55962570643695 -0.5520214589307 -0.55136102869634 -0.55550710140018 0.55388537592341 0.55646576350848 0.55335106327133 0.55335085178237 0.55697902406428 0.55700071898224 0.55656010700434 -0.60967863241605 -0.61509661408802 -0.63311548082691 -0.62641318877377 -0.63093822970829 -0.61896329235166 0.50747263290469 0.50963578000223 0.50462866983133 0.50603285540101 0.50594228808106 0.5092593568517 0.51695827050322 0.51471280360396 0.51230310614597 0.58096492280047 0.59647302769228 0.59253839535041 0.59276250807442 0.58719595471245 0.58918521239801 0.58793285786778 0.58471551982987 0.50560952140159 0.50516061633511 0.50569009909911 0.50541062591037 0.50564083364807 0.50550551378298 -0.57145030185691 -0.56777297851722 -0.56610509478423 -0.56908524323837 -0.58962134496961 -0.59157825768317 -0.58782523252234 -0.57785147854537 -0.57888940207133 -0.58744253193911 -0.58359119770976 -0.57267817676283 -0.57536335002238 -0.57697570432782 -0.581443109544 -0.5705250428101 -0.6026745530457 -0.59752784994203 -0.57635998477287 -0.57264143081252 -0.56746081504796 -0.57051078581974 -0.56458857749661 -0.58588405078295 -0.56080583657676 0.53887697124753 0.53290393212319 0.53128285606208 0.53358762058319 0.50375441787385 0.58689034781476 0.50377822616487 0.58871173176178 0.58951149611569 0.59100851240154 0.55204724890322 0.55119255652486 0.55131186074339 0.55046962284997 0.55054711870873 0.54872030386326 0.55046780265598 0.54804523421261 0.67773090108659 0.65662953458841 0.64947961017461 -0.61403293642979 0.51547667394844 0.51217820177355 0.51753168841684 0.55469684749317 0.55707544670577 0.55774218717255 0.5572591803738 0.55680256245045 0.55439959349146 0.55539460946455 0.55460423078553 0.55585326919705 0.55793983503043 0.55816311902794 0.55744339333949 0.55254272347092 0.55462391218217 0.55633207235113 0.55605508251916 0.55681086131001 0.51661360296637 0.51936683166751 0.51711690341204 0.52537170499153 0.5328606685104 0.52980866292805 0.52234010250371 0.52446450643381 0.53453159955753 0.52731642363603 0.52986998822812 0.55795837723458 0.55603825364535 -0.63458478297461 -0.63360134390222 -0.62022768844447 -0.62705580124541 -0.61665065615699 -0.6226795256338 -0.625071824707 -0.62558454646276 -0.60656810664885 -0.61174703388507 -0.62029359565719 -0.61276781451954 -0.60333511990539 -0.59777770455263 -0.59506431020288 -0.60023648601749 -0.58884241214237 -0.61562406578386 -0.59676513754143 -0.59927148305387 -0.59485793069515 -0.59765176146416 -0.60200273202516 -0.59944632387155 -0.59399945139755 -0.58964219481898 -0.58559660731225 -0.55174199060369 -0.55188312447969 -0.55471255585811 -0.55522035856122 0.54890722057837 0.54911525324816 0.54966684735712 0.55203344510723 0.55267185670931 0.55200349837133 0.55075800291926 0.55401046360554 0.55313950407852 0.51067526046968 0.58695394471081 0.5826026758423 -0.56815538716943 -0.57872402837387 -0.58267416136047 -0.56727475341691 -0.57012002135354 -0.56403906354917 -0.58235202357229 -0.58560578677146 -0.59137640756652 -0.58946983200297 -0.56435744638729 -0.5825404133908 -0.58556619102699 -0.58014905272389 -0.57794145613795 0.53393487969175 0.53771451812173 0.54146584232095 0.53827611335641 0.53993402566795 0.53862568101755 0.50364691626303 0.50359509467194 0.50311189501919 0.50294137513487 0.50306610972577 0.50263341106453 0.5026085884636 0.5026828573974 0.50266959528349 0.50263527591213 0.54926854396578 0.51351832336452 0.52022109131264 0.52214638022444 0.515755702813 0.51652238730475 0.51893936364251 0.52110504537837 0.5212753688984 0.52106251067056 0.5232187432062 0.52509388529248 0.53606335701369 0.5263658327994 0.55798256293548 0.55812737317309 0.5562853102897 0.55549327397966 0.55547652662368 0.55629190154966 0.55607444297461 0.55496780479083 0.55760500985063 0.55704645282347 0.5547171624548 0.55476159119592 0.55389166381308 0.55325472872988 0.5520260575148 0.55758285957486 0.55490864270829 -0.58378455506709 -0.59370412266412 0.55465621339517 0.55469449618529 0.55551825516669 0.5533766885266 0.55634442037524 0.55692764206476 0.55641223022022 0.55558347348804 0.50255977938539 0.50263906903883 0.50257557107189 0.50258024089379 0.50259799017344 0.55838003534969 0.55882793993171 0.55875891156284 -0.55403404293174 -0.55436250154096 
SCALARS mn-pot double 1
LOOKUP_TABLE default
0.42161556596544 0.42162284282071 0.42208135638767 0.42261760437746 0.42359761336955 0.42441942146823 0.42546505462007 0.42676037503723 0.42829650984545 0.42988860024752 0.43111382207792 0.43283115415985 0.4342789328976 0.43601779091267 0.43771040115016 0.43936507124068 0.44050045274828 0.44217435406874 0.44352153962051 0.44477374649633 0.44601895522836 0.44720366493311 0.44835523216617 0.44935836386962 0.45020770722368 0.45108209940834 0.45210227244869 0.4531501980916 0.45418810256836 0.4553688358595 0.45648299810658 0.45743081066646 0.4590113220096 0.46094380529633 0.46375442027338 0.46558806191833 0.46769063927026 0.46960781114361 0.47119366669239 0.47291199059826 0.47499350134322 0.47775558610423 0.48080651518403 0.48672448859032 0.49022971180332 0.49598242961841 0.50397459312319 0.5133941098692 0.5248463077661 0.54002341104034 0.55850848810739 0.58005241883585 0.60403221719955 0.62553106254802 0.64488216753319 0.66962312237225 0.69536267428011 0.72743998154823 0.77436854560058 0.9315700407231 -1 -0.75439932416875 -0.73978599590026 -0.70639494792432 -0.68237779484711 -0.66342786620118 -0.6384212977532 -0.61698347850141 -0.59902009522935 -0.57981598902864 -0.55897707217424 -0.53456346336868 -0.52405332876039 -0.51221815377048 -0.4993203382063 -0.49065032993036 -0.48284975769344 -0.47644129666328 -0.47030849066192 -0.4647091428685 -0.46074943210345 -0.44071139730936 -0.44074782325914 -0.44086161649702 -0.44121974510718 -0.44185522882003 -0.44305571808465 -0.44521353921982 -0.44876162550448 -0.4534683392637 -0.45938091493912 -0.46593099305421 -0.47261694957135 -0.47873602524132 -0.48304421585263 -0.4847062252762 -0.48264605243173 -0.47523884459707 -0.46050276918484 -0.43676807729965 -0.4001348407426 -0.24876207616366 0.3783454899113 0.39542536674501 0.4066807085544 0.42072797743616 0.43390395143031 0.44291930145589 0.44921426869976 0.4537384252633 0.45845488883775 0.46473855776172 0.46967046874277 0.4724568646686 0.47352885939836 0.4733410104015 0.4725581042525 0.47143607877446 0.46995867025345 0.46830023450321 0.46666014730754 0.46522376057926 0.46404774537723 0.46290450847009 0.46158567479939 0.46050836804369 0.45973427821849 0.45919968488379 0.45885603104416 0.45861029645857 0.45827159950087 0.45768606218071 0.45708012031339 0.45652270637954 0.45604043655923 0.45560508022985 0.45522747401956 0.45486160296097 0.45450396167061 0.45409226198381 0.45352293310814 0.45280503539391 0.4519528561001 0.45098823404968 0.44969069710844 0.44775688293266 0.445506619675 0.4437791528066 0.44185362738496 0.43887520665104 0.43577717522529 0.43309383806367 0.43102588492784 0.42852211658562 0.42530192518705 0.4225835947404 0.42108815394974 0.42059414110796 0.42043505355213 0.42039193716118 0.42037930803116 0.42037457635691 0.44335537591299 0.45109860279292 0.42281640255177 0.43113946590264 0.45887621214061 0.46509321581314 0.45492492569647 0.45675224939228 0.43374206346817 0.44006965933179 0.42565790566952 0.46923818452423 0.45752833412256 0.47401535633054 -0.45303510324836 -0.44335528682514 -0.49285647755483 -0.472541288285 0.64855108822648 0.53655590235262 -0.71308800609309 0.44310631776726 0.44615809608845 0.45137011356152 0.45300229399297 0.44888289330117 0.42084230732134 0.42424378886085 0.43167865859696 0.43650435732096 0.45877128303877 0.45941890094671 0.46375179169897 0.46610188946176 0.48242348130404 0.45352868782675 0.45464232400434 0.45537864740504 0.45624589080228 0.45733705038531 0.45965224415937 0.43458835277413 0.43251122414916 0.44013769423905 0.44447411852028 0.42482571694638 0.47017340796314 0.46708654144569 0.47279603381079 0.45315395853738 0.44428645449393 0.47491208506988 0.47252186152145 0.47502439706117 0.47021453434886 -0.44731734652354 -0.48456840280182 -0.47316273865268 -0.45673518262943 -0.45974582885946 -0.44096040885418 -0.48367679783034 -0.52402385036835 -0.4918244262758 -0.4559556681084 -0.58105430825875 -0.41109116542033 0.65385444533316 0.61502803395353 0.54443224541752 0.51636283271241 -0.75643231723135 -0.64602123628818 0.45313011100504 0.44892850807312 0.44675014278366 0.45053628123629 0.43402047371237 0.43702796374278 0.46110872813653 0.48220071436998 0.49071234852626 0.4557973822399 0.45347688578236 0.45939243123417 0.44421483743584 0.47625217036652 0.45954174268025 0.44831455257312 0.46946220410391 0.47440704504661 0.46938813052103 -0.47742088051582 -0.48636477499473 -0.50097397284701 -0.47007291427579 -0.45126020308605 -0.44107123936193 -0.5296029163381 -0.48261049580767 -0.6038624658615 -0.54907921600329 -0.38261757370274 0.51905620299737 0.5061534948442 0.5300703897568 -0.67337915554421 0.45395120384231 0.452322735532 0.44669456266532 0.45064149050918 0.44033000583584 0.4609610635426 0.49274157661631 0.45577393230484 0.46457191249777 0.47138218672174 0.46796226051253 -0.50422753905797 -0.44266311127294 -0.44075468134084 -0.48915436402507 -0.47869259865828 -0.56395453038235 -0.42735490016969 0.38570568898592 0.44559812428914 0.44772679050522 0.44997172624093 0.45227288194139 0.48655491875447 0.4970268879895 0.45466129022917 0.4572318243082 0.46279426465474 0.46513035819148 0.46908102170435 -0.51284055637689 -0.49370012539534 -0.44242593791035 -0.48519849451089 -0.48590403754903 -0.47122999726184 -0.58496708450619 -0.53933483472917 0.32452936346679 0.46572525540837 0.46730567626817 -0.44157073658102 -0.44411482789968 -0.54398604054294 0.46548750313471 0.46950218785815 -0.44155388151887 -0.44732076492607 0.47522772587585 -0.44178895915588 -0.44665984063854 0.47234943875962 0.47290079115564 -0.44113664035614 -0.44362420866396 -0.44083590914434 -0.44106638140803 -0.44309884400217 -0.44231951658929 -0.4425794580683 -0.44161276160935 -0.44435275163876 -0.44153207203497 -0.44116076054362 -0.44250277373019 0.42089480940697 0.44897897684343 0.42037953597117 0.42825212576728 0.68518175883487 0.57133692456542 -0.81263343798476 0.7032900571374 0.79318218190598 0.42044844282577 0.45838980506678 0.46488305639592 0.43700767594022 0.43683240151531 0.43817399545149 0.43346292152236 0.44203561063687 0.42221839261909 0.47198935364922 0.47199996229084 0.47303039348994 0.47395252129323 -0.45144700944118 -0.46303767682171 0.64078634951259 -0.69394947110663 0.46326693976429 0.4793251770913 0.47638564271715 0.46920041038361 0.44000518323143 0.46449363349062 0.47266196941446 0.48032378545722 0.47605719901913 0.47705388518049 0.4780608928389 0.49150074250092 0.48374744940874 0.49174415835293 0.48720350851049 -0.46320976930963 -0.47866758890534 -0.47648729949722 -0.46685016445344 -0.466911311081 -0.45786824436363 -0.61946171482494 -0.62611097848742 -0.64814672755166 -0.64235706304203 -0.59806726826909 0.4601485675495 0.45995641157478 0.46009398546855 0.45957617241781 0.46224836769518 0.46303701517149 0.46417644746285 -0.50862417429254 0.41017034008617 0.45306371828474 0.45251111341862 0.45305687170234 0.45279847105387 0.45420382468478 0.45366923815083 0.4550824622593 0.50251551694314 0.45844799256798 -0.3049312321955 -0.45107492417649 -0.4610473551839 -0.45359633651267 0.48136900282109 0.47175753801918 -0.4407561814765 -0.44085259257058 0.4215117817207 0.44889599353093 0.45025187867499 0.42059190745494 0.42879712956929 0.42691102102691 0.4306601470106 0.42590565784533 0.43083210634822 0.42940399952554 0.42944781898516 0.72327800269694 0.58763646581655 0.55305543138261 0.42041047139696 0.42053669256674 0.42039035642466 0.45848010333424 0.4353318842389 0.43503423750072 0.43934026241584 0.44087439671514 0.44138765372378 0.441910346252 0.44296346341819 0.42325600988761 -0.45750348948555 -0.72418074283035 -0.68148852270737 -0.71837156889509 0.46196706921152 0.46293722491229 0.46405131231401 0.46642234231876 0.46239829271624 0.46676830811107 0.462706688681 0.4659260689833 0.47719349022399 0.49650671190367 0.48330021315785 -0.495834973828 -0.44905813643841 -0.60309891375552 -0.594607839545 -0.55252318114041 -0.57412232647312 0.45844667984943 0.46047402639841 0.46368195691451 0.46188147842694 0.46242959928335 0.4622839392056 0.46424445420202 0.46099206384954 0.46136726840799 0.45755850043088 0.45903275802401 0.45960790950826 0.46508055311683 0.46491479296515 -0.49446091527817 -0.50952645128417 -0.49165491939804 -0.52320620300037 -0.50917691219737 -0.53201933862238 -0.48462052289324 -0.49001876806712 0.39566966690545 0.42589507681743 0.50719125921788 0.51248914442841 0.52519554643782 0.52416694863318 0.50085965556769 0.50421523908109 0.49133281368431 0.51146678013294 0.49654618035125 0.49397534269155 0.45851144843865 -0.4484628382887 -0.4657309884077 -0.45784351588253 -0.45833740802802 0.47303872812273 0.47707400478809 0.42161118398392 0.45019614651909 0.4492033554582 0.44940876684913 0.44609776804375 0.44768632493938 0.42037640597426 0.42675222620896 0.42729910601398 0.43231376014969 0.67497831056373 0.69952762420319 0.42130481931639 0.42050491325406 0.42043405222068 0.42038948114922 0.42038534795896 0.43853488870654 0.44313399222446 0.42158386360678 0.42395442408923 0.42397662648171 -0.62869450195168 -0.61489507866094 -0.684961183112 -0.69398084441626 0.45576967417087 0.48965697045871 0.4764848783025 0.47971535509707 0.48018125411138 0.48735682523358 0.48442574534585 0.48926799044562 0.49589415537332 0.48129981839386 0.48255169729788 0.48689910751816 -0.48455853125292 -0.44445926083583 -0.55990701189063 0.4585302082895 0.46480175437209 0.46665762297634 0.4587142807087 0.45723191033991 0.45841635762416 0.45657746943099 0.45760926001527 0.45941153735163 0.46734077589179 -0.55825826277629 0.37414673006961 0.43566834488129 0.43912986585554 0.4256709737197 0.39070230519569 0.5396963528436 0.49806492549701 0.49741420078866 0.45766987497504 -0.44948002646479 -0.44489370004114 0.47154099070514 0.46900991104255 0.47066955736054 0.47694477646325 0.47862446734662 0.44761531461736 0.44600273923362 0.44249343792995 0.44489304607515 0.44427209988209 0.44754004051356 0.42162428271165 0.43347673642026 0.43145904575721 0.43244103801299 0.43406380057573 0.4328681652934 0.43097855304375 0.42877827057088 0.42975119875251 0.42709827604944 0.66014123119709 0.65792590380551 0.6893836268178 0.7023775193549 0.73420858716509 0.70490333586014 0.42060738178681 0.42080305888551 0.43991784314703 0.43845602735972 0.44109065993183 0.44325161903083 0.422260585647 0.42240083928357 0.42425251479476 0.66727987010443 -0.65019175977819 -0.59940166957441 0.47672548423587 0.48428933764677 0.4826735590954 0.4828336303736 0.5235601879248 0.49792682107296 0.51143775495663 0.49148157132252 0.491903667178 0.48098412519557 0.48641058236165 0.47802112816981 -0.47828742708359 -0.49349312375497 -0.44299911624465 0.45913012171236 0.45791136489616 0.45705009209322 0.4570246408066 0.45544275084839 0.45606073491082 0.45737511877615 0.46033052144581 0.45841579369888 0.46254599124361 0.45832175202094 0.46679938208385 -0.56194313150179 0.45611188945494 0.36942846904686 -0.41547898198563 0.40972218893085 0.42303498136119 0.41480530217375 0.45826625129693 0.41950956075736 -0.32132485135467 0.4564176510348 0.56995647508406 -0.44715281925559 -0.45859192318374 -0.45204228650453 -0.45961255254125 -0.45261753798016 0.44724810186759 0.42454859510835 0.42058789465459 0.43614560868805 0.4309347509792 0.42783488924918 0.4255225450888 0.42050619143962 0.43702082067037 0.44224123256497 0.4437629000341 0.44268665512698 0.44025582659798 0.44457066267151 0.44212157530741 0.44346180560466 0.44071174627864 0.4375862429999 0.44191847778825 0.43940229219063 0.44418609477868 0.42260579152609 0.4210325076292 0.42119223065769 0.42148490913519 0.42124087184093 0.42219141318603 0.42103214777235 0.42262305530219 0.47090751903314 -0.54977677358019 0.46858734160064 0.46991814970663 0.47672744008094 0.49417344690938 0.48070193806453 0.47479790894753 0.50490691203104 0.48521000911496 -0.47868170392266 -0.51194553708753 -0.48875169247471 0.45729960323636 0.45792214950914 0.45616096329857 0.45572906310622 0.45713989266566 0.45670810769669 0.45615854665831 0.45619033387875 0.4578605116031 0.46372607902758 0.46520814187194 0.46284457572073 0.4698094745613 -0.40388410670726 -0.45888864474047 0.59822052594537 -0.50445438631435 0.43685048967503 0.45230702138055 0.56116327164245 0.5816492676736 0.44789067549983 0.42289060053228 0.44574420469918 0.44448963649308 0.44601125626791 0.43771149936665 0.43519455649596 0.44316301950085 0.42124880280559 0.42454641089333 -0.6371803960944 0.52972884642176 0.52846968950172 0.50933118544218 0.50292293665301 0.48471682999695 0.48900464741859 -0.50202148837029 -0.48495635074255 0.45654275532875 0.45726979913207 0.45795286498335 0.45586535792198 0.45568759346934 0.45507518239149 0.46064833276081 0.45919084795117 0.45899443618195 0.46009978023087 0.46475345471549 0.46540221326439 0.4677593529621 0.66557870075819 0.66254628471313 -0.44661173006849 -0.49197041382447 -0.37049286486601 -0.55024682333938 -0.42464484601359 -0.56120655425393 0.60607898170111 0.63066247699622 0.60264466939022 0.59408324554391 0.45123718635744 0.42488411937845 0.42283267183129 0.42525784907178 0.42105071676237 0.4454000034969 0.44696600168527 0.44640328497742 0.44620214034846 0.44515640858621 0.44577958810511 0.43314321204855 0.4356731614549 0.42107269548965 0.42138582504888 0.4874425023654 0.52203347766955 0.50012267700317 0.56826270073457 0.51328083116339 0.51682459191691 0.5375810821124 0.50426114385847 0.49813192811953 0.48634151158543 0.48271173036095 0.48830423005911 -0.50246730792899 -0.51003763583273 -0.50905192533276 -0.52439121478196 -0.51048691703935 -0.52474124518064 -0.49945569025618 0.45823300781543 0.45616310802204 0.45497114631948 0.45479682620326 0.46140453185129 0.4638815818015 0.46744262059564 0.59446449117882 0.59691192334771 -0.45574275651919 -0.49398050793092 -0.53095428932871 0.38313797160114 0.49501808141732 -0.52708894654866 0.44926405089313 0.42058232151132 0.42931801922404 0.43606105991601 0.43802070927197 0.64798730410246 0.67146044172921 0.52707270759072 0.55758732144274 0.48562205644307 0.47989437161266 0.47521392263913 0.47921469941505 0.4823567135995 0.45540872875741 0.46695284305981 0.47022354603949 0.46546254695156 -0.5697054421101 0.44818396840909 0.44929470512107 0.4510906999546 0.43103182367069 0.55731642951074 0.46549692990639 -0.54401348654145 -0.58197849274309 -0.60676038294541 -0.58764243205248 0.42861254612927 0.43265599334806 0.42880820122446 0.4249121160526 0.4303004463874 0.43290935397585 0.44491836400661 0.42190262459905 0.45908379817129 0.45501695406029 0.45579656303886 0.45577247841141 0.45536551237362 0.45503394675602 0.45429415290365 0.45470910869415 0.45473313017269 0.45449009297518 0.45509354883334 0.45398295022882 0.45464273865979 0.45420584798533 0.45445118941871 0.45433604810795 0.45371654632875 0.45414616983933 0.45676437395117 0.46823558655366 0.45451747519627 -0.5650697534467 -0.54994096604309 -0.53981246054557 -0.53335872291211 -0.53763298224113 -0.46628061049671 -0.47341127628013 -0.46106364393517 -0.45815024757953 -0.45512133081088 -0.44983001338443 -0.45419246064989 0.45178055957396 0.45063644403076 -0.52237795885007 -0.51963659276447 -0.45245763498265 0.42136142778867 0.42271589202902 0.42347421378714 0.42609177877801 -0.57699118075448 -0.53682166941576 0.46833453068438 0.4744867745958 0.47407758060834 0.47077719231072 0.42160828213875 0.42206506254786 0.42165262250476 0.42500076488154 0.48482595020995 -0.46860111297997 -0.48419219844094 0.44585856509276 -0.46861524397347 -0.47658981395919 -0.4750879689804 -0.47868620470323 -0.48936134893417 -0.46693134323952 -0.49101828594017 -0.45392369283599 0.43957144889838 0.47172034018888 0.42042607055127 0.47089519524532 0.47243844029902 0.44778016894197 0.44772530819597 0.44680743588117 0.54073049092355 0.52430610146695 0.55402173452282 -0.52003809300336 0.42612415463088 0.65106949390687 0.46933377687758 0.45046585378359 0.45208011547452 0.45284562062915 0.45269463989553 0.45353286767171 0.45383985503914 0.45073855652368 0.4519103226167 0.43135037127007 0.4337412801232 0.43639430691822 0.45523347522755 0.45338080002452 -0.54931765851615 -0.53697281407395 -0.53382876958679 -0.53033830396197 -0.53919806881819 -0.52017352729644 -0.52684013284144 -0.51792591708412 -0.50369560537579 -0.5264233921991 -0.50802874198904 -0.5104678231159 -0.4971137062535 -0.44605036130951 -0.44385875358233 0.44980297578653 0.44892068447568 0.44915277335668 0.42202222146101 0.42686961994818 0.4694085158574 0.46826703772201 -0.47703312770153 -0.46859224022291 -0.47132992566889 -0.48736689460215 -0.49052851532893 -0.46291959899934 -0.48177585346247 -0.47561229664862 -0.46661034343542 0.43880672586515 0.44129711613769 0.4417042997091 0.420727563155 0.42064792673592 0.42047699739612 0.42042958518792 0.42041924191922 0.42085154714834 0.4206413978173 0.47128081318857 0.4743738529181 0.4469664913309 0.44806200804209 0.51937945903991 0.42419895740236 0.4277349567448 0.42642240789255 0.42915919964129 0.43003162814959 0.42659904570451 0.4310885702073 0.42876834132706 0.43760018770496 0.43845618644936 0.43458217822119 0.4335201806611 0.45393137800905 0.4529023959801 0.45278861300014 0.4532346715603 0.45343106175619 0.45196580143756 0.45213575585287 0.45279274940233 -0.51490901609919 -0.49462740556068 -0.49019486695788 -0.50110332909124 0.44992421948743 0.45070950747446 0.45068765997518 0.45184260954266 0.44982821354741 0.45181334304207 0.42039676626322 0.42037917004924 0.42039260338057 0.45346724367156 0.45360533017789 0.45330404073462 -0.49844115463866 -0.44634250652 -0.44865111163726 0.44430748387048 0.4439940318807 0.4434925157911 0.4723683177257 0.47093536322243 0.47154264354018 0.43044319074293 0.42924566336941 0.42981138652853 0.4753487076629 0.47554832447199 0.47401250445476 0.44174965347576 0.44104457231227 0.44244298097082 0.42235747434187 0.4220984354595 0.42162337785528 0.44294063622792 -0.39723874506098 -0.41171431611876 -0.42016106847531 0.45063776627244 0.45116694858002 0.4508060700587 0.53708297208022 0.53288561843096 0.52621691420643 0.44958527213251 0.44961905894943 0.44893507494844 0.46152345948255 0.46102964539007 0.46148288625667 -0.47202902207786 -0.47002043181858 -0.46866563535781 0.45143249506716 0.45167378631487 0.45332441479376 0.45297069436219 0.45314981509065 0.49816282993496 0.49287161825684 0.50027225348349 0.46721479352795 0.46680886040699 0.46642190484153 0.43871847416639 0.43788136585503 0.4396716214534 0.42070869017622 0.42083976551666 0.42097000476282 -0.59305140356456 -0.59344306938013 -0.60364941247819 0.42111384997062 0.4213826528786 0.48640561673997 0.48452082191157 0.48423524107253 0.48027001969938 0.47926862865472 0.47849829159554 0.420527327871 0.42048945184673 0.42057498779391 0.42624762290122 0.42618401529446 0.42686541977327 0.44439725178437 0.44495002681162 0.44525912612204 0.43244585147779 0.43130352222629 0.43192968782175 -0.46475322794774 -0.46833464633609 -0.46976622785033 -0.44573574608954 -0.44539957499401 -0.44702872893894 -0.58452007360706 -0.59710673895816 -0.58647778262221 0.43550732034702 0.43496840526424 0.43645101990827 0.43047047956902 0.43020588384829 0.42785428882449 0.42843936129698 0.42706724456932 0.54165384718774 0.54515268524471 0.54887816482768 0.46799200101108 0.46643735696901 0.46744324159781 0.42184409578646 0.42223066404951 0.42147203103467 0.44323898684339 0.44415169947389 -0.66971999761835 -0.67618909434532 -0.64903480908949 0.45895302542477 0.45891741250568 0.45881641359199 0.47382497102884 0.47205372690456 0.47342304777754 0.45867166169317 0.45873256618715 0.4548124392164 0.45464302905421 0.4548145148432 0.45957412188425 0.4593164598928 0.45944934552624 0.45837239954845 0.45845454062175 0.45854541475744 -0.45762242306333 -0.46054297790029 -0.46031202513211 0.44987796504427 0.44945502141846 0.44936317292775 0.46561443326638 0.46548969175739 0.46501913222173 -0.53223255337958 -0.52916644352346 -0.52766876202227 0.45221283676483 0.4515903241744 0.45146392633547 0.43397680968385 0.43367680115106 0.43309722448216 0.47204630357313 0.47103605223145 0.47099954860311 0.45843040132613 0.45861734510738 0.45858120091681 0.45991560462365 0.46010386393803 0.46029577968776 0.46426609746765 0.46468222992784 0.46296294509989 0.67970763196669 0.66564189461332 0.67764457347645 0.45897690130535 0.45882235164957 0.4547916120046 0.45541258695178 0.45515026579538 0.4289895733857 0.42866454142669 0.45475313280416 0.45457947037551 0.45466982051569 0.46763049678514 0.46667771716488 0.46705007804101 0.44811802449606 0.44656462957996 0.4451767335428 0.45170702611269 0.45124118737805 0.45183404619036 0.45512057746596 0.45494222673384 0.45503176046233 -0.44981322407923 -0.45012652317787 0.45649149636731 0.45675610671877 0.45652578203015 0.45899929509416 0.45914418325596 0.45346725871686 0.45306506934044 0.45353826845619 0.5229349176859 0.51937249893209 0.51561056490139 0.45587560266452 0.45590519466436 0.45606670486786 0.45704181146786 0.45691057207933 0.45721852724584 0.45615878860105 0.4564790559693 0.45683547694302 -0.44206371300837 -0.44269665853253 -0.44242573278504 0.44685618947305 0.44674994284669 0.44609773355273 0.45477603447688 0.45497121662937 0.45374492605261 -0.61342768231431 -0.60979935911824 -0.62379831548266 0.46457493567504 0.46569745419902 0.46521872351596 0.46386563527455 0.46329059581571 0.46352109030928 0.43494990892813 0.43611387111699 0.43571843302125 0.42907580415149 0.43016018154321 0.44451567780794 0.4410998537867 0.43401500264831 0.43356548652346 0.43415142297039 0.43439101156048 0.43955842209981 0.43796024889262 0.45570431049527 0.45557190752352 0.45548942049676 0.42849962635442 0.42784255102444 0.42759677626744 0.46012326875749 0.46052631568587 0.46053691648645 0.43640258676552 0.43724727407973 0.43682214540416 0.43962680853314 0.43933381072263 0.43972747142344 0.4387706425935 0.43856323589121 0.43783419817658 0.44840718791456 0.44819699399296 0.44766868032502 0.46869490912528 0.468049832034 0.46879837771779 0.46063754344486 0.46077059886284 0.46030869584773 0.44218685309672 0.4406975003041 0.44096019637409 0.43541378976905 0.4349902729141 0.41236872081616 0.42075092029239 0.41812623436623 0.44882893363799 0.4492831822925 0.42431463528016 0.42415953168557 0.42460353591705 0.45736669795361 0.45708927958679 0.45686504478928 0.47070836899335 0.47001984132763 0.47149509865775 0.4210419910379 0.42114912891409 0.42117117220636 0.42535558371071 0.42607093312215 0.46333024624375 0.46266380878636 0.46309919138222 0.42161660536828 0.42161607118495 0.42161902494388 0.45748746759581 0.45736157569341 0.42460876635147 0.42519991938365 0.42492654481253 0.46350513329916 0.46386184901581 0.42639998981548 0.42582314772274 0.42037751083471 0.42037517182947 0.42037597162456 0.4205235771375 0.42065922795158 0.42068486990791 -0.48087849327652 -0.4746175614388 -0.47808252274313 0.42421444484803 0.42399208466488 0.42376142291803 0.43089524342742 0.43061798354222 0.44223274483755 0.44256441064594 0.44172747637167 -0.44325794811824 -0.44355531006648 -0.44274234668877 0.44379947054565 0.44386245451421 0.44320329456155 0.44132599308144 0.44102508658006 0.44051217776924 0.46523701060355 0.46480699698057 0.45556530167473 0.45588971816469 0.45435007070226 0.45396626354379 0.45408377987034 0.44663720391502 0.44639115550752 0.44691788618153 0.44033921019694 0.43998913812637 0.423371665947 0.42398735884281 0.42468307268178 0.45938462132129 0.45999740951269 0.46071642553255 0.45540272017105 0.45530956494515 0.47021962789529 0.46970255521318 0.47079214130049 0.46989761885911 0.46922147045623 0.46869541496355 0.46765391514159 0.42042292310645 0.42040048388019 0.42041140419999 0.47308029534261 0.47241831373639 0.47249833214213 -0.57631757431254 -0.56404070371249 -0.57483296077719 0.4610810238632 0.46042176299916 0.46255314899443 0.45981741243257 0.45952573318952 0.45996824310406 -0.45223342108354 -0.4494511988298 0.46230866517653 0.46263114066504 0.46201831493017 0.44572904806883 0.44609578716498 -0.48685694161242 -0.48600111091528 -0.48763205135899 0.44323492961901 0.4426687178671 0.44243016774297 0.44889192764658 0.4483061703653 0.44826574357796 0.44447523678647 0.44524910374034 0.42047747453019 0.42046837001094 0.42043967237337 0.44416675741468 0.44393210916737 0.45093115175076 0.45131281935619 0.45065430474589 0.45039501446164 0.47322392414416 0.4731369664095 0.44776390381338 0.44748569699079 0.44797611313859 0.44944076388187 0.44965290727507 0.4491274359213 0.45029439088281 0.45009935198535 0.45508185614494 0.45861420458911 0.45650402432358 0.44116358242414 0.44120711254685 0.45862310920906 0.44888053562781 0.44867989159937 0.45515260572701 0.45521231255344 0.45460841544896 0.45614978035835 0.45626636322575 0.45637317045175 0.45699411866101 0.45326792877154 0.45330536176793 0.45304797133913 0.47562698441906 0.47709164242948 0.47636590854815 0.45591430852025 0.45580945728291 0.46462980634958 0.46440133009116 0.46930739133481 0.47086319606281 0.47069128698358 0.43141610062176 0.43282901721836 0.43260265415615 0.47380887433343 0.47354281319205 0.47402837814221 0.45094795483455 0.45335202006271 0.4518582041036 0.46414598763078 0.46781777484588 0.46599216764762 0.45054441856984 0.45188297961384 0.44640205864426 0.45609911055523 0.4588572723442 0.45603230273789 0.45021999030853 0.45078764539291 0.3866521795207 0.39546208292144 0.39019081195103 0.42313800913557 0.42420421056207 0.42305498572523 0.35714958558142 0.34378223880877 0.28080058864817 0.62185750599249 0.61640654612335 0.61253557341668 -0.33661752627641 -0.35467566407659 0.38683058394171 0.37879915633253 0.39191708014356 0.44595605767795 0.44648859327166 0.44687877965434 0.43998520253136 0.44066475045167 0.44067902087846 0.45460064103626 0.4547507845895 0.45486364410148 0.45332824750384 0.4509389391489 0.46722775971743 0.4675051255692 0.43452666768038 -0.45416625909987 -0.45439026293861 -0.45712203048689 0.4736957328067 0.47320388128445 0.47326061863626 0.47188079418943 0.47200829999616 0.47126788834339 0.46963114187721 0.47051641831351 0.47039462056538 0.4745425868166 0.47345705849339 0.46223154610544 0.46256107539252 0.48841887915043 0.48950487616397 0.49217568846796 0.43693228061344 0.43763644794188 0.43749468946069 0.45448188706815 0.45442250764456 0.43297000362951 0.43322619558231 0.43379326328111 0.46914726569598 0.46770191526003 0.46703528328413 0.47491847663651 0.46439570456148 0.46728274524577 0.47245880376556 0.47207523504735 0.46594540957858 0.4663430559481 0.47103937062154 0.47135132070244 -0.37343014196265 -0.39039141739772 -0.46482543975989 -0.45707372023859 -0.46620547823215 -0.44704139699371 -0.44620621668209 -0.44798491429363 -0.46830594415896 -0.46678898547456 -0.46465978709791 -0.45124783988814 -0.45001485839095 -0.45242232303588 0.45789503380833 0.45823266327421 0.4582267063043 0.47298746604506 0.47299980584423 -0.45498818236614 -0.45805759900357 -0.45650484478277 -0.44137920588006 -0.4411336454732 -0.44131364348839 -0.48483481881141 -0.48175647419745 -0.4813701844678 -0.46081873705421 -0.45954535593781 -0.45986934003018 -0.74538468471864 -0.73550046019777 -0.73344689306669 0.58522655920767 0.59463540180063 0.59023118361294 -0.46944446169409 -0.47294393094666 -0.45535104891445 -0.44103876309251 -0.44096511306876 -0.44095082722886 -0.44095044456577 -0.44083843498939 -0.7403420006267 -0.72111445608991 -0.73951083774629 0.69971817348087 0.68808792896166 0.69447233946961 -0.44464518819459 -0.44414185808481 -0.48125624694744 -0.4807236388845 -0.48288281914074 0.45949589811672 0.45977166057401 0.45983197514647 0.45271606719059 0.45257575914269 0.43720176793981 -0.4511093083715 -0.44642239228142 -0.4310584860853 -0.44507486700224 -0.47993611194582 -0.48208030168759 -0.47878025863711 0.43208222137369 0.43180207905482 0.43262778759087 -0.46013242137055 -0.46122207637942 -0.673704494716 -0.67895578791151 -0.66918871210099 0.65127002941642 0.65424208499422 0.65657156060352 0.45215045309565 0.4523620121756 -0.47448311911109 -0.47754968891738 -0.47595341170941 -0.48670490285023 -0.49055742865721 -0.4867278631684 -0.46787867123669 -0.47126207680521 -0.46946941312485 0.4301363558116 0.45365064452825 0.45327727484461 -0.49139318498306 -0.49621039996401 -0.4937741134461 -0.55433495828611 -0.55087794031998 -0.54209952865674 0.44724076512319 -0.41499882200025 0.45807499313874 0.45830973253329 0.45815885601446 0.55104840732655 0.5674050974717 0.55704185585549 0.53735690553742 0.53361418047824 0.42398178502088 0.42362569560293 0.42362467457278 0.73936822723228 0.74122748763503 0.73189053620178 0.5584461923987 0.5542171681776 0.63228397762581 0.64477245874003 0.62872377496247 0.64772533171566 0.46917064184817 -0.7312395452881 -0.76433238512583 -0.72526583570589 0.46987238262497 0.47191471841971 0.64344581657679 0.63771607120276 0.63183857237502 0.65815292353631 0.64792297407443 0.45868846446961 0.45844345023404 0.42344721961408 0.42315387927872 0.4229266393748 0.56949965154603 0.57128144333408 0.48396808999965 0.4842758731668 0.4874014928537 -0.44211969140359 -0.44170282073629 -0.44199616262729 -0.44169013078585 -0.44220729238695 -0.44211286728711 0.47764628749366 -0.61093986697699 -0.60802666305587 -0.59945040357263 0.47195758108092 0.47150557648611 0.47410246177559 0.47386169795208 0.44756051756479 0.44804024864251 0.44771453536136 0.82684559416515 -0.74389697869719 0.48145620687307 0.48319779595315 0.51072380969344 0.51259554708595 0.54914639490597 0.5414069403698 0.49419281804937 0.49499628172148 0.49747985232231 0.52398538134206 0.44014491745097 0.44047470888432 0.46122560559549 0.46074450348086 0.46100341513035 -0.44243319904436 0.42658447975822 0.42711191444806 0.45519184539299 0.45530142331709 0.45513270225264 0.46747168007145 0.46676236651809 0.46639770088647 -0.47355439404549 -0.474478149072 -0.47741482446501 0.68174789036719 0.48587697096914 0.48372175316437 0.48189732368706 -0.48881223573286 0.44727639844705 0.447308485484 0.44773559193371 -0.50343152962437 -0.50994149042724 -0.50125768690886 -0.52969836848399 -0.53143898312692 -0.52836256947691 0.43362677890048 0.43439999263593 0.46618053637128 0.46557749716129 -0.49006697014907 -0.48920174563136 -0.48568897501228 0.43388665312081 0.43528712951487 0.43512122093899 -0.4793107839574 -0.4802141288795 -0.47748291352003 -0.46781830533379 -0.46320008336719 -0.46271550176354 -0.48498203434116 -0.48168605939366 0.4573611716576 0.45693550017656 0.42891443351358 0.42937431618124 0.42821812343646 0.45265671531132 -0.50811549252452 -0.50227837070587 -0.5055742528165 -0.51365953089191 -0.50917212725944 0.50020459338417 0.49868948117504 0.50278181466964 0.45348519109006 0.45325227554781 0.36245446521192 0.26377720171417 0.34933372584865 -0.87238466540598 -0.86183957450096 -0.82522692338134 0.72321687404323 0.49312556729243 -0.48680768059893 -0.48845118484396 0.45379773780446 0.45402240414 -0.79109676787486 -0.7892876100428 0.46916576956265 0.46888484304447 0.46787438600729 -0.63587131127807 -0.6240419679725 -0.6362462251309 -0.72619290629441 -0.49491666212426 -0.49663392295834 -0.492713068827 -0.5460668908058 -0.5505629142277 -0.54077790602696 -0.76617167117591 -0.68270112148149 -0.68702889079679 -0.49102455071884 -0.48703899823101 -0.48918832849549 0.40899395180301 0.41628743227058 0.41338557568691 -0.56442418147456 -0.56904177722175 -0.57224382815833 -0.60765707149222 -0.60423802165874 0.51104338382306 0.51800898506987 -0.5908689023218 -0.59470544307868 -0.47500522873323 -0.47547761154991 -0.50011481896559 -0.50072868681522 -0.49109340708408 0.44053316506637 0.46433189626856 0.46497865910486 0.46442398051283 0.43677906271431 0.44772047908802 0.44830771297699 0.47611512866694 0.47507912087233 0.47729537514306 0.45335987133417 0.4536002069283 0.45866749347518 0.45897447963543 0.45259965892529 0.45271164358378 0.4529247269856 0.45399374518256 0.45753528165344 0.45746629433441 0.46086539858964 0.45947725242578 0.44213246889172 0.44269085018793 0.44628828471867 0.44587783809503 0.44639752017516 0.47643999829926 0.47804991047885 0.48091568486128 0.48068102789444 0.4824087874747 0.46031925630667 0.4609721414336 0.4622272887343 0.46143044579471 0.43897436142503 0.43714841735469 0.46170118568297 0.47446738903243 0.4765218560931 0.4743770203794 0.47139033754239 0.4722565028877 0.47377368697477 0.47075130217497 0.46973572396247 0.46909509258957 -0.472198443514 -0.47759920969484 -0.47300306660836 -0.45855784646706 -0.45335337108419 -0.45783644758019 -0.4986699794699 -0.4808922232448 -0.52100861770138 -0.51734102798843 -0.51144092689049 -0.51580585941307 -0.51950908916622 -0.46454357510967 -0.47143329011509 -0.47621351781632 -0.46599797334175 -0.46738615940368 -0.46382441536147 -0.46332661060273 -0.46056227812786 -0.44079348020575 -0.44079335216771 -0.44083931253799 -0.44079291299387 -0.44074926409249 -0.51522404104695 -0.51289975711811 -0.5176220978485 -0.48386734918275 -0.48423953533189 -0.48481935416854 -0.48663984506422 -0.62816442945427 -0.632175024047 -0.5863148618504 -0.56890210551542 -0.57178773394964 -0.57959672371673 -0.5319386272093 -0.52750122674698 -0.53447127890398 -0.42377361699515 -0.3606572477447 0.50896226872549 0.50510587012756 0.5236164841537 0.50119310512286 0.50016641720134 0.5017386037028 0.52078946806198 0.52817625821723 -0.70247080436752 -0.70955541367153 -0.70513037337886 -0.64630759824853 -0.66087468374957 -0.65943964488692 0.45422194608859 0.45428879364433 0.45469468447854 0.45498209279487 0.45253222965574 0.4521968824356 0.44542968373981 0.44672318559479 0.44726068262792 0.44980856372173 0.45058610892619 0.45132142891688 0.44231808722383 0.44222148699302 0.44007792955641 0.44051837121798 0.438938886921 0.48824102157103 0.49158698286147 0.4938284007425 0.45505937999082 0.45577756270048 0.45651141972767 0.45760705965727 0.45731273797836 0.45763972879753 0.46531690325234 0.46595972086982 0.47268233344929 0.4708403125857 0.46840538103429 0.46867860548652 -0.51723528139313 -0.50267541761172 -0.4973980927959 -0.4413286225912 -0.44144195212398 -0.4442900355499 -0.44659100732668 -0.44588112611924 -0.44072541560269 -0.44075108578705 -0.44072468605977 -0.48439258438113 -0.48502914170014 -0.48680464748438 -0.49309805016642 -0.46374846748323 -0.46981190108214 -0.47598742192181 -0.58400055734996 -0.55648654276893 -0.54419709166537 -0.45456901441474 -0.47454407509716 -0.46441211390925 -0.48140531107222 -0.69043589103174 -0.70965569803873 -0.70348661969798 0.43339679902689 0.4307744846728 0.43786515533004 0.44506419263307 0.44433824136525 0.44615779627499 0.44650452382326 0.44686803420643 0.45024680233332 0.45115534204663 0.45199762527795 0.45300621670736 0.45266728573377 0.45236336267778 0.48845386406553 0.4777789349698 0.47894602654432 0.47841611307437 0.5067397439514 0.50219997074494 0.50258678709347 0.45470497425226 0.4540042751684 0.45603551593458 0.45662174301996 0.45642894033637 0.45808404445164 0.45809204217932 0.4584782280757 0.46364236275295 0.46480596705038 0.46516549698709 0.46497104895486 0.46473437439401 0.47063911342573 0.47963767464123 0.4780452698516 -0.51842576434819 -0.50716429500184 -0.49458257015497 -0.49593203037095 -0.49988550221983 -0.44154857063709 -0.44254734930746 -0.44339313881338 -0.48428358287777 -0.48416189036931 -0.48517070524364 -0.48815309640444 -0.58846776509777 -0.57244133214797 -0.54328070560076 -0.53865849255719 -0.5355733264971 -0.38449767336687 0.40071265077464 0.40260496194518 0.461782038291 0.46208166295448 0.46166665830401 0.46140426335175 0.4698708497839 0.46785630652957 0.46791411965461 0.46903584269552 -0.44134415399913 -0.44166338764365 -0.44423760688019 -0.44549978723855 0.46557338089717 0.46742485618217 0.47205746774561 0.46817904690536 -0.44154011198154 -0.44129679490963 -0.44130401848875 -0.44204447647211 -0.44226155739198 -0.4428087635401 -0.44289836041627 -0.49121581022515 -0.49589871871417 -0.49228329479683 0.47635669714241 0.4812897042429 0.47961588468126 0.48092745980327 -0.44110412514077 -0.44192151492536 -0.44348764399264 -0.44699531529199 -0.4492222085864 -0.44886516246882 0.47464125698723 0.47617372456995 0.47024746269175 0.47029355137434 0.47352950939114 0.47464977689215 0.47514972855735 -0.44098055060088 -0.44093492005336 -0.44109631378922 -0.4430445510327 -0.44298328520176 -0.4424365799917 -0.44671865434147 -0.44544607489073 -0.4476408945656 -0.44078513939502 -0.44080002176669 -0.44205028043517 -0.44202099726276 -0.4415518076101 -0.4454172646962 -0.44507606464571 -0.44341412394715 -0.44579902607751 -0.44207422143145 -0.44106206978555 -0.4411015392042 -0.44100014238489 -0.44739680967885 -0.44610311902949 -0.44739699521382 -0.4437325536827 -0.44139212880464 -0.44132524506272 -0.4424763151629 -0.44291645337312 -0.46700533005613 -0.4629975569841 -0.44273920301771 0.4211541354277 0.42123656504388 0.44958274326563 0.44979658367501 0.44920570772921 0.44853232054301 0.44831572886019 0.42038825537254 0.42038189399714 0.42038462979745 0.42341648742953 0.42243473824323 0.42321129169637 0.42833024211685 0.42859087817291 0.42751460483135 0.43258637529974 0.43178504767202 0.43151059528298 0.48016099906527 0.48334490016446 0.48605618805042 0.41893184528452 0.4160108881054 0.42444007845306 0.50984389733222 0.51464186913662 0.51179729110495 0.60195628741192 0.75713922664639 0.76999424462737 0.80207078932362 0.72851780454231 0.72942582581595 0.75428245395056 0.80728726705601 -0.65023410723398 0.42072993872534 0.4209510968806 0.47131230221673 0.47189903311589 0.45876811183772 0.45883157206495 0.45906081139994 0.43604659426426 0.43618076213377 0.43518896627838 0.43769363096233 0.43700469515991 0.43776674620726 0.43834244629833 0.43971676413921 0.43299062504183 0.43269176394628 0.43314035256277 0.44148016156803 0.44113389120465 0.44377289626735 0.44362009998516 0.44306697773727 0.42252165066163 0.42232703309774 0.42222312453631 0.4211490010169 0.42218383759565 0.42152116587225 0.46840944268793 0.47243093263776 0.47229702008074 0.47294755607586 0.47460943222231 0.47449433649767 0.47605850901312 -0.45211057863051 -0.45463539997092 -0.45816404893914 -0.45452844916278 0.62948581725623 -0.6795115436199 -0.69000164922008 -0.70137249206701 -0.71032555322348 0.46562139434389 0.46440061062256 0.46533901535883 0.46578284660789 0.47437548993571 0.46748630362038 0.46686593952122 0.46604896239243 0.47415581186969 0.47426963874556 0.47704193405145 0.45671281080381 0.47270766873833 0.47175189780732 0.42348018888106 0.42976397182776 0.42696593754278 0.44194705364942 0.46364538590643 0.46641008469049 0.4722365023379 0.46920003995786 0.47343378136374 0.4761663332103 0.47891953946363 0.48017349505154 0.4780239876471 0.47916567239371 0.48245570219066 0.47863854016008 0.48473810521123 0.48161244333131 0.47568863163958 0.47875459853176 0.53084038875523 0.53179837678941 0.53817563859207 0.47772037252535 0.49462539696939 0.49152979431535 0.48934697734096 0.49406081239384 0.4897486854794 0.49574873007419 0.49175200911739 0.49621115626336 0.48733605691116 0.48929176867683 0.48714253067304 -0.46281210971519 -0.46210753974228 -0.46151548116801 -0.47897729220418 -0.48024364912748 -0.48153855254313 -0.46296727242653 -0.46199246690065 -0.4590793181088 -0.47327397545736 -0.47257322407986 -0.4732710939543 -0.47711299392622 -0.45851257534039 -0.45762834527528 -0.45645748736522 -0.6509346881355 -0.65608851471375 -0.64450753951594 -0.63157887915838 -0.62070872737565 -0.60945650751166 -0.61592793750122 -0.66469493245153 -0.64659835995354 -0.62317474374628 -0.66841520743956 -0.49336595010388 -0.48419394115313 0.46002814801725 0.45973089486755 0.46146907303009 0.46115274997749 0.46334855695328 0.4643687263069 0.4635782878973 0.45933575421027 0.45976765885919 0.45952910282517 0.4591250310833 0.45921535513847 0.46262839798093 0.46350980866783 0.46239270335346 0.46406686981773 0.46340502619556 0.46442877151609 0.46468442505982 0.46453991873769 0.46502149074512 -0.50115839595457 -0.4971867707764 -0.5011045222284 -0.50910047226417 0.3998206226165 0.40234537332394 0.44025290066508 0.45311695160212 0.45248412208874 0.45273181162501 0.44887765142874 0.44935133114585 0.45432404126402 0.45433860316689 0.45347954057114 0.45315321095556 0.45505722311344 0.45488854654191 0.45647156480445 0.45647830398602 0.45672252764317 0.45276517996641 0.452926685991 0.45395779326623 0.45459866038736 0.45653855968017 0.45631195963058 0.45675998079637 0.45896365324431 0.45887802593197 0.49537988825547 0.49227405888654 0.51818906992754 0.51845865918855 0.51249010405843 0.45712330521331 0.45758814126567 0.45823083005669 0.45783161773331 -0.48185293310125 -0.47596451461474 -0.50063871780436 0.43674695641574 0.44285110997769 0.44027706651022 -0.4515743068083 -0.45043378165629 -0.44846406939326 -0.45546023660539 -0.47706852392653 -0.48384238308882 -0.48241490533961 -0.45231160389244 -0.44625003704961 -0.44903038017491 -0.46361733133746 -0.45976372728834 -0.46485057830539 0.47886394525236 0.47964287771433 0.47730329620452 0.48303553256774 0.48361615669819 0.48213435218131 0.47398604302769 -0.44072116008696 -0.44084875274995 -0.44090420098937 0.42156418217054 0.42150933479636 0.4216013915701 0.44995936581971 0.44825071671935 0.45038449272771 0.45064798260504 0.4203994249653 0.42038756549645 0.42039617327879 0.47130906596424 0.47075339739126 0.47034753830797 0.42774131902295 0.42740900110941 0.42706147535989 0.42882826596688 0.42805119001644 0.42604737493054 0.42567659348634 0.42634034056612 0.43004693454251 0.43000753417653 0.42946643723227 0.43331237040769 0.43315609474348 0.43362127614014 0.42537026555231 0.42495467008063 0.42545793633387 0.4315783799705 0.43168061622187 0.4307566666705 0.4288817742802 0.42745524616164 0.43437843026325 0.4342304217266 0.70095295456999 0.69057230153481 0.68950145207673 0.71338784234936 0.70542370277216 0.56672920171389 0.58094151547083 0.59358260809425 0.54787222300855 0.56230496928169 0.42050994312477 0.42055105403158 0.42046921436809 0.42043107757421 0.42041624835623 0.42046849827855 0.42045412393282 0.42041000047307 0.42037993634156 0.42038185589627 0.4445796770964 0.4438574704046 0.44413288298187 0.4388034440506 0.43915797929559 0.44189205165227 0.43923210452446 0.43919116588468 0.43852010853068 0.44762523180801 0.44685222352467 0.44251034607105 0.44261871873077 0.42160296854246 0.42164487507113 0.42162041776242 0.42281703178702 0.42307293174476 -0.69673235538732 -0.67236151868254 -0.58277312471441 -0.57912000249643 -0.56059619220765 -0.66788854903897 -0.72449520238224 0.46164037681519 0.46218210973834 0.46263098787058 0.46284172692023 0.4624366936906 0.46307285789755 0.46212678174327 0.46704286606857 0.4636460115911 0.47199629901828 0.46612916313237 0.46575001500225 0.46717621935946 0.465926444705 0.46656486925786 0.46156368255004 0.46142505365359 0.66086030436233 0.65100047400013 0.66583004209755 0.4801174319661 0.48109333781955 0.47591705395681 0.50150573619271 0.49381007535835 0.50642243798838 0.52492617216732 0.51914495378299 0.48224002734563 0.48171743170521 0.48396376417063 0.47828880765277 0.47694181874763 0.47863376342918 -0.46581154324797 -0.46341318902213 -0.51494828305309 -0.51752078411104 -0.52249622192573 -0.45173680692906 -0.4538182435163 -0.56844081467186 -0.55730360911039 -0.5632671953503 -0.58802035464636 -0.52049728718097 -0.51650364580174 -0.52718335580463 -0.57592256465511 -0.58571562506761 -0.5403064281755 -0.54797624926074 -0.55329470481028 -0.55729512480271 -0.56818982025027 0.46106719392792 0.46001689211973 0.46158893492625 0.46044359489786 0.46302410137105 0.46283331988166 0.46213894817436 0.46019671399852 0.46336153745917 0.46392800905388 0.46045481331224 0.46072827632346 0.4617710182552 0.46377667575716 0.46288924700683 0.46373572099195 0.46629424560552 0.46510886745507 0.4652886595194 0.46404756012204 0.46449564807797 0.46737545189871 0.46774922827237 0.46865961935837 0.46177126454261 0.46121162297636 0.45893003097364 0.45913292191378 0.45941943371678 0.45654283564362 0.45605661354396 0.45667434991539 0.45903182392527 0.45800350964481 0.45849641910418 0.45859882032607 0.45871993699968 0.45862227027802 0.45835317469062 0.45897433674708 0.4593359085456 0.46142647840571 0.46322637814144 0.46201864803003 0.46594216370267 0.46525144182512 -0.50067786812063 -0.49930055969293 -0.49786085702221 -0.49483280455371 -0.49350047113348 -0.49788068852977 -0.52258144016114 -0.53450318265267 -0.52368837562554 -0.48356429518934 -0.62823774566049 -0.63302385369958 -0.61127780773164 -0.51610024263508 -0.50677311086969 -0.49975315880673 -0.51566523686116 -0.54731402991742 -0.54322616179546 -0.5819195798011 0.63345982954495 0.60701666693547 -0.44019940918093 -0.48777788342037 -0.47002796112167 0.37528972757881 0.41251694522835 0.40247365505874 0.39775399554585 0.37859900788224 0.31892456471837 0.49743012828147 0.504914793362 0.50739244941966 0.50855539445721 0.50352893136538 0.53087702009208 0.50780130408717 0.52466287225701 0.51794727731528 0.49571872077346 0.49782677024356 0.4960950829253 0.50338134470033 0.50114232478488 0.50705347029022 0.49272551652464 0.49416308794979 0.50599221786922 0.48722263259169 0.48772731831224 0.48601550122705 0.47926827906964 0.47904435740692 0.48118323597492 0.50206665132466 0.49852560264738 0.49922428892055 0.50078334489629 0.49997676710271 0.49373402648419 0.49153531050327 0.49402986185331 0.49135428041818 0.48986158111054 0.49707928904947 0.45797418710985 0.45810111057714 -0.44367635617327 -0.44962303564936 -0.44958162419506 -0.45235776328671 -0.47777192293927 -0.47352322190287 -0.47287303865662 -0.4817811318908 -0.47590128139724 -0.45602421693748 -0.46179743645976 -0.46726316122463 -0.45744697310473 -0.4621469645305 0.47252854446809 0.47181317303728 0.47380296415353 0.46545833487068 0.46570261049079 0.48086706298909 0.4791568598774 0.44777629337948 0.44838729842139 0.44854840866819 0.42158062246006 0.44993474409232 0.45034981998717 0.45284769927447 0.45238301419262 0.44448039478969 0.44386862266808 0.45078091357812 0.44849468947992 0.44766910078423 0.44686727094001 0.4468541751561 0.44181913812647 0.44126310763696 0.44165629057377 0.44932142617492 0.44606879429604 0.42039050504576 0.42040489625816 0.42040484993344 0.42522268077577 0.42566744372704 0.42042536883448 0.42049810029823 0.42049875244464 0.43018109168335 0.43084318149224 0.43167898354544 0.43117860767169 0.43198518722945 0.66009273231322 0.66544635283341 0.66742964647825 0.71263953635591 0.69689600245894 0.47844142923346 0.47638657448923 0.46922737996806 -0.4091325949751 -0.43863840489318 -0.43785252349023 0.42995257674975 0.4306613231762 0.42958249154123 0.4278690104291 0.42929440537768 0.42838675563327 0.42055794047026 0.42071207055935 0.42065175765949 0.4259828846736 0.42507439248904 0.42625910928768 0.42053394722023 0.42056702777597 0.42068739336125 0.42041042118638 0.42038967877444 0.42038110234842 0.43455810231651 0.44211357946087 0.44050007777345 0.44480206153377 0.44453166099476 0.44393813904685 0.42275003425549 0.42228226927823 0.42278381024767 0.4233874595245 0.42435407074945 0.68965474311673 0.67991846022914 0.70578528506098 0.42110050470636 0.41046305393015 0.40499776518769 -0.60192653429466 -0.64232433479991 -0.54706902078405 -0.55410208717053 -0.56753233950193 -0.67943788111233 -0.69080297655553 -0.69593684752452 0.44955378386501 0.44489417455799 0.4512171091073 0.48670782500259 0.47972337487081 0.46234875817283 0.46725218294491 0.59000266799494 0.48003925667997 0.48144834425308 0.48631439335666 0.48675938228945 0.48286312368128 0.4906662910227 0.49247089845216 0.493821617769 0.48283855436301 0.48115221649848 0.48305388309814 0.48502781322041 0.48828459919559 0.48594545868923 0.48420044270697 0.49052025212084 0.49398023578083 0.48832374628388 0.49479165335324 0.49757643923511 0.48566782876616 0.48808101866245 0.48875147218975 0.47661401929279 0.477547857813 0.48471616675151 0.48304724771527 -0.47112789324386 -0.47388938303261 -0.48933616527154 -0.49013720589977 -0.44318547948458 -0.44359950602336 -0.44575402046228 -0.44614435754845 -0.44465493000508 -0.51820035683231 -0.51150905726641 -0.55485969026509 -0.55891035645381 -0.56357398195539 0.45899936472227 0.45847706493098 0.45818383843145 0.4664959041474 0.46823836965701 0.46953873662318 0.46935675633922 0.47060246530579 0.47004323805962 0.46973455526349 0.45771227107357 0.45780309309712 0.45811372705447 0.45847499758063 0.45830827826713 0.4556171866752 0.45522994662043 0.45510770518167 0.45787789084283 0.45773546711083 0.45742772288017 0.45768675000111 0.45734482716412 0.45799900140865 0.45728011906952 0.45577011074451 0.45609241546156 0.45573940070708 0.45644571317907 0.45616339957951 0.45702771325687 0.45723474739702 0.45692109394655 0.45890547137394 0.45985900369736 0.45991407924196 0.46002512831 0.4593159469471 0.46042909384453 0.46074609499439 0.4610199113867 0.46456149024813 0.46455897469528 0.46547427769704 0.47222527001533 -0.5789733644338 -0.57165518206688 -0.58988318755159 -0.57758755847753 -0.59425605422139 0.35129584769137 0.43121493595134 0.43191138742108 0.39422630563759 0.48542889809184 0.47357548308114 0.49146316439146 0.42576560646518 -0.37495974652861 0.50049994421065 0.48764909761509 0.48836161785949 0.50030502321676 -0.45065726785996 -0.4511632820374 -0.44381001527497 -0.44819369567668 0.47228684694971 0.4710033307217 0.46985456256797 0.47799729248773 0.47659159553061 0.47574485761646 0.47158356112867 0.47200624382824 0.48010039489353 0.47497774008748 0.48376066699831 0.48554286405541 0.47541630069478 0.47709959396358 0.44285648570244 0.44246038265582 0.44305092273308 0.44511788731436 0.44423088079267 0.44522973020839 0.4449426882854 0.44268908926499 0.43734985931328 0.43776930634201 0.43658601751166 0.44546657906254 0.44551220523172 0.44511721202845 0.44300697880853 0.44336102424343 0.42458293334924 0.42438440031789 0.42484462268358 0.42068254010312 0.42106688312842 0.43037429185814 0.4303231483925 0.43098453682801 0.43289240575561 0.43239252666758 0.43228945970044 0.43123638298964 0.43214860759841 0.43449293572961 0.43562982611845 0.4341099468025 0.43163759889553 0.43278305920068 0.43682431673658 0.4363849460707 0.43507838998771 0.43560924188233 0.4296125508175 0.43170386119819 0.42809393396362 0.43017613481896 0.42902374891161 0.42988186148262 0.42986820396124 0.42868559995736 0.42626022092719 0.42669049046388 0.4272889650775 0.42522407885432 0.42420740820492 0.42383596092179 0.65409020439509 0.61760146560427 0.5950500383037 0.60981716129631 0.49086518884639 0.71409845187991 0.67350266443896 0.66413303215057 0.70652242853516 0.68281213634475 0.71716437846734 0.71372202193727 0.68582977163673 0.67751988274731 0.70386900923296 0.42094266003822 0.42105135600192 0.42604966709399 0.42696892399154 0.42288784198583 0.42194568784464 0.4219084619793 0.43926507101795 0.43984051167077 0.43604542887125 0.43945807217873 0.43924344347761 0.44089344439478 0.44338585544409 0.44306506248508 0.4223891365787 0.42131644327049 0.42131607755213 0.42229967193764 0.42208702774439 0.42200935011175 0.42191714426482 0.42238919293234 0.42352159665756 0.42243911351087 0.43011374085853 0.42962404985828 -0.63373014446017 -0.63021131031987 -0.610365099723 -0.64483630083073 -0.39860757409899 -0.47461197013719 -0.50057497732699 -0.32575842872197 0.37849529313202 -0.34477564915544 0.4763841954868 0.47435184270664 0.49243375420456 0.45580744729677 0.64589334446128 0.61759161682633 0.63442925332227 0.48617336229639 0.48166987901968 0.47809815267814 0.49978732501877 0.50576048567393 0.49244858072561 0.5027646605827 0.51298275391351 0.62923405970128 0.64182463816124 0.48373131365121 0.51124643876922 0.52639984827908 0.51410974030822 0.53226766181267 0.52220579761111 0.52995336795998 0.48368757263499 0.48955653023321 0.48952914880003 0.47950429381515 0.48604925900763 0.48889383556581 0.48754583284949 0.48648248517421 -0.4728952726979 -0.47224373410683 -0.47640949876614 -0.48460170651539 -0.48764393429254 -0.50248583633929 -0.49099060364704 -0.44343171955585 -0.44375539820654 0.45963391040921 0.45908759293673 0.45948941769145 0.45815792629384 0.4578718667908 0.45761772274276 0.45562666993398 0.45716296903412 0.45637343378058 0.45628326060951 0.45549331926676 0.45555890600727 0.45530101551045 0.45554879385241 0.45575092110521 0.45681700331409 0.45703247572908 0.45556579259949 0.45700094176741 0.45885477644 0.45833893775179 0.45804652791259 0.46089017534448 0.45779709096952 0.45880362639047 0.45873700372663 0.45836794177402 0.46162834058074 0.46161154687069 0.46265086416824 0.46722186299909 0.46633513367436 0.45785899212673 0.45787851055565 0.45809511356774 0.45760085212059 0.46441272460842 0.46798414408993 0.468747105295 -0.59138731469772 -0.56064584533492 -0.5513170460082 0.44699708954404 0.45451812863466 0.44593579413841 0.46217440616479 -0.33677412049295 0.40220169107396 -0.59519771706712 -0.57658270234904 -0.59365121110026 -0.62173229577552 0.42041956294427 0.38706539735435 0.35527170358639 0.43209229820525 0.68356910840641 0.67005303437276 0.47351436906703 0.48300836332486 0.46930951835678 -0.3939454875771 0.43902158701497 0.4606345441589 0.44269370760065 -0.41264593025978 -0.43365859048492 0.31144996059905 0.40858015508243 0.57019498744093 0.52783554839182 0.56416993663496 0.44866091569541 0.45470760199572 0.51483935824232 0.51068978126832 0.50817439222784 0.57811026511611 0.59124320749033 0.57158469397452 -0.45053069172728 -0.44775382698936 -0.456156882759 -0.4591391011971 -0.45529092358021 -0.46447429701495 -0.46787315963895 -0.46309640056581 -0.45462486700508 -0.45580420054161 -0.45638895171631 -0.45418099219929 -0.45258050653763 -0.47195843776374 -0.46082494612969 0.45013777387942 0.45021002971639 0.44925835158132 0.44527629576016 0.44514727240668 0.42533237774119 0.42508508515617 0.4262233601396 0.42054840560865 0.42050638354284 0.42307241085354 0.42358793558968 0.43687293520266 0.43704654422495 0.43587355015957 0.44255892574551 0.44263644989157 0.44200213749505 0.42496572512143 0.42219825594614 0.42374156744498 0.42138131096731 0.42068998839448 0.44188196864865 0.44331641842602 0.44240967834239 0.44296668501447 0.44324843927808 0.44619428441421 0.44648020457755 0.44729234550002 0.44141767300022 0.44172272890215 0.44412647122609 0.44402649857303 0.44360723416381 0.43693430741536 0.43812388171938 0.43919419036252 0.43894568708104 0.44047546908808 0.44474185974392 0.44543326516909 0.44446200308074 0.44453007439277 0.445302427556 0.44121174141592 0.44108630977169 0.44394564790244 0.43463092153549 0.43567509053426 0.43642824998512 0.43764299246643 0.43981349243125 0.43779242074795 0.43859657739187 0.43819181525864 0.43920603978203 0.44573991295199 0.44346440513948 0.44366322551738 0.42167364109588 0.42145060949554 0.42187719774521 0.42202112204976 0.42045150647515 0.42056200069555 0.42123946186005 0.42102600598126 0.42128454694858 0.42073034243214 0.42086961929918 0.42075199901552 0.42037884063715 0.42038659062606 0.42038782039682 0.42148719469601 0.42157989652224 0.42175142562861 0.42160732755973 0.42133042869675 0.42168020622066 0.421876523337 0.47037932178898 0.46948317439893 0.42112715390229 0.42098256565055 0.42454699241475 0.42037706162519 0.42037590450931 0.42083254438352 0.42091645145245 0.4207519618133 0.64331627761588 0.64124975631323 -0.44078098122133 0.33104499518826 -0.40368649499298 0.46385588018247 0.46593943322837 0.46549548401482 0.48118617673185 0.5055505423901 0.51164373605268 0.50835802409291 0.50265051494447 0.47487848970279 0.52704949088126 0.53349210060939 0.52324296841403 0.50739958518895 0.49029976515952 0.48393622524519 0.48408758166641 0.48259534829476 -0.47856292083545 -0.48450982998993 -0.51067432829031 -0.50715794010208 -0.50578585061481 -0.51359545331223 -0.51930293617648 -0.51452340781157 -0.48602146193415 -0.48428855524665 0.45760093615709 0.45695224531732 0.4573362768001 0.45780072741795 0.45799308062069 0.45684513297866 0.45649726730956 0.45729166178424 0.45537476199585 0.45539298351722 0.45569589204352 0.45578297405042 0.45601778013863 0.45598374461603 0.45662431965455 0.45637507172769 0.45594948756438 0.45593557648592 0.45598111821814 0.45621256974985 0.46382798042207 0.46420195124327 0.46530463123747 0.46255829106358 0.46353417248933 0.46371076608602 0.46822197927736 0.46856903880112 -0.43758753899172 -0.45583125965498 -0.41069558093006 -0.49395265889649 -0.4763050416205 -0.47948456445994 -0.45818845177914 -0.43367697069079 0.68197643968695 0.66702861551047 0.4594301160919 0.45215909810978 -0.45394334740609 -0.44005002833245 -0.55810753441306 0.43826298592656 0.44587773416879 0.55215148294011 0.54098127578137 0.56597914004459 0.59563357381166 0.5491444727474 0.54265814340049 0.54324416428374 0.5484742578527 0.53343312738499 0.44928801944649 0.44872562807592 0.44873363817117 0.44608371944101 0.4463465001809 0.44668050914619 0.42237024247595 0.42276097573682 0.42167710832189 0.44743477651367 0.44713294364996 0.44485272550974 0.44569916540924 0.44539727301074 0.44658218373324 0.44609549530371 0.44568772451556 0.44629257013477 0.43362812264471 0.43415539723991 0.42363969430633 -0.66217190894749 0.64000555282686 0.63947327486666 0.56311596747777 0.58966199417253 0.5771513412392 0.55586688509739 0.5325305036955 0.50483445763196 0.50022481263282 0.51877297239464 0.51186230026563 0.51022897798144 0.49709314274161 0.5060641496605 0.51102378683613 0.48976701689125 0.48504505912358 0.4837150708225 0.48859492490449 0.4887160934688 0.48703532344906 0.48666889663938 -0.50618929879823 -0.50692436192222 -0.50488763138609 0.45665624429556 0.45602714261711 0.457607640916 0.45542108132221 0.45552120555991 0.45486979273414 0.45526899366542 0.45540457596195 0.45578741616969 0.45541391013597 0.45422031442752 0.45385973719673 0.45378648220286 0.4622000527537 0.45872111331871 0.45945180168214 0.4600502036236 0.46070351906648 0.4630903293155 0.46435609894283 0.46512502577131 0.4662561925072 0.46413257863857 0.46825234031845 0.46873479946943 0.56627085400677 0.55712447605022 0.6101828820897 0.6372538031133 0.65882064340323 0.6320589787949 0.6013810479618 0.63729193689842 -0.4790765868045 -0.47504680551743 -0.48939233826294 -0.53915587178284 -0.55770095371818 -0.53179262431843 -0.51898563068402 0.56440674333885 0.60024150268725 -0.48741778832442 -0.53990356703583 0.5638673429462 0.49162344451895 -0.51111859652429 -0.51835311000475 -0.51390311563002 -0.51556596279462 0.61029122282705 0.5874045946971 0.58338963167104 0.56516359637676 0.49262083231575 0.62160015460288 0.62708222665244 0.45407995734896 0.45413556900532 0.45426879627851 0.45113569819278 0.45124971810147 0.45172029060774 0.42391897826095 0.42406509192942 0.42080296702245 0.42148636310364 0.42248191100149 0.42472732614217 0.42451276190793 0.4263455038051 0.42048464978716 0.42059216850808 0.42094268457416 0.42140472679919 0.44558408141289 0.44683769734303 0.44629860362001 0.44673023471557 0.44578045878156 0.44708788738649 0.44513255377778 0.43089758475685 0.43498378747175 0.4354762144682 0.43406664934506 0.43276648830334 0.43198782090008 0.43177616980091 0.43706828855603 0.43569155107749 0.42106938594067 0.42098481173063 0.42050356252272 0.4204529658406 0.42052952742359 0.42144355673852 0.42138642176752 0.53035460672031 0.57406364237174 0.54440756373575 0.53698206802257 0.55436215140566 0.54201556663647 0.52008116141451 0.56808825017256 0.65455131753134 0.50976143984142 0.525503250076 0.52384878964856 0.51943205557338 0.56108426490763 0.5711642379385 0.50068716217716 0.48270080201342 0.48441554484232 0.48119768108989 0.48081108571759 -0.49854326120087 -0.50515476263981 -0.50241563634088 -0.48294879897818 -0.48240673294767 -0.54326827259875 -0.54109337758887 -0.5356951700445 -0.50969293586128 -0.51393250417018 -0.52345126768931 -0.52673443854246 -0.52347312932028 -0.54985829975156 -0.55737099828493 -0.51595202338074 -0.52246323259302 -0.51039148237984 -0.50422591985097 -0.53168065179676 -0.53495196490012 -0.527395346837 -0.52982775129487 -0.53552593932624 -0.49641179957346 0.45505129955518 0.45456499267701 0.45451148626321 0.45458671726623 0.45435948900301 0.45452353233764 0.45474278114127 0.45490771403049 0.45492767742001 0.46484603950369 0.46956827410782 0.4706923270574 0.47244424360239 0.47222710144157 0.47992900164579 0.66926873523056 0.58983450265441 -0.51248715889401 -0.54590971140357 -0.53042815743897 -0.52743239275274 -0.56424909326741 0.43698923907883 0.44857734000971 0.45068734470248 0.44993057523313 0.4499478448126 0.42082590474025 0.42518208173862 0.42352335749817 0.43303264102829 0.43752577906923 0.43869981947747 0.43916543894359 0.62131068293453 0.67985931480083 0.67985667254095 0.54008915726487 0.55865531507812 0.54262236902546 0.54989003077558 0.48549335284205 0.47667969716438 0.47267767087909 0.47331252255278 0.47354226541028 0.47624630235761 0.47432541425228 0.47669088269915 0.47713768318069 0.47477565617369 0.47910194629125 0.48044366857164 0.45520126724667 0.4646557318552 0.46842429310115 0.46812940479103 0.46720458310593 0.47288962509547 0.46647239503722 -0.57013932356516 -0.60216888815612 0.44810272714746 0.44863581970752 0.4498282380343 0.45092617255052 0.44999463900206 0.45077096522335 0.45126915922994 0.45157927508163 0.45099003465568 0.45056768832477 0.45034549881861 0.43010104049114 0.43105821856534 0.46644882219441 -0.53326833688322 -0.53140648439545 -0.60404811012433 -0.59878972418743 -0.57877913109844 0.42786449392576 0.42383045775358 0.42417859310343 0.42311829965741 0.43020911305892 0.43189939147931 0.43246383245053 0.43254021095796 0.43362380931621 0.42694409738879 0.42868057551274 0.42681339086777 0.42577361256894 0.42773149871606 0.42549581758897 0.42480486967304 0.42737027857802 0.42946546732747 0.43420568779643 0.43424724627566 0.44554437795421 0.45924929778897 0.4552131241902 0.4555761296031 0.45519220250293 0.45507419598391 0.4544984545095 0.45471629170974 0.45512335335813 0.45431119748783 0.45406305694295 0.45422553917959 0.45338267796751 0.45368643003735 0.45352556857973 0.45488476713112 0.45437997954578 0.45507587019118 0.4546178146825 0.45431070754943 0.4539959902678 0.45417079392577 0.45449013946454 0.45442219639484 0.45344607133508 0.4530718402424 0.45326156432167 0.45312935027392 0.45317662882136 0.45280514778237 0.45456318889272 0.45434543192015 0.45277001658921 0.45310735406485 0.45318558695915 0.4539543799205 0.45420071868408 0.4536636196957 0.45340032929623 0.45367439911111 0.45230605873792 0.45200995574615 0.45410029432241 0.45393321054195 0.4537738371832 0.45665258869923 0.45678994037301 -0.54532974735449 -0.54944124271791 -0.5397272372937 -0.54456261868636 -0.55139989833614 -0.55465899409774 -0.52506863358251 -0.52239635421383 -0.51917461605059 -0.53097130944727 -0.52984470987856 -0.53223112185998 -0.47029702212619 -0.45183265753599 -0.44942858432532 -0.45196847218019 -0.45327538619394 -0.45487183566989 -0.45895498205368 -0.4568930542317 -0.45632047888004 -0.44513534183649 -0.44412269841653 -0.45037657106061 0.45052845339534 0.45215491821771 0.45021175791142 0.4501693437696 0.45311027566352 0.45309418528152 0.45278602005602 -0.51465647609613 -0.52116974869515 -0.54339222783199 -0.53561559853189 -0.54124604589704 -0.52684994188346 0.42274839542069 0.42383360923187 0.42135957700163 0.42204013811048 0.4219963195018 0.42364753564661 0.42769553567574 0.42648364431945 0.42521064798878 0.46747191047121 0.47484236604922 0.47271779288735 0.472892769648 0.47004854207462 0.47103862659629 0.47036326910592 0.46885834957394 0.42184971414598 0.4216327609805 0.42189030378817 0.42175397873041 0.4218660073509 0.42179966788331 -0.47146522264365 -0.46710792057455 -0.46497782395706 -0.46891363799609 -0.49468253992693 -0.49695231541746 -0.49234366357409 -0.48058433155457 -0.48182000337865 -0.49247231177295 -0.48769774301348 -0.47342721700129 -0.4769743821913 -0.47895287924808 -0.48497287098502 -0.47096306312605 -0.51057869367301 -0.50441324369514 -0.47835586146605 -0.47356015265338 -0.46690843041368 -0.47087861175561 -0.46304130611075 -0.49037241445969 -0.45757792563016 0.44082297894016 0.43701282883613 0.43601077434275 0.4374429949402 0.42094779640155 0.4696423524716 0.42095942999054 0.47071568396976 0.47109707722997 0.47190257323068 0.44960632753169 0.4489737109231 0.44896587695981 0.44837591103645 0.44846817521192 0.44720376983514 0.44835437799726 0.44676892479134 0.53537530201761 0.51695814937935 0.51433657001566 -0.52231948864599 0.42688446264579 0.42513941153779 0.42800191608191 0.45158571104529 0.45326263885658 0.45373336267724 0.45332915773548 0.45300696716777 0.4513240082251 0.45202499214124 0.4514538324901 0.45236778559124 0.45386532087007 0.45401666429312 0.45347643296884 0.44998904656048 0.45150236212121 0.45268209425833 0.452496843207 0.45304070581042 0.42749986466898 0.42901646000066 0.42777451609025 0.43245579437232 0.43699061334181 0.435111204049 0.43069869593022 0.4319247491988 0.43803598998286 0.43360740072932 0.43514509330348 0.45351344381106 0.45245702438002 -0.54456563589407 -0.54455982422254 -0.52787325050162 -0.5370136619108 -0.52576019066564 -0.53281683938281 -0.53500119733519 -0.53624923814985 -0.51423370408161 -0.52065576098384 -0.53022224002442 -0.52117182734516 -0.51042979407494 -0.50394368452098 -0.50084541158184 -0.50707025878403 -0.49384238614111 -0.5252476486302 -0.50333094703372 -0.50617780241104 -0.50092837547447 -0.50361270867074 -0.50927552555183 -0.50556847316795 -0.49920188695181 -0.49395329673438 -0.48906954683798 -0.44471926048227 -0.4449332738866 -0.44919603267769 -0.44995332335011 0.44736538205423 0.44752815700793 0.44788372167248 0.44939309988565 0.44978238505491 0.44952608202861 0.44864383234156 0.45095865186972 0.45032955271011 0.42436837544279 0.46983403667692 0.46783528522723 -0.46726298445332 -0.48088858917177 -0.48580657586222 -0.46637322070725 -0.47006443072796 -0.46206452736803 -0.48585334639233 -0.48952994030048 -0.49586702341732 -0.49335597105144 -0.46266860045421 -0.48599126477513 -0.48978758251425 -0.48293527123023 -0.48004197806353 0.43766581993217 0.44007033684267 0.44251832193251 0.44043251956869 0.44150985452113 0.44065589335833 0.4208940777438 0.42086968339553 0.42063898927559 0.420557621909 0.42061727307614 0.42041092256285 0.4203991273459 0.42043437772614 0.42042766178639 0.42041160364994 0.44765603668491 0.42584096710761 0.42949469092994 0.43058601449171 0.42703290956805 0.42744898391196 0.42877653811171 0.42998474936137 0.43009190456244 0.4299708214897 0.43120501330112 0.43229449532334 0.43900683654038 0.43304328628965 0.45369032206711 0.45372755043159 0.45215117431622 0.45202515221538 0.45204012499877 0.45242972652148 0.45237305275085 0.45168824389839 0.45357070222876 0.45309298469797 0.45127955780428 0.45123861890141 0.45064949020374 0.45023995316975 0.44944470609866 0.45341934352373 0.45158446385876 -0.48740370267294 -0.49936226221065 0.45135668618619 0.4513202428697 0.45189290543457 0.45026479706117 0.45239719968174 0.45264840872801 0.45236617570766 0.45180985582003 0.42037590128285 0.42041347286339 0.42038333823596 0.42038558713914 0.42039402395737 0.45378535794858 0.45389933094231 0.45375387161359 -0.44817168803871 -0.44868111064165 
