# vtk DataFile Version 3.0
d-2__ created by libgimli-v1.5.0-1-g5991b6ac
ASCII
DATASET UNSTRUCTURED_GRID
POINTS 3197 double
-10	1527.6321	0
-10	1497.6321	0
410	1497.6321	0
410	1527.6321	0
-1610	1527.6321	0
-1610	-102.3679	0
2010	1527.6321	0
2010	-102.3679	0
0	1527.6321	0
2.5	1527.6321	0
5	1527.6321	0
7.5	1527.6321	0
10	1527.6321	0
12.5	1527.6321	0
15	1527.6321	0
17.5	1527.6321	0
20	1527.6321	0
22.5	1527.6321	0
25	1527.6321	0
27.5	1527.6321	0
30	1527.6321	0
32.5	1527.6321	0
35	1527.6321	0
37.5	1527.6321	0
40	1527.6321	0
42.5	1527.6321	0
45	1527.6321	0
47.5	1527.6321	0
50	1527.6321	0
52.5	1527.6321	0
55	1527.6321	0
57.5	1527.6321	0
60	1527.6321	0
62.5	1527.6321	0
65	1527.6321	0
67.5	1527.6321	0
70	1527.6321	0
72.5	1527.6321	0
75	1527.6321	0
77.5	1527.6321	0
80	1527.6321	0
82.5	1527.6321	0
85	1527.6321	0
87.5	1527.6321	0
90	1527.6321	0
92.5	1527.6321	0
95	1527.6321	0
97.5	1527.6321	0
100	1527.6321	0
102.5	1527.6321	0
105	1527.6321	0
107.5	1527.6321	0
110	1527.6321	0
112.5	1527.6321	0
115	1527.6321	0
117.5	1527.6321	0
120	1527.6321	0
122.5	1527.6321	0
125	1527.6321	0
127.5	1527.6321	0
130	1527.6321	0
132.5	1527.6321	0
135	1527.6321	0
137.5	1527.6321	0
140	1527.6321	0
142.5	1527.6321	0
145	1527.6321	0
147.5	1527.6321	0
150	1527.6321	0
152.5	1527.6321	0
155	1527.6321	0
157.5	1527.6321	0
160	1527.6321	0
162.5	1527.6321	0
165	1527.6321	0
167.5	1527.6321	0
170	1527.6321	0
172.5	1527.6321	0
175	1527.6321	0
177.5	1527.6321	0
180	1527.6321	0
182.5	1527.6321	0
185	1527.6321	0
187.5	1527.6321	0
190	1527.6321	0
192.5	1527.6321	0
195	1527.6321	0
197.5	1527.6321	0
200	1527.6321	0
202.5	1527.6321	0
205	1527.6321	0
207.5	1527.6321	0
210	1527.6321	0
212.5	1527.6321	0
215	1527.6321	0
217.5	1527.6321	0
220	1527.6321	0
222.5	1527.6321	0
225	1527.6321	0
227.5	1527.6321	0
230	1527.6321	0
232.5	1527.6321	0
235	1527.6321	0
237.5	1527.6321	0
240	1527.6321	0
242.5	1527.6321	0
245	1527.6321	0
247.5	1527.6321	0
250	1527.6321	0
252.5	1527.6321	0
255	1527.6321	0
257.5	1527.6321	0
260	1527.6321	0
262.5	1527.6321	0
265	1527.6321	0
267.5	1527.6321	0
270	1527.6321	0
272.5	1527.6321	0
275	1527.6321	0
277.5	1527.6321	0
280	1527.6321	0
282.5	1527.6321	0
285	1527.6321	0
287.5	1527.6321	0
290	1527.6321	0
292.5	1527.6321	0
295	1527.6321	0
297.5	1527.6321	0
300	1527.6321	0
302.5	1527.6321	0
305	1527.6321	0
307.5	1527.6321	0
310	1527.6321	0
312.5	1527.6321	0
315	1527.6321	0
317.5	1527.6321	0
320	1527.6321	0
322.5	1527.6321	0
325	1527.6321	0
327.5	1527.6321	0
330	1527.6321	0
332.5	1527.6321	0
335	1527.6321	0
337.5	1527.6321	0
340	1527.6321	0
342.5	1527.6321	0
345	1527.6321	0
347.5	1527.6321	0
350	1527.6321	0
352.5	1527.6321	0
355	1527.6321	0
357.5	1527.6321	0
360	1527.6321	0
362.5	1527.6321	0
365	1527.6321	0
367.5	1527.6321	0
370	1527.6321	0
372.5	1527.6321	0
375	1527.6321	0
377.5	1527.6321	0
380	1527.6321	0
382.5	1527.6321	0
385	1527.6321	0
387.5	1527.6321	0
390	1527.6321	0
392.5	1527.6321	0
395	1527.6321	0
397.5	1527.6321	0
400	1527.6321	0
200	1497.6321	0
305	1497.6321	0
95	1497.6321	0
252.5	1497.6321	0
42.5	1497.6321	0
357.5	1497.6321	0
147.5	1497.6321	0
38.735947549981	1524.0302266034	0
199.09177532526	1524.0825432464	0
1.3226346634255	1522.4145817957	0
251.10025862673	1523.9594086605	0
93.660076585771	1523.920687694	0
303.72911130917	1523.7555251462	0
16.25	1497.6321	0
356.33361794196	1523.9010124991	0
146.16265089955	1523.9228417951	0
52.956619148389	1523.3860846115	0
64.105642514935	1520.209261963	0
106.69550813814	1524.4379439075	0
117.07478150062	1520.9430079465	0
159.19272611146	1524.4359589823	0
169.55596495308	1520.9181092535	0
213.78734240694	1522.9672824425	0
224.31144127011	1523.091120733	0
264.2238866731	1524.5678452971	0
278.75	1497.6321	0
291.13664419882	1524.5217787441	0
318.43228913466	1523.1642062539	0
336.79028868875	1523.5151971795	0
369.34088266639	1524.5089876089	0
383.75	1497.6321	0
398.36746264413	1523.521805026	0
45.795407898625	1524.7023672739	0
41.402975515932	1525.6257784677	0
35.317956040703	1524.8815288602	0
195.58069297319	1524.956874802	0
206.07149912467	1524.7511826093	0
201.58473688864	1525.6525863015	0
8.9702022642607	1524.2870595844	0
4.1815646988431	1524.9850561142	0
247.86776609875	1524.9183277697	0
256.69158334242	1524.24565929	0
253.85292477863	1525.1610592126	0
90.418999564327	1524.9030398997	0
99.220724459597	1524.1756652718	0
96.383419266022	1525.1264772186	0
300.93659911646	1525.5769658544	0
311.10352687918	1524.7434343191	0
306.54067024269	1525.5687795232	0
13.85795285663	1525.0964937753	0
26.221257068088	1524.9759515653	0
21.355301431607	1524.9207193183	0
18.819576793567	1525.6397298313	0
353.04278679688	1524.8015826423	0
361.83050071393	1524.2104826633	0
358.97503055287	1525.1366432352	0
142.92249572809	1524.9053317482	0
151.72063164063	1524.1755974113	0
148.88416484729	1525.1269352866	0
50.541714083025	1525.4524057287	0
60.828894167046	1523.6379816574	0
56.165527063401	1525.2154162	0
81.610276348933	1524.7193443856	0
76.162280884692	1524.4804580398	0
73.572060366878	1525.3781718463	0
68.706272769959	1525.2534380766	0
103.82981699791	1525.4083970486	0
113.68262322648	1524.16984061	0
109.10161014623	1525.6968098907	0
134.1230426261	1524.7396467364	0
128.69769584619	1524.5471841941	0
126.10585561502	1525.4459770676	0
121.27306761832	1525.3833380171	0
156.32872300662	1525.4076343153	0
166.17532345142	1524.1622216763	0
161.59933585632	1525.6951616778	0
186.67113074623	1524.7148422132	0
181.21714487499	1524.5080922416	0
178.6104430488	1525.4235283949	0
173.76854624366	1525.3710861543	0
210.8348252591	1525.3650672627	0
221.33604660296	1524.778614421	0
216.67205719245	1525.3761898991	0
239.07361237554	1524.6786244869	0
233.50956022766	1524.3886202808	0
231.03539946445	1525.5492494873	0
226.12845246097	1525.3099272883	0
261.3296018285	1525.4768130479	0
271.16504423887	1524.5976316352	0
266.64222969972	1525.7928218672	0
283.99275024496	1524.5900285123	0
281.28054677504	1525.5035376706	0
276.19200969354	1525.0907404599	0
296.43865011281	1524.7512932001	0
293.78953138257	1525.4974673867	0
288.55037834355	1525.6136563549	0
315.7572662507	1525.4137551153	0
326.74180538886	1524.3423104597	0
321.63110268728	1524.9990061821	0
343.92043420397	1524.5185388779	0
339.25579945523	1525.3796726129	0
333.07657256657	1524.650059775	0
366.40595671585	1525.4428273002	0
376.43628348484	1524.42714033	0
371.70671732603	1525.7610964959	0
390.83619463118	1524.3726914853	0
388.34347229283	1525.7180548591	0
383.72077335676	1525.8310387026	0
395.82300093463	1525.2687021597	0
43.411921565949	1525.7401411421	0
33.268575508272	1525.8168786102	0
193.4296259668	1525.8625794018	0
203.58287402027	1525.7661601734	0
6.2901561232047	1525.2980509339	0
245.82490516584	1525.8445450579	0
88.357174077666	1525.8415028295	0
298.88876835182	1525.7467585472	0
308.60315385247	1525.7366805208	0
11.493764485901	1525.4446016159	0
28.774557674058	1525.7472868581	0
23.770934517066	1525.758049692	0
350.90905638846	1525.7231250963	0
140.86037054018	1525.8431031605	0
48.512927151313	1525.6734053406	0
64.349451076312	1524.5859907531	0
58.308488416208	1525.2578042997	0
83.990657034989	1525.793572315	0
78.85469827344	1525.3797398201	0
66.533933421806	1525.5834878839	0
101.75284360549	1525.3651130149	0
117.02547736269	1524.8724412075	0
111.10083467753	1525.6529245905	0
136.49694891619	1525.8004074671	0
131.37080546447	1525.4080654955	0
119.11655914345	1525.7304286697	0
154.25216546861	1525.3646463378	0
169.51838565119	1524.862455499	0
163.5977489037	1525.6502651102	0
189.03478646665	1525.7979666543	0
183.89598993697	1525.3810869748	0
171.61185732876	1525.7218852084	0
208.71644132242	1525.6654713355	0
218.76411238207	1525.6812625088	0
241.46520015491	1525.7831646004	0
236.296570321	1525.3056153614	0
223.85499511082	1525.6854418364	0
259.24286245745	1525.4250357295	0
268.63377056289	1525.8003435483	0
273.82049255241	1525.5166792474	0
286.52777430721	1525.6285728821	0
313.70279001067	1525.6784857768	0
329.07355129996	1525.7494613679	0
323.85054102654	1525.1953266828	0
346.44798434306	1525.6245834562	0
341.28012998503	1525.5469327685	0
330.96410162016	1525.8003085986	0
364.32492900373	1525.3939714161	0
379.6711873036	1525.2493786286	0
373.72564228443	1525.7490064581	0
381.64806870457	1526.0692589045	0
393.73486696994	1525.4113664879	0
42.343031438903	1523.1449422348	0
31.027139934442	1525.5394430575	0
34.897736797537	1520.8225427417	0
191.25952601438	1525.6309160179	0
195.68489860779	1521.0941358937	0
202.78147027314	1523.1993716611	0
5.808213795426	1521.973477681	0
243.66655277148	1525.6165220296	0
247.72256212158	1521.0372474736	0
86.198904120158	1525.616386752	0
90.360944753196	1520.9685906376	0
299.58106550497	1523.2039136824	0
307.87427466179	1523.1535649875	0
15.46515368137	1522.1882745582	0
348.71849796201	1525.4383488995	0
353.2987293096	1520.8109782571	0
138.70410785251	1525.6207527389	0
142.87038740793	1520.981137232	0
48.69951470631	1522.9764998474	0
57.009867813446	1522.1743240935	0
72.922350772739	1522.0112702905	0
103.2514958793	1521.9828332059	0
110.24269554447	1523.1459091561	0
122.44354306583	1522.976333845	0
155.74895051573	1521.9812597235	0
162.73598813049	1523.140256226	0
174.93550633812	1522.9432858152	0
209.19316140277	1522.99361576	0
218.32066459387	1523.0377058809	0
227.36664660628	1522.640369493	0
260.72822623254	1522.1707215378	0
267.88478094996	1523.3926388902	0
278.93652827669	1525.0913405595	0
274.26764057636	1522.6952763811	0
314.15799705437	1523.0006221287	0
323.40179811454	1521.3692867452	0
331.25	1497.6321	0
344.43918356535	1519.7201360825	0
365.96045053585	1522.0650278114	0
373.0345664445	1523.318123854	0
384.31902158767	1521.297165227	0
394.52492801734	1522.1671519651	0
32.493602235958	1523.4657103035	0
192.86043888045	1523.48794105	0
245.13412389838	1523.4569269517	0
87.712310279892	1523.4314034145	0
350.37607000923	1523.1165287463	0
140.22099625555	1523.4409642203	0
71.254170755962	1525.1081034394	0
123.80832542438	1525.2132022344	0
176.30786872363	1525.1927037502	0
340.76963678996	1522.5726938717	0
380.13592896798	1521.774680639	0
31.320988527597	1520.8204012049	0
191.49113153479	1520.0180825535	0
243.6621858212	1519.9886021344	0
86.316117476408	1519.8880869825	0
349.24140760283	1519.0228343373	0
138.83753398387	1519.9225828935	0
69.800996678966	1522.719980018	0
134.8251675266	1520.849173791	0
187.4610888813	1520.7706596597	0
331.19931895218	1512.1311830425	0
384.7537717268	1524.016652261	0
254.01317307373	1522.3592669203	0
96.580417185259	1522.2725341269	0
228.80576049211	1514.9841572211	0
359.29610495051	1522.3115969163	0
149.08209536376	1522.2744919709	0
67.086129460974	1522.7951089047	0
121.8419907174	1518.9569543321	0
174.31591516547	1518.8933574411	0
228.74279103064	1525.2674228	0
277.68323246383	1522.1441344539	0
293.89408480658	1523.0203744301	0
382.37214901775	1524.036109144	0
12.148422849167	1522.6139580392	0
79.01223927314	1522.4282030513	0
131.55579024671	1522.5024399586	0
184.12143814154	1522.4264797661	0
236.41942060166	1522.2349575939	0
29.120545963279	1523.0304701918	0
189.7927211282	1523.4018222714	0
242.12529485564	1523.3927312457	0
84.681926743142	1523.3734781466	0
347.18427609419	1522.906580081	0
137.19825659066	1523.3944063009	0
256.62713629287	1519.4290541724	0
251.87700088912	1519.0579623392	0
99.210321075176	1519.2274246009	0
94.51532166095	1518.9144625647	0
18.68944453942	1522.9072190641	0
362.01464499752	1519.3278501968	0
357.50521856903	1518.9929000685	0
151.7108923191	1519.229714076	0
147.02188447454	1518.9248616558	0
240.49409180885	1516.3448553787	0
280.08344746185	1518.2169983317	0
271.12690785789	1519.6968552215	0
296.47399926117	1520.7447716161	0
291.67970146971	1519.7414448769	0
387.30287558448	1523.3096042579	0
23.775736498671	1523.6859003439	0
68.985675585941	1518.3942382175	0
125.54131214922	1522.2211579381	0
178.04983573279	1522.1592072192	0
239.78710418345	1520.8745249557	0
16.555159884985	1525.1795305557	0
173.75	1497.6321	0
226.25	1497.6321	0
68.75	1497.6321	0
328.25116192882	1519.4709547919	0
121.25	1497.6321	0
35.052001945126	1516.4856099475	0
74.35512667627	1517.0691356457	0
131.498722503	1518.4688189274	0
184.12712954751	1518.279004641	0
236.98447217924	1518.6633605716	0
225.58412550318	1519.5260052664	0
25.598068213544	1521.5290478024	0
21.928200943014	1521.3705226995	0
28.399777796802	1519.2701343898	0
18.01500571599	1518.2824500632	0
31.676844629294	1517.7027308795	0
24.13299217966	1517.0305753397	0
28.53099116287	1515.7143482533	0
29.375	1497.6321	0
31.839856056183	1513.2569237518	0
45.02374074987	1520.225712095	0
82.294345660358	1520.7898555488	0
127.06325938476	1517.4055984781	0
179.59313153893	1517.2444078897	0
205.79483714292	1520.5082898077	0
232.92508410923	1519.6135458075	0
281.00582801898	1522.6654744562	0
310.90010283064	1520.4965581997	0
216.62842297266	1512.3961211513	0
389.4967946985	1518.8146029082	0
284.09795982515	1520.5503099153	0
376.1395074199	1519.737636585	0
367.0420883564	1515.8350390946	0
206.18015709985	1514.9152697991	0
78.908856605747	1518.3127997617	0
128.86855039273	1521.0273889222	0
181.41818645472	1520.9224922055	0
9.577982315484	1519.5109704502	0
13.539241848821	1519.2381847674	0
37.15114228385	1512.2376036374	0
76.272148120724	1520.8621207148	0
119.79466165537	1523.14260929	0
172.28306503632	1523.1177064696	0
287.62011805982	1522.7388259998	0
301.05261205966	1518.7888310529	0
211.18853440762	1514.151727585	0
386.10239452346	1525.6878170289	0
200.6182035652	1518.518991507	0
287.39619309344	1518.6331014163	0
-10	1511.6321	0
59.428965790582	1517.9648949453	0
78.272651843364	1512.6961676508	0
83.274445101049	1516.0006172752	0
104.11606052867	1515.6836875905	0
112.89186096283	1519.3432282344	0
130.9363834923	1512.9605576269	0
135.83794690869	1516.1079535894	0
156.61102518597	1515.6813422644	0
165.37470278261	1519.3265695975	0
183.59584846637	1512.5191494827	0
188.68244580702	1515.8268923539	0
410	1511.6321	0
275.69652251942	1519.3183634646	0
54.291076022512	1517.5944903325	0
230.43170972423	1522.8861070326	0
217.76632263604	1518.7188195698	0
246.82133655423	1514.9412638288	0
89.665915731256	1514.7543158107	0
353.57473330262	1515.0392551467	0
142.19178109683	1514.7977041747	0
39.64496439516	1518.630008454	0
235.33924576257	1514.3444842578	0
209.99807362205	1518.809028958	0
12.496130060606	1513.6550729692	0
261.50742023886	1516.1498257369	0
306.38396957468	1518.7180708894	0
63.809954939596	1513.8229997708	0
108.04108443857	1519.5976409612	0
117.29864462718	1515.2283655653	0
160.53225902126	1519.5904569933	0
169.75611148601	1515.1840457688	0
186.875	1497.6321	0
370.97524959527	1519.7748767943	0
381.99006551898	1515.9861702516	0
-10	1519.6321	0
4.5213200541718	1515.3949728832	0
410	1519.6321	0
398.91880711422	1515.6461919041	0
194.59540072372	1515.590114161	0
49.305897623297	1518.482818887	0
44.280156678993	1513.522196091	0
50.519185957231	1513.2503627873	0
229.02139965211	1519.9225801693	0
221.61858770604	1520.8215507115	0
333.07221785247	1519.9769423303	0
330.19404533121	1523.3322208571	0
222.40705879092	1515.8596496224	0
81.875	1497.6321	0
134.375	1497.6321	0
111.09235126567	1513.0048335624	0
163.57329542158	1512.9880039127	0
374.41982021025	1513.2124280931	0
56.432434856168	1510.3552123345	0
55.625	1497.6321	0
213.87130847001	1517.4001037836	0
232.37981418664	1507.1198365697	0
319.99669856274	1516.7543940565	0
346.77315920787	1512.54694333	0
338.99300631442	1516.7541464015	0
224.05521246686	1508.7839695347	0
213.125	1497.6321	0
315.06985070788	1518.5761331239	0
310.8408791784	1514.9035471389	0
316.11951436922	1513.2020456763	0
209.31781058739	1507.3900466136	0
322.04363314659	1508.6010035362	0
318.125	1497.6321	0
26.587780781621	1511.454398167	0
255.05537679682	1512.6841651765	0
97.690366660404	1512.3415898356	0
360.68803055454	1512.5750154171	0
150.19629981485	1512.3538474078	0
275.36892049985	1513.9457265798	0
284.57943059867	1516.6910312381	0
289.07576280525	1513.6330099449	0
265.57809449068	1520.0084374177	0
282.31477181379	1512.6030519371	0
268.04460540664	1514.1433648211	0
240.48531955828	1509.4145403185	0
200.26173368861	1510.3066961978	0
324.97502151065	1515.6651224648	0
303.9323112171	1511.3100224715	0
278.80625650308	1507.3133136672	0
19.857976926946	1511.7718303562	0
70.769200183652	1510.0937792919	0
123.75636691355	1510.8290323621	0
176.12522997982	1510.7151827137	0
-4.4021223972518	1522.7721374699	0
403.45692468776	1522.8124129032	0
339.9617263408	1506.8135300711	0
32.010230564608	1506.0994560099	0
296.25769619581	1515.1689625486	0
-3.3294320900029	1516.556502826	0
23.14230631471	1504.9761671431	0
35.9375	1497.6321	0
291.875	1497.6321	0
295.3575795646	1506.8761342073	0
190.89001073148	1507.8224930859	0
84.238914942366	1509.5502865399	0
136.80861815309	1509.6648705368	0
217.87405454102	1504.7627188502	0
922	1527.6321	0
344.375	1497.6321	0
160.625	1497.6321	0
-522	1527.6321	0
6.1415891732075	1490.3869040817	0
105.52493385391	1507.9673685175	0
14.771579717234	1505.3042452571	0
63.079379932359	1505.9077156588	0
117.20172890366	1508.3193821041	0
169.66049850514	1508.2825300876	0
-1034	1527.6321	0
1434	1527.6321	0
3.125	1497.6321	0
40.021971071992	1505.570209298	0
147.58977102134	1486.3260761033	0
38.870473388362	1488.8462171365	0
286.02780922842	1505.9430431725	0
182.24509959461	1505.2633726167	0
78.116263287125	1505.1200186915	0
130.74138190386	1505.3150716953	0
108.125	1497.6321	0
370.625	1497.6321	0
265.625	1497.6321	0
48.23181093335	1506.3253123753	0
33.651098008196	1463.4766700925	0
347.22470552741	1504.1834282899	0
354.13000614682	1506.2931859263	0
368.42818963792	1508.1045073534	0
239.375	1497.6321	0
158.02009624191	1507.9654600861	0
-266	1527.6321	0
666	1527.6321	0
-1.414767659777	1507.5028557212	0
9.6875	1497.6321	0
7.1975383007242	1506.1851223196	0
81.104397089153	1486.994158757	0
13.402303102884	1489.2316770586	0
350.9375	1497.6321	0
136.47135290905	1489.2125799389	0
200	-102.3679	0
362.26909260281	1504.4468963216	0
375.61082438161	1504.9417338239	0
271.61505668863	1506.5376560929	0
263.12986306097	1508.6078240094	0
99.530434202638	1504.2366391784	0
112.63655916659	1504.9105874823	0
152.03397005007	1504.2445026368	0
165.12351388195	1504.8995592569	0
-138	1527.6321	0
538	1527.6321	0
62.788967365812	1483.3129679559	0
23.230082379417	1488.9281890604	0
43.743381764802	1471.1964217914	0
364.46116836181	1487.970327319	0
380.876816057	1508.1453915704	0
256.96307288373	1504.5338235838	0
91.335150747239	1505.6085610914	0
143.85526801512	1505.6425780945	0
-74	1527.6321	0
474	1527.6321	0
388.64912192112	1508.9745594208	0
248.53111453368	1506.1375383186	0
88.4375	1497.6321	0
140.9375	1497.6321	0
-42	1527.6321	0
442	1527.6321	0
84.799517106048	1503.1090766013	0
338.57062915886	1489.1812391796	0
92.561174861649	1489.3905149141	0
137.34174275378	1503.1769602101	0
131.60248861428	1475.5466176451	0
49.045511896971	1487.7968185561	0
-26	1527.6321	0
426	1527.6321	0
346.29621303845	1489.5984261163	0
75.979236220353	1467.3722089267	0
96.612325720371	1475.6382089753	0
312.53660933217	1482.794557563	0
-19.833869888478	1513.8630148578	0
-18	1527.6321	0
418	1527.6321	0
420.05011001355	1513.2677974921	0
312.67573186789	1507.2110742615	0
101.37201569658	1488.9303279166	0
-2.9812814803097	1486.7693296663	0
42.797918911956	1480.9331075691	0
51.14314625837	1478.1220873332	0
396.875	1497.6321	0
166.59378230521	1479.2954350487	0
383.09427440639	1470.124062644	0
33.267349459904	1445.5031978248	0
-34.303165886054	1514.5181626009	0
434.97775998829	1512.9465584402	0
398.06513504964	1472.032192077	0
258.70189622676	1484.940672089	0
206.05936405654	1479.9588543852	0
327.6904156497	1484.3894465601	0
354.36727254558	1486.9589667136	0
61.016806894636	1444.1462053489	0
17.545581675854	1480.0780788883	0
12.55376599663	1462.9998893312	0
-30.813674015665	1498.3123302981	0
431.33076001001	1495.4436442973	0
244.11488644115	1479.4604073538	0
390.31627042782	1484.5211877893	0
231.05674375835	1486.5845366928	0
404.03308927424	1484.385638723	0
148.94945961479	1467.2622894125	0
127.64941253248	1488.8738714325	0
376.00702251308	1485.0559974601	0
-53.307143082321	1505.0715223593	0
455.46663073048	1500.2195424224	0
45.842780663199	1458.3510858232	0
363.72970469485	1472.2096263345	0
31.652724128039	1490.3122167228	0
419.49971467113	1480.7279779194	0
297.99549759418	1484.2229738145	0
-19.907704693655	1481.1823703838	0
220.3342422057	1486.6683101659	0
272.7163737397	1480.2727412196	0
181.17583455672	1486.5297814049	0
303.88206909817	1469.9775052039	0
225.04531235128	1471.5190759811	0
285.99070390794	1486.1421083938	0
297.63193751032	1449.0451738142	0
288.52524948409	1470.7872781179	0
395.84119781084	1435.0288001912	0
243.27653539259	1448.1368569604	0
343.18354142431	1476.3416139226	0
-5.1556888352659	1473.0515397195	0
424.88604134004	1456.3079015484	0
95.881829770394	1446.3836803885	0
6.9524183125931	1480.4335061316	0
272.6914866175	1454.7857782866	0
409.28176006728	1473.2273519166	0
114.42102607764	1484.3028099416	0
192.12113387076	1486.641521771	0
204.81841180258	1448.0692317015	0
167.01950700091	1448.1332248642	0
419.72191243234	1438.9585195506	0
415.21512029693	1454.9203207936	0
394.40170521711	1456.5705720617	0
406.45734529467	1449.6752264868	0
-23.570383784062	1453.5475449505	0
258.32090179071	1469.5342784351	0
417.67436225323	1465.9907200684	0
463.25864235949	1467.3940241459	0
406.8661049608	1462.1229491889	0
114.04110068883	1465.7701747353	0
375.59679182406	1448.9537514853	0
430.00427106212	1467.5567350232	0
366.91668122159	1409.3607915834	0
274.95665368348	1410.3117164678	0
410.69886478443	1402.6445679717	0
497.37357901381	1486.1771091305	0
-48.616562866929	1477.3823200538	0
-91.171106298093	1484.7114722942	0
442.75210876177	1469.9719660236	0
131.11851724136	1446.8170388527	0
442.98521365187	1418.8579046214	0
322.16655987419	1424.5243116137	0
186.32011552439	1471.4412284477	0
445.3399576807	1482.6137827664	0
441.10768881767	1451.1026282925	0
464.0405219307	1437.0590447014	0
-74.671227397471	1441.0391876928	0
349.02638889505	1449.0439954137	0
112.28066084564	1415.1515455935	0
433.79692297717	1479.3299254599	0
445.7625829979	1373.5063998889	0
56.804580614739	1467.1074929326	0
476.31162239187	1404.6662395036	0
77.587599171979	1409.0476201696	0
38.309144140619	1414.1230645215	0
2.3065321997511	1386.3900589608	0
496.69434291007	1440.1331120314	0
522.57678496968	1390.5618495263	0
146.302289241	1408.9611884759	0
486.38855653316	1362.8369263656	0
107.02928233043	1363.469419609	0
221.15279582829	1402.124417269	0
30.534013294299	1478.3602016859	0
46.605194766268	1369.7072991365	0
322.31714840736	1462.3320629897	0
465.77606611997	1309.5497535115	0
4.530848032561	1428.7541814636	0
182.95500585775	1414.475330696	0
522.02530698814	1331.3078564852	0
-37.72651084867	1409.4486925477	0
321.06008820038	1365.3181938822	0
557.2588691978	1451.9222977463	0
392.19407113369	1335.7502920809	0
173.89279792677	1364.4314478889	0
-48.592875074674	1354.688570032	0
-90.626830966532	1391.0147374955	0
538.39258455483	1243.0842897423	0
598.38937235463	1346.0555991289	0
243.86799323845	1325.6291368405	0
2.3871335871846	1339.2970356077	0
-41.082559329555	1279.3299031141	0
46.995846858815	1304.2640127809	0
-160.56519643708	1428.8414201626	0
138.48280691027	1269.8963659438	0
-135.39110719162	1319.5671746011	0
23.002471368653	1201.1937338053	0
602	1527.6321	0
647.04838316063	1442.5397764003	0
410.11938431496	1203.6299762033	0
794	1527.6321	0
323.70191450239	1282.677274672	0
249.39576765403	1180.803779769	0
-144.46455283281	1152.3890514406	0
725.47080585711	1349.0639309532	0
118.47303146733	1145.0207828987	0
678.70973604767	1209.4205327767	0
11.785822699888	1051.2459432756	0
854.90906978091	1235.8080177441	0
164.5255482597	1017.815502339	0
-331.55742114026	1308.6151823962	0
734.84168576696	1450.6408782081	0
842.65021786411	1405.2301284781	0
1025.8350325391	1339.47526533	0
557.46563589675	1051.4167392896	0
-144.01748394215	899.13351110356	0
1059.870443383	1081.4462302808	0
1178	1527.6321	0
341.71959820023	1015.6399941175	0
800.94407938298	1025.9641793536	0
46.76282720773	886.14132378553	0
452.72005065177	813.73583082283	0
-16.543297948224	636.08712962815	0
214.9659559733	822.37058445164	0
299.68649515359	562.40459473284	0
-401.82933148856	1001.9087226125	0
1299.5404613489	1257.3628707467	0
681.2973095453	841.89938145684	0
1105	-102.3679	0
975.67165076979	732.59898823242	0
-705	-102.3679	0
-693.58663369287	1200.1445968427	0
-366.19465616406	660.80173773732	0
2010	712.6321	0
1405.7521546987	893.83923783851	0
621.33680652364	582.86713467521	0
2010	1120.1321	0
-734.85176742112	787.09263958721	0
652.5	-102.3679	0
-1610	712.6321	0
73.278980119105	265.95383999225	0
1395.4852329798	404.90863149497	0
452.25257104034	250.30570832827	0
-658.63706756454	287.94110403199	0
-244.00861538086	349.82161909644	0
-252.5	-102.3679	0
1694.8550469473	1173.2278171945	0
867.00098122602	294.39570689744	0
-1157.5	-102.3679	0
-1138.9186335417	1046.5425110498	0
-1610	409.6321	0
-1151.6100493671	523.61861551799	0
237.58581509975	1483.0224720233	0
241.74494322058	1488.5462536769	0
235.21587187917	1492.1083183464	0
44.069219668764	1523.9236547543	0
43.683386094387	1521.6853271649	0
45.409574324247	1522.4640396845	0
196.5403464866	1526.294487401	0
196.25	1527.6321	0
195.2903464866	1526.294487401	0
-22	1527.6321	0
-22.916934944239	1520.7475574289	0
-18.916934944239	1520.7475574289	0
2.8913853204736	1506.8439890204	0
5.859429177448	1510.7900476014	0
1.5532761971974	1511.4489143022	0
184.02541727836	1492.0809407024	0
180.3125	1497.6321	0
177.46291727836	1492.0809407024	0
-2.2010611986259	1525.2021187349	0
-1.5397438669131	1522.5933596328	0
0.66131733171276	1525.0233408979	0
138.70442645452	1493.4223399695	0
137.65625	1497.6321	0
135.42317645452	1493.4223399695	0
36.665966103127	1479.6466546275	0
40.834196150159	1484.8896623528	0
34.702243341331	1483.6032094112	0
1.25	1527.6321	0
1.9113173317128	1525.0233408979	0
154.0625	1497.6321	0
147.54488551067	1491.9790880517	0
154.10738551067	1491.9790880517	0
4.5907823494215	1526.3085780571	0
5.2358604110239	1525.1415535241	0
5.6450780616023	1526.4650754669	0
13.003187852898	1523.8552259072	0
12.675858671265	1525.2705476956	0
11.821093667534	1524.0292798276	0
248.93388304938	1526.2752138849	0
248.75	1527.6321	0
247.68388304938	1526.2752138849	0
3.75	1527.6321	0
3.3407823494215	1526.3085780571	0
91.459499782164	1526.2675699499	0
91.25	1527.6321	0
90.209499782164	1526.2675699499	0
11.99688224295	1526.538350808	0
13.178976428315	1526.3642968876	0
301.71829955823	1526.6045329272	0
301.25	1527.6321	0
300.46829955823	1526.6045329272	0
40.701487757966	1526.6289392339	0
39.36797377499	1525.8311633017	0
40.069461532956	1524.8280025355	0
13.75	1527.6321	0
14.428976428315	1526.3642968876	0
354.02139339844	1526.2168413212	0
353.75	1527.6321	0
352.77139339844	1526.2168413212	0
15.777579942493	1526.4058152779	0
17.027579942493	1526.4058152779	0
16.25	1527.6321	0
18.75	1527.6321	0
18.159788396783	1526.6359149157	0
19.409788396783	1526.6359149157	0
86.832785975401	1488.1923368355	0
90.499337430825	1493.511307457	0
84.770948544577	1492.3131293785	0
15.206556370807	1525.1380121655	0
348.61685651922	1493.6152630581	0
350.33174279202	1488.2786964149	0
352.65238627279	1492.2955333568	0
38.75	1527.6321	0
38.11797377499	1525.8311633017	0
23.135467258533	1526.695074846	0
24.385467258533	1526.695074846	0
23.75	1527.6321	0
34.293265774488	1525.3492037352	0
35.158978020351	1526.2568144301	0
34.134287754136	1526.7244893051	0
36.408978020351	1526.2568144301	0
36.25	1527.6321	0
198.75	1527.6321	0
198.29588766263	1525.8573216232	0
199.54588766263	1525.8573216232	0
37.026951795342	1524.4558777318	0
32.884287754136	1526.7244893051	0
33.75	1527.6321	0
17.622302212203	1524.0433748099	0
16.010156783178	1523.6839025569	0
17.077299110395	1522.5477468111	0
26.25	1527.6321	0
25.610628534044	1526.3040257826	0
26.860628534044	1526.3040257826	0
204.42648469891	1523.9752771352	0
204.28815370803	1521.8538307344	0
205.9331681338	1522.6297362085	0
24.996095792577	1525.3670006286	0
143.96124786405	1526.2687158741	0
143.75	1527.6321	0
142.71124786405	1526.2687158741	0
89.178587038833	1526.7368014148	0
88.75	1527.6321	0
87.928587038833	1526.7368014148	0
35.2615987582	1489.5792169296	0
37.403986694181	1493.2391585683	0
33.795112064019	1493.9721583614	0
262.47605645282	1523.3692834175	0
262.7767442508	1525.0223291725	0
261.02891403052	1523.8237672928	0
89.388086820997	1525.3722713646	0
88.034742178779	1524.636453122	0
89.06565492211	1524.1672216571	0
104.97350200872	1523.2103885567	0
105.26266256802	1524.923170478	0
103.54065643861	1523.6956151273	0
42.955960782974	1526.686120571	0
41.951487757966	1526.6289392339	0
42.407448540941	1525.6829598049	0
52.728309574195	1525.5090923057	0
51.520857041512	1526.5422528644	0
51.749166615707	1524.4192451701	0
93.75	1527.6321	0
93.080038292886	1525.776393847	0
94.330038292886	1525.776393847	0
41.25	1527.6321	0
251.25	1527.6321	0
250.55012931336	1525.7957543303	0
251.80012931336	1525.7957543303	0
303.75	1527.6321	0
303.11455565458	1525.6938125731	0
304.36455565458	1525.6938125731	0
50.270857041512	1526.5422528644	0
51.25	1527.6321	0
33.90577913833	1524.1736195818	0
32.881088872115	1524.6412944569	0
55.582763531701	1526.4237581	0
56.832763531701	1526.4237581	0
56.25	1527.6321	0
57.904244208104	1526.4449521499	0
57.237007739805	1525.2366102499	0
367.65066660112	1523.2870077101	0
367.87341969112	1524.9759074545	0
366.18320362585	1523.7539275558	0
53.75	1527.6321	0
53.978309574195	1525.5090923057	0
9.2740922898723	1521.8990150173	0
7.3892080298434	1523.1302686327	0
7.693098055455	1520.7422240656	0
49.527320617169	1525.5629055347	0
49.256463575656	1526.6527526703	0
309.48890077048	1523.9484996533	0
309.38718874621	1521.8250615936	0
311.00181485491	1522.6199962594	0
157.47083831359	1523.2086093529	0
157.76072455904	1524.9217966488	0
156.03883676117	1523.6944470194	0
63.424725538156	1526.1090453766	0
61.664447083523	1525.6350408287	0
62.589172621679	1524.1119862052	0
74.867170625785	1524.929314943	0
73.247205569808	1523.6947210684	0
74.542315828716	1523.2458641652	0
69.353136384979	1526.4427690383	0
69.98022176296	1525.180770758	0
70.627085377981	1526.3701017197	0
71.877085377981	1526.3701017197	0
71.25	1527.6321	0
54.561073105895	1524.3007504057	0
68.103136384979	1526.4427690383	0
68.75	1527.6321	0
146.25	1527.6321	0
145.58132544978	1525.7774708976	0
146.83132544978	1525.7774708976	0
67.896201115466	1524.0242734907	0
68.44356306997	1522.7575444613	0
69.253634724462	1523.9867090473	0
79.42734913672	1526.50591991	0
80.232487311187	1525.0495421028	0
80.805138174466	1526.1757221928	0
78.17734913672	1526.50591991	0
78.75	1527.6321	0
127.4017757306	1524.9965806309	0
125.82358388212	1523.8335675029	0
127.1195039977	1523.3841710661	0
121.88653380916	1526.5077190086	0
121.25	1527.6321	0
120.63653380916	1526.5077190086	0
82.055138174466	1526.1757221928	0
81.25	1527.6321	0
92.039538075049	1524.4118637968	0
120.53386463685	1524.2629736535	0
121.1191023606	1523.0594715675	0
121.85830534208	1524.1798359311	0
107.09775406907	1526.0350219537	0
107.89855914219	1525.0673768991	0
108.30080507312	1526.6644549454	0
73.036030183439	1526.5051359231	0
74.286030183439	1526.5051359231	0
73.75	1527.6321	0
65.766966710903	1526.607793942	0
67.016966710903	1526.607793942	0
66.25	1527.6321	0
66.81003144139	1524.1892983943	0
67.620103095882	1525.4184629803	0
356.25	1527.6321	0
355.66680897098	1525.7665562496	0
356.91680897098	1525.7665562496	0
194.2148129834	1526.7473397009	0
193.75	1527.6321	0
192.9648129834	1526.7473397009	0
2.7520996811343	1523.699818955	0
159.59636305573	1526.0340294911	0
160.39603098389	1525.06556033	0
160.79966792816	1526.6636308389	0
194.50515946999	1525.4097271019	0
193.14503242362	1524.6752602259	0
194.22056592682	1524.222407926	0
173.02580563999	1524.2443963119	0
173.60928568722	1523.0304961424	0
174.35202629089	1524.1571859847	0
95.691709633011	1526.3792886093	0
96.941709633011	1526.3792886093	0
96.25	1527.6321	0
105.84775406907	1526.0350219537	0
104.41490849896	1526.5202485243	0
219.96962614996	1521.9296282962	0
221.4773171545	1522.8000825663	0
219.82835559841	1523.9081601509	0
95.021747925897	1524.5235824563	0
170.80592866438	1526.6769926042	0
172.05592866438	1526.6769926042	0
171.25	1527.6321	0
226.81422623049	1526.4710136441	0
226.25	1527.6321	0
225.56422623049	1526.4710136441	0
103.75	1527.6321	0
103.16490849896	1526.5202485243	0
276.93762107868	1523.6174374569	0
275.22982513495	1523.8930084205	0
275.97543652009	1522.4197054175	0
109.55080507312	1526.6644549454	0
108.75	1527.6321	0
110.55041733877	1526.6425122953	0
110.10122241188	1525.6748672406	0
264.61194333655	1526.0999726486	0
265.43305818641	1525.1803335822	0
265.82111484986	1526.7124609336	0
106.25	1527.6321	0
234.95477814424	1519.1384531896	0
236.70194639045	1520.4491590828	0
234.67225235545	1520.9242517007	0
102.7913303017	1525.3867550318	0
102.12642180275	1526.4986065075	0
214.39367120347	1525.2996912213	0
215.2296997997	1524.1717361708	0
215.83602859623	1526.5041449496	0
271.14597604838	1522.1472434283	0
269.52491259442	1523.9951352627	0
269.50584440392	1521.5447470558	0
116.01273868134	1526.2522706038	0
114.34131161324	1525.900970305	0
115.35405029459	1524.5211409088	0
287.07394618351	1524.183699441	0
288.08524820169	1524.1762411774	0
287.53907632538	1525.6211146185	0
141.89143313414	1525.3742174544	0
140.54068339787	1524.6420336904	0
141.57174599182	1524.1731479842	0
123.15416271219	1526.4226511172	0
122.54069652135	1525.2982701258	0
321.69924833864	1519.0618404009	0
320.9170436246	1522.2667464995	0
319.2144938487	1519.9593001552	0
118.30827957172	1526.6812643349	0
119.55827957172	1526.6812643349	0
118.75	1527.6321	0
289.27518917178	1526.6228781775	0
288.75	1527.6321	0
288.02518917178	1526.6228781775	0
332.78828628328	1526.1410798875	0
334.03828628328	1526.1410798875	0
333.75	1527.6321	0
126.80292780751	1526.5390385338	0
126.25	1527.6321	0
125.55292780751	1526.5390385338	0
133.31152131305	1526.1858733682	0
131.93540273223	1526.5200827478	0
132.74692404529	1525.0738561159	0
330.48205081008	1526.7162042993	0
331.73205081008	1526.7162042993	0
331.25	1527.6321	0
369.6704413332	1526.0705438044	0
370.52379999621	1525.1350420524	0
370.85335866302	1526.696598248	0
141.68018527009	1526.7376015803	0
134.56152131305	1526.1858733682	0
133.75	1527.6321	0
380.82403435228	1526.8506794522	0
382.07403435228	1526.8506794522	0
381.25	1527.6321	0
130.68540273223	1526.5200827478	0
131.25	1527.6321	0
383.34558530271	1522.6666371855	0
381.25403899286	1522.9053948915	0
382.22747527783	1521.535922933	0
124.40416271219	1526.4226511172	0
123.75	1527.6321	0
319.21614456733	1525.398153127	0
320.03169591097	1524.081606218	0
320.81555134364	1526.3155530911	0
119.45561039941	1524.4365189799	0
120.19481338088	1525.5568833434	0
276.25	1527.6321	0
275.59600484677	1526.3614202299	0
276.84600484677	1526.3614202299	0
396.66150046732	1526.4504010799	0
396.25	1527.6321	0
395.41150046732	1526.4504010799	0
141.25	1527.6321	0
140.43018527009	1526.7376015803	0
44.603664732287	1525.221254208	0
42.877476502426	1524.4425416884	0
148.19208242364	1526.3795176433	0
149.44208242364	1526.3795176433	0
148.75	1527.6321	0
158.34636305573	1526.0340294911	0
156.91436150331	1526.5198671577	0
45.397703949312	1526.167233637	0
46.647703949312	1526.167233637	0
46.25	1527.6321	0
147.52340787342	1524.5248885408	0
396.44619533074	1522.8444784955	0
397.09523178938	1524.3952535929	0
395.17396447599	1523.7179270624	0
44.205960782974	1526.686120571	0
43.75	1527.6321	0
156.25	1527.6321	0
155.66436150331	1526.5198671577	0
28.137278837029	1526.6896934291	0
27.497907371073	1525.3616192117	0
162.04966792816	1526.6636308389	0
161.25	1527.6321	0
163.04887445185	1526.6411825551	0
162.59854238001	1525.672713394	0
189.51739323333	1526.7150333272	0
188.75	1527.6321	0
188.26739323333	1526.7150333272	0
158.75	1527.6321	0
29.387278837029	1526.6896934291	0
28.75	1527.6321	0
155.29044423762	1525.3861403266	0
154.62608273431	1526.4983731689	0
41.873003477418	1524.3853603512	0
40.539489494442	1523.5875844191	0
197.38833696653	1522.58833957	0
198.1515510865	1519.8065637003	0
199.85498944523	1521.3007673767	0
168.5091928256	1526.2472777495	0
166.83766172571	1525.8971608382	0
167.84685455131	1524.5123385877	0
202.18310358089	1524.4259789813	0
200.33825610695	1524.8675647739	0
200.9366227992	1523.6409574537	0
174.38427312183	1526.5015930772	0
175.03820748364	1525.2818949523	0
175.65393436181	1526.4124018751	0
176.90393436181	1526.4124018751	0
176.25	1527.6321	0
203.04143701013	1526.6991300867	0
204.29143701013	1526.6991300867	0
203.75	1527.6321	0
173.13427312183	1526.5015930772	0
173.75	1527.6321	0
205.53574956233	1526.1916413047	0
206.78574956233	1526.1916413047	0
206.25	1527.6321	0
8.2351011321304	1525.9595797922	0
9.4851011321304	1525.9595797922	0
8.75	1527.6321	0
184.44799496849	1526.5065934874	0
185.2835603416	1525.047964594	0
185.83556537312	1526.1734711066	0
183.19799496849	1526.5065934874	0
183.75	1527.6321	0
4.9948892471345	1523.4792668976	0
3.5654242294258	1522.1940297384	0
241.98260007746	1526.7076323002	0
241.25	1527.6321	0
240.73260007746	1526.7076323002	0
187.08556537312	1526.1734711066	0
186.25	1527.6321	0
197.33623414923	1524.5197090242	0
239.53680618777	1526.1553622434	0
240.26940626522	1525.2308945436	0
6.8950780616023	1526.4650754669	0
6.25	1527.6321	0
178.0552215244	1526.5278141975	0
179.3052215244	1526.5278141975	0
178.75	1527.6321	0
7.6301791937327	1524.7925552591	0
6.0491849593153	1523.6357643074	0
171.94746118254	1524.419795839	0
172.69020178621	1525.5464856814	0
187.85295860644	1525.2564044338	0
144.54257331382	1524.4140867716	0
383.56296037228	1524.0263807025	0
384.23727254178	1524.9238454818	0
383.04646118726	1524.9335739233	0
144.26363551067	1491.9790880517	0
144.21875	1497.6321	0
179.9137939619	1524.9658103183	0
178.3301393908	1523.7913678071	0
179.63349030389	1523.3336497304	0
255.84579167121	1525.938879645	0
257.09579167121	1525.938879645	0
256.25	1527.6321	0
200.79236844432	1526.6423431507	0
254.42646238931	1526.3965796063	0
255.27225406052	1524.7033592513	0
202.58380545446	1525.7093732374	0
202.04236844432	1526.6423431507	0
212.31108383302	1524.1661748526	0
213.14367120347	1525.2996912213	0
211.66741262955	1526.4985836314	0
84.495328517494	1526.7128361575	0
83.75	1527.6321	0
83.245328517494	1526.7128361575	0
201.25	1527.6321	0
253.93304892618	1523.7601630664	0
252.47659170268	1524.5602339366	0
252.55671585023	1523.1593377904	0
97.895369130217	1520.7499793639	0
99.215522767387	1521.7015449364	0
97.900570822428	1523.2240996994	0
211.25	1527.6321	0
210.41741262955	1526.4985836314	0
96.48191822564	1523.6995056728	0
95.120246885515	1523.0966109105	0
216.25	1527.6321	0
217.08602859623	1526.5041449496	0
217.71808478726	1525.528726204	0
218.13205619104	1526.6566812544	0
98.360362229799	1525.9038826359	0
97.80207186281	1524.6510712452	0
213.75	1527.6321	0
99.610362229799	1525.9038826359	0
98.75	1527.6321	0
209.35822066121	1526.6487856678	0
209.77563329076	1525.5152692991	0
82.800466691961	1525.2564583503	0
299.91268373414	1525.6618622008	0
299.2349169284	1524.4753361148	0
300.25883231072	1524.3904397684	0
224.42749755541	1526.6587709182	0
224.9917237859	1525.4976845624	0
310.55176343959	1526.1877671595	0
311.80176343959	1526.1877671595	0
311.25	1527.6321	0
227.43562174581	1525.2886750441	0
228.12139551532	1526.4497614	0
229.37139551532	1526.4497614	0
228.75	1527.6321	0
307.20747245224	1524.3611722553	0
305.13489077593	1524.6621523347	0
305.80169298548	1523.4545450669	0
245.47951453211	1524.6507360048	0
246.50094499857	1524.1876273607	0
246.8463356323	1525.3814364138	0
309.85334036583	1525.2400574199	0
308.23871425713	1524.4451227542	0
11.25	1527.6321	0
10.74688224295	1526.538350808	0
237.68509134827	1524.9921199241	0
238.28680618777	1526.1553622434	0
236.8982851605	1526.4688576807	0
236.25	1527.6321	0
235.6482851605	1526.4688576807	0
10.559312556714	1523.4505088118	0
10.231983375081	1524.8658306001	0
36.816842173759	1522.4263846726	0
35.10784641912	1522.852035801	0
238.75	1527.6321	0
249.48401236274	1524.4388682151	0
20.308822741217	1522.1388708818	0
21.64175118731	1523.1456210089	0
20.022372985513	1523.9139691912	0
246.66245258292	1526.738322529	0
14.661553269	1523.6423841667	0
231.76769973223	1526.5906747436	0
231.25	1527.6321	0
230.51769973223	1526.5906747436	0
308.05157692624	1526.6843902604	0
309.30157692624	1526.6843902604	0
308.75	1527.6321	0
224.08321819047	1524.3882812847	0
225.21994686554	1524.2005240107	0
296.96932505641	1526.1916966	0
296.25	1527.6321	0
295.71932505641	1526.1916966	0
17.687368339276	1525.4096301935	0
301.65508840707	1523.4797194143	0
302.33285521281	1524.6662455003	0
346.97399217153	1526.6283417281	0
346.25	1527.6321	0
345.72399217153	1526.6283417281	0
253.75	1527.6321	0
253.17646238931	1526.3965796063	0
261.91480091425	1526.5544565239	0
263.36194333655	1526.0999726486	0
344.46021710198	1526.0753194389	0
345.18420927351	1525.071561167	0
20.677650715803	1526.2764096592	0
20.087439112587	1525.2802245748	0
1306	1527.6321	0
1238.7702306745	1392.4974853734	0
1366.7702306745	1392.4974853734	0
259.62143122872	1526.5285678648	0
260.28623214297	1525.4509243887	0
260.66480091425	1526.5544565239	0
360.91525035697	1525.9212913317	0
362.16525035697	1525.9212913317	0
361.25	1527.6321	0
261.25	1527.6321	0
263.75	1527.6321	0
359.13556775169	1523.7241200758	0
357.65432424741	1524.5188278672	0
357.81486144624	1523.1063047077	0
267.07111484986	1526.7124609336	0
266.25	1527.6321	0
246.25	1527.6321	0
245.41245258292	1526.738322529	0
404.45940355711	1513.6391459521	0
410	1515.6321	0
404.45940355711	1517.6391459521	0
360.65537497402	1520.8197235566	0
361.92257285573	1521.7691664301	0
360.56330283222	1523.2610397898	0
136.99847445809	1526.7162537336	0
136.25	1527.6321	0
135.74847445809	1526.7162537336	0
267.63800013131	1525.7965827078	0
268.06688528144	1526.7162217741	0
150.39649384143	1520.7521030235	0
151.71576197986	1521.7026557437	0
150.40136350219	1523.2250446911	0
275.00625112297	1525.3037098536	0
274.41024627621	1526.5743896237	0
277.56426898511	1525.0910405097	0
278.21826413834	1526.3617202798	0
150.86031582031	1525.9038487057	0
152.11031582031	1525.9038487057	0
151.25	1527.6321	0
274.04406656439	1524.1059778142	0
135.30999577115	1525.2700271018	0
150.30239824396	1524.651266349	0
280.64027338752	1526.5678188353	0
281.89027338752	1526.5678188353	0
281.25	1527.6321	0
290.56832209941	1526.076939372	0
289.84351127119	1525.0677175495	0
48.75	1527.6321	0
48.006463575656	1526.6527526703	0
59.568691291627	1524.4478929785	0
57.659178114827	1523.7160641966	0
58.919380990246	1522.9061528754	0
291.25	1527.6321	0
291.81832209941	1526.076939372	0
60.414447083523	1525.6350408287	0
61.25	1527.6321	0
287.01388715361	1526.6303364411	0
48.606220928812	1524.324952594	0
49.620614394668	1524.2144527881	0
278.75	1527.6321	0
279.46826413834	1526.3617202798	0
148.98313010552	1523.7007136288	0
147.62237313166	1523.098666883	0
292.4630877907	1525.0096230654	0
293.14476569129	1526.5647836933	0
359.48751527643	1526.3843716176	0
360.4027656334	1524.6735629493	0
31.093368711169	1484.3362092043	0
21.927650715803	1526.2764096592	0
21.25	1527.6321	0
59.154244208104	1526.4449521499	0
58.75	1527.6321	0
294.39476569129	1526.5647836933	0
293.75	1527.6321	0
92.010510669484	1522.4446391658	0
90.389972158762	1522.9358152687	0
305.77033512135	1526.6004397616	0
306.25	1527.6321	0
307.02033512135	1526.6004397616	0
72.41311556142	1525.2431376428	0
298.75	1527.6321	0
298.19438417591	1526.6894292736	0
299.44438417591	1526.6894292736	0
65.717790268643	1523.6905498289	0
65.441692249059	1525.0847393185	0
70.95401317934	1520.202754254	0
71.361673725853	1522.3656251543	0
69.393336132454	1520.5571091178	0
317.09477769268	1524.2889806846	0
317.96614456733	1525.398153127	0
316.62863312535	1526.5229275577	0
64.674725538156	1526.1090453766	0
63.75	1527.6321	0
316.25	1527.6321	0
315.37863312535	1526.5229275577	0
318.75	1527.6321	0
49.37549844529	1509.7878375813	0
47.399671318112	1513.3862794391	0
46.255983806171	1509.9237542331	0
314.35139500534	1526.6552928884	0
314.73002813069	1525.5461204461	0
75.581140442346	1526.0562790199	0
307.57191204758	1525.652730022	0
76.831140442346	1526.0562790199	0
76.25	1527.6321	0
102.5021697424	1523.6739731104	0
322.74082185691	1525.0971664324	0
323.17527051327	1526.4137133414	0
322.06555134364	1526.3155530911	0
113.09131161324	1525.900970305	0
113.75	1527.6321	0
327.90767834441	1525.0458859138	0
328.28677564998	1526.690780684	0
327.12090269443	1525.9872052298	0
330.66168989065	1519.7239485611	0
331.63313159184	1521.6545815937	0
329.22260363002	1521.4015878245	0
109.67215284535	1524.4213595234	0
108.46910184131	1523.7919265318	0
334.93343062766	1524.0826284772	0
335.89514434438	1525.5736485897	0
112.39172895201	1524.9113826003	0
110.671765111	1524.3994168733	0
111.96265938548	1523.657874883	0
118.41006950903	1524.0075252487	0
118.07101825307	1525.3014349386	0
336.25	1527.6321	0
337.14514434438	1525.5736485897	0
338.02304407199	1524.4474348962	0
338.37789972762	1526.5058863064	0
144.51651915374	1522.4519895136	0
142.89644156801	1522.9432344901	0
128.09884792309	1526.0896420971	0
129.34884792309	1526.0896420971	0
128.75	1527.6321	0
340.64006499251	1526.5895163842	0
339.62789972762	1526.5058863064	0
340.26796472013	1525.4633026907	0
351.70452819423	1526.6776125481	0
351.97592159267	1525.2623538693	0
123.69165143331	1520.5890561351	0
123.99242760753	1522.5987458916	0
122.14276689162	1520.9666440886	0
338.75	1527.6321	0
133.1619450148	1519.6589963592	0
133.19047888665	1521.6758068748	0
131.52725637486	1520.485629443	0
350.64256319884	1524.4198269213	0
351.70942840306	1523.9590556943	0
111.80041733877	1526.6425122953	0
111.25	1527.6321	0
321.25	1527.6321	0
101.25	1527.6321	0
100.87642180275	1526.4986065075	0
117.26273868134	1526.2522706038	0
116.25	1527.6321	0
354.68820236942	1524.3512975707	0
153.75	1527.6321	0
153.37608273431	1526.4983731689	0
358.23751527643	1526.3843716176	0
358.75	1527.6321	0
155.00055799217	1523.6729530306	0
351.25	1527.6321	0
350.45452819423	1526.6776125481	0
113.28724209466	1521.7565344222	0
114.98332123173	1520.1431180905	0
115.37870236355	1522.5564242783	0
165.58766172571	1525.8971608382	0
166.25	1527.6321	0
365.70297835792	1526.5374636501	0
364.66246450187	1526.513035708	0
365.36544285979	1525.4183993581	0
366.95297835792	1526.5374636501	0
366.25	1527.6321	0
162.1676619934	1524.4177089519	0
160.96435712098	1523.7881076041	0
170.90072534376	1523.9900809843	0
170.56512148998	1525.2921703537	0
371.25	1527.6321	0
372.10335866302	1526.696598248	0
372.71617980523	1525.755051477	0
373.11282114222	1526.6905532291	0
195.63279579049	1523.0255053478	0
368.75	1527.6321	0
368.4204413332	1526.0705438044	0
164.29887445185	1526.6411825551	0
163.75	1527.6321	0
164.88653617756	1524.9062433932	0
163.1668685171	1524.3952606681	0
164.45565579096	1523.6512389511	0
180.6085724375	1526.0700961208	0
181.8585724375	1526.0700961208	0
181.25	1527.6321	0
378.05373539422	1524.8382594793	0
378.5855936518	1526.4407393143	0
376.96814174242	1526.029620165	0
385.55119726173	1526.6599585145	0
384.36038667838	1526.7315693513	0
384.91158394011	1525.7594278658	0
386.25	1527.6321	0
386.80119726173	1526.6599585145	0
169.7591928256	1526.2472777495	0
168.75	1527.6321	0
383.75	1527.6321	0
383.11038667838	1526.7315693513	0
176.18287544913	1520.5262823302	0
176.49267103546	1522.5512465172	0
174.6257107518	1520.9183216282	0
208.75	1527.6321	0
208.10822066121	1526.6487856678	0
397.93373132206	1525.576952513	0
394.77893395229	1525.3400343238	0
394.36743348497	1526.521733244	0
208.9548013626	1524.3295435478	0
210.01399333094	1524.1793415113	0
220.66802330148	1526.2053572105	0
221.91802330148	1526.2053572105	0
221.25	1527.6321	0
406.72846234388	1521.2222564516	0
401.18786590099	1519.2293024037	0
415.02505500678	1516.449948746	0
415.02505500678	1512.449948746	0
218.04349361496	1520.8782627253	0
216.05400350041	1523.0024941617	0
215.77683252149	1520.8430510062	0
399.18373132206	1525.576952513	0
398.75	1527.6321	0
225.15260623343	1503.2080347674	0
220.96463350394	1506.7733441924	0
222.06202727051	1501.1974094251	0
388.75	1527.6321	0
387.92173614642	1526.6750774296	0
389.17173614642	1526.6750774296	0
165.77501311702	1521.7443956369	0
167.46533386784	1520.1223394255	0
167.86564420225	1522.5401654649	0
382.68442103067	1525.9501488036	0
382.01010886116	1525.0526840242	0
185.7941092144	1519.5248321503	0
185.79126351142	1521.5985697129	0
184.12428384453	1520.3527422036	0
343.21021710198	1526.0753194389	0
343.75	1527.6321	0
219.38205619104	1526.6566812544	0
218.75	1527.6321	0
56.587697438423	1523.6948701467	0
54.983243480918	1522.7802043525	0
228.05471881846	1523.9538961465	0
226.74754953362	1523.9751483907	0
255.3201546833	1520.8941605463	0
256.65935981764	1521.8373567312	0
255.35237820808	1523.3024631051	0
249.41141037415	1522.498328067	0
247.79516411016	1522.9777876216	0
229.72655468817	1521.404343601	0
228.89917816525	1522.7632382628	0
228.19402312919	1521.2814748312	0
233.00478011383	1526.0103601404	0
234.25478011383	1526.0103601404	0
233.75	1527.6321	0
209.59561751241	1520.901322359	0
211.8927080145	1520.8881557003	0
211.49025190486	1522.9804491012	0
232.27247984605	1524.968934884	0
223.75	1527.6321	0
223.17749755541	1526.6587709182	0
222.82374393653	1523.934867577	0
222.59552085689	1525.2320281287	0
258.75	1527.6321	0
258.37143122872	1526.5285678648	0
259.98554434499	1523.7978786337	0
269.89940740088	1525.1989875917	0
268.25927575642	1524.5964912192	0
270.58252211944	1526.1148658176	0
271.83252211944	1526.1148658176	0
271.25	1527.6321	0
267.26350532484	1524.5927303787	0
266.05433381153	1523.9802420937	0
269.31688528144	1526.7162217741	0
268.75	1527.6321	0
285.74707645929	1519.5917056658	0
287.50815557663	1520.685963708	0
285.85903894248	1521.6445679575	0
283.24637512248	1526.1110642562	0
284.49637512248	1526.1110642562	0
283.75	1527.6321	0
281.14318739701	1524.0845060634	0
282.49928913197	1523.6277514843	0
282.63664851	1525.0467830915	0
273.75	1527.6321	0
273.16024627621	1526.5743896237	0
272.71634240762	1523.6464540081	0
272.49276839564	1525.0571554413	0
295.18404203388	1521.8825730231	0
296.45632468699	1522.7480324081	0
295.1663674597	1523.8858338151	0
293.84180809458	1524.2589209084	0
292.5153645027	1523.7710765871	0
295.11409074769	1525.1243802934	0
286.25	1527.6321	0
285.76388715361	1526.6303364411	0
285.80643415239	1523.664427256	0
285.26026227609	1525.1093006972	0
313.75	1527.6321	0
313.10139500534	1526.6552928884	0
313.93039353252	1524.3395539527	0
314.95763165254	1524.207188622	0
312.98497676926	1519.5363456618	0
314.61392388113	1520.7883776263	0
312.52904994251	1521.7485901642	0
325.87090269443	1525.9872052298	0
326.25	1527.6321	0
326.61309171974	1517.5680386283	0
325.82648002168	1520.4201207685	0
324.1884098126	1518.517204605	0
324.42527051327	1526.4137133414	0
323.75	1527.6321	0
340.0127181226	1523.9761832423	0
341.02488338749	1524.0598133201	0
354.81617362578	1522.3559953781	0
353.17075805324	1522.8062804497	0
3.6990385806819	1468.0257145254	0
9.7530921546114	1471.7166977314	0
0.89836473866362	1476.7425229255	0
341.89006499251	1526.5895163842	0
341.25	1527.6321	0
329.53677564998	1526.690780684	0
328.75	1527.6321	0
330.01882646006	1525.7748849833	0
329.63379831559	1524.5408411125	0
330.57907347568	1524.5662647278	0
363.75	1527.6321	0
363.41246450187	1526.513035708	0
365.14268976979	1523.7294996137	0
375.08096288463	1525.0880733941	0
373.38010436446	1524.5335651561	0
374.73542496467	1523.872632092	0
375.71814174242	1526.029620165	0
376.25	1527.6321	0
372.37064188527	1524.539610175	0
371.18772455544	1523.9135557315	0
374.36282114222	1526.6905532291	0
373.75	1527.6321	0
381.02166816067	1524.6427438863	0
380.65962800408	1525.6593187665	0
390.41809731559	1526.0023957426	0
391.66809731559	1526.0023957426	0
391.25	1527.6321	0
376.28789545237	1522.0823884575	0
374.5870369322	1521.5278802195	0
389.58983346201	1525.0453731722	0
379.8355936518	1526.4407393143	0
378.75	1527.6321	0
373.55737850758	1519.7562566896	0
372.00490801988	1521.5465003241	0
393.75	1527.6321	0
393.11743348497	1526.521733244	0
394.12989749364	1523.7892592265	0
31.763569967221	1526.5857715288	0
31.25	1527.6321	0
30.513569967221	1526.5857715288	0
32.147857721357	1525.6781608339	0
31.7603710852	1524.5025766805	0
191.87976300719	1526.631508009	0
191.25	1527.6321	0
190.62976300719	1526.631508009	0
192.34457599059	1525.7467477099	0
192.05998244742	1524.559428534	0
203.18217214671	1524.4827659172	0
204.82718657247	1525.2586713913	0
244.33327638574	1526.6243110148	0
243.75	1527.6321	0
243.08327638574	1526.6243110148	0
244.74572896866	1525.7305335438	0
244.40033833493	1524.5367244906	0
86.849452060079	1526.624243376	0
86.25	1527.6321	0
85.599452060079	1526.624243376	0
87.278039098912	1525.7289447908	0
86.955607200025	1524.5238950832	0
297.66370923232	1525.2490258736	0
298.00985780889	1523.9776034412	0
7.9145445866037	1494.0095020408	0
9.7719461380455	1489.8092905702	0
11.544901551442	1493.4318885293	0
33.695669516748	1522.1441265226	0
22.563117974336	1525.3393845051	0
39.746939335698	1460.9138779578	0
33.45922373405	1454.4899339587	0
39.555065061552	1451.927141824	0
349.35924898101	1526.5352244497	0
348.75	1527.6321	0
348.10924898101	1526.5352244497	0
349.81377717524	1525.5807369979	0
349.54728398562	1524.2774388229	0
139.35205392626	1526.6264263694	0
138.75	1527.6321	0
138.10205392626	1526.6264263694	0
139.78223919635	1525.7319279497	0
139.46255205403	1524.5308584796	0
47.154167524969	1525.1878863072	0
47.247461302467	1523.8394335606	0
72.088260764351	1523.5596868649	0
89.036627516544	1522.199997026	0
77.508489579066	1524.93009893	0
78.93346877329	1523.9039714357	0
77.587260078916	1523.4543305456	0
73.638738724505	1519.5402029681	0
75.313637398497	1518.9656281802	0
74.597249446732	1521.4366955026	0
100.48678403254	1524.7703891434	0
101.23611016945	1523.0792492389	0
124.6748187868	1523.7171800863	0
124.9570905197	1525.329589651	0
141.54569183174	1522.2110507262	0
130.03425065533	1524.9776248448	0
131.46329785559	1523.9552527271	0
130.12674304645	1523.5248120764	0
126.30228576699	1519.8133782081	0
127.96590488875	1519.2164937001	0
127.20493127097	1521.6242734302	0
152.98639855462	1524.7701218745	0
153.73479107818	1523.0784285674	0
177.17885222821	1523.6759554847	0
177.45915588621	1525.3081160726	0
194.27266874412	1522.2910384718	0
182.55656740598	1524.9445896082	0
184.00871403926	1523.9037833704	0
182.66929150827	1523.4672860038	0
178.82148363586	1519.7018075545	0
180.50565899682	1519.0834500476	0
179.73401109376	1521.5408497123	0
207.39397022354	1525.2083269724	0
207.63233026372	1523.8723991846	0
217.49636089316	1524.20694789	0
220.05007949251	1525.2299384649	0
246.42834300998	1522.2470872126	0
234.90306527433	1524.8471178211	0
236.35799546133	1523.7702864777	0
234.96449041466	1523.3117889374	0
225.83904393819	1522.865745113	0
257.96722289993	1524.8353475098	0
258.70990478748	1523.2081904139	0
264.90099058189	1522.2881413574	0
266.73143772032	1521.7005381539	0
53.429793778918	1451.2486455861	0
58.910693754688	1455.6268491408	0
51.323680638969	1462.7292893779	0
312.40315844493	1525.210960048	0
312.63076196678	1523.8720282239	0
333.07439520952	1522.3135010526	0
334.93125327061	1521.7460697549	0
332.02033709336	1525.2251841868	0
322.51645040091	1523.1841464636	0
325.2961732077	1524.7688185712	0
351.83739965941	1521.9637535017	0
338.77996273936	1523.0439455256	0
342.6002820945	1525.0327358232	0
336.03261208345	1518.3655443659	0
332.13576840233	1516.0540626864	0
335.0961626333	1514.442664722	0
363.07771485883	1524.8022270397	0
363.89547562489	1523.1377552374	0
378.28610622641	1523.1009104845	0
378.13771819394	1520.756158612	0
387.82317393866	1524.5138295585	0
387.22293340815	1525.702935944	0
386.70263505397	1524.4987106434	0
392.28553080056	1524.8920289866	0
392.68056132426	1523.2699217252	0
37.271350596349	1519.7262755979	0
34.974869371331	1518.6540763446	0
37.348483170143	1517.5578092007	0
50.82806692735	1523.1812922294	0
29.90084880425	1525.6433649578	0
30.073842948861	1524.2849566247	0
30.807074099619	1523.2480902477	0
30.220767245438	1521.9254356984	0
31.907295381777	1522.1430557542	0
39.19045597257	1521.3301175287	0
190.14715624052	1525.7144413361	0
190.52612357129	1524.5163691447	0
191.32658000433	1523.4448816607	0
193.58801507129	1520.5561092236	0
192.17578520762	1521.7530118017	0
201.69983691917	1520.859181584	0
203.20652035406	1519.5136406574	0
5.1647669247989	1518.6842252821	0
2.9219773587987	1518.9047773395	0
15.777123782406	1518.7603174153	0
16.74007969868	1520.2353623107	0
14.502197765096	1520.7132296628	0
242.5658764632	1525.699843315	0
242.89592381356	1524.5046266376	0
243.62970937701	1523.4248290987	0
245.69237397139	1520.512924804	0
244.39815485979	1521.722764543	0
258.6776812627	1520.7998878551	0
85.094780577574	1525.7049795335	0
85.44041543165	1524.4949324493	0
86.197118511517	1523.4024407805	0
88.338531114802	1520.42833881	0
87.01421387815	1521.6597451985	0
101.23090847724	1520.6051289034	0
300.31683878232	1520.9963723676	0
298.02753238307	1521.9743426492	0
298.76330566042	1519.7668013345	0
302.39086168442	1521.2721780996	0
316.29514309452	1523.0824141913	0
22.851968720843	1522.5282115217	0
23.763134578279	1521.4497852509	0
24.686902356108	1522.6074740731	0
28.760161880041	1521.1503022908	0
29.860383162199	1520.0452677974	0
347.58324115254	1525.5314661779	0
347.9513870281	1524.1724644903	0
348.78017305171	1523.0115544137	0
342.34503549696	1523.5456163748	0
363.98754776668	1520.6964390041	0
137.60052838435	1525.710580103	0
137.95118222159	1524.5075795199	0
138.70962642311	1523.4176852606	0
140.8539606959	1520.4518600628	0
139.52926511971	1521.6817735569	0
153.72992141741	1520.6054868997	0
46.86162772809	1521.6011059712	0
58.219416802014	1520.0696095194	0
55.650471917979	1519.884407213	0
56.860020906547	1517.7796926389	0
49.002706164804	1520.7296593672	0
51.131258385843	1520.9344517492	0
64.227546795624	1522.3976263581	0
65.595885987955	1521.5021854339	0
80.601601133052	1519.5513276553	0
80.653292466749	1521.6090293001	0
78.960547939444	1520.3705014065	0
82.784395380703	1518.395236412	0
84.795281288728	1517.9443521288	0
84.305231568383	1520.3389712657	0
107.36829628835	1522.0177924343	0
109.14188999152	1521.3717750586	0
101.66319080192	1517.4555560957	0
103.68377820399	1518.8332603982	0
117.05012943165	1522.907724577	0
118.434721578	1522.0428086183	0
135.33155721764	1518.4785636902	0
137.33774044628	1518.0152682414	0
136.83135075523	1520.3858783422	0
159.86249256636	1522.0132079878	0
161.63412357588	1521.3653566096	0
154.16095875253	1517.4555281702	0
156.17998785085	1518.831300994	0
169.53717530214	1522.8902823762	0
170.9195149947	1522.0179078615	0
188.07176734416	1518.2987760068	0
190.0867886709	1517.9224874537	0
189.47611020804	1520.3943711066	0
207.49399927285	1521.7509527839	0
218.54238848797	1524.3594841948	0
236.1618589709	1516.5039224147	0
234.1321649359	1516.9790150327	0
224.94778338665	1521.3085629997	0
226.47538605473	1521.0831873797	0
242.07813881503	1518.1667287566	0
241.72464500232	1520.4315635451	0
240.14059799615	1518.6096901672	0
229.58725037743	1524.0767649163	0
255.84125654484	1516.0566096745	0
258.28139851784	1514.4169954567	0
259.06727826586	1517.7894399547	0
261.1178232357	1519.1602736374	0
278.88333996284	1520.1805663928	0
276.68987749162	1520.7312489592	0
277.88998499063	1518.7676808981	0
289.53794728158	1519.1872731466	0
289.64990976476	1521.2401354383	0
284.04535503505	1522.5701692138	0
278.30988037026	1523.6177375067	0
323.62616957054	1523.282306714	0
315.59468253855	1515.8890894001	0
318.05810646598	1514.9782198664	0
317.53327463531	1517.6652635902	0
205.98749712139	1517.7117798034	0
203.39918033253	1516.717130653	0
331.63530894889	1523.991140316	0
351.27006845622	1519.9169062972	0
349.80873880603	1521.0696815418	0
345.81172982977	1521.3133580818	0
345.55235514908	1523.7125594794	0
344.17980888466	1522.1193374802	0
342.60441017766	1521.1464149771	0
370.15806613083	1522.1419322016	0
364.52836667696	1517.5814446457	0
366.50126944612	1518.950033453	0
379.90355813579	1523.5120296338	0
389.06953510783	1523.8411478716	0
388.39983514149	1521.062103583	0
390.16649466484	1521.5936471968	0
392.01086135792	1520.4908774366	0
385.81094858608	1522.3033847424	0
386.02832365564	1523.6631282594	0
384.53639665724	1522.656908744	0
360.98058418091	1492.8012136595	0
367.54308418091	1492.8012136595	0
364.0625	1497.6321	0
28.947551818669	1524.388878525	0
27.670901515684	1524.0032108785	0
189.41375379743	1524.5998944629	0
188.23192593722	1524.0583322423	0
241.79524750527	1524.587947923	0
240.59945361559	1524.0356778663	0
84.336291889065	1524.5835252308	0
83.146101546037	1524.0464112661	0
346.81613021863	1524.2655817686	0
136.84760275342	1524.597406884	0
135.66064960838	1524.0670265187	0
62.467268340991	1521.9236218102	0
68.035902523457	1520.5946735611	0
130.18363644787	1519.7481039248	0
130.21217031972	1521.7649144404	0
182.77265800111	1519.6007484233	0
182.76981229813	1521.6744859858	0
327.49648365884	1521.9066326258	0
328.46792536004	1523.8372656584	0
339.47736632761	1511.7838382363	0
335.58052264649	1509.4723565568	0
22.565518965139	1524.3033098311	0
23.773335507869	1524.7219750179	0
33.109362662567	1520.8214719733	0
185.39628444389	1523.5706609896	0
186.1391471367	1514.1730209183	0
187.24292959892	1510.1708212843	0
189.78622826925	1511.8246927199	0
237.7465164886	1523.4567910404	0
247.2719493379	1517.9892556512	0
249.34916872167	1516.999613084	0
249.79978150535	1520.0476049064	0
80.311257811036	1523.5737737185	0
87.991016603832	1517.3212013966	0
86.470180416152	1515.3774665429	0
325.0718017517	1522.8557986024	0
353.43673130611	1517.9251167019	0
355.53997593582	1517.0160776076	0
355.40197393932	1519.9019391628	0
132.83941643641	1523.6210433475	0
140.51465754035	1517.3601435341	0
139.01486400276	1515.452828882	0
70.527583717464	1523.9140417287	0
71.670401131105	1517.7316869316	0
123.12593424511	1524.0947680397	0
120.81832618639	1521.0497818111	0
175.62168753088	1524.0679947827	0
173.2994901009	1521.0055319554	0
212.52992143881	1515.7759156843	0
211.93469104603	1518.1045663708	0
210.59330401484	1516.4803782715	0
217.19737280435	1515.5574703606	0
215.81881555302	1518.0594616767	0
215.24986572133	1514.8981124674	0
397.89690355711	1506.6391459521	0
393.78396451767	1512.3103756625	0
392.76206096056	1503.3033297104	0
385.42808312513	1524.852234645	0
251.48862975792	1521.5086854998	0
252.94508698142	1520.7086146297	0
254.25206859099	1519.2435082558	0
92.438133207073	1519.9415266011	0
94.08769912336	1521.4175751293	0
95.547869423104	1520.5934983458	0
96.862821368063	1519.0709435828	0
26.998923005173	1520.3995910961	0
27.359307088412	1522.2797589971	0
24.998496783379	1524.3309259546	0
356.91941825549	1521.4469562838	0
358.40066175977	1520.6522484924	0
359.75993178328	1519.1603751327	0
144.94613594124	1519.9529994439	0
146.59226768705	1521.4238517255	0
148.05198991915	1520.5996768134	0
149.36638839682	1519.0772878659	0
81.952311004645	1522.7545999672	0
134.47410507635	1522.7944102637	0
187.06610981377	1522.7427509364	0
238.10326239255	1521.5547412748	0
238.38578818134	1519.7689427637	0
239.43035827949	1522.7765747213	0
288.23597794935	1516.1330556806	0
285.98781184606	1517.6620663272	0
286.82759670196	1515.1620205915	0
296.36584772849	1517.9568670823	0
294.07685036544	1520.2431082465	0
293.96869883276	1517.4552037128	0
279.97117814783	1523.8784075079	0
280.10853752586	1525.2974391151	0
280.54463774041	1520.4412363939	0
282.0907036435	1519.3836541235	0
282.55189392206	1521.6078921858	0
361.35133777603	1515.951432807	0
359.09662456179	1515.7839577428	0
381.06299724348	1518.8804254453	0
379.06478646944	1517.8619034183	0
18.754510666494	1524.2734744477	0
230.86542230067	1517.2988515143	0
230.97324188067	1519.7680629884	0
228.91358007211	1517.4533686952	0
63.957798727266	1517.0161308669	0
61.767304152759	1519.0870784542	0
61.619460365089	1515.893947358	0
77.590502363236	1519.5874602382	0
77.642193696932	1521.645161883	0
124.45262505108	1518.1812764051	0
122.79917881547	1514.8929933471	0
119.57031767229	1517.0926599487	0
120.52750577036	1513.0286989637	0
176.9545233522	1518.0688826654	0
175.22057257265	1514.8042700774	0
172.03601332574	1517.038701605	0
172.94067073292	1512.9496142412	0
231.67839691673	1521.2498264201	0
231.97063497594	1523.6373636567	0
230.73355459434	1524.21767826	0
27.559385972245	1513.5843732102	0
26.331991671265	1516.3724617965	0
25.36038648064	1514.2424867534	0
25.909662640816	1523.2524996838	0
132.06038272076	1489.0432256857	0
131.01220626624	1493.2529857163	0
190.64192633149	1521.7099524125	0
229.88909524754	1525.4083361436	0
242.89374033842	1521.69066669	0
32.65625	1497.6321	0
30.513862064019	1493.9721583614	0
85.499022109775	1521.6307825645	0
348.21284184851	1520.9647072091	0
81.489698544577	1492.3131293785	0
75.3125	1497.6321	0
74.927198544577	1492.3131293785	0
138.01789528727	1521.6584945972	0
263.54275736477	1518.0791315773	0
263.15316036161	1521.0895794778	0
245.24176118771	1517.4649329816	0
250.93835667552	1513.8127145027	0
253.46618884297	1515.8710637578	0
128.78312311946	1522.7872865582	0
90.013430242226	1517.8614532241	0
119.45838610901	1519.9499811393	0
33.445929000654	1514.8712668497	0
34.495499170017	1512.7472636946	0
36.101572114488	1514.3616067924	0
13.806788265269	1522.4011162987	0
351.40807045272	1517.031044742	0
181.31766566485	1522.7152922235	0
142.53108425238	1517.8894207034	0
171.93594005928	1519.9057333473	0
265.58723423381	1511.3755944153	0
264.77601282275	1515.146595279	0
262.31864164991	1512.3788248732	0
272.69727421712	1521.1960658013	0
289.37838112932	1523.6303023719	0
291.40817283427	1522.1316118105	0
279.3445302414	1522.4048044551	0
292.78689313815	1521.3809096535	0
305.05654044192	1521.2367980178	0
307.12912211823	1520.9358179385	0
273.24791417887	1516.8212909007	0
269.58575663227	1516.9201100213	0
271.70676295325	1514.0445457005	0
259.09261992889	1510.645994593	0
386.90790814309	1520.0558840676	0
400.91219366595	1523.1671089646	0
401.72846234388	1525.2222564516	0
414.39073736921	1476.977664918	0
411.76640197269	1482.5568083212	0
406.65742467076	1478.8064953198	0
66.545659050438	1519.3017500903	0
83.48813620175	1522.0816668477	0
117.1867130639	1518.0856867559	0
115.09525279501	1517.2857968999	0
136.01171205863	1522.1217900459	0
169.65603821954	1518.0510775111	0
167.56540713431	1517.2553076831	0
188.62690500475	1522.0862409655	0
233.21732216845	1522.0010830442	0
240.95619951954	1522.1336281007	0
31.498916578445	1519.2615660422	0
33.287290713416	1519.2626368106	0
162.95348090194	1519.4585132954	0
164.05534545655	1521.2334129117	0
3.418690116156	1407.5721202122	0
20.307838170185	1400.2565617411	0
21.41999608659	1421.4386229926	0
223.60135660461	1520.173777989	0
222.96501448808	1521.9563357223	0
60.128929978814	1520.8014383013	0
76.631991641008	1517.6909677037	0
76.313889259817	1514.8826516482	0
78.590754224555	1515.5044837063	0
220.34181771976	1510.590045343	0
223.23113562889	1512.3218095786	0
219.51774088179	1514.1278853869	0
110.4664727007	1519.4704345978	0
111.56727825365	1521.2445686952	0
18.352225127705	1520.5948345637	0
19.971603329502	1519.8264863813	0
10.863202582325	1521.0624642447	0
69.877437884796	1514.2440087547	0
66.397815262769	1516.1086189941	0
67.289577561624	1511.9583895313	0
129.28099094388	1517.9372087028	0
128.99982143853	1515.1830780525	0
131.21755299765	1515.7146882772	0
181.86013054322	1517.7617062654	0
181.59449000265	1514.8817786862	0
183.86148900694	1515.3990770618	0
243.65771418154	1515.6430596038	0
238.73928199404	1517.5041079752	0
237.91666878571	1515.3446698183	0
219.69245517104	1519.7701851407	0
220.08669071348	1517.2892345961	0
222.01282324848	1518.3406001669	0
30.038311213048	1518.4864326346	0
23.030596561337	1519.2005490196	0
24.865530196602	1519.279811571	0
21.073998947825	1517.6565127014	0
33.36442328721	1517.0941704135	0
12.843832348994	1520.9260714033	0
28.465384479836	1517.4922413215	0
26.266384988231	1518.1503548647	0
30.103917896082	1516.7085395664	0
26.258653157355	1501.3041335716	0
30.692615282304	1501.865778005	0
27.576268439659	1505.5378115765	0
23.222878854283	1511.6131142616	0
21.995484553303	1514.401202848	0
18.936491321468	1515.0271402097	0
30.185423609527	1514.4856360026	0
31.758350342739	1515.4798273156	0
45.365905466675	1501.9787061877	0
44.126891002671	1505.9477608366	0
41.260985535996	1501.601154649	0
29.213818418902	1512.3556609594	0
24.865043548166	1508.2152826551	0
21.500141620828	1508.3739987497	0
40.993997917031	1520.8874753444	0
76.217214502708	1522.6712893773	0
47.164819186584	1519.354265491	0
81.091650853398	1517.1567085185	0
105.64629015893	1520.7902370836	0
106.07857248362	1517.6406642758	0
158.14060476849	1520.7858583584	0
158.57164210361	1517.6358996289	0
227.30276257764	1519.7242927179	0
207.89645538249	1519.6586593829	0
303.71829081717	1518.7534509712	0
208.08911536095	1516.8621493786	0
208.68434575374	1514.533498692	0
316.75106992127	1520.8701696889	0
197.60680214446	1517.054552834	0
197.42856720617	1512.9484051794	0
200.43996862691	1514.4128438524	0
368.46785006556	1520.9199523028	0
369.00866897583	1517.8049579444	0
385.74343010874	1517.4003865799	0
383.15454355333	1518.6416677393	0
273.41171518865	1519.507609343	0
274.98208154789	1521.0068199228	0
-38.151582943027	1521.0751313004	0
-30.151582943027	1521.0751313004	0
-34	1527.6321	0
347.65625	1497.6321	0
345.33560651922	1493.6152630581	0
-5	1527.6321	0
-7.2010611986259	1525.2021187349	0
348.00728340535	1515.7848888336	0
350.17394625524	1513.7930992384	0
329.7252404405	1515.8010689172	0
92.090618696103	1516.8343891877	0
133.66833470585	1517.2883862584	0
186.40478767727	1517.0529484975	0
-916.25263361726	1123.3435539462	0
-863.79331684644	1363.8883484213	0
-1086.4593167708	1287.0873055249	0
13.017685954714	1516.4466288683	0
15.255567888298	1515.9687615162	0
11.558612082152	1519.3745776088	0
31.925043310396	1509.6781898809	0
29.299005673114	1508.7769270885	0
49.912541790264	1515.8665908371	0
46.793027151145	1516.002507489	0
40.715649481421	1512.8798998642	0
41.962560537076	1516.0761022725	0
38.398053339505	1515.4338060457	0
93.67814119583	1513.5479528231	0
96.102844160677	1515.6280262001	0
144.60683278569	1516.8612829153	0
195.14014966575	1518.3421250273	0
146.19404045584	1513.5757757912	0
148.6090921447	1515.6393545318	0
278.84184615682	1513.2743892585	0
281.19910963782	1515.4100251344	0
277.72618398085	1516.0813624558	0
308.64203620266	1519.6073145445	0
230.59278733937	1511.0519968954	0
233.8595299746	1510.7321604137	0
232.07250312734	1514.6643207394	0
353.85236972472	1510.6662205365	0
350.45158267735	1509.4200646281	0
357.13138192858	1513.8071352819	0
441.92989878972	1460.5372971581	0
436.37818991194	1468.7643505234	0
435.5559799399	1459.3296816579	0
403.4375	1504.6321	0
268.35250117428	1519.8526463196	0
290.37773213748	1516.6872274109	0
396.72186756578	1518.9066719346	0
398.64313487917	1519.5839984651	0
375.27966381507	1516.4750323391	0
378.20494286462	1514.5992991724	0
53.623847585451	1520.490287472	0
72.562163429961	1513.5814574688	0
109.08074651025	1506.4389779999	0
111.86445521613	1508.9577105223	0
108.30864255979	1510.48610104	0
80.773548472206	1514.348392463	0
81.255783392865	1511.1232270954	0
83.756680021707	1512.7754519076	0
98.45034386779	1515.7845072183	0
52.335255948485	1492.7144592781	0
55.917239631391	1485.554893256	0
59.206983682906	1490.472533978	0
111.99210611425	1516.1740308984	0
114.19549794643	1514.1165995638	0
125.40981314915	1514.1173154201	0
161.57180506193	1506.4325096715	0
164.34840465176	1508.9437815848	0
160.79669583174	1510.4767319994	0
133.3871652005	1514.5342556081	0
133.8725008227	1511.3127140818	0
136.32328253089	1512.8864120631	0
150.95359606697	1515.7917807419	0
322.90770782485	1491.01077328	0
315.33080466608	1490.2133287815	0
320.11351249093	1483.5920020616	0
164.47399910209	1516.1572867551	0
166.6647034538	1514.0860248407	0
177.85918075937	1513.9797953017	0
195.44500536574	1502.727296543	0
200.13086684431	1503.9693980989	0
195.57587221005	1509.0645946419	0
179.18516478721	1507.9892776652	0
182.92047403049	1508.8912610497	0
179.86053922309	1511.6171660982	0
193.04326612925	1517.8040983572	0
282.33143903026	1517.4540147849	0
284.33869521191	1518.6206705767	0
292.66672950053	1514.4009862467	0
52.405130989871	1515.4224265599	0
51.798486822905	1518.0386546097	0
225.60640964151	1515.4219034218	0
227.19494299765	1517.2550812438	0
223.99559214705	1517.6928274444	0
322.4858600367	1516.2097582606	0
207.74898384362	1511.1526582063	0
210.25317249751	1510.7708870993	0
102.52768402827	1506.102003848	0
101.60765025716	1510.1544791766	0
98.610400431521	1508.289114507	0
93.780587430825	1493.511307457	0
96.966595279114	1489.1604214153	0
98.18600784829	1493.2812139583	0
100.90321359454	1514.012638713	0
337.89164750159	1520.1346717905	0
363.86505945547	1514.2050272559	0
85.15625	1497.6321	0
153.40366250041	1514.0175948361	0
42.334352572515	1519.4278602745	0
239.93015977914	1503.5233201593	0
236.43256687246	1508.2671884441	0
235.87740709332	1502.3759682848	0
215.49952727051	1501.1974094251	0
213.59593256421	1506.0763827319	0
211.2214052937	1502.5110733068	0
346.84029558409	1519.3714852099	0
345.60617138661	1516.1335397062	0
11.037056188045	1516.5830217097	0
7.0496511848279	1517.4529716667	0
275.53272150963	1516.6320450222	0
53.475810406699	1511.8027875609	0
55.36175543934	1513.9748513335	0
74.520926013508	1511.3949734713	0
107.60420589717	1514.3442605764	0
109.56671785212	1516.3012372618	0
127.34637520292	1511.8947949945	0
160.09216030377	1514.3346730886	0
162.05277722142	1516.289230453	0
203.22094539423	1512.6109829985	0
142.03056196519	1487.7693280211	0
370.73095428332	1514.5237335939	0
372.69753490276	1516.4936524437	0
384.76296898906	1508.5599754956	0
385.31959372005	1512.4803648362	0
381.43344078799	1512.065780911	0
-1.0033987132887	1519.4855423109	0
0.59594398208444	1515.9757378546	0
-3.8657772436274	1519.6643201479	0
-5.7073838298885	1509.5674778606	0
-2.37209987489	1512.0296792736	0
-6.6647160450015	1514.094301413	0
8.508725057389	1514.5250229262	0
476.42010487214	1493.1983257765	0
485.68678950691	1506.9046045652	0
464.73331536524	1513.9258212112	0
406.72846234388	1525.2222564516	0
405	1527.6321	0
394.20780090636	1517.2303974062	0
389.07295830981	1513.8945811645	0
191.63892326537	1515.7085032574	0
192.7427057276	1511.7063036235	0
44.651948714431	1516.873954093	0
36.0161008183	1505.8348326539	0
33.973865282304	1501.865778005	0
37.979735535996	1501.601154649	0
56.028717428084	1503.9936561672	0
52.332122894759	1508.3402623549	0
51.928405466675	1501.9787061877	0
38.586556677921	1508.9039064677	0
42.151063875492	1509.5462026945	0
60.121194897882	1512.0891060526	0
59.755907394263	1508.1314639967	0
63.444667435978	1509.8653577148	0
213.82932543847	1520.183693113	0
313.48019677381	1514.0527964076	0
312.95536494314	1516.7398401314	0
311.5625	1497.6321	0
315.40036593394	1502.4215871308	0
308.83786593394	1502.4215871308	0
339.88132155219	1519.6634201366	0
213.90847869014	1513.2739243681	0
74.442731735388	1507.6068989917	0
78.194457565244	1508.9080931712	0
86.952415336811	1512.1523011753	0
87.787032844803	1507.5794238157	0
90.500533239248	1510.181438451	0
127.2488744087	1508.0720520287	0
130.83888269808	1509.1378146611	0
139.50019962496	1512.2312873557	0
140.33194308411	1507.6537243156	0
143.02352455598	1510.2201411346	0
106.82496692695	1502.7997342588	0
103.82771710132	1500.9343695892	0
117.25018676542	1511.7738738347	0
120.4790479086	1509.5742072331	0
159.32254812095	1502.798780043	0
155.02703314599	1506.1049813614	0
156.32948502504	1500.9383013184	0
169.70830499557	1511.7332879282	0
172.89286424248	1509.4988564006	0
369.52659481896	1502.8683036767	0
365.34864112036	1506.2757018375	0
366.4470463014	1501.0394981608	0
375.01532229593	1509.0770809585	0
378.24382021931	1506.5435626972	0
377.64831813362	1510.6789098318	0
62.1875	1497.6321	0
65.91468996618	1501.7699078294	0
59.35218996618	1501.7699078294	0
57.930700323375	1514.1600536399	0
66.924290058005	1508.0007474753	0
226.43048647948	1511.8840633779	0
252.74709370871	1505.3356809512	0
250.51555726684	1501.8848191593	0
254.73153644187	1501.0829617919	0
228.21751332675	1507.9519030522	0
329.47020782485	1491.01077328	0
333.13052240428	1486.7853428698	0
334.91031457943	1493.4066695898	0
341.71609493989	1518.237141242	0
326.62147604938	1510.3660932894	0
328.08717023142	1513.8981527536	0
323.50932732862	1512.1330630005	0
343.36744277433	1509.6802367006	0
342.88308276114	1514.6505448658	0
217.25123875684	1508.5794200008	0
229.31490709332	1502.3759682848	0
232.8125	1497.6321	0
212.97311678003	1509.8930838825	0
15.049673836242	1471.5389841098	0
12.248999994223	1480.25579251	0
308.61242437654	1516.8108090142	0
310.87049100452	1517.7000526693	0
305.15814039589	1515.0140466805	0
302.49246163838	1515.0494267622	0
320.08431657329	1503.1165517681	0
317.35968250724	1507.9060388989	0
307.38659519775	1513.1067848052	0
311.75830552314	1511.0573107002	0
314.39762311855	1510.2065599689	0
204.789772138	1508.8483714057	0
206.5625	1497.6321	0
204.6589052937	1502.5110733068	0
326.64681657329	1503.1165517681	0
331.22465947609	1504.8816415213	0
319.0815737579	1510.9015246062	0
342.1683631704	1502.2228150356	0
335.6058631704	1502.2228150356	0
337.8125	1497.6321	0
34.580686424229	1509.1685298237	0
6.40625	1497.6321	0
4.6332945866037	1494.0095020408	0
237.91228266043	1511.8795122882	0
104.82049719129	1511.825528054	0
355.93363627279	1492.2955333568	0
359.4142204537	1487.4646470163	0
364.55811009623	1510.3397613853	0
367.73513899716	1511.969773224	0
154.10819802838	1510.1596537469	0
157.31556071394	1511.8234011753	0
266.81134994866	1517.0759011194	0
283.44710120623	1514.6470415876	0
285.69526730952	1513.118030941	0
300.1787897823	1502.2541171037	0
304.46615560855	1504.4710612357	0
299.64494539085	1509.0930783394	0
300.09500370645	1513.2394925101	0
295.8076378802	1511.022548378	0
277.08758850146	1510.6295201235	0
280.56051415843	1509.9581828022	0
282.41703286575	1506.6281784199	0
284.1712905211	1509.2730475548	0
261.29403644187	1501.0829617919	0
264.37743153049	1503.1199620047	0
260.04646797235	1506.5708237966	0
269.82983104764	1510.340510457	0
273.49198859424	1510.2416913364	0
245.9375	1497.6321	0
243.95305726684	1501.8848191593	0
240.48970568357	1512.8796978486	0
243.65332805626	1512.1779020737	0
321.02016585466	1512.6776987964	0
298.65515412774	1516.9788968007	0
324.6875	1497.6321	0
370.23409543745	1486.5131623896	0
364.09543652833	1480.0899768267	0
369.86836360396	1478.6328118973	0
285.3125	1497.6321	0
288.95140461421	1501.7875715863	0
282.38890461421	1501.7875715863	0
16.177053493776	1512.7134516627	0
17.31477832209	1508.5380378067	0
13.63385488892	1509.4796591132	0
73.433131643562	1501.3760593458	0
79.995631643562	1501.3760593458	0
114.14704008467	1510.6621078332	0
125.99569095193	1501.4735858477	0
127.8125	1497.6321	0
132.55819095193	1501.4735858477	0
166.61689696336	1510.6352670001	0
177.9975497973	1501.4477363084	0
184.5600497973	1501.4477363084	0
-10	1523.6321	0
-7.2010611986259	1521.2021187349	0
-6.6647160450015	1518.094301413	0
410	1523.6321	0
371.42400492408	1510.6584677233	0
39.21875	1497.6321	0
292.21667118492	1510.2545720761	0
-10	1515.6321	0
0.85511617011148	1502.5674778606	0
-5.7073838298885	1502.5674778606	0
-3.4375	1497.6321	0
18.956943015972	1505.1402062001	0
22.8125	1497.6321	0
19.696153157355	1501.3041335716	0
14.826151551442	1493.4318885293	0
18.316192741151	1489.0799330595	0
19.740041189709	1493.2801445302	0
278.77812825154	1502.4727068336	0
148.26961531806	1476.7941827579	0
139.59612981781	1480.9363468742	0
140.27597411453	1471.4044535288	0
287.55178601683	1509.7880265587	0
293.6162897823	1502.2541171037	0
298.4375	1497.6321	0
188.88250536574	1502.727296543	0
193.4375	1497.6321	0
186.56755516304	1506.5429328513	0
15.473942389369	1484.6548779735	0
10.177360707738	1484.8325915951	0
81.177589114746	1507.3351526157	0
-11.444493086982	1483.975850025	0
-12.53169676446	1477.1169550516	0
-4.0684851577878	1479.9104346929	0
133.77500002848	1507.4899711161	0
219.6875	1497.6321	0
12.96875	1497.6321	0
114.91914403512	1506.6149847932	0
116.9432795833	1501.2713437412	0
119.22586445183	1502.975741052	0
343.59321593411	1505.4984791805	0
346.99893236764	1508.36518581	0
357.40901835068	1509.4341006717	0
147.02578391499	1508.9982127512	0
147.9446190326	1504.9435403657	0
151.11513493246	1508.2991750223	0
372.01950700976	1506.5231205887	0
301.49774879709	1490.9275369073	0
294.93524879709	1490.9275369073	0
167.39200619354	1506.5910446722	0
169.43675694097	1501.2658296285	0
171.70524925257	1502.9573150438	0
-14.953852346827	1489.4072351919	0
-6.4906407401549	1492.2007148331	0
275.21065659585	1506.9254848801	0
275.18252834432	1502.0848780465	0
255.60094811338	1491.2863860445	0
248.30744322058	1488.5462536769	0
251.40839133396	1482.2005397214	0
15.510789858617	1501.4681726286	0
26.302541189709	1493.2801445302	0
27.441403253728	1489.6202028916	0
69.759600091826	1503.8629396459	0
122.50318345677	1504.2305661811	0
174.93761498991	1504.1736413569	0
8.4425191503621	1501.9086111598	0
12.229539858617	1501.4681726286	0
10.984559008979	1505.7446837884	0
205.43888792956	1464.0140430433	0
214.93186207693	1459.7941538413	0
215.55233820391	1475.7389651832	0
377.1875	1497.6321	0
373.31601125654	1491.3440487301	0
379.87851125654	1491.3440487301	0
262.16344811338	1491.2863860445	0
259.0625	1497.6321	0
40.685236694181	1493.2391585683	0
94.58675029101	1482.5143619447	0
98.992170708475	1482.2842684459	0
45.772755948485	1492.7144592781	0
43.957992642666	1488.3215178463	0
290.69269439651	1506.4095886899	0
88.067333926643	1504.3588188464	0
84.519216024207	1506.3296815706	0
140.59850538445	1504.4097691523	0
137.07518045343	1506.4209153734	0
94.512758703821	1508.9750754635	0
95.432792474938	1504.9226001349	0
403.4375	1497.6321	0
400.45404463712	1491.0088693615	0
407.01654463712	1491.0088693615	0
407.78155512159	1436.9936598709	0
403.27003129763	1418.8366840814	0
415.21038860838	1420.8015437612	0
350.67735583712	1505.2383071081	0
110.3807795833	1501.2713437412	0
247.67622554395	1510.5394010737	0
244.50821704598	1507.7760393186	0
49.0625	1497.6321	0
352.53375307341	1501.9626429631	0
354.21875	1497.6321	0
355.81500307341	1501.9626429631	0
345.79985276371	1500.907764145	0
349.08110276371	1500.907764145	0
358.19954937482	1505.3700411239	0
359.8845463014	1501.0394981608	0
361.47856157867	1508.5109558693	0
373.11791219081	1501.2869169119	0
162.87425694097	1501.2658296285	0
-10	1504.6321	0
96.247077745383	1461.0109446819	0
104.96146522961	1456.0769275619	0
105.3267132046	1470.7041918553	0
445.22219535938	1506.5830504313	0
448.73331536524	1513.9258212112	0
438.48887999414	1520.2893292201	0
5.1612691503621	1501.9086111598	0
9.8468341806652	1509.9200976444	0
0.071859259845146	1492.2007148331	0
-25.323771952071	1506.0876725779	0
-20.406837007832	1497.972215149	0
-14.916934944239	1505.7475574289	0
400.63390508896	1459.3467606253	0
402.46562000522	1467.077570633	0
396.23342013338	1464.3013820694	0
134.03692076166	1482.379598792	0
341.47281457943	1493.4066695898	0
342.43342109865	1489.3898326479	0
308.76830466608	1490.2133287815	0
189.49806693538	1492.1368108855	0
186.64848421374	1486.5856515879	0
24.039797485077	1479.2191402871	0
21.543889645465	1470.6800455085	0
379.68041219081	1501.2869169119	0
268.62002834432	1502.0848780465	0
272.1875	1497.6321	0
267.3724598748	1507.5727400511	0
256.00922484028	1508.6089943802	0
97.265217101319	1500.9343695892	0
101.5625	1497.6321	0
114.6875	1497.6321	0
149.76698502504	1500.9383013184	0
167.1875	1497.6321	0
1.5801538464489	1488.578116874	0
-69.893834582511	1481.046896174	0
-50.961852974625	1491.2269212066	0
-72.239124690207	1494.8914973267	0
272.7039301786	1467.5292597531	0
280.6083680508	1462.7865282022	0
280.62081161189	1475.5300096687	0
32.092555651248	1470.9184358892	0
38.697239886499	1467.3365459419	0
37.138697529551	1474.7783117386	0
20.387832027636	1484.5031339744	0
1.9855684161417	1483.6014178989	0
6.5470037429003	1485.4102051066	0
223.29212110285	1492.1502050829	0
225.69549298203	1486.6264234293	0
228.65337187917	1492.1083183464	0
359.04848862022	1479.584296524	0
348.77540698495	1481.6502903181	0
353.45662305958	1474.2756201285	0
163.6093911526	1488.4637675244	0
170.1718911526	1488.4637675244	0
382.3134080285	1502.8887457852	0
251.79324566525	1509.4108517476	0
86.618508553024	1500.3705883007	0
89.886325373619	1501.6203305457	0
93.167575373619	1501.6203305457	0
139.13962137689	1500.404530105	0
142.39638400756	1501.6373390473	0
145.67763400756	1501.6373390473	0
386.19956096056	1503.3033297104	0
-14.916934944239	1516.7475574289	0
-14.916934944239	1512.7475574289	0
414	1523.6321	0
414	1527.6321	0
410	1504.6321	0
81.457890196586	1504.1145476464	0
83.337258553024	1500.3705883007	0
91.71875	1497.6321	0
134.04156232882	1504.2460159527	0
135.85837137689	1500.404530105	0
415.02505500678	1505.449948746	0
121.03521930506	1486.5883406871	0
124.44970626624	1493.2529857163	0
117.83551303882	1490.9674549708	0
104.74850784829	1493.2812139583	0
88.858361404762	1481.3161838662	0
78.449318332515	1445.2649428687	0
85.930532995373	1456.8779446576	0
68.498021557495	1455.7592071378	0
129.62595057338	1482.2102445388	0
123.01175734596	1479.9247137934	0
344.73987723138	1482.9700200194	0
-32.558419950859	1506.4152464495	0
-27.068517887266	1514.1905887293	0
-14	1523.6321	0
423.02505500678	1520.449948746	0
422	1527.6321	0
419.02505500678	1520.449948746	0
434	1527.6321	0
430.48887999414	1520.2893292201	0
45.921715404463	1484.3649630626	0
46.970532585163	1479.5275974511	0
50.09432907767	1482.9594529447	0
43.270650338379	1476.0647646802	0
65.769483682906	1490.472533978	0
56.966056812091	1480.7175276446	0
394.19070273873	1478.2766899332	0
386.70527241711	1477.3226252166	0
390.57970472801	1471.0781273605	0
-14	1527.6321	0
420.66538000501	1496.5378721486	0
425.69043501178	1504.3557208947	0
427.51393500092	1513.1071779662	0
308.30402154249	1509.2605483665	0
-21.739044238858	1467.3649576671	0
-34.262133780292	1479.2823452188	0
-36.093473325495	1465.4649325022	0
305.26605346318	1483.5087656888	0
458	1527.6321	0
390.3125	1497.6321	0
387.03313521391	1491.0766438946	0
393.59563521391	1491.0766438946	0
59.796773990275	1475.2102304443	0
53.973863436554	1472.6147901329	0
47.14207817727	1444.8247015869	0
400.42952525589	1453.1228992742	0
406.66172512774	1455.8990878379	0
157.09177666327	1482.810755576	0
335.436978537	1480.3655302413	0
340.87708529158	1482.7614265511	0
189.22062469758	1479.0413751093	0
183.74797504056	1478.9855049263	0
114.23106338324	1475.0364923384	0
122.82179465156	1470.6583961902	0
-25.36068935466	1489.7473503409	0
-39.715118441297	1487.847325176	0
111.27301303882	1490.9674549708	0
-47.653571541161	1516.3518111796	0
-58	1527.6321	0
-63.653571541161	1516.3518111796	0
-69.609853020603	1372.8516537638	0
-113.00896907908	1355.2909560483	0
-91.991991133147	1337.1278723166	0
433.15425999915	1504.1951013688	0
443.39869537024	1497.8315933599	0
228.05102805482	1479.0518063369	0
234.58009939622	1475.4897416675	0
69.384101793082	1475.3425884413	0
78.541816654753	1477.1831838419	0
71.946682227483	1485.1535633565	0
-14.363036309664	1463.299542335	0
-5.508308893716	1458.2737171408	0
408.07393251404	1467.6751505528	0
403.67344755846	1472.6297719968	0
308.20933921517	1476.3860313835	0
313.09960875276	1466.1547840968	0
317.42687886976	1472.5633102764	0
140.03398842807	1457.0396641326	0
131.36050292782	1461.1818282489	0
325.00378202853	1473.3607547749	0
332.75034491583	1469.3368384561	0
23.102432002413	1463.2382797118	0
22.910557728267	1454.251543578	0
379.55064845974	1477.5900300521	0
373.41198955062	1471.1668444892	0
185.91895940175	1448.1012282828	0
195.56926366349	1459.7552300746	0
176.66981126265	1459.7872266559	0
300.75700330424	1459.5113395091	0
309.97454295884	1455.688618402	0
414.74985733557	1489.1800389597	0
425.41523734057	1488.0858111083	0
157.98448330785	1457.6977571383	0
166.80664465306	1463.7143299565	0
157.77162096	1473.2788622306	0
107.89652088711	1486.6165689291	0
-43.805154484187	1509.7948424801	0
-42.060408548993	1501.6919263287	0
346.10496515968	1462.6928046682	0
356.37804679495	1460.6268108741	0
383.16164647045	1484.7885926247	0
26.882047836858	1483.6441953731	0
196.18973979046	1475.7000414165	0
397.17467985103	1484.4534132561	0
258.51139900874	1477.237475262	0
251.21789411593	1474.4973428945	0
452.18316558858	1459.2483262192	0
452.57410537419	1444.080836497	0
463.6495821451	1452.2265344236	0
424.75199286663	1474.1423564713	0
418.58703846218	1473.3593489939	0
423.83931665767	1466.7737275458	0
212.98560381544	1425.0968244852	0
232.21466561044	1425.1306371147	0
224.04747359759	1448.1030443309	0
362.31159035955	1448.9988734495	0
369.66324825945	1460.5816889099	0
86.295780970362	1471.505208951	0
66.391908417546	1467.2398509296	0
401.04911216194	1478.2089154	0
50.27398118977	1469.151957362	0
44.793081214001	1464.7737538073	0
173.88480843096	1482.9126082268	0
438.33535884536	1489.0287135318	0
432.56384149359	1487.3867848786	0
439.56844032893	1480.9718541131	0
275.73318686985	1488.9524206098	0
269.17068686985	1488.9524206098	0
335.6717686512	1455.6880292017	0
291.99310075106	1485.1825411041	0
288.93285195397	1491.8871041969	0
388.74798981175	1463.3473173528	0
379.34553311522	1459.5389070646	0
384.99924852059	1452.7621617735	0
105.516675899	1479.9705094585	0
203.02968202827	1488.7954771926	0
209.59218202827	1488.7954771926	0
265.50619420411	1462.1600283608	0
265.5186377652	1474.9035098273	0
265.70913498323	1482.6067066543	0
293.26037353914	1477.5051259662	0
296.20365929113	1470.3823916609	0
300.93878334618	1477.1002395092	0
222.68977727849	1479.0936930735	0
213.19680313112	1483.3135822756	0
196.06056693538	1492.1368108855	0
293.0785934972	1459.9162259661	0
176.4569489148	1475.3683317482	0
156.66089812095	1428.5472066701	0
149.06901212114	1447.4751318584	0
138.71040324118	1427.8891136643	0
216.72962110285	1492.1502050829	0
257.98401100505	1451.4613176235	0
259.11659453804	1429.2242867141	0
273.82407015049	1432.5487473772	0
287.25797669602	1478.4646932558	0
547.6294345989	1489.7771988731	0
517.68678950691	1506.9046045652	0
527.31622410581	1469.0497034384	0
199.09024896365	1483.3001880781	0
250.79871859165	1458.8355676977	0
431.90059701964	1473.4433302416	0
426.64831882415	1480.0289516896	0
286.2942955969	1429.678445141	0
298.56160677884	1417.4180140408	0
309.89924869225	1436.784742714	0
412.27023360701	1464.0568346286	0
413.47806116025	1469.6090359925	0
395.12145151398	1445.7996861264	0
401.14927155275	1442.352013339	0
506	1527.6321	0
-30.648447316366	1431.4981187491	0
-49.120805590766	1447.2933663216	0
-56.198869123071	1425.2439401203	0
480.31611068665	1476.7855666382	0
459.36263654499	1483.8067832842	0
234.16092387194	1459.8279664707	0
243.69571091687	1463.7986321571	0
422.30397688619	1447.6332105495	0
430.41480062501	1445.0305739216	0
432.99686507886	1453.7052649204	0
509.63556393987	1415.3474807789	0
539.91782708374	1421.2420736363	0
526.97660605393	1446.0277048889	0
-82.585553149046	1506.1717861471	0
-202	1527.6321	0
-213.28259821854	1478.2367600813	0
-149.28259821854	1478.2367600813	0
282.37035195397	1491.8871041969	0
193.88670883017	1431.2722811988	0
174.98725642933	1431.3042777801	0
113.50017350588	1446.6003596206	0
122.5798089651	1456.293606794	0
426.84203921815	1410.7512362965	0
431.35356304211	1428.908212086	0
164.62864754937	1411.718259586	0
420.05058081849	1455.614111171	0
421.28020179664	1461.1493108084	0
416.44474127508	1460.455520431	0
285.16171206391	1451.9154760504	0
450.40329420559	1491.4166625944	0
454.2993000201	1475.0039034561	0
411.04061262887	1458.5216349913	0
385.71899481745	1441.9912758382	0
371.25673652282	1429.1572715344	0
381.37893951621	1422.1947958873	0
413.0896288635	1444.3168730187	0
357.97153505832	1429.2023934986	0
335.59647438462	1436.7841535137	0
344.54162054789	1416.9425515986	0
479.97649263478	1453.7635680886	0
497.03396096194	1463.1551105809	0
321.61332403729	1394.921252748	0
343.98838471098	1387.3394927328	0
427.44515620108	1461.9323182858	0
410.8362327958	1452.2977736402	0
417.46851636464	1446.9394201721	0
-125.86815136759	1456.7764462284	0
-114.58555314905	1506.1717861471	0
94.93413000881	1412.0995828815	0
104.08124530802	1430.767612991	0
86.734714471186	1427.7156502791	0
69.302203033308	1426.5969127593	0
322.24185414078	1443.4281873017	0
499.44420368078	1397.614044515	0
486.50298265097	1422.3996757675	0
279.35353882382	1483.2074248067	0
438.27451586947	1474.6509457418	0
47.443264011586	1474.6592545623	0
121.6995890435	1430.9842922231	0
-106	1527.6321	0
442.04645123477	1434.980266457	0
453.51286779129	1427.9584746614	0
35.788246800262	1429.8131311732	0
49.662975517628	1429.1346349352	0
480.36743242039	1438.5960783664	0
470.17607216129	1420.8626421025	0
459.64841802187	1411.7620720625	0
2.3468328934678	1362.8435472843	0
-23.143171437462	1370.5393144964	0
-23.102870743745	1346.9928028199	0
560.48307866215	1368.3087243276	0
577.82412077621	1398.9889484376	0
-61.6438951322	1459.2107538733	0
-60.731040732079	1176.7913926229	0
-9.0400439804511	1240.2618184597	0
-92.773556081183	1215.8594772773	0
453.00537556063	1468.6829950848	0
444.37389832489	1396.1821522551	0
461.03710269488	1389.0863196962	0
466.07556976553	1368.1716631272	0
481.35008946252	1383.7515829346	0
57.948371656299	1411.5853423456	0
18.899098746232	1437.1286896442	0
42.457169453444	1391.915181829	0
62.096396969123	1389.377459653	0
428.23072389116	1388.0754839303	0
24.455863483009	1378.0486790486	0
444.04603322123	1476.292874395	0
504.20693176065	1347.0723914254	0
522.30104597891	1360.9348530058	0
504.48267075142	1376.699387946	0
248.05472475589	1406.2180668684	0
-82.921166847782	1462.8753299935	0
298.00837094193	1387.814955175	0
-43.159692961672	1382.0686312898	0
-17.70998932446	1397.9193757542	0
109.65497158803	1389.3104826012	0
126.66578578571	1386.2153040424	0
129.29147504332	1412.0563670347	0
322.38100135138	1323.9977342771	0
282.46404071941	1345.4736653613	0
283.78495387042	1304.1532057562	0
418.97832706579	1354.6283459849	0
401.44646795906	1369.1974300263	0
388.80777300301	1406.0026797776	0
379.55537617764	1372.5555418322	0
818.32510893206	1466.431114239	0
882.32510893206	1466.431114239	0
858	1527.6321	0
92.308440751202	1386.2585198893	0
8.5423070145953	1445.8770353974	0
76.817238548347	1366.5883593727	0
476.08231132656	1336.1933399385	0
493.90068655406	1320.4288049984	0
24.496164176726	1354.5021673721	0
24.691490223	1321.7805241943	0
46.800520812541	1336.9856559587	0
160.09754358388	1386.6963181824	0
178.42390189226	1389.4533892925	0
232.51039453337	1363.8767770547	0
259.41232346096	1367.9704266541	0
568.39097845473	1294.5699444356	0
560.20733967139	1338.6817278071	0
530.20894577148	1287.1960731138	0
-16.597831408055	1419.1014370057	0
502.0843253374	1276.3170216269	0
-426.77871057013	1418.1236411981	0
-607.79331684644	1363.8883484213	0
-512.57202741656	1254.3798896194	0
197.52279687753	1383.2779325789	0
208.88039558261	1345.0302923647	0
-9.5197678757504	1441.1508632071	0
455.76932455893	1341.5280767002	0
140.4610401286	1363.9504337489	0
202.05390084302	1408.2998739825	0
437.94772521746	1256.5898648574	0
428.98506862683	1322.6500227962	0
401.15672772432	1269.6901341421	0
634	1527.6321	0
624.52419158031	1485.0859382001	0
656.52419158031	1485.0859382001	0
-64.176670907601	1400.2317150216	0
-82.649029182001	1416.0269625942	0
570	1527.6321	0
579.6294345989	1489.7771988731	0
356.62707966703	1350.5342429815	0
357.94799281804	1309.2137833765	0
-88.236833260588	1299.4485388576	0
-44.837717202115	1317.009236573	0
122.75604462035	1316.6828927764	0
156.18780241852	1317.1639069163	0
-117.61821191728	1434.9403039277	0
-125.59601370181	1409.928078829	0
827.92657458195	1130.8860985488	0
930.40726138301	1053.7052048172	0
957.38975658197	1158.6271240124	0
702.09027095239	1279.2422318649	0
766.80940291429	1222.6142752604	0
790.18993781901	1292.4359743486	0
690.94503446379	1446.5903273042	0
700.42084288348	1489.1364891041	0
686.25959450887	1395.8018536767	0
730.15624581204	1399.8524045806	0
77.01256459462	1333.866716195	0
128.4779191888	1207.4585744213	0
80.742639139459	1235.5450498745	0
70.737751417991	1173.107258352	0
-19.347712871185	1309.3134693609	0
2.9566437646298	1291.7969579475	0
-147.97815181435	1374.2042973819	0
191.17540007436	1297.7627513921	0
34.999159113734	1252.7288732931	0
92.73932688454	1287.0801893624	0
-298.77871057013	1418.1236411981	0
-394	1527.6321	0
-246.06130878867	1368.7283012794	0
193.93928728215	1225.3500728564	0
246.63188044624	1253.2164583047	0
-233.47426416594	1314.0911784987	0
-238.01098698653	1230.5021169184	0
-139.92783001221	1235.9781130209	0
88.155685479795	1034.5307228073	0
29.274324953809	968.69363353058	0
105.64418773372	951.97841306224	0
474.25598443489	1223.3571329728	0
622.71887775763	1394.2976877646	0
602.15362617921	1447.2310370733	0
661.93008910587	1347.559765041	0
286.54884107821	1231.7405272205	0
329.7575759845	1192.2168779862	0
366.91064940867	1243.1536254377	0
483.79251010586	1127.5233577465	0
375.91949125759	1109.6349851604	0
449.59261704849	1033.5283667036	0
638.54955420115	1277.7380659528	0
608.55116030125	1226.2524112595	0
784.06051186061	1377.1470297156	0
788.74595181554	1427.9355033431	0
183.93439956068	1162.9122813339	0
295.55768292713	1098.2218869433	0
141.49928986351	1081.4181426188	0
65.129427083608	1098.1333630872	0
848.77964382251	1320.5190731111	0
-66.339365066461	1101.8174973581	0
17.394147034271	1126.2198385405	0
547.92911022579	1147.250514516	0
934.24262520159	1372.352696904	0
973.91751626954	1433.553682665	0
-66.115830621129	975.18972718959	0
-144.24101838748	1025.7612812721	0
206.96065795687	1099.309641054	0
618.08768597221	1130.4186360332	0
679.20485763987	1038.6904593216	0
739.82690771533	1117.6923560652	0
1101.9175162695	1433.553682665	0
1162.687746944	1298.4190680383	0
-48.627328367208	892.63741744454	0
-778	1527.6321	0
-272.92340771535	950.52111685805	0
-273.14694216068	1077.1488870266	0
730	1527.6321	0
764.42084288348	1489.1364891041	0
940.37205115999	1287.641641537	0
1050	1527.6321	0
130.86439159051	854.25595411858	0
189.7457521165	920.0930433953	0
741.12069446414	933.93178040522	0
828.48448015754	787.24918484463	0
888.30786507639	879.281583793	0
-366.69337631441	1155.2619525044	0
536.79468878199	416.58642150174	0
659.62677613318	272.35070761286	0
744.16889387483	438.63142078632	0
1497.1977541481	1215.2953439706	0
1564.4275234736	1350.4299585972	0
1042.8527379611	1210.4607478054	0
253.12257322996	1016.7277482282	0
1179.705452366	1169.4045505138	0
278.34277708676	919.00528928458	0
619.38147272103	946.65806037324	0
505.09284327426	932.57628505623	0
567.00868009854	827.81760613984	0
186.48273763635	414.17921736254	0
262.76577557972	258.12977416026	0
375.96953309697	406.35515153056	0
-80.280390945185	767.61032036585	0
15.109764629753	761.11422670684	0
397.219824426	914.68791247018	0
333.84300331254	818.05320763724	0
-550.52321179259	723.94718866226	0
-384.01199382631	831.35523017493	0
-568.34054945484	894.50068109988	0
257.32622556344	692.38758959224	0
376.20327290268	688.07021277784	0
99.211329012536	729.2288570399	0
141.57159860268	599.2458621805	0
-255.1060700531	779.96762442044	0
-191.36897705614	648.44443368273	0
460.51165083862	572.63586470402	0
537.02842858771	698.30148274902	0
-547.70798259071	1101.0266597276	0
136.63949005955	81.792969996124	0
-89.610509940447	81.792969996124	0
-26.25	-102.3679	0
1017.7710470764	907.02260925661	0
1190.7119027342	813.21911303546	0
1232.8112990409	987.64273405965	0
1550.303600823	1033.5335275165	0
1707.8760773494	803.23566891925	0
1852.4275234736	942.92995859724	0
28.36784108544	451.0204848102	0
651.31705803447	712.38325806602	0
552.37628552017	73.968904164137	0
326.12628552017	73.968904164137	0
426.25	-102.3679	0
798.50422864671	657.73306145381	0
1185.5784418748	568.75380986369	0
1400.6186938392	649.37393466674	0
-85.364817630877	307.88772954434	0
-130.27595666454	492.95437436229	0
-1374.4593167708	1287.0873055249	0
-1322	1527.6321	0
-512.4158618643	474.37142088465	0
-696.74441749283	537.5168718096	0
-714.21920055699	993.61861821493	0
1352.6463080238	1075.6010542926	0
1702.7426164899	151.27036574748	0
2010	305.1321	0
1702.7426164899	558.77036574748	0
921.33631599791	513.49734756493	0
2010	916.3821	0
1852.4275234736	1146.6799585972	0
1852.4275234736	1350.4299585972	0
1722	1527.6321	0
-1610	1120.1321	0
-1374.4593167708	879.58730552488	0
-305.10163577246	505.31167841688	0
-1383.75	-102.3679	0
-1383.75	153.6321	0
-1610	153.6321	0
878.75	-102.3679	0
986.00049061301	96.013903448721	0
759.75049061301	96.013903448721	0
-908.06853378227	92.786602015996	0
-931.25	-102.3679	0
-681.81853378227	92.786602015996	0
1250.2426164899	151.27036574748	0
1557.5	-102.3679	0
-248.25430769043	123.72685954822	0
1131.2431071029	349.6521691962	0
-936.88520048138	916.81757531849	0
-1380.8050246836	466.625357759	0
-1154.5550246836	210.625357759	0
-451.3228414727	318.88136156421	0
-455.56853378227	92.786602015996	0
-478.75	-102.3679	0
2010	1323.8821	0
-905.12355846584	405.77985977499	0
-943.23090839413	655.3556275526	0
-1145.2643414544	785.08056328388	0
-1380.8050246836	618.125357759	0
-1610	561.1321	0
CELLS 6000 24000
3	694	849	851	
3	692	850	849	
3	617	851	850	
3	849	850	851	
3	201	852	854	
3	330	853	852	
3	458	854	853	
3	852	853	854	
3	204	855	857	
3	87	856	855	
3	86	857	856	
3	855	856	857	
3	668	858	860	
3	661	859	858	
3	667	860	859	
3	858	859	860	
3	621	861	863	
3	623	862	861	
3	523	863	862	
3	861	862	863	
3	709	864	866	
3	519	865	864	
3	438	866	865	
3	864	865	866	
3	8	867	869	
3	575	868	867	
3	178	869	868	
3	867	868	869	
3	627	870	872	
3	652	871	870	
3	536	872	871	
3	870	871	872	
3	770	873	875	
3	674	874	873	
3	604	875	874	
3	873	874	875	
3	9	876	877	
3	8	869	876	
3	178	877	869	
3	876	869	877	
3	591	878	880	
3	175	879	878	
3	603	880	879	
3	878	879	880	
3	10	881	883	
3	208	882	881	
3	282	883	882	
3	881	882	883	
3	406	884	886	
3	218	885	884	
3	287	886	885	
3	884	885	886	
3	209	887	889	
3	108	888	887	
3	107	889	888	
3	887	888	889	
3	10	890	881	
3	9	891	890	
3	208	881	891	
3	890	891	881	
3	212	892	894	
3	45	893	892	
3	44	894	893	
3	892	893	894	
3	13	895	896	
3	287	885	895	
3	218	896	885	
3	895	885	896	
3	215	897	899	
3	129	898	897	
3	128	899	898	
3	897	898	899	
3	202	900	902	
3	24	901	900	
3	176	902	901	
3	900	901	902	
3	14	903	904	
3	13	896	903	
3	218	904	896	
3	903	896	904	
3	222	905	907	
3	150	906	905	
3	149	907	906	
3	905	906	907	
3	14	908	910	
3	437	909	908	
3	15	910	909	
3	908	909	910	
3	16	911	913	
3	15	912	911	
3	221	913	912	
3	911	912	913	
3	624	914	916	
3	657	915	914	
3	651	916	915	
3	914	915	916	
3	14	904	908	
3	218	917	904	
3	437	908	917	
3	904	917	908	
3	626	918	920	
3	663	919	918	
3	686	920	919	
3	918	919	920	
3	24	921	901	
3	23	922	921	
3	176	901	922	
3	921	922	901	
3	17	923	925	
3	289	924	923	
3	18	925	924	
3	923	924	925	
3	279	926	928	
3	203	927	926	
3	22	928	927	
3	926	927	928	
3	203	929	927	
3	23	930	929	
3	22	927	930	
3	929	930	927	
3	88	931	933	
3	87	932	931	
3	177	933	932	
3	931	932	933	
3	203	934	929	
3	176	922	934	
3	23	929	922	
3	934	922	929	
3	21	935	936	
3	279	928	935	
3	22	936	928	
3	935	928	936	
3	421	937	939	
3	437	938	937	
3	343	939	938	
3	937	938	939	
3	19	940	942	
3	18	941	940	
3	219	942	941	
3	940	941	942	
3	205	943	945	
3	335	944	943	
3	462	945	944	
3	943	944	945	
3	289	946	924	
3	219	941	946	
3	18	924	941	
3	946	941	924	
3	225	947	949	
3	66	948	947	
3	65	949	948	
3	947	948	949	
3	284	950	952	
3	44	951	950	
3	43	952	951	
3	950	951	952	
3	703	953	955	
3	604	954	953	
3	582	955	954	
3	953	954	955	
3	360	956	958	
3	193	957	956	
3	256	958	957	
3	956	957	958	
3	212	959	961	
3	284	960	959	
3	375	961	960	
3	959	960	961	
3	351	962	964	
3	187	963	962	
3	235	964	963	
3	962	963	964	
3	278	965	967	
3	25	966	965	
3	202	967	966	
3	965	966	967	
3	185	968	970	
3	29	969	968	
3	228	970	969	
3	968	969	970	
3	46	971	973	
3	45	972	971	
3	180	973	972	
3	971	972	973	
3	202	966	900	
3	25	974	966	
3	24	900	974	
3	966	974	900	
3	109	975	977	
3	108	976	975	
3	179	977	976	
3	975	976	977	
3	130	978	980	
3	129	979	978	
3	181	980	979	
3	978	979	980	
3	28	981	982	
3	228	969	981	
3	29	982	969	
3	981	969	982	
3	372	983	984	
3	203	926	983	
3	279	984	926	
3	983	926	984	
3	30	985	987	
3	230	986	985	
3	31	987	986	
3	985	986	987	
3	294	988	989	
3	31	986	988	
3	230	989	986	
3	988	986	989	
3	368	990	992	
3	198	991	990	
3	271	992	991	
3	990	991	992	
3	30	993	994	
3	29	968	993	
3	185	994	968	
3	993	968	994	
3	475	995	997	
3	207	996	995	
3	336	997	996	
3	995	996	997	
3	292	998	999	
3	228	981	998	
3	28	999	981	
3	998	981	999	
3	216	1000	1002	
3	342	1001	1000	
3	465	1002	1001	
3	1000	1001	1002	
3	354	1003	1005	
3	189	1004	1003	
3	242	1005	1004	
3	1003	1004	1005	
3	293	1006	1008	
3	33	1007	1006	
3	229	1008	1007	
3	1006	1007	1008	
3	232	1009	1011	
3	233	1010	1009	
3	350	1011	1010	
3	1009	1010	1011	
3	36	1012	1014	
3	234	1013	1012	
3	378	1014	1013	
3	1012	1013	1014	
3	36	1014	1016	
3	378	1015	1014	
3	37	1016	1015	
3	1014	1015	1016	
3	30	994	985	
3	185	1017	994	
3	230	985	1017	
3	994	1017	985	
3	35	1018	1019	
3	234	1012	1018	
3	36	1019	1012	
3	1018	1012	1019	
3	67	1020	1022	
3	66	1021	1020	
3	184	1022	1021	
3	1020	1021	1022	
3	234	1023	1025	
3	399	1024	1023	
3	389	1025	1024	
3	1023	1024	1025	
3	40	1026	1028	
3	296	1027	1026	
3	231	1028	1027	
3	1026	1027	1028	
3	39	1029	1030	
3	296	1026	1029	
3	40	1030	1026	
3	1029	1026	1030	
3	239	1031	1033	
3	240	1032	1031	
3	434	1033	1032	
3	1031	1032	1033	
3	241	1034	1036	
3	57	1035	1034	
3	56	1036	1035	
3	1034	1035	1036	
3	231	1037	1028	
3	41	1038	1037	
3	40	1028	1038	
3	1037	1038	1028	
3	212	1039	892	
3	180	972	1039	
3	45	892	972	
3	1039	972	892	
3	241	1040	1042	
3	479	1041	1040	
3	353	1042	1041	
3	1040	1041	1042	
3	212	894	959	
3	44	950	894	
3	284	959	950	
3	894	950	959	
3	51	1043	1045	
3	187	1044	1043	
3	237	1045	1044	
3	1043	1044	1045	
3	37	1046	1048	
3	233	1047	1046	
3	38	1048	1047	
3	1046	1047	1048	
3	34	1049	1051	
3	297	1050	1049	
3	35	1051	1050	
3	1049	1050	1051	
3	297	1052	1053	
3	399	1023	1052	
3	234	1053	1023	
3	1052	1023	1053	
3	151	1054	1056	
3	150	1055	1054	
3	183	1056	1055	
3	1054	1055	1056	
3	280	1057	1059	
3	86	1058	1057	
3	85	1059	1058	
3	1057	1058	1059	
3	9	877	891	
3	178	1060	877	
3	208	891	1060	
3	877	1060	891	
3	72	1061	1063	
3	189	1062	1061	
3	244	1063	1062	
3	1061	1062	1063	
3	204	1064	1066	
3	280	1065	1064	
3	373	1066	1065	
3	1064	1065	1066	
3	248	1067	1069	
3	480	1068	1067	
3	356	1069	1068	
3	1067	1068	1069	
3	46	1070	1072	
3	214	1071	1070	
3	47	1072	1071	
3	1070	1071	1072	
3	187	1073	963	
3	50	1074	1073	
3	235	963	1074	
3	1073	1074	963	
3	358	1075	1077	
3	531	1076	1075	
3	250	1077	1076	
3	1075	1076	1077	
3	180	1078	973	
3	214	1070	1078	
3	46	973	1070	
3	1078	1070	973	
3	76	1079	1081	
3	309	1080	1079	
3	77	1081	1080	
3	1079	1080	1081	
3	255	1082	1084	
3	99	1083	1082	
3	98	1084	1083	
3	1082	1083	1084	
3	235	1074	1086	
3	50	1085	1074	
3	49	1086	1085	
3	1074	1085	1086	
3	403	1087	1089	
3	261	1088	1087	
3	363	1089	1088	
3	1087	1088	1089	
3	51	1045	1091	
3	237	1090	1045	
3	52	1091	1090	
3	1045	1090	1091	
3	300	1092	1093	
3	52	1090	1092	
3	237	1093	1090	
3	1092	1090	1093	
3	114	1094	1096	
3	193	1095	1094	
3	258	1096	1095	
3	1094	1095	1096	
3	51	1097	1043	
3	50	1073	1097	
3	187	1043	1073	
3	1097	1073	1043	
3	463	1098	1100	
3	447	1099	1098	
3	410	1100	1099	
3	1098	1099	1100	
3	298	1101	1102	
3	235	1086	1101	
3	49	1102	1086	
3	1101	1086	1102	
3	94	1103	1105	
3	191	1104	1103	
3	251	1105	1104	
3	1103	1104	1105	
3	428	1106	1108	
3	257	1107	1106	
3	361	1108	1107	
3	1106	1107	1108	
3	299	1109	1111	
3	54	1110	1109	
3	236	1111	1110	
3	1109	1110	1111	
3	318	1112	1114	
3	481	1113	1112	
3	264	1114	1113	
3	1112	1113	1114	
3	225	1115	1117	
3	291	1116	1115	
3	377	1117	1116	
3	1115	1116	1117	
3	379	1118	1119	
3	57	1034	1118	
3	241	1119	1034	
3	1118	1034	1119	
3	544	1120	1122	
3	365	1121	1120	
3	196	1122	1121	
3	1120	1121	1122	
3	55	1123	1125	
3	303	1124	1123	
3	56	1125	1124	
3	1123	1124	1125	
3	264	1126	1128	
3	124	1127	1126	
3	123	1128	1127	
3	1126	1127	1128	
3	141	1129	1131	
3	270	1130	1129	
3	142	1131	1130	
3	1129	1130	1131	
3	240	1132	1134	
3	59	1133	1132	
3	58	1134	1133	
3	1132	1133	1134	
3	238	1135	1137	
3	61	1136	1135	
3	302	1137	1136	
3	1135	1136	1137	
3	140	1138	1140	
3	324	1139	1138	
3	141	1140	1139	
3	1138	1139	1140	
3	156	1141	1143	
3	198	1142	1141	
3	273	1143	1142	
3	1141	1142	1143	
3	65	1144	949	
3	291	1115	1144	
3	225	949	1115	
3	1144	1115	949	
3	61	1135	1146	
3	238	1145	1135	
3	62	1146	1145	
3	1135	1145	1146	
3	160	1147	1149	
3	328	1148	1147	
3	161	1149	1148	
3	1147	1148	1149	
3	60	1150	1151	
3	302	1136	1150	
3	61	1151	1136	
3	1150	1136	1151	
3	370	1152	1154	
3	405	1153	1152	
3	382	1154	1153	
3	1152	1153	1154	
3	57	1118	1156	
3	379	1155	1118	
3	58	1156	1155	
3	1118	1155	1156	
3	136	1157	1159	
3	196	1158	1157	
3	267	1159	1158	
3	1157	1158	1159	
3	303	1160	1161	
3	479	1040	1160	
3	241	1161	1040	
3	1160	1040	1161	
3	119	1162	1164	
3	118	1163	1162	
3	261	1164	1163	
3	1162	1163	1164	
3	277	1165	1167	
3	167	1166	1165	
3	166	1167	1166	
3	1165	1166	1167	
3	65	1168	1144	
3	64	1169	1168	
3	291	1144	1169	
3	1168	1169	1144	
3	201	1170	852	
3	278	1171	1170	
3	330	852	1171	
3	1170	1171	852	
3	67	1172	1174	
3	227	1173	1172	
3	68	1174	1173	
3	1172	1173	1174	
3	189	1175	1004	
3	71	1176	1175	
3	242	1004	1176	
3	1175	1176	1004	
3	26	1177	1179	
3	201	1178	1177	
3	27	1179	1178	
3	1177	1178	1179	
3	184	1180	1022	
3	227	1172	1180	
3	67	1022	1172	
3	1180	1172	1022	
3	371	1181	1183	
3	200	1182	1181	
3	277	1183	1182	
3	1181	1182	1183	
3	25	965	1185	
3	278	1184	965	
3	26	1185	1184	
3	965	1184	1185	
3	242	1176	1187	
3	71	1186	1176	
3	70	1187	1186	
3	1176	1186	1187	
3	288	1188	1189	
3	19	942	1188	
3	219	1189	942	
3	1188	942	1189	
3	72	1063	1191	
3	244	1190	1063	
3	73	1191	1190	
3	1063	1190	1191	
3	306	1192	1193	
3	73	1190	1192	
3	244	1193	1190	
3	1192	1190	1193	
3	307	1194	1196	
3	84	1195	1194	
3	83	1196	1195	
3	1194	1195	1196	
3	72	1197	1061	
3	71	1175	1197	
3	189	1061	1175	
3	1197	1175	1061	
3	288	1198	1188	
3	20	1199	1198	
3	19	1188	1199	
3	1198	1199	1188	
3	304	1200	1201	
3	242	1187	1200	
3	70	1201	1187	
3	1200	1187	1201	
3	330	1202	1203	
3	202	902	1202	
3	176	1203	902	
3	1202	902	1203	
3	177	1204	1206	
3	334	1205	1204	
3	485	1206	1205	
3	1204	1205	1206	
3	305	1207	1209	
3	75	1208	1207	
3	243	1209	1208	
3	1207	1208	1209	
3	335	1210	1212	
3	206	1211	1210	
3	177	1212	1211	
3	1210	1211	1212	
3	78	1213	1215	
3	248	1214	1213	
3	380	1215	1214	
3	1213	1214	1215	
3	78	1215	1217	
3	380	1216	1215	
3	79	1217	1216	
3	1215	1216	1217	
3	89	1218	1220	
3	281	1219	1218	
3	90	1220	1219	
3	1218	1219	1220	
3	77	1221	1222	
3	248	1213	1221	
3	78	1222	1213	
3	1221	1213	1222	
3	90	1223	1225	
3	205	1224	1223	
3	91	1225	1224	
3	1223	1224	1225	
3	11	1226	1228	
3	207	1227	1226	
3	12	1228	1227	
3	1226	1227	1228	
3	82	1229	1231	
3	308	1230	1229	
3	245	1231	1230	
3	1229	1230	1231	
3	81	1232	1233	
3	308	1229	1232	
3	82	1233	1229	
3	1232	1229	1233	
3	336	1234	1235	
3	208	1060	1234	
3	178	1235	1060	
3	1234	1060	1235	
3	312	1236	1238	
3	105	1237	1236	
3	104	1238	1237	
3	1236	1237	1238	
3	245	1239	1231	
3	83	1240	1239	
3	82	1231	1240	
3	1239	1240	1231	
3	204	1241	855	
3	177	932	1241	
3	87	855	932	
3	1241	932	855	
3	312	1238	1243	
3	104	1242	1238	
3	252	1243	1242	
3	1238	1242	1243	
3	204	857	1064	
3	86	1057	857	
3	280	1064	1057	
3	857	1057	1064	
3	10	883	1245	
3	282	1244	883	
3	11	1245	1244	
3	883	1244	1245	
3	79	1246	1248	
3	247	1247	1246	
3	80	1248	1247	
3	1246	1247	1248	
3	207	1249	996	
3	282	1250	1249	
3	336	996	1250	
3	1249	1250	996	
3	309	1251	1252	
3	480	1067	1251	
3	248	1252	1067	
3	1251	1067	1252	
3	307	1196	1253	
3	83	1239	1196	
3	245	1253	1239	
3	1196	1239	1253	
3	225	1254	947	
3	184	1021	1254	
3	66	947	1021	
3	1254	1021	947	
3	405	1255	1257	
3	393	1256	1255	
3	276	1257	1256	
3	1255	1256	1257	
3	652	1258	1259	
3	603	879	1258	
3	175	1259	879	
3	1258	879	1259	
3	246	1260	1262	
3	247	1261	1260	
3	435	1262	1261	
3	1260	1261	1262	
3	110	1263	1265	
3	210	1264	1263	
3	111	1265	1264	
3	1263	1264	1265	
3	206	1266	1211	
3	88	933	1266	
3	177	1211	933	
3	1266	933	1211	
3	210	1263	1268	
3	110	1267	1263	
3	211	1268	1267	
3	1263	1267	1268	
3	206	1269	1270	
3	281	1218	1269	
3	89	1270	1218	
3	1269	1218	1270	
3	249	1271	1273	
3	191	1272	1271	
3	93	1273	1272	
3	1271	1272	1273	
3	295	1274	1276	
3	42	1275	1274	
3	41	1276	1275	
3	1274	1275	1276	
3	88	1266	1277	
3	206	1270	1266	
3	89	1277	1270	
3	1266	1270	1277	
3	394	1278	1280	
3	211	1279	1278	
3	179	1280	1279	
3	1278	1279	1280	
3	395	1281	1283	
3	419	1282	1281	
3	213	1283	1282	
3	1281	1282	1283	
3	93	1284	1273	
3	92	1285	1284	
3	249	1273	1285	
3	1284	1285	1273	
3	395	1286	1287	
3	214	1078	1286	
3	180	1287	1078	
3	1286	1078	1287	
3	95	1288	1289	
3	94	1105	1288	
3	251	1289	1105	
3	1288	1105	1289	
3	251	1290	1289	
3	311	1291	1290	
3	95	1289	1291	
3	1290	1291	1289	
3	213	1292	1293	
3	47	1071	1292	
3	214	1293	1071	
3	1292	1071	1293	
3	191	1103	1272	
3	94	1294	1103	
3	93	1272	1294	
3	1103	1294	1272	
3	47	1292	1296	
3	213	1295	1292	
3	48	1296	1295	
3	1292	1295	1296	
3	92	1297	1285	
3	310	1298	1297	
3	249	1285	1298	
3	1297	1298	1285	
3	295	1276	1299	
3	41	1037	1276	
3	231	1299	1037	
3	1276	1037	1299	
3	215	1300	1302	
3	285	1301	1300	
3	341	1302	1301	
3	1300	1301	1302	
3	255	1084	1304	
3	98	1303	1084	
3	314	1304	1303	
3	1084	1303	1304	
3	132	1305	1307	
3	216	1306	1305	
3	133	1307	1306	
3	1305	1306	1307	
3	255	1308	1082	
3	402	1309	1308	
3	99	1082	1309	
3	1308	1309	1082	
3	402	1310	1309	
3	100	1311	1310	
3	99	1309	1311	
3	1310	1311	1309	
3	342	1312	1314	
3	217	1313	1312	
3	181	1314	1313	
3	1312	1313	1314	
3	283	1315	1317	
3	374	1316	1315	
3	209	1317	1316	
3	1315	1316	1317	
3	216	1318	1000	
3	286	1319	1318	
3	342	1000	1319	
3	1318	1319	1000	
3	287	895	1321	
3	13	1320	895	
3	12	1321	1320	
3	895	1320	1321	
3	313	1322	1324	
3	252	1323	1322	
3	103	1324	1323	
3	1322	1323	1324	
3	313	1324	1326	
3	103	1325	1324	
3	102	1326	1325	
3	1324	1325	1326	
3	207	1327	1328	
3	406	886	1327	
3	287	1328	886	
3	1327	886	1328	
3	332	1329	1330	
3	176	934	1329	
3	203	1330	934	
3	1329	934	1330	
3	104	1331	1242	
3	103	1323	1331	
3	252	1242	1323	
3	1331	1323	1242	
3	179	976	1332	
3	108	887	976	
3	209	1332	887	
3	976	887	1332	
3	421	1333	1335	
3	450	1334	1333	
3	220	1335	1334	
3	1333	1334	1335	
3	107	1336	889	
3	283	1317	1336	
3	209	889	1317	
3	1336	1317	889	
3	343	938	1337	
3	437	917	938	
3	218	1337	917	
3	938	917	1337	
3	254	1338	1340	
3	101	1339	1338	
3	100	1340	1339	
3	1338	1339	1340	
3	131	1341	1343	
3	286	1342	1341	
3	132	1343	1342	
3	1341	1342	1343	
3	314	1344	1304	
3	192	1345	1344	
3	255	1304	1345	
3	1344	1345	1304	
3	262	1346	1348	
3	127	1347	1346	
3	126	1348	1347	
3	1346	1347	1348	
3	221	912	1349	
3	15	909	912	
3	437	1349	909	
3	912	909	1349	
3	215	1302	1351	
3	341	1350	1302	
3	181	1351	1350	
3	1302	1350	1351	
3	322	1352	1354	
3	147	1353	1352	
3	146	1354	1353	
3	1352	1353	1354	
3	211	1267	1356	
3	110	1355	1267	
3	109	1356	1355	
3	1267	1355	1356	
3	113	1357	1358	
3	256	957	1357	
3	193	1358	957	
3	1357	957	1358	
3	322	1354	1360	
3	146	1359	1354	
3	268	1360	1359	
3	1354	1359	1360	
3	211	1356	1279	
3	109	977	1356	
3	179	1279	977	
3	1356	977	1279	
3	220	1361	1362	
3	16	913	1361	
3	221	1362	913	
3	1361	913	1362	
3	600	1363	1365	
3	814	1364	1363	
3	823	1365	1364	
3	1363	1364	1365	
3	112	1366	1368	
3	315	1367	1366	
3	256	1368	1367	
3	1366	1367	1368	
3	152	1369	1371	
3	223	1370	1369	
3	153	1371	1370	
3	1369	1370	1371	
3	113	1372	1357	
3	112	1368	1372	
3	256	1357	1368	
3	1372	1368	1357	
3	114	1373	1094	
3	113	1358	1373	
3	193	1094	1358	
3	1373	1358	1094	
3	397	1374	1376	
3	224	1375	1374	
3	183	1376	1375	
3	1374	1375	1376	
3	114	1096	1378	
3	258	1377	1096	
3	115	1378	1377	
3	1096	1377	1378	
3	283	1336	1380	
3	107	1379	1336	
3	106	1380	1379	
3	1336	1379	1380	
3	525	1381	1383	
3	499	1382	1381	
3	524	1383	1382	
3	1381	1382	1383	
3	397	1384	1386	
3	422	1385	1384	
3	223	1386	1385	
3	1384	1385	1386	
3	301	1387	1389	
3	63	1388	1387	
3	62	1389	1388	
3	1387	1388	1389	
3	115	1377	1391	
3	258	1390	1377	
3	316	1391	1390	
3	1377	1390	1391	
3	398	1392	1394	
3	424	1393	1392	
3	226	1394	1393	
3	1392	1393	1394	
3	317	1395	1396	
3	261	1163	1395	
3	118	1396	1163	
3	1395	1163	1396	
3	261	1397	1164	
3	362	1398	1397	
3	119	1164	1398	
3	1397	1398	1164	
3	68	1399	1401	
3	226	1400	1399	
3	69	1401	1400	
3	1399	1400	1401	
3	261	1395	1088	
3	317	1402	1395	
3	363	1088	1402	
3	1395	1402	1088	
3	301	1389	1403	
3	62	1145	1389	
3	238	1403	1145	
3	1389	1145	1403	
3	226	1399	1404	
3	68	1173	1399	
3	227	1404	1173	
3	1399	1173	1404	
3	120	1405	1407	
3	260	1406	1405	
3	121	1407	1406	
3	1405	1406	1407	
3	195	1408	1409	
3	124	1126	1408	
3	264	1409	1126	
3	1408	1126	1409	
3	292	999	1411	
3	28	1410	999	
3	27	1411	1410	
3	999	1410	1411	
3	229	1412	1414	
3	294	1413	1412	
3	349	1414	1413	
3	1412	1413	1414	
3	125	1415	1416	
3	124	1408	1415	
3	195	1416	1408	
3	1415	1408	1416	
3	215	1351	897	
3	181	979	1351	
3	129	897	979	
3	1351	979	897	
3	32	1417	1418	
3	229	1007	1417	
3	33	1418	1007	
3	1417	1007	1418	
3	318	1114	1419	
3	264	1128	1114	
3	123	1419	1128	
3	1114	1128	1419	
3	228	998	1421	
3	292	1420	998	
3	348	1421	1420	
3	998	1420	1421	
3	120	1422	1423	
3	119	1398	1422	
3	362	1423	1398	
3	1422	1398	1423	
3	398	1424	1425	
3	227	1180	1424	
3	184	1425	1180	
3	1424	1180	1425	
3	125	1416	1427	
3	195	1426	1416	
3	263	1427	1426	
3	1416	1426	1427	
3	223	1369	1429	
3	152	1428	1369	
3	224	1429	1428	
3	1369	1428	1429	
3	604	953	875	
3	703	1430	953	
3	770	875	1430	
3	953	1430	875	
3	16	1361	1432	
3	220	1431	1361	
3	17	1432	1431	
3	1361	1431	1432	
3	31	988	1434	
3	294	1433	988	
3	32	1434	1433	
3	988	1433	1434	
3	263	1435	1427	
3	126	1436	1435	
3	125	1427	1436	
3	1435	1436	1427	
3	340	1437	1438	
3	180	1039	1437	
3	212	1438	1039	
3	1437	1039	1438	
3	217	1439	1313	
3	130	980	1439	
3	181	1313	980	
3	1439	980	1313	
3	131	1440	1441	
3	130	1439	1440	
3	217	1441	1439	
3	1440	1439	1441	
3	233	1046	1442	
3	37	1015	1046	
3	378	1442	1015	
3	1046	1015	1442	
3	128	1443	1445	
3	127	1444	1443	
3	285	1445	1444	
3	1443	1444	1445	
3	293	1446	1447	
3	399	1052	1446	
3	297	1447	1052	
3	1446	1052	1447	
3	433	1448	1450	
3	350	1449	1448	
3	389	1450	1449	
3	1448	1449	1450	
3	265	1451	1453	
3	196	1452	1451	
3	135	1453	1452	
3	1451	1452	1453	
3	33	1006	1455	
3	293	1454	1006	
3	34	1455	1454	
3	1006	1454	1455	
3	135	1456	1453	
3	134	1457	1456	
3	265	1453	1457	
3	1456	1457	1453	
3	135	1452	1458	
3	196	1157	1452	
3	136	1458	1157	
3	1452	1157	1458	
3	612	1459	1461	
3	529	1460	1459	
3	528	1461	1460	
3	1459	1460	1461	
3	134	1462	1457	
3	319	1463	1462	
3	265	1457	1463	
3	1462	1463	1457	
3	232	1464	1009	
3	38	1047	1464	
3	233	1009	1047	
3	1464	1047	1009	
3	286	1341	1465	
3	131	1441	1341	
3	217	1465	1441	
3	1341	1441	1465	
3	38	1464	1467	
3	232	1466	1464	
3	39	1467	1466	
3	1464	1466	1467	
3	235	1101	964	
3	298	1468	1101	
3	351	964	1468	
3	1101	1468	964	
3	267	1469	1471	
3	321	1470	1469	
3	137	1471	1470	
3	1469	1470	1471	
3	53	1472	1473	
3	236	1110	1472	
3	54	1473	1110	
3	1472	1110	1473	
3	266	1474	1476	
3	320	1475	1474	
3	139	1476	1475	
3	1474	1475	1476	
3	441	1477	1479	
3	532	1478	1477	
3	533	1479	1478	
3	1477	1478	1479	
3	352	1480	1481	
3	237	1044	1480	
3	187	1481	1044	
3	1480	1044	1481	
3	142	1130	1483	
3	270	1482	1130	
3	197	1483	1482	
3	1130	1482	1483	
3	236	1484	1486	
3	300	1485	1484	
3	352	1486	1485	
3	1484	1485	1486	
3	299	1487	1488	
3	479	1160	1487	
3	303	1488	1160	
3	1487	1160	1488	
3	143	1489	1490	
3	142	1483	1489	
3	197	1490	1483	
3	1489	1483	1490	
3	143	1490	1492	
3	197	1491	1490	
3	269	1492	1491	
3	1490	1491	1492	
3	347	1493	1494	
3	184	1254	1493	
3	225	1494	1254	
3	1493	1254	1494	
3	59	1495	1497	
3	239	1496	1495	
3	60	1497	1496	
3	1495	1496	1497	
3	323	1498	1500	
3	144	1499	1498	
3	269	1500	1499	
3	1498	1499	1500	
3	222	907	1502	
3	149	1501	907	
3	290	1502	1501	
3	907	1501	1502	
3	400	1503	1505	
3	434	1504	1503	
3	353	1505	1504	
3	1503	1504	1505	
3	269	1499	1492	
3	144	1506	1499	
3	143	1492	1506	
3	1499	1506	1492	
3	445	1507	1509	
3	390	1508	1507	
3	408	1509	1508	
3	1507	1508	1509	
3	222	1502	1511	
3	290	1510	1502	
3	376	1511	1510	
3	1502	1510	1511	
3	52	1092	1513	
3	300	1512	1092	
3	53	1513	1512	
3	1092	1512	1513	
3	136	1159	1514	
3	267	1471	1159	
3	137	1514	1471	
3	1159	1471	1514	
3	298	1102	1516	
3	49	1515	1102	
3	48	1516	1515	
3	1102	1515	1516	
3	54	1109	1518	
3	299	1517	1109	
3	55	1518	1517	
3	1109	1517	1518	
3	183	1055	1519	
3	150	905	1055	
3	222	1519	905	
3	1055	905	1519	
3	304	1201	1521	
3	70	1520	1201	
3	69	1521	1520	
3	1201	1520	1521	
3	224	1522	1375	
3	151	1056	1522	
3	183	1375	1056	
3	1522	1056	1375	
3	152	1523	1428	
3	151	1522	1523	
3	224	1428	1522	
3	1523	1522	1428	
3	242	1200	1005	
3	304	1524	1200	
3	354	1005	1524	
3	1200	1524	1005	
3	149	1525	1501	
3	148	1526	1525	
3	290	1501	1526	
3	1525	1526	1501	
3	236	1527	1529	
3	492	1528	1527	
3	188	1529	1528	
3	1527	1528	1529	
3	74	1530	1531	
3	243	1208	1530	
3	75	1531	1208	
3	1530	1208	1531	
3	271	1532	1534	
3	154	1533	1532	
3	325	1534	1533	
3	1532	1533	1534	
3	154	1532	1536	
3	271	1535	1532	
3	155	1536	1535	
3	1532	1535	1536	
3	355	1537	1538	
3	244	1062	1537	
3	189	1538	1062	
3	1537	1062	1538	
3	305	1539	1540	
3	480	1251	1539	
3	309	1540	1251	
3	1539	1251	1540	
3	157	1541	1542	
3	156	1143	1541	
3	273	1542	1143	
3	1541	1143	1542	
3	273	1543	1542	
3	327	1544	1543	
3	157	1542	1544	
3	1543	1544	1542	
3	334	1204	1545	
3	177	1241	1204	
3	204	1545	1241	
3	1204	1241	1545	
3	198	1141	1547	
3	156	1546	1141	
3	155	1547	1546	
3	1141	1546	1547	
3	73	1192	1549	
3	306	1548	1192	
3	74	1549	1548	
3	1192	1548	1549	
3	198	1547	991	
3	155	1535	1547	
3	271	991	1535	
3	1547	1535	991	
3	243	1550	1552	
3	306	1551	1550	
3	355	1552	1551	
3	1550	1551	1552	
3	80	1553	1555	
3	246	1554	1553	
3	81	1555	1554	
3	1553	1554	1555	
3	272	1556	1558	
3	326	1557	1556	
3	159	1558	1557	
3	1556	1557	1558	
3	246	1553	1260	
3	80	1247	1553	
3	247	1260	1247	
3	1553	1247	1260	
3	484	1559	1561	
3	162	1560	1559	
3	276	1561	1560	
3	1559	1560	1561	
3	163	1562	1563	
3	162	1559	1562	
3	484	1563	1559	
3	1562	1559	1563	
3	75	1207	1565	
3	305	1564	1207	
3	76	1565	1564	
3	1207	1564	1565	
3	162	1566	1560	
3	161	1567	1566	
3	276	1560	1567	
3	1566	1567	1560	
3	401	1568	1570	
3	435	1569	1568	
3	356	1570	1569	
3	1568	1569	1570	
3	310	1297	1572	
3	92	1571	1297	
3	91	1572	1571	
3	1297	1571	1572	
3	167	1165	1573	
3	277	1182	1165	
3	200	1573	1182	
3	1165	1182	1573	
3	329	1574	1575	
3	277	1167	1574	
3	166	1575	1167	
3	1574	1167	1575	
3	249	1298	1577	
3	310	1576	1298	
3	357	1577	1576	
3	1298	1576	1577	
3	96	1578	1580	
3	250	1579	1578	
3	97	1580	1579	
3	1578	1579	1580	
3	525	1383	1582	
3	524	1581	1383	
3	576	1582	1581	
3	1383	1581	1582	
3	670	1583	1584	
3	524	1382	1583	
3	499	1584	1382	
3	1583	1382	1584	
3	503	1585	1587	
3	358	1586	1585	
3	191	1587	1586	
3	1585	1586	1587	
3	200	1588	1573	
3	168	1589	1588	
3	167	1573	1589	
3	1588	1589	1573	
3	439	1590	1592	
3	547	1591	1590	
3	588	1592	1591	
3	1590	1591	1592	
3	164	1593	1595	
3	163	1594	1593	
3	275	1595	1594	
3	1593	1594	1595	
3	243	1596	1598	
3	496	1597	1596	
3	190	1598	1597	
3	1596	1597	1598	
3	405	1257	1600	
3	276	1599	1257	
3	328	1600	1599	
3	1257	1599	1600	
3	446	1601	1603	
3	391	1602	1601	
3	409	1603	1602	
3	1601	1602	1603	
3	145	1604	1605	
3	268	1359	1604	
3	146	1605	1359	
3	1604	1359	1605	
3	239	1495	1031	
3	59	1132	1495	
3	240	1031	1132	
3	1495	1132	1031	
3	95	1291	1607	
3	311	1606	1291	
3	96	1607	1606	
3	1291	1606	1607	
3	349	1608	1609	
3	230	1017	1608	
3	185	1609	1017	
3	1608	1017	1609	
3	359	1610	1611	
3	402	1308	1610	
3	255	1611	1308	
3	1610	1308	1611	
3	394	1612	1614	
3	417	1613	1612	
3	210	1614	1613	
3	1612	1613	1614	
3	338	1615	1616	
3	179	1332	1615	
3	209	1616	1332	
3	1615	1332	1616	
3	530	1617	1619	
3	502	1618	1617	
3	359	1619	1618	
3	1617	1618	1619	
3	101	1620	1622	
3	253	1621	1620	
3	102	1622	1621	
3	1620	1621	1622	
3	357	1623	1625	
3	510	1624	1623	
3	191	1625	1624	
3	1623	1624	1625	
3	253	1620	1626	
3	101	1338	1620	
3	254	1626	1338	
3	1620	1338	1626	
3	314	1303	1628	
3	98	1627	1303	
3	97	1628	1627	
3	1303	1627	1628	
3	250	1629	1630	
3	192	1344	1629	
3	314	1630	1344	
3	1629	1344	1630	
3	315	1366	1632	
3	112	1631	1366	
3	111	1632	1631	
3	1366	1631	1632	
3	256	1367	958	
3	315	1633	1367	
3	360	958	1633	
3	1367	1633	958	
3	257	1634	1107	
3	316	1635	1634	
3	361	1107	1635	
3	1634	1635	1107	
3	116	1636	1638	
3	257	1637	1636	
3	117	1638	1637	
3	1636	1637	1638	
3	361	1639	1640	
3	258	1095	1639	
3	193	1640	1095	
3	1639	1095	1640	
3	115	1391	1642	
3	316	1641	1391	
3	116	1642	1641	
3	1391	1641	1642	
3	468	1643	1645	
3	486	1644	1643	
3	481	1645	1644	
3	1643	1644	1645	
3	121	1646	1648	
3	259	1647	1646	
3	122	1648	1647	
3	1646	1647	1648	
3	260	1649	1651	
3	464	1650	1649	
3	259	1651	1650	
3	1649	1650	1651	
3	259	1646	1651	
3	121	1406	1646	
3	260	1651	1406	
3	1646	1406	1651	
3	317	1396	1653	
3	118	1652	1396	
3	117	1653	1652	
3	1396	1652	1653	
3	257	1654	1655	
3	363	1402	1654	
3	317	1655	1402	
3	1654	1402	1655	
3	404	1656	1658	
3	429	1657	1656	
3	262	1658	1657	
3	1656	1657	1658	
3	285	1300	1445	
3	215	899	1300	
3	128	1445	899	
3	1300	899	1445	
3	404	1659	1660	
3	263	1426	1659	
3	195	1660	1426	
3	1659	1426	1660	
3	262	1348	1661	
3	126	1435	1348	
3	263	1661	1435	
3	1348	1435	1661	
3	318	1419	1663	
3	123	1662	1419	
3	122	1663	1662	
3	1419	1662	1663	
3	259	1664	1665	
3	481	1112	1664	
3	318	1665	1112	
3	1664	1112	1665	
3	319	1462	1667	
3	134	1666	1462	
3	133	1667	1666	
3	1462	1666	1667	
3	265	1463	1669	
3	319	1668	1463	
3	364	1669	1668	
3	1463	1668	1669	
3	465	1670	1672	
3	549	1671	1670	
3	364	1672	1671	
3	1670	1671	1672	
3	138	1673	1674	
3	266	1476	1673	
3	139	1674	1476	
3	1673	1476	1674	
3	568	1675	1677	
3	441	1676	1675	
3	365	1677	1676	
3	1675	1676	1677	
3	137	1470	1679	
3	321	1678	1470	
3	138	1679	1678	
3	1470	1678	1679	
3	269	1680	1500	
3	381	1681	1680	
3	323	1500	1681	
3	1680	1681	1500	
3	345	1682	1683	
3	183	1519	1682	
3	222	1683	1519	
3	1682	1519	1683	
3	718	1684	1686	
3	689	1685	1684	
3	721	1686	1685	
3	1684	1685	1686	
3	144	1498	1688	
3	323	1687	1498	
3	145	1688	1687	
3	1498	1687	1688	
3	139	1475	1690	
3	320	1689	1475	
3	140	1690	1689	
3	1475	1689	1690	
3	324	1691	1693	
3	320	1692	1691	
3	533	1693	1692	
3	1691	1692	1693	
3	325	1533	1695	
3	154	1694	1533	
3	153	1695	1694	
3	1533	1694	1695	
3	271	1534	992	
3	325	1696	1534	
3	368	992	1696	
3	1534	1696	992	
3	272	1697	1699	
3	327	1698	1697	
3	369	1699	1698	
3	1697	1698	1699	
3	158	1700	1701	
3	272	1558	1700	
3	159	1701	1558	
3	1700	1558	1701	
3	369	1702	1703	
3	273	1142	1702	
3	198	1703	1142	
3	1702	1142	1703	
3	157	1544	1705	
3	327	1704	1544	
3	158	1705	1704	
3	1544	1704	1705	
3	326	1706	1707	
3	405	1600	1706	
3	328	1707	1600	
3	1706	1600	1707	
3	164	1708	1710	
3	274	1709	1708	
3	165	1710	1709	
3	1708	1709	1710	
3	469	1711	1712	
3	272	1699	1711	
3	369	1712	1699	
3	1711	1699	1712	
3	274	1708	1713	
3	164	1595	1708	
3	275	1713	1595	
3	1708	1595	1713	
3	159	1557	1715	
3	326	1714	1557	
3	160	1715	1714	
3	1557	1714	1715	
3	520	1716	1717	
3	469	1712	1716	
3	369	1717	1712	
3	1716	1712	1717	
3	329	1575	1719	
3	166	1718	1575	
3	165	1719	1718	
3	1575	1718	1719	
3	277	1574	1183	
3	329	1720	1574	
3	371	1183	1720	
3	1574	1720	1183	
3	330	1171	1202	
3	278	967	1171	
3	202	1202	967	
3	1171	967	1202	
3	201	1177	1170	
3	26	1184	1177	
3	278	1170	1184	
3	1177	1184	1170	
3	331	1721	1723	
3	21	1722	1721	
3	20	1723	1722	
3	1721	1722	1723	
3	372	984	1725	
3	279	1724	984	
3	331	1725	1724	
3	984	1724	1725	
3	333	1726	1728	
3	85	1727	1726	
3	84	1728	1727	
3	1726	1727	1728	
3	373	1065	1730	
3	280	1729	1065	
3	333	1730	1729	
3	1065	1729	1730	
3	335	1731	1210	
3	281	1269	1731	
3	206	1210	1269	
3	1731	1269	1210	
3	205	1223	1732	
3	90	1219	1223	
3	281	1732	1219	
3	1223	1219	1732	
3	336	1250	1234	
3	282	882	1250	
3	208	1234	882	
3	1250	882	1234	
3	207	1226	1249	
3	11	1244	1226	
3	282	1249	1244	
3	1226	1244	1249	
3	337	1733	1735	
3	106	1734	1733	
3	105	1735	1734	
3	1733	1734	1735	
3	374	1315	1737	
3	283	1736	1315	
3	337	1737	1736	
3	1315	1736	1737	
3	339	1738	1740	
3	43	1739	1738	
3	42	1740	1739	
3	1738	1739	1740	
3	375	960	1742	
3	284	1741	960	
3	339	1742	1741	
3	960	1741	1742	
3	127	1346	1444	
3	262	1743	1346	
3	285	1444	1743	
3	1346	1743	1444	
3	341	1301	1744	
3	285	1743	1301	
3	262	1744	1743	
3	1301	1743	1744	
3	342	1319	1312	
3	286	1465	1319	
3	217	1312	1465	
3	1319	1465	1312	
3	216	1305	1318	
3	132	1342	1305	
3	286	1318	1342	
3	1305	1342	1318	
3	12	1227	1321	
3	207	1328	1227	
3	287	1321	1328	
3	1227	1328	1321	
3	622	1745	1747	
3	593	1746	1745	
3	625	1747	1746	
3	1745	1746	1747	
3	203	983	1330	
3	372	1748	983	
3	332	1330	1748	
3	983	1748	1330	
3	21	1721	935	
3	331	1724	1721	
3	279	935	1724	
3	1721	1724	935	
3	17	1431	923	
3	220	1749	1431	
3	289	923	1749	
3	1431	1749	923	
3	701	1750	1752	
3	613	1751	1750	
3	679	1752	1751	
3	1750	1751	1752	
3	344	1753	1755	
3	148	1754	1753	
3	147	1755	1754	
3	1753	1754	1755	
3	376	1510	1757	
3	290	1756	1510	
3	344	1757	1756	
3	1510	1756	1757	
3	346	1758	1760	
3	64	1759	1758	
3	63	1760	1759	
3	1758	1759	1760	
3	377	1116	1762	
3	291	1761	1116	
3	346	1762	1761	
3	1116	1761	1762	
3	27	1178	1411	
3	201	1763	1178	
3	292	1411	1763	
3	1178	1763	1411	
3	348	1420	1764	
3	292	1763	1420	
3	201	1764	1763	
3	1420	1763	1764	
3	378	1765	1442	
3	350	1010	1765	
3	233	1442	1010	
3	1765	1010	1442	
3	35	1050	1018	
3	297	1053	1050	
3	234	1018	1053	
3	1050	1053	1018	
3	349	1413	1608	
3	294	989	1413	
3	230	1608	989	
3	1413	989	1608	
3	229	1417	1412	
3	32	1433	1417	
3	294	1412	1433	
3	1417	1433	1412	
3	212	961	1438	
3	375	1766	961	
3	340	1438	1766	
3	961	1766	1438	
3	43	1738	952	
3	339	1741	1738	
3	284	952	1741	
3	1738	1741	952	
3	39	1466	1029	
3	232	1767	1466	
3	296	1029	1767	
3	1466	1767	1029	
3	407	1768	1769	
3	296	1767	1768	
3	232	1769	1767	
3	1768	1767	1769	
3	34	1454	1049	
3	293	1447	1454	
3	297	1049	1447	
3	1454	1447	1049	
3	350	1770	1772	
3	444	1771	1770	
3	478	1772	1771	
3	1770	1771	1772	
3	48	1295	1516	
3	213	1773	1295	
3	298	1516	1773	
3	1295	1773	1516	
3	351	1468	1774	
3	298	1773	1468	
3	213	1774	1773	
3	1468	1773	1774	
3	379	1775	1776	
3	434	1032	1775	
3	240	1776	1032	
3	1775	1032	1776	
3	56	1124	1036	
3	303	1161	1124	
3	241	1036	1161	
3	1124	1161	1036	
3	352	1485	1480	
3	300	1093	1485	
3	237	1480	1093	
3	1485	1093	1480	
3	236	1472	1484	
3	53	1512	1472	
3	300	1484	1512	
3	1472	1512	1484	
3	225	1117	1494	
3	377	1777	1117	
3	347	1494	1777	
3	1117	1777	1494	
3	64	1758	1169	
3	346	1761	1758	
3	291	1169	1761	
3	1758	1761	1169	
3	60	1496	1150	
3	239	1778	1496	
3	302	1150	1778	
3	1496	1778	1150	
3	408	1779	1780	
3	302	1778	1779	
3	239	1780	1778	
3	1779	1778	1780	
3	55	1517	1123	
3	299	1488	1517	
3	303	1123	1488	
3	1517	1488	1123	
3	434	1781	1783	
3	460	1782	1781	
3	473	1783	1782	
3	1781	1782	1783	
3	69	1400	1521	
3	226	1784	1400	
3	304	1521	1784	
3	1400	1784	1521	
3	354	1524	1785	
3	304	1784	1524	
3	226	1785	1784	
3	1524	1784	1785	
3	380	1786	1787	
3	435	1261	1786	
3	247	1787	1261	
3	1786	1261	1787	
3	77	1080	1221	
3	309	1252	1080	
3	248	1221	1252	
3	1080	1252	1221	
3	355	1551	1537	
3	306	1193	1551	
3	244	1537	1193	
3	1551	1193	1537	
3	243	1530	1550	
3	74	1548	1530	
3	306	1550	1548	
3	1530	1548	1550	
3	204	1066	1545	
3	373	1788	1066	
3	334	1545	1788	
3	1066	1788	1545	
3	85	1726	1059	
3	333	1729	1726	
3	280	1059	1729	
3	1726	1729	1059	
3	81	1554	1232	
3	246	1789	1554	
3	308	1232	1789	
3	1554	1789	1232	
3	409	1790	1791	
3	308	1789	1790	
3	246	1791	1789	
3	1790	1789	1791	
3	76	1564	1079	
3	305	1540	1564	
3	309	1079	1540	
3	1564	1540	1079	
3	435	1792	1794	
3	461	1793	1792	
3	474	1794	1793	
3	1792	1793	1794	
3	91	1224	1572	
3	205	1795	1224	
3	310	1572	1795	
3	1224	1795	1572	
3	357	1576	1796	
3	310	1795	1576	
3	205	1796	1795	
3	1576	1795	1796	
3	191	1586	1104	
3	358	1797	1586	
3	251	1104	1797	
3	1586	1797	1104	
3	250	1578	1798	
3	96	1606	1578	
3	311	1798	1606	
3	1578	1606	1798	
3	209	1316	1616	
3	374	1799	1316	
3	338	1616	1799	
3	1316	1799	1616	
3	106	1733	1380	
3	337	1736	1733	
3	283	1380	1736	
3	1733	1736	1380	
3	102	1621	1326	
3	253	1800	1621	
3	313	1326	1800	
3	1621	1800	1326	
3	410	1801	1802	
3	313	1800	1801	
3	253	1802	1800	
3	1801	1800	1802	
3	97	1579	1628	
3	250	1630	1579	
3	314	1628	1630	
3	1579	1630	1628	
3	359	1611	1803	
3	255	1345	1611	
3	192	1803	1345	
3	1611	1345	1803	
3	111	1264	1632	
3	210	1804	1264	
3	315	1632	1804	
3	1264	1804	1632	
3	360	1633	1805	
3	315	1804	1633	
3	210	1805	1804	
3	1633	1804	1805	
3	361	1635	1639	
3	316	1390	1635	
3	258	1639	1390	
3	1635	1390	1639	
3	257	1636	1634	
3	116	1641	1636	
3	316	1634	1641	
3	1636	1641	1634	
3	117	1637	1653	
3	257	1655	1637	
3	317	1653	1655	
3	1637	1655	1653	
3	361	1640	1807	
3	193	1806	1640	
3	563	1807	1806	
3	1640	1806	1807	
3	122	1647	1663	
3	259	1665	1647	
3	318	1663	1665	
3	1647	1665	1663	
3	701	1808	1810	
3	687	1809	1808	
3	759	1810	1809	
3	1808	1809	1810	
3	133	1306	1667	
3	216	1811	1306	
3	319	1667	1811	
3	1306	1811	1667	
3	364	1668	1812	
3	319	1811	1668	
3	216	1812	1811	
3	1668	1811	1812	
3	197	1482	1814	
3	270	1813	1482	
3	532	1814	1813	
3	1482	1813	1814	
3	141	1139	1129	
3	324	1815	1139	
3	270	1129	1815	
3	1139	1815	1129	
3	196	1121	1158	
3	365	1816	1121	
3	267	1158	1816	
3	1121	1816	1158	
3	266	1673	1817	
3	138	1678	1673	
3	321	1817	1678	
3	1673	1678	1817	
3	222	1511	1683	
3	376	1818	1511	
3	345	1683	1818	
3	1511	1818	1683	
3	148	1753	1526	
3	344	1756	1753	
3	290	1526	1756	
3	1753	1756	1526	
3	197	1819	1491	
3	381	1680	1819	
3	269	1491	1680	
3	1819	1680	1491	
3	268	1604	1820	
3	145	1687	1604	
3	323	1820	1687	
3	1604	1687	1820	
3	140	1689	1138	
3	320	1691	1689	
3	324	1138	1691	
3	1689	1691	1138	
3	546	1821	1823	
3	532	1822	1821	
3	392	1823	1822	
3	1821	1822	1823	
3	153	1370	1695	
3	223	1824	1370	
3	325	1695	1824	
3	1370	1824	1695	
3	368	1696	1825	
3	325	1824	1696	
3	223	1825	1824	
3	1696	1824	1825	
3	382	1826	1827	
3	272	1711	1826	
3	469	1827	1711	
3	1826	1711	1827	
3	161	1148	1567	
3	328	1599	1148	
3	276	1567	1599	
3	1148	1599	1567	
3	369	1698	1702	
3	327	1543	1698	
3	273	1702	1543	
3	1698	1543	1702	
3	272	1700	1697	
3	158	1704	1700	
3	327	1697	1704	
3	1700	1704	1697	
3	160	1714	1147	
3	326	1707	1714	
3	328	1147	1707	
3	1714	1707	1147	
3	431	1828	1830	
3	275	1829	1828	
3	484	1830	1829	
3	1828	1829	1830	
3	165	1709	1719	
3	274	1831	1709	
3	329	1719	1831	
3	1709	1831	1719	
3	371	1720	1832	
3	329	1831	1720	
3	274	1832	1831	
3	1720	1831	1832	
3	508	1833	1835	
3	332	1834	1833	
3	443	1835	1834	
3	1833	1834	1835	
3	348	1836	1421	
3	185	970	1836	
3	228	1421	970	
3	1836	970	1421	
3	20	1198	1723	
3	288	1837	1198	
3	331	1723	1837	
3	1198	1837	1723	
3	331	1838	1725	
3	411	1839	1838	
3	372	1725	1839	
3	1838	1839	1725	
3	372	1839	1841	
3	411	1840	1839	
3	383	1841	1840	
3	1839	1840	1841	
3	176	1329	1842	
3	332	1833	1329	
3	508	1842	1833	
3	1329	1833	1842	
3	84	1194	1728	
3	307	1843	1194	
3	333	1728	1843	
3	1194	1843	1728	
3	333	1844	1730	
3	412	1845	1844	
3	373	1730	1845	
3	1844	1845	1730	
3	384	1846	1847	
3	334	1788	1846	
3	373	1847	1788	
3	1846	1788	1847	
3	205	1732	943	
3	281	1731	1732	
3	335	943	1731	
3	1732	1731	943	
3	462	944	1849	
3	335	1848	944	
3	485	1849	1848	
3	944	1848	1849	
3	357	1625	1577	
3	191	1271	1625	
3	249	1577	1271	
3	1625	1271	1577	
3	523	1850	1851	
3	336	1235	1850	
3	178	1851	1235	
3	1850	1235	1851	
3	476	1852	1854	
3	452	1853	1852	
3	343	1854	1853	
3	1852	1853	1854	
3	105	1236	1735	
3	312	1855	1236	
3	337	1735	1855	
3	1236	1855	1735	
3	337	1856	1737	
3	413	1857	1856	
3	374	1737	1857	
3	1856	1857	1737	
3	385	1858	1859	
3	338	1799	1858	
3	374	1859	1799	
3	1858	1799	1859	
3	360	1805	1860	
3	210	1613	1805	
3	417	1860	1613	
3	1805	1613	1860	
3	42	1274	1740	
3	295	1861	1274	
3	339	1740	1861	
3	1274	1861	1740	
3	339	1862	1742	
3	414	1863	1862	
3	375	1742	1863	
3	1862	1863	1742	
3	386	1864	1865	
3	340	1766	1864	
3	375	1865	1766	
3	1864	1766	1865	
3	351	1774	1866	
3	213	1282	1774	
3	419	1866	1282	
3	1774	1282	1866	
3	262	1661	1658	
3	263	1659	1661	
3	404	1658	1659	
3	1661	1659	1658	
3	482	1867	1869	
3	341	1868	1867	
3	429	1869	1868	
3	1867	1868	1869	
3	482	1870	1867	
3	181	1350	1870	
3	341	1867	1350	
3	1870	1350	1867	
3	364	1871	1669	
3	196	1451	1871	
3	265	1669	1451	
3	1871	1451	1669	
3	432	1872	1874	
3	450	1873	1872	
3	449	1874	1873	
3	1872	1873	1874	
3	383	1840	1876	
3	411	1875	1840	
3	451	1876	1875	
3	1840	1875	1876	
3	147	1352	1755	
3	322	1877	1352	
3	344	1755	1877	
3	1352	1877	1755	
3	344	1878	1757	
3	415	1879	1878	
3	376	1757	1879	
3	1878	1879	1757	
3	268	1820	1880	
3	323	1681	1820	
3	381	1880	1681	
3	1820	1681	1880	
3	368	1825	1881	
3	223	1385	1825	
3	422	1881	1385	
3	1825	1385	1881	
3	63	1387	1760	
3	301	1882	1387	
3	346	1760	1882	
3	1387	1882	1760	
3	346	1883	1762	
3	416	1884	1883	
3	377	1762	1884	
3	1883	1884	1762	
3	388	1885	1886	
3	347	1777	1885	
3	377	1886	1777	
3	1885	1777	1886	
3	354	1785	1887	
3	226	1393	1785	
3	424	1887	1393	
3	1785	1393	1887	
3	458	1888	854	
3	348	1764	1888	
3	201	854	1764	
3	1888	1764	854	
3	488	1889	1891	
3	349	1890	1889	
3	501	1891	1890	
3	1889	1890	1891	
3	185	1836	1893	
3	348	1892	1836	
3	527	1893	1892	
3	1836	1892	1893	
3	293	1894	1446	
3	186	1895	1894	
3	399	1446	1895	
3	1894	1895	1446	
3	472	1896	1898	
3	459	1897	1896	
3	407	1898	1897	
3	1896	1897	1898	
3	459	1899	1901	
3	490	1900	1899	
3	386	1901	1900	
3	1899	1900	1901	
3	214	1286	1293	
3	395	1283	1286	
3	213	1293	1283	
3	1286	1283	1293	
3	352	1481	1903	
3	187	1902	1481	
3	515	1903	1902	
3	1481	1902	1903	
3	419	1904	1866	
3	491	1905	1904	
3	351	1866	1905	
3	1904	1905	1866	
3	299	1906	1487	
3	188	1907	1906	
3	479	1487	1907	
3	1906	1907	1487	
3	240	1134	1776	
3	58	1155	1134	
3	379	1776	1155	
3	1134	1155	1776	
3	390	1908	1910	
3	494	1909	1908	
3	388	1910	1909	
3	1908	1909	1910	
3	227	1424	1404	
3	398	1394	1424	
3	226	1404	1394	
3	1424	1394	1404	
3	355	1538	1912	
3	189	1911	1538	
3	517	1912	1911	
3	1538	1911	1912	
3	424	1913	1887	
3	495	1914	1913	
3	354	1887	1914	
3	1913	1914	1887	
3	305	1915	1539	
3	190	1916	1915	
3	480	1539	1916	
3	1915	1916	1539	
3	247	1246	1787	
3	79	1216	1246	
3	380	1787	1216	
3	1246	1216	1787	
3	391	1917	1919	
3	498	1918	1917	
3	384	1919	1918	
3	1917	1918	1919	
3	462	1920	945	
3	357	1796	1920	
3	205	945	1796	
3	1920	1796	945	
3	251	1797	1290	
3	358	1921	1797	
3	311	1290	1921	
3	1797	1921	1290	
3	509	1922	1923	
3	447	1098	1922	
3	463	1923	1098	
3	1922	1098	1923	
3	359	1803	1925	
3	192	1924	1803	
3	448	1925	1924	
3	1803	1924	1925	
3	426	1926	1928	
3	385	1927	1926	
3	436	1928	1927	
3	1926	1927	1928	
3	502	1929	1618	
3	402	1610	1929	
3	359	1618	1610	
3	1929	1610	1618	
3	211	1278	1268	
3	394	1614	1278	
3	210	1268	1614	
3	1278	1614	1268	
3	417	1930	1932	
3	556	1931	1930	
3	512	1932	1931	
3	1930	1931	1932	
3	512	1933	1932	
3	360	1860	1933	
3	417	1932	1860	
3	1933	1860	1932	
3	427	1934	1936	
3	403	1935	1934	
3	500	1936	1935	
3	1934	1935	1936	
3	481	1644	1938	
3	486	1937	1644	
3	430	1938	1937	
3	1644	1937	1938	
3	259	1939	1664	
3	468	1645	1939	
3	481	1664	1645	
3	1939	1645	1664	
3	403	1940	1087	
3	362	1397	1940	
3	261	1087	1397	
3	1940	1397	1087	
3	429	1868	1657	
3	341	1744	1868	
3	262	1657	1744	
3	1868	1744	1657	
3	465	1672	1002	
3	364	1812	1672	
3	216	1002	1812	
3	1672	1812	1002	
3	267	1816	1469	
3	365	1941	1816	
3	321	1469	1941	
3	1816	1941	1469	
3	549	1942	1944	
3	551	1943	1942	
3	544	1944	1943	
3	1942	1943	1944	
3	471	1945	1946	
3	462	1849	1945	
3	485	1946	1849	
3	1945	1849	1946	
3	533	1947	1693	
3	270	1815	1947	
3	324	1693	1815	
3	1947	1815	1693	
3	387	1948	1949	
3	345	1818	1948	
3	376	1949	1818	
3	1948	1818	1949	
3	367	1950	1952	
3	415	1951	1950	
3	268	1952	1951	
3	1950	1951	1952	
3	381	1953	1880	
3	367	1952	1953	
3	268	1880	1952	
3	1953	1952	1880	
3	224	1374	1429	
3	397	1386	1374	
3	223	1429	1386	
3	1374	1386	1429	
3	369	1703	1717	
3	198	1954	1703	
3	520	1717	1954	
3	1703	1954	1717	
3	422	1955	1881	
3	470	1956	1955	
3	368	1881	1956	
3	1955	1956	1881	
3	326	1957	1706	
3	382	1153	1957	
3	405	1706	1153	
3	1957	1153	1706	
3	274	1958	1960	
3	431	1959	1958	
3	467	1960	1959	
3	1958	1959	1960	
3	274	1960	1832	
3	467	1961	1960	
3	371	1832	1961	
3	1960	1961	1832	
3	370	1962	1964	
3	431	1963	1962	
3	393	1964	1963	
3	1962	1963	1964	
3	174	1965	1967	
3	642	1966	1965	
3	610	1967	1966	
3	1965	1966	1967	
3	288	1968	1837	
3	411	1838	1968	
3	331	1837	1838	
3	1968	1838	1837	
3	411	1968	1969	
3	288	1189	1968	
3	219	1969	1189	
3	1968	1189	1969	
3	307	1970	1843	
3	412	1844	1970	
3	333	1843	1844	
3	1970	1844	1843	
3	412	1970	1971	
3	307	1253	1970	
3	245	1971	1253	
3	1970	1253	1971	
3	312	1972	1855	
3	413	1856	1972	
3	337	1855	1856	
3	1972	1856	1855	
3	413	1972	1973	
3	312	1243	1972	
3	252	1973	1243	
3	1972	1243	1973	
3	295	1974	1861	
3	414	1862	1974	
3	339	1861	1862	
3	1974	1862	1861	
3	414	1974	1975	
3	295	1299	1974	
3	231	1975	1299	
3	1974	1299	1975	
3	322	1976	1877	
3	415	1878	1976	
3	344	1877	1878	
3	1976	1878	1877	
3	415	1976	1951	
3	322	1360	1976	
3	268	1951	1360	
3	1976	1360	1951	
3	301	1977	1882	
3	416	1883	1977	
3	346	1882	1883	
3	1977	1883	1882	
3	416	1977	1978	
3	301	1403	1977	
3	238	1978	1403	
3	1977	1403	1978	
3	186	1894	1979	
3	293	1008	1894	
3	229	1979	1008	
3	1894	1008	1979	
3	433	1450	1980	
3	389	1024	1450	
3	399	1980	1024	
3	1450	1024	1980	
3	188	1906	1529	
3	299	1111	1906	
3	236	1529	1111	
3	1906	1111	1529	
3	473	1981	1982	
3	445	1509	1981	
3	408	1982	1509	
3	1981	1509	1982	
3	190	1915	1598	
3	305	1209	1915	
3	243	1598	1209	
3	1915	1209	1598	
3	474	1983	1984	
3	446	1603	1983	
3	409	1984	1603	
3	1983	1603	1984	
3	266	1985	1986	
3	441	1479	1985	
3	533	1986	1479	
3	1985	1479	1986	
3	577	1987	1988	
3	546	1823	1987	
3	392	1988	1823	
3	1987	1823	1988	
3	382	1957	1826	
3	326	1556	1957	
3	272	1826	1556	
3	1957	1556	1826	
3	274	1713	1958	
3	275	1828	1713	
3	431	1958	1828	
3	1713	1828	1958	
3	220	1989	1749	
3	432	1990	1989	
3	289	1749	1990	
3	1989	1990	1749	
3	383	1991	1841	
3	332	1748	1991	
3	372	1841	1748	
3	1991	1748	1841	
3	245	1230	1992	
3	308	1790	1230	
3	409	1992	1790	
3	1230	1790	1992	
3	498	1993	1995	
3	497	1994	1993	
3	585	1995	1994	
3	1993	1994	1995	
3	252	1322	1996	
3	313	1801	1322	
3	410	1996	1801	
3	1322	1801	1996	
3	338	1997	1999	
3	504	1998	1997	
3	418	1999	1998	
3	1997	1998	1999	
3	231	1027	2000	
3	296	1768	1027	
3	407	2000	1768	
3	1027	1768	2000	
3	505	2001	2002	
3	386	1900	2001	
3	490	2002	1900	
3	2001	1900	2002	
3	365	2003	1941	
3	266	1817	2003	
3	321	1941	1817	
3	2003	1817	1941	
3	345	2004	2006	
3	506	2005	2004	
3	423	2006	2005	
3	2004	2005	2006	
3	238	1137	2007	
3	302	1779	1137	
3	408	2007	1779	
3	1137	1779	2007	
3	507	2008	2009	
3	388	1909	2008	
3	494	2009	1909	
3	2008	1909	2009	
3	378	2010	1765	
3	389	1449	2010	
3	350	1765	1449	
3	2010	1449	1765	
3	350	1448	1770	
3	433	2011	1448	
3	444	1770	2011	
3	1448	2011	1770	
3	379	2012	1775	
3	353	1504	2012	
3	434	1775	1504	
3	2012	1504	1775	
3	400	1505	2013	
3	353	1041	1505	
3	479	2013	1041	
3	1505	1041	2013	
3	380	2014	1786	
3	356	1569	2014	
3	435	1786	1569	
3	2014	1569	1786	
3	401	1570	2015	
3	356	1068	1570	
3	480	2015	1068	
3	1570	1068	2015	
3	483	2016	2018	
3	542	2017	2016	
3	510	2018	2017	
3	2016	2017	2018	
3	466	2019	2021	
3	503	2020	2019	
3	542	2021	2020	
3	2019	2020	2021	
3	676	2022	2024	
3	525	2023	2022	
3	649	2024	2023	
3	2022	2023	2024	
3	484	1561	2025	
3	276	1256	1561	
3	393	2025	1256	
3	1561	1256	2025	
3	338	1999	1615	
3	418	2026	1999	
3	179	1615	2026	
3	1999	2026	1615	
3	394	2027	1612	
3	418	2028	2027	
3	417	1612	2028	
3	2027	2028	1612	
3	340	2029	1437	
3	420	2030	2029	
3	180	1437	2030	
3	2029	2030	1437	
3	395	2031	1281	
3	420	2032	2031	
3	419	1281	2032	
3	2031	2032	1281	
3	449	2033	2034	
3	451	1875	2033	
3	411	2034	1875	
3	2033	1875	2034	
3	219	946	2035	
3	289	1990	946	
3	432	2035	1990	
3	946	1990	2035	
3	345	2006	1682	
3	423	2036	2006	
3	183	1682	2036	
3	2006	2036	1682	
3	397	2037	1384	
3	423	2038	2037	
3	422	1384	2038	
3	2037	2038	1384	
3	347	2039	1493	
3	425	2040	2039	
3	184	1493	2040	
3	2039	2040	1493	
3	398	2041	1392	
3	425	2042	2041	
3	424	1392	2042	
3	2041	2042	1392	
3	234	1025	1013	
3	389	2010	1025	
3	378	1013	2010	
3	1025	2010	1013	
3	407	1897	2000	
3	459	2043	1897	
3	231	2000	2043	
3	1897	2043	2000	
3	241	1042	1119	
3	353	2012	1042	
3	379	1119	2012	
3	1042	2012	1119	
3	408	1508	2007	
3	390	2044	1508	
3	238	2007	2044	
3	1508	2044	2007	
3	248	1069	1214	
3	356	2014	1069	
3	380	1214	2014	
3	1069	2014	1214	
3	409	1602	1992	
3	391	2045	1602	
3	245	1992	2045	
3	1602	2045	1992	
3	436	2046	2047	
3	410	1099	2046	
3	447	2047	1099	
3	2046	1099	2047	
3	410	2046	1996	
3	436	2048	2046	
3	252	1996	2048	
3	2046	2048	1996	
3	562	2049	2051	
3	486	2050	2049	
3	561	2051	2050	
3	2049	2050	2051	
3	579	2052	2054	
3	429	2053	2052	
3	430	2054	2053	
3	2052	2053	2054	
3	362	2055	2056	
3	464	1649	2055	
3	260	2056	1649	
3	2055	1649	2056	
3	464	2057	2059	
3	427	2058	2057	
3	468	2059	2058	
3	2057	2058	2059	
3	558	2060	2061	
3	422	2038	2060	
3	423	2061	2038	
3	2060	2038	2061	
3	521	2062	2063	
3	382	1827	2062	
3	469	2063	1827	
3	2062	1827	2063	
3	220	1362	1335	
3	221	2064	1362	
3	421	1335	2064	
3	1362	2064	1335	
3	396	2065	2067	
3	463	2066	2065	
3	530	2067	2066	
3	2065	2066	2067	
3	514	2068	2070	
3	186	2069	2068	
3	488	2070	2069	
3	2068	2069	2070	
3	478	2071	2072	
3	472	1898	2071	
3	407	2072	1898	
3	2071	1898	2072	
3	434	1503	1781	
3	400	2073	1503	
3	460	1781	2073	
3	1503	2073	1781	
3	573	2074	2076	
3	400	2075	2074	
3	516	2076	2075	
3	2074	2075	2076	
3	435	1568	1792	
3	401	2077	1568	
3	461	1792	2077	
3	1568	2077	1792	
3	574	2078	2080	
3	401	2079	2078	
3	518	2080	2079	
3	2078	2079	2080	
3	502	1617	2081	
3	530	2066	1617	
3	463	2081	2066	
3	1617	2066	2081	
3	502	2082	2083	
3	253	1626	2082	
3	254	2083	1626	
3	2082	1626	2083	
3	555	2084	2086	
3	455	2085	2084	
3	454	2086	2085	
3	2084	2085	2086	
3	449	2087	1874	
3	219	2035	2087	
3	432	1874	2035	
3	2087	2035	1874	
3	697	2088	2089	
3	627	872	2088	
3	536	2089	872	
3	2088	872	2089	
3	373	1845	1847	
3	412	2090	1845	
3	384	1847	2090	
3	1845	2090	1847	
3	402	1929	2091	
3	502	2083	1929	
3	254	2091	2083	
3	1929	2083	2091	
3	374	1857	1859	
3	413	2092	1857	
3	385	1859	2092	
3	1857	2092	1859	
3	582	2093	955	
3	456	2094	2093	
3	703	955	2094	
3	2093	2094	955	
3	375	1863	1865	
3	414	2095	1863	
3	386	1865	2095	
3	1863	2095	1865	
3	441	1985	1676	
3	266	2003	1985	
3	365	1676	2003	
3	1985	2003	1676	
3	376	1879	1949	
3	415	2096	1879	
3	387	1949	2096	
3	1879	2096	1949	
3	624	2097	2099	
3	535	2098	2097	
3	440	2099	2098	
3	2097	2098	2099	
3	377	1884	1886	
3	416	2100	1884	
3	388	1886	2100	
3	1884	2100	1886	
3	394	1280	2027	
3	179	2026	1280	
3	418	2027	2026	
3	1280	2026	2027	
3	360	1933	2102	
3	512	2101	1933	
3	563	2102	2101	
3	1933	2101	2102	
3	504	1997	2103	
3	338	1858	1997	
3	385	2103	1858	
3	1997	1858	2103	
3	504	2104	1998	
3	556	2105	2104	
3	418	1998	2105	
3	2104	2105	1998	
3	395	1287	2031	
3	180	2030	1287	
3	420	2031	2030	
3	1287	2030	2031	
3	473	1982	2106	
3	408	1780	1982	
3	239	2106	1780	
3	1982	1780	2106	
3	505	2107	2001	
3	340	1864	2107	
3	386	2001	1864	
3	2107	1864	2001	
3	400	2013	2108	
3	479	1907	2013	
3	188	2108	1907	
3	2013	1907	2108	
3	443	2109	2111	
3	457	2110	2109	
3	477	2111	2110	
3	2109	2110	2111	
3	343	1337	2112	
3	218	884	1337	
3	406	2112	884	
3	1337	884	2112	
3	397	1376	2037	
3	183	2036	1376	
3	423	2037	2036	
3	1376	2036	2037	
3	484	2025	1830	
3	393	1963	2025	
3	431	1830	1963	
3	2025	1963	1830	
3	506	2004	2113	
3	345	1948	2004	
3	387	2113	1948	
3	2004	1948	2113	
3	275	1594	1829	
3	163	1563	1594	
3	484	1829	1563	
3	1594	1563	1829	
3	398	1425	2041	
3	184	2040	1425	
3	425	2041	2040	
3	1425	2040	2041	
3	474	1984	2114	
3	409	1791	1984	
3	246	2114	1791	
3	1984	1791	2114	
3	507	2115	2008	
3	347	1885	2115	
3	388	2008	1885	
3	2115	1885	2008	
3	401	2015	2116	
3	480	1916	2015	
3	190	2116	1916	
3	2015	1916	2116	
3	254	1340	2091	
3	100	1310	1340	
3	402	2091	1310	
3	1340	1310	2091	
3	632	2117	2119	
3	565	2118	2117	
3	512	2119	2118	
3	2117	2118	2119	
3	257	1106	1654	
3	428	2120	1106	
3	363	1654	2120	
3	1106	2120	1654	
3	195	2121	2122	
3	481	1938	2121	
3	430	2122	1938	
3	2121	1938	2122	
3	464	2055	2123	
3	362	1940	2055	
3	403	2123	1940	
3	2055	1940	2123	
3	195	2122	1660	
3	430	2124	2122	
3	404	1660	2124	
3	2122	2124	1660	
3	264	1113	1409	
3	481	2121	1113	
3	195	1409	2121	
3	1113	2121	1409	
3	181	2125	1314	
3	513	2126	2125	
3	342	1314	2126	
3	2125	2126	1314	
3	560	2127	2129	
3	428	2128	2127	
3	565	2129	2128	
3	2127	2128	2129	
3	512	1931	2119	
3	556	2130	1931	
3	632	2119	2130	
3	1931	2130	2119	
3	431	1962	1959	
3	370	2131	1962	
3	467	1959	2131	
3	1962	2131	1959	
3	200	2132	1588	
3	576	2133	2132	
3	168	1588	2133	
3	2132	2133	1588	
3	723	2134	2136	
3	704	2135	2134	
3	695	2136	2135	
3	2134	2135	2136	
3	411	1969	2034	
3	219	2087	1969	
3	449	2034	2087	
3	1969	2087	2034	
3	433	1980	2137	
3	399	1895	1980	
3	186	2137	1895	
3	1980	1895	2137	
3	414	1975	2138	
3	231	2043	1975	
3	459	2138	2043	
3	1975	2043	2138	
3	516	2139	2140	
3	188	1528	2139	
3	492	2140	1528	
3	2139	1528	2140	
3	416	1978	2141	
3	238	2044	1978	
3	390	2141	2044	
3	1978	2044	2141	
3	518	2142	2143	
3	190	1597	2142	
3	496	2143	1597	
3	2142	1597	2143	
3	412	1971	2144	
3	245	2045	1971	
3	391	2144	2045	
3	1971	2045	2144	
3	410	1802	1100	
3	253	2145	1802	
3	463	1100	2145	
3	1802	2145	1100	
3	413	1973	2146	
3	252	2048	1973	
3	436	2146	2048	
3	1973	2048	2146	
3	437	937	1349	
3	421	2064	937	
3	221	1349	2064	
3	937	2064	1349	
3	383	2147	1991	
3	453	2148	2147	
3	332	1991	2148	
3	2147	2148	1991	
3	517	2149	1912	
3	496	2150	2149	
3	355	1912	2150	
3	2149	2150	1912	
3	435	1794	1262	
3	474	2114	1794	
3	246	1262	2114	
3	1794	2114	1262	
3	774	2151	2153	
3	763	2152	2151	
3	762	2153	2152	
3	2151	2152	2153	
3	531	2154	2155	
3	448	1924	2154	
3	192	2155	1924	
3	2154	1924	2155	
3	186	1979	2069	
3	229	2156	1979	
3	488	2069	2156	
3	1979	2156	2069	
3	472	2157	2159	
3	444	2158	2157	
3	489	2159	2158	
3	2157	2158	2159	
3	466	2160	2162	
3	547	2161	2160	
3	534	2162	2161	
3	2160	2161	2162	
3	266	1986	1474	
3	533	1692	1986	
3	320	1474	1692	
3	1986	1692	1474	
3	515	2163	1903	
3	492	2164	2163	
3	352	1903	2164	
3	2163	2164	1903	
3	434	1783	1033	
3	473	2106	1783	
3	239	1033	2106	
3	1783	2106	1033	
3	450	1333	2166	
3	421	2165	1333	
3	452	2166	2165	
3	1333	2165	2166	
3	207	995	1327	
3	475	2167	995	
3	406	1327	2167	
3	995	2167	1327	
3	572	2168	2170	
3	433	2169	2168	
3	514	2170	2169	
3	2168	2169	2170	
3	488	2156	1889	
3	229	1414	2156	
3	349	1889	1414	
3	2156	1414	1889	
3	445	2171	2173	
3	460	2172	2171	
3	493	2173	2172	
3	2171	2172	2173	
3	492	1527	2164	
3	236	1486	1527	
3	352	2164	1486	
3	1527	1486	2164	
3	446	2174	2176	
3	461	2175	2174	
3	497	2176	2175	
3	2174	2175	2176	
3	496	1596	2150	
3	243	1552	1596	
3	355	2150	1552	
3	1596	1552	2150	
3	504	2103	2177	
3	385	1926	2103	
3	426	2177	1926	
3	2103	1926	2177	
3	250	1076	1629	
3	531	2155	1076	
3	192	1629	2155	
3	1076	2155	1629	
3	426	2178	2179	
3	447	1922	2178	
3	509	2179	1922	
3	2178	1922	2179	
3	531	2180	2182	
3	503	2181	2180	
3	534	2182	2181	
3	2180	2181	2182	
3	432	1989	1872	
3	220	1334	1989	
3	450	1872	1334	
3	1989	1334	1872	
3	383	1876	2147	
3	451	2183	1876	
3	453	2147	2183	
3	1876	2183	2147	
3	452	2165	1853	
3	421	939	2165	
3	343	1853	939	
3	2165	939	1853	
3	449	1873	2185	
3	450	2184	1873	
3	454	2185	2184	
3	1873	2184	2185	
3	454	2184	2186	
3	450	2166	2184	
3	452	2186	2166	
3	2184	2166	2186	
3	332	2148	1834	
3	453	2187	2148	
3	443	1834	2187	
3	2148	2187	1834	
3	476	1854	2188	
3	343	2112	1854	
3	406	2188	2112	
3	1854	2112	2188	
3	455	2189	2085	
3	451	2190	2189	
3	454	2085	2190	
3	2189	2190	2085	
3	451	2033	2190	
3	449	2185	2033	
3	454	2190	2185	
3	2033	2185	2190	
3	453	2183	2191	
3	451	2189	2183	
3	455	2191	2189	
3	2183	2189	2191	
3	581	2192	2194	
3	456	2193	2192	
3	578	2194	2193	
3	2192	2193	2194	
3	571	2195	2196	
3	555	2086	2195	
3	454	2196	2086	
3	2195	2086	2196	
3	571	2196	2197	
3	454	2186	2196	
3	452	2197	2186	
3	2196	2186	2197	
3	453	2191	2199	
3	455	2198	2191	
3	457	2199	2198	
3	2191	2198	2199	
3	173	2200	2202	
3	612	2201	2200	
3	602	2202	2201	
3	2200	2201	2202	
3	457	2109	2199	
3	443	2187	2109	
3	453	2199	2187	
3	2109	2187	2199	
3	555	2203	2084	
3	457	2198	2203	
3	455	2084	2198	
3	2203	2198	2084	
3	581	2204	2205	
3	555	2195	2204	
3	571	2205	2195	
3	2204	2195	2205	
3	508	2206	1842	
3	330	1203	2206	
3	176	1842	1203	
3	2206	1203	1842	
3	478	2072	2207	
3	407	1769	2072	
3	232	2207	1769	
3	2072	1769	2207	
3	527	1892	2208	
3	348	1888	1892	
3	458	2208	1888	
3	1892	1888	2208	
3	459	1896	1899	
3	472	2209	1896	
3	490	1899	2209	
3	1896	2209	1899	
3	515	2210	2211	
3	351	1905	2210	
3	491	2211	1905	
3	2210	1905	2211	
3	460	2171	1782	
3	445	1981	2171	
3	473	1782	1981	
3	2171	1981	1782	
3	517	2212	2213	
3	354	1914	2212	
3	495	2213	1914	
3	2212	1914	2213	
3	461	2174	1793	
3	446	1983	2174	
3	474	1793	1983	
3	2174	1983	1793	
3	335	1212	1848	
3	177	1206	1212	
3	485	1848	1206	
3	1212	1206	1848	
3	448	2214	1925	
3	530	1619	2214	
3	359	1925	1619	
3	2214	1619	1925	
3	436	2047	1928	
3	447	2178	2047	
3	426	1928	2178	
3	2047	2178	1928	
3	510	1623	2215	
3	357	1920	1623	
3	462	2215	1920	
3	1623	1920	2215	
3	259	1650	1939	
3	464	2059	1650	
3	468	1939	2059	
3	1650	2059	1939	
3	260	1405	2056	
3	120	1423	1405	
3	362	2056	1423	
3	1405	1423	2056	
3	482	2216	1870	
3	513	2125	2216	
3	181	1870	2125	
3	2216	2125	1870	
3	510	2217	2018	
3	471	2218	2217	
3	483	2018	2218	
3	2217	2218	2018	
3	364	1671	1871	
3	549	2219	1671	
3	196	1871	2219	
3	1671	2219	1871	
3	485	2220	2222	
3	526	2221	2220	
3	567	2222	2221	
3	2220	2221	2222	
3	520	2223	2224	
3	368	1956	2223	
3	470	2224	1956	
3	2223	1956	2224	
3	521	2225	2226	
3	467	2131	2225	
3	370	2226	2131	
3	2225	2131	2226	
3	363	2120	2228	
3	428	2227	2120	
3	500	2228	2227	
3	2120	2227	2228	
3	464	2123	2057	
3	403	1934	2123	
3	427	2057	1934	
3	2123	1934	2057	
3	653	2229	2231	
3	680	2230	2229	
3	661	2231	2230	
3	2229	2230	2231	
3	663	918	2233	
3	626	2232	918	
3	590	2233	2232	
3	918	2232	2233	
3	370	1964	1152	
3	393	1255	1964	
3	405	1152	1255	
3	1964	1255	1152	
3	575	867	2235	
3	8	2234	867	
3	0	2235	2234	
3	867	2234	2235	
3	387	2236	2113	
3	545	2237	2236	
3	506	2113	2237	
3	2236	2237	2113	
3	532	1477	1822	
3	441	2238	1477	
3	392	1822	2238	
3	1477	2238	1822	
3	420	2029	2239	
3	340	2107	2029	
3	505	2239	2107	
3	2029	2107	2239	
3	386	2095	1901	
3	414	2138	2095	
3	459	1901	2138	
3	2095	2138	1901	
3	390	1507	1908	
3	445	2240	1507	
3	494	1908	2240	
3	1507	2240	1908	
3	388	2100	1910	
3	416	2141	2100	
3	390	1910	2141	
3	2100	2141	1910	
3	391	1601	1917	
3	446	2241	1601	
3	498	1917	2241	
3	1601	2241	1917	
3	384	2090	1919	
3	412	2144	2090	
3	391	1919	2144	
3	2090	2144	1919	
3	846	2242	2244	
3	828	2243	2242	
3	599	2244	2243	
3	2242	2243	2244	
3	476	2245	1852	
3	511	2246	2245	
3	452	1852	2246	
3	2245	2246	1852	
3	406	2167	2188	
3	475	2247	2167	
3	476	2188	2247	
3	2167	2247	2188	
3	578	2248	2249	
3	457	2203	2248	
3	555	2249	2203	
3	2248	2203	2249	
3	529	2250	1460	
3	527	2251	2250	
3	528	1460	2251	
3	2250	2251	1460	
3	477	2252	2254	
3	528	2253	2252	
3	508	2254	2253	
3	2252	2253	2254	
3	444	2157	1771	
3	472	2071	2157	
3	478	1771	2071	
3	2157	2071	1771	
3	350	1772	1011	
3	478	2207	1772	
3	232	1011	2207	
3	1772	2207	1011	
3	505	2255	2239	
3	557	2256	2255	
3	420	2239	2256	
3	2255	2256	2239	
3	425	2039	2257	
3	347	2115	2039	
3	507	2257	2115	
3	2039	2115	2257	
3	334	2258	1205	
3	526	2220	2258	
3	485	1205	2220	
3	2258	2220	1205	
3	507	2259	2257	
3	559	2260	2259	
3	425	2257	2260	
3	2259	2260	2257	
3	560	2261	2263	
3	564	2262	2261	
3	427	2263	2262	
3	2261	2262	2263	
3	556	1930	2105	
3	417	2028	1930	
3	418	2105	2028	
3	1930	2028	2105	
3	363	2228	1089	
3	500	1935	2228	
3	403	1089	1935	
3	2228	1935	1089	
3	465	1001	2264	
3	342	2126	1001	
3	513	2264	2126	
3	1001	2126	2264	
3	396	2265	2267	
3	543	2266	2265	
3	509	2267	2266	
3	2265	2266	2267	
3	615	2268	2269	
3	506	2237	2268	
3	545	2269	2237	
3	2268	2237	2269	
3	506	2270	2005	
3	558	2061	2270	
3	423	2005	2061	
3	2270	2061	2005	
3	462	1945	2215	
3	471	2217	1945	
3	510	2215	2217	
3	1945	2217	2215	
3	752	2271	2273	
3	746	2272	2271	
3	739	2273	2272	
3	2271	2272	2273	
3	525	2022	1381	
3	676	2274	2022	
3	499	1381	2274	
3	2022	2274	1381	
3	563	2275	1807	
3	428	1108	2275	
3	361	1807	1108	
3	2275	1108	1807	
3	430	1937	2276	
3	486	2049	1937	
3	562	2276	2049	
3	1937	2049	2276	
3	200	1181	2278	
3	371	2277	1181	
3	525	2278	2277	
3	1181	2277	2278	
3	521	2063	2280	
3	469	2279	2063	
3	539	2280	2279	
3	2063	2279	2280	
3	501	1890	2281	
3	349	1609	1890	
3	185	2281	1609	
3	1890	1609	2281	
3	186	2068	2137	
3	514	2169	2068	
3	433	2137	2169	
3	2068	2169	2137	
3	444	2011	2282	
3	433	2168	2011	
3	572	2282	2168	
3	2011	2168	2282	
3	594	2283	2285	
3	634	2284	2283	
3	537	2285	2284	
3	2283	2284	2285	
3	472	2159	2209	
3	489	2286	2159	
3	490	2209	2286	
3	2159	2286	2209	
3	490	2286	2288	
3	489	2287	2286	
3	586	2288	2287	
3	2286	2287	2288	
3	557	2289	2256	
3	419	2032	2289	
3	420	2256	2032	
3	2289	2032	2256	
3	541	2290	2292	
3	660	2291	2290	
3	639	2292	2291	
3	2290	2291	2292	
3	516	2140	2294	
3	492	2293	2140	
3	537	2294	2293	
3	2140	2293	2294	
3	188	2139	2108	
3	516	2075	2139	
3	400	2108	2075	
3	2139	2075	2108	
3	460	2073	2295	
3	400	2074	2073	
3	573	2295	2074	
3	2073	2074	2295	
3	618	2296	2298	
3	636	2297	2296	
3	538	2298	2297	
3	2296	2297	2298	
3	445	2173	2240	
3	493	2299	2173	
3	494	2240	2299	
3	2173	2299	2240	
3	494	2299	2301	
3	493	2300	2299	
3	587	2301	2300	
3	2299	2300	2301	
3	559	2302	2260	
3	424	2042	2302	
3	425	2260	2042	
3	2302	2042	2260	
3	685	2303	2305	
3	554	2304	2303	
3	666	2305	2304	
3	2303	2304	2305	
3	518	2143	2307	
3	496	2306	2143	
3	538	2307	2306	
3	2143	2306	2307	
3	190	2142	2116	
3	518	2079	2142	
3	401	2116	2079	
3	2142	2079	2116	
3	461	2077	2308	
3	401	2078	2077	
3	574	2308	2078	
3	2077	2078	2308	
3	585	2309	2311	
3	169	2310	2309	
3	567	2311	2310	
3	2309	2310	2311	
3	446	2176	2241	
3	497	1993	2176	
3	498	2241	1993	
3	2176	1993	2241	
3	574	2312	2314	
3	606	2313	2312	
3	497	2314	2313	
3	2312	2313	2314	
3	526	2258	2315	
3	334	1846	2258	
3	384	2315	1846	
3	2258	1846	2315	
3	382	2062	1154	
3	521	2226	2062	
3	370	1154	2226	
3	2062	2226	1154	
3	427	2316	2058	
3	561	2317	2316	
3	468	2058	2317	
3	2316	2317	2058	
3	562	2318	2276	
3	579	2054	2318	
3	430	2276	2054	
3	2318	2054	2276	
3	527	2250	2320	
3	529	2319	2250	
3	501	2320	2319	
3	2250	2319	2320	
3	185	1893	2281	
3	527	2320	1893	
3	501	2281	2320	
3	1893	2320	2281	
3	463	2145	2081	
3	253	2082	2145	
3	502	2081	2082	
3	2145	2082	2081	
3	534	2321	2323	
3	396	2322	2321	
3	448	2323	2322	
3	2321	2322	2323	
3	568	1677	2324	
3	365	1120	1677	
3	544	2324	1120	
3	1677	1120	2324	
3	483	2218	2326	
3	471	2325	2218	
3	552	2326	2325	
3	2218	2325	2326	
3	311	1921	1798	
3	358	1077	1921	
3	250	1798	1077	
3	1921	1077	1798	
3	633	2327	2329	
3	594	2328	2327	
3	557	2329	2328	
3	2327	2328	2329	
3	171	2330	2332	
3	657	2331	2330	
3	672	2332	2331	
3	2330	2331	2332	
3	557	2333	2289	
3	491	1904	2333	
3	419	2289	1904	
3	2333	1904	2289	
3	532	1821	1814	
3	546	2334	1821	
3	197	1814	2334	
3	1821	2334	1814	
3	558	2335	2060	
3	470	1955	2335	
3	422	2060	1955	
3	2335	1955	2060	
3	535	2097	2336	
3	624	916	2097	
3	651	2336	916	
3	2097	916	2336	
3	559	2337	2302	
3	495	1913	2337	
3	424	2302	1913	
3	2337	1913	2302	
3	477	2254	2111	
3	508	1835	2254	
3	443	2111	1835	
3	2254	1835	2111	
3	458	853	2338	
3	330	2206	853	
3	508	2338	2206	
3	853	2206	2338	
3	617	2339	2341	
3	566	2340	2339	
3	543	2341	2340	
3	2339	2340	2341	
3	385	2092	1927	
3	413	2146	2092	
3	436	1927	2146	
3	2092	2146	1927	
3	548	2342	2344	
3	588	2343	2342	
3	552	2344	2343	
3	2342	2343	2344	
3	387	2345	2236	
3	367	2346	2345	
3	545	2236	2346	
3	2345	2346	2236	
3	476	2247	2245	
3	475	2347	2247	
3	511	2245	2347	
3	2247	2347	2245	
3	523	2348	1850	
3	475	997	2348	
3	336	1850	997	
3	2348	997	1850	
3	427	1936	2263	
3	500	2349	1936	
3	560	2263	2349	
3	1936	2349	2263	
3	486	1643	2050	
3	468	2317	1643	
3	561	2050	2317	
3	1643	2317	2050	
3	270	1947	1813	
3	533	1478	1947	
3	532	1813	1478	
3	1947	1478	1813	
3	503	2019	2181	
3	466	2162	2019	
3	534	2181	2162	
3	2019	2162	2181	
3	529	2350	2319	
3	540	2351	2350	
3	501	2319	2351	
3	2350	2351	2319	
3	572	2352	2282	
3	489	2158	2352	
3	444	2282	2158	
3	2352	2158	2282	
3	351	2210	962	
3	515	1902	2210	
3	187	962	1902	
3	2210	1902	962	
3	515	2211	2354	
3	491	2353	2211	
3	537	2354	2353	
3	2211	2353	2354	
3	492	2163	2293	
3	515	2354	2163	
3	537	2293	2354	
3	2163	2354	2293	
3	573	2355	2295	
3	493	2172	2355	
3	460	2295	2172	
3	2355	2172	2295	
3	354	2212	1003	
3	517	1911	2212	
3	189	1003	1911	
3	2212	1911	1003	
3	517	2213	2357	
3	495	2356	2213	
3	538	2357	2356	
3	2213	2356	2357	
3	496	2149	2306	
3	517	2357	2149	
3	538	2306	2357	
3	2149	2357	2306	
3	574	2314	2308	
3	497	2175	2314	
3	461	2308	2175	
3	2314	2175	2308	
3	471	1946	2358	
3	485	2222	1946	
3	567	2358	2222	
3	1946	2222	2358	
3	627	2359	870	
3	603	1258	2359	
3	652	870	1258	
3	2359	1258	870	
3	368	2223	990	
3	520	1954	2223	
3	198	990	1954	
3	2223	1954	990	
3	520	2224	2361	
3	470	2360	2224	
3	539	2361	2360	
3	2224	2360	2361	
3	469	1716	2279	
3	520	2361	1716	
3	539	2279	2361	
3	1716	2361	2279	
3	643	2362	2364	
3	649	2363	2362	
3	521	2364	2363	
3	2362	2363	2364	
3	178	2365	1851	
3	580	2366	2365	
3	523	1851	2366	
3	2365	2366	1851	
3	178	868	2365	
3	575	2367	868	
3	580	2365	2367	
3	868	2367	2365	
3	487	2368	2370	
3	621	2369	2368	
3	580	2370	2369	
3	2368	2369	2370	
3	511	2347	2371	
3	475	2348	2347	
3	523	2371	2348	
3	2347	2348	2371	
3	700	2372	2374	
3	743	2373	2372	
3	648	2374	2373	
3	2372	2373	2374	
3	168	2133	2376	
3	576	2375	2133	
3	3	2376	2375	
3	2133	2375	2376	
3	371	1961	2277	
3	467	2377	1961	
3	525	2277	2377	
3	1961	2377	2277	
3	467	2378	2377	
3	649	2023	2378	
3	525	2377	2023	
3	2378	2023	2377	
3	498	2379	1918	
3	526	2315	2379	
3	384	1918	2315	
3	2379	2315	1918	
3	526	2379	2380	
3	498	1995	2379	
3	585	2380	1995	
3	2379	1995	2380	
3	528	2381	2253	
3	458	2338	2381	
3	508	2253	2338	
3	2381	2338	2253	
3	527	2208	2251	
3	458	2381	2208	
3	528	2251	2381	
3	2208	2381	2251	
3	602	2382	2384	
3	578	2383	2382	
3	582	2384	2383	
3	2382	2383	2384	
3	541	2385	2387	
3	540	2386	2385	
3	612	2387	2386	
3	2385	2386	2387	
3	477	2388	2252	
3	602	2389	2388	
3	528	2252	2389	
3	2388	2389	2252	
3	514	2390	2392	
3	540	2391	2390	
3	596	2392	2391	
3	2390	2391	2392	
3	396	2267	2065	
3	509	1923	2267	
3	463	2065	1923	
3	2267	1923	2065	
3	448	2322	2214	
3	396	2067	2322	
3	530	2214	2067	
3	2322	2067	2214	
3	503	2180	1585	
3	531	1075	2180	
3	358	1585	1075	
3	2180	1075	1585	
3	542	2020	2393	
3	503	1587	2020	
3	191	2393	1587	
3	2020	1587	2393	
3	367	2345	1950	
3	387	2096	2345	
3	415	1950	2096	
3	2345	2096	1950	
3	550	2394	2395	
3	551	1942	2394	
3	549	2395	1942	
3	2394	1942	2395	
3	170	2396	2398	
3	554	2397	2396	
3	671	2398	2397	
3	2396	2397	2398	
3	546	2399	2334	
3	381	1819	2399	
3	197	2334	1819	
3	2399	1819	2334	
3	448	2154	2323	
3	531	2182	2154	
3	534	2323	2182	
3	2154	2182	2323	
3	466	2021	2400	
3	542	2016	2021	
3	483	2400	2016	
3	2021	2016	2400	
3	572	2401	2352	
3	607	2402	2401	
3	489	2352	2402	
3	2401	2402	2352	
3	505	2403	2405	
3	586	2404	2403	
3	645	2405	2404	
3	2403	2404	2405	
3	573	2406	2355	
3	608	2407	2406	
3	493	2355	2407	
3	2406	2407	2355	
3	507	2408	2410	
3	587	2409	2408	
3	646	2410	2409	
3	2408	2409	2410	
3	609	2411	2412	
3	594	2327	2411	
3	633	2412	2327	
3	2411	2327	2412	
3	516	2413	2076	
3	597	2414	2413	
3	573	2076	2414	
3	2413	2414	2076	
3	591	2415	2417	
3	618	2416	2415	
3	635	2417	2416	
3	2415	2416	2417	
3	518	2418	2080	
3	598	2419	2418	
3	574	2080	2419	
3	2418	2419	2080	
3	610	2420	2422	
3	616	2421	2420	
3	629	2422	2421	
3	2420	2421	2422	
3	539	2423	2425	
3	630	2424	2423	
3	643	2425	2424	
3	2423	2424	2425	
3	541	2426	2428	
3	440	2427	2426	
3	596	2428	2427	
3	2426	2427	2428	
3	540	2429	2351	
3	488	1891	2429	
3	501	2351	1891	
3	2429	1891	2351	
3	612	2386	1459	
3	540	2350	2386	
3	529	1459	2350	
3	2386	2350	1459	
3	514	2392	2170	
3	596	2430	2392	
3	572	2170	2430	
3	2392	2430	2170	
3	191	1624	2393	
3	510	2017	1624	
3	542	2393	2017	
3	1624	2017	2393	
3	396	2321	2431	
3	534	2161	2321	
3	547	2431	2161	
3	2321	2161	2431	
3	644	2432	2434	
3	650	2433	2432	
3	172	2434	2433	
3	2432	2433	2434	
3	547	2435	2431	
3	543	2265	2435	
3	396	2431	2265	
3	2435	2265	2431	
3	366	2436	2438	
3	685	2437	2436	
3	656	2438	2437	
3	2436	2437	2438	
3	549	1944	2219	
3	544	1122	1944	
3	196	2219	1122	
3	1944	1122	2219	
3	546	2439	2399	
3	367	1953	2439	
3	381	2399	1953	
3	2439	1953	2399	
3	553	2440	2442	
3	392	2441	2440	
3	568	2442	2441	
3	2440	2441	2442	
3	577	2443	1987	
3	545	2444	2443	
3	546	1987	2444	
3	2443	2444	1987	
3	545	2346	2444	
3	367	2439	2346	
3	546	2444	2439	
3	2346	2439	2444	
3	588	1591	2445	
3	547	2160	1591	
3	466	2445	2160	
3	1591	2160	2445	
3	617	2341	2447	
3	543	2446	2341	
3	439	2447	2446	
3	2341	2446	2447	
3	552	2448	2326	
3	466	2400	2448	
3	483	2326	2400	
3	2448	2400	2326	
3	689	2449	1685	
3	688	2450	2449	
3	721	1685	2450	
3	2449	2450	1685	
3	513	2451	2264	
3	550	2452	2451	
3	465	2264	2452	
3	2451	2452	2264	
3	549	1670	2395	
3	465	2452	1670	
3	550	2395	2452	
3	1670	2452	2395	
3	569	2453	2454	
3	513	2216	2453	
3	482	2454	2216	
3	2453	2216	2454	
3	554	2455	2397	
3	553	2456	2455	
3	671	2397	2456	
3	2455	2456	2397	
3	569	2457	2453	
3	550	2451	2457	
3	513	2453	2451	
3	2457	2451	2453	
3	551	2394	2459	
3	550	2458	2394	
3	671	2459	2458	
3	2394	2458	2459	
3	567	2460	2358	
3	552	2325	2460	
3	471	2358	2325	
3	2460	2325	2358	
3	169	2461	2462	
3	548	2344	2461	
3	552	2462	2344	
3	2461	2344	2462	
3	553	2463	2440	
3	366	2464	2463	
3	392	2440	2464	
3	2463	2464	2440	
3	441	1675	2238	
3	568	2441	1675	
3	392	2238	2441	
3	1675	2441	2238	
3	671	2456	2459	
3	553	2465	2456	
3	551	2459	2465	
3	2456	2465	2459	
3	590	2466	2468	
3	577	2467	2466	
3	366	2468	2467	
3	2466	2467	2468	
3	457	2248	2110	
3	578	2469	2248	
3	477	2110	2469	
3	2248	2469	2110	
3	593	1745	2471	
3	622	2470	1745	
3	601	2471	2470	
3	1745	2470	2471	
3	509	2266	2472	
3	543	2340	2266	
3	566	2472	2340	
3	2266	2340	2472	
3	429	1656	2053	
3	404	2124	1656	
3	430	2053	2124	
3	1656	2124	2053	
3	586	2403	2288	
3	505	2002	2403	
3	490	2288	2002	
3	2403	2002	2288	
3	491	2333	2473	
3	557	2328	2333	
3	594	2473	2328	
3	2333	2328	2473	
3	642	1965	2475	
3	174	2474	1965	
3	686	2475	2474	
3	1965	2474	2475	
3	470	2335	2477	
3	558	2476	2335	
3	616	2477	2476	
3	2335	2476	2477	
3	587	2408	2301	
3	507	2009	2408	
3	494	2301	2009	
3	2408	2009	2301	
3	495	2337	2479	
3	559	2478	2337	
3	618	2479	2478	
3	2337	2478	2479	
3	428	2275	2128	
3	563	2480	2275	
3	565	2128	2480	
3	2275	2480	2128	
3	500	2227	2349	
3	428	2127	2227	
3	560	2349	2127	
3	2227	2127	2349	
3	562	2051	2482	
3	561	2481	2051	
3	564	2482	2481	
3	2051	2481	2482	
3	584	2483	2485	
3	170	2484	2483	
3	569	2485	2484	
3	2483	2484	2485	
3	427	2262	2316	
3	564	2481	2262	
3	561	2316	2481	
3	2262	2481	2316	
3	569	2486	2485	
3	579	2487	2486	
3	584	2485	2487	
3	2486	2487	2485	
3	360	2102	956	
3	563	1806	2102	
3	193	956	1806	
3	2102	1806	956	
3	512	2118	2101	
3	565	2480	2118	
3	563	2101	2480	
3	2118	2480	2101	
3	560	2488	2261	
3	570	2489	2488	
3	564	2261	2489	
3	2488	2489	2261	
3	570	2490	2489	
3	605	2491	2490	
3	564	2489	2491	
3	2490	2491	2489	
3	644	2492	2494	
3	611	2493	2492	
3	632	2494	2493	
3	2492	2493	2494	
3	565	2495	2129	
3	631	2496	2495	
3	560	2129	2496	
3	2495	2496	2129	
3	617	2497	2498	
3	172	2433	2497	
3	650	2498	2433	
3	2497	2433	2498	
3	504	2177	2500	
3	426	2499	2177	
3	566	2500	2499	
3	2177	2499	2500	
3	526	2380	2221	
3	585	2311	2380	
3	567	2221	2311	
3	2380	2311	2221	
3	552	2460	2462	
3	567	2310	2460	
3	169	2462	2310	
3	2460	2310	2462	
3	553	2501	2465	
3	544	1943	2501	
3	551	2465	1943	
3	2501	1943	2465	
3	568	2324	2442	
3	544	2501	2324	
3	553	2442	2501	
3	2324	2501	2442	
3	579	2502	2052	
3	482	1869	2502	
3	429	2052	1869	
3	2502	1869	2052	
3	553	2455	2463	
3	554	2503	2455	
3	366	2463	2503	
3	2455	2503	2463	
3	698	2504	2506	
3	642	2505	2504	
3	702	2506	2505	
3	2504	2505	2506	
3	194	2507	2509	
3	583	2508	2507	
3	605	2509	2508	
3	2507	2508	2509	
3	452	2246	2197	
3	511	2510	2246	
3	571	2197	2510	
3	2246	2510	2197	
3	595	2511	2512	
3	571	2510	2511	
3	511	2512	2510	
3	2511	2510	2512	
3	488	2429	2070	
3	540	2390	2429	
3	514	2070	2390	
3	2429	2390	2070	
3	607	2513	2514	
3	440	2098	2513	
3	535	2514	2098	
3	2513	2098	2514	
3	597	2413	2515	
3	516	2294	2413	
3	537	2515	2294	
3	2413	2294	2515	
3	608	2516	2518	
3	442	2517	2516	
3	536	2518	2517	
3	2516	2517	2518	
3	598	2418	2519	
3	518	2307	2418	
3	538	2519	2307	
3	2418	2307	2519	
3	606	2520	2521	
3	438	865	2520	
3	519	2521	865	
3	2520	865	2521	
3	0	2522	2235	
3	522	2523	2522	
3	575	2235	2523	
3	2522	2523	2235	
3	575	2523	2367	
3	522	2524	2523	
3	580	2367	2524	
3	2523	2524	2367	
3	525	1582	2278	
3	576	2132	1582	
3	200	2278	2132	
3	1582	2132	2278	
3	524	2525	1581	
3	3	2375	2525	
3	576	1581	2375	
3	2525	2375	1581	
3	392	2464	1988	
3	366	2467	2464	
3	577	1988	2467	
3	2464	2467	1988	
3	616	2526	2477	
3	539	2360	2526	
3	470	2477	2360	
3	2526	2360	2477	
3	582	2527	2384	
3	173	2202	2527	
3	602	2384	2202	
3	2527	2202	2384	
3	581	2194	2204	
3	578	2249	2194	
3	555	2204	2249	
3	2194	2249	2204	
3	579	2318	2487	
3	562	2528	2318	
3	584	2487	2528	
3	2318	2528	2487	
3	569	2454	2486	
3	482	2502	2454	
3	579	2486	2502	
3	2454	2502	2486	
3	522	2529	2524	
3	487	2370	2529	
3	580	2524	2370	
3	2529	2370	2524	
3	601	2530	2532	
3	621	2531	2530	
3	1	2532	2531	
3	2530	2531	2532	
3	595	2533	2511	
3	581	2205	2533	
3	571	2511	2205	
3	2533	2205	2511	
3	182	2534	2535	
3	456	2192	2534	
3	581	2535	2192	
3	2534	2192	2535	
3	182	2536	2538	
3	625	2537	2536	
3	640	2538	2537	
3	2536	2537	2538	
3	578	2193	2383	
3	456	2093	2193	
3	582	2383	2093	
3	2193	2093	2383	
3	605	2490	2509	
3	570	2539	2490	
3	194	2509	2539	
3	2490	2539	2509	
3	696	2540	2542	
3	603	2541	2540	
3	659	2542	2541	
3	2540	2541	2542	
3	562	2482	2543	
3	564	2491	2482	
3	605	2543	2491	
3	2482	2491	2543	
3	584	2544	2483	
3	583	2545	2544	
3	170	2483	2545	
3	2544	2545	2483	
3	169	2309	2547	
3	585	2546	2309	
3	519	2547	2546	
3	2309	2546	2547	
3	606	2548	2313	
3	585	1994	2548	
3	497	2313	1994	
3	2548	1994	2313	
3	688	2549	2450	
3	625	2550	2549	
3	721	2450	2550	
3	2549	2550	2450	
3	607	2551	2402	
3	586	2287	2551	
3	489	2402	2287	
3	2551	2287	2402	
3	673	2552	2554	
3	706	2553	2552	
3	718	2554	2553	
3	2552	2553	2554	
3	608	2555	2407	
3	587	2300	2555	
3	493	2407	2300	
3	2555	2300	2407	
3	552	2343	2448	
3	588	2445	2343	
3	466	2448	2445	
3	2343	2445	2448	
3	439	1592	2556	
3	588	2342	1592	
3	548	2556	2342	
3	1592	2342	2556	
3	625	2536	1747	
3	182	2557	2536	
3	622	1747	2557	
3	2536	2557	1747	
3	597	2558	2560	
3	634	2559	2558	
3	442	2560	2559	
3	2558	2559	2560	
3	577	2561	2443	
3	614	2562	2561	
3	545	2443	2562	
3	2561	2562	2443	
3	558	2270	2563	
3	506	2268	2270	
3	615	2563	2268	
3	2270	2268	2563	
3	559	2564	2566	
3	646	2565	2564	
3	635	2566	2565	
3	2564	2565	2566	
3	539	2526	2423	
3	616	2567	2526	
3	630	2423	2567	
3	2526	2567	2423	
3	705	2568	2569	
3	170	2545	2568	
3	583	2569	2545	
3	2568	2545	2569	
3	598	2570	2572	
3	636	2571	2570	
3	438	2572	2571	
3	2570	2571	2572	
3	1	2573	2574	
3	706	2552	2573	
3	673	2574	2552	
3	2573	2552	2574	
3	194	2539	2576	
3	570	2575	2539	
3	631	2576	2575	
3	2539	2575	2576	
3	683	2577	2579	
3	172	2578	2577	
3	692	2579	2578	
3	2577	2578	2579	
3	570	2488	2575	
3	560	2496	2488	
3	631	2575	2496	
3	2488	2496	2575	
3	523	2366	863	
3	580	2369	2366	
3	621	863	2369	
3	2366	2369	863	
3	581	2533	2535	
3	595	2580	2533	
3	182	2535	2580	
3	2533	2580	2535	
3	456	2581	2094	
3	640	2582	2581	
3	703	2094	2582	
3	2581	2582	2094	
3	440	2583	2427	
3	572	2430	2583	
3	596	2427	2430	
3	2583	2430	2427	
3	537	2353	2285	
3	491	2473	2353	
3	594	2285	2473	
3	2353	2473	2285	
3	442	2584	2560	
3	573	2414	2584	
3	597	2560	2414	
3	2584	2414	2560	
3	538	2356	2298	
3	495	2479	2356	
3	618	2298	2479	
3	2356	2479	2298	
3	438	2585	2572	
3	574	2419	2585	
3	598	2572	2419	
3	2585	2419	2572	
3	623	2586	2588	
3	622	2587	2586	
3	595	2588	2587	
3	2586	2587	2588	
3	684	2589	2591	
3	726	2590	2589	
3	711	2591	2590	
3	2589	2590	2591	
3	199	2592	2594	
3	610	2593	2592	
3	698	2594	2593	
3	2592	2593	2594	
3	595	2587	2580	
3	622	2557	2587	
3	182	2580	2557	
3	2587	2557	2580	
3	541	2428	2385	
3	596	2391	2428	
3	540	2385	2391	
3	2428	2391	2385	
3	578	2382	2469	
3	602	2388	2382	
3	477	2469	2388	
3	2382	2388	2469	
3	172	2577	2596	
3	683	2595	2577	
3	611	2596	2595	
3	2577	2595	2596	
3	173	2527	2597	
3	582	954	2527	
3	604	2597	954	
3	2527	954	2597	
3	657	2598	2331	
3	665	2599	2598	
3	672	2331	2599	
3	2598	2599	2331	
3	660	2600	2601	
3	173	2597	2600	
3	604	2601	2597	
3	2600	2597	2601	
3	583	2544	2508	
3	584	2602	2544	
3	605	2508	2602	
3	2544	2602	2508	
3	605	2602	2543	
3	584	2528	2602	
3	562	2543	2528	
3	2602	2528	2543	
3	438	2520	2585	
3	606	2312	2520	
3	574	2585	2312	
3	2520	2312	2585	
3	585	2548	2546	
3	606	2521	2548	
3	519	2546	2521	
3	2548	2521	2546	
3	440	2513	2583	
3	607	2401	2513	
3	572	2583	2401	
3	2513	2401	2583	
3	655	2603	2604	
3	645	2404	2603	
3	586	2604	2404	
3	2603	2404	2604	
3	442	2516	2584	
3	608	2406	2516	
3	573	2584	2406	
3	2516	2406	2584	
3	658	2605	2606	
3	646	2409	2605	
3	587	2606	2409	
3	2605	2409	2606	
3	557	2607	2329	
3	645	2608	2607	
3	633	2329	2608	
3	2607	2608	2329	
3	2	2609	2611	
3	676	2610	2609	
3	695	2611	2610	
3	2609	2610	2611	
3	728	2612	2614	
3	715	2613	2612	
3	742	2614	2613	
3	2612	2613	2614	
3	545	2562	2269	
3	614	2615	2562	
3	615	2269	2615	
3	2562	2615	2269	
3	634	2283	2616	
3	594	2411	2283	
3	609	2616	2411	
3	2283	2411	2616	
3	650	2617	2618	
3	504	2500	2617	
3	566	2618	2500	
3	2617	2500	2618	
3	173	2619	2200	
3	541	2387	2619	
3	612	2200	2387	
3	2619	2387	2200	
3	602	2201	2389	
3	612	1461	2201	
3	528	2389	1461	
3	2201	1461	2389	
3	615	2620	2622	
3	626	2621	2620	
3	174	2622	2621	
3	2620	2621	2622	
3	577	2466	2561	
3	590	2623	2466	
3	614	2561	2623	
3	2466	2623	2561	
3	626	2620	2624	
3	615	2615	2620	
3	614	2624	2615	
3	2620	2615	2624	
3	629	2625	2626	
3	615	2622	2625	
3	174	2626	2622	
3	2625	2622	2626	
3	629	2421	2627	
3	616	2476	2421	
3	558	2627	2476	
3	2421	2476	2627	
3	630	2567	2628	
3	616	2420	2567	
3	610	2628	2420	
3	2567	2420	2628	
3	426	2179	2499	
3	509	2472	2179	
3	566	2499	2472	
3	2179	2472	2499	
3	547	1590	2435	
3	439	2446	1590	
3	543	2435	2446	
3	1590	2446	2435	
3	635	2416	2566	
3	618	2478	2416	
3	559	2566	2478	
3	2416	2478	2566	
3	636	2296	2629	
3	618	2415	2296	
3	591	2629	2415	
3	2296	2415	2629	
3	1	2531	2630	
3	621	2368	2531	
3	487	2630	2368	
3	2531	2368	2630	
3	665	2631	2633	
3	720	2632	2631	
3	737	2633	2632	
3	2631	2632	2633	
3	681	2634	2636	
3	700	2635	2634	
3	654	2636	2635	
3	2634	2635	2636	
3	623	2637	2586	
3	601	2470	2637	
3	622	2586	2470	
3	2637	2470	2586	
3	623	2588	2638	
3	595	2512	2588	
3	511	2638	2512	
3	2588	2512	2638	
3	673	2639	2574	
3	601	2532	2639	
3	1	2574	2532	
3	2639	2532	2574	
3	523	862	2371	
3	623	2638	862	
3	511	2371	2638	
3	862	2638	2371	
3	621	2530	861	
3	601	2637	2530	
3	623	861	2637	
3	2530	2637	861	
3	667	2640	2642	
3	690	2641	2640	
3	1	2642	2641	
3	2640	2641	2642	
3	730	2643	2645	
3	736	2644	2643	
3	682	2645	2644	
3	2643	2644	2645	
3	659	2541	2646	
3	603	2359	2541	
3	627	2646	2359	
3	2541	2359	2646	
3	182	2538	2534	
3	640	2581	2538	
3	456	2534	2581	
3	2538	2581	2534	
3	614	2623	2624	
3	590	2232	2623	
3	626	2624	2232	
3	2623	2232	2624	
3	663	2233	2648	
3	590	2647	2233	
3	656	2648	2647	
3	2233	2647	2648	
3	170	2649	2396	
3	666	2304	2649	
3	554	2396	2304	
3	2649	2304	2396	
3	725	2650	2651	
3	519	864	2650	
3	709	2651	864	
3	2650	864	2651	
3	770	2652	2653	
3	688	2449	2652	
3	689	2653	2449	
3	2652	2449	2653	
3	686	2474	920	
3	174	2621	2474	
3	626	920	2621	
3	2474	2621	920	
3	615	2625	2563	
3	629	2627	2625	
3	558	2563	2627	
3	2625	2627	2563	
3	610	2422	1967	
3	629	2626	2422	
3	174	1967	2626	
3	2422	2626	1967	
3	610	2592	2628	
3	199	2654	2592	
3	630	2628	2654	
3	2592	2654	2628	
3	539	2425	2280	
3	643	2364	2425	
3	521	2280	2364	
3	2425	2364	2280	
3	194	2576	2656	
3	631	2655	2576	
3	611	2656	2655	
3	2576	2655	2656	
3	632	2657	2117	
3	631	2495	2657	
3	565	2117	2495	
3	2657	2495	2117	
3	644	2494	2658	
3	632	2130	2494	
3	556	2658	2130	
3	2494	2130	2658	
3	631	2657	2655	
3	632	2493	2657	
3	611	2655	2493	
3	2657	2493	2655	
3	557	2255	2607	
3	505	2405	2255	
3	645	2607	2405	
3	2255	2405	2607	
3	609	2412	2660	
3	633	2659	2412	
3	171	2660	2659	
3	2412	2659	2660	
3	442	2559	2661	
3	634	2616	2559	
3	609	2661	2616	
3	2559	2616	2661	
3	597	2515	2558	
3	537	2284	2515	
3	634	2558	2284	
3	2515	2284	2558	
3	559	2259	2564	
3	507	2410	2259	
3	646	2564	2410	
3	2259	2410	2564	
3	591	2417	878	
3	635	2662	2417	
3	175	878	2662	
3	2417	2662	878	
3	438	2571	2663	
3	636	2629	2571	
3	591	2663	2629	
3	2571	2629	2663	
3	598	2519	2570	
3	538	2297	2519	
3	636	2570	2297	
3	2519	2297	2570	
3	673	2664	2639	
3	593	2471	2664	
3	601	2639	2471	
3	2664	2471	2639	
3	745	2665	2667	
3	744	2666	2665	
3	699	2667	2666	
3	2665	2666	2667	
3	708	2668	2670	
3	722	2669	2668	
3	714	2670	2669	
3	2668	2669	2670	
3	770	2671	2673	
3	613	2672	2671	
3	641	2673	2672	
3	2671	2672	2673	
3	640	2537	2674	
3	625	2549	2537	
3	688	2674	2549	
3	2537	2549	2674	
3	593	2664	2676	
3	673	2675	2664	
3	721	2676	2675	
3	2664	2675	2676	
3	439	2677	2679	
3	707	2678	2677	
3	694	2679	2678	
3	2677	2678	2679	
3	702	2680	2682	
3	686	2681	2680	
3	717	2682	2681	
3	2680	2681	2682	
3	694	851	2679	
3	617	2447	851	
3	439	2679	2447	
3	851	2447	2679	
3	591	2683	2663	
3	677	2684	2683	
3	438	2663	2684	
3	2683	2684	2663	
3	630	2654	2424	
3	199	2685	2654	
3	643	2424	2685	
3	2654	2685	2424	
3	521	2363	2225	
3	649	2378	2363	
3	467	2225	2378	
3	2363	2378	2225	
3	650	2432	2686	
3	644	2658	2432	
3	556	2686	2658	
3	2432	2658	2686	
3	611	2492	2596	
3	644	2434	2492	
3	172	2596	2434	
3	2492	2434	2596	
3	655	2687	2603	
3	651	2688	2687	
3	645	2603	2688	
3	2687	2688	2603	
3	171	2659	2689	
3	633	2608	2659	
3	645	2689	2608	
3	2659	2608	2689	
3	658	2690	2605	
3	652	2691	2690	
3	646	2605	2691	
3	2690	2691	2605	
3	175	2662	2692	
3	635	2565	2662	
3	646	2692	2565	
3	2662	2565	2692	
3	643	2685	2362	
3	199	2693	2685	
3	649	2362	2693	
3	2685	2693	2362	
3	522	2694	2529	
3	667	2695	2694	
3	487	2529	2695	
3	2694	2695	2529	
3	524	2696	2525	
3	669	2697	2696	
3	3	2525	2697	
3	2696	2697	2525	
3	2	2698	2609	
3	499	2274	2698	
3	676	2609	2274	
3	2698	2274	2609	
3	504	2617	2104	
3	650	2686	2617	
3	556	2104	2686	
3	2617	2686	2104	
3	650	2618	2498	
3	566	2339	2618	
3	617	2498	2339	
3	2618	2339	2498	
3	655	2699	2700	
3	607	2514	2699	
3	535	2700	2514	
3	2699	2514	2700	
3	171	2689	2701	
3	645	2688	2689	
3	651	2701	2688	
3	2689	2688	2701	
3	658	2702	2703	
3	608	2518	2702	
3	536	2703	2518	
3	2702	2518	2703	
3	175	2692	1259	
3	646	2691	2692	
3	652	1259	2691	
3	2692	2691	1259	
3	607	2699	2551	
3	655	2604	2699	
3	586	2551	2604	
3	2699	2604	2551	
3	487	2695	2630	
3	667	2642	2695	
3	1	2630	2642	
3	2695	2642	2630	
3	670	1584	2704	
3	499	2698	1584	
3	2	2704	2698	
3	1584	2698	2704	
3	535	2336	2700	
3	651	2687	2336	
3	655	2700	2687	
3	2336	2687	2700	
3	724	2705	2707	
3	697	2706	2705	
3	442	2707	2706	
3	2705	2706	2707	
3	171	2332	2660	
3	672	2708	2332	
3	609	2660	2708	
3	2332	2708	2660	
3	624	2709	914	
3	665	2598	2709	
3	657	914	2598	
3	2709	2598	914	
3	366	2438	2468	
3	656	2647	2438	
3	590	2468	2647	
3	2438	2647	2468	
3	608	2702	2555	
3	658	2606	2702	
3	587	2555	2606	
3	2702	2606	2555	
3	536	871	2703	
3	652	2690	871	
3	658	2703	2690	
3	871	2690	2703	
3	687	2710	2712	
3	720	2711	2710	
3	664	2712	2711	
3	2710	2711	2712	
3	721	2675	1686	
3	673	2554	2675	
3	718	1686	2554	
3	2675	2554	1686	
3	659	2713	2714	
3	697	2705	2713	
3	724	2714	2705	
3	2713	2705	2714	
3	686	919	2681	
3	663	2715	919	
3	717	2681	2715	
3	919	2715	2681	
3	680	2716	2717	
3	690	2640	2716	
3	667	2717	2640	
3	2716	2640	2717	
3	522	2718	2694	
3	668	860	2718	
3	667	2694	860	
3	2718	860	2694	
3	670	2719	2721	
3	662	2720	2719	
3	669	2721	2720	
3	2719	2720	2721	
3	681	2636	2723	
3	654	2722	2636	
3	662	2723	2722	
3	2636	2722	2723	
3	660	2601	2724	
3	604	874	2601	
3	674	2724	874	
3	2601	874	2724	
3	651	915	2701	
3	657	2330	915	
3	171	2701	2330	
3	915	2330	2701	
3	674	2725	2724	
3	675	2726	2725	
3	660	2724	2726	
3	2725	2726	2724	
3	674	873	2727	
3	770	2673	873	
3	641	2727	2673	
3	873	2673	2727	
3	639	2728	2292	
3	440	2426	2728	
3	541	2292	2426	
3	2728	2426	2292	
3	639	2291	2729	
3	660	2726	2291	
3	675	2729	2726	
3	2291	2726	2729	
3	667	859	2717	
3	661	2230	859	
3	680	2717	2230	
3	859	2230	2717	
3	682	2730	2732	
3	693	2731	2730	
3	678	2732	2731	
3	2730	2731	2732	
3	522	2522	2718	
3	0	2733	2522	
3	668	2718	2733	
3	2522	2733	2718	
3	670	2721	1583	
3	669	2696	2721	
3	524	1583	2696	
3	2721	2696	1583	
3	670	2704	2735	
3	2	2734	2704	
3	691	2735	2734	
3	2704	2734	2735	
3	662	2719	2723	
3	670	2736	2719	
3	681	2723	2736	
3	2719	2736	2723	
3	170	2398	2484	
3	671	2737	2398	
3	569	2484	2737	
3	2398	2737	2484	
3	550	2457	2458	
3	569	2737	2457	
3	671	2458	2737	
3	2457	2737	2458	
3	732	2738	2740	
3	706	2739	2738	
3	744	2740	2739	
3	2738	2739	2740	
3	705	2741	2568	
3	666	2649	2741	
3	170	2568	2649	
3	2741	2649	2568	
3	700	2374	2635	
3	648	2742	2374	
3	654	2635	2742	
3	2374	2742	2635	
3	676	2743	2745	
3	199	2744	2743	
3	693	2745	2744	
3	2743	2744	2745	
3	759	2746	2747	
3	639	2729	2746	
3	675	2747	2729	
3	2746	2729	2747	
3	687	1808	2748	
3	701	1752	1808	
3	679	2748	1752	
3	1808	1752	2748	
3	736	2643	2750	
3	730	2749	2643	
3	731	2750	2749	
3	2643	2749	2750	
3	603	2751	880	
3	677	2683	2751	
3	591	880	2683	
3	2751	2683	880	
3	649	2693	2024	
3	199	2743	2693	
3	676	2024	2743	
3	2693	2743	2024	
3	610	1966	2593	
3	642	2504	1966	
3	698	2593	2504	
3	1966	2504	2593	
3	702	2505	2680	
3	642	2475	2505	
3	686	2680	2475	
3	2505	2475	2680	
3	685	2752	2437	
3	717	2753	2752	
3	656	2437	2753	
3	2752	2753	2437	
3	750	2754	2755	
3	725	2651	2754	
3	709	2755	2651	
3	2754	2651	2755	
3	659	2714	2757	
3	724	2756	2714	
3	737	2757	2756	
3	2714	2756	2757	
3	706	2758	2739	
3	690	2759	2758	
3	744	2739	2759	
3	2758	2759	2739	
3	442	2661	2707	
3	609	2760	2661	
3	724	2707	2760	
3	2661	2760	2707	
3	699	2761	2763	
3	653	2762	2761	
3	647	2763	2762	
3	2761	2762	2763	
3	782	2764	2766	
3	783	2765	2764	
3	792	2766	2765	
3	2764	2765	2766	
3	681	2736	2767	
3	670	2735	2736	
3	691	2767	2735	
3	2736	2735	2767	
3	681	2767	2634	
3	691	2768	2767	
3	700	2634	2768	
3	2767	2768	2634	
3	692	849	2770	
3	694	2769	849	
3	711	2770	2769	
3	849	2769	2770	
3	639	2771	2773	
3	664	2772	2771	
3	624	2773	2772	
3	2771	2772	2773	
3	689	1684	2775	
3	718	2774	1684	
3	732	2775	2774	
3	1684	2774	2775	
3	682	2644	2777	
3	736	2776	2644	
3	723	2777	2776	
3	2644	2776	2777	
3	666	2778	2780	
3	710	2779	2778	
3	772	2780	2779	
3	2778	2779	2780	
3	747	2781	2782	
3	696	2542	2781	
3	659	2782	2542	
3	2781	2542	2782	
3	685	2783	2752	
3	772	2784	2783	
3	717	2752	2784	
3	2783	2784	2752	
3	679	1751	2786	
3	613	2785	1751	
3	689	2786	2785	
3	1751	2785	2786	
3	678	2787	2788	
3	698	2506	2787	
3	702	2788	2506	
3	2787	2506	2788	
3	727	2789	2791	
3	726	2790	2789	
3	750	2791	2790	
3	2789	2790	2791	
3	710	2792	2779	
3	713	2793	2792	
3	772	2779	2793	
3	2792	2793	2779	
3	691	2734	2795	
3	2	2794	2734	
3	704	2795	2794	
3	2734	2794	2795	
3	696	2796	2798	
3	727	2797	2796	
3	677	2798	2797	
3	2796	2797	2798	
3	663	2648	2715	
3	656	2753	2648	
3	717	2715	2753	
3	2648	2753	2715	
3	672	2799	2708	
3	724	2760	2799	
3	609	2708	2760	
3	2799	2760	2708	
3	666	2780	2305	
3	772	2783	2780	
3	685	2305	2783	
3	2780	2783	2305	
3	699	2800	2761	
3	680	2229	2800	
3	653	2761	2229	
3	2800	2229	2761	
3	680	2800	2716	
3	699	2801	2800	
3	690	2716	2801	
3	2800	2801	2716	
3	702	2682	2803	
3	717	2802	2682	
3	755	2803	2802	
3	2682	2802	2803	
3	704	2794	2135	
3	2	2611	2794	
3	695	2135	2611	
3	2794	2611	2135	
3	199	2594	2744	
3	698	2804	2594	
3	693	2744	2804	
3	2594	2804	2744	
3	770	2805	2652	
3	640	2674	2805	
3	688	2652	2674	
3	2805	2674	2652	
3	750	2790	2806	
3	726	2589	2790	
3	684	2806	2589	
3	2790	2589	2806	
3	676	2745	2610	
3	693	2807	2745	
3	695	2610	2807	
3	2745	2807	2610	
3	733	2808	2809	
3	683	2579	2808	
3	692	2809	2579	
3	2808	2579	2809	
3	735	2810	2812	
3	752	2811	2810	
3	753	2812	2811	
3	2810	2811	2812	
3	739	2813	2815	
3	704	2814	2813	
3	734	2815	2814	
3	2813	2814	2815	
3	366	2503	2436	
3	554	2303	2503	
3	685	2436	2303	
3	2503	2303	2436	
3	726	2816	2818	
3	769	2817	2816	
3	716	2818	2817	
3	2816	2817	2818	
3	755	2819	2803	
3	738	2820	2819	
3	702	2803	2820	
3	2819	2820	2803	
3	665	2709	2821	
3	624	2772	2709	
3	664	2821	2772	
3	2709	2772	2821	
3	664	2771	2822	
3	639	2746	2771	
3	759	2822	2746	
3	2771	2746	2822	
3	721	2550	2676	
3	625	1746	2550	
3	593	2676	1746	
3	2550	1746	2676	
3	695	2807	2823	
3	693	2730	2807	
3	682	2823	2730	
3	2807	2730	2823	
3	442	2706	2517	
3	697	2089	2706	
3	536	2517	2089	
3	2706	2089	2517	
3	759	2824	1810	
3	641	2825	2824	
3	701	1810	2825	
3	2824	2825	1810	
3	677	2826	2684	
3	709	866	2826	
3	438	2684	866	
3	2826	866	2684	
3	751	2827	2829	
3	691	2828	2827	
3	757	2829	2828	
3	2827	2828	2829	
3	708	2830	2831	
3	194	2656	2830	
3	611	2831	2656	
3	2830	2656	2831	
3	173	2600	2619	
3	660	2290	2600	
3	541	2619	2290	
3	2600	2290	2619	
3	717	2784	2802	
3	772	2832	2784	
3	755	2802	2832	
3	2784	2832	2802	
3	701	2825	1750	
3	641	2672	2825	
3	613	1750	2672	
3	2825	2672	1750	
3	720	2631	2711	
3	665	2821	2631	
3	664	2711	2821	
3	2631	2821	2711	
3	770	1430	2805	
3	703	2582	1430	
3	640	2805	2582	
3	1430	2582	2805	
3	712	2833	2834	
3	705	2569	2833	
3	583	2834	2569	
3	2833	2569	2834	
3	697	2713	2088	
3	659	2646	2713	
3	627	2088	2646	
3	2713	2646	2088	
3	613	2671	2785	
3	770	2653	2671	
3	689	2785	2653	
3	2671	2653	2785	
3	730	2835	2837	
3	678	2836	2835	
3	738	2837	2836	
3	2835	2836	2837	
3	665	2838	2599	
3	724	2799	2838	
3	672	2599	2799	
3	2838	2799	2599	
3	169	2839	2461	
3	684	2840	2839	
3	548	2461	2840	
3	2839	2840	2461	
3	733	2841	2842	
3	722	2668	2841	
3	708	2842	2668	
3	2841	2668	2842	
3	708	2831	2843	
3	611	2595	2831	
3	683	2843	2595	
3	2831	2595	2843	
3	705	2844	2846	
3	714	2845	2844	
3	710	2846	2845	
3	2844	2845	2846	
3	711	2847	2591	
3	707	2848	2847	
3	684	2591	2848	
3	2847	2848	2591	
3	687	2712	1809	
3	664	2822	2712	
3	759	1809	2822	
3	2712	2822	1809	
3	519	2650	2547	
3	725	2849	2650	
3	169	2547	2849	
3	2650	2849	2547	
3	692	2578	850	
3	172	2497	2578	
3	617	850	2497	
3	2578	2497	850	
3	710	2845	2792	
3	714	2850	2845	
3	713	2792	2850	
3	2845	2850	2792	
3	750	2755	2851	
3	709	2826	2755	
3	677	2851	2826	
3	2755	2826	2851	
3	766	2852	2854	
3	727	2853	2852	
3	747	2854	2853	
3	2852	2853	2854	
3	707	2677	2855	
3	439	2556	2677	
3	548	2855	2556	
3	2677	2556	2855	
3	722	2856	2858	
3	716	2857	2856	
3	741	2858	2857	
3	2856	2857	2858	
3	714	2844	2859	
3	705	2833	2844	
3	712	2859	2833	
3	2844	2833	2859	
3	779	2860	2862	
3	638	2861	2860	
3	743	2862	2861	
3	2860	2861	2862	
3	684	2839	2863	
3	169	2849	2839	
3	725	2863	2849	
3	2839	2849	2863	
3	733	2864	2841	
3	716	2856	2864	
3	722	2841	2856	
3	2864	2856	2841	
3	739	2865	2813	
3	757	2866	2865	
3	704	2813	2866	
3	2865	2866	2813	
3	683	2808	2843	
3	733	2842	2808	
3	708	2843	2842	
3	2808	2842	2843	
3	713	2867	2869	
3	741	2868	2867	
3	749	2869	2868	
3	2867	2868	2869	
3	736	2870	2776	
3	734	2871	2870	
3	723	2776	2871	
3	2870	2871	2776	
3	731	2749	2873	
3	730	2872	2749	
3	715	2873	2872	
3	2749	2872	2873	
3	648	2373	2874	
3	743	2861	2373	
3	638	2874	2861	
3	2373	2861	2874	
3	696	2798	2540	
3	677	2751	2798	
3	603	2540	2751	
3	2798	2751	2540	
3	777	2875	2877	
3	732	2876	2875	
3	754	2877	2876	
3	2875	2876	2877	
3	704	2134	2814	
3	723	2871	2134	
3	734	2814	2871	
3	2134	2871	2814	
3	696	2781	2796	
3	747	2853	2781	
3	727	2796	2853	
3	2781	2853	2796	
3	735	2878	2879	
3	743	2372	2878	
3	700	2879	2372	
3	2878	2372	2879	
3	716	2880	2818	
3	711	2590	2880	
3	726	2818	2590	
3	2880	2590	2818	
3	711	2880	2770	
3	716	2881	2880	
3	692	2770	2881	
3	2880	2881	2770	
3	706	2573	2758	
3	1	2641	2573	
3	690	2758	2641	
3	2573	2641	2758	
3	738	2836	2820	
3	678	2788	2836	
3	702	2820	2788	
3	2836	2788	2820	
3	719	2882	2884	
3	728	2883	2882	
3	752	2884	2883	
3	2882	2883	2884	
3	694	2678	2769	
3	707	2847	2678	
3	711	2769	2847	
3	2678	2847	2769	
3	764	2885	2887	
3	765	2886	2885	
3	779	2887	2886	
3	2885	2886	2887	
3	745	2667	2888	
3	699	2763	2667	
3	647	2888	2763	
3	2667	2763	2888	
3	637	2889	2891	
3	619	2890	2889	
3	790	2891	2890	
3	2889	2890	2891	
3	583	2507	2834	
3	194	2892	2507	
3	712	2834	2892	
3	2507	2892	2834	
3	750	2806	2754	
3	684	2863	2806	
3	725	2754	2863	
3	2806	2863	2754	
3	699	2666	2801	
3	744	2759	2666	
3	690	2801	2759	
3	2666	2759	2801	
3	775	2893	2894	
3	726	2789	2893	
3	727	2894	2789	
3	2893	2789	2894	
3	706	2738	2553	
3	732	2774	2738	
3	718	2553	2774	
3	2738	2774	2553	
3	720	2895	2632	
3	747	2896	2895	
3	737	2632	2896	
3	2895	2896	2632	
3	742	2897	2614	
3	748	2898	2897	
3	728	2614	2898	
3	2897	2898	2614	
3	692	2881	2809	
3	716	2864	2881	
3	733	2809	2864	
3	2881	2864	2809	
3	766	2899	2852	
3	775	2894	2899	
3	727	2852	2894	
3	2899	2894	2852	
3	729	2900	2902	
3	719	2901	2900	
3	734	2902	2901	
3	2900	2901	2902	
3	714	2669	2850	
3	722	2903	2669	
3	713	2850	2903	
3	2669	2903	2850	
3	665	2633	2838	
3	737	2756	2633	
3	724	2838	2756	
3	2633	2756	2838	
3	735	2879	2905	
3	700	2904	2879	
3	751	2905	2904	
3	2879	2904	2905	
3	729	2902	2906	
3	734	2870	2902	
3	736	2906	2870	
3	2902	2870	2906	
3	715	2907	2909	
3	738	2908	2907	
3	740	2909	2908	
3	2907	2908	2909	
3	730	2645	2835	
3	682	2732	2645	
3	678	2835	2732	
3	2645	2732	2835	
3	741	2867	2858	
3	713	2903	2867	
3	722	2858	2903	
3	2867	2903	2858	
3	737	2896	2757	
3	747	2782	2896	
3	659	2757	2782	
3	2896	2782	2757	
3	715	2612	2873	
3	728	2910	2612	
3	731	2873	2910	
3	2612	2910	2873	
3	695	2823	2136	
3	682	2777	2823	
3	723	2136	2777	
3	2823	2777	2136	
3	740	2911	2913	
3	755	2912	2911	
3	749	2913	2912	
3	2911	2912	2913	
3	735	2914	2878	
3	764	2915	2914	
3	743	2878	2915	
3	2914	2915	2878	
3	749	2916	2913	
3	778	2917	2916	
3	740	2913	2917	
3	2916	2917	2913	
3	710	2778	2846	
3	666	2741	2778	
3	705	2846	2741	
3	2778	2741	2846	
3	752	2273	2884	
3	739	2918	2273	
3	719	2884	2918	
3	2273	2918	2884	
3	729	2919	2920	
3	731	2910	2919	
3	728	2920	2910	
3	2919	2910	2920	
3	790	2921	2891	
3	745	2922	2921	
3	637	2891	2922	
3	2921	2922	2891	
3	761	2923	2925	
3	756	2924	2923	
3	720	2925	2924	
3	2923	2924	2925	
3	720	2710	2925	
3	687	2926	2710	
3	761	2925	2926	
3	2710	2926	2925	
3	772	2927	2832	
3	749	2912	2927	
3	755	2832	2912	
3	2927	2912	2832	
3	760	2928	2929	
3	765	2885	2928	
3	764	2929	2885	
3	2928	2885	2929	
3	678	2731	2787	
3	693	2804	2731	
3	698	2787	2804	
3	2731	2804	2787	
3	548	2840	2855	
3	684	2848	2840	
3	707	2855	2848	
3	2840	2848	2855	
3	712	2930	2859	
3	708	2670	2930	
3	714	2859	2670	
3	2930	2670	2859	
3	739	2272	2865	
3	746	2931	2272	
3	757	2865	2931	
3	2272	2931	2865	
3	779	2862	2887	
3	743	2915	2862	
3	764	2887	2915	
3	2862	2915	2887	
3	715	2872	2907	
3	730	2837	2872	
3	738	2907	2837	
3	2872	2837	2907	
3	674	2727	2725	
3	641	2932	2727	
3	675	2725	2932	
3	2727	2932	2725	
3	713	2869	2793	
3	749	2927	2869	
3	772	2793	2927	
3	2869	2927	2793	
3	747	2895	2933	
3	720	2924	2895	
3	756	2933	2924	
3	2895	2924	2933	
3	647	2934	2888	
3	637	2922	2934	
3	745	2888	2922	
3	2934	2922	2888	
3	738	2819	2908	
3	755	2911	2819	
3	740	2908	2911	
3	2819	2911	2908	
3	700	2768	2904	
3	691	2827	2768	
3	751	2904	2827	
3	2768	2827	2904	
3	691	2795	2828	
3	704	2866	2795	
3	757	2828	2866	
3	2795	2866	2828	
3	753	2811	2936	
3	752	2935	2811	
3	748	2936	2935	
3	2811	2935	2936	
3	687	2748	2938	
3	679	2937	2748	
3	762	2938	2937	
3	2748	2937	2938	
3	764	2939	2929	
3	753	2940	2939	
3	760	2929	2940	
3	2939	2940	2929	
3	760	2940	2941	
3	753	2936	2940	
3	748	2941	2936	
3	2940	2936	2941	
3	787	2942	2944	
3	763	2943	2942	
3	782	2944	2943	
3	2942	2943	2944	
3	779	2886	2946	
3	765	2945	2886	
3	785	2946	2945	
3	2886	2945	2946	
3	744	2947	2740	
3	754	2876	2947	
3	732	2740	2876	
3	2947	2876	2740	
3	800	2948	2950	
3	793	2949	2948	
3	788	2950	2949	
3	2948	2949	2950	
3	194	2830	2892	
3	708	2930	2830	
3	712	2892	2930	
3	2830	2930	2892	
3	746	2271	2951	
3	752	2810	2271	
3	735	2951	2810	
3	2271	2810	2951	
3	739	2815	2918	
3	734	2901	2815	
3	719	2918	2901	
3	2815	2901	2918	
3	752	2883	2935	
3	728	2898	2883	
3	748	2935	2898	
3	2883	2898	2935	
3	748	2952	2941	
3	758	2953	2952	
3	760	2941	2953	
3	2952	2953	2941	
3	760	2953	2955	
3	758	2954	2953	
3	767	2955	2954	
3	2953	2954	2955	
3	761	2926	2956	
3	687	2938	2926	
3	762	2956	2938	
3	2926	2938	2956	
3	774	2153	2957	
3	762	2937	2153	
3	679	2957	2937	
3	2153	2937	2957	
3	736	2750	2906	
3	731	2919	2750	
3	729	2906	2919	
3	2750	2919	2906	
3	762	2958	2956	
3	771	2959	2958	
3	761	2956	2959	
3	2958	2959	2956	
3	758	2952	2960	
3	748	2897	2952	
3	742	2960	2897	
3	2952	2897	2960	
3	762	2152	2958	
3	763	2961	2152	
3	771	2958	2961	
3	2152	2961	2958	
3	751	2829	2962	
3	757	2931	2829	
3	746	2962	2931	
3	2829	2931	2962	
3	767	2963	2965	
3	776	2964	2963	
3	765	2965	2964	
3	2963	2964	2965	
3	741	2857	2966	
3	716	2817	2857	
3	769	2966	2817	
3	2857	2817	2966	
3	728	2882	2920	
3	719	2900	2882	
3	729	2920	2900	
3	2882	2900	2920	
3	754	2947	2967	
3	744	2665	2947	
3	745	2967	2665	
3	2947	2665	2967	
3	759	2747	2824	
3	675	2932	2747	
3	641	2824	2932	
3	2747	2932	2824	
3	778	2916	2968	
3	749	2868	2916	
3	741	2968	2868	
3	2916	2868	2968	
3	777	2969	2970	
3	782	2943	2969	
3	763	2970	2943	
3	2969	2943	2970	
3	751	2962	2905	
3	746	2951	2962	
3	735	2905	2951	
3	2962	2951	2905	
3	767	2965	2955	
3	765	2928	2965	
3	760	2955	2928	
3	2965	2928	2955	
3	756	2971	2973	
3	768	2972	2971	
3	766	2973	2972	
3	2971	2972	2973	
3	747	2933	2854	
3	756	2973	2933	
3	766	2854	2973	
3	2933	2973	2854	
3	798	2974	2976	
3	778	2975	2974	
3	786	2976	2975	
3	2974	2975	2976	
3	780	2977	2978	
3	758	2960	2977	
3	742	2978	2960	
3	2977	2960	2978	
3	780	2978	2980	
3	742	2979	2978	
3	740	2980	2979	
3	2978	2979	2980	
3	797	2981	2983	
3	809	2982	2981	
3	589	2983	2982	
3	2981	2982	2983	
3	756	2923	2971	
3	761	2984	2923	
3	768	2971	2984	
3	2923	2984	2971	
3	689	2985	2786	
3	774	2957	2985	
3	679	2786	2957	
3	2985	2957	2786	
3	768	2984	2986	
3	761	2959	2984	
3	771	2986	2959	
3	2984	2959	2986	
3	742	2613	2979	
3	715	2909	2613	
3	740	2979	2909	
3	2613	2909	2979	
3	767	2987	2963	
3	773	2988	2987	
3	776	2963	2988	
3	2987	2988	2963	
3	735	2812	2914	
3	753	2939	2812	
3	764	2914	2939	
3	2812	2939	2914	
3	771	2989	2991	
3	787	2990	2989	
3	789	2991	2990	
3	2989	2990	2991	
3	766	2992	2899	
3	781	2993	2992	
3	775	2899	2993	
3	2992	2993	2899	
3	769	2994	2966	
3	786	2995	2994	
3	741	2966	2995	
3	2994	2995	2966	
3	784	2996	2998	
3	785	2997	2996	
3	776	2998	2997	
3	2996	2997	2998	
3	639	2773	2728	
3	624	2099	2773	
3	440	2728	2099	
3	2773	2099	2728	
3	750	2851	2791	
3	677	2797	2851	
3	727	2791	2797	
3	2851	2797	2791	
3	777	2970	2999	
3	763	2151	2970	
3	774	2999	2151	
3	2970	2151	2999	
3	776	2988	2998	
3	773	3000	2988	
3	784	2998	3000	
3	2988	3000	2998	
3	807	3001	3003	
3	592	3002	3001	
3	828	3003	3002	
3	3001	3002	3003	
3	769	3004	2994	
3	781	3005	3004	
3	786	2994	3005	
3	3004	3005	2994	
3	689	2775	2985	
3	732	3006	2775	
3	774	2985	3006	
3	2775	3006	2985	
3	767	2954	2987	
3	758	3007	2954	
3	773	2987	3007	
3	2954	3007	2987	
3	777	2999	2875	
3	774	3006	2999	
3	732	2875	3006	
3	2999	3006	2875	
3	781	2992	3008	
3	766	2972	2992	
3	768	3008	2972	
3	2992	2972	3008	
3	726	2893	2816	
3	775	3009	2893	
3	769	2816	3009	
3	2893	3009	2816	
3	796	3010	3012	
3	773	3011	3010	
3	780	3012	3011	
3	3010	3011	3012	
3	620	3013	3015	
3	794	3014	3013	
3	795	3015	3014	
3	3013	3014	3015	
3	777	3016	2969	
3	783	2764	3016	
3	782	2969	2764	
3	3016	2764	2969	
3	754	3017	2877	
3	783	3016	3017	
3	777	2877	3016	
3	3017	3016	2877	
3	769	3009	3004	
3	775	2993	3009	
3	781	3004	2993	
3	3009	2993	3004	
3	758	2977	3007	
3	780	3011	2977	
3	773	3007	3011	
3	2977	3011	3007	
3	785	2945	2997	
3	765	2964	2945	
3	776	2997	2964	
3	2945	2964	2997	
3	794	3018	3019	
3	638	2860	3018	
3	779	3019	2860	
3	3018	2860	3019	
3	740	2917	2980	
3	778	3020	2917	
3	780	2980	3020	
3	2917	3020	2980	
3	786	2975	2995	
3	778	2968	2975	
3	741	2995	2968	
3	2975	2968	2995	
3	787	2989	2942	
3	771	2961	2989	
3	763	2942	2961	
3	2989	2961	2942	
3	778	2974	3020	
3	798	3021	2974	
3	780	3020	3021	
3	2974	3021	3020	
3	792	3022	2766	
3	788	3023	3022	
3	782	2766	3023	
3	3022	3023	2766	
3	781	3008	3025	
3	768	3024	3008	
3	791	3025	3024	
3	3008	3024	3025	
3	754	2967	3026	
3	745	2921	2967	
3	790	3026	2921	
3	2967	2921	3026	
3	790	3027	3026	
3	783	3017	3027	
3	754	3026	3017	
3	3027	3017	3026	
3	805	3028	3030	
3	816	3029	3028	
3	813	3030	3029	
3	3028	3029	3030	
3	801	3031	3033	
3	803	3032	3031	
3	805	3033	3032	
3	3031	3032	3033	
3	795	3034	3015	
3	808	3035	3034	
3	620	3015	3035	
3	3034	3035	3015	
3	808	3034	3037	
3	795	3036	3034	
3	801	3037	3036	
3	3034	3036	3037	
3	768	2986	3038	
3	771	2991	2986	
3	789	3038	2991	
3	2986	2991	3038	
3	802	3039	3041	
3	791	3040	3039	
3	793	3041	3040	
3	3039	3040	3041	
3	787	2944	3042	
3	782	3023	2944	
3	788	3042	3023	
3	2944	3023	3042	
3	787	3042	2990	
3	788	3043	3042	
3	789	2990	3043	
3	3042	3043	2990	
3	783	3027	2765	
3	790	3044	3027	
3	792	2765	3044	
3	3027	3044	2765	
3	781	3025	3005	
3	791	3045	3025	
3	786	3005	3045	
3	3025	3045	3005	
3	788	2949	3043	
3	793	3046	2949	
3	789	3043	3046	
3	2949	3046	3043	
3	768	3038	3024	
3	789	3047	3038	
3	791	3024	3047	
3	3038	3047	3024	
3	807	3048	3001	
3	619	3049	3048	
3	592	3001	3049	
3	3048	3049	3001	
3	807	3050	3048	
3	790	2890	3050	
3	619	3048	2890	
3	3050	2890	3048	
3	793	3040	3046	
3	791	3047	3040	
3	789	3046	3047	
3	3040	3047	3046	
3	791	3051	3045	
3	799	3052	3051	
3	786	3045	3052	
3	3051	3052	3045	
3	792	3053	3055	
3	807	3054	3053	
3	800	3055	3054	
3	3053	3054	3055	
3	806	3056	3058	
3	804	3057	3056	
3	817	3058	3057	
3	3056	3057	3058	
3	800	2950	3055	
3	788	3022	2950	
3	792	3055	3022	
3	2950	3022	3055	
3	784	3000	3059	
3	773	3010	3000	
3	796	3059	3010	
3	3000	3010	3059	
3	779	2946	3061	
3	785	3060	2946	
3	795	3061	3060	
3	2946	3060	3061	
3	795	3014	3061	
3	794	3019	3014	
3	779	3061	3019	
3	3014	3019	3061	
3	785	3062	3060	
3	801	3036	3062	
3	795	3060	3036	
3	3062	3036	3060	
3	798	3063	3065	
3	799	3064	3063	
3	796	3065	3064	
3	3063	3064	3065	
3	811	3066	3068	
3	796	3067	3066	
3	815	3068	3067	
3	3066	3067	3068	
3	803	3069	3070	
3	785	2996	3069	
3	784	3070	2996	
3	3069	2996	3070	
3	808	3037	3072	
3	801	3071	3037	
3	809	3072	3071	
3	3037	3071	3072	
3	799	3063	3052	
3	798	2976	3063	
3	786	3052	2976	
3	3063	2976	3052	
3	780	3021	3012	
3	798	3065	3021	
3	796	3012	3065	
3	3021	3065	3012	
3	799	3051	3073	
3	791	3039	3051	
3	802	3073	3039	
3	3051	3039	3073	
3	799	3074	3064	
3	815	3067	3074	
3	796	3064	3067	
3	3074	3067	3064	
3	792	3044	3053	
3	790	3050	3044	
3	807	3053	3050	
3	3044	3050	3053	
3	806	3075	3056	
3	802	3076	3075	
3	804	3056	3076	
3	3075	3076	3056	
3	803	3031	3069	
3	801	3062	3031	
3	785	3069	3062	
3	3031	3062	3069	
3	809	3071	3077	
3	801	3033	3071	
3	805	3077	3033	
3	3071	3033	3077	
3	800	3078	2948	
3	804	3079	3078	
3	793	2948	3079	
3	3078	3079	2948	
3	802	3041	3076	
3	793	3079	3041	
3	804	3076	3079	
3	3041	3079	3076	
3	784	3059	3080	
3	796	3066	3059	
3	811	3080	3066	
3	3059	3066	3080	
3	809	3081	2982	
3	810	3082	3081	
3	589	2982	3082	
3	3081	3082	2982	
3	812	3083	3084	
3	804	3078	3083	
3	800	3084	3078	
3	3083	3078	3084	
3	802	3075	3073	
3	806	3085	3075	
3	799	3073	3085	
3	3075	3085	3073	
3	803	3086	3088	
3	811	3087	3086	
3	816	3088	3087	
3	3086	3087	3088	
3	814	3089	1364	
3	810	3090	3089	
3	823	1364	3090	
3	3089	3090	1364	
3	817	3057	3091	
3	804	3083	3057	
3	812	3091	3083	
3	3057	3083	3091	
3	811	3086	3080	
3	803	3070	3086	
3	784	3080	3070	
3	3086	3070	3080	
3	828	3002	2243	
3	592	3092	3002	
3	599	2243	3092	
3	3002	3092	2243	
3	822	3093	3094	
3	812	3084	3093	
3	800	3094	3084	
3	3093	3084	3094	
3	797	3095	3096	
3	620	3035	3095	
3	808	3096	3035	
3	3095	3035	3096	
3	809	3077	3081	
3	805	3097	3077	
3	810	3081	3097	
3	3077	3097	3081	
3	797	3096	2981	
3	808	3072	3096	
3	809	2981	3072	
3	3096	3072	2981	
3	803	3088	3032	
3	816	3028	3088	
3	805	3032	3028	
3	3088	3028	3032	
3	814	3098	3089	
3	589	3082	3098	
3	810	3089	3082	
3	3098	3082	3089	
3	806	3058	3100	
3	817	3099	3058	
3	820	3100	3099	
3	3058	3099	3100	
3	816	3101	3103	
3	824	3102	3101	
3	826	3103	3102	
3	3101	3102	3103	
3	822	3094	3104	
3	800	3054	3094	
3	807	3104	3054	
3	3094	3054	3104	
3	832	3105	3107	
3	839	3106	3105	
3	844	3107	3106	
3	3105	3106	3107	
3	823	3108	1365	
3	843	3109	3108	
3	600	1365	3109	
3	3108	3109	1365	
3	810	3097	3110	
3	805	3030	3097	
3	813	3110	3030	
3	3097	3030	3110	
3	799	3085	3074	
3	806	3111	3085	
3	815	3074	3111	
3	3085	3111	3074	
3	823	3090	3112	
3	810	3110	3090	
3	813	3112	3110	
3	3090	3110	3112	
3	815	3111	3113	
3	806	3100	3111	
3	820	3113	3100	
3	3111	3100	3113	
3	824	3114	3116	
3	811	3115	3114	
3	818	3116	3115	
3	3114	3115	3116	
3	821	3117	3119	
3	837	3118	3117	
3	839	3119	3118	
3	3117	3118	3119	
3	812	3120	3091	
3	819	3121	3120	
3	817	3091	3121	
3	3120	3121	3091	
3	818	3115	3122	
3	811	3068	3115	
3	815	3122	3068	
3	3115	3068	3122	
3	815	3113	3122	
3	820	3123	3113	
3	818	3122	3123	
3	3113	3123	3122	
3	811	3114	3087	
3	824	3101	3114	
3	816	3087	3101	
3	3114	3101	3087	
3	834	3124	3126	
3	829	3125	3124	
3	822	3126	3125	
3	3124	3125	3126	
3	820	3127	3123	
3	821	3128	3127	
3	818	3123	3128	
3	3127	3128	3123	
3	817	3121	3099	
3	819	3129	3121	
3	820	3099	3129	
3	3121	3129	3099	
3	821	3127	3130	
3	820	3129	3127	
3	819	3130	3129	
3	3127	3129	3130	
3	819	3120	3132	
3	812	3131	3120	
3	829	3132	3131	
3	3120	3131	3132	
3	818	3128	3134	
3	821	3133	3128	
3	832	3134	3133	
3	3128	3133	3134	
3	822	3104	3135	
3	807	3003	3104	
3	828	3135	3003	
3	3104	3003	3135	
3	628	3136	3138	
3	837	3137	3136	
3	842	3138	3137	
3	3136	3137	3138	
3	813	3139	3141	
3	826	3140	3139	
3	831	3141	3140	
3	3139	3140	3141	
3	843	3142	3144	
3	831	3143	3142	
3	830	3144	3143	
3	3142	3143	3144	
3	837	3117	3145	
3	821	3130	3117	
3	819	3145	3130	
3	3117	3130	3145	
3	818	3134	3116	
3	832	3146	3134	
3	824	3116	3146	
3	3134	3146	3116	
3	835	3147	3149	
3	839	3148	3147	
3	628	3149	3148	
3	3147	3148	3149	
3	826	3139	3103	
3	813	3029	3139	
3	816	3103	3029	
3	3139	3029	3103	
3	826	3102	3150	
3	824	3146	3102	
3	832	3150	3146	
3	3102	3146	3150	
3	831	3140	3152	
3	826	3151	3140	
3	838	3152	3151	
3	3140	3151	3152	
3	829	3131	3125	
3	812	3093	3131	
3	822	3125	3093	
3	3131	3093	3125	
3	841	3153	3154	
3	837	3145	3153	
3	819	3154	3145	
3	3153	3145	3154	
3	4	3155	3156	
3	846	2244	3155	
3	599	3156	2244	
3	3155	2244	3156	
3	840	3157	3158	
3	829	3124	3157	
3	834	3158	3124	
3	3157	3124	3158	
3	834	3126	3159	
3	822	3135	3126	
3	828	3159	3135	
3	3126	3135	3159	
3	628	3148	3136	
3	839	3118	3148	
3	837	3136	3118	
3	3148	3118	3136	
3	839	3105	3119	
3	832	3133	3105	
3	821	3119	3133	
3	3105	3133	3119	
3	831	3160	3141	
3	823	3112	3160	
3	813	3141	3112	
3	3160	3112	3141	
3	831	3142	3160	
3	843	3108	3142	
3	823	3160	3108	
3	3142	3108	3160	
3	838	3161	3163	
3	7	3162	3161	
3	830	3163	3162	
3	3161	3162	3163	
3	832	3107	3150	
3	844	3164	3107	
3	826	3150	3164	
3	3107	3164	3150	
3	843	3144	3166	
3	830	3165	3144	
3	833	3166	3165	
3	3144	3165	3166	
3	600	3109	3168	
3	843	3167	3109	
3	6	3168	3167	
3	3109	3167	3168	
3	846	3155	3170	
3	4	3169	3155	
3	836	3170	3169	
3	3155	3169	3170	
3	841	3154	3171	
3	819	3132	3154	
3	829	3171	3132	
3	3154	3132	3171	
3	5	3172	3174	
3	845	3173	3172	
3	847	3174	3173	
3	3172	3173	3174	
3	835	3175	3177	
3	825	3176	3175	
3	844	3177	3176	
3	3175	3176	3177	
3	840	3178	3180	
3	845	3179	3178	
3	827	3180	3179	
3	3178	3179	3180	
3	7	3161	3182	
3	838	3181	3161	
3	825	3182	3181	
3	3161	3181	3182	
3	837	3153	3137	
3	841	3183	3153	
3	842	3137	3183	
3	3153	3183	3137	
3	830	3143	3163	
3	831	3152	3143	
3	838	3163	3152	
3	3143	3152	3163	
3	838	3151	3184	
3	826	3164	3151	
3	844	3184	3164	
3	3151	3164	3184	
3	844	3106	3177	
3	839	3147	3106	
3	835	3177	3147	
3	3106	3147	3177	
3	828	2242	3159	
3	846	3185	2242	
3	834	3159	3185	
3	2242	3185	3159	
3	848	3186	3187	
3	847	3173	3186	
3	845	3187	3173	
3	3186	3173	3187	
3	829	3157	3171	
3	840	3188	3157	
3	841	3171	3188	
3	3157	3188	3171	
3	842	3189	3190	
3	840	3180	3189	
3	827	3190	3180	
3	3189	3180	3190	
3	6	3167	3191	
3	843	3166	3167	
3	833	3191	3166	
3	3167	3166	3191	
3	840	3189	3188	
3	842	3183	3189	
3	841	3188	3183	
3	3189	3183	3188	
3	838	3184	3181	
3	844	3176	3184	
3	825	3181	3176	
3	3184	3176	3181	
3	848	3187	3192	
3	845	3178	3187	
3	840	3192	3178	
3	3187	3178	3192	
3	848	3193	3194	
3	834	3185	3193	
3	846	3194	3185	
3	3193	3185	3194	
3	848	3195	3186	
3	836	3196	3195	
3	847	3186	3196	
3	3195	3196	3186	
3	834	3193	3158	
3	848	3192	3193	
3	840	3158	3192	
3	3193	3192	3158	
3	846	3170	3194	
3	836	3195	3170	
3	848	3194	3195	
3	3170	3195	3194	
CELL_TYPES 6000
5 5 5 5 5 5 5 5 5 5 5 5 5 5 5 5 5 5 5 5 5 5 5 5 5 5 5 5 5 5 5 5 5 5 5 5 5 5 5 5 5 5 5 5 5 5 5 5 5 5 5 5 5 5 5 5 5 5 5 5 5 5 5 5 5 5 5 5 5 5 5 5 5 5 5 5 5 5 5 5 5 5 5 5 5 5 5 5 5 5 5 5 5 5 5 5 5 5 5 5 5 5 5 5 5 5 5 5 5 5 5 5 5 5 5 5 5 5 5 5 5 5 5 5 5 5 5 5 5 5 5 5 5 5 5 5 5 5 5 5 5 5 5 5 5 5 5 5 5 5 5 5 5 5 5 5 5 5 5 5 5 5 5 5 5 5 5 5 5 5 5 5 5 5 5 5 5 5 5 5 5 5 5 5 5 5 5 5 5 5 5 5 5 5 5 5 5 5 5 5 5 5 5 5 5 5 5 5 5 5 5 5 5 5 5 5 5 5 5 5 5 5 5 5 5 5 5 5 5 5 5 5 5 5 5 5 5 5 5 5 5 5 5 5 5 5 5 5 5 5 5 5 5 5 5 5 5 5 5 5 5 5 5 5 5 5 5 5 5 5 5 5 5 5 5 5 5 5 5 5 5 5 5 5 5 5 5 5 5 5 5 5 5 5 5 5 5 5 5 5 5 5 5 5 5 5 5 5 5 5 5 5 5 5 5 5 5 5 5 5 5 5 5 5 5 5 5 5 5 5 5 5 5 5 5 5 5 5 5 5 5 5 5 5 5 5 5 5 5 5 5 5 5 5 5 5 5 5 5 5 5 5 5 5 5 5 5 5 5 5 5 5 5 5 5 5 5 5 5 5 5 5 5 5 5 5 5 5 5 5 5 5 5 5 5 5 5 5 5 5 5 5 5 5 5 5 5 5 5 5 5 5 5 5 5 5 5 5 5 5 5 5 5 5 5 5 5 5 5 5 5 5 5 5 5 5 5 5 5 5 5 5 5 5 5 5 5 5 5 5 5 5 5 5 5 5 5 5 5 5 5 5 5 5 5 5 5 5 5 5 5 5 5 5 5 5 5 5 5 5 5 5 5 5 5 5 5 5 5 5 5 5 5 5 5 5 5 5 5 5 5 5 5 5 5 5 5 5 5 5 5 5 5 5 5 5 5 5 5 5 5 5 5 5 5 5 5 5 5 5 5 5 5 5 5 5 5 5 5 5 5 5 5 5 5 5 5 5 5 5 5 5 5 5 5 5 5 5 5 5 5 5 5 5 5 5 5 5 5 5 5 5 5 5 5 5 5 5 5 5 5 5 5 5 5 5 5 5 5 5 5 5 5 5 5 5 5 5 5 5 5 5 5 5 5 5 5 5 5 5 5 5 5 5 5 5 5 5 5 5 5 5 5 5 5 5 5 5 5 5 5 5 5 5 5 5 5 5 5 5 5 5 5 5 5 5 5 5 5 5 5 5 5 5 5 5 5 5 5 5 5 5 5 5 5 5 5 5 5 5 5 5 5 5 5 5 5 5 5 5 5 5 5 5 5 5 5 5 5 5 5 5 5 5 5 5 5 5 5 5 5 5 5 5 5 5 5 5 5 5 5 5 5 5 5 5 5 5 5 5 5 5 5 5 5 5 5 5 5 5 5 5 5 5 5 5 5 5 5 5 5 5 5 5 5 5 5 5 5 5 5 5 5 5 5 5 5 5 5 5 5 5 5 5 5 5 5 5 5 5 5 5 5 5 5 5 5 5 5 5 5 5 5 5 5 5 5 5 5 5 5 5 5 5 5 5 5 5 5 5 5 5 5 5 5 5 5 5 5 5 5 5 5 5 5 5 5 5 5 5 5 5 5 5 5 5 5 5 5 5 5 5 5 5 5 5 5 5 5 5 5 5 5 5 5 5 5 5 5 5 5 5 5 5 5 5 5 5 5 5 5 5 5 5 5 5 5 5 5 5 5 5 5 5 5 5 5 5 5 5 5 5 5 5 5 5 5 5 5 5 5 5 5 5 5 5 5 5 5 5 5 5 5 5 5 5 5 5 5 5 5 5 5 5 5 5 5 5 5 5 5 5 5 5 5 5 5 5 5 5 5 5 5 5 5 5 5 5 5 5 5 5 5 5 5 5 5 5 5 5 5 5 5 5 5 5 5 5 5 5 5 5 5 5 5 5 5 5 5 5 5 5 5 5 5 5 5 5 5 5 5 5 5 5 5 5 5 5 5 5 5 5 5 5 5 5 5 5 5 5 5 5 5 5 5 5 5 5 5 5 5 5 5 5 5 5 5 5 5 5 5 5 5 5 5 5 5 5 5 5 5 5 5 5 5 5 5 5 5 5 5 5 5 5 5 5 5 5 5 5 5 5 5 5 5 5 5 5 5 5 5 5 5 5 5 5 5 5 5 5 5 5 5 5 5 5 5 5 5 5 5 5 5 5 5 5 5 5 5 5 5 5 5 5 5 5 5 5 5 5 5 5 5 5 5 5 5 5 5 5 5 5 5 5 5 5 5 5 5 5 5 5 5 5 5 5 5 5 5 5 5 5 5 5 5 5 5 5 5 5 5 5 5 5 5 5 5 5 5 5 5 5 5 5 5 5 5 5 5 5 5 5 5 5 5 5 5 5 5 5 5 5 5 5 5 5 5 5 5 5 5 5 5 5 5 5 5 5 5 5 5 5 5 5 5 5 5 5 5 5 5 5 5 5 5 5 5 5 5 5 5 5 5 5 5 5 5 5 5 5 5 5 5 5 5 5 5 5 5 5 5 5 5 5 5 5 5 5 5 5 5 5 5 5 5 5 5 5 5 5 5 5 5 5 5 5 5 5 5 5 5 5 5 5 5 5 5 5 5 5 5 5 5 5 5 5 5 5 5 5 5 5 5 5 5 5 5 5 5 5 5 5 5 5 5 5 5 5 5 5 5 5 5 5 5 5 5 5 5 5 5 5 5 5 5 5 5 5 5 5 5 5 5 5 5 5 5 5 5 5 5 5 5 5 5 5 5 5 5 5 5 5 5 5 5 5 5 5 5 5 5 5 5 5 5 5 5 5 5 5 5 5 5 5 5 5 5 5 5 5 5 5 5 5 5 5 5 5 5 5 5 5 5 5 5 5 5 5 5 5 5 5 5 5 5 5 5 5 5 5 5 5 5 5 5 5 5 5 5 5 5 5 5 5 5 5 5 5 5 5 5 5 5 5 5 5 5 5 5 5 5 5 5 5 5 5 5 5 5 5 5 5 5 5 5 5 5 5 5 5 5 5 5 5 5 5 5 5 5 5 5 5 5 5 5 5 5 5 5 5 5 5 5 5 5 5 5 5 5 5 5 5 5 5 5 5 5 5 5 5 5 5 5 5 5 5 5 5 5 5 5 5 5 5 5 5 5 5 5 5 5 5 5 5 5 5 5 5 5 5 5 5 5 5 5 5 5 5 5 5 5 5 5 5 5 5 5 5 5 5 5 5 5 5 5 5 5 5 5 5 5 5 5 5 5 5 5 5 5 5 5 5 5 5 5 5 5 5 5 5 5 5 5 5 5 5 5 5 5 5 5 5 5 5 5 5 5 5 5 5 5 5 5 5 5 5 5 5 5 5 5 5 5 5 5 5 5 5 5 5 5 5 5 5 5 5 5 5 5 5 5 5 5 5 5 5 5 5 5 5 5 5 5 5 5 5 5 5 5 5 5 5 5 5 5 5 5 5 5 5 5 5 5 5 5 5 5 5 5 5 5 5 5 5 5 5 5 5 5 5 5 5 5 5 5 5 5 5 5 5 5 5 5 5 5 5 5 5 5 5 5 5 5 5 5 5 5 5 5 5 5 5 5 5 5 5 5 5 5 5 5 5 5 5 5 5 5 5 5 5 5 5 5 5 5 5 5 5 5 5 5 5 5 5 5 5 5 5 5 5 5 5 5 5 5 5 5 5 5 5 5 5 5 5 5 5 5 5 5 5 5 5 5 5 5 5 5 5 5 5 5 5 5 5 5 5 5 5 5 5 5 5 5 5 5 5 5 5 5 5 5 5 5 5 5 5 5 5 5 5 5 5 5 5 5 5 5 5 5 5 5 5 5 5 5 5 5 5 5 5 5 5 5 5 5 5 5 5 5 5 5 5 5 5 5 5 5 5 5 5 5 5 5 5 5 5 5 5 5 5 5 5 5 5 5 5 5 5 5 5 5 5 5 5 5 5 5 5 5 5 5 5 5 5 5 5 5 5 5 5 5 5 5 5 5 5 5 5 5 5 5 5 5 5 5 5 5 5 5 5 5 5 5 5 5 5 5 5 5 5 5 5 5 5 5 5 5 5 5 5 5 5 5 5 5 5 5 5 5 5 5 5 5 5 5 5 5 5 5 5 5 5 5 5 5 5 5 5 5 5 5 5 5 5 5 5 5 5 5 5 5 5 5 5 5 5 5 5 5 5 5 5 5 5 5 5 5 5 5 5 5 5 5 5 5 5 5 5 5 5 5 5 5 5 5 5 5 5 5 5 5 5 5 5 5 5 5 5 5 5 5 5 5 5 5 5 5 5 5 5 5 5 5 5 5 5 5 5 5 5 5 5 5 5 5 5 5 5 5 5 5 5 5 5 5 5 5 5 5 5 5 5 5 5 5 5 5 5 5 5 5 5 5 5 5 5 5 5 5 5 5 5 5 5 5 5 5 5 5 5 5 5 5 5 5 5 5 5 5 5 5 5 5 5 5 5 5 5 5 5 5 5 5 5 5 5 5 5 5 5 5 5 5 5 5 5 5 5 5 5 5 5 5 5 5 5 5 5 5 5 5 5 5 5 5 5 5 5 5 5 5 5 5 5 5 5 5 5 5 5 5 5 5 5 5 5 5 5 5 5 5 5 5 5 5 5 5 5 5 5 5 5 5 5 5 5 5 5 5 5 5 5 5 5 5 5 5 5 5 5 5 5 5 5 5 5 5 5 5 5 5 5 5 5 5 5 5 5 5 5 5 5 5 5 5 5 5 5 5 5 5 5 5 5 5 5 5 5 5 5 5 5 5 5 5 5 5 5 5 5 5 5 5 5 5 5 5 5 5 5 5 5 5 5 5 5 5 5 5 5 5 5 5 5 5 5 5 5 5 5 5 5 5 5 5 5 5 5 5 5 5 5 5 5 5 5 5 5 5 5 5 5 5 5 5 5 5 5 5 5 5 5 5 5 5 5 5 5 5 5 5 5 5 5 5 5 5 5 5 5 5 5 5 5 5 5 5 5 5 5 5 5 5 5 5 5 5 5 5 5 5 5 5 5 5 5 5 5 5 5 5 5 5 5 5 5 5 5 5 5 5 5 5 5 5 5 5 5 5 5 5 5 5 5 5 5 5 5 5 5 5 5 5 5 5 5 5 5 5 5 5 5 5 5 5 5 5 5 5 5 5 5 5 5 5 5 5 5 5 5 5 5 5 5 5 5 5 5 5 5 5 5 5 5 5 5 5 5 5 5 5 5 5 5 5 5 5 5 5 5 5 5 5 5 5 5 5 5 5 5 5 5 5 5 5 5 5 5 5 5 5 5 5 5 5 5 5 5 5 5 5 5 5 5 5 5 5 5 5 5 5 5 5 5 5 5 5 5 5 5 5 5 5 5 5 5 5 5 5 5 5 5 5 5 5 5 5 5 5 5 5 5 5 5 5 5 5 5 5 5 5 5 5 5 5 5 5 5 5 5 5 5 5 5 5 5 5 5 5 5 5 5 5 5 5 5 5 5 5 5 5 5 5 5 5 5 5 5 5 5 5 5 5 5 5 5 5 5 5 5 5 5 5 5 5 5 5 5 5 5 5 5 5 5 5 5 5 5 5 5 5 5 5 5 5 5 5 5 5 5 5 5 5 5 5 5 5 5 5 5 5 5 5 5 5 5 5 5 5 5 5 5 5 5 5 5 5 5 5 5 5 5 5 5 5 5 5 5 5 5 5 5 5 5 5 5 5 5 5 5 5 5 5 5 5 5 5 5 5 5 5 5 5 5 5 5 5 5 5 5 5 5 5 5 5 5 5 5 5 5 5 5 5 5 5 5 5 5 5 5 5 5 5 5 5 5 5 5 5 5 5 5 5 5 5 5 5 5 5 5 5 5 5 5 5 5 5 5 5 5 5 5 5 5 5 5 5 5 5 5 5 5 5 5 5 5 5 5 5 5 5 5 5 5 5 5 5 5 5 5 5 5 5 5 5 5 5 5 5 5 5 5 5 5 5 5 5 5 5 5 5 5 5 5 5 5 5 5 5 5 5 5 5 5 5 5 5 5 5 5 5 5 5 5 5 5 5 5 5 5 5 5 5 5 5 5 5 5 5 5 5 5 5 5 5 5 5 5 5 5 5 5 5 5 5 5 5 5 5 5 5 5 5 5 5 5 5 5 5 5 5 5 5 5 5 5 5 5 5 5 5 5 5 5 5 5 5 5 5 5 5 5 5 5 5 5 5 5 5 5 5 5 5 5 5 5 5 5 5 5 5 5 5 5 5 5 5 5 5 5 5 5 5 5 5 5 5 5 5 5 5 5 5 5 5 5 5 5 5 5 5 5 5 5 5 5 5 5 5 5 5 5 5 5 5 5 5 5 5 5 5 5 5 5 5 5 5 5 5 5 5 5 5 5 5 5 5 5 5 5 5 5 5 5 5 5 5 5 5 5 5 5 5 5 5 5 5 5 5 5 5 5 5 5 5 5 5 5 5 5 5 5 5 5 5 5 5 5 5 5 5 5 5 5 5 5 5 5 5 5 5 5 5 5 5 5 5 5 5 5 5 5 5 5 5 5 5 5 5 5 5 5 5 5 5 5 5 5 5 5 5 5 5 5 5 5 5 5 5 5 5 5 5 5 5 5 5 5 5 5 5 5 5 5 5 5 5 5 5 5 5 5 5 5 5 5 5 5 5 5 5 5 5 5 5 5 5 5 5 5 5 5 5 5 5 5 5 5 5 5 5 5 5 5 5 5 5 5 5 5 5 5 5 5 5 5 5 5 5 5 5 5 5 5 5 5 5 5 5 5 5 5 5 5 5 5 5 5 5 5 5 5 5 5 5 5 5 5 5 5 5 5 5 5 5 5 5 5 5 5 5 5 5 5 5 5 5 5 5 5 5 5 5 5 5 5 5 5 5 5 5 5 5 5 5 5 5 5 5 5 5 5 5 5 5 5 5 5 5 5 5 5 5 5 5 5 5 5 5 5 5 5 5 5 5 5 5 5 5 5 5 5 5 5 5 5 5 5 5 5 5 5 5 5 5 5 5 5 5 5 5 5 5 5 5 5 5 5 5 5 5 5 5 5 5 5 5 5 5 5 5 5 5 5 5 5 5 5 5 5 5 5 5 5 5 5 5 5 5 5 5 5 5 5 5 5 5 5 5 5 5 5 5 5 5 5 5 5 5 5 5 5 5 5 5 5 5 5 5 5 5 5 5 5 5 5 5 5 5 5 5 5 5 5 5 5 5 5 5 5 5 5 5 5 5 5 5 5 5 5 5 5 5 5 5 5 5 5 5 5 5 5 5 5 5 5 5 5 5 5 5 5 5 5 5 5 5 5 5 5 5 5 5 5 5 5 5 5 5 5 5 5 5 5 5 5 5 5 5 5 5 5 5 5 5 5 5 5 5 5 5 5 5 5 5 5 5 5 5 5 5 5 5 5 5 5 5 5 5 5 5 5 5 5 5 5 5 5 5 5 5 5 5 5 5 5 5 5 5 5 5 5 5 5 5 5 5 5 5 5 5 5 5 5 5 5 5 5 5 5 5 5 5 5 5 5 5 5 5 5 5 5 5 5 5 5 5 5 5 5 5 5 5 5 5 5 5 5 5 5 5 5 5 5 5 5 5 5 5 5 5 5 5 5 5 5 5 5 5 5 5 5 5 5 5 5 5 5 5 5 5 5 5 5 5 5 5 5 5 5 5 5 5 5 5 5 5 5 5 5 5 5 5 5 5 5 5 5 5 5 5 5 5 5 5 5 5 5 5 5 5 5 5 5 5 5 5 5 5 5 5 5 5 5 5 5 5 5 5 5 5 5 5 5 5 5 5 5 5 5 5 5 5 5 5 5 5 5 5 5 5 5 5 5 5 5 5 5 5 5 5 5 5 5 5 5 5 5 5 5 5 5 5 5 5 5 5 5 5 5 5 5 5 5 5 5 5 5 5 5 5 5 5 5 5 5 5 5 5 5 5 5 5 5 5 5 5 5 5 5 5 5 5 5 5 5 5 5 5 5 5 5 5 5 5 5 5 5 5 5 5 5 5 5 5 5 5 5 5 5 5 5 5 5 5 5 5 5 5 5 5 5 5 5 5 5 5 5 5 5 5 5 5 5 5 5 5 5 5 5 5 5 5 5 5 5 5 5 5 5 5 5 5 5 5 5 5 5 5 5 5 5 5 5 5 5 5 5 5 5 5 5 5 5 5 5 5 5 5 5 5 5 5 5 5 5 5 5 5 5 5 5 5 5 5 5 5 5 5 5 5 5 5 5 5 5 5 5 5 5 5 5 5 5 5 5 5 5 5 5 5 5 5 5 5 5 5 5 5 5 5 5 5 5 5 5 5 5 5 5 5 5 5 5 5 5 5 5 5 5 5 5 5 5 5 5 5 5 5 5 5 5 5 5 5 5 5 5 5 5 5 5 5 5 5 5 5 5 5 5 5 5 5 5 5 5 5 5 5 5 5 5 5 5 5 5 5 5 5 5 5 5 5 5 5 5 5 5 5 5 5 5 5 5 5 5 5 5 5 5 5 5 5 5 5 5 5 5 5 5 5 5 5 5 5 5 5 5 5 5 5 5 5 5 5 5 5 5 5 5 5 5 5 5 5 5 5 5 5 5 5 5 5 5 5 5 5 5 5 5 5 5 5 5 5 5 5 5 5 5 5 5 5 5 5 5 5 5 5 5 5 5 5 5 5 5 5 5 5 5 5 5 5 5 5 5 5 5 5 5 5 5 5 5 5 5 5 5 5 5 5 5 5 5 5 5 5 5 5 5 5 5 5 5 5 5 5 5 5 5 5 5 5 5 5 5 5 5 5 5 5 5 5 5 5 5 5 5 5 5 5 5 5 5 5 5 5 5 5 5 5 5 5 5 5 5 5 5 5 5 5 5 5 5 5 5 5 5 5 5 5 5 5 5 5 5 5 5 5 5 5 5 5 5 5 5 5 5 5 5 5 5 5 5 5 5 5 5 5 5 5 5 5 5 5 5 5 5 5 5 5 5 5 5 5 5 5 5 5 5 5 5 5 5 5 5 5 5 5 5 5 5 5 5 5 5 5 5 5 5 5 5 5 5 5 5 5 5 5 5 5 5 5 5 5 5 5 5 5 5 5 5 5 5 5 5 5 5 5 5 5 5 5 5 5 5 5 5 5 5 5 5 5 5 5 5 5 5 5 5 5 5 5 5 5 5 5 5 5 5 5 5 5 5 5 5 5 5 5 5 5 5 5 5 5 5 5 5 5 5 5 5 5 5 5 5 5 5 5 5 5 5 5 5 5 5 5 5 5 5 5 5 5 5 5 5 5 5 5 5 5 5 5 5 5 5 5 5 5 5 5 5 5 5 5 5 5 5 5 5 5 5 5 5 5 5 5 5 5 5 5 5 5 5 5 5 5 5 5 5 5 5 5 5 5 5 5 5 5 5 5 5 5 5 5 5 5 5 5 5 5 5 5 5 5 5 5 5 5 5 5 5 5 5 5 5 5 5 5 5 5 5 5 5 5 5 5 5 5 5 5 5 5 5 5 5 5 5 5 5 5 5 5 5 5 5 5 5 5 5 5 5 5 5 5 5 5 5 5 5 5 5 5 5 5 5 5 5 5 5 5 5 5 5 5 5 5 5 5 5 5 5 5 5 5 5 5 5 5 5 5 5 5 5 5 5 5 5 5 5 5 5 5 5 5 5 5 5 5 5 5 5 5 5 5 5 5 5 5 5 5 5 5 5 5 5 5 5 5 5 5 5 5 5 5 5 5 5 5 5 5 5 5 5 5 5 5 5 5 5 5 5 5 5 5 5 5 5 5 5 5 5 5 5 5 5 5 5 5 5 5 5 5 5 5 5 5 5 5 5 5 5 5 5 5 5 5 5 5 5 5 5 5 5 5 5 5 5 5 5 5 5 5 5 5 5 5 5 5 5 5 5 5 5 5 5 5 5 5 5 5 5 5 5 5 5 5 5 5 5 5 5 5 5 5 5 5 5 5 5 5 5 5 5 5 5 5 5 5 5 5 5 5 5 5 5 5 5 5 5 5 5 5 5 5 5 5 5 5 5 5 5 5 5 5 5 5 5 5 5 5 5 5 5 5 5 5 5 5 5 5 5 5 5 5 5 5 5 5 5 5 5 5 5 5 5 5 5 5 5 5 5 5 5 5 5 5 5 5 5 5 5 5 5 5 5 5 5 5 5 5 5 5 5 5 5 5 5 5 5 5 5 5 5 5 5 5 5 5 5 5 5 5 5 5 5 5 5 5 5 5 5 5 5 5 5 5 5 5 5 5 5 5 5 5 5 5 5 5 5 5 5 5 5 5 5 5 5 5 5 5 5 5 5 5 5 5 5 5 5 5 5 5 5 5 5 5 5 5 5 5 5 5 5 5 5 5 5 5 5 5 5 5 5 5 5 5 5 5 5 5 5 5 5 5 5 5 5 5 5 5 5 5 5 5 5 5 5 5 5 5 5 5 5 5 5 5 5 5 5 5 5 5 5 5 5 5 5 5 5 5 5 5 5 5 5 5 5 5 5 5 5 5 5 5 5 5 5 5 5 5 5 5 5 5 5 5 5 5 5 5 5 5 5 5 5 5 5 5 5 5 5 5 5 5 5 5 5 5 5 5 5 5 5 5 5 5 5 5 5 5 5 5 5 5 5 5 5 5 5 5 5 5 5 5 5 5 5 5 5 5 5 5 5 5 5 5 5 5 5 5 5 5 5 5 5 5 5 5 5 5 5 5 5 5 5 5 5 5 5 5 5 5 5 5 5 5 5 5 5 5 5 5 5 5 5 5 5 5 5 5 5 5 5 5 5 5 5 5 5 5 5 5 5 5 5 5 5 5 5 5 5 5 5 5 5 5 5 5 5 5 5 5 5 5 5 5 5 5 5 5 5 5 5 5 5 5 5 5 5 5 5 5 5 5 5 5 5 5 5 5 5 5 5 5 5 5 5 5 5 5 5 5 5 5 5 5 5 5 5 5 5 5 5 5 5 5 5 5 5 5 5 5 5 5 5 5 5 5 5 5 5 5 5 5 5 5 5 5 5 5 5 5 5 5 5 5 5 5 5 5 5 5 5 5 5 5 5 5 5 5 5 5 5 5 5 5 5 5 5 5 5 5 5 5 5 5 5 5 5 5 5 5 5 5 5 5 5 5 5 5 5 5 5 5 5 5 5 5 5 5 5 5 5 5 5 5 5 5 5 5 5 5 5 5 5 5 5 5 5 5 5 5 5 5 5 5 5 5 5 5 5 5 5 5 5 5 5 5 5 5 5 5 5 5 5 5 5 5 5 5 5 5 5 5 5 5 5 5 5 5 5 5 5 5 5 5 5 5 5 5 5 5 5 5 5 5 5 5 5 5 5 5 5 5 5 5 5 5 5 5 5 5 5 5 5 5 5 5 5 5 5 5 5 5 5 5 5 5 5 5 5 5 5 5 5 5 5 5 5 5 5 5 5 5 5 5 5 5 5 5 5 5 5 5 5 5 5 5 5 5 5 5 5 5 5 5 5 5 5 5 5 5 5 5 5 5 5 5 5 5 5 5 5 5 5 5 5 5 5 5 5 5 5 5 5 5 5 5 5 5 5 5 5 5 5 5 5 5 5 5 5 5 5 5 5 5 5 5 5 5 5 5 5 5 5 5 5 5 5 5 5 5 5 5 5 5 5 5 5 5 5 5 5 5 5 5 5 5 5 5 5 5 5 5 5 5 5 5 5 5 5 5 5 5 5 5 5 5 5 5 5 5 5 5 5 5 5 5 5 5 5 5 5 5 5 5 5 5 5 5 5 5 5 5 5 5 5 5 5 5 5 5 5 5 5 5 5 5 5 5 5 5 5 5 5 5 5 5 5 5 5 5 5 5 5 5 5 5 5 5 5 5 5 5 5 5 5 5 5 5 5 5 5 5 5 5 5 5 5 5 5 5 5 5 5 5 5 5 5 5 5 5 5 5 5 5 5 5 5 5 5 5 5 5 5 5 5 5 5 5 5 5 5 5 5 5 5 5 5 5 5 5 5 5 5 5 5 5 5 5 5 5 5 5 5 5 5 5 5 5 5 5 5 5 5 5 5 5 5 5 5 5 5 5 5 5 5 5 5 5 5 5 5 5 5 5 5 5 5 5 5 5 5 5 5 5 5 5 5 5 5 5 5 5 5 5 5 5 5 5 5 5 5 5 5 5 5 5 5 5 5 5 5 5 5 5 5 5 5 5 5 5 5 5 5 5 5 5 5 5 5 5 5 5 5 5 5 5 5 5 5 5 5 5 5 5 5 5 5 5 5 5 5 5 5 5 5 5 5 5 5 5 5 5 5 5 5 5 5 5 5 5 5 5 5 5 5 5 5 5 5 5 5 5 5 5 5 5 5 5 5 5 5 5 5 5 5 5 5 5 5 5 5 5 5 5 5 5 5 5 5 5 5 5 5 5 5 5 5 5 5 5 5 5 5 5 5 5 5 5 5 5 5 5 5 5 5 5 5 5 5 5 5 5 5 5 5 5 5 5 5 5 5 5 5 5 5 5 5 5 5 5 5 5 5 5 5 5 5 5 5 5 5 5 5 5 5 5 5 5 5 5 5 5 5 5 5 5 5 5 5 5 5 5 5 5 5 5 5 5 5 5 5 5 5 5 5 5 5 5 5 5 5 5 5 5 5 5 5 5 5 5 5 5 5 5 5 5 5 5 5 5 5 5 5 5 5 5 5 5 5 5 5 5 5 5 5 5 5 5 5 5 5 5 5 5 5 5 5 5 5 5 5 5 5 5 5 5 5 5 5 5 5 5 5 5 5 5 5 5 5 5 5 5 5 5 5 5 5 5 5 5 5 5 5 5 5 5 5 5 5 5 5 5 5 5 5 5 5 5 5 5 5 5 5 5 5 5 5 5 5 5 5 5 5 5 5 5 5 5 5 5 5 5 5 5 5 5 5 5 5 5 5 5 5 5 5 5 5 5 5 5 5 5 5 5 5 5 5 5 5 5 5 5 5 5 5 5 5 5 5 5 5 5 5 5 5 5 5 5 5 5 5 5 5 5 5 5 5 5 5 5 5 5 5 5 5 5 5 5 5 5 5 5 5 5 5 5 5 5 5 5 5 5 5 5 5 5 5 5 5 5 5 5 5 5 5 5 5 5 5 5 5 5 5 5 5 5 5 5 5 5 5 5 5 5 5 5 5 5 5 5 5 5 5 5 5 5 5 5 5 5 5 5 5 5 5 5 5 5 5 5 5 5 5 5 5 5 5 5 5 5 5 5 5 5 5 5 5 
CELL_DATA 6000
SCALARS Marker double 1
LOOKUP_TABLE default
-1 -1 -1 -1 0 0 0 0 1 1 1 1 -1 -1 -1 -1 2 2 2 2 -1 -1 -1 -1 3 3 3 3 -1 -1 -1 -1 -1 -1 -1 -1 4 4 4 4 -1 -1 -1 -1 5 5 5 5 6 6 6 6 7 7 7 7 8 8 8 8 9 9 9 9 10 10 10 10 11 11 11 11 12 12 12 12 13 13 13 13 14 14 14 14 15 15 15 15 16 16 16 16 -1 -1 -1 -1 17 17 17 17 -1 -1 -1 -1 18 18 18 18 19 19 19 19 20 20 20 20 21 21 21 21 22 22 22 22 23 23 23 23 24 24 24 24 25 25 25 25 26 26 26 26 27 27 27 27 28 28 28 28 29 29 29 29 30 30 30 30 -1 -1 -1 -1 31 31 31 31 32 32 32 32 33 33 33 33 34 34 34 34 35 35 35 35 36 36 36 36 37 37 37 37 38 38 38 38 39 39 39 39 40 40 40 40 41 41 41 41 42 42 42 42 43 43 43 43 44 44 44 44 45 45 45 45 46 46 46 46 47 47 47 47 48 48 48 48 49 49 49 49 50 50 50 50 51 51 51 51 52 52 52 52 53 53 53 53 54 54 54 54 55 55 55 55 56 56 56 56 57 57 57 57 58 58 58 58 59 59 59 59 60 60 60 60 61 61 61 61 62 62 62 62 63 63 63 63 64 64 64 64 65 65 65 65 66 66 66 66 67 67 67 67 68 68 68 68 69 69 69 69 70 70 70 70 71 71 71 71 72 72 72 72 73 73 73 73 74 74 74 74 75 75 75 75 76 76 76 76 77 77 77 77 78 78 78 78 79 79 79 79 80 80 80 80 81 81 81 81 82 82 82 82 83 83 83 83 84 84 84 84 85 85 85 85 86 86 86 86 87 87 87 87 88 88 88 88 89 89 89 89 90 90 90 90 91 91 91 91 92 92 92 92 93 93 93 93 94 94 94 94 95 95 95 95 96 96 96 96 97 97 97 97 98 98 98 98 99 99 99 99 100 100 100 100 101 101 101 101 102 102 102 102 103 103 103 103 104 104 104 104 105 105 105 105 106 106 106 106 107 107 107 107 108 108 108 108 109 109 109 109 110 110 110 110 111 111 111 111 112 112 112 112 113 113 113 113 114 114 114 114 115 115 115 115 116 116 116 116 117 117 117 117 118 118 118 118 119 119 119 119 120 120 120 120 121 121 121 121 122 122 122 122 123 123 123 123 124 124 124 124 125 125 125 125 126 126 126 126 127 127 127 127 128 128 128 128 129 129 129 129 130 130 130 130 131 131 131 131 132 132 132 132 133 133 133 133 134 134 134 134 135 135 135 135 136 136 136 136 137 137 137 137 138 138 138 138 139 139 139 139 140 140 140 140 141 141 141 141 142 142 142 142 143 143 143 143 144 144 144 144 145 145 145 145 146 146 146 146 147 147 147 147 148 148 148 148 149 149 149 149 150 150 150 150 151 151 151 151 152 152 152 152 153 153 153 153 154 154 154 154 -1 -1 -1 -1 155 155 155 155 156 156 156 156 157 157 157 157 158 158 158 158 159 159 159 159 160 160 160 160 161 161 161 161 162 162 162 162 163 163 163 163 164 164 164 164 165 165 165 165 166 166 166 166 167 167 167 167 168 168 168 168 169 169 169 169 170 170 170 170 171 171 171 171 172 172 172 172 173 173 173 173 174 174 174 174 175 175 175 175 176 176 176 176 177 177 177 177 178 178 178 178 179 179 179 179 180 180 180 180 181 181 181 181 182 182 182 182 183 183 183 183 184 184 184 184 185 185 185 185 186 186 186 186 187 187 187 187 188 188 188 188 189 189 189 189 190 190 190 190 191 191 191 191 192 192 192 192 193 193 193 193 194 194 194 194 195 195 195 195 196 196 196 196 197 197 197 197 198 198 198 198 199 199 199 199 200 200 200 200 201 201 201 201 202 202 202 202 203 203 203 203 -1 -1 -1 -1 204 204 204 204 205 205 205 205 206 206 206 206 207 207 207 207 208 208 208 208 209 209 209 209 210 210 210 210 211 211 211 211 212 212 212 212 213 213 213 213 214 214 214 214 215 215 215 215 216 216 216 216 217 217 217 217 218 218 218 218 219 219 219 219 220 220 220 220 221 221 221 221 222 222 222 222 223 223 223 223 224 224 224 224 225 225 225 225 226 226 226 226 227 227 227 227 228 228 228 228 229 229 229 229 230 230 230 230 231 231 231 231 232 232 232 232 233 233 233 233 234 234 234 234 -1 -1 -1 -1 235 235 235 235 236 236 236 236 237 237 237 237 238 238 238 238 239 239 239 239 240 240 240 240 241 241 241 241 242 242 242 242 243 243 243 243 244 244 244 244 245 245 245 245 246 246 246 246 247 247 247 247 248 248 248 248 249 249 249 249 250 250 250 250 251 251 251 251 252 252 252 252 253 253 253 253 254 254 254 254 255 255 255 255 256 256 256 256 257 257 257 257 258 258 258 258 259 259 259 259 260 260 260 260 261 261 261 261 262 262 262 262 263 263 263 263 264 264 264 264 265 265 265 265 266 266 266 266 267 267 267 267 268 268 268 268 269 269 269 269 270 270 270 270 271 271 271 271 272 272 272 272 273 273 273 273 274 274 274 274 275 275 275 275 276 276 276 276 277 277 277 277 278 278 278 278 279 279 279 279 280 280 280 280 281 281 281 281 282 282 282 282 283 283 283 283 284 284 284 284 285 285 285 285 286 286 286 286 287 287 287 287 288 288 288 288 289 289 289 289 290 290 290 290 291 291 291 291 292 292 292 292 293 293 293 293 294 294 294 294 295 295 295 295 296 296 296 296 297 297 297 297 298 298 298 298 299 299 299 299 300 300 300 300 301 301 301 301 302 302 302 302 303 303 303 303 304 304 304 304 305 305 305 305 306 306 306 306 307 307 307 307 308 308 308 308 309 309 309 309 -1 -1 -1 -1 310 310 310 310 311 311 311 311 312 312 312 312 313 313 313 313 314 314 314 314 315 315 315 315 316 316 316 316 317 317 317 317 318 318 318 318 319 319 319 319 320 320 320 320 321 321 321 321 322 322 322 322 323 323 323 323 324 324 324 324 325 325 325 325 326 326 326 326 327 327 327 327 328 328 328 328 329 329 329 329 330 330 330 330 331 331 331 331 332 332 332 332 333 333 333 333 334 334 334 334 335 335 335 335 336 336 336 336 337 337 337 337 338 338 338 338 339 339 339 339 340 340 340 340 341 341 341 341 342 342 342 342 343 343 343 343 344 344 344 344 345 345 345 345 346 346 346 346 347 347 347 347 348 348 348 348 349 349 349 349 350 350 350 350 351 351 351 351 352 352 352 352 353 353 353 353 354 354 354 354 355 355 355 355 -1 -1 -1 -1 356 356 356 356 357 357 357 357 358 358 358 358 359 359 359 359 360 360 360 360 361 361 361 361 362 362 362 362 363 363 363 363 364 364 364 364 365 365 365 365 366 366 366 366 367 367 367 367 368 368 368 368 369 369 369 369 370 370 370 370 371 371 371 371 372 372 372 372 373 373 373 373 374 374 374 374 375 375 375 375 376 376 376 376 377 377 377 377 378 378 378 378 379 379 379 379 380 380 380 380 381 381 381 381 382 382 382 382 383 383 383 383 384 384 384 384 385 385 385 385 386 386 386 386 387 387 387 387 388 388 388 388 389 389 389 389 390 390 390 390 391 391 391 391 -1 -1 -1 -1 392 392 392 392 393 393 393 393 394 394 394 394 -1 -1 -1 -1 395 395 395 395 396 396 396 396 397 397 397 397 398 398 398 398 399 399 399 399 400 400 400 400 401 401 401 401 402 402 402 402 403 403 403 403 404 404 404 404 405 405 405 405 406 406 406 406 407 407 407 407 408 408 408 408 409 409 409 409 410 410 410 410 411 411 411 411 412 412 412 412 413 413 413 413 414 414 414 414 415 415 415 415 416 416 416 416 417 417 417 417 418 418 418 418 419 419 419 419 420 420 420 420 421 421 421 421 422 422 422 422 423 423 423 423 424 424 424 424 425 425 425 425 426 426 426 426 427 427 427 427 428 428 428 428 429 429 429 429 430 430 430 430 431 431 431 431 432 432 432 432 433 433 433 433 434 434 434 434 435 435 435 435 436 436 436 436 437 437 437 437 438 438 438 438 439 439 439 439 440 440 440 440 441 441 441 441 442 442 442 442 443 443 443 443 444 444 444 444 445 445 445 445 446 446 446 446 447 447 447 447 448 448 448 448 449 449 449 449 450 450 450 450 451 451 451 451 -1 -1 -1 -1 452 452 452 452 453 453 453 453 454 454 454 454 455 455 455 455 456 456 456 456 457 457 457 457 458 458 458 458 459 459 459 459 460 460 460 460 461 461 461 461 462 462 462 462 463 463 463 463 464 464 464 464 465 465 465 465 466 466 466 466 467 467 467 467 468 468 468 468 469 469 469 469 470 470 470 470 471 471 471 471 472 472 472 472 473 473 473 473 474 474 474 474 475 475 475 475 476 476 476 476 477 477 477 477 478 478 478 478 479 479 479 479 480 480 480 480 481 481 481 481 482 482 482 482 483 483 483 483 484 484 484 484 485 485 485 485 486 486 486 486 487 487 487 487 488 488 488 488 489 489 489 489 490 490 490 490 491 491 491 491 492 492 492 492 493 493 493 493 494 494 494 494 495 495 495 495 496 496 496 496 497 497 497 497 498 498 498 498 499 499 499 499 500 500 500 500 501 501 501 501 502 502 502 502 503 503 503 503 504 504 504 504 505 505 505 505 506 506 506 506 507 507 507 507 508 508 508 508 509 509 509 509 510 510 510 510 511 511 511 511 512 512 512 512 513 513 513 513 514 514 514 514 515 515 515 515 516 516 516 516 517 517 517 517 518 518 518 518 519 519 519 519 520 520 520 520 521 521 521 521 522 522 522 522 523 523 523 523 524 524 524 524 525 525 525 525 526 526 526 526 527 527 527 527 528 528 528 528 529 529 529 529 530 530 530 530 531 531 531 531 532 532 532 532 533 533 533 533 534 534 534 534 535 535 535 535 536 536 536 536 537 537 537 537 538 538 538 538 539 539 539 539 540 540 540 540 541 541 541 541 542 542 542 542 543 543 543 543 544 544 544 544 545 545 545 545 546 546 546 546 547 547 547 547 548 548 548 548 549 549 549 549 550 550 550 550 551 551 551 551 552 552 552 552 553 553 553 553 554 554 554 554 555 555 555 555 556 556 556 556 -1 -1 -1 -1 557 557 557 557 558 558 558 558 559 559 559 559 560 560 560 560 561 561 561 561 562 562 562 562 563 563 563 563 564 564 564 564 565 565 565 565 566 566 566 566 567 567 567 567 568 568 568 568 569 569 569 569 570 570 570 570 571 571 571 571 572 572 572 572 573 573 573 573 574 574 574 574 575 575 575 575 576 576 576 576 577 577 577 577 578 578 578 578 579 579 579 579 580 580 580 580 581 581 581 581 582 582 582 582 583 583 583 583 584 584 584 584 585 585 585 585 586 586 586 586 587 587 587 587 588 588 588 588 589 589 589 589 590 590 590 590 591 591 591 591 592 592 592 592 593 593 593 593 594 594 594 594 595 595 595 595 596 596 596 596 597 597 597 597 598 598 598 598 599 599 599 599 600 600 600 600 601 601 601 601 602 602 602 602 603 603 603 603 604 604 604 604 605 605 605 605 606 606 606 606 607 607 607 607 608 608 608 608 609 609 609 609 610 610 610 610 611 611 611 611 612 612 612 612 613 613 613 613 614 614 614 614 615 615 615 615 616 616 616 616 617 617 617 617 618 618 618 618 619 619 619 619 620 620 620 620 621 621 621 621 622 622 622 622 623 623 623 623 624 624 624 624 625 625 625 625 626 626 626 626 627 627 627 627 628 628 628 628 629 629 629 629 630 630 630 630 631 631 631 631 632 632 632 632 633 633 633 633 634 634 634 634 635 635 635 635 636 636 636 636 -1 -1 -1 -1 637 637 637 637 638 638 638 638 639 639 639 639 -1 -1 -1 -1 640 640 640 640 641 641 641 641 642 642 642 642 -1 -1 -1 -1 643 643 643 643 644 644 644 644 645 645 645 645 646 646 646 646 647 647 647 647 648 648 648 648 649 649 649 649 650 650 650 650 651 651 651 651 652 652 652 652 653 653 653 653 654 654 654 654 655 655 655 655 656 656 656 656 657 657 657 657 658 658 658 658 659 659 659 659 660 660 660 660 661 661 661 661 662 662 662 662 663 663 663 663 664 664 664 664 665 665 665 665 666 666 666 666 667 667 667 667 668 668 668 668 669 669 669 669 670 670 670 670 671 671 671 671 672 672 672 672 673 673 673 673 -1 -1 -1 -1 674 674 674 674 675 675 675 675 676 676 676 676 677 677 677 677 678 678 678 678 679 679 679 679 680 680 680 680 681 681 681 681 682 682 682 682 683 683 683 683 684 684 684 684 685 685 685 685 686 686 686 686 -1 -1 -1 -1 687 687 687 687 688 688 688 688 689 689 689 689 690 690 690 690 691 691 691 691 692 692 692 692 693 693 693 693 694 694 694 694 695 695 695 695 696 696 696 696 697 697 697 697 698 698 698 698 699 699 699 699 700 700 700 700 701 701 701 701 702 702 702 702 703 703 703 703 704 704 704 704 705 705 705 705 706 706 706 706 707 707 707 707 708 708 708 708 709 709 709 709 710 710 710 710 711 711 711 711 712 712 712 712 713 713 713 713 714 714 714 714 715 715 715 715 716 716 716 716 717 717 717 717 718 718 718 718 719 719 719 719 720 720 720 720 721 721 721 721 722 722 722 722 723 723 723 723 724 724 724 724 725 725 725 725 726 726 726 726 727 727 727 727 728 728 728 728 729 729 729 729 730 730 730 730 731 731 731 731 732 732 732 732 733 733 733 733 734 734 734 734 735 735 735 735 736 736 736 736 737 737 737 737 738 738 738 738 739 739 739 739 740 740 740 740 741 741 741 741 742 742 742 742 743 743 743 743 744 744 744 744 745 745 745 745 -1 -1 -1 -1 -1 -1 -1 -1 746 746 746 746 747 747 747 747 748 748 748 748 749 749 749 749 750 750 750 750 751 751 751 751 752 752 752 752 753 753 753 753 754 754 754 754 755 755 755 755 -1 -1 -1 -1 756 756 756 756 757 757 757 757 758 758 758 758 759 759 759 759 760 760 760 760 761 761 761 761 762 762 762 762 763 763 763 763 764 764 764 764 765 765 765 765 766 766 766 766 767 767 767 767 768 768 768 768 769 769 769 769 770 770 770 770 771 771 771 771 772 772 772 772 773 773 773 773 774 774 774 774 -1 -1 -1 -1 775 775 775 775 776 776 776 776 777 777 777 777 778 778 778 778 779 779 779 779 780 780 780 780 781 781 781 781 782 782 782 782 783 783 783 783 784 784 784 784 785 785 785 785 786 786 786 786 -1 -1 -1 -1 787 787 787 787 788 788 788 788 789 789 789 789 790 790 790 790 791 791 791 791 792 792 792 792 793 793 793 793 -1 -1 -1 -1 794 794 794 794 795 795 795 795 796 796 796 796 797 797 797 797 798 798 798 798 799 799 799 799 800 800 800 800 801 801 801 801 802 802 802 802 803 803 803 803 804 804 804 804 805 805 805 805 806 806 806 806 807 807 807 807 808 808 808 808 809 809 809 809 810 810 810 810 811 811 811 811 -1 -1 -1 -1 812 812 812 812 813 813 813 813 814 814 814 814 -1 -1 -1 -1 815 815 815 815 816 816 816 816 817 817 817 817 818 818 818 818 819 819 819 819 820 820 820 820 821 821 821 821 822 822 822 822 823 823 823 823 824 824 824 824 825 825 825 825 826 826 826 826 827 827 827 827 828 828 828 828 829 829 829 829 830 830 830 830 831 831 831 831 832 832 832 832 833 833 833 833 834 834 834 834 835 835 835 835 836 836 836 836 837 837 837 837 838 838 838 838 -1 -1 -1 -1 839 839 839 839 840 840 840 840 841 841 841 841 842 842 842 842 843 843 843 843 844 844 844 844 845 845 845 845 846 846 846 846 -1 -1 -1 -1 847 847 847 847 848 848 848 848 849 849 849 849 850 850 850 850 851 851 851 851 852 852 852 852 853 853 853 853 854 854 854 854 855 855 855 855 856 856 856 856 857 857 857 857 858 858 858 858 859 859 859 859 860 860 860 860 861 861 861 861 862 862 862 862 863 863 863 863 864 864 864 864 865 865 865 865 866 866 866 866 867 867 867 867 868 868 868 868 869 869 869 869 870 870 870 870 871 871 871 871 872 872 872 872 873 873 873 873 874 874 874 874 875 875 875 875 876 876 876 876 877 877 877 877 878 878 878 878 879 879 879 879 880 880 880 880 881 881 881 881 882 882 882 882 883 883 883 883 884 884 884 884 885 885 885 885 -1 -1 -1 -1 886 886 886 886 887 887 887 887 888 888 888 888 889 889 889 889 890 890 890 890 891 891 891 891 892 892 892 892 893 893 893 893 -1 -1 -1 -1 894 894 894 894 895 895 895 895 896 896 896 896 897 897 897 897 898 898 898 898 899 899 899 899 900 900 900 900 901 901 901 901 902 902 902 902 903 903 903 903 904 904 904 904 905 905 905 905 906 906 906 906 -1 -1 -1 -1 907 907 907 907 908 908 908 908 909 909 909 909 910 910 910 910 -1 -1 -1 -1 911 911 911 911 912 912 912 912 913 913 913 913 914 914 914 914 915 915 915 915 916 916 916 916 917 917 917 917 918 918 918 918 919 919 919 919 920 920 920 920 921 921 921 921 922 922 922 922 923 923 923 923 924 924 924 924 925 925 925 925 926 926 926 926 927 927 927 927 928 928 928 928 929 929 929 929 930 930 930 930 931 931 931 931 932 932 932 932 933 933 933 933 -1 -1 -1 -1 934 934 934 934 935 935 935 935 936 936 936 936 937 937 937 937 938 938 938 938 939 939 939 939 940 940 940 940 941 941 941 941 942 942 942 942 943 943 943 943 944 944 944 944 945 945 945 945 946 946 946 946 947 947 947 947 948 948 948 948 949 949 949 949 950 950 950 950 951 951 951 951 952 952 952 952 953 953 953 953 954 954 954 954 955 955 955 955 956 956 956 956 -1 -1 -1 -1 957 957 957 957 958 958 958 958 -1 -1 -1 -1 959 959 959 959 960 960 960 960 961 961 961 961 962 962 962 962 -1 -1 -1 -1 963 963 963 963 -1 -1 -1 -1 964 964 964 964 965 965 965 965 966 966 966 966 -1 -1 -1 -1 967 967 967 967 968 968 968 968 969 969 969 969 970 970 970 970 971 971 971 971 -1 -1 -1 -1 972 972 972 972 -1 -1 -1 -1 973 973 973 973 -1 -1 -1 -1 974 974 974 974 975 975 975 975 976 976 976 976 -1 -1 -1 -1 977 977 977 977 978 978 978 978 979 979 979 979 980 980 980 980 981 981 981 981 982 982 982 982 -1 -1 -1 -1 -1 -1 -1 -1 983 983 983 983 984 984 984 984 985 985 985 985 -1 -1 -1 -1 -1 -1 -1 -1 -1 -1 -1 -1 -1 -1 -1 -1 986 986 986 986 987 987 987 987 988 988 988 988 989 989 989 989 990 990 990 990 991 991 991 991 992 992 992 992 993 993 993 993 994 994 994 994 -1 -1 -1 -1 -1 -1 -1 -1 995 995 995 995 996 996 996 996 997 997 997 997 998 998 998 998 999 999 999 999 1000 1000 1000 1000 1001 1001 1001 1001 1002 1002 1002 1002 1003 1003 1003 1003 1004 1004 1004 1004 1005 1005 1005 1005 1006 1006 1006 1006 1007 1007 1007 1007 1008 1008 1008 1008 1009 1009 1009 1009 1010 1010 1010 1010 -1 -1 -1 -1 -1 -1 -1 -1 1011 1011 1011 1011 1012 1012 1012 1012 -1 -1 -1 -1 1013 1013 1013 1013 1014 1014 1014 1014 -1 -1 -1 -1 -1 -1 -1 -1 -1 -1 -1 -1 -1 -1 -1 -1 1015 1015 1015 1015 -1 -1 -1 -1 -1 -1 -1 -1 -1 -1 -1 -1 -1 -1 -1 -1 -1 -1 -1 -1 1016 1016 1016 1016 1017 1017 1017 1017 1018 1018 1018 1018 1019 1019 1019 1019 1020 1020 1020 1020 1021 1021 1021 1021 1022 1022 1022 1022 1023 1023 1023 1023 1024 1024 1024 1024 1025 1025 1025 1025 1026 1026 1026 1026 1027 1027 1027 1027 1028 1028 1028 1028 1029 1029 1029 1029 1030 1030 1030 1030 1031 1031 1031 1031 -1 -1 -1 -1 -1 -1 -1 -1 -1 -1 -1 -1 -1 -1 -1 -1 -1 -1 -1 -1 -1 -1 -1 -1 -1 -1 -1 -1 -1 -1 -1 -1 -1 -1 -1 -1 -1 -1 -1 -1 1032 1032 1032 1032 1033 1033 1033 1033 1034 1034 1034 1034 1035 1035 1035 1035 1036 1036 1036 1036 1037 1037 1037 1037 1038 1038 1038 1038 1039 1039 1039 1039 1040 1040 1040 1040 -1 -1 -1 -1 -1 -1 -1 -1 1041 1041 1041 1041 1042 1042 1042 1042 1043 1043 1043 1043 1044 1044 1044 1044 1045 1045 1045 1045 1046 1046 1046 1046 1047 1047 1047 1047 1048 1048 1048 1048 -1 -1 -1 -1 -1 -1 -1 -1 1049 1049 1049 1049 -1 -1 -1 -1 -1 -1 -1 -1 -1 -1 -1 -1 -1 -1 -1 -1 1050 1050 1050 1050 1051 1051 1051 1051 -1 -1 -1 -1 -1 -1 -1 -1 -1 -1 -1 -1 -1 -1 -1 -1 -1 -1 -1 -1 -1 -1 -1 -1 -1 -1 -1 -1 -1 -1 -1 -1 -1 -1 -1 -1 -1 -1 -1 -1 -1 -1 -1 -1 -1 -1 -1 -1 -1 -1 -1 -1 -1 -1 -1 -1 -1 -1 -1 -1 -1 -1 -1 -1 -1 -1 -1 -1 -1 -1 -1 -1 -1 -1 -1 -1 -1 -1 -1 -1 1052 1052 1052 1052 1053 1053 1053 1053 -1 -1 -1 -1 -1 -1 -1 -1 -1 -1 -1 -1 -1 -1 -1 -1 -1 -1 -1 -1 -1 -1 -1 -1 -1 -1 -1 -1 -1 -1 -1 -1 1054 1054 1054 1054 -1 -1 -1 -1 -1 -1 -1 -1 -1 -1 -1 -1 -1 -1 -1 -1 -1 -1 -1 -1 -1 -1 -1 -1 -1 -1 -1 -1 -1 -1 -1 -1 -1 -1 -1 -1 -1 -1 -1 -1 -1 -1 -1 -1 -1 -1 -1 -1 -1 -1 -1 -1 -1 -1 -1 -1 -1 -1 -1 -1 -1 -1 -1 -1 -1 -1 -1 -1 -1 -1 -1 -1 -1 -1 -1 -1 -1 -1 -1 -1 -1 -1 -1 -1 -1 -1 -1 -1 -1 -1 -1 -1 -1 -1 -1 -1 -1 -1 -1 -1 -1 -1 -1 -1 -1 -1 -1 -1 -1 -1 -1 -1 -1 -1 -1 -1 -1 -1 -1 -1 -1 -1 -1 -1 -1 -1 -1 -1 -1 -1 -1 -1 -1 -1 -1 -1 -1 -1 -1 -1 -1 -1 -1 -1 -1 -1 -1 -1 -1 -1 -1 -1 -1 -1 -1 -1 -1 -1 -1 -1 -1 -1 -1 -1 -1 -1 -1 -1 -1 -1 -1 -1 -1 -1 -1 -1 -1 -1 -1 -1 -1 -1 -1 -1 -1 -1 -1 -1 -1 -1 -1 -1 -1 -1 -1 -1 -1 -1 -1 -1 -1 -1 -1 -1 -1 -1 -1 -1 -1 -1 -1 -1 -1 -1 -1 -1 -1 -1 -1 -1 -1 -1 -1 -1 -1 -1 -1 -1 -1 -1 -1 -1 -1 -1 -1 -1 -1 -1 -1 -1 -1 -1 -1 -1 -1 -1 -1 -1 -1 -1 -1 -1 -1 -1 -1 -1 -1 -1 -1 -1 -1 -1 -1 -1 -1 -1 -1 -1 -1 -1 -1 -1 -1 -1 -1 -1 -1 -1 -1 -1 -1 -1 -1 -1 -1 -1 -1 -1 -1 -1 -1 -1 -1 -1 -1 -1 -1 -1 -1 -1 -1 -1 -1 -1 -1 -1 -1 -1 -1 -1 -1 -1 -1 -1 -1 -1 -1 -1 -1 -1 -1 -1 -1 -1 -1 -1 -1 -1 -1 -1 -1 -1 -1 -1 -1 -1 -1 -1 -1 -1 -1 -1 -1 -1 -1 -1 -1 -1 -1 -1 -1 -1 -1 -1 -1 -1 -1 -1 -1 -1 -1 -1 -1 -1 -1 -1 -1 -1 -1 -1 -1 -1 -1 -1 -1 -1 -1 -1 -1 -1 -1 -1 -1 -1 -1 -1 -1 -1 -1 -1 -1 -1 -1 -1 -1 -1 -1 -1 -1 -1 -1 -1 -1 -1 -1 -1 -1 -1 -1 -1 -1 -1 -1 -1 -1 -1 -1 -1 -1 -1 -1 -1 -1 -1 -1 -1 -1 -1 -1 -1 -1 -1 -1 -1 -1 -1 -1 -1 -1 -1 -1 -1 -1 -1 -1 -1 -1 -1 -1 -1 -1 -1 -1 -1 -1 -1 -1 -1 -1 -1 -1 -1 -1 -1 -1 -1 -1 -1 -1 -1 -1 -1 -1 -1 -1 -1 -1 -1 -1 -1 -1 -1 -1 -1 -1 -1 -1 -1 -1 -1 -1 -1 -1 -1 -1 -1 -1 -1 -1 -1 -1 -1 -1 -1 -1 -1 -1 -1 -1 -1 -1 -1 -1 -1 -1 -1 -1 -1 -1 -1 -1 -1 -1 -1 -1 -1 -1 -1 -1 -1 -1 -1 -1 -1 -1 -1 -1 -1 -1 -1 -1 -1 -1 -1 -1 -1 -1 -1 -1 -1 -1 -1 -1 -1 -1 -1 -1 -1 -1 -1 -1 -1 -1 -1 -1 -1 -1 -1 -1 -1 -1 -1 -1 -1 -1 -1 -1 -1 -1 -1 -1 -1 -1 -1 -1 -1 -1 -1 -1 -1 -1 -1 -1 -1 -1 -1 -1 -1 -1 -1 -1 -1 -1 -1 -1 -1 -1 -1 -1 -1 -1 -1 -1 -1 -1 -1 -1 -1 -1 -1 -1 -1 -1 -1 -1 -1 -1 -1 -1 -1 -1 -1 -1 -1 -1 -1 -1 -1 -1 -1 -1 -1 -1 -1 -1 -1 -1 -1 -1 -1 -1 -1 -1 -1 -1 -1 -1 -1 -1 -1 -1 -1 -1 -1 -1 -1 -1 -1 -1 -1 -1 -1 -1 -1 -1 -1 -1 -1 -1 -1 -1 -1 -1 -1 -1 -1 -1 -1 -1 -1 -1 -1 -1 -1 -1 -1 -1 -1 -1 -1 -1 -1 -1 -1 -1 -1 -1 -1 -1 -1 -1 -1 -1 -1 -1 -1 -1 -1 -1 -1 -1 -1 -1 -1 -1 -1 -1 -1 -1 -1 -1 -1 -1 -1 -1 -1 -1 -1 -1 -1 -1 -1 -1 -1 -1 -1 -1 -1 -1 -1 -1 -1 -1 -1 -1 -1 -1 -1 -1 -1 -1 -1 -1 -1 -1 -1 -1 -1 -1 -1 -1 -1 -1 -1 -1 -1 -1 -1 -1 -1 -1 -1 -1 -1 -1 -1 -1 -1 -1 -1 -1 -1 -1 -1 -1 -1 -1 -1 -1 -1 -1 -1 -1 -1 -1 -1 -1 -1 -1 -1 -1 -1 -1 -1 -1 -1 -1 -1 -1 -1 -1 -1 -1 -1 -1 -1 -1 -1 -1 -1 -1 -1 -1 -1 -1 -1 -1 -1 -1 -1 -1 -1 -1 -1 -1 -1 -1 -1 -1 -1 -1 -1 -1 -1 -1 -1 -1 -1 -1 -1 -1 -1 -1 -1 -1 -1 -1 -1 -1 -1 -1 -1 -1 -1 -1 -1 -1 -1 -1 -1 -1 -1 -1 -1 -1 -1 -1 -1 -1 -1 -1 -1 -1 -1 -1 -1 -1 -1 -1 -1 -1 -1 -1 -1 -1 -1 -1 -1 -1 -1 -1 -1 -1 -1 -1 -1 -1 -1 -1 -1 -1 -1 -1 -1 -1 -1 -1 -1 -1 -1 -1 -1 -1 -1 -1 -1 -1 -1 -1 -1 -1 -1 -1 -1 -1 -1 -1 -1 -1 -1 -1 -1 -1 -1 -1 -1 -1 -1 -1 -1 -1 -1 -1 -1 -1 -1 -1 -1 -1 -1 -1 -1 -1 -1 -1 -1 -1 -1 -1 -1 -1 -1 -1 -1 -1 -1 -1 -1 -1 -1 -1 -1 -1 -1 -1 -1 -1 -1 -1 -1 -1 -1 -1 -1 -1 -1 -1 -1 -1 -1 -1 -1 -1 -1 -1 -1 -1 -1 -1 -1 -1 -1 -1 -1 -1 -1 -1 -1 -1 -1 -1 -1 -1 -1 -1 -1 -1 -1 -1 -1 -1 -1 -1 -1 -1 -1 -1 -1 -1 -1 -1 -1 -1 -1 -1 -1 -1 -1 -1 -1 -1 -1 -1 -1 -1 -1 -1 -1 -1 -1 -1 -1 -1 -1 -1 -1 -1 -1 -1 -1 -1 -1 -1 -1 -1 -1 -1 -1 -1 -1 -1 -1 -1 -1 -1 -1 -1 -1 -1 -1 -1 -1 -1 -1 -1 -1 -1 -1 -1 -1 -1 -1 -1 -1 -1 -1 -1 -1 -1 -1 -1 -1 -1 -1 -1 -1 -1 -1 -1 -1 -1 -1 -1 -1 -1 -1 -1 -1 -1 -1 -1 -1 -1 -1 -1 -1 -1 -1 -1 -1 -1 -1 -1 -1 -1 -1 -1 -1 -1 -1 -1 -1 -1 -1 -1 -1 -1 -1 -1 -1 -1 -1 -1 -1 -1 -1 -1 -1 -1 -1 -1 -1 -1 -1 -1 -1 -1 -1 -1 -1 -1 -1 -1 -1 -1 -1 -1 -1 -1 -1 -1 -1 -1 -1 -1 -1 -1 -1 -1 -1 -1 -1 -1 -1 -1 -1 -1 -1 -1 -1 -1 -1 -1 -1 -1 -1 -1 -1 -1 -1 -1 -1 -1 -1 -1 -1 -1 -1 -1 -1 -1 -1 -1 -1 -1 -1 -1 -1 -1 -1 -1 -1 -1 -1 -1 -1 -1 -1 -1 -1 -1 -1 -1 -1 -1 -1 -1 -1 -1 -1 -1 -1 -1 -1 -1 -1 -1 -1 -1 -1 -1 -1 -1 -1 -1 -1 -1 -1 -1 -1 -1 -1 -1 -1 -1 -1 -1 -1 -1 -1 -1 -1 -1 -1 -1 -1 -1 -1 -1 -1 -1 -1 -1 -1 -1 -1 -1 -1 -1 -1 -1 -1 -1 -1 -1 -1 -1 -1 
POINT_DATA 3197
SCALARS ab-pot double 1
LOOKUP_TABLE default
0 0 -0.65810366419279 -0.90278220800096 0 0 -0.46340488725668 -0.41555512039614 0 0 0 0 0 0 0 0 0 0 0 0 0 0 0 0.004677102326317 0.010714628619283 0.016116151137858 0.022862158987086 0.028231356981113 0.034899922135391 0.041214994537121 0.046257452093697 0.051669257584126 0.056317265914702 0.060159683184751 0.064033492822702 0.066450049896058 0.071049532171835 0.073248692913278 0.077057259590789 0.078881514310446 0.082787012784137 0.084450070422903 0.087240799012368 0.088250031401709 0.091271380294957 0.092382585844308 0.094814846491225 0.095768559808367 0.098342743065114 0.099224671876235 0.10129320322184 0.10224418333457 0.10370703053957 0.10454385951441 0.10564819415481 0.1062677707806 0.10704630519039 0.1075344589285 0.10813395447955 0.108469656698 0.10891676070882 0.10917817718627 0.1095548755591 0.10970884187474 0.11000559102453 0.11016487499969 0.11037749852927 0.11037750972366 0.11027865027805 0.11021136969549 0.10971942303098 0.10944321622944 0.10823386676281 0.10747727576846 0.10617133003579 0.10485141279541 0.10180485231281 0.099784362842653 0.095202687380644 0.091899772418325 0.086456171469404 0.078732889903068 0.067487012544544 0.053730877527828 0.015507464098957 -0.018541785894505 -0.053918847393794 -0.07275586292368 -0.081123240282826 -0.092913562021083 -0.098845688892629 -0.10620189352169 -0.11267843004118 -0.11597698227863 -0.12157683620364 -0.12421724955426 -0.12842614647019 -0.13030058755875 -0.13474144482946 -0.13691222443067 -0.13874963111496 -0.14101873605168 -0.14193197563157 -0.14332565208665 -0.14415968305867 -0.14506640797388 -0.14577546733012 -0.14664078363216 -0.14736158164667 -0.14821640339361 -0.14860231059498 -0.14902179730786 -0.14915725432398 -0.14910702387982 -0.14902589294848 -0.14874250221527 -0.14840232479567 -0.14759296396707 -0.14742178992861 -0.1456241886502 -0.14496291929756 -0.14215702538133 -0.14064805447238 -0.13678084732699 -0.13404669105052 -0.12677533352213 -0.12443712221369 -0.11511942651726 -0.11266124690073 -0.089181061512659 -0.076784564808004 -0.071383546649865 -0.054983750460421 0.060683913418959 0.045901032069331 0.13944996749222 0.14072844433885 0.16490636550166 0.16582849610293 0.18302015681434 0.18232303685768 0.20944595654344 0.21099451735196 0.21986224658478 0.21679587064089 0.22625556837785 0.22540555524164 0.22168191835245 0.22851663621383 0.23160495287819 0.24308308851851 0.24278881249485 0.24579873293379 0.24689759973455 0.2438719812652 0.2469840772029 0.22790340130812 0.18866111404319 -0.21374145404828 -0.25371696862058 -0.31016405575652 -0.34748674102136 -0.36145948737218 -0.41620996153017 -0.44377907358187 -0.54394579306348 -0.61104697934761 0.65465233530514 0.91882233825502 0.075633339107409 -0.1267372407825 0.10098226968118 -0.23952375368816 0 -0.19924774183802 0.12580867464925 0.0057582919108563 -0.077721259507496 0 -0.14794098423534 0.093465696801722 -0.11042895804731 0 0.24051011397026 0.11049505770483 0.04077432115831 0.061109730326493 0.10200391026484 0.10619751894825 0.10895497039628 0.10335913226946 -0.12036851129157 -0.1340066542296 -0.14920400529852 -0.15923219424588 -0.12957381238334 0.11985048671575 0.21578868300245 0.23611809117688 -0.060497404658139 0.47795876331869 0.023956865353082 0.013122751527894 0 -0.058849182386614 -0.10220567335487 -0.088551895676728 0 0 -0.14682603194556 -0.14911266034258 -0.14865983557367 0.091255326143978 0.097412403644532 0.095349927594716 -0.10441125301301 -0.0014960852403278 -0.076096281451905 0 0 0 0 0.23399012450471 0.24336618694227 0.23017241557633 0.11026948930479 0.11032029712042 0.11028712728935 0.036198644925424 0.057040346249858 0.048053579400983 0.083925076334233 0.077927396056038 0.075237159236796 0.068890190565823 0.10020845591815 0.10506586137898 0.10321285601702 0.10940626017811 0.1086496230159 0.10830703009041 0.10736847072897 0.10965600899036 0.10553021402772 0.10784084437742 0.058247839140186 0.082343190633733 0.089978166942045 0.097968630373587 -0.11327576418714 -0.12960997508947 -0.12385173524902 -0.14387626686831 -0.1415717189712 -0.14008450033831 -0.13590726891858 -0.1492385756829 -0.1479124444913 -0.14878112714885 -0.14183726790141 -0.14368829561134 -0.14687590361294 -0.11951391857663 -0.12661659739477 -0.13528048624705 0.11115209177194 0.17239887158531 0.16140744116277 0.22402265783125 0.2166679033117 0.20556180710144 0.2455986804678 -0.24763502479364 0.22633446221848 -0.41920267295907 -0.40668467624361 -0.34962950050318 0.42340188797482 0.018784410504819 0 -0.033037577456523 -0.095491181040577 0 -0.14603170293503 0.08943887091254 -0.11249055711184 -0.057925743901229 0 0 0 0.2298267889823 0.11009056252102 0.030901663302397 0.062975143462665 0.053316257691093 0.086177247598672 0.080873299878831 0.065652397211444 0.099134910415373 0.10621246762355 0.10409737219551 0.10967733229018 0.10904013128114 0.10683485126199 0.11008341988666 0.10299079629837 0.10696466381001 0.037410151001389 0.072861635405276 0.10063053526415 -0.10917026500506 -0.12607696364407 -0.14464033406466 -0.14292025777635 -0.13218675329068 -0.14910569784979 -0.14857955149169 -0.14759129328558 -0.13821530630923 0.065768904218349 0.18291778361622 0.16537633706511 0.22505721600791 0.21762327475357 0.19060183853142 0.25216486228871 -0.28496879822354 0.1509481551329 -0.32918007485561 -0.47591026938094 0.013186258190227 0 0 0 -0.052772923433995 -0.092979229717506 0 -0.14529119773292 -0.14712424380487 0.087748747714969 0.091125307530572 -0.13233180905603 -0.12030663931014 0 0.22826604423302 0.22257558979463 0.10991272288273 0.11054066852077 0.029656638760854 0.047874532870987 0.074640824848049 0.099827913347435 0.10362870856573 0.10768501131925 0.10987245496769 0.10730758610972 0.096720306139649 -0.10990417790489 -0.12669542610985 -0.13723207012783 -0.15042588667014 -0.14962671190198 -0.14534832082129 -0.14911119650065 -0.095036751010145 0.13792221652896 -0.18980577890538 0.21149274303452 0.19279679018403 -0.22755360540002 -0.31335793813112 -0.30377352995855 0 -0.019446990685463 -0.14599833962135 0.08885407661648 0.224212691242 0.11002784644508 0.072298653722105 0.10788708381002 0.093762919827613 0.21117595239079 -0.26481691632392 0 0 -0.14557772156392 0.087492718415273 0.18550390165959 0.11005331243578 0.070727955037243 0.10953198356291 0.05293632859642 -0.13401633717093 -0.34399331146455 -0.14918009090609 0.095560694750451 -0.13927186110794 0.21976228171666 0.11037036231876 0.066797470313697 0.10769226109206 0.098992585708754 -0.13767463274412 -0.1480461475125 -0.13395176736849 -0.31527757416837 0 0.080835015964311 0.10902112052062 0.071517855523452 -0.14318541727307 0 0.022173682431547 -0.14489935133664 0.086536589790508 0.21991707673528 0.1097058435868 -0.15006065179328 -0.14912247557091 0.097822223480372 0.094499471005898 0 0.21270664279447 0.2371814983481 0.11099450239251 0.11113080732521 -0.14427949410634 -0.14923338975474 -0.1514030240546 -0.13898877335283 -0.14237231656046 -0.36705974873036 0 0.069070077951857 0.10821652258333 0.091234697584157 -0.14412670549396 0 0.1212221489712 -0.1300397593786 0.05582998405077 0.16596440606301 0.10938713093073 0 0.075686155142712 0.10914939731392 0.072668265226308 -0.14307521704037 -0.13624906806648 0 0 0 0 0 0 0 0 0 0.017628011088064 0.08414844741619 0.10859958966233 0.08840330783927 -0.1003844903812 -0.14141906061149 -0.14634331144128 -0.11251877609382 -0.12609938760882 -0.25453864301868 -0.14722854529741 -0.22865393192788 -0.18245665560326 -0.092265110038619 0.08043780074195 0.10873099259879 0.082186475367487 0 0 0 0.078013003890243 0.10707445194542 0.10032883115307 -0.14652801890742 -0.13271588656773 -0.10898864320992 -0.3766773436678 -0.077196481864326 -0.14497423332864 0 0.050523640954831 0.078984005338458 0.084315622624355 0.10151657665743 0.10493688149331 0.10925457367294 0.10968538641762 0.11158841361772 0.10713569472949 0.077687558538719 0.047072903891612 0.61789911243449 -0.15064474760994 0.038783369340551 -0.14008747261596 -0.12741297332995 -0.14749747972269 0.090285241981049 -0.11940460393634 0.11061332389535 0 -0.1422328488418 -0.11104449409059 0 -0.15118040257996 -0.12139008385516 0.056220902753366 0.10295929529937 0.10635368895895 0.10950091334157 0.10580002751653 0.081716216509505 0.20206028443099 -0.11566400757437 0 0 0.62283696247156 0.25956620056735 -0.022202794754068 0.026823465974913 0.0027742598736461 0.024909898642803 -0.1389306452453 -0.13184698118134 0.19614023585477 0.18075652558655 -0.13379156771045 0.084158392478368 0.11355063668819 0.10497621358937 0.11149279393427 -0.075815539117412 0.037383990257127 0.022237527485153 -0.11866987131024 -0.13556199812469 -0.11813380190646 -0.15902170170887 -0.14048126940809 -0.13147241684125 -0.11722672023308 -0.12343049664725 -0.1263196284146 -0.12479537372651 -0.10017230945267 -0.12754846553613 -0.19670893497299 0 -0.15021613326474 0.097973728122645 -0.19715611429648 0.11144099678072 -0.15150980241692 -0.14714033574098 -0.14472427136527 -0.15144051064387 -0.14911877019875 -0.15202206714456 -0.14231313415524 -0.054702049715157 -0.11627752654868 -0.12676256124176 -0.15602186572608 0 0.069005979692463 0.10915957606291 0.10778121885487 0 0.53506089184334 -0.15815136617696 0 -0.14065241336853 0 0 0 -0.19148163435368 -0.12737442536636 0.018352388992494 0.084848211947575 0.10973172213652 -0.12463929921389 0.42877326957567 0.39711263665562 0.12469240608854 0 0 0.10442423264861 0 0.048094809927931 0.10744468637612 0.11486575379968 0 -0.42362959769046 0 0 0.11751335068987 0 -0.15509182283303 0.098414020845269 0.077654982103139 0.10977207672648 0.10741517326278 -0.060377643391022 -0.15771198144916 0.0062822894238622 0 -0.11040439666417 -0.17096943185911 -0.063156338409209 -0.1307721118811 0.11639555693634 0 0.49214867541258 0 0 0 0.087394296528817 0 0.34482806748988 0.13361962074448 0 0.085409993830993 -0.060734005674947 -0.15558300168313 -0.15313252392398 0.1033099504504 0.10703594282955 0.11939330166688 0.11924061906629 0 0.55335525867138 0.04483963582533 0 0 -0.23029686303872 -0.061925676497091 -0.15180799314777 0.095096047403119 0.11237331047939 0 0.61366593849432 -0.065164908345419 -0.14626681997311 0.096891708232084 0.12530644470888 0 0.65028613793095 0.087315479736254 0.378490534281 0.10778263295816 0.1116961044386 0.12135841979091 0 0 0.7202624867176 0.39825300623976 0.089493845693574 0.10940438858252 0.23303717821098 0 0 0.77697104203804 0.62134786042471 -0.12704619867551 0.11327797063678 0 0 0.019077644910764 -0.047681889387796 0.14247536417559 -0.060663517000599 0 0 0.63743577331558 -0.46951993088805 -0.20654855250976 0.15991047658742 0.29564102627099 -0.43567261186293 0.056100565199099 0 0 0 0.57105193962497 0.21433673693139 -0.060134375843399 -0.11207655648838 -0.59709580424843 0.13729871314582 0.12141427699932 -0.060272737856558 0 0.61441602241082 0.026012300555107 -0.20925167787871 0 0.57373802742055 -0.22723989109829 0 -0.068362396959968 -0.17236142487147 0.14353631965948 -0.24482635476767 0.085478884325284 -0.19231104193444 -0.26542339084083 -0.23944371588789 0.33821672390436 0.20892096329206 -0.35011186643838 0 0.49187888074526 0.10279780460284 0 -0.25095488497764 -0.50966128612066 0.11320574002779 0.1522341946525 0.18828634571131 0.13497257811758 0.50607811181343 0.40710486290312 0.41010610200306 -0.38343450271225 0 -0.23630923170046 0.51413149197733 0.53468476611725 -0.47936076663584 0.11725033625936 -0.22785629943329 0.53144597213705 -0.33656829932445 -0.27412758101358 0.38552351556381 0.56411207779306 0 0 0.3999034325561 0.1223120558849 0.47409878531127 -0.29883381426283 0.14693326701657 0.55287309576801 0.50330743525663 -0.511100353825 0 -0.34691740549312 0.12726824693732 0.47917191754239 0.43073837486467 0.047528440849309 -0.51492935666197 0.10667390799566 0 0 0.49470087791695 -0.46942922134031 0.11922039233036 -0.47346986308289 0.093529012048115 0.266403693288 0 0.075644436312432 -0.30470936905795 0.2678663164981 0 0.17405636509947 0.40737589070404 0 0 0.54711976865598 -0.26889980227827 -0.14510606866628 0 0 0.42246706761113 0.51780738544381 -0.31357878571704 0 0 -0 0 0.056240748216422 0 0 0.49086713832599 0.49448159330566 -0.23355492835989 0.46682494656648 -0.20567865387902 -0.27294679239847 0 0.4754969150329 0.14657694233066 0.46005364737455 0 0.43010371073435 -0.2123427315045 0 0.40433175231368 0.43383923078011 -0.36484039659705 -0.19843253937492 0 0.35061479786233 -0.40265903696973 -0.22338810877405 0.40085106717793 -0.14674687519095 -0.21136833395415 0 -0.18666002155098 -0.20467463128756 0 -0.41301111810005 -0.24635159488006 -0.29047787456196 0.34357560747592 0 0 0 -0.43959343013148 -0.4126117581787 -0.24856106213494 -0.46279828040098 0 -0.26158847935664 0 0 -0.37905168287461 -0.2312040146887 0 0 0 -0.45097774770988 -0.27010865602415 0 0 0 0 0.17383380805717 0.16353397225355 -0.12642036595655 0.018844620773228 0.015338017062377 0.021001156789237 -0.067492273888626 -0.064972345300866 -0.056614930240532 0 0 0 0 0 0 0.12955804411465 0.11692181480857 0.13038769771467 0 0 0 0.12538394313695 0.11985610303503 0.1229810854223 0 0 0 0 0 0.12399279084142 0.12433013509142 0.12581763830861 0 0 0 0 0 0 -0.14715602199535 -0.14704718095869 -0.14673614064514 0 0 0.091872911655066 0.091801772974444 0.091276077206873 0 0 -0.1022076364513 -0.10436243806431 -0.10899721462292 0.011956828510291 0.0084939671226599 0.0094149922978893 0 0 0.23810261445388 0.23837000275821 0.23266641201764 0 0 0 0 0 0 0.098067477242296 0.10143232873487 0.092760241842842 0 -0.38010540073574 -0.4076742132193 -0.40733423066149 0.0075482986929452 0.0054615263522056 0 0 0 0 0 0 0.00079902729039595 0.00084431178737407 -0.077261213864088 -0.075621039161177 -0.080140944719141 0.00099031735229672 0 0 0 0 0 0 0 0 -0.097694507297115 -0.097119243392429 -0.10175281871687 0 0.11029981872547 0.11027459324411 0.11019687975379 0.090428798118657 0.089865619373846 0.0888255695368 0 0 0 -0.14982763011982 -0.14933133303402 -0.14973740891547 0.090377240447653 0.08915039702791 0.090102069694213 0.10092409554627 0.10111004645107 0.10001883393514 0.01749970205044 0.014758689183664 0.015808197129089 0.041267090033837 0.03859073714108 0.038760493728704 0.093591270781175 0.092812115188747 0.094157175266857 0.013302465202314 -0.14784591114751 -0.14768204598424 -0.14815706158823 -0.08945055657445 -0.10012837609496 -0.098521631803004 0.035596620845544 0.038053223349753 0 0 0.047210595736753 0.050013341321561 0.048871826538173 0.05252059903095 0.050690037362582 0.21259372149704 0.23746614278464 0.22828460884013 0.043680840379463 0.043702688347577 0 0 0 0.033560019729948 0.032971494036356 -0.099964880060665 -0.11194446391207 -0.10080489463602 0.10946728750816 0.10929896831275 0.10973582111231 0.061600576461275 0.058600894474508 0.05990140274154 0.076644926140856 0.074904731395586 0.076359149036043 0.070050538392668 0.070738185081165 0.071613545239135 0.07274415687407 0.072173810529269 0.044278165811386 0.067607303744426 0.068866663129782 0.11037193494259 0.11037031258535 0.11037084171102 0.067792460387699 0.068725552961946 0.069817568806682 0.081890187171653 0.082440864567802 0.08331082413989 0.079828721300214 0.080824391562192 0.1084671442007 0.10822833219737 0.1084339334059 0.10744302204775 0.10731038779293 0.10720864435993 0.084189564386168 0.083625747526267 0.092277501717198 0.10721591051902 0.1073701099902 0.10750956217839 0.10210199399031 0.10256502777206 0.1026786534763 0.074206028835189 0.076169712671311 0.075291581328848 0.064787261688247 0.06606018522646 0.065277204674463 0.066296006858841 0.067229168054306 0.24179052655589 0.23970747146342 0.23934577953344 -0.045722886429467 -0.040077360495134 -0.026839027409379 0 0.10850570611209 0.10833407402787 0.10799583852603 -0.048020864429473 -0.027446668146507 -0.043983181003106 0.099098287064318 0.098557968868406 0.097215764625979 0.095063990608768 0.095563499076776 0.095289351812651 0.10162387110243 0.10073208773328 -0.1293111774763 -0.13073251160543 -0.12822580590063 0.094516235004992 0.10115244875486 0.10017521634341 0.10080581131991 -0.13642512604619 -0.1359389390213 -0.13546547818604 0.10020885488146 0.0996777584549 -0.14741400897105 -0.14795276700165 -0.14858328093817 0.10345231613797 0.10296416507125 0.10392128233706 0.10365966842862 -0.14912129103799 -0.14911861947285 -0.14897786516262 0.10177251256805 -0.14225906132367 -0.14311119227049 -0.14237514236562 0.099622281288269 0.099170146306865 -0.12121052677405 -0.12241567110927 -0.12272681576773 -0.14980863895198 -0.14891473105945 -0.15043970110063 0.10590669810677 0.10529579866515 0.10564996241715 -0.14130979948826 -0.14022906093405 -0.13714774373784 0.11016437667966 0.11005512417902 0.11015032686851 0.10769371940931 0.10761717310756 0.077479798600829 0.14230310229098 -0.066378277955518 0.10652129709801 0.1069319787038 0.1066636576744 -0.13494355018482 -0.13543360667858 -0.13607370166878 0.20765880038295 0.20868108506049 0.20943843828947 0.10836859884226 0.10830014192949 0.10821748418874 0.10927233206079 0.10910719415096 0.10920483831363 0.18486943424513 0.20344262637692 0.19602424222083 0.22223117453093 0.21616442213753 0.2188771370823 0.11011528045744 0.10947007272973 0.10935259834316 -0.32482329831639 -0.33983862731081 -0.33077094922603 0.1089729307243 0.10903668194867 -0.32147105018488 -0.29855765798164 -0.29149542046578 0.10800617326065 0.10783801940879 0.13324518310624 0.14324965785481 0.1481584171655 0.10692422209376 0.10710111908984 -0.14662035535227 -0.14720851514894 -0.14620001305969 0.61127509398483 0.60647285662446 -0.5326997017858 0.11008808315577 0.11004482165456 0.021426172891487 0.016099000707054 0.11033098925881 0.11028281419318 0.11031493564205 0.10913749949039 0.10951529745705 0.023463801782085 0.02604051004479 0.025462373436033 0.11038624280684 0.4413505028117 0.4703788181466 0.37960129529201 0.020857877312695 0.019667163395246 0.10959134670306 0.10967566050033 0 0 0.10764303661702 0.10786367219736 0.10724152518166 0.10740680338062 0.028246979013476 0.040435822945403 0.046594548838062 0.10887774450618 0 0 0.10983334042239 0.10986230520453 0.013358367458647 0.0094598401274181 -0.067608044457992 -0.068228612336792 -0.07906846043638 0.10391190706322 0.10507778141873 0.10433560112743 -0.090902018744212 -0.083799167272094 -0.08606119941802 0.096582959692115 0.095865308414301 0.094392758519524 0.092758589948137 0.093605157166827 -0.094219310894751 -0.097481777338693 -0.096088695637485 0.098939516501141 0.097712924820814 -0.10026916968318 -0.10451794688477 -0.10274766824759 0 0 0 0.070172899795185 0.066277401602524 0.063095420729297 0.075958862132964 0.073541114428662 0 0 -0.14485122665562 -0.14460837064872 -0.14443128392406 0.055660744241007 0.061059753090747 -0.06977268130121 -0.14403364100061 -0.14427993660158 0 0 0.090948434579432 0.088145993929167 0.089366540850081 0 0 0.10039322272678 0.099400994048156 0.049045968024034 0.11037244450138 -0.33145086224232 -0.35016601112567 -0.33738388473389 0.12549112070567 0.12428490489324 0.086451583689398 0.090389396838218 0.087151714048525 -0.14887661715009 -0.14907062459728 -0.14886226968213 -0.084916553496902 -0.14860753693025 -0.14893584332342 -0.092370106619484 -0.090821870367929 -0.11667994566382 -0.11839102417427 -0.11476567320694 0.086747568563 0.085865321175211 0.085252129055252 -0.087300929488161 -0.14884426240819 -0.14836370461952 -0.14857341578261 0.096735623018494 0.097505269002272 0.096492841933811 -0.11426140432227 -0.11302123969611 0.095477013454982 0.094549363633758 -0.12306674984249 -0.1239858248581 -0.12503010541109 -0.12509115576333 0.09650482949285 0.096306889311965 -0.11911053684419 0.097832328205298 0.09702021928391 -0.11111763567053 -0.11139431685698 0.085025952671345 -0.11113893314635 -0.12197990677397 -0.12100519586632 -0.13330959848473 -0.13431671388511 -0.046176376005504 0.02792397925724 0 -0.13687160060707 -0.13732686965896 -0.13812900192569 -0.13777701707751 -0.10290634015447 -0.1040279440116 -0.11139528902964 -0.14603643170224 -0.14643768251012 -0.14646198772716 -0.071073959518577 -0.099150397911326 0 0 -0.14342440643026 -0.14362593019913 -0.14311886716119 -0.14272225410553 -0.14245138235949 0 0 0 0 -0.14376098500115 -0.14742365211223 0 0 0 -0.14637258423566 0 -0.14055530231201 -0.14004947178768 -0.13947950045114 -0.066329566523057 -0.062245480213768 -0.064243954651331 -0.13314635381105 -0.13488610369074 -0.11861018420367 -0.12053156196882 -0.12258347463173 0 -0.12358142224461 -0.10850530255628 0.22411120111341 0.22411762906124 0.22453694153412 -0.14846145048145 -0.14840554629123 -0.1491878841118 -0.14918118745675 0.2240178890494 0.22380337193836 0 0 -0.41529490992045 -0.40188197310926 -0.41910826017383 -0.1491368425893 -0.14923842306088 -0.14918398925685 0.24345282001434 0.24391071712553 0.24525890145662 -0.14916842608594 -0.14910933260539 0.23006065535421 0.2350194291777 0.23265733366644 -0.14875831805897 -0.14889787292941 -0.14621568041868 -0.14589602820565 0.62057377133578 0.62119112029089 0.62572280860242 0.2240314216622 0.22642730079668 0.23051277231525 0.10969104082996 0.10963636014932 0.10960532477268 -0.14876905643867 -0.1486465055461 0.11067588717312 0.11049922625092 0.11036278375367 -0.14740417409786 -0.14748647992281 -0.14613797452621 -0.14551870946294 0.11025021097177 0.11021583412818 0.11023957799874 -0.1481490523968 0.10953677031299 0.11029595810518 -0.14442439192284 -0.1428959762378 -0.14365796655255 -0.13281719256394 -0.13384283361984 0.031687688310956 0.029670398567044 0.055284419609227 0.050796616990471 0.052869004615955 -0.13081302999381 -0.12954840173413 0.056681633401648 0.05819695054005 -0.13752068956639 0.030571766575243 0.033084601277096 -0.14532978513824 -0.14512998747303 0.11035449152363 0.11044501495233 -0.12910066317305 -0.12654420293383 0.24081819750907 0.23587848527262 0 0 0 0.0548486920404 0.054095984758583 -0.12550064038113 -0.12591786478731 0.092294915770508 0.091146923234696 -0.082776332056937 -0.077806565762002 -0.072895499262864 0.073735394168453 -0.11365750115994 -0.11415971748562 -0.11278556908769 0.064852904311174 0.064351828862071 0.072083694555758 0.072673232687366 0.070013560102616 0.11239292596221 0.13197057135794 0.12911300789572 0.063574472327521 0.062138915456046 0.11969847109801 0.089599151148103 0.13836574438074 0.016848801985106 0.015131440749139 0.0054852231121962 0.057577145717247 0.081821583570834 0.077446754645953 -0.075791072200011 0.078406515936503 0.077972198931848 0.099434139638481 0.16185715298019 0.16510333205195 0.16343038982197 0.10475036538665 0.10507516273338 0.17788200827231 0.1826662496986 0.17910742135063 0.18051221164523 0.19202297132149 0.17343674846063 0.10342503705821 0.10284385876127 0.20884991807101 0.20969550231737 0.10454290117218 0.10387135297279 0.10439131878229 0.10660823353122 0.10650840687061 0.21402706588448 0.215067978568 0.21533218042813 0.21744099453328 0.1104639331129 0.11033326582774 0.10855834371719 0.1087762562567 0.10868187187163 0.21708309155853 0.21700480372278 0.21669389881307 0.23010963250126 0.23051688731177 0.10791351915202 0.1079415227609 0.10762595723412 0.21767969849718 0.10930434640924 0.10927401969374 0.10907306969199 0.22733917462577 0.2280751827665 0.10430386016556 0.10413227015619 0.15433316873198 0.098823176581783 0.098709843849062 0.10622750234181 0.10596134932489 0.23649027275489 0.11000614008409 0.11010773269864 0.23809704264776 0.2414308072843 0.1099219136906 0.2298251456878 0.22923569488636 0.10494840953395 0.10553928487137 0.10563677821486 0.10578630598982 0.10547421273942 0.24501933532825 0.24629645202449 0.24583875405642 0.24502676185578 0.24511230489918 0.10758697409577 0.1081761667625 0.10163079683558 0.10175705695153 0.21575992152068 0.21015273488129 0.19203296013069 0.17877551159181 -0.056354234548598 0.23692763052906 0.23960594041434 0.10652708530196 0.10683659818592 0.10622295922395 0.10714297697897 0.10653389216541 0.08448346749901 0.080463640193266 0.08266308534033 -0.2687696209316 -0.27929373497714 -0.25799630939129 -0.37369146878892 -0.3552995099157 -0.36268201132947 -0.39339708238709 -0.40048614403851 0.10232777529991 0.10347875305775 -0.35259205184186 -0.34880709727211 0.095212085142221 0.094094419364704 0.097620497371222 -0.10951728359884 -0.10766980004084 0.64080226387443 -0.44576997410881 -0.55481909367325 -0.10947092556398 -0.11168029655301 -0.12911143936269 -0.12997332209163 -0.12944580060636 0.75092621719075 -0.47614270660571 0.6224170753153 0.61949700696018 -0.1272862265405 -0.12364212855489 -0.12387869350154 0.80970856587075 0.86304428433992 -0.1311467388119 -0.12883586693208 -0.12847234961414 -0.43092873214759 -0.41617386334167 -0.43649405432972 0.10609840666694 0.10539495657016 0.10443349578127 -0.34196122986013 -0.32669951725376 0.063965175741169 0.06334580559736 0.072071884241874 0.22288949990874 0.22474323806243 -0.12722984881716 -0.12622570569938 0.048349880534946 0.044283237331708 -0.13749425064223 -0.13648404365476 -0.14958572073984 -0.14965529575836 -0.14917012921721 -0.14760161816057 -0.146976266452 -0.1394361951755 -0.13863622019616 -0.13807987165418 -0.1413092642954 -0.14173948735745 -0.14151512731631 -0.11040306209425 -0.11549573050464 -0.11501531514441 -0.14095608028703 -0.13233449878161 -0.13130817011603 -0.13178422569938 -0.13090951631354 -0.14910353880907 -0.14909970015609 -0.14967912567404 -0.14844931282796 -0.14902862819402 -0.14832808492562 -0.14785204644526 -0.14803428697073 -0.14914928569706 -0.14941189794287 -0.14851442478855 -0.14857471631786 -0.14641800167658 -0.1451801811116 -0.14575461811916 -0.14200540207549 -0.14125471775991 -0.14154625554772 -0.14493920710968 -0.14429687817285 -0.14269266329505 -0.14753709740432 -0.14760582233139 -0.14835247710975 -0.1478880307361 -0.13655731371285 -0.13227664535593 -0.12888660801192 -0.1297647859633 -0.13232290069399 -0.12408082167514 -0.13885386213726 -0.13971994477658 -0.14245777071064 -0.14074525859026 0.056398466746843 0.057231478147846 -0.031458736899867 0.053038734366987 -0.11507795825204 -0.1048463785769 -0.10648430725829 0.16684994335188 0.17263397728585 0.12335192587716 0.15765581039013 0.1124137803022 0.16534197496941 0.16524815004902 0.2150427447089 0.21541175178463 0.22971125869033 0.22864025515772 0 0 0 0.22131206704627 0.22000658116072 0.18270340813387 0.18265670351468 0.18560652348835 0.18190678491818 0.18647215528381 0.24592080140401 0.24642109336102 0.23318423072814 -0.23050445207475 -0.20514092624286 -0.2369009279523 -0.24509928014335 -0.24413949339431 -0.105583023425 0.19580956953182 -0.2051543322094 -0.16744758409639 -0.30128061231871 -0.31254617266315 -0.47150573040557 -0.50637084230193 -0.50271254289361 -0.24368457543497 -0.22909895927477 -0.4167625340108 -0.30181468282059 -0.28777593858022 -0.1772803015181 -0.18903118916993 -0.55943884538522 -0.54033776618836 -0.41585515164473 0 0 0 0 0 -0 0 0 -0.0085731889389715 -0 -0.094291850199423 -0.098772455035637 -0.14554354939018 -0.14539267468135 -0.14519200538495 -0.14569490608555 -0.14563995387054 0.088001097433613 0.087752262681449 0.087486665671102 0.088516883730179 0.088248979381822 -0.11795543510434 -0.12593387477214 0 0 0 0 0 0 0 0 0.22855497101947 0.2263422485886 0.22540145750829 0.22829422828226 0.22631738218662 0.10995757339257 0.10987320747773 0.10980060744499 0.10999342714922 0.1099623333783 0.027186252569325 0.026926042986132 0.073507615751041 0.089999320082175 0.079358134666386 0.080881002293889 0.079377134507297 0.07517685273513 0.076895540955131 0.076323335152659 0.098329618006085 0.098695333456052 0.10803495200159 0.10809572926649 0.11025068227492 0.10885154949199 0.1090260780861 0.10885196368938 0.10837634375926 0.10863868707759 0.10847385983213 0.1101838628349 0.11014854766553 0.09257395210488 0.091933228078806 -0.040960211820885 0.077857937218424 0.072197376171492 0.077398132462434 0.089623233568036 0.085322488354462 0.08698832050566 -0.10604479697711 -0.10640631102236 -0.12515553211208 -0.12808828697373 -0.14653609764564 -0.14228468784311 -0.14303406193257 -0.1423975107804 -0.13572445037471 -0.14919138737072 -0.14970129954468 -0.15032414686657 -0.1505462680197 0.04724352588953 0.056168942615908 0.032185422113923 0.0056569400941389 -0.074843460322764 0.19887108344786 0.20162954447983 0.19719881417314 0.15344093049404 0.16634571514953 0.22359758747379 0.21455133075449 0.21912761785818 0.18053142727622 0.11449233673019 -0.14099532975264 0.24276699782665 0.23358032545551 -0.25941560815291 -0.25008890750082 -0.39390153717698 -0.39522011269844 -0.37724828802492 -0.44758293286106 -0.41022614048631 0 0 0 0.035601690640791 0 0 0 0 0 0.0013565732532547 0.015265889192258 0.0021167171636977 0 -0.026019782089442 -0 -0.086216728488347 -0.09037466602181 0 0 0 0 0 -0.14500061239095 -0.14512220001389 -0.1454446882604 -0.146476964034 -0.14581972493194 -0.15032587031537 0.087001016915445 0.08719399096577 0.087685535922502 0.089289174785961 0.088216851585784 0.098778593959129 -0.13241370150902 -0.13517928887726 -0.13690564467086 -0.12653073340989 0.056130714747786 0 0 0 0 0 0.22530044273183 0.22392933197277 0.22273328729535 0.21653932139649 0.20398860227553 0.1097708762448 0.10980207820772 0.10988570589125 0.11025296053388 0.11003590720649 0.11049010947297 0.024096422248716 0.0492569687069 0.043909669857011 0.044893455236391 0.02875255400672 0.03469432737801 0.062167347748138 0.064130463377489 0.082273828794677 0.082528171400102 0.080669080215112 0.084206269131248 0.085966282312267 0.085870067985965 0.10235916042408 0.10324812675641 0.099700770428906 0.10061712508222 0.10617945504836 0.10661987074397 0.10959357921297 0.10986524142279 0.10975795392881 0.10891211903142 0.10837670453412 0.11118544951822 0.11059165909998 0.10305292597769 0.10185258713699 0.048950630134879 0.026318815983272 0.031859409559383 -0.10517948636116 -0.12628180993538 -0.14265487833471 -0.14187488650566 -0.13510962348607 -0.13670987735962 -0.1450525632362 -0.1448140650483 -0.14424704437795 -0.13890627928103 -0.1501138733203 -0.1507107428854 -0.1505593269662 -0.15079016897089 -0.1489253031147 -0.14939764694036 -0.15006905056393 -0.14371511339568 -0.14362333509165 -0.1448755972579 -0.14678945113313 0.15672885532145 -0.12362051347689 -0.12258822054516 -0.1199569962518 -0.09754420103852 -0.086025405063195 0.19411399334478 0.20467931115387 0.21134104627129 0.21368433173062 0.22239734333446 0.21581302451959 0.21217044560603 0.17431221319361 0.18462173816546 0.093923722943561 -0.28326795439087 -0.38848423286961 -0.35522306926024 -0.36997270564883 -0.30313142331414 -0.34340120480386 -0.35644500694684 -0.3353473008102 -0.18599992426147 -0.16909517288485 0.17460026532706 0 0 0.030206481072037 0.045163281603004 -0.14476765779859 -0.14436764833303 0.086352586740932 0.085238675860099 0.22297417265201 0.10968883418121 0.10956519748115 0.058965655926709 0.067959570548055 0.10892800923575 0.10887136602647 0.077732794242157 0.077315806949137 0.16718051688848 0.17698547681578 -0.14657074442161 -0.14335851395363 0 0 0 0.065448373904536 0.065059911649968 0.060854988897862 0.034805614853458 -0.14353351338735 -0.1472939936565 -0.1485161161016 -0.14810463586627 0.082420759833434 0.088800127089826 0.087451581751017 0.16050464360817 0.19330061114789 0.18647840267186 0.22569504374178 0.10920065091696 0.11028769860675 0.11014375893868 0.071499396027646 0.072472406549939 0.10776538611871 0.1073234303488 0.095167563523965 0.099348545068068 -0.115076091252 -0.11495005682653 -0.11032571218957 -0.12610796310191 -0.12346370786413 -0.12213626381048 0.41076196783446 -0.16720705558959 -0.05930300748025 -0.3642806913119 -0.14854801660608 -0.14917061732337 -0.14965000615096 0.092820627394417 0.093888559035446 0.094967052550898 0.096174955644484 0 0 0 0.22927025472379 0.22811378497949 0.22626804167692 0.11073300951737 0.11063141275926 0.11074728324045 0.11099008824324 0.084041590215674 0.10942172021697 0.054925641964887 -0.14359036656189 -0.14368090674958 -0.14401939290513 -0.14493439611162 -0.14603788964936 -0.14596802334227 -0.13970941017126 -0.14085368769075 -0.14169862575922 -0.14568772183057 -0.14480031790608 -0.14805713800097 -0.1480412085798 -0.14686121443129 -0.14964008430774 0.1596261471893 -0.26901015472107 -0.23775408291138 0 -0.14032693233722 -0.14023791944636 -0.13911479899266 0.059039302702755 0.056155576944325 0.053364299461448 0.079205004552898 0.079419795169721 0.10816459442971 0.10808696364538 0.10705433771406 0.10769522344479 0.094471815875067 0.10120561875538 0.10287703368581 0.10656429011917 -0.14068825684413 -0.14094721281167 -0.14002829783514 0 0 0 0 0.12420364609139 0.11860410185772 0.0035816399927674 -0.13889993981936 -0.14519729878308 0 0 0.08702943964028 0.21048681679528 0.085156286894213 0.072263807343767 0.071367662063113 0.10986152125534 -0.15141672776983 -0.15085081745185 -0.14628719086499 -0.14896688910812 -0.14956924454186 0.10867646440624 0.090638854748951 0.10696254821856 0 0 0 0 0.16741780982895 0.082150039572619 0.11053672867502 0.10122070091939 -0.15254933351916 -0.15173921164433 -0.15190766542737 -0.15024980530532 -0.13889238382222 -0.13926295577429 -0.14726506231082 -0.13945691059898 -0.12105177298629 -0.11994950931578 -0.15148821965959 -0.15168778491145 -0.15193041406716 -0.15147798916484 -0.32078200442547 0.57248791865524 -0.72701069682314 -0.50701156264508 -0.57999277707012 -0.56198829331922 0.065051921941596 0.085380455409032 0.10628929735278 0.10572181920477 0.10960610527913 0.10448906514343 0.10664262174794 0.041002381280386 -0.14167507277389 -0.14453448518894 0 0 0.10839825281101 0.10719567753669 0 0 0 -0.1340851320921 -0.13293620264211 0.053974428409983 0.078081013201934 0.077364032048982 0.07980704383389 -0.12951953880103 -0.13304175206693 -0.12939781872324 0.1039874195426 0.1043404012442 0 0 0 0.0687809062213 0.063496114830124 0.063024268469138 0.10886948490307 0.10897509652845 0.10918924333157 0.081651020125878 0.084392349174835 0.075116654162259 -0.14562566397854 -0.14363555063639 -0.14313855913394 -0.12989353856722 -0.13094128202584 -0.13302189149611 0 0 0 0 0 0 0 0 0 0 0 0 0 0 0 0 0 0 0 0 0 0 0 0.0062575785822533 0.078018842323766 0.02214161457171 0.082428652867076 0.101513396062 0.10213977616217 0.10971775644224 0.11058386826241 -0.13769910516643 -0.10582159406681 -0.12712341341923 -0.10329783129466 -0.10220139489264 -0.077730268442411 -0.059719057476365 -0.046326633369673 -0.069982233218263 0.20322339109403 -0.20004401690066 -0.21083545526081 -0.28200280656443 -0.15116162901982 -0.14984078505068 0 0 0 0.38155576784352 0.36838384651524 0 0 0.11131939384061 -0.13983084121951 0.092947540141709 0.092473122335795 0.1094165694576 0.061586613362876 0 0 0 0 0 0 0 0 0.02628974387717 0.017574571214264 0 0 0 0.094624623747914 0.096244802036981 0.11085754075793 -0.041079757444795 0.1112781252492 0.11123523325012 -0.15021884991079 -0.14907646164653 -0.15027367055175 -0.11996870276266 -0.13817287046671 -0.13946637016424 -0.14069745227159 -0.15722511044566 -0.1511465269308 -0.14502894080689 0.47085358686794 0.52094749392369 0.50238560965237 0.59150875342255 -0.15151213851585 -0.14355997075561 0.26930141701339 0.39599851804493 -0.21968882532343 -0.09073541326091 0.039642530709634 0.072516417966879 0.1057039817727 0.10594128961309 0.10466078386561 0.081805518720931 0.082268514707028 0.08469929438656 0.097992876008589 0.011996879566701 0.026131192335921 0.033522622719478 0.10488357742012 0.10580161128042 0.10867880326328 0.11760494799426 0.11521872147555 0.11422035045832 0.10946849738424 0.10960577135437 0.10981733047706 0.11135429487703 0.24546888451313 0.19623332629126 0.25044384996774 0.10919563449104 0.10935167591345 0.09737692194803 0 -0.025842343110507 -0.014015550037169 0.10295300938488 0.090628774607725 0.095657601077255 -0 -0.14843285676915 -0.1471392479784 -0.14260972283049 0.032537551991647 0.033091462515656 -0.13651658732277 -0.13787832312928 -0.13509268300468 -0.11845385881786 -0.095144278820601 -0.1043966418562 0.10357492616491 0.10156724708038 0.10042399829988 0.10451758550904 0.10975608631948 0.10740859723753 0.10002344876191 0.19260611419444 -0.17192014667493 0.091273425937227 0.11195313741835 0.0080873688680662 -0.13741357931261 -0.13899690405842 -0.13447405410436 -0.12034106356242 -0.11558560686995 -0.11152548839775 0.20137011807468 0.13453737916987 0 0 -0.1509380881929 0.031456636574478 0.038040683777127 0.074371406675192 0.10346402379034 0.10395958847129 0.10909711903765 0.11175119958069 0.11021052171788 -0.080011635133805 0.12784598016126 -0.14061615789329 -0.21263707963566 -0.064117905196627 -0.10579933483937 -0.095378817196252 0 0 0 0 0 0 0 0.58771077884877 0.58270035619659 0.61688936327297 0.88703330107941 1 -0.20304194870715 -0.19350514977949 0 0 0.011794825152313 0 0 0 0.02995669180408 0.024904741002363 0.015838146049873 0 0 0.0477494514307 0.043184496801379 0.052847546479527 -0.11980988375992 -0.12581135624014 -0.1240646287031 0.12294759111067 -0.16717995094993 -0.12714640316556 0.18431928813756 -0.11844748051284 0.073646377756192 0.078159945024917 0.087938732037586 0.090525787586887 0.092550794538612 0.10935095981161 0.10950295512085 0.11033737653434 0.11114828828674 0.1113201422542 0.10587949932061 0.10552422019292 0.10691557658275 0.10811808376802 0.12012723364863 0.11727637187824 0.12092831259433 0.11042976376921 0.11123706845387 -0.061181224196122 0 -0.057742151925943 -0.068919974186604 -0.061169624759477 -0.072930566185813 0.043171795304775 0.052133517252859 0.037243838971429 0.044416407456469 0.059284514563393 -0.13541991159864 -0.15276118212221 -0.20312552568958 -0.21115600963793 -0.13333445524846 0.28852522670492 0.31949593314453 0.33375365736256 0.15603917764024 -0.13104400769416 -0.12496030709315 -0.12480306202651 -0.14961146828165 -0.14339275837777 -0.12527337027248 -0.13220014709549 -0.13006746046992 -0.11372408986958 0 0 -0.12364394184615 -0.12158536561622 -0.12713573201187 -0.12984572468406 -0.17331993438515 -0.12622171479853 -0.12659347574086 -0.12654820740478 -0.12627200446773 -0.080813002595564 -0 -0.057981285046958 -0.1545963406808 -0.1576031127006 -0.12501957845868 -0.30024362661656 -0.11509252811957 0.33077012590712 0 0 0 -0.1425304902015 0.10281788180131 -0.39949514339585 -0.38273121953622 -0.15434236752742 -0.15330942828713 0.11399355148143 0.11348489113794 -0.15166182144654 -0.14813957368987 -0.14705633828531 -0.1271583124651 -0.12714793446504 -0.12718660052809 -0.13181413546742 -0.13645424536493 -0.15309392377813 -0.15258669620054 -0.15577966856825 -0.15228762027004 -0.15523824465901 -0.15563901677749 -0.15302046204725 -0.15354197779774 -0.15347639237915 -0.14143694221049 -0.1398703109353 -0.14364534124312 -0.14486808689674 -0.12380566686303 -0.13771952481764 0.23058151837193 -0.1938535709699 -0.21256036680576 -0.15635288407173 -0.17213683433336 -0.1707867097118 -0.15715737809304 0 0 0 0.067224122189532 0.080389865665648 0.10626150582048 0.10979739487325 0.11321141865237 0.11183344065302 0.11326137828548 0.11279902302946 0.095865984835578 0 0 0 0.87112461715483 -0.06809437779368 0 -0.13984093815565 0 0 0 0 0 0 0 0 0 0 -0.15727925210748 0.13282332227691 0.12606084216501 0.13144008803733 -0.15056917771678 -0.17025443566093 -0.15983970713377 0.078413131346594 0.099608141077591 0.077135341672817 0 0 0.081384062683709 0 0 0 0.10986252096586 -0.12081600455906 0 0.10712393368816 0.10848327082043 0.10853642303201 -0.14795416067851 -0.1400729339452 -0.16715464402804 0.11232166399452 0.11505749997681 0.11470394052225 -0.062459186552001 -0.18931135183422 -0.19801662801961 0.1169653620215 0.12043104590103 0.11785260757824 0 0 -0.15618977499465 -0.15720313036822 -0.21809969459584 -0.18810306319142 -0.19653734070572 0 0 0 0.060795142230088 0.10889516137058 0.11400072930063 0 0 0 0.16257574512831 0.16894509122212 0.13981721598151 -0.06042776662109 -0.060303016880771 -0.06031725994171 -0.19756781557586 -0.19914417043181 0 0.10788168521198 0.11075574531729 0 0 -0.1577419426718 0.091400482095649 0.086288594967429 0.11216582423547 0.1107636118191 0.096790641014458 0.099032525590939 -0.63900152338952 -0.5961363480952 -0.63010045321311 0.39472991275616 0.36350459040687 0.38807556954631 -0.14958097381478 0.10707662361605 -0.14675430180629 -0.14423623895605 0.0051954558813353 -0.34953538782703 -0.28896442478522 -0.23979999424927 0.37124029325283 0.35391591278328 -0.17152944703051 -0.21780055180471 -0.15434592614521 -0.06047848302442 0.12180896089585 0 0.10825602301066 0.11105421883583 0.11280473473064 0.61964580957422 0.61969597859874 0.65579376155109 0 0 0 0 0 0 -0.3362886424389 -0.4771766034972 -0.45394186023066 0.12351708275384 0.38584384348956 0.38557184234623 0.1679838032051 0.13013602493717 0.14371011571667 0 0 -0.060646340871006 -0.15649778863606 -0.15888636541625 -0.15461846729916 -0.15148097046366 0.10228054904615 0.10607326875426 0.10904022523033 0.12122253946471 0.12399030702233 0 0 0 0 -0.23823939597686 -0.24640597021148 -0.22401747803815 0 0 0 0 0 0 -0.11524098709016 -0.10457554636101 -0.12325440317271 -0.40529180257021 -0.34067991013114 -0.42514524868682 0.13198023307525 0.1321179885181 -0.06097155663958 -0.14834242378152 0.09227032028918 0.095573468266807 0.09889121062869 0.11778371513884 0.11751733055581 0.11900164040494 -0.061756010218638 0 0 0.79492359319566 0.84108457495434 -0.62952772788112 0.082717861913305 0.086241134219657 0.099472788325824 0.11072098497993 0.11371240408771 -0.5373897322434 0.11526649128926 0.11462243141914 0.11194046701132 0.10965233161042 0.10080889750002 0.090275641475087 0.096877819481549 0.071557028262162 0.12015402658826 0.11748439237291 -0.3854970525719 0 0 0 0.72264139658447 0.74507647495982 0.75127624180815 0.6816276559017 0.68359199634973 0 0 0.0079233757480523 0 0.047677559536787 0.033510779768675 -0.49301953955288 -0.060465253718563 -0.42236997301969 0 0.5291748871711 0.63493361669921 0.65135784665886 -0.12659968706058 0 0 0 -0.18045206296437 0.62269420895549 -0.058569150153457 -0.059927758022919 -0.059304802344639 0.04362459958691 0.034063411337924 0.037471401258642 0.43079719801046 -0.44034914112591 0.13465296094667 -0.32395924062303 -0.33933330745051 0.14680976002921 0.1444006100404 0.11503462494069 0.11814035041685 0 0 0.1109679688103 0 0 0 0 0 0 0.63065186543722 0.61018974568935 -0.082150997476794 0.14446841374277 0.068143851321914 0.083676153462347 0.065835310588039 0 0 -0.48562698034962 -0.51575192864646 -0.23368867354297 -0.27222058637431 -0.26765876874579 0.12888072449798 0.12070491866956 -0.28670475037015 -0.29445775741557 0 0 -0.060338986053962 -0.16721506012915 0.15916080537291 0.16338970573477 0.14348879419036 -0.26363463794678 -0.2702049799362 -0.57049747685716 0.50298855701135 0.1368097278443 0.13958425692285 0.1373976355277 0.1122134623755 0 0 -0.33980328917401 -0.36693993236984 -0.060262193062687 0 0.15247088453779 -0.54859796074535 -0.22271102622745 -0.20978399484954 0.52309458915346 0.44124608929402 -0.45294924509663 0.52143764860761 0.50739265631252 0.49813940638986 0.18838795095412 -0.1916271549457 0.19995064400803 -0.38804734688694 -0.17074399257996 0.096270690837974 0.068682620847163 -0.54790915393042 0.025247831562829 0.002198903671504 0.13977289189862 0.58393692623756 0.55313374672158 0.54000440662926 -0.1638310022679 -0.16330390737321 -0.3315565933002 -0.21175649057141 -0.19224353182847 0.39713520316477 -0.1842172426835 0.2992123976057 0.11211327167884 0.12938882589643 0.10194882668236 -0.24117861115654 -0.22376309454484 -0.19781476326329 -0.23128583497881 -0.24124418045956 -0.23225536408399 -0.043138563798961 0.11704171901881 0.12642739413334 -0.25578822652335 0.14405859277383 0.13845702837939 0.13460392676915 0.12819036628125 -0.10241252142321 -0.2221703758222 -0.27325620185808 -0.26561696582385 -0.22515149188403 0.54880545260411 0.57323475903655 0.54678109624325 0.15008210159454 -0.22866486217283 0.52802377305294 0.52423223078793 -0.26728289608852 -0.27109181301004 -0.28695751205032 0.44459800095902 0.47088468890889 -0.36823563466658 -0.34667227683968 0.58341553936659 0 0 0 0.56748901294073 0.5336924582762 -0.18306027717065 -0.22850479284137 0.46182810019316 0.4925304731078 0.50540389046376 0.46575403362044 0.52697589561717 0.54106965285378 0 0 0 0 -0.1810438615719 0.17389115359308 0.1526656144693 0.11659014954034 0.11905105850337 0.44823238700959 0.4828135808364 0.14231496510594 0.48381931237984 0.49558163269744 0.48099999458421 -0.25726826971405 0.5936211963263 0.55970540887339 -0.38668206967465 0.37649257277083 -0.35162102643358 -0.34839402360473 0.47815005640303 -0.31600997679393 -0.31029334373574 -0.32420575023864 0.5342378653684 0.53489386047493 -0.27318415486588 -0.2850545312912 0.48552636447853 -0.39858916267082 0.47800579228631 0 0 0.11487229864646 0.11608904329934 0.10580087176357 0.086976904944813 -0.29956846858994 -0.41961185855373 -0.45323644528067 -0.19609532337215 0.51341878113611 0.0031853795501829 0.12158986365366 0 0.47204964390144 -0.41350219544162 0 0.044797693656742 0.49236855984189 -0.48522143343582 -0.46804641307837 0 0 0 0.51541346014616 0.50643496898739 0 0 0 0 0.5420758403215 -0.41858861909486 -0.45560027646103 -0.39407146810081 -0.47478430080046 0.077360112607299 0 0.029620929118437 0.075782011074586 0.36846111913762 0 0.5167192187676 -0.42788065235346 -0.4461117073228 -0.45844304203373 0.26393110882397 0 -0.27212556501547 0 0 0.096752263047879 0.089414554511911 0.12312031740854 -0.25449030614462 -0.2841805198511 -0.28770150172288 0.27502171704393 0.27683686502708 0.33722511558179 0.21600967232432 0.44914389984888 0.43737519066441 0.44479311955451 0.094836485867388 0 0.089197930369304 0.26346430110683 0.2813648158425 0 0 -0 0 0.085065726752994 -0.29169796201554 -0.28279181038273 0.47025950072632 0.5020316264885 0.42530279568078 0 0.2537853136036 0 0 0 -0.077449887025701 -0.28200452034376 0 0.19271373542234 -0 0.19685752713799 0.20827449421299 0.27990931925945 -0.15335501096506 0.48724792526509 0.5062734881972 0.49064150582713 0 0 0.52753882117229 0.53080756786378 -0.26243200771424 -0.26829839623729 0 0 -0.11216289080437 -0.14407379943509 0 0 0.41960373404374 0.40238235801988 0.39642005717572 0.47362124961331 0.44999405126438 0.4523140584359 0.46863198731007 0.46001346475067 0.48834726590746 0.46990882748284 -0.014328172213734 -0.20988233448909 -0.07092811792857 -0.14944789543729 0 0 0 -0.20929994823953 -0.068148119711851 -0.068339778626519 0 0 0 -0.25288911650526 -0.25991411059295 0 0 0 -0.1997919528078 -0.097769382456277 -0.17733275948082 0.23806525654626 0.50739729311748 0.5117256816717 0.48904441188184 -0.2659334610451 -0.27824660226522 -0.22159195077637 0.19720782753805 -0.22429438311674 -0.21681674818986 0.48056250643026 0.46529643369883 0.45173957921195 0.44517724988128 -0.23930518468743 -0.24444415638024 -0.2213412158904 -0.16136891405943 0.43986826627867 0 0 0.21560423861641 0.4113928077029 0.39422748167828 0 0 -0.21971035699734 0.4015588391468 0.3600538091624 0.41914647090105 -0.32507740799537 -0.38708099306437 0 0 0 0 0.4707455577213 0.45999242404754 0.41298514495177 0.37409257708736 -0.19092934349466 -0.20370855042701 0.27523055032685 -0.23074399308213 0.35548297661306 0 -0.24276096205826 -0.25580263584896 -0.25803161977373 -0.43436361499345 -0.44191540136202 0.34857075602463 -0.22825623954891 -0.37648510057221 -0.20342173747227 -0.20776934760733 -0.21384774223682 -0.22979450501162 -0.14791652131911 -0.12651827397119 -0.21927351274546 0 -0.060703912502629 -0.2064736036963 -0.20861721973156 0 0 0 -0.19529996570694 -0.2177465831533 -0.16325760081257 -0.15769838040871 0 0 -0.23170044203135 -0.23596224400153 0 0 0 0 -0.28731875766014 -0.36742719579217 -0.39959462723563 -0.43235263115643 -0.43356051140609 -0.4459449254044 0 -0.24600899745367 -0.24669686774556 -0.1417110854741 -0.21671992722842 -0.24860005570625 -0.36610066016181 -0.40342085033192 0 0 0 0 0 0 0 -0.41560913150986 -0.39035033127427 -0.39600930437229 -0.41588196730936 -0.2669791764069 -0.45206239338193 -0.45603242530541 -0.45662082029146 -0.44949324079366 0 0 0 0 0 0 -0.2790318217793 -0.28057685881213 -0.26720224117042 0 0 0 -0.29123456745927 -0.31087669321097 0 -0.28020049215625 0 0 0 0 0 0 -0.46505192374926 0 0 0 0 0 
SCALARS mn-pot double 1
LOOKUP_TABLE default
0 0 -0.83297795390938 -0.86106526888574 0 0 0.68315333936594 0.61557286336733 0 0 0 0 0.025352239932007 0.10876588802356 0.13091073759751 0.19153366714024 0.21379704053103 0.2437162427938 0.26492059021377 0.28129456869824 0.30407304207846 0.31764116915545 0.33677283519883 0.3478494221204 0.35769952746321 0.36692338174754 0.37758475664118 0.38639126617945 0.39731949487467 0.40697455429283 0.41533475443612 0.42439851288494 0.43163915948655 0.43789128571739 0.44437461033352 0.44846354502455 0.45608650450457 0.45977989831499 0.46610500066798 0.46916537134435 0.47567787927516 0.47843822175821 0.48315712494637 0.48483218002484 0.48973282051029 0.49154977314296 0.49579861217305 0.49748144947572 0.50195062703199 0.50365358841553 0.50756053443926 0.50952813477478 0.51298729038763 0.51473685852851 0.51744371064887 0.51925279705738 0.52175007495122 0.52332302145974 0.52568935373115 0.52705751840709 0.52930853160385 0.53072010730957 0.5329008598776 0.53407099249452 0.53623328741491 0.53741444055395 0.53984859742901 0.54104395828374 0.54352501088677 0.54459200872649 0.54714407355683 0.54830395250437 0.55116831832116 0.55234861286515 0.55433608367501 0.55585193574067 0.55841563635918 0.55976261366086 0.5622709993939 0.56367003916071 0.5655493461334 0.56750391995816 0.56949279758425 0.57104472814866 0.57284413164963 0.57451725599973 0.57608923871726 0.57773633239931 0.57865577717471 0.58018430215597 0.5812126829999 0.58261589070046 0.58404594845486 0.58498486617788 0.58650410961495 0.58719084620755 0.58856542606782 0.58919532096102 0.59068902627529 0.59149640012616 0.59215390597559 0.59305923196269 0.59339109080477 0.59388057433421 0.59418963865833 0.59451543912168 0.59481085789328 0.5952351712439 0.59559531954632 0.59597305010334 0.59621164055643 0.59664614277742 0.59677718577012 0.59721884789461 0.5974092006376 0.59803972449156 0.59827597704838 0.59925611750684 0.59948101056706 0.60064812055924 0.60105345799504 0.60222885329188 0.60278577508706 0.60419045051494 0.60485836834336 0.6072310270022 0.60794263412952 0.61012326078764 0.6109149100417 0.6136813559026 0.61489782757985 0.619273851262 0.61968360253001 0.62653679202548 0.62677321058042 0.63887299760389 0.63935756822269 0.66878235428247 0.66901670997354 0.69297990064038 0.69327368094739 0.73112108602467 0.73390942553455 0.77670911232664 0.77886576588464 0.80664767627821 0.83007195727632 0.85555431328496 0.99658428558828 0.92318485599211 -1 -0.9214356138554 -0.81418893668596 -0.80535049391233 -0.75179719012026 -0.74696425637858 -0.69521315135653 -0.68344394796916 -0.64485901912436 -0.62861795197198 -0.60952034689879 -0.57648137511209 -0.56442267643475 -0.51661546249418 -0.49399157713341 -0.39188400838687 -0.38911354790994 -0.40161293071525 -0.68880064404103 0.57792290780067 0.61874141516066 0.50070450493849 0.59750533654738 0.30169582953703 0.46977740171524 0.54092572608603 0.35004953506898 0.57830391682682 0 0.59579494108389 0.49339486483063 0.61475590428915 0.1000412302039 -0.86617534798095 0.54035870479414 0.40681064210874 0.43966599353984 0.50892750062335 0.51880717909005 0.5500830750498 0.55762296712703 0.58598748918373 0.59043575354947 0.59734434019012 0.59788851312605 0.60573563377472 0.63921294983582 0.75213591808639 -0.71519580786485 -0.36669190813172 -0.37790077636178 0.37929405208729 0.36193494781741 0.33528135862536 0.57646644648595 0.58182879737176 0.57960677054891 0.0034312268216549 0 0.59528955033141 0.59647266362578 0.5960997097518 0.48971110209518 0.50031597214519 0.49685038251367 0.61207637277326 0.62463697353321 0.61822205122815 0.1047887136487 0.26937719339211 0.22373856394815 0.20105400657178 0.68636495566255 -0.80314487325381 -0.84835319281557 0.53799222305707 0.54432956981864 0.54240124282994 0.3992703719098 0.43280896614613 0.41865118323037 0.47759230880771 0.46769518592051 0.46299515793457 0.45244463006012 0.50540875693822 0.51602187549208 0.51161127794136 0.53185587240084 0.52806472159363 0.52616757196644 0.52259582541179 0.54779709015056 0.55518195604048 0.55196488628194 0.57064830960979 0.56662238896538 0.56447035317692 0.56095164870818 0.58419563237767 0.58896626295532 0.58708619451526 0.59405593715834 0.59328001121199 0.59269487047197 0.59115404804415 0.59701687060596 0.59874731531038 0.59775385212254 0.60253534759782 0.60166994599422 0.59993120654467 0.60891579584563 0.60758783572104 0.6044985952982 0.63480089918894 0.68202371614451 0.66324908131093 0.81708752545253 0.77828760348219 0.7287527843162 -0.74982710093644 -0.62748106839964 -0.68552887965608 -0.39986036541472 -0.50060784296633 -0.5673377865296 -0.38203323432485 0.3707739350748 0.32356223116025 0.57506531019467 0.58065955260239 0 0.5949603610959 0.48668990512831 0.61056554349579 0.61950774595413 0.067149429373738 0.29282537881586 0.25382588844006 0.90709326380562 0.53656020354668 0.39084351870881 0.4425899377042 0.42697234845104 0.48131267051189 0.47257368743237 0.447040421381 0.50333818402889 0.51901675355619 0.51375988592508 0.53358711039939 0.53002150143244 0.52080089176668 0.5461748432386 0.55759740429624 0.55323724478138 0.57216041496977 0.56862389312236 0.55934646626174 0.58323957204964 0.58779027689322 0.59436910609145 0.59370682536424 0.58986073101746 0.5967524823574 0.59814427199624 0.59936486917047 0.60352426839957 0.62689134625005 0.69353537672637 0.66938147738259 0.83780114305593 0.78486368386919 0.70363131472557 -0.77326314885277 -0.60982617765182 -0.6670645519629 -0.58639967430481 -0.38579251627294 0.36306959739785 0.30760363652883 0.31763839217345 0.57367214769241 0.57618367824988 0.58021160826681 0 0.5946396227354 0.59527633967194 0.48392215111879 0.48943221240145 0.61119952734849 0.61989600060027 0.097435522748002 0.88599185194235 -0.65867339213728 0.53511730764032 0.53771677076425 0.39013328763118 0.41924513493937 0.4620950527882 0.50488521273515 0.51289487290414 0.5233830752803 0.54731787702652 0.55269114202028 0.56184516185725 0.58330658852603 0.58789744674153 0.59158818963124 0.59693457425473 0.59795599404508 0.60087548271085 0.59941293489566 0.6291106919695 0.66846381188547 0.6384625285978 0.77738446697828 -0.74995023237059 -0.65632037407501 -0.50556724307416 -0.37669289181086 0.31253693337342 0.57462496219087 0.59485421375647 0.48582800180426 0.86027752272785 0.53603450007772 0.45810738396781 0.52443062478543 0.56301171690002 0.78202108979413 -0.59194089459402 0.29270627637345 0.57374163105577 0.59465675233439 0.48357870887694 0.76870461441782 0.53479925185254 0.45532634801972 0.53194006790362 0.57131987003974 0.6502699268922 -0.53577722940911 0.59617709337125 0.49722247844164 0.59241462474755 -0.81827657784802 0.542502444278 0.44888412180892 0.52267127133145 0.56117072993919 0.59179276252857 0.60038455731651 0.6073469566262 -0.57434347810059 0.053166293190942 0.4725922165476 0.52983033425747 0.56888524755756 0.59374178528173 0.28683485726013 0.57272331574015 0.59441191896599 0.48202600347539 0.84095213583955 0.53389908989013 0.59646333619224 0.5960263643611 0.50083558554854 0.49489345318657 0.16439350777885 -0.77434499141928 -0.77767107627615 0.54412941209984 0.54073939962186 0.59419749388985 0.60117234605081 0.5984236856425 0.60826564788956 0.60609451773064 -0.47127445932827 0.24359793920675 0.452699952631 0.52554766315454 0.56414682792652 0.59412728769738 0.15277618811923 0.55386555445247 0.59071856735433 0.41947111763107 0.67678145888752 0.51639234776352 0.29780731370121 0.46380049696709 0.52945889531028 0.56900745758999 0.59375174257184 0.59132772614405 0.24285711023313 0.19701807006218 0.25410272975388 0.12241894843749 0.27430746875762 0.1890036174586 0.23347731229005 0.21781154706503 0.25673207099357 0.36991537583946 0.47803765650034 0.52637737773492 0.56548926082735 0.58156438020123 0.59317898443396 0.60146423730188 0.6239001540996 0.58758299981994 -0.37441953111126 0.60286605668567 -0.60741852708794 -0.62557110889644 0.58100496151356 0.47189941137575 0.527872130045 0.56687246179828 0 0.071030609205344 0.29452464980758 0.46778058861904 0.52134310549095 0.5597798876087 0.60432119544782 0.61134440605181 0.5839971514283 -0.53200140946194 0.57855211353414 0.60441271038456 0 0.42207390531737 0.46958564394538 0.47856899120537 0.50691412670901 0.51524032609415 0.52865100477686 0.53236981419168 0.54751303329226 0.55430881073529 0.56821940410532 0.57227838018909 -0.60356752529869 0.59961037173595 0.40338728211056 0.59257686046418 0.58834822250551 0.59532921003234 0.48820308528506 0.6196196876607 0.53679092175951 0.33706997117091 0.59348980802791 0.58367737955356 0.027061384387709 0.59705948566637 0.61850870125858 0.43237050258699 0.5105626682474 0.51825435604941 0.55084790551945 0.55682816467453 0.56557530369558 -0.66550698448772 -0.36875327753257 0 0 -0.6160230428723 -0.3732644229828 0.57547266811533 0.38598734167411 0.34797182868978 0.38112863341553 0.59228317101088 0.58974241732774 0.71288123288026 0.69855954701974 0.59046720576559 0.46899725969561 0.52569342800929 0.51334200121527 0.55219154937024 -0.37005446701666 0.39955962852608 0.37299462658649 0.58599128575402 0.59199159020631 0.62917407578593 0.67282895132633 0.6777253699996 0.59091907398849 0.58694447313542 0.62591283412228 0.62120884560181 0.62439680491093 0.58170542393337 0.62970610901982 0.62339222262637 0.20816718778737 0.59639419712643 0.50091289620767 -0.60114042942882 0.54250005872171 0.59936752396274 0.60292806559696 0.6048596000719 0.59762522910566 0.60176361961446 0.59789332470827 0.59373564804902 0.57814495099697 0.63468035132322 0.61959546770795 0.59824155401539 0.13973052501503 0.45043703521721 0.52287254926346 0.56071065356202 0 0.5316638930583 0.66872149329818 0.24323832441077 0.60777308169211 0 0.17497426425206 0.25995421973682 0.60830308043418 0.61882544689162 0.57438439459683 0.48012378595733 0.5325959290229 0.58942976865809 -0.47194434047226 -0.66339356426364 0.55098648957759 0 0 0.50928668842744 0.068374593241453 0.41702121141695 0.51708160843342 0.55545734922865 0 0.63406844348741 0 0.29753245113587 0.53872790448859 0.27346936688541 0.59944831208924 0.56384225046443 0.46486712781486 0.52665039265445 0.51066407763464 -0.36669032734746 0.59765512880848 0.35233409996713 0.19094420196632 0.65819102103643 0.62001880139315 -0.37037686764448 0.59168323876743 0.54889743607502 0 -0.67243615799162 0 0 0 0.46004877018572 0.074424542712735 0.62903601950905 0.52526496308443 0 -0.39251711955924 -0.36670671574664 0.5978975345982 0.5974188657394 0.50462228202464 0.51374716342936 0.5449162102552 0.55276834490987 0 -0.73780825854636 0.39309590114535 0.17054726182358 0.28457585519568 -0.42348691140834 -0.36672741014164 0.59715766292727 0.49399862623602 0.53755714760281 0 -0.81597745281032 -0.36674766707438 0.59479010655155 0.48917044567795 0.5328078365652 0 -0.81420177998925 0.48091357317075 0.69385281009957 0.49491780508295 0.53168555753399 0.51357429330906 0.33494124856255 0 0.80852215947692 0.63010243183373 0.44637234435879 0.49910871605526 0.61373256869261 0 0 0.87197965236017 -0.4212352664982 0.62138953619833 0.50478148607802 0 0.29226520392032 0.34841788070509 -0.36668686953416 0.54634793848353 -0.36667913619372 0 0 -0.80604978548548 0.5471544509575 0.59629327797203 0.57635773364124 0.63304308112743 -0.6509228133387 0.41979119818961 0.11730076763596 0 0 -0.81725966739036 0.592533508489 -0.3666772353162 0.58964160304275 0.73867211984612 0.53220197476139 0.51644276616943 -0.36668260235036 0 -0.81962546179588 0.3392981777704 -0.38971498105946 0.22708081500366 -0.78740060584173 0.6081356758043 0 0.58762523522388 0.59749849458514 0.55524286653815 0.60390600860698 0.5841860419739 0.60025225358672 0.59392172979637 0.59704409928501 0.59315495446548 0.57910989678438 0.61118338362204 0 -0.71826148311722 0.49061178818221 0 0.59401411847865 0.70393300841715 0.50929075365684 0.56649207733268 0.55332934634649 0.53226691800024 0.6825540170853 -0.69296910346255 -0.53234173787041 0.65073751721779 0 0.59478411009044 -0.65923974111964 -0.68180642058233 0.69073389818908 0.50439709039221 -0.39362372493095 -0.78896901083752 0.57398634110527 0.58839462894017 0.54330112757574 -0.76432641315962 0 0 -0.72763817169442 0.50994488807997 0.60610412537989 0.58970435040045 0.55158243682418 -0.78455367868929 0.57340735606711 0.74200013814534 0 0.5965216113364 0.49058420918777 -0.75893386952215 0.6744574288233 0.38111717413425 0.74449806923737 0.45473949492581 0 0 -0.64648141500724 0.67350903469878 0.5054182570428 0.71815078448511 0.46555154951878 0.54045522512513 0.19665884086084 0.36213457902406 0.6071182895145 0.542294573126 0 0.52336785712442 0.6484955397718 0 0.57510218679971 -0.75365135320016 0.5530210980316 0.49267067725305 0 0 0.54445651596939 -0.72675649609979 0.55188529359598 0 0 0.38139109295882 0 0.44176523469153 0 0 -0.57635611009319 -0.66813637897689 0.53013001891364 -0.63420484523885 0.54804867441539 0.51534121967801 0 -0.65564129967433 0.44398836173521 -0.63697768819931 0 -0.56380485133296 0.45433366711065 0 0.62781436054918 -0.43606718152376 0.60787149169367 0.4997382127636 0 0.54848922239891 0.62080036971951 0.48791729022884 -0.56693697324959 0.38092580057424 0.45456943326886 0 0.43056463430311 0.39721507264718 0 0.62321435178052 0.45493626870731 0.43703728116901 -0.44324603065075 0 0 0 0.65031089839574 0.61499986416935 0.43065694694746 0.68229876200427 0 0.40199712257825 0 0 0.56414529305684 0.3795950154701 0 0 0 0.66608086172296 0.42225458614307 0 0 0 0 0.58998086072429 0.59161004901015 0.59072404134681 0.37156512195848 0.36650814906623 0.37544400376955 0.57716503554323 0.57693883833939 0.57627150074137 0 0 0 0 0 0 0.5605975623228 0.5595968433984 0.5546627066614 0 0 0 0.52918932038399 0.52946346735529 0.5253712893159 0.25287082028692 0.28398544944324 0.24166029616161 0 0 0.54626649521244 0.54004673825035 0.54545201111061 0 0 0 0.083542196808415 0.087576524532463 0.06309658919392 0.59544986382052 0.59541765390955 0.59526016238946 0 0 0.49075603034431 0.49062027373043 0.48975956910609 0.094641697146858 0.11096673483972 0.61274277367403 0.61229482368138 0.61152374979221 0.35999671277784 0.35451958687583 0.35614663120987 0.11883221472554 0.12335749966488 -0.91467728356455 0.90508999011484 0.87919291502966 0.14408166999147 0.17787152720887 0.16427966324092 0.2033988110057 0.19746937227908 0.20890834937161 0.48146879526818 0.49225325204501 0.47723891842936 0.1306310166311 -0.64052056089129 -0.6005157615199 -0.64415457913235 0.35271974533096 0.3496444899424 0.2493070366311 0.26024419183014 0.25509592340551 0.32964857825247 0.33669909111225 0.3306091810533 0.34222687283394 0.34211659586034 0.57819094833384 0.57799335503461 0.57850751940673 0.34289968796721 0.32109381720133 0.32793429297371 0.16373910258242 0.1326735319985 0.14005409121438 0.27282292470206 0.26747127166817 0.27590525504563 0.5809966186142 0.58093472254617 0.58173377054712 0.2618428696923 0.53893799121405 0.53868791400834 0.53770969591271 0.48835907606404 0.48744481305469 0.48573344909774 0.25073841522658 0.26774129266933 0.24420924874236 0.59712446226251 0.59719073520061 0.59697839341047 0.48827360429661 0.48627512474932 0.48784567419163 0.50692219075428 0.50724069181932 0.50517430293135 0.36897272465532 0.36459529927431 0.36627613881978 0.40754383158909 0.40310121893674 0.40361066556624 0.49368922497856 0.49235959560835 0.49470646477595 0.36219811849462 0.59578870247771 0.59568261381146 0.59589326869884 0.61435058945862 0.6142404934079 0.6147385158041 0.39837018858313 0.40221331109312 0.3244236762418 0.31881555712387 0.41714201492126 0.42172147938663 0.41981607315422 0.42572968750174 0.42287128855381 -0.73428269094445 -0.73639402159505 -0.75144629441531 0.41119478924587 0.41152586352703 0.0063578989872895 0 0 0.39518143719544 0.39418721052571 0.62224561111189 0.622113336945 0.62423426538746 0.54862647941921 0.54887905672396 0.54756123765288 0.4403754134641 0.43547818237328 0.4376086851521 0.46547122809696 0.46253511469492 0.46502047695379 0.45441725837362 0.45552898793673 0.45701728678295 0.45890692428823 0.45796735527925 0.41258447205763 0.45035237558591 0.45246715482944 0.54044216746321 0.54011358061866 0.54070227520717 0.4506000540483 0.45210726912977 0.45395094340729 0.47423696046741 0.47517681809205 0.47659091478362 0.47080914062078 0.47245180072913 0.52707260317394 0.52584497439987 0.52681108550319 0.52296983953651 0.52255933993723 0.52218029552871 0.47804415042283 0.47709353111581 0.49143747984092 0.52199860706925 0.52237774728814 0.52299017297737 0.50927604688907 0.51025412817537 0.5105259410396 0.46134792008478 0.4646417298576 0.4631787520707 0.4456434535097 0.44777276629432 0.44647198541903 0.44812187018127 0.449692017755 -0.94049609439756 -0.90949040138128 -0.90414850351328 0.57559437222275 0.5753011224406 0.574797477788 0 0.55062596633492 0.55108531421752 0.55157990368962 0.57573846201232 0.57484717782498 0.57552707857175 0.56037941573973 0.56081470798501 0.56143435413979 0.49629419999746 0.49716953423469 0.49666937139335 0.50828887494104 0.50650092660923 0.58882607068349 0.58931233846167 0.58845289234894 0.49533082486143 0.55889820503043 0.55956081315484 0.55912340645406 0.59131804326619 0.59113436019784 0.59096798621186 0.50550551843017 0.50446821977236 0.60018248159449 0.59961659392124 0.59986342814053 0.51230411993978 0.51120312244703 0.5133972878465 0.51275518080066 0.59738734068677 0.5975230540566 0.59755567353794 0.50857611472479 0.59345863458916 0.59374388127588 0.59348658141154 0.50432524710068 0.50350312048902 0.58628969696979 0.58662164042405 0.58676993653337 0.59861287046548 0.59828553340639 0.59822067629309 0.51826257489996 0.51668478206623 0.51756599285347 0.60395098488235 0.6044030887533 0.60407288716728 0.53722855564001 0.53629778790938 0.53694890724529 0.52386587703307 0.52347978273801 0.64863038576057 0.65684505517105 0.63565916074221 0.52000144813985 0.52127697611701 0.52047144214873 0.60465970994843 0.60452361626473 0.60433924905569 0.73074303378439 0.73339284118502 0.73249332386616 0.52662539846298 0.52634690161554 0.52595834021004 0.53129666202749 0.53039540923001 0.53088636122746 0.69655407313459 0.72380105462101 0.71528178981615 -0.70759655677995 -0.69946054468896 -0.69024056273806 0.53697663572312 0.53242434251907 0.53176159613955 -0.59778433496137 -0.58208472507693 -0.59329968130797 0.52968842406135 0.53001214710551 -0.55176785839377 -0.58382529133777 -0.56008398011775 0.52508180830062 0.52447764872124 0.63933673320718 0.65365056695911 0.6496527900939 0.52108639639132 0.5217224161428 0.6000437346706 0.59967361873064 0.60034762658876 -0.39325177310108 -0.39313514535843 -0.38721892794895 0.53678953828282 0.53640078507148 0.37532584334527 0.36708452892332 0.54171771160602 0.54297663611814 0.54229007763626 0.54915995668176 0.54805606095019 0.37864265786421 0.38290910723513 0.38190940590692 0.54128405968691 -0.37944441050913 -0.38000589971586 -0.38131244967447 0.37436397885221 0.37248388572217 0.54773830452515 0.54746929980398 0.28774128992236 0.28105458318098 0.55215976869431 0.55178165532026 0.55276932478942 0.55256864925673 0.57249950461661 0.57193896908478 0.57157756151821 0.54970701396535 0.29900639289992 0.29368065915358 0.54705005736311 0.54669775617801 0.36275562262186 0.35663549529736 0.57723125744517 0.57745752260194 0.5784695208595 0.55668280818448 0.55554084839685 0.5563566151393 0.57991789884742 0.57896536217432 0.57925697817445 0.56161156709317 0.56203245340332 0.5626614851272 0.56335942920051 0.56298658052645 0.58042104627226 0.58096825916752 0.58072406683554 0.56032448512982 0.56098743715877 0.58145434079289 0.5822548187157 0.58191550855249 0.00038884628917269 0.018295596646476 0.010152423437816 0.56906421779952 0.56964798282304 0.57005102138546 0.56804499192513 0.56850088317111 0 0 0.59444258620418 0.59434885267381 0.59428212046679 0.57085124205243 0.57029410345477 0.5773993448364 0.59412321763029 0.59420948126131 0 0 0.56405503784451 0.56501213528325 0.5645988864488 0 0 0.55955282139046 0.56010350889133 0.57141803538664 0.53927760429369 -0.55641661006936 -0.55408597425226 -0.56879978089234 0.53574005216822 0.53696929113239 0.56554132882995 0.56433194623622 0.56537771284294 0.59634857677646 0.5965694060412 0.59642447197296 0.57909728782124 0.59615421215385 0.59628458664291 0.5801467945295 0.57989990949696 0.58501887369817 0.58550293846012 0.58458950833548 0.48230149726995 0.48083190280674 0.47980089011188 0.57940145555828 0.59613637577553 0.59595779578528 0.59598955546741 0.49911076519326 0.5005126025571 0.49878767326111 0.58446779416418 0.58413763254305 0.49704132545825 0.4953755772478 0.58687365487858 0.58713064965293 0.58744209807899 0.58746758642427 0.49880780713825 0.49846763324225 0.58578122446228 0.50111579087568 0.4996816005401 0.58367724224042 0.58373366815232 0.47944345061683 0.61124996161508 0.61100565125578 0.611720386232 0.59020868246463 0.59056998324083 0.62230272112051 0.62596893976365 0.62377352153132 0.59148367865381 0.59164648752159 0.59193784080153 0.59180527853547 0.61881672209576 0.61645235223513 0.61727292106355 0.59491353791093 0.59507329406662 0.59512520962326 0.62197363903931 0.61983906926677 0.076985148060204 0.051661885042701 0.59388185666071 0.59396999117526 0.59378821209307 0.59365403477808 0.593552980335 0.029492587211976 0.040253662676862 0.33606214664356 0.32775512937333 0.59403029337824 0.59553550001259 0.18267673271069 0.2154912501577 0.20160809453282 0.5950996305582 0.10420650584665 0.59286390871579 0.59266457563894 0.59244528482811 0.61935477172259 0.61955468191091 0.6194643319054 0.59014965475297 0.59075753578254 0.60945708582672 0.60897968567754 0.60851331279338 0.1809695016203 0.61295816036762 0.61363557871116 0.84738887019429 0.83911401770136 0.8321858758195 0.59608787165685 0.59602874858963 0.59712949267528 0.59727846990802 0.82737832076646 0.82846565628928 0.21892974006359 0.21222996253695 0.62721513523053 0.61678603903504 0.62985565870496 0.59676606703487 0.59686905172641 0.59687553978682 -0.81010549492046 -0.80521765873753 -0.80867076567164 0.59699489009784 0.59731196947668 -0.83408824966994 -0.8616519908921 -0.84080219875607 0.597921959517 0.59769129524115 0.59502631344012 0.59488238761126 -0.5827578959452 -0.60012051119793 -0.58144777721897 -0.79312584691357 -0.78977315074254 -0.81378036727113 0.53383420211255 0.53348762231998 0.53325404885778 0.59797062681706 0.5980875695629 0.54334456883031 0.54429187762907 0.54340445358085 0.59960546178454 0.59943145321556 0.60047207705786 0.60075399668121 0.54393475542978 0.54447099690531 0.54407590346509 0.5993919001156 0.53277216856905 0.54346679553265 0.60131974972827 0.60198684451689 0.60164426972522 0.60534926114906 0.60512209121218 0.39210252871486 0.38882124108963 0.43014560120375 0.42327951359606 0.42653090316418 0.60600770834395 0.60644133622108 0.43236871072639 0.43474502671205 0.60388447042979 0.39079982412377 0.394806984857 0.60084734794097 0.60097284566514 0.54245813372096 0.54146173691204 0.60666122729699 0.60743240114781 -0.83245686811378 -0.82252770106697 0.2119979181709 0.23550902035779 0.22906606080127 0.42941347521068 0.42821066412156 0.60774895222498 0.60758420779058 0.49146485145654 0.48955774485446 0.61659372693636 0.61736400966492 0.61885406593631 0.4605340505212 0.61052410821242 0.61037820355625 0.61071628630541 0.44574456470543 0.44490402063729 0.45781343044231 0.45874432079905 0.45432695950331 0.63636734339523 0.63889884914335 0.63762007784541 0.44363209035819 0.44124061303386 0.6346035042638 0.62993965504445 0.63909756096387 0.36893932261805 0.36674263328305 0.3519394359548 0.6267554825916 0.63064098798645 0.46681822555699 0.61901009407982 0.46843919079689 0.46767251342675 0.50406151810851 0.66668886742109 0.66889024753736 0.66718357043377 0.5153406227048 0.51608741418201 0.68941069172996 0.6930870586529 0.69034662792568 0.69606559279998 0.71110793296847 0.68776995132552 0.51227150264033 0.51092257810981 0.73703996105001 0.73727152412495 0.5148418092629 0.51332027214343 0.51450135132727 0.52014328780594 0.51989451513479 0.75671114106225 0.77123210369515 0.77007076302515 0.77730240466085 0.538997532676 0.53786162596378 0.52758020201354 0.52869726921304 0.528181732455 0.78074675491497 0.77883405196923 0.78104091030256 0.92342524014594 0.86990474995963 0.52409947507148 0.5244619428157 0.52303812700481 0.77756027475236 0.53070562516665 0.53092081953284 0.52963818057409 0.87719944220916 0.85461518323645 0.51425829798108 0.51387750459469 0.65632051791428 0.50287214713908 0.50265683518419 0.51914507317648 0.51839219749753 -0.86150744631834 0.54580364850229 0.54534693973451 -0.89529046307293 -0.88133835693359 0.54681561623348 0.934460707092 0.93821632477509 0.51567050849952 0.51696815314086 0.51746381194435 0.55474086308188 0.555123867969 -0.75070579971787 -0.76122502371804 -0.76051774527726 -0.74795518281289 -0.74922676301843 0.55231565162473 0.55145966105037 0.55870514541941 0.55852756405656 -0.6886618249025 -0.68457692816802 -0.67712602578567 -0.67669967526191 0.57630831110348 -0.72818813315395 -0.73579573193756 0.55379927396486 0.55334989383249 0.55423863601199 0.55296869356258 0.55390778982464 0.56607449014212 0.56707611093855 0.56655913243762 -0.61830103334482 -0.61995834919941 -0.62929365192723 -0.5516277656499 -0.56671536492898 -0.55197484028123 -0.54066694742375 -0.5254089622546 0.55802361077182 0.55705018316829 -0.569756331065 -0.5724106337141 0.56266505295657 0.56300120588806 0.56150249523623 0.58331288024415 0.58290957896707 -0.40297315990081 -0.38350643454408 -0.3885767528673 0.58326596877112 0.5837688150956 0.58878081047095 0.58907291546458 0.58889774911999 -0.73021627315754 0.4099538210282 -0.58280647210926 -0.5800478434826 0.58817770196014 0.58698650495379 0.58711462997269 -0.60557148395537 -0.64250737338782 0.59089714379939 0.59020497876125 0.59030269537686 -0.50527391287584 -0.51123652904627 -0.50133978340271 0.55481718338966 0.55590696577404 0.55642963530012 -0.57623535057703 -0.58212860300675 0.57018571941965 0.57012899319929 0.56893547199358 0.8124651896473 0.81872432364647 0.58815637314924 0.58782806362014 0.41942201284777 0.41287069019661 0.59169249902535 0.59133055258636 0.59632129612769 0.59647185404638 0.59631097915875 0.59552866724143 0.59527446511976 0.59240392353154 0.59209373917368 0.59192321662492 0.5931490844388 0.59330291887895 0.59323058914202 0.58350823639565 0.5847584554696 0.58458293878207 0.59301330835285 0.58986908347707 0.58952967302067 0.58967587282221 0.58939229945892 0.59671396579977 0.59669535501694 0.59685478702221 0.59839253512467 0.5980509758206 0.59846497421389 0.59904977904526 0.5987712564546 0.59787511974054 0.5976592824424 0.59821672609088 0.59815722835602 0.60344233301906 0.60437473163024 0.6037196421915 0.60237611396844 0.60266212944159 0.60249857245025 0.60154468565771 0.60199488115848 0.60217708209627 0.5993641963164 0.59930340909608 0.59914119485505 0.59909803609294 0.60777593234379 0.60873863399807 0.60812214453015 0.60748642763164 0.60660278766921 0.6082611830175 0.60344891281027 0.60314401875872 0.60343639497912 0.60294653280865 0.62667095726052 0.62661775287947 0.62869383174837 0.63204081884277 0.62535671849224 0.62801224954286 0.62631910198831 0.67307397970367 0.68103515898228 0.6596278253579 0.67382024980161 0.65582424151991 0.6691171456218 0.66890818468177 0.77989083613741 0.78411567253183 -0.81188008758454 0.6877177757778 0 0 0 0.79861482162943 0.79141250020228 0.69331849581991 0.6931058665483 0.69813557729259 0.69574646658658 0.70186491479336 -0.78634450139 -0.79455481999141 -0.76254314699023 -0.64563906807953 -0.6635440353685 -0.64060648400341 -0.63648128413983 -0.63564219586119 -0.67615959323254 -0.69041762007918 -0.65932312829684 -0.66827395364474 -0.59470409268369 -0.59980341105783 -0.46464569409632 -0.40098775861237 -0.45459610977081 -0.62248114802882 -0.63586673088094 -0.46275988358663 -0.61129867452437 -0.61925403216915 -0.64155753455445 -0.6651717316144 -0.38967833235172 -0.38996831609953 -0.38329332197057 0.31280021015869 0.31055788035155 0.30622666191357 0.31530895715103 0.31041238564992 0.57410272844832 0.57368334003229 0.57326499544768 0.57437473817344 0.57414853205099 0.580435036544 0.58119228635714 0.59472774433692 0.59465943997232 0.59458032928365 0.59479398488516 0.59474233696305 0.48438271386399 0.48398338931903 0.48353208979569 0.48521359500449 0.4848002944561 0.60972298310556 0.60994523575753 0 0.020340341201749 0.046451646036392 0.31583148549262 0.23981083831133 0.23106805314109 0.1563740847192 0.30210735919737 0.92672302451599 0.93235144536828 0.88869489806174 0.90055860094362 0.8755171530596 0.53571035605208 0.53516633530379 0.53457743214577 0.53588355472612 0.53560381806388 0.38489065871121 0.38490012415524 0.46017064434673 0.48767594919506 0.47006989517589 0.47262688857724 0.47012421308969 0.46302644478878 0.46592369551393 0.46495801120229 0.50197718467851 0.50269530648222 0.52498410895824 0.52533388322095 0.53691061352317 0.52906999627932 0.52992579374766 0.52898662010742 0.52596861114753 0.52709807672511 0.5267574157876 0.54516298292735 0.54586011629697 0.56353925621509 0.56372986518583 0.57544188964118 0.56765412190853 0.56874423469407 0.56777926310097 0.56484773761303 0.56617802068466 0.56553110065443 0.58255868161915 0.58261884541622 0.58745373545608 0.58842918392213 0.59505853777004 0.59348679807543 0.59372496023872 0.59350754972132 0.59105465531753 0.59661980263521 0.596702582607 0.59745517402334 0.59774725467549 0.39353408008468 0.40674485308838 0.36179669641176 0.6260752443033 0.62651299672089 0.72179530733449 0.73030907583589 0.71625033807818 0.66563827511979 0.67475225341905 0.80567371682424 0.7725339847991 0.79902423649382 0.71252572913303 0.6782074073067 0.66737755061148 -0.78957928315685 -0.77635949661885 -0.61250216709316 -0.60241490471261 -0.49273229736736 -0.51498315075057 -0.5120402645578 -0.39079316348825 -0.38755264610243 0.32783004780134 0.30952823115739 0.32126342974671 0.398907695709 0.30064187162611 0.29847409216579 0.30012944924284 0.29025279463977 0.30380440864292 0.34476948549477 0.57292466761373 0.57319152848379 0.57368020488156 0.57496581219159 0.57416186742849 0.57936678109557 0.58002542846675 0 0 0.10076633498926 0.11029896213748 0.086249576315283 0.59450223528789 0.59452962931283 0.59463373191646 0.59499632780897 0.5947593341868 0.59673507876732 0.48271514635288 0.4830648087944 0.48390120777922 0.48652506398289 0.48478032300487 0.50276854037159 0.6112062595596 0.60987889009313 0.60950284819568 0.61342741707961 0.63341483434588 0.22485889183445 0.2237712857937 0.24398641175084 0.27404322287841 0.27604537648623 0.86075184269726 0.85889096900026 0.85658987018628 0.79473112415163 -0.76746139942533 0.53429613091503 0.53450017725433 0.53498603875185 0.53628853893434 0.53542779144078 0.54573742313527 0.38081785509174 0.42069163643342 0.41219158762937 0.41335171915853 0.38854549260555 0.397677384009 0.44140040046413 0.44463092688797 0.4749972100795 0.47538854536783 0.47230267661452 0.4782588601691 0.4811762739633 0.48094031606909 0.50976434405527 0.51166144653646 0.50402408098311 0.50593941079806 0.51892579460641 0.52007467600448 0.53214956194256 0.53361733975851 0.53338975024799 0.55055427545966 0.55178916319721 0.54574263147866 0.54744153129906 0.55763904326395 0.55870011947626 0.57176657030545 0.57299833183342 0.5725642980341 0.58239148898857 0.58781372431615 0.59361258776574 0.593330651351 0.59085605053787 0.59143344728985 0.59445606622229 0.59437173374686 0.59416717725299 0.59219985887 0.59642505937862 0.59669410300876 0.59670286629723 0.5969862239819 0.60069516318852 0.60006240182836 0.60032151641594 0.60532098986172 0.60506004839511 0.60273601518479 0.60062443722841 0.66950795276623 0.625076691937 0.62733751191765 0.62747105191608 0.58133479614413 0.57979512939106 0.7139352347954 0.77003049391583 0.81633243126155 0.80979205804422 0.830350993466 0.80508086256676 0.78909012576257 -0.69576466402363 -0.73229934122591 -0.72357522121957 -0.60265426807556 -0.44134548695241 -0.43717358414293 -0.39747805835215 -0.37644712598083 -0.49302181800721 -0.51070176317158 -0.52700492391697 -0.35611523365154 -0.38283584885338 -0.35465585302463 0.29088907578633 0.27895116085615 0.57244927632585 0.57169290667383 0.59438947801463 0.59422592982708 0.48166827908364 0.47983219555207 0.84188095044654 0.53375417556086 0.5329165061787 0.43618182381722 0.45093774523887 0.52867688861668 0.52884490571311 0.56793711380916 0.56788220233962 0.68052770613315 0.68990095861962 0.67085240176005 0.66603776865512 0.23520717517882 0.24946134579306 0.30609298285709 0.56977707889183 0.57036507817585 0.57129459337589 0.57321654230445 0.59390264987669 0.59528149819306 0.59574120775619 0.59562793882063 0.47518104870913 0.4857896629118 0.48363659755511 0.67503235951242 -0.62835037249793 -0.72079211416555 -0.77513893944644 0.53080538166638 0.53575994063359 0.5345129731595 0.4567615866859 0.45840596903877 0.52391094747063 0.52205969585769 0.56244027493031 0.56051768217491 0.5850597486214 0.58481480378982 0.58387971274015 0.58788073518575 0.58714771503293 0.58675100047631 -0.40451921222027 -0.37159018907546 -0.36670246351074 -0.53461372934524 0.59588511230287 0.59610441934601 0.59625105307988 0.49228500273991 0.49415914206807 0.49598841574122 0.49799730450748 0.24958303818814 0.26795294198536 0.2577638978263 -0.81483047674745 -0.80129226876861 -0.78224255694049 0.53919684726267 0.54058092200966 0.54163759316424 0.54245900820388 0.47787353612903 0.5318931302648 0.57097822867865 0.59391652882501 0.59395955321266 0.59408467661408 0.60459488163671 0.60374140092596 0.60389100923397 0.60810940571687 0.60717535797564 0.60682019130684 0.60119404114949 0.60120628436914 0.6013875770607 0.60212313691207 0.60207288591557 -0.72805524868936 -0.72155121732869 -0.55110946734968 -0.55931701292323 0.18777789684898 0.59277359363143 0.59273677220879 0.5923360836233 0.43653845714031 0.43168668424497 0.4272546391654 0.46983014705904 0.47019820941698 0.524521398673 0.52279586587562 0.52049418888421 0.52046206556352 0.56333884034672 0.56133393340445 0.55893329266266 0.55894708822533 0.59286960626403 0.59296649324947 0.59262016617737 0.22270849158643 0.21478587476575 0.20107412855323 0.26020764540368 0.5202253177086 0.52116089740747 0.57325206242705 0.59222624305753 0.59451959453872 0.24296539879264 0.22430243161103 0.48283613954228 0.81601889368917 0.46449744957649 0.44902361376323 0.44080133555496 0.53434996902467 0.59740842773039 0.59722378261031 0.59490098391559 0.59591093392056 0.59617412851224 0.52797571362284 0.48876175820566 0.52082808390828 0.27981254887292 0.27793864557954 0.29711051840217 0.07925653408983 0.71451154616582 0.56675071097218 0.53735119909279 0.55943490411405 0.59752595117308 0.59749692682869 0.59721927542497 0.59893097664343 0.60491719725421 0.60592660024301 0.60094270229931 0.60674236528534 0.61641518994112 0.61903524595808 0.5988066108542 0.59821941614727 0.59852331827475 0.59695674830677 -0.45352087957325 0.47619923454818 -0.49882807501109 -0.74693452660211 -0.77786908425172 -0.58959039603643 0.446201723413 0.48010798601603 0.51860477313055 0.51681769138904 0.53289552725379 0.55730909094737 0.55562099223003 0.5720118789318 0.59323707262164 0.59427296934815 0.28516807837242 0.30042435464706 0.55258883934503 0.55356628089622 0 0 0 0.59051293455149 0.59008097813712 0.42820259213375 0.46793709104524 0.46667596114559 0.47091777055989 0.58955321148653 0.59062677384099 0.58897629647176 0.51299078179706 0.51417694798577 0.14630502715737 0.16855854005292 0.037393854669399 0.4519420026501 0.44371425210978 0.44221584423651 0.52792965788863 0.52748187449407 0.52912827344085 0.56720772089625 0.5668781041353 0.56872126324941 0.59466433901259 0.59395542193792 0.59379826591507 0.58907082412025 0.58944936324828 0.59014998221492 0.26446117278059 0.1957003857991 0.22240414966449 0.16327881983844 0.28677446519896 0.062349806755544 0.24610204789481 0.2292876403633 0.2580165026543 0.20283762491308 0.23369776500861 0.21782863498247 0.18347964835571 0.17148640803751 0.13561916057551 0.24615568261616 0.26653152965163 0.33014683545116 0.33119781404528 0.3017420072301 0.23695233334693 0.19472893701962 0.16333559579934 0.35250670853016 0.46783534364127 0.37799062346534 0.47532969261363 0.50792931504363 0.50862168017214 0.54910561379104 0.54921825634801 0.59182235368895 0.58260974064917 0.61557400839084 0.58241284097591 0.5824760618642 0.63188383533051 0.5770219716206 0.57685156716804 0.57827051058972 -0.71463380674236 -0.66548741889705 -0.37366714082034 -0.48917092979833 0.59893173374132 0.59950809962953 0 0 0 0.65787816876162 0.44049689289966 0 0 0.72290605348577 0.66138559441139 0.65912702783955 0.49172828039776 0.53087648688756 0.57065508081885 0 0 0 0.062244603992063 0.096054503020356 0.04448014332373 0.25225739005815 0.22945195278853 0.38428109246108 0.37089690997446 0.32708138026406 0.34291449370985 0.32069463059814 0.49500199164874 0.49794959802315 0.5389020270389 0.57575776151733 0.53969196773101 0.54159835970813 0.60067200921419 0.60152058619595 0.60037880671047 0.62106793607928 0.59238742378001 0.59281824437562 0.59294362022574 0.62284526607035 0.64438878514503 -0.58279389456863 -0.71140421888656 -0.75915864450087 -0.72587557309988 0.66081873169528 0.59799761590892 0.60555816885164 -0.37397785173583 -0.37340759574809 -0.56792874377315 -0.37019049190387 0.40538810569036 0.45808104071358 0.51172157956817 0.51360076816623 0.51126567224105 0.47435600156536 0.47511172005076 0.47927824341778 0.50092747886361 0.35508610205615 0.36860458342594 0.38330334221267 0.51428037053906 0.51581497878458 0.52479524273984 0.55103926439292 0.55251664146589 0.55041680931561 0.53061390240415 0.53058024571965 0.53250591615186 0.54341305898618 0.62530864900649 0.61843234811881 0.6191441700129 0.55324242254167 0.55448106499549 0.5633832463355 0.57691993537783 0.57815915561379 0.57624593143178 0.56241107951572 0.56607080837852 0.5644138036058 0.57460773419618 0.60193914632815 0.60291656151318 0.60634624530966 0.39367439500087 0.39499295998509 0.59144313266278 0.59189413474019 0.59089399504175 0.63171205978483 0.58134721821417 0.58280846935571 0.5068228481308 0.50538664388645 0.50272242923397 0.49802500334625 0.50114019896255 0.5031826592039 0.50402725813365 0.74207913464019 -0.63162793584421 0.48019328953158 0.54513733963724 0.35561580684698 0.59257731829089 0.5928210860186 0.59194079679851 0.58793015318411 0.58596056359462 0.58526157333866 0.78007876105253 0.73135422031052 0.027649084876598 0 0.59957524507514 0.39125382255004 0.40210234939793 0.46103853323735 0.51030003220363 0.51211843956917 0.5258097452538 0.5500799993955 0.55155134315946 0.57951940662027 0.5320867079251 -0.57621770802397 -0.61216275728712 -0.36674277576047 -0.3674276992993 -0.36767905409355 0 0 0 0 0 0 0 -0.78250480582566 -0.78249516123438 -0.81206533446528 -0.85198198498538 -0.813777709472 -0.37345523438314 -0.37032849088681 0.57394389359257 0.57483347608808 0.36183739745125 0.27571470941697 0.2547564426204 0.28082882814744 0.3877767125141 0.3809070811021 0.36550250211332 0.29878339403473 0.32761378799832 0.41779170910906 0.40948667533472 0.42571913291318 0.58597760477044 0.62239395384676 0.62362048393429 0.61994669323307 0.62344762650716 0.61943306051158 0.74995681448096 0.58583993702448 0.45890825879269 0.467276101009 0.48439247485355 0.48773101320894 0.49112632125759 0.52505035266534 0.52775203665288 0.53469815935231 0.53542341759417 0.53720385394673 0.51017577288798 0.50836158757856 0.51772809386681 0.51985449989534 0.5503087365454 0.5468108341405 0.54871718228073 0.55621916565805 0.5579548635684 -0.36761165101795 -0.39376815786123 -0.37476201206825 -0.36810655071256 -0.36671729948356 -0.36809643670547 0.40301108924407 0.41967736000804 0.39797035644984 0.41247269075057 0.43522838818706 0.59151044637411 0.59603113578546 0.59615492497011 0.5970113870836 0.5913726346831 0.63359874026902 0.64980357905798 0.65135173186122 0.73806023989791 0.63724171429279 0.64088647565853 0.63193981930124 0.67072475667653 0.67707978623644 0.58841948661552 0.59122289790423 0.59112831537854 0.58478244751534 0.067579324075052 0.059328802193195 0.62033482831054 0.62255523185068 0.61851828637884 0.61585210842434 0.62526448382934 0.62518723624485 0.62061995596424 0.62128075682621 0.62251786540418 0.57992333474735 0.58161642747162 0.57929080903915 0.63758620429202 0.63932192008169 0.62736966549974 -0.70191778494184 0.6491023413264 0.63719863127292 0.27253809947178 0 0 0.59368585813317 0.50816905388123 -0.57575108479732 -0.60668017607567 -0.56263088473415 -0.57001249163795 0.54599936725266 0.54811092333079 0.59774610123802 0.60232547818407 0.60319526787845 0.61880436222319 0.61888320198661 0.61897784455972 0.61438977674038 0.61273592063763 0.59923128191289 0.59992668474522 0.59877950851799 0.60071897801092 0.59749997958422 0.59761243218241 0.59726144507745 0.59797307725075 0.59839758209322 0.59358481897879 0.59309822655772 0.59403165981579 0.59442530448518 0.62915400602498 0.60948833146579 0.63127756248593 -0.38596898432007 -0.380940194887 -0.37274206774094 0.60229568005787 0.60722680714919 0.59834865367644 0.1055820120294 0.11581582565562 0.063332720428121 0.4454748608155 0.46670197004897 0.51528290723392 0.52116166987578 0.52096138683725 0.52623832549168 0.55391605269663 0.55853399232073 0.56503952154653 0 0 0 -0.82742879340372 -0.37422541467936 0.28516617341764 0.61034919870707 0 0 0 0 0.14241164370769 0.18018522873227 0.14683570250003 0.088757872726744 0.12945557710086 0.14774523495456 0.59803839783575 0.53596315073294 0.5278715474001 0.52643446426613 0.60242381677479 0.61076973623883 0.61404027324186 0.56982562812571 0.57252355554205 0.56928067048398 0.099546468315614 0.031294999260945 0.47275032391625 0 0 0 0.52950979917773 0.58896971401464 0.067436423904588 0.51531763280013 0.51562942944749 0.51728084365683 0.66502012222816 0.66176018875203 0.56830101130403 0.53976961900182 0.54128069854685 0.54368900374814 -0.3683181240297 0.61342783155716 0.60821012130616 0.55400705114087 0.5536772138126 0.55507975042344 0 0 0.59805187346296 0.5979541576013 0.59681622159115 0.594322084755 0.59489054291005 0.093823770058668 0.1969708380692 0.19984302932491 0.43580704170698 0.51978005548859 0.55731047568924 0 0.039215602792495 0.031074050396739 0.56488630113046 0.5656396769689 0.58037655536776 -0.36669053647349 -0.36668478636926 -0.36668520111848 0.59733191548586 0.597196381525 0.2876050218547 0.49691565685961 0.50192394583314 0.32161220888176 0.30600182723963 0.60893954284338 0.48768530834428 0.48056088597282 0.53466406699106 0.53221203375907 0.49741493537828 0.49958465151852 -0.79907852277015 -0.73702651631726 -0.79056457422313 -0.52965681142383 0.57903990296095 0.58720600144255 0.64562373175137 0.51194768545967 0.59504328138979 0.59427214719282 0.34808873867675 -0.68144039806507 -0.54672495156382 0.58456558795298 0.69095618363453 0.6457691222847 0.55863614397693 0.45268709796358 -0.5309521852502 -0.36669656992086 0.55169575559622 0 0.49496929676499 0.49804433628374 0.50192869109677 -0.80671539517191 -0.80852283774244 -0.81396754015608 0 0 0 0 0 0 0.62060140338805 0.66024378954283 -0.5920528216281 0.5196606674628 0.68838806227852 0.68810685225495 0.61659882465035 0.56605315247096 0.56056760416936 0.16523216272958 0.14376678301864 -0.36669752564675 0.59769999836449 0.59773185110749 0.59767441180133 0.59680698085981 0.5025941235179 0.50604280164117 0.51342385845516 0.54296464723613 0.55222381318892 0 0 0 0 0.59575564068932 0.59524729283608 0.59714919931052 0.19608189480681 0.24635735136794 0.25200621361521 0.14414403591318 0 0 0.58925831491405 0.58882624909324 0.59028259517091 -0.57776941726709 0.67473029993373 -0.64301576842875 0.54930675073929 0.55026479702005 -0.36670410278926 0.59556065932257 0.48526193322167 0.49184049106842 0.49782439105567 0.53207337597242 0.53543583767976 0.53940364584896 -0.36671466652784 0 0 0.78445142592088 0.72478528546837 -0.78855077553799 0.47352145014467 0.47562275606041 0.49509857403814 0.52940861975576 0.52859835541675 -0.80714144367713 0.51221169405741 0.51643014409669 0.51243550750527 0.5076850998919 0.48271443520096 0.45779026604009 0.47219391491946 0.4325291532265 0.51453645403294 0.51123718060736 0.59632289360986 0 0 0 -0.68220011932851 0.8358159822383 -0.67341291091046 -0.77834358730777 -0.77049786504731 0.31488383943008 0.31999717012791 0.33976786726551 0.28676180848854 0.40430072767796 0.37433669992534 -0.44266104041865 -0.36667559504932 -0.49722289611709 0 -0.81068829575496 -0.81112810247998 -0.77242938032514 0.62078689806257 0 0 0 0.61156571520563 -0.81151953490421 -0.36669120246665 -0.36668231039364 -0.36668324495809 0.38517881267026 0.36696912845843 0.3757194635596 0.62906938375271 0.59018353294136 0.544064464743 0.62839417380706 0.62412525003742 0.55943114354788 0.55287433971391 0.50661203408906 0.5091523109977 0 0 0.51036952858647 0 0 0 0 0 0 -0.8125864598066 -0.80882266527683 0.58726093639853 0.58710799294533 0.42292441965147 0.45053014388516 0.42697518981936 0 0 0.61500641506917 0.65220504913626 0.60871552404047 0.60586831504377 0.61042326090842 0.52134404921557 0.51085916992775 0.61276335440859 0.61202767603713 0.13786875117037 0 -0.36667649493907 -0.37204287839743 0.540119104224 0.55378367889845 0.54118256650449 0.59840417718238 0.59907912750133 -0.78352434438268 -0.79034786356638 0.53250452661503 0.53918534263436 0.54011188769591 0.50751254681889 0 0 0.59970475929423 0.56976462563571 -0.36667865236079 0.18716620418495 0.56481956761819 -0.61908518977117 0.59577228353284 0.59382856266103 -0.70251343298503 0.68465660877931 0.68234272969742 -0.77064166324863 -0.74261332225799 -0.75653691020664 0.54348746554664 0.55982368082683 0.55789209938166 -0.50412075697772 -0.36979020323456 0.47327971199454 0.41962636680194 0.56457808707696 0.35221624881106 0.31508870094751 0.54941127283435 -0.79216801082492 -0.78960590299717 -0.77754870977029 0.59760993864218 0.59758981524641 0.60025428550717 0.60394594074536 0.60392699794744 0.58088688184908 -0.37340736354044 -0.43484429362479 0.5045068023394 0.57765677915364 0.58263001427713 0.59448818550732 0.59605211874409 0.59693673114712 0.60203410328124 0.60088716817659 0.60617231723902 0.58652435930138 0.5831488981434 0.57291848120663 0.59537951679044 0.5479793952439 0.51879465972221 0.52303049280883 0.50944550144667 0.58753059173216 0.59160486982667 0.58687762894222 0.59076789649281 0.59869702301332 -0.74741441901572 -0.76999658729402 -0.73872160448388 0.57186100041774 0.58966552500739 -0.77141981567713 -0.77900500950073 0.5903105890416 0.58831669391759 0.59262264648567 -0.61394858092094 -0.67822372878039 0.55515475345939 0.55317115153868 -0.77989299684738 0 0 0 -0.76105733639482 -0.76275232435587 0.57824057186334 0.5868864405763 -0.6268255554862 -0.69513352574129 -0.70194346178926 0.63848560216856 -0.73205855229202 -0.7385213564711 0 0 0 0 0.59947568423206 0.53737144668264 0.52779653964076 0.50015784563887 0.50649487214114 -0.64427235749028 0.67106793920321 0.51394579486731 -0.70500009344223 -0.72317209996541 -0.68512233449999 0.59384728694826 -0.80333292537475 -0.74568203295377 -0.59678381892861 0.54559500088188 0.57186830052358 0.56029157766211 0.66534105397212 0.58331040469379 0.59363221856156 0.58227549319531 -0.68503546869734 -0.73402603407695 0.58265423975362 0.57758944563771 -0.75202584408652 -0.62732054227709 0.56730855708275 0 0 0.47722668200677 0.49160725296663 0.47271291525373 0.44187101196022 0.59566878992963 0.67771438807335 0.6721431934156 0.5978181380318 -0.76154694256182 0.32512512772652 0.50047392378413 0 0.63646043988216 0.69369173042969 0 0.38774747735081 0.57739150474567 0.71934272907623 0.71816847035762 0 0 0 -0.71102739344076 -0.69308051246832 0 0 0 0 -0.72572606300425 0.6610839915841 0.69781168504725 0.69406429619791 0.71112472922146 0.41606006152667 0 0.33960241030352 0.42272959725222 0.56364321588954 0 -0.76313735030921 0.67213859627681 0.67682171540599 0.68707782130752 0.56877957576536 0 0.5842744439721 0 0 0.4784669286377 0.48655957462838 0.49865743309534 0.56111896668939 0.56775170164582 0.55143880698914 0.55112448566786 0.55661681595199 0.54105359399961 0.56434645779071 -0.57987815587329 -0.54027202966474 -0.57355070207604 0.46362418941837 0 0.43983942968566 0.54377637383985 0.54151993726347 0 0 0.37179718030566 0.50021346875343 0.50762406527556 0.55172224940204 0.56727610746909 -0.66447977911873 -0.69487496696864 0.49708516442776 0 0.53985144080944 0 0 0 0.5187120303534 0.5301443354931 0 0.54603125655918 0.48224137613107 0.53041808014118 0.53626223158137 0.54498162616526 0.54115404333067 -0.64049021919885 -0.68549943682037 -0.65929491322745 0 0 -0.7086745757482 -0.72150133974038 0.56384120343629 0.5546490686373 0 0 0.4538066442043 0.46507278271991 0 0 -0.57310970064868 -0.52818483261014 0.47920010829745 -0.6593137487883 -0.61364983852909 -0.61471543232915 -0.59654519762197 -0.53926222305888 -0.67148763877596 -0.63115072471979 0.42922616166872 0.45175069155276 0.39899636917265 0.39505691961747 0 0 0 0.5048406299961 0.34727971516307 0.4260680331406 0 0 0 0.5007682185232 0.52780452144642 0 0 0 0.42230416412895 0.3619878344423 0.42109623832662 0.52843524371426 -0.70164558733421 -0.69621321498462 -0.67163023848254 0.53289397503589 0.52807333908716 0.53821265527946 0.51447802785092 0.5101076538179 0.49655064581797 -0.66834426186115 -0.63905591922437 -0.58261112879406 -0.52950166339819 0.48679040465416 0.50080903321966 0.45572478250132 0.39861540296958 -0.5795668514993 0 0 0.5125923377037 0.54444795663319 0.57517812574787 0 0 0.48109284655113 -0.56466579363731 -0.45090502088139 -0.5750572222823 0.59814744954747 0.60708482300601 0 0 0 0 -0.62403637079612 -0.5985891065893 0.50011719510562 0.5836840251855 0.41603376684125 0.44441050094655 0.44634418146692 0.43977125415111 0.33917578502331 0 0.40908710146865 0.40867613155326 0.42141598324747 0.64494905644289 0.65460542959068 0.57033145230836 0.47683742763875 0.59568545749422 0.4610126161212 0.47383068288409 0.47734587722278 0.4583818298196 0.29385872112106 0.23522572439813 0.38520463868059 0 0.24541111717414 0.47102601321307 0.44839097227841 0 0 0 0.41411258892952 0.43053645535686 0.3743687752757 0.33792848520731 0 0 0.42045548961426 0.44111601508232 0 0 0 0 0.53248022001195 0.56670097060331 0.60288873303364 0.64125050207386 0.64145957348297 0.65886456700063 0 0.44319197557366 0.38702335820041 0.235870796574 0.34103346527131 0.43374210406715 0.55051273221678 0.59956515235622 0 0 0 0 0 0 0 0.62181628571398 0.58010875824204 0.5923446412897 0.61686549352559 0.42703779208944 0.66746824679939 0.67284943323485 0.67386207914453 0.66448087993987 0 0 0 0 0 0 0.42357137697207 0.42752471280344 0.41299519183435 0 0 0 0.43890238262232 0.4620247043212 0 0.42995383378611 0 0 0 0 0 0 0.68543733339528 0 0 0 0 0 
