# vtk DataFile Version 3.0
d-2__ created by libgimli-v1.5.0-1-g5991b6ac
ASCII
DATASET UNSTRUCTURED_GRID
POINTS 7111 double
-5.2572257008623	31.3	0
-5.2572257008623	-20	0
205.25722570086	-20	0
205.25722570086	0	0
-805.25722570086	31.3	0
-805.25722570086	-788.7	0
1005.2572257009	0	0
1005.2572257009	-820	0
0	31.3	0
0.75	31.056351694915	0
1.75	30.731487288136	0
2.5	30.487838983051	0
3.25	30.053929911086	0
4.25	29.4753844818	0
5	29.041475409836	0
5.75	28.729700202616	0
6.75	28.313999926322	0
7.5	28.002224719101	0
8.25	27.794921348315	0
9.25	27.518516853933	0
10	27.311213483146	0
10.75	26.880817180138	0
11.75	26.306955442793	0
12.5	25.876559139785	0
13.25	25.215268817204	0
14.25	24.333548387097	0
15	23.672258064516	0
15.75	23.275728793309	0
16.75	22.747023098367	0
17.5	22.35049382716	0
18.25	21.797145679012	0
19.25	21.059348148148	0
20	20.506	0
20.75	20.160185714286	0
21.75	19.6991	0
22.5	19.353285714286	0
23.25	19.008744444444	0
24.25	18.549356084656	0
25	18.204814814815	0
25.75	17.853190998173	0
26.75	17.384359242651	0
27.5	17.032735426009	0
28.25	16.757315226472	0
29.25	16.390088293756	0
30	16.114668094218	0
30.75	15.869753747323	0
31.75	15.543201284797	0
32.5	15.298286937901	0
33.25	15.053372591006	0
34.25	14.72682012848	0
35	14.481905781585	0
35.75	14.23699143469	0
36.75	13.910438972163	0
37.5	13.665524625268	0
38.25	13.427066794228	0
39.25	13.109123019509	0
40	12.87066518847	0
40.75	12.634523281596	0
41.75	12.319667405765	0
42.5	12.083525498891	0
43.25	11.757111849224	0
44.25	11.321893649667	0
45	10.99548	0
45.75	10.905037745878	0
46.75	10.784448073715	0
47.5	10.694005819593	0
48.25	10.621260911736	0
49.25	10.524267701261	0
50	10.451522793404	0
50.75	10.378777885548	0
51.75	10.281784675073	0
52.5	10.209039767216	0
53.25	10.13629485936	0
54.25	10.039301648885	0
55	9.9665567410281	0
55.75	9.9037384490704	0
56.75	9.81998072646	0
57.5	9.7571624345022	0
58.25	9.696702942362	0
59.25	9.6160902861749	0
60	9.5556307940347	0
60.75	9.4951713018944	0
61.75	9.4145586457074	0
62.5	9.3540991535671	0
63.25	9.2936396614268	0
64.25	9.2130270052398	0
65	9.1525675130996	0
65.75	9.0921080209593	0
66.75	9.0114953647723	0
67.5	8.951035872632	0
68.25	8.8905763804917	0
69.25	8.8099637243047	0
70	8.7495042321644	0
70.75	8.6890447400242	0
71.75	8.6084320838372	0
72.5	8.5479725916969	0
73.25	8.4875130995566	0
74.25	8.4069004433696	0
75	8.3464409512293	0
75.75	8.2859814590891	0
76.75	8.2053688029021	0
77.5	8.1449093107618	0
78.25	8.0844498186215	0
79.25	8.0038371624345	0
80	7.9433776702942	0
80.75	7.8916275271007	0
81.75	7.822627336176	0
82.5	7.7708771929825	0
83.25	7.7202699055331	0
84.25	7.6527935222672	0
85	7.6021862348178	0
85.75	7.5515789473684	0
86.75	7.4841025641026	0
87.5	7.4334952766532	0
88.25	7.3828879892038	0
89.25	7.3154116059379	0
90	7.2648043184885	0
90.75	7.2141970310391	0
91.75	7.1467206477733	0
92.5	7.0961133603239	0
93.25	7.0455060728745	0
94.25	6.9780296896086	0
95	6.9274224021592	0
95.75	6.9880286053444	0
96.75	7.0688368762579	0
97.5	7.1294430794431	0
98.25	7.1951678951679	0
99.25	7.282800982801	0
100	7.3485257985258	0
100.75	7.4142506142506	0
101.75	7.5018837018837	0
102.5	7.5676085176085	0
103.25	7.6333333333333	0
104.25	7.7209664209664	0
105	7.7866912366912	0
105.75	7.8456838656839	0
106.75	7.9243407043407	0
107.5	7.9833333333333	0
108.25	7.9555555555556	0
109.25	7.9185185185185	0
110	7.8907407407407	0
110.75	7.862962962963	0
111.75	7.8259259259259	0
112.5	7.7981481481481	0
113.25	7.7703703703704	0
114.25	7.7333333333333	0
115	7.7055555555556	0
115.75	7.6777777777778	0
116.75	7.6407407407407	0
117.5	7.612962962963	0
118.25	7.5851851851852	0
119.25	7.5481481481481	0
120	7.5203703703704	0
120.75	7.4325982423101	0
121.75	7.3155687382298	0
122.5	7.2277966101695	0
123.25	7.1324576271186	0
124.25	7.0053389830508	0
125	6.91	0
125.75	6.8146610169492	0
126.75	6.6875423728814	0
127.5	6.5922033898305	0
128.25	6.4968644067797	0
129.25	6.3697457627119	0
130	6.274406779661	0
130.75	6.1354766257274	0
131.75	5.9502364204826	0
132.5	5.811306266549	0
133.25	5.4564960282436	0
134.25	4.9834157105031	0
135	4.6286054721977	0
135.75	4.2737952338923	0
136.75	3.8007149161518	0
137.5	3.4459046778464	0
138.25	3.091094439541	0
139.25	2.6180141218005	0
140	2.2632038834951	0
140.75	1.9083936451898	0
141.75	1.4353133274492	0
142.5	1.0805030891439	0
143.25	0.74922744414376	0
144.25	0.30752658414361	0
145	-0.0237490608565	0
145.75	-0.34155522163787	0
146.75	-0.76529676934636	0
147.5	-1.0831029301277	0
148.25	-1.4009090909091	0
149.25	-1.8246506386176	0
150	-2.1424567993989	0
150.75	-2.4602629601803	0
151.75	-2.8840045078888	0
152.5	-3.2018106686702	0
153.25	-3.5196168294515	0
154.25	-3.94335837716	0
155	-4.2611645379414	0
155.75	-4.4594415501854	0
156.75	-4.723810899844	0
157.5	-4.9220879120879	0
158.25	-4.8567878275571	0
159.25	-4.7697210481826	0
160	-4.7044209636517	0
160.75	-4.6391208791209	0
161.75	-4.5520540997464	0
162.5	-4.4867540152156	0
163.25	-4.4214539306847	0
164.25	-4.3343871513102	0
165	-4.2690870667794	0
165.75	-4.2037869822485	0
166.75	-4.116720202874	0
167.5	-4.0514201183432	0
168.25	-3.9924532973417	0
169.25	-3.9138308693398	0
170	-3.8548640483384	0
170.75	-3.8004833836858	0
171.75	-3.7279758308157	0
172.5	-3.6735951661631	0
173.25	-3.6192145015106	0
174.25	-3.5467069486405	0
175	-3.4923262839879	0
175.75	-3.4379456193353	0
176.75	-3.3654380664653	0
177.5	-3.3110574018127	0
178.25	-3.2566767371601	0
179.25	-3.18416918429	0
180	-3.1297885196375	0
180.75	-3.0377347567637	0
181.75	-2.9149964062653	0
182.5	-2.8229426433915	0
183.25	-2.6359102244389	0
184.25	-2.3865336658354	0
185	-2.1995012468828	0
185.75	-2.0124688279302	0
186.75	-1.7630922693267	0
187.5	-1.5760598503741	0
188.25	-1.3890274314214	0
189.25	-1.139650872818	0
190	-0.95261845386533	0
190.75	-0.76558603491272	0
191.75	-0.51620947630923	0
192.5	-0.32917705735661	0
193.25	-0.23042394014962	0
194.25	-0.098753117206982	0
195	0	0
195.75	0	0
196.75	0	0
197.5	0	0
198.25	0	0
199.25	0	0
200	0	0
100	-20	0
152.62861285043	-20	0
47.371387149569	-20	0
178.94291927565	-20	0
72.938661444223	7.6341050165797	0
65.366515880847	8.0763650215728	0
94.480842618149	5.9091664976883	0
52.028527404712	9.2041628047828	0
87.830173119444	6.3652207703025	0
80.202580955231	6.9473344891745	0
22.444844074042	18.26114885871	0
3.6713692710267	26.559742628073	0
7.4530502548251	26.923868233237	0
41.860378539855	11.221596810712	0
156.97390639574	-5.8897366228618	0
45.255003086258	9.9461350764924	0
34.299800819094	13.741977496582	0
162.34899086381	-5.3100739665235	0
146.76630626655	-1.8262372105736	0
168.06272485183	-5.0521971312637	0
152.47865582879	-4.4573982683621	0
172.84710364734	-4.5020656080369	0
177.96980503115	-4.2582132030208	0
182.15297327326	-3.9564107048456	0
187.41861519981	-2.577415441074	0
193.13944711644	-1.2627931368959	0
112.00163337262	6.8899980823039	0
102.97948615293	6.7147169562022	0
122.81072843156	6.1087132699573	0
107.9376114815	6.9089313581756	0
123.80619148464	5.3093820052417	0
199.82769318112	-1.1878614260878	0
139.27229143809	1.4552091005776	0
136.80613695218	2.8574316477653	0
72.104084664581	7.9011802603968	0
75.355973379881	7.3964853487283	0
64.502611596267	8.4881949732612	0
60.386091902578	8.4264624074835	0
67.93465825697	7.7804427535746	0
98.026928665989	6.1020596629876	0
95.496234561507	6.0305333232894	0
92.711067749327	6.1671308169309	0
50.181433488834	9.4018004686793	0
55.329043791723	9.1195496129675	0
52.90420505996	9.4281484334414	0
90.370529404846	6.1941033138677	0
86.988914428679	6.8013835014444	0
82.799742438522	6.6691899142219	0
79.454934482962	7.4015350845359	0
27.375551813128	16.022328829739	0
24.925462492843	16.928956312094	0
21.706042815901	18.839601692896	0
8.2766880234268	25.660910321973	0
8.5710363632387	26.854271916923	0
9.7606749393066	24.648742998763	0
42.735494979118	11.258913034512	0
40.086852447053	11.738182114738	0
155.11557791828	-5.4724753553201	0
158.05046648909	-5.9016216591807	0
47.132987122244	9.8006226871696	0
44.034276615101	10.178162567676	0
36.74163864267	12.54749185543	0
35.14422871557	13.631783677614	0
32.619232348764	14.302341288872	0
160.37426055798	-5.4801528496663	0
164.51840428201	-5.3729167374185	0
163.00241345552	-5.0262186111942	0
149.06104361426	-3.0388067585035	0
147.64090002788	-1.948600909832	0
144.88013795265	-1.0779853018884	0
170.54613754504	-4.8211009660457	0
167.14162107531	-4.8007338303483	0
151.75188016709	-3.7765211632449	0
172.08567590582	-4.3506300714461	0
174.56454199778	-4.4877170291131	0
177.14061131736	-4.1519501835132	0
179.8619968293	-4.1936494669248	0
183.21547917045	-3.565114975327	0
185.64694594301	-3.0837286478054	0
189.86183862598	-2.1116732104904	0
188.15614110567	-2.1864007304812	0
192.22089735765	-1.1291195651643	0
195.46863594883	-1.137015910034	0
110.28420919088	7.0319523036953	0
117.10960469636	6.5874134155779	0
112.84648547115	7.0072377092276	0
104.74569463996	6.8102122949389	0
102.17058790343	6.7808341549443	0
121.98880457939	6.5524394742847	0
141.73791707998	0.46101545994677	0
107.0530876034	7.265971487078	0
125.78139971435	5.2962668092207	0
140.19889938871	1.4227405933371	0
197.93052708968	-0.95767070783067	0
131.67157603009	4.8123123592444	0
134.14127580957	3.7396398485866	0
126.45002043712	5.2088023925321	0
125.35927779978	6.0332023193842	0
70.506774831528	7.657797794307	0
77.097259300841	7.2824453359478	0
74.463977658185	7.6911739118142	0
62.879146251499	8.3295474531129	0
59.480089891682	8.8594196455261	0
67.014507003048	8.238139162035	0
99.768915595072	6.3900945748365	0
97.010632195962	6.1426308208709	0
91.979186822513	6.4495793010206	0
49.362684746958	9.7909824278174	0
56.987174123921	8.9618787150672	0
54.556887662774	9.3305604372299	0
89.496565511389	6.5708222494388	0
85.364891487646	6.5585498337067	0
81.920211702959	7.1005147710929	0
29.1378869923	15.283632171267	0
26.737021973232	16.660629644059	0
24.11378339754	17.661582316166	0
20.053571559341	19.287935512033	0
0.065923724954783	28.970615302909	0
39.246490168978	12.228651222137	0
154.15190272303	-5.0061815871521	0
47.915496030132	10.095079289349	0
37.74731039953	12.869862471767	0
31.85497683011	14.675014340509	0
159.68748026674	-5.3604275684229	0
165.46759841858	-5.0073978017162	0
150.12833889552	-3.0594930550558	0
144.32117437061	-0.37944277769504	0
169.62676572487	-4.5854487221657	0
175.40032954531	-4.2915426056387	0
180.57998196621	-3.6716758612812	0
184.66196606371	-3.1972511312505	0
190.6372151289	-1.5284447004544	0
191.45547418354	-1.4115292405357	0
194.58684083599	-0.71248633289857	0
109.53399723118	7.2624400681765	0
115.34158548545	6.8115221307598	0
119.45795514595	6.4933932730083	0
117.94974579979	6.9337835273624	0
105.49998730123	7.200017332278	0
124.5124195028	6.1130899110406	0
106.2672164696	7.1649683803665	0
124.93572890212	5.0861488211876	0
128.22928119134	5.0096363884087	0
197.12711497695	-0.77657960791918	0
128.23049793872	4.1866854538385	0
127.00090140293	5.8267195504083	0
126.31430642522	-20	0
133.25032042194	4.5014800376032	0
69.584099437952	8.0787410403134	0
77.953607434179	7.4319913017724	0
62.024868939614	8.7255948876975	0
100.52024053052	6.6608032443769	0
57.801912016643	9.0327208927094	0
84.497339811119	6.9484097434629	0
30.101070963352	15.262977749487	0
192.25421650033	-2.1300979094261	0
193.90670683604	-0.77199423511142	0
114.56588364153	6.9614568275567	0
120.36466256594	6.7111686568532	0
106.8146020769	6.3638744264546	0
132.35549771755	4.1690324328987	0
130.17377995432	5.2320224643195	0
194.30268738556	-1.557850941353	0
120.44133873557	5.5840541889333	0
121.16813507356	6.5294148515586	0
121.71071067832	5.5822950786975	0
4.9253554660895	27.726226350356	0
140.90679919118	0.96929776059364	0
-0.018350191424383	30.26311565968	0
13.846263110132	22.997682243732	0
9.6312991490217	26.371266007931	0
6.7856229703038	27.614664218908	0
10.816935049449	25.72340243853	0
71.407766934529	7.9289682090063	0
63.796010729565	8.5541246057694	0
95.228677958164	4.4749400506275	0
53.738282958516	9.2568388285536	0
86.285779175732	6.8537388965873	0
21.01588748884	19.145542905878	0
43.390008488162	10.958761869655	0
34.82778370174	12.361989909759	0
35.842809235223	13.337665122501	0
163.24515321047	-5.8795395664374	0
163.65389491395	-5.0079952418727	0
147.37069570109	-3.1443382820175	0
148.31470710601	-2.2722040934346	0
166.31995632342	-5.0122100031745	0
151.11591589571	-4.7995528943663	0
171.41035265819	-4.4246506337348	0
171.91557291179	-5.4192285437516	0
176.27580870184	-4.3890831064071	0
183.4320893557	-4.972862964128	0
188.75498883183	-3.356330405243	0
188.85470541923	-2.0364755667689	0
113.70346454738	6.826687759079	0
127.306935299	4.7716698379015	0
71.939288577555	6.7935727411333	0
79.574943106034	5.4730213329921	0
73.747913289175	7.8781393239911	0
74.15651511865	6.2680405723966	0
64.092146004157	7.4468728067325	0
58.602258745177	8.830786745532	0
66.294533327907	8.3111222083214	0
66.585336726508	7.1385579619763	0
102.26076652087	5.5454454961136	0
96.252794366915	6.352723879176	0
91.29691418234	6.4739968799307	0
91.624291723712	5.3705091292538	0
48.609378419886	9.965296642131	0
88.780852546079	6.6193382209608	0
89.064818306773	5.4689763655881	0
86.564715979821	5.8819154674588	0
81.195666885737	7.1678015609485	0
81.357791739982	6.092504145584	0
26.036826930405	16.948766702139	0
25.696984758657	14.710363755834	0
23.408588248536	18.01794215403	0
22.983839960873	16.616845866881	0
20.821953086576	17.74857937081	0
19.021504439225	19.888682769372	0
3.325623672306	29.063751991293	0
-5.2572257008623	23.3	0
38.458550839121	12.575736715813	0
153.46778142974	-4.4516818847284	0
30.871400401096	14.696803266854	0
159.00079416633	-5.6495601967052	0
150.90350675407	-3.5187963705447	0
143.56546664242	-0.19219649814566	0
168.92084273082	-4.6466780962347	0
169.40631308831	-5.6871380220931	0
180.44224146385	-5.5794157265853	0
181.25324262151	-3.5964280347637	0
183.88854987127	-3.1317907801015	0
108.85131156205	7.2531784163561	0
109.28662227356	6.2275344545165	0
118.25256971545	5.9832566696919	0
118.63226095638	6.9083840735591	0
123.72586932293	6.3338606395854	0
125.99595971699	4.1771265283917	0
130.78016182028	3.1289351340964	0
196.42480519255	-0.80648760986104	0
197.02170755652	-2.1192711818518	0
126.18164533043	5.9778952100401	0
133.05357735328	3.5568097264764	0
68.863976047792	8.1227261491437	0
69.30342833935	7.0535943872019	0
78.728905041943	7.4186418459506	0
61.317492737247	8.7651889947585	0
61.674197247165	7.7599020260653	0
101.36191655105	6.5792036195149	0
83.777732886348	6.9871794456409	0
84.085638847257	5.9580425474964	0
191.11427403364	-2.4047729647225	0
105.74044896409	6.408213746619	0
135.1495123969	3.6691568448234	0
130.87074296844	4.4213919544847	0
142.63359501008	0.049997263523272	0
143.04047748369	-0.96169279980348	0
121.16162079971	4.1011665022752	0
6.1634286849665	26.957201822081	0
15.001883113366	22.369602407818	0
-5.2572257008623	-0.70000000000001	0
97.271142459023	4.6695139313663	0
52.99884494288	8.3369236027534	0
42.689493088012	10.290759088107	0
165.72972038878	-6.1690503057726	0
149.91722393237	-4.118322011854	0
153.86243269779	-6.5521492905666	0
175.40386073242	-5.6518231107032	0
185.11880700329	-4.5105820829045	0
112.77419026184	5.7591181960219	0
78.315066522538	6.1628959412696	0
57.670372506667	7.9096092404854	0
100.71840833054	5.5732909081521	0
96.252515751336	5.5339730367073	0
47.372679843372	8.5630265862489	0
26.018599997857	15.922711755552	0
17.233547651257	20.729578142672	0
-1.8407656854644	30.143376068771	0
37.49101088215	11.001410500018	0
30.362649631751	13.639875290581	0
158.95356091724	-6.7981879227559	0
136.30799397421	1.5537500192174	0
181.02904245071	-4.4035682230618	0
184.06362928044	-3.8753024158431	0
79.106492248034	6.714106223203	0
78.376533122015	6.9000344109789	0
77.795804470564	6.7920372150161	0
73.851197961609	7.1810453454417	0
192.05487022801	-3.8817954929448	0
106.0823332949	5.1201759627996	0
135.94612912334	3.1229519539317	0
11.913861940928	25.364241305464	0
54.464618238409	8.2716544313793	0
167.05744534762	-5.7665946281006	0
153.2019302112	-5.3151511222332	0
177.19970251968	-5.439081777064	0
114.53072795135	5.7386066654673	0
59.16206774444	7.858932906393	0
48.567927881067	8.6357796855745	0
48.067283676932	9.4031587178757	0
48.788436500799	9.3670189167081	0
49.316431106397	9.0467097144527	0
49.662384065514	8.0465441385625	0
24.5686005059	15.318824934966	0
16.914602906086	21.816731258121	0
38.645048927894	10.794400041284	0
37.782451327353	12.135835721876	0
38.472145393731	11.688089906233	0
39.209839761502	11.398366736761	0
39.604113781034	10.552367080458	0
31.53540124605	13.543677343548	0
29.746410173084	14.361462193466	0
159.80912318747	-6.1542184212481	0
133.3890077547	2.2727907820663	0
128.6853393939	5.6606567877529	0
181.87629775503	-5.4293864510428	0
141.7365747578	-0.81831960176588	0
129.09268855962	3.1783715237197	0
140.08750052933	0.52983925663982	0
-0.81579531591009	30.530696297354	0
16.028804338387	22.247622029642	0
28.533000959511	13.963823825705	0
160.19794563898	-7.2659885849041	0
127.82831376688	5.7260907551371	0
134.60964069024	1.1934765438011	0
11.106962296475	24.767837589444	0
15.734828648695	21.032044124873	0
29.470133049225	13.341079224528	0
160.63150156477	-6.3040813608984	0
4.1926151275885	28.653062984204	0
30.190369629011	12.284103436406	0
165.78576606304	-20	0
161.35617236349	-5.6395929498478	0
28.518018048306	12.476979807455	0
162.21568261355	-6.2143712489029	0
51.142728148832	9.5627702133662	0
50.993525860164	8.5506334331225	0
51.038891206771	7.0295827968768	0
51.887213768385	8.0683648015174	0
52.365592682365	7.2253612028396	0
53.58551351686	6.9107734491497	0
52.30358709621	5.7876133266593	0
2.4376238965739	29.701210908325	0
190.27487219179	-5.1119554687024	0
41.041777777184	11.735245641364	0
40.769035994666	10.772548989163	0
156.08491357604	-5.5111649642631	0
155.83151340959	-6.9836117318312	0
46.198155339934	10.086715100019	0
46.099441124942	9.0100358724281	0
111.15369745453	7.094792131319	0
110.98253914509	5.8687696987044	0
103.82004986026	6.9411681228955	0
103.87651392694	5.8349440438182	0
129.44481014991	5.6502291801442	0
198.82226789934	-0.8326288397704	0
198.84692004229	-2.0164871555781	0
98.903046281152	6.4075995897202	0
99.216075480745	5.0677401752972	0
93.598472487602	6.1912726433813	0
93.291211504724	4.8613391444011	0
28.390996525952	15.894115659628	0
-5.2572257008623	15.3	0
0.79643366166756	30.071121717104	0
33.499174858806	14.179355656788	0
33.077059015687	13.075411352071	0
145.9135626277	-1.3350103625353	0
173.70625442235	-4.3499558897363	0
173.61473797043	-5.5924393260957	0
178.84206671002	-4.0478205879079	0
178.87207383273	-5.350291011428	0
186.4856673118	-2.6704003309569	0
186.86127072109	-3.9180542865793	0
116.19173154347	6.9186474852943	0
116.00492082406	5.8823349398227	0
137.54777164513	2.3794875727372	0
132.14979147644	3.1216809847994	0
76.235218294876	7.5672014060958	0
76.240850545203	6.6815666303094	0
77.258190984609	6.206200407669	0
67.172075172435	2.9311530377695	0
88.446719624637	0.14118288066897	0
56.169530587893	9.1750944389474	0
56.031386642742	8.0680105415635	0
18.31079401462	20.610803589354	0
195.1752453753	-2.7680033745589	0
143.9285367816	-0.90118184647925	0
129.12189445104	4.7203643432172	0
148.41442164431	-6.4923124496658	0
157.62021843839	-7.2223954939905	0
152.03791013115	-6.0821146222991	0
18.721965656145	18.296896473596	0
40.47810757418	9.2865250256139	0
41.565086685782	10.128512226623	0
42.045210082672	9.0934615195164	0
140.94351990706	0.074329212442869	0
27.938757442919	15.024945339962	0
132.46269557535	5.1165377518632	0
68.402533257596	2.9591476326614	0
162.70069615297	-7.2593146797667	0
17.805839974461	19.583857212464	0
41.426442373226	7.5523575844387	0
44.452863031827	8.5393780338661	0
26.783373782958	14.886900746379	0
26.258199640911	13.546329289693	0
27.404800546809	14.118013672055	0
27.506674443503	13.184411612119	0
26.818337017524	11.836247600678	0
66.625249457005	4.0432235009505	0
43.225752930349	9.2386580909632	0
86.382866004514	0.8277831162344	0
42.921619487194	8.117554260621	0
63.954446362093	3.0982539765439	0
83.051888635434	1.8169742563589	0
61.752448008963	3.0889317885291	0
202.62861285043	0	0
-2.6286128504312	31.3	0
193.52674644378	-2.6998117239176	0
170.69424289055	-5.9652059510219	0
107.8158218882	5.3413569935828	0
119.25167623719	5.2147491859404	0
13.097386685544	23.909686946104	0
148.42929795752	-4.6644959068738	0
101.1761292958	3.1980156159539	0
190.412700836	-3.3727892578957	0
168.1267657859	-6.4136638434647	0
176.57309490131	-7.4209116412007	0
60.316810862275	6.6681719786649	0
130.0068108668	4.1350331642005	0
124.16752760984	3.5941182332456	0
6.0742600480272	27.868728662789	0
49.351853755903	6.2723615626605	0
105.03947784146	5.8108055409839	0
103.53961671419	4.1507511466607	0
104.75653819688	4.8932441889907	0
107.17406096119	3.4971695603562	0
105.24861509582	3.5590360936467	0
103.92226896056	1.8863254728848	0
106.01727158591	1.808618304533	0
55.007358772346	6.8760015588694	0
196.48485702483	-4.4981837000987	0
113.57898382489	3.8557727981263	0
145.42565857787	-2.6503743809467	0
38.46259472395	9.3546104389137	0
16.409196573907	19.550707975193	0
43.472175160154	6.1937770238327	0
82.742574604559	3.3710982696623	0
205.25722570086	-8	0
181.35121805185	-7.0416246369383	0
59.434999728002	5.0253963653018	0
48.144595842594	7.4197226097064	0
109.60566532558	3.9424439079621	0
17.153662414522	18.44209316102	0
201.25497662153	-1.2703413007467	0
13.668172963158	21.000525808326	0
-1.3143064252156	31.3	0
-0.9050884269104	29.644455705388	0
3.4714805028158	27.951826940279	0
-5.2572257008623	27.3	0
2.3713367760926	28.531944708102	0
1.4379937217146	29.32990051477	0
2.3606453228318	27.163198889075	0
1.2139118056758	27.96659387101	0
12.083109703967	22.709111555176	0
12.071414407406	24.295540029005	0
149.84785115061	-5.5906582319656	0
134.92292679978	2.5910567963721	0
172.2455790789	-8.0724950055103	0
48.84983050961	4.0248185525784	0
58.520075640038	6.4365178928522	0
56.591941156306	6.1525738519427	0
57.950510001061	4.9780886498971	0
56.605782764734	3.8035707701798	0
58.607212947255	3.4362080070778	0
61.058912157045	4.9021418291333	0
46.18389531334	7.1573477673114	0
17.207915913253	16.790521913205	0
6.6555267947131	25.568397034895	0
5.1120709107657	26.028502900766	0
2.2665546305616	25.348987492069	0
-0.13274385171478	27.189552591374	0
9.9219288453131	22.61913329952	0
10.98758955709	23.807969618526	0
150.34804724429	-7.4383916426789	0
150.83928089496	-5.981526389441	0
161.40778158847	-6.9243728638206	0
161.33355032007	-8.819038413537	0
169.48525364649	-8.1822139275239	0
168.18012297094	-7.8088454195477	0
169.07508868458	-7.0167610514517	0
47.712195128603	5.8770062887813	0
15.640631183552	18.017519694534	0
1.1951151461178	26.603737765598	0
7.6223661235632	23.590479918142	0
166.96420853209	-8.7563434247825	0
46.025589114159	4.5371971017421	0
0.27833128628562	25.344132152063	0
170.1586831079	-6.9906479315551	0
166.93336441476	-7.1459497532916	0
168.43239962954	-9.3305732459085	0
170.84164925873	-8.1870764239085	0
165.51776212038	-7.9492202126173	0
170.14321828536	-9.7599194224754	0
171.4242992059	-6.903925367394	0
171.55203805485	-9.2151352425963	0
172.67706064048	-6.7872746977427	0
164.24208212039	-6.8978788439068	0
165.47282758983	-9.9506349261411	0
171.75032008724	-10.665475131707	0
174.17089438052	-7.9496235854281	0
163.72246626294	-8.7299557313441	0
172.7456069349	-9.3965095381963	0
173.98836571679	-11.085171927453	0
74.610304338054	6.9611278898789	0
65.369989806306	1.0835643064469	0
65.319477618741	6.9087147004791	0
64.011721482867	4.8894527736435	0
76.302712358758	5.3989869944048	0
90.322737434859	5.0143812862963	0
89.016262688611	3.0520820700524	0
91.419006511314	2.8379110935608	0
87.622575992872	4.9943121838528	0
86.558142831296	3.3466068349995	0
88.398368796341	3.9667924293592	0
89.642479475414	4.0600824051103	0
87.348565982988	3.8370895953499	0
90.137624330974	2.8855759894901	0
86.482967852842	4.4832853655036	0
87.647081748286	2.4310520578939	0
90.877913531097	3.9977191512259	0
85.342395690832	5.1504758759116	0
90.642533465009	1.4269269418807	0
92.100196790232	3.8312320876486	0
85.435070935648	3.7248659490281	0
89.180373892651	1.9844878744663	0
73.751606510102	3.5875191949298	0
93.269889550009	2.1032793179288	0
84.1003067112	4.3366055575567	0
71.553170798095	4.7382822526819	0
82.699859649757	5.1039818091859	0
66.407998798663	5.0451515570022	0
65.864162331217	2.9323658548432	0
67.81538649465	1.8567186349338	0
84.569994768783	0.99614974842658	0
127.43147434765	3.2791735397541	0
131.04286506538	5.3098136963557	0
68.018504078422	6.0663256624456	0
66.84507465481	5.8100124874681	0
65.864919810368	5.9071338202425	0
66.712288121311	1.8358708324363	0
64.67070139286	5.9665674583663	0
73.221134664013	6.6757813560875	0
63.377575271906	6.0711878106563	0
75.248223834224	6.288567412349	0
65.343495593364	4.5560107404355	0
62.802897630943	7.1666570256933	0
62.690902294421	4.7140960322321	0
69.461773034579	1.1555714233346	0
74.851793924817	5.0498133298664	0
61.987120484128	6.2149759377719	0
70.586363066512	6.3181785656961	0
73.24346757211	5.5174470418718	0
68.481564014812	4.433155723314	0
69.638412801071	5.3466339843697	0
67.331506430715	4.8781265112217	0
138.45790425001	2.1459717062419	0
35.990898406934	11.103659759475	0
34.5475647962	10.206232372239	0
36.360155521686	9.4065216107837	0
159.03054566534	-8.4811646915968	0
24.84268244128	13.921638713509	0
28.59231115388	10.288038662166	0
141.00914073309	-2.5590679664667	0
50.667751080102	5.2847232951628	0
105.4568400216	-1.1286723285948	0
54.361583569934	4.9671941720829	0
184.74356960686	-6.8576981225803	0
182.8326153985	-6.6391714649138	0
108.28070240755	1.2186847794441	0
14.910530534512	19.527414459544	0
-1.9146294372181	28.311350551265	0
137.98272973586	1.1955061620172	0
57.479249157561	1.3245670249407	0
60.171682724848	3.6514849975649	0
3.9448541047273	25.109683405717	0
3.3614542438878	23.363957296035	0
5.3370869612982	24.239159333745	0
167.172152948	-10.323661249721	0
96.50386480403	2.2353818836755	0
67.603148540913	3.8513366929314	0
85.815182182472	2.3412822305283	0
69.897521107587	3.46397599461	0
81.116229295279	4.229295884811	0
142.57509607106	-1.9871893026118	0
85.413816976603	-1.6563269747662	0
24.748394204532	12.225950057589	0
22.941925718572	13.842102492478	0
122.68972709668	4.6249666101481	0
182.74658227562	-8.9091855697899	0
13.112663539088	18.053357945493	0
-5.2572257008623	29.3	0
-1.6160741505287	25.928754234738	0
76.451772439775	3.2780691518664	0
73.685693574784	-20	0
8.0927933522982	20.626930511669	0
166.35901582021	-12.420722433245	0
145.94963494759	-5.5568291389227	0
82.467689277772	0.011555337608459	0
168.59821552436	-11.147822926805	0
31.774373437367	12.146886721044	0
154.27762868987	-8.9428213366936	0
111.77385443677	4.1451210531345	0
39.531564748195	7.6176215145863	0
200.77678571004	-3.0042374732127	0
188.18625360795	-5.5534543796582	0
192.54887873079	-6.8699742294445	0
179.63041694801	-7.0826275830821	0
128.06513751225	1.3619774667028	0
163.05203158585	-11.473540766436	0
77.837048172732	4.9646407544841	0
71.867122052092	2.1500135024267	0
51.783313963441	3.3189797022173	0
60.009442461897	1.7698308360792	0
98.637688677009	3.1356935251925	0
67.346326274152	0.33911882506426	0
62.636389919196	0.29874882634253	0
119.1390650713	4.170573934408	0
169.16626548816	-13.454711322095	0
31.088830920466	10.581397550785	0
32.987594500658	11.258540459288	0
152.39017395137	-7.9625929512347	0
143.84989719705	-1.8805369910726	0
37.169089922956	6.8533867364345	0
40.16130737809	5.0756514941118	0
205.25722570086	-4	0
186.40978249091	-5.6874691836759	0
178.13894798609	-6.8643002828292	0
178.40327446522	-9.0392758353075	0
79.14234210946	3.3064429071687	0
84.286488363463	2.7610570393082	0
99.008873481757	0.50925732590886	0
81.200745013227	2.0928476166599	0
32.620228461873	9.1836692839364	0
203.03357331582	-2.1575844029267	0
187.13062681624	-7.6110511414188	0
180.54238344421	-8.6449183603709	0
30.391418813373	8.3413288230211	0
180.56355217764	-11.167096899313	0
194.22326296996	-4.6029896912726	0
195.53368332192	-6.9053430402661	0
19.012035266228	16.377255462596	0
176.08069618276	-9.6019261301815	0
140.27120549132	-0.7534698937475	0
133.11784817637	0.065248807595054	0
131.56466108636	3.9295028758231	0
138.97577934441	0.04301515716231	0
119.96015809569	4.4736258467776	0
118.42221992604	3.281320610305	0
135.34581148498	-0.47297288695411	0
122.48224586739	3.0610530584079	0
118.24594418545	4.6054385928055	0
119.09191284764	1.7365580371048	0
117.10906806643	5.1618550913522	0
119.80257194347	3.3087272455397	0
115.74252488772	4.0911752463716	0
117.29482950928	3.8390435615955	0
121.04045150865	2.1023856476635	0
116.95464203827	2.0684943942514	0
143.26175009186	-3.6799952532861	0
123.35809894611	0.90222946312038	0
131.77464914734	1.6975984427603	0
137.36511022576	-0.3768605340751	0
125.91653535016	2.0230863128141	0
120.35563064287	-0.47280168419693	0
130.05210656476	1.4831000028861	0
136.70162148951	-2.779592990843	0
131.18459841175	0.1512788042696	0
138.90870546422	-1.7566826141605	0
131.56314264387	-1.8655429230129	0
139.14869770703	-4.0799565648013	0
129.44037660247	-0.57979319271876	0
147.46007690679	-9.1087039232559	0
111.93025295742	1.3029942216794	0
114.72597264651	2.114899116518	0
115.4295005207	-0.73701384133314	0
1.0945974829248	23.281555897429	0
65.719915759089	-2.117250155314	0
25.298837498277	9.3421121128984	0
11.019586255659	20.343218026441	0
12.254246771812	14.694988966937	0
-3.4641191420502	29.768242636357	0
-517.25722570086	31.3	0
-3.88552429572	28.253654927926	0
-3.5329908332727	26.587495617796	0
-261.25722570086	31.3	0
-5.2572257008623	25.3	0
-133.25722570086	31.3	0
-3.2649127218361	24.430192419756	0
-37.257225700862	31.3	0
-69.257225700862	31.3	0
-21.257225700862	31.3	0
-8.1096030973698	24.023372577289	0
-13.257225700862	31.3	0
-6.8442157973576	26.229390306265	0
-9.2572257008623	31.3	0
-6.8356275439817	27.750222975574	0
-7.2572257008623	31.3	0
-8.058542877368	29.149254757143	0
-10.982969333978	28.470745760712	0
-8.7565894982557	26.75492441126	0
5.3409473329358	21.773013893967	0
156.87284942681	-9.2132141617207	0
198.68742847073	-3.9953892474466	0
170.28297738701	-11.595272786558	0
171.73527500845	-12.950632067238	0
34.532227221287	7.9359130475223	0
34.323366006343	5.1862511818946	0
192.10007248825	-20	0
197.24472349865	-9.52665866733	0
17.671028560376	13.893223474209	0
20.648954617923	15.199255757511	0
177.25028039809	-12.523813738367	0
141.22504810212	-4.7307502580461	0
139.47145963782	-20	0
142.80920863705	-6.3388347260655	0
126.49138287696	-1.1581507820314	0
151.41226664517	-10.760831054002	0
91.364190523503	-1.3370759135418	0
59.413869730555	-1.2392285328623	0
14.569942708186	13.262466729261	0
-0.4178192137023	21.49680090213	0
27.875066410961	7.1977842119826	0
15.075067806904	15.782838778194	0
-2.7985285076394	21.757475308407	0
-1.1212694602103	23.706606415773	0
2.216521755932	20.429763149062	0
159.19438688438	-11.503232571022	0
198.23033968557	-6.6046889799344	0
172.36434266934	-20	0
32.215772130338	6.7972716643721	0
188.25007822365	-10.221592959067	0
183.65356341859	-12.337188903868	0
20.469831532384	12.74743207885	0
5.4313461186815	18.39743611713	0
155.27123261366	-12.087932993702	0
189.66844950635	-7.6615186164195	0
200.74334160469	-5.7295036296133	0
171.06082494187	-16.382522101213	0
30.004717223425	6.0311445488003	0
71.942309943884	-0.88866816563488	0
78.704338605978	-0.1301806323759	0
31.468447726558	4.1276883533014	0
74.641078933251	0.86172893857969	0
69.022571535267	-1.8261734516653	0
24.896024678144	5.5107236313241	0
28.120224350431	3.7180495358168	0
46.785634992857	1.5621741504719	0
54.645604862933	1.9156450415496	0
102.0830457662	-0.28312196494128	0
134.01304102513	-2.4335914951069	0
117.9870452683	0.17360831716059	0
-11.704289367187	24.889350568615	0
134.86958970889	-7.1334501433537	0
18.759505404391	9.9349602709859	0
22.34432004765	10.924212875325	0
12.208859805933	10.840791731618	0
-1.466398612467	18.312709053461	0
9.2507575371763	17.066561344894	0
185.50144846918	-9.7179237512525	0
203.02195668457	-4.6700374295296	0
205.25722570086	-6	0
205.25722570086	-14	0
203.0571101339	-7.1282771217177	0
717.25722570086	0	0
461.25722570086	0	0
333.25722570086	0	0
269.25722570086	0	0
237.25722570086	0	0
213.25722570086	0	0
221.25722570086	0	0
207.80464930705	-7.1396018024946	0
200.66780511317	-8.9739459663843	0
205.25722570086	-11	0
203.38248813324	-9.3966478840909	0
207.46006455877	-9.4394608906465	0
202.66688764213	-11.881561589534	0
75.16358823572	-2.7995712040154	0
33.754018438286	2.0006816577856	0
100.04092045043	-3.7642231584333	0
119.84472826861	-3.6826204990928	0
135.01698504672	-4.5894948710504	0
132.35504785414	-4.9052323063519	0
137.1647734113	-5.6378317628048	0
139.90535761079	-6.9338310235401	0
137.35709824624	-8.2478274646609	0
135.30414830719	-10.824540655412	0
139.54227263399	-10.654332803969	0
208.61983000403	-12.068195125417	0
71.575919451412	-4.8548878124997	0
102.86807436626	-2.4177805908688	0
118.1120893955	-1.7148672107237	0
114.24039032035	-3.9833908822156	0
116.95102311345	-3.8479844112472	0
115.59452999242	-6.4982306692158	0
118.48440120738	-6.4711159289201	0
194.43628685841	-9.3396758165517	0
199.33199888357	-12.552974836739	0
186.47147007114	-12.388415295939	0
113.73820104474	-9.6767871933503	0
122.1015339335	-6.7673675062879	0
191.60707927626	-10.614485934731	0
185.52149588195	-20	0
189.08303942834	-13.383457731863	0
195.22530924876	-12.7966800869	0
185.85332021099	-16.301732407721	0
166.92067963498	-16.228226048252	0
-5.2572257008623	19.3	0
88.447883020785	-2.5266666627585	0
62.245843924426	-3.6741694862588	0
159.20718945674	-20	0
36.886758126251	3.4435472175946	0
49.59925870275	1.3851218738091	0
55.593236103511	-1.8103740299819	0
-14.855965766712	27.40065483186	0
2.1843684338016	16.398649657239	0
207.83531739852	-4.6523777090681	0
210.65726411915	-5.7742726232828	0
209.25722570086	0	0
207.60726668313	-2.2770076696273	0
210.36469001972	-8.9883989386595	0
27.574439562331	0.56136506133556	0
95.579565123926	-1.4693358973551	0
21.861989453845	7.4889810526277	0
209.28469224548	-16.864176268526	0
102.20850108285	-7.1381588471145	0
126.29644285105	-5.566035618602	0
192.01253006485	-14.050809387971	0
180.75698438456	-15.57321428813	0
86.842846787392	-20	0
65.328421949285	-6.5112495653535	0
157.60815654155	-15.881884799024	0
36.425089384798	0.10394454742947	0
52.044906731454	-0.13300271036811	0
58.518862721519	-5.420297426539	0
-7.7366325090029	20.911329546479	0
210.42976262873	-2.7377762212652	0
213.9625632195	-3.7254229231497	0
107.07140115575	-4.6651766924358	0
188.8107841851	-20	0
193.84978287166	-16.726921742878	0
92.362267224346	-7.3466742284144	0
48.528585039786	-1.8447328484638	0
-11.199297579268	20.738087942115	0
-8.8545021213602	17.185010925284	0
-16.307904949426	21.922092379979	0
169.07505436619	-20	0
181.89875105765	-27.136212826183	0
58.944428142338	-24.539318078071	0
175.65363097249	-20	0
43.159793254007	2.4479509349186	0
132.04670472524	-8.4665098041724	0
198.67864909456	-20	0
-17.257225700862	31.3	0
-0.93154114852003	13.517545265524	0
5.5164901233394	14.122502665224	0
24.620125237009	1.5639360006181	0
81.906287967839	-2.941836673003	0
39.53808923351	1.4742216891097	0
41.612134492758	-0.52280669153721	0
213.54296657232	-7.4046511761966	0
217.25722570086	0	0
110.96066630918	-7.2539129207622	0
95.805902429708	-5.8474028287191	0
98.643623376181	-22.707413805015	0
187.57188039314	-22.339665716142	0
132.89288303152	-20	0
202.09382026336	-15.368406412017	0
198.07705513245	-16.777681645188	0
205.25722570086	-17	0
201.96793739771	-20	0
200.38028956034	-24.173550939651	0
204.42047200831	-23.564900080245	0
195.38936079141	-20	0
100	-804.35	0
196.1818662488	-23.369382232221	0
-19.612279283698	26.505704284236	0
21.057080724353	-20	0
33.043772184036	-1.8911776739128	0
45.500751683882	-4.7716359685097	0
214.09702061559	-12.083257809793	0
218.61805988855	-6.4188185182113	0
131.62990517274	-11.998018651936	0
128.43628712479	-9.5139739788176	0
134.09710471128	-15.520927757713	0
210.19660349273	-23.856484609064	0
150.34371828975	-24.315902016823	0
15.10702558964	7.9817655259028	0
39.023453528376	-1.6725004133961	0
30.460392121366	1.0625440866669	0
40.52294450744	-6.4595716271514	0
36.377126701828	-2.7072777015874	0
34.214233936961	-20	0
38.417992115042	-4.6833516134932	0
35.003786765651	-5.4154257563972	0
37.79276460545	-8.186796129144	0
157.63873403351	-24.376059246917	0
142.46417390868	-27.695060989507	0
18.241738523111	5.4545539274013	0
25.474179370148	-5.0263943294241	0
33.383110376096	-12.26173146586	0
42.889426223481	-12.501039136697	0
178.70824349332	-26.020505096736	0
146.05003624413	-20	0
152.25312316447	-16.189424404541	0
75.568128195221	-11.198747083965	0
113.15715321261	-20	0
111.6733637697	-4.4692928306429	0
122.50138564454	-10.576115898727	0
125.60757223486	-11.969189585625	0
124.98918719393	-8.8798653102427	0
126.07136257385	-15.543253869204	0
128.78800641476	-13.301792767448	0
129.87768017466	-16.449406909488	0
162.90221438483	-16.991101100565	0
68.129140286443	-4.6138229368144	0
69.02365037214	-7.7818046090656	0
60.528540362177	-20	0
72.379180041808	-9.0928258025989	0
65.170522821563	-12.712573532659	0
75.448586100407	-6.9894704879912	0
67.107116968481	-20	0
84.894495749226	-7.3784556367023	0
78.74134414486	-4.7450832771018	0
72.753887059112	-12.407545381991	0
69.967568098812	-11.316476583708	0
88.463802894504	-8.420878215455	0
66.811787061939	-10.332244400906	0
63.545154276629	-10.018259581142	0
67.852871799417	-13.698795536754	0
65.268716465356	-16.231766167944	0
61.867250497366	-7.1407449875861	0
59.068521161946	-14.274488808818	0
70.396405271632	-20	0
63.817828665329	-20	0
61.639946632412	-16.875133739727	0
48.692831472628	-23.268957784638	0
104.56746894299	-24.304631625839	0
59.698298798716	-10.123538305713	0
53.949963755873	-20	0
160.23323561201	-28.38376885672	0
170.64977273845	-23.130772905956	0
53.043162703568	-11.469866368976	0
56.601516854908	-12.07291259266	0
55.883409840272	-8.6471036623391	0
55.308448501432	-15.902943830422	0
54.92498908588	-5.4100090788397	0
52.116699139714	-3.7764162212999	0
58.757116860974	-17.408857832353	0
49.098314198053	-6.0583725433408	0
52.508105902987	-7.4408659684463	0
49.297350606816	-12.372806881762	0
57.239252059025	-20	0
71.675697931385	-24.350535926736	0
35.55602518349	-24.863237857319	0
45.95597236828	-9.2582955531983	0
83.206840774559	-27.052200415516	0
39.284442444772	-29.37190061082	0
164.01594996486	-36.210278530998	0
155.91790115358	-20	0
4.3800790062084	-27.303565092726	0
62.569738899507	-23.052363863606	0
116.96790419463	-24.583946162304	0
19.823925930491	-23.131411232137	0
103.87280766559	-4.5170740320133	0
105.56771818417	-8.0209352922638	0
113.24191436982	-6.3746676660579	0
109.50084221636	-2.1204693291304	0
190.28544755634	-16.743277443982	0
177.25548025942	-23.143066434382	0
190.4771036402	-22.57701843765	0
29.48311951828	-22.81254357346	0
173.67352256688	-29.598094329244	0
-5.2572257008623	7.3	0
176.79380921621	-16.689149041538	0
174.14044791043	-14.524497071368	0
174.00331804123	-17.519032216311	0
9.3383625028259	13.263849889135	0
7.4633944648652	9.6241741606555	0
84.211773310438	-4.6660441383444	0
86.92091014852	-4.9148099376465	0
74.879439723648	-15.815117136677	0
90.101110394631	-4.7902387753254	0
93.043516312902	-4.1607793085451	0
79.31953526588	-9.1866725452452	0
85.053393616376	-13.95752200812	0
112.55453411662	-2.0006410641138	0
109.53397252139	-5.1283598171753	0
108.44940041261	-7.1651457766047	0
116.89130228548	-8.6553202936383	0
109.09276417011	-10.790427926754	0
119.73572981891	-20	0
119.50698613679	-9.368409854001	0
114.93034581955	-13.500105803496	0
103.64010270598	-13.897059426262	0
119.92749832909	-12.475958918887	0
122.83774479208	-13.977520030144	0
119.91749112381	-15.752094542081	0
105.54985687213	-11.488010057044	0
102.66777474087	-10.470054601144	0
98.83232174071	-8.9896708089586	0
100.17493709974	-13.319535032852	0
106.74195955234	-14.310999778846	0
95.94976532124	-13.0627777849	0
106.5785766063	-20	0
-29.257225700862	31.3	0
137.58200252984	-13.670352969452	0
138.20061396014	-16.867259584646	0
140.75918272389	-14.452234861394	0
142.76074794098	-20	0
143.78392754381	-11.60314623284	0
141.10519905112	-17.534625565486	0
32.159470910505	-22.945686596031	0
144.3295084258	-16.339228276729	0
8.4169599474055	-26.214406031243	0
136.18217133467	-20	0
68.55472420339	-22.649728119272	0
188.52146302399	-25.406685156434	0
147.96946492025	-17.217458468047	0
-0.25031705235943	-27.178577416732	0
196.81083716487	-28.312203156165	0
50.114486895137	-26.282283329955	0
108.53480371784	-27.510531249573	0
121.79163683727	-29.012635845041	0
15.66212422441	11.178346193709	0
12.675486957358	1.4754177994821	0
21.660938420265	3.8246330389794	0
18.398619744784	-0.19245442088002	0
172.21158104872	-26.234822117619	0
131.0986544438	-14.319321270524	0
164.0841868478	-14.328489554137	0
161.17847191029	-14.507434566424	0
160.22447387965	-16.846981403965	0
71.772838418776	-17.486553794208	0
68.900794927264	-17.00513435791	0
71.019759734556	-14.621067019068	0
62.398405788343	-13.369899778327	0
49.980611470178	-9.3167497135805	0
104.16534272103	-30.013566866626	0
-9.2019895324125	11.381170542	0
-5.2572257008623	11.3	0
2.6051828084106	10.523072779697	0
11.082667395284	5.9930057190299	0
80.264270181088	-20	0
78.739308300588	-13.638023574612	0
117.11032781157	-11.265075774813	0
117.64921360688	-13.917631433315	0
116.3449986411	-16.598105033561	0
112.66743269304	-16.42501818989	0
112.02107629401	-13.141454047017	0
101.71109363975	-16.8253032176	0
109.86786490946	-20	0
107.5577329081	-17.335941314847	0
101.27253967568	-22.724949131105	0
104.92084661659	-17.060215803652	0
109.65941982952	-15.332524554438	0
133.94035447489	-23.489887311468	0
103.28928830315	-20	0
81.566069950904	-22.98508705995	0
18.810215354418	-26.383560896604	0
168.15878849864	-33.882187050567	0
190.25153803449	-30.616567722876	0
166.12818111944	-26.226700048902	0
164.11560102941	-28.514533065987	0
48.470908404224	-30.629080366037	0
123.02501812206	-20	0
63.910344855862	-27.509418858526	0
95.375813479215	-24.191426655184	0
47.165638641996	-26.30681969266	0
147.27084647394	-22.25723060203	0
94.950886520774	-9.3383211293328	0
91.802925648977	-11.429786372155	0
144.41993113295	-8.282839954771	0
142.09239330432	-8.7666208909946	0
149.33932454728	-20	0
147.86876364728	-13.538689371996	0
152.03468974167	-32.204196820561	0
2.0711988450614	-33.721684436508	0
14.708922738478	4.5928766317319	0
162.33192752649	-31.566300554011	0
183.67755289835	-31.876085995533	0
2.3435597950877	13.638687536439	0
-1.6778340862521	9.1712275072947	0
-0.4865799411299	3.126954751106	0
1.0810127272417	6.5147905089084	0
-5.2572257008623	3.3	0
3.9139220190071	3.3043936102799	0
4.4251213240736	7.1054548626625	0
-2.3189065710636	5.8821955461178	0
76.974981877936	-20	0
78.565316553369	-17.152148317666	0
54.094915696357	-27.763095897191	0
81.984526381507	-16.292721794587	0
91.715652155465	-23.170344710976	0
83.55355848424	-20	0
65.650554153572	-23.1566728894	0
52.131318082159	-23.411987929926	0
129.76308845778	-24.044717156028	0
93.421423393696	-20	0
7.0470166603886	-30.345880795555	0
85.582207704991	-17.129091351238	0
90.058536016575	-14.724763117217	0
87.458800971581	-15.120739711382	0
90.132135090544	-20	0
88.002975107945	-12.379325446337	0
91.646512935507	-17.294816856335	0
85.204949630442	-10.580790490696	0
40.280741906621	-24.263587223057	0
88.619512824846	-17.379102827377	0
82.698590981165	-9.1411685491748	0
81.959256104127	-6.3480434168327	0
82.164196957282	-12.136025298135	0
43.844031807591	-27.760988009695	0
94.801495223863	-16.957865851742	0
22.168400512128	-26.192584635734	0
96.710711696848	-20	0
111.80170019628	-24.318995025915	0
142.20812242673	-23.24822822145	0
98.225272125028	-16.693702662578	0
167.30705757534	-28.799372725803	0
147.60675513157	-29.459662150158	0
156.81994935343	-28.381719364661	0
149.53473109367	-42.808527839195	0
154.46913325755	-29.693887674621	0
138.27436113966	-30.600705757505	0
-10.095382862382	4.6967384612064	0
7.0503218357662	5.583563183034	0
8.350027376186	1.9160660373018	0
92.851637856405	-14.694856953686	0
87.577455357141	-30.117292836373	0
91.871711317708	-32.296041439808	0
-8.1509910629873	0.90737183923185	0
5.3231454110836	-4.0341830676193	0
142.9344107408	-32.985341722643	0
-16.252367814267	1.5682329916412	0
5.3239689551062	-0.95678547713065	0
1.5942857249439	-0.10845791289134	0
9.5308159194118	-3.3016894381084	0
14.774281581201	-33.479671422334	0
-5.2572257008623	-10.35	0
-1.9775240498043	-0.11223592243079	0
-5.2572257008623	-5.525	0
0.25667497622849	-5.9523760460673	0
14.939056664647	-4.3635653638657	0
11.667939739286	-6.1574797037361	0
99.440479218485	-32.70412681578	0
-8.8223696558789	-2.7819800757212	0
7.4785283154338	-6.1549392769178	0
-11.345790070963	0.087488786503887	0
-9.5405290204768	-7.4673062705624	0
7.8999275117455	-20	0
3.8279064301272	-6.5297719446844	0
-13.430841715979	-3.8966426073878	0
-1.3129463569261	-9.4877222121605	0
-14.73573656999	-9.6606014396039	0
-2.8125234969585	-6.9932798355441	0
-2.5017801893557	-3.6535432562362	0
9.4100374864182	-12.840922742904	0
16.677080376355	-9.1729395731049	0
9.4036234593783	-9.2462337870066	0
5.3582876757629	-10.669218353268	0
13.05785223533	-10.415732780474	0
14.750883305878	-7.2538077058361	0
20.808359505014	-5.051664467185	0
14.478504118049	-20	0
16.969360389951	-16.55525402655	0
12.944534277406	-15.593438456074	0
8.9813260420749	-16.690442966655	0
6.6299959497669	-14.448512305642	0
11.189215814897	-20	0
11.223328202721	-29.556238183839	0
12.373505341833	-24.301846635227	0
1.3213509054416	-20	0
19.998446715237	-31.080213235492	0
180.60157336409	-23.33448965078	0
-5.2572257008623	-15.175	0
1.7720999377817	-8.9991658830127	0
0.71500865002585	-12.360268709861	0
3.5865547792351	-14.781852848306	0
-0.047443080371153	-16.286469685753	0
4.6106392085935	-20	0
5.794783721723	-17.264251886305	0
3.0536798287363	-17.666376189365	0
9.217847091267	-22.751046767424	0
6.1943916054726	-23.280072139651	0
22.693823266906	-22.677333005373	0
108.27024941322	-23.228127608969	0
44.691806703349	-23.599765541287	0
-1.7910868937149	-14.024657918834	0
-1.9679373977104	-20	0
-4.7234550035133	-24.520032164772	0
-0.59379371832988	-23.022080984488	0
121.29665029289	-23.546173948889	0
167.25938220805	-23.312632847009	0
170.3054567876	-29.068010427431	0
-2.5801361564305	-12.279301535758	0
79.227939686099	-29.607407177195	0
152.92554711289	-36.84444759625	0
123.07414839929	-2.79216750257	0
129.30424328903	-3.4129599700646	0
129.68719999767	-6.3756194984148	0
182.2322075788	-20	0
185.77996649177	-27.749515564523	0
184.58798121477	-23.709518833508	0
154.14684899804	-23.018665298752	0
204.37119224201	-29.725161647984	0
44.564470102632	-1.139333458339	0
41.813899090856	-3.6999894859471	0
43.068202124185	-6.6587126580072	0
41.554445694539	-9.1285853768855	0
39.099027271056	-11.747203255982	0
36.070485779394	-11.065010029021	0
40.792810543265	-20	0
33.881694179712	-8.9285498208101	0
34.366717512358	-16.865331039901	0
30.519217417575	-6.1818746801781	0
40.090332886855	-15.412523787988	0
36.189233834977	-14.28606012909	0
30.515378832493	-10.546133333634	0
26.886253491136	-9.4140083516121	0
27.635657330657	-20	0
22.333639263818	-9.2428024369348	0
27.892135418315	-12.614869468153	0
24.542979763031	-12.980109489889	0
20.290663363077	-13.723189777255	0
37.503522240113	-20	0
84.62797237286	-22.88166778058	0
55.272118439521	-23.144408008651	0
91.683999323687	-27.283855638097	0
15.608800870453	-28.062602925257	0
28.826548700637	-2.1420422769382	0
44.372664647096	-16.24698052069	0
26.983265416174	-16.238311967	0
19.252286579249	-8.0327555175606	0
19.015706659411	-10.562823422547	0
16.494917704398	-12.668779337558	0
19.786685088	-17.395689017765	0
17.767792421201	-20	0
24.346369027505	-20	0
87.969480615477	-24.358840956171	0
2.6132533269201	-23.459806181185	0
22.835573611294	-16.720852825755	0
78.740800838186	-22.388622965513	0
26.080946613841	-24.091136839746	0
37.193057274131	-17.758835035162	0
48.825038276762	-16.277187307706	0
31.107418283022	-17.427004450618	0
46.267958528475	-13.328280608707	0
50.660675452721	-20	0
52.091683759772	-17.366371938246	0
192.59133096238	-25.427584944912	0
51.713265410585	-14.674917315487	0
173.96640414593	-23.145613805732	0
75.898086384144	-23.371554889852	0
165.74395073716	-31.693409655746	0
33.111633150817	-14.956988151569	0
30.49989507368	-14.002615655487	0
30.924945633809	-20	0
67.944819470984	-25.690777049176	0
168.97885935519	-26.127414339895	0
122.98413424894	-17.545609721616	0
69.939951383062	-30.729854065047	0
9.0801323414207	-35.182640412465	0
2.7285873305587	-3.3703602754959	0
0.021991713506327	-2.6393746507064	0
15.461362736438	-1.0864468189075	0
17.877167936172	-3.1323359826188	0
17.385995746027	-6.1670755818428	0
20.259334033092	-1.9281683503307	0
12.420612661072	-2.3603105230166	0
10.225844995451	-0.70652036091351	0
8.1246109619048	-1.2407192301064	0
7.1596751011917	-3.1389186208038	0
21.19019885332	0.62086830933484	0
19.184741903932	2.3540941119962	0
16.444537924889	2.0968371429338	0
23.040598698353	-1.8673345891304	0
25.905446703479	-1.3819989006945	0
46.178905792548	-37.799704445803	0
-9.8214509643586	-12.502874411092	0
-14.425994626883	-25.974490639921	0
144.81766022701	-22.077300493807	0
162.91081709225	-24.402152790228	0
174.61624261325	-33.329146967879	0
43.161772077076	-32.414881168905	0
151.73225189866	-28.419234941686	0
76.150909404347	-33.671537281264	0
-9.9632897343999	-17.536694201256	0
95.604276729337	-29.544808643021	0
-14.27336797458	-14.802299779141	0
-21.546748061105	-14.170948212197	0
-15.437474020407	-20.141077362518	0
-9.9201821894318	-22.626200377941	0
193.3453569917	-22.275303831708	0
175.65831865457	-26.377690605015	0
147.93896327003	-35.561599976163	0
-22.685109320434	-25.824814922013	0
228.26424451444	-7.8557963595801	0
-14.467282140404	15.490241979136	0
95.40927089098	-34.159661179642	0
13.962228830167	-40.678177552045	0
132.91172552107	-28.522556840283	0
90.702757780679	-41.658387889603	0
114.00857587638	-30.559524851076	0
108.39681546374	-32.56154864653	0
178.82245179714	-36.596344910353	0
128.25937228161	-34.579968243048	0
-5.4975764975855	-31.373411984765	0
157.55340669629	-32.98235080549	0
30.616576420495	-34.521690670903	0
142.62745091024	-38.974902194763	0
-25.37331499721	15.559410634501	0
-15.218118581907	8.4425762584483	0
165.40548685313	-44.877163608943	0
38.034210964173	-36.560415546748	0
171.11291147921	-32.482138273914	0
97.445398079854	-39.487801933449	0
25.62889745198	-29.954617921147	0
104.21711305785	-36.327973325714	0
187.32291541352	-39.005788359405	0
-14.696497073516	-33.907484867638	0
-20.611958549146	11.625027145502	0
18.71141499884	-36.914841235439	0
24.298471192206	-36.90258548558	0
-28.059309317719	7.1898610610496	0
-20.651646752922	5.941427961958	0
86.689402597462	-47.026572729947	0
59.002161530624	-30.198385941472	0
216.31611674357	-18.945284280646	0
-25.532684384992	25.846612169195	0
-32.697909298129	24.207275352589	0
-22.431577966979	21.251736942973	0
-27.873872452713	20.500837440429	0
-19.840918160806	17.169541666508	0
-33.281646051435	15.637551582381	0
75.314502004812	-27.887029713465	0
-19.941059710067	-5.0497613354256	0
197.27269631033	-36.492948792711	0
221.89193741141	-13.795340776839	0
-9.8382328940398	-27.668554386702	0
84.342164214104	-40.689824978886	0
157.64267427052	-40.513163246063	0
63.348471709462	-35.037182400625	0
-33.386193996807	-18.756068253244	0
218.95647531401	-26.367718084587	0
16.476654929364	-23.643182687686	0
-23.099203395623	0.92228346073361	0
-30.577404667394	-5.0099346503469	0
30.312028893639	-46.500065037857	0
50.844673586373	-46.177395764114	0
138.72365047145	-35.432838266408	0
135.13998986773	-40.54436839722	0
119.50484151848	-37.516719718711	0
141.58058960486	-46.366320759232	0
230.5590224482	-16.805431463877	0
5.2957147911432	-43.704406049432	0
84.391275522973	-56.073987606982	0
134.65844967744	-60.586274874616	0
79.283803472607	-46.557504589173	0
-53.257225700862	31.3	0
134.66196983086	-33.943577527926	0
94.907953555937	-49.939856735986	0
71.286760916943	-40.79250626636	0
223.40055009046	-20.549994081537	0
212.808235378	-31.361087466188	0
125.48154771069	-54.818256083224	0
30.620696743218	-27.087177158831	0
208.80015349199	-40.231907682257	0
229.19979271649	-26.762793451124	0
99.866609219974	-26.599911625947	0
153.67634557343	-57.83734338285	0
137.92273557294	-24.796854756832	0
127.53828002089	-28.06148801111	0
240.48718584009	-21.717705377045	0
82.492825335886	-33.743412083093	0
111.08712615479	-38.342573110567	0
171.4249211674	-37.824842903302	0
92.736028428972	-36.704298330203	0
-5.8859616871481	-41.637438579731	0
-42.706052058822	5.7212149403695	0
147.82071186959	-51.81944087879	0
154.01422507751	-69.46797164382	0
15.256472171083	-52.709352484013	0
253.7650944634	-24.570704627457	0
239.87390945926	-10.005699701563	0
78.992751776977	-25.551260190066	0
126.31354693355	-44.303706804896	0
20.510730134846	-42.718950901224	0
154.19294960219	-26.370982177893	0
115.64581453879	-48.238553877962	0
125.78721968826	-64.277788826977	0
133.834206867	-80.6668606284	0
-3.035513898083	-58.931590646131	0
121.00195774357	-74.594394147178	0
131.18909046054	-70.088072004571	0
57.082682998164	-55.278671018633	0
78.707149659672	-39.09892158071	0
116.77319070218	-61.41877376947	0
-45.245793978237	-10.91135014838	0
249.32340861142	-13.633768506811	0
253.25722570086	0	0
58.955337508568	-71.795028743671	0
259.12097990926	-11.878971016287	0
301.25722570086	0	0
287.12018500474	-15.774038823567	0
269.85534733436	-21.251519835808	0
178.14861690976	-30.133133340226	0
286.07117374706	-34.969795169079	0
-42.891895926759	20.655790385478	0
70.387933838468	-55.512085360576	0
140.76550906496	-70.405508703168	0
104.81919799862	-44.800198529288	0
-45.92899309013	-25.325360162453	0
-60.652790929935	-3.2634440538453	0
94.767113322523	-64.012697486293	0
-58.106797477102	15.775970788976	0
-34.676212891566	-44.122557514158	0
221.7043490647	-36.570279681982	0
-58.208516760783	-18.845402136084	0
-101.25722570086	31.3	0
156.52578754588	-49.303068272751	0
145.78645764259	-24.846138344326	0
44.001463211011	-58.127380052172	0
165.20421353808	-57.949689516756	0
263.4375409883	-40.618447044814	0
239.85349638494	-38.548064126699	0
308.75365830885	-23.020083851077	0
133.95069061295	-50.089427871855	0
196.14576421887	-51.059321237827	0
-79.772729714706	-20.2244447016	0
54.740904095782	-36.065337024168	0
41.872823662339	-45.025788859175	0
145.24001848463	-60.668644965959	0
159.79150362386	-86.237221545687	0
-79.848271659809	8.9625426274069	0
140.63771839299	-53.906623789496	0
167.9184175123	-72.42649381172	0
305.66234277208	-48.693489243321	0
34.822243272506	-30.475129813883	0
338.76608960344	-39.22615935972	0
177.91388173846	-47.388890480622	0
220.43961287196	-56.258897186147	0
140.60203112113	-98.772355882522	0
-110.08817643682	-1.0594761281497	0
61.278326144769	-44.814194930284	0
-45.003573880109	-37.723474909501	0
-34.455904753055	-31.391995039645	0
-59.53564732604	-34.496055077943	0
108.64225597995	-86.243765192761	0
88.28448206684	-35.872446809413	0
27.78308639162	-65.994042485093	0
179.47372878617	-84.239467466886	0
-19.803872470555	-48.673834567435	0
80.476403433395	-73.232964772869	0
107.14833702964	-70.154919024565	0
124.95549094574	-24.112818596792	0
-197.25722570086	31.3	0
-50.792859407412	-53.508426367142	0
397.25722570086	0	0
365.25722570086	0	0
378.35312048246	-37.249191858539	0
423.80485109181	-66.974668814706	0
-25.242260860822	-36.764078712811	0
145.79820802237	-81.094293838108	0
105.67138457523	-56.429719059982	0
181.13322647954	-64.456861763944	0
123.72169229158	-89.53892486068	0
96.080903279188	-78.243044266176	0
-33.594434752666	-57.412207009484	0
200.11967072066	-73.841452718844	0
114.37689724902	-107.61764323271	0
89.257184684101	-97.660499556942	0
-22.088215484691	-68.532651135973	0
-29.420612325033	-87.163175172592	0
-6.4408407437345	-86.928338465611	0
-41.186760859889	-72.669565999443	0
-64.633854937503	-77.040624834632	0
-47.424175766725	-92.53568158252	0
280.89842937331	-61.305046072212	0
11.587984039983	-71.163472986392	0
24.050965109203	-91.533877416316	0
170.7912582979	-112.12025681602	0
-71.649829241207	-110.17562777368	0
41.025390496241	-76.416797931082	0
-31.533390312355	-115.64035829623	0
50.107327861281	-94.803300019368	0
168.52657364069	-31.184704038586	0
226.43289362197	-90.547808538645	0
69.283211004074	-89.487337003296	0
196.83903815973	-97.061467621269	0
67.325089292777	-110.10102097186	0
207.1456780135	-125.09410178956	0
87.936719834776	-139.06500762665	0
39.200455404989	-129.82001405163	0
-77.870452913232	-51.42471253197	0
249.6785052613	-63.636357349975	0
313.18797864831	-85.952955317573	0
-100.51090461003	-81.777026213471	0
266.72793311731	-95.045967187179	0
135.41001495032	-134.96252496165	0
3.926192216228	-116.08215871645	0
-65.311014320381	-159.98865021792	0
-112.69729429433	-41.275019029106	0
243.29891799358	-124.56486620485	0
175.56762993574	-159.74949517765	0
-6.638673635751	-156.56673715027	0
366.33953006998	-80.631757888912	0
-123.28078570979	-133.52196292081	0
122.50452333885	-193.19966666979	0
229.34355438169	-167.94057868642	0
-154.6397834837	-76.588615000106	0
-33.979334814907	-216.94723348119	0
329.75685964006	-184.28907733443	0
286.4397128984	-145.38080515692	0
275.76487299227	-227.91778758431	0
589.25722570086	0	0
45.789273170296	-200.81807680906	0
346.73162143636	-133.10761131192	0
387.57568553643	-181.12587420181	0
396.79473926365	-122.18882665069	0
-154.11241615331	-16.206076814456	0
-217.24527524665	-40.662200537409	0
187.42821286395	-226.44489726042	0
-221.73509165396	-145.30489887746	0
459.38443116884	-149.50916502836	0
101.45912833637	-298.92234387987	0
-128.80857389764	-226.19453725405	0
351.94661065581	-236.09188039592	0
-389.25722570086	31.3	0
8.2280902103221	-271.33611067177	0
326.20016680191	-325.08522899048	0
440.82641074423	-262.68337149169	0
506.84817249976	-80.137686871414	0
-61.566491721344	-286.01505261923	0
67.733685244604	-432.99550497141	0
600.55353751928	-184.27552616097	0
-13.364478128026	-353.51233979403	0
-143.01757778008	-361.33287529078	0
-55.871397465288	-469.81255359906	0
219.39572109164	-311.72235155633	0
-352.62861285043	-796.525	0
49.406713626172	-569.18551934998	0
171.45604074755	-401.94346918783	0
-212.12188595926	-515.16806172206	0
254.37805492426	-390.82971526496	0
552.62861285043	-812.175	0
422.02270934793	-404.61287357615	0
-316.0276634084	-67.76066774841	0
-449.1366119928	-90.557030860722	0
150.94033873472	-504.89118980369	0
161.53820357689	-596.59236229004	0
127.27146097291	-690.45645266358	0
235.39966098916	-473.20169828328	0
320.28596108792	-442.77161341427	0
326.31430642522	-808.2625	0
388.87272839305	-519.83107145753	0
295.80238090928	-543.23152852601	0
518.5467107059	-519.08840463642	0
-126.31430642522	-800.4375	0
220.62124869394	-556.08258524195	0
259.7370858934	-662.66079539255	0
350.76937008073	-605.04261225936	0
382.93881469539	-695.24449954483	0
427.10047919016	-604.07285238165	0
494.69613268317	-681.01763589954	0
-13.157153212608	-802.39375	0
213.15715321261	-806.30625	0
439.47145963782	-810.21875	0
778.94291927565	-816.0875	0
-20.388810709512	-703.65932686442	0
647.66381051568	-645.19260856039	0
-86.524408520648	-586.09621129541	0
-194.66933816856	-672.37863254309	0
-257.13065335406	-278.84802266297	0
-359.12613626979	-191.87363595898	0
-805.25722570086	-378.7	0
538.66670079895	-358.21187893388	0
-370.98695325248	-632.03969438307	0
-277.37178343918	-398.02623976794	0
-416.52853352548	-348.73155981667	0
-360.84846263593	-484.88519594518	0
-528.52347265006	-529.9181513128	0
-805.25722570086	-173.7	0
1005.2572257009	-410	0
-496.35505026936	-219.04288061293	0
711.59578468385	-420.34751395591	0
-639.33977079756	-337.19716169642	0
-578.94291927565	-792.6125	0
829.73785163859	-622.32986900271	0
1005.2572257009	-205	0
-618.73072495014	-126.33409833971	0
-805.25722570086	-583.7	0
840.86006284944	-203.27146407341	0
65.558257940424	8.5842365212661	0
65.375	9.1223377670294	0
65.183257940424	8.6144662673362	0
71.927042332291	8.254806172117	0
72.302042332291	8.2245764260468	0
72.125	8.578202337767	0
64.625	9.1827972591697	0
64.376305798133	8.8506109892505	0
64.751305798133	8.8203812431804	0
12.998804891961	-31.517954803087	0
10.151730272071	-32.369439298152	0
11.927206961311	-34.331155917399	0
90.346633419853	5.604242300082	0
89.717673855809	5.8315398397279	0
89.693777870816	5.2416788259422	0
61.67118083843	8.745391941228	0
61.887434469807	9.0700767667024	0
61.533746368623	9.0898738202329	0
26.377810985544	16.291670699805	0
26.697075905492	15.972520292645	0
27.05628689318	16.341479236899	0
64.934563738557	8.282279997417	0
63.523005364782	8.9238821335981	0
64.023005364782	8.8835758055046	0
63.75	9.2533333333333	0
27.118510986616	16.846682535034	0
27.437775906564	16.527532127874	0
187.6584402121	-6.5822527605385	0
187.29801804943	-5.620461781667	0
186.77020465357	-6.6492601625474	0
62.262434469807	9.0398470206323	0
62.125	9.3843288996372	0
151.00971132489	-4.1591746324555	0
150.41036534322	-3.8185591911994	0
150.51656991404	-4.4589374531102	0
69.417049718976	8.4443523823091	0
69.056988023896	8.4663449367242	0
69.224037742872	8.1007335947285	0
171.74801428201	-4.3876403525905	0
171.66296278499	-4.9219395887432	0
172.00062440881	-4.8849293075989	0
72.521373054402	7.7676426384882	0
72.719330722111	8.0910388041383	0
71.078883467264	8.3090064745152	0
71.578883467264	8.2687001464217	0
71.25	8.6487384119307	0
165.60879920929	-4.6055923919824	0
165.375	-4.2364370245139	0
165.23379920929	-4.6382424342478	0
44.644639850679	10.062148822084	0
45.127501543129	10.470807538246	0
44.51713830755	10.586821283838	0
66.882253501524	8.6248172634036	0
66.522266663953	8.6613087865469	0
66.654520165477	8.2746306851782	0
28.835443975905	14.623727998486	0
29.139705566298	14.162643009585	0
29.442148582692	14.822547182366	0
67.125	8.9812656187021	0
67.257253501524	8.5945875173335	0
67.474582630009	8.0092909578048	0
67.717329128485	8.3657393131033	0
42.95762300918	9.7647085895352	0
43.630014772725	9.7084103293197	0
43.361884851556	10.234460827892	0
7.4765251274126	27.463046476169	0
7.8515251274126	27.359394790776	0
7.875	27.898573033708	0
68.092329128485	8.3355095670332	0
67.875	8.9208061265619	0
102.33529395171	7.1742213362764	0
102.57503702818	6.7477755555732	0
102.73974307646	7.1411627369054	0
133.15194888761	4.0291448820398	0
132.80290906974	4.335256235251	0
132.70453753541	3.8629210796876	0
172.125	-3.7007854984894	0
171.91783795291	-4.0393029511309	0
172.29283795291	-4.0121126188046	0
51.446364074416	9.9222774442195	0
51.25	10.33028128031	0
50.946364074416	9.9707740494571	0
186.6178336559	-2.2167463001418	0
186.25	-1.8877805486284	0
186.1178336559	-2.3414345794436	0
53.321244009238	9.3424936309975	0
53.494141479258	9.6965668439567	0
53.07710252998	9.7822216464006	0
52.875	10.172667313288	0
52.70210252998	9.8185941003289	0
33.059203603785	14.24084847283	0
33.374587429403	14.616364123897	0
32.934616174382	14.677856939939	0
71.755925799555	7.9150742347015	0
48.75	10.572764306499	0
48.429689209943	10.293278776934	0
48.929689209943	10.244782171696	0
-0.46171930916739	29.953785682534	0
-0.41707275366724	30.396905978517	0
-0.86044187141025	30.087576001371	0
50.090716744417	9.9266616310419	0
50.465716744417	9.8902891771136	0
50.375	10.415150339476	0
49.625	10.487895247333	0
49.306342373479	10.157625064539	0
49.681342373479	10.121252610611	0
93.424236243801	6.6183893581279	0
92.980533874664	6.6063184449027	0
93.154770118465	6.1792017301561	0
197.93431379941	-2.067879168715	0
198.38872356599	-1.4870789317044	0
197.4761173231	-1.5384709448413	0
86.637346802205	6.8275611990159	0
86.425247577776	6.3678271820231	0
86.77681520425	6.3416494844516	0
94.854760288157	5.1920532741579	0
93.886027061437	5.3852528210447	0
94.259944731444	4.6681395975143	0
64.149311162916	8.5211597895153	0
54.778443831387	9.648558589129	0
54.942965727248	9.2250550250987	0
55.164521895861	9.5430531769978	0
60.193045951289	8.9910466007591	0
60.568045951289	8.960816854689	0
60.375	9.5254010479645	0
59.625	9.5858605401048	0
59.365044945841	9.2377549658505	0
59.740044945841	9.2075252197804	0
54.101450598462	8.7642466299665	0
54.510752950591	8.8011074343046	0
54.147585310645	9.2936996328917	0
74.983138858967	7.1788066193036	0
74.929264086139	6.624847651114	0
75.302098607052	6.8425263805386	0
55.539521895861	9.5116440310189	0
55.375	9.9351475950492	0
71.673527756042	7.3612704750698	0
72.021686621068	7.347376500765	0
55.959765293947	9.5394164440089	0
56.459765293947	9.4975375827037	0
56.25	9.8618595877652	0
56.578352355907	9.0684865770073	0
56.868587061961	9.3909297207636	0
95.362456259835	5.2527366869584	0
94.988538589828	5.9698499104888	0
107.3761067792	6.6364028923151	0
107.49534954245	7.0874514226268	0
106.93384484015	6.8149229567663	0
59.93309089713	8.6429410265048	0
54.625	10.002929194956	0
54.403443831387	9.6849310430572	0
85.182445743823	7.0803680342623	0
85.557445743823	7.0550643905376	0
85.375	7.5768825910931	0
176.30178162605	-5.5454524438836	0
176.73775561076	-4.9140824417356	0
175.83983471713	-5.0204531085552	0
46.941493561122	10.292535380442	0
47.316493561122	10.247314253381	0
47.125	10.739226946654	0
48.427860088865	9.3850888172919	0
48.698907460342	9.6661577794195	0
48.338331048409	9.6842276800033	0
89.138709028734	6.5950802351998	0
89.373282755695	6.9431169276884	0
89.01542627304	6.9673749134494	0
89.625	7.2901079622132	0
89.748282755695	6.9178132839637	0
102.21567721215	6.1631398255289	0
101.76625222724	6.6800188872296	0
101.81134153596	6.0623245578142	0
19.537537999283	19.588309140703	0
20.026785779671	19.896967756016	0
19.510752219613	20.197341384686	0
89.933547458118	6.3824627816532	0
90.185264702423	6.7294538161781	0
77.726803717089	7.7884503062671	0
78.101803717089	7.758220560197	0
77.875	8.1146795646917	0
88.040086559722	6.8740543797531	0
87.875	7.4081916329285	0
87.665086559722	6.8993580234778	0
93.924236243801	6.584651166495	0
93.75	7.0117678812416	0
21.38294374442	19.422321452939	0
21.360965152371	18.992572299387	0
21.728021407951	19.269350846448	0
92.34512728592	6.3083550589757	0
92.605533874664	6.6316220886274	0
92.239593411257	6.7728463306722	0
91.801739273113	5.9100442151372	0
92.16767973652	5.7688199730923	0
128.25682658039	5.693373771445	0
128.02879747911	5.3678635717729	0
128.45731029262	5.3351465880808	0
90.560264702423	6.7041501724534	0
90.375	7.2395006747638	0
124.11914441287	6.223475275313	0
124.3812097514	6.5592144470457	0
123.98793466146	6.6695998113181	0
95.248117280753	6.4789778627243	0
94.740421309075	6.4182944499238	0
92.875	7.0708097165992	0
125.96582266522	6.3962781134946	0
125.55463889989	6.4239316681667	0
125.77046156511	6.0055487647121	0
67.259997491739	7.4595003577754	0
66.799921864778	7.6883485620056	0
95.623117280753	6.5092809643169	0
95.375	6.9577255037518	0
91.52345709117	6.810358763852	0
91.638050502427	6.4617880904756	0
91.864593411257	6.7981499743969	0
97.125	7.0991399778505	0
96.880316097981	6.6057338485644	0
97.255316097981	6.636036950157	0
98.138464332995	6.6486137790778	0
97.875	7.1623054873055	0
97.763464332995	6.6157513712154	0
62.452007595556	8.5275711704052	0
62.689573125749	8.84182330334	0
96.501397183457	6.710780377717	0
96.631713281438	6.2476773500234	0
69.792049718976	8.4141226362389	0
70.04543713474	7.8682694173102	0
70.253387415764	8.2036510132357	0
87.244457214339	7.1174393890488	0
87.409543774061	6.5833021358735	0
160.86521646073	-5.559872899757	0
161.05308618174	-5.1393569144843	0
160.56213027899	-5.0596368643936	0
120.76639881975	6.6202917542059	0
120.95906753678	6.9810065469343	0
120.55733128297	7.0718834495817	0
76.92362965042	7.7439070694249	0
76.492609147438	7.8862851044989	0
76.666238797858	7.4248233710218	0
114.625	7.7194444444444	0
114.40794182077	7.347395080445	0
114.78294182077	7.3335061915561	0
77.125	8.1751390568319	0
77.29862965042	7.7136773233548	0
75.992609147438	7.9265914325924	0
76.25	8.2456751309956	0
126.72546092003	5.5177609714702	0
126.87847786806	4.9902361152168	0
127.15391835096	5.2991946941549	0
199.53884659056	-0.59393071304388	0
199.03613394967	-0.4163144198852	0
199.32498054023	-1.0102451329291	0
73.094330722111	8.0608090580681	0
72.875	8.5177428456268	0
120.18233128297	7.1157695136118	0
119.72897757297	7.0068818216893	0
119.91130885595	6.6022809649308	0
74.731988829093	8.0188074315218	0
74.625	8.3766706972995	0
74.356988829093	8.0490371775919	0
75.177986689941	7.8714631499788	0
74.909975519033	7.5438296302713	0
105.38996340278	6.1095096438015	0
105.24307180202	6.6092130207789	0
104.89258624071	6.3105089179614	0
105.62499365062	7.5228505989809	0
105.375	7.8161875511876	0
105.24999365062	7.4933542844846	0
75.375	8.3162112051592	0
75.552986689941	7.8412334039087	0
144.60065616163	-0.7287140397917	0
144.94006897633	-0.55086718137243	0
144.66058718531	-0.20159591927577	0
82.125	7.7967522645792	0
81.835105851479	7.4615710536344	0
82.210105851479	7.4356959820377	0
32.237104589437	14.488677814691	0
32.559616174382	14.800314113387	0
32.177488415055	14.986650639205	0
82.649871219261	7.2200335536022	0
83.024871219261	7.1947299098775	0
82.875	7.7455735492578	0
84.013866443174	7.3199864839541	0
84.137536348733	6.9677945945519	0
84.37366990556	7.3006016328651	0
148.68787536013	-2.6555054259691	0
147.84270140355	-2.708271187726	0
148.21586965767	-3.0915725202605	0
166.03497816171	-4.6079984927115	0
166.53497816171	-4.5644651030243	0
166.25	-4.1602535925613	0
78.489452520972	7.751545832286	0
78.341256238061	7.4253165738615	0
185.99003886219	-4.2143181847419	0
186.25410833205	-3.5008914671924	0
185.38287647315	-3.797155365355	0
81.472833442869	7.4952144485622	0
81.557939294348	7.1341581660207	0
84.74866990556	7.2752979891404	0
84.625	7.6274898785425	0
116.65066811991	6.7530304504361	0
116.92980234818	7.1140770781593	0
116.47086577173	7.2796941130175	0
106.0086082348	7.5053261230252	0
106.5086082348	7.5446545423536	0
106.25	7.8850122850123	0
82.35997707074	6.8848523426574	0
80.101290477616	7.4453560797344	0
80.476290477616	7.4194810081376	0
80.375	7.9175025986975	0
191.85484534193	-1.7708135749809	0
192.23755692899	-1.6296087372952	0
191.83818577059	-1.27032440285	0
184.625	-2.2930174563591	0
184.45598303186	-2.791892398543	0
184.83098303186	-2.6983761890666	0
92.125	7.1214170040486	0
202.40038078432	-23.869225509948	0
203.19420470301	-21.782450040123	0
201.17411347902	-22.086775469825	0
175.20016477266	-3.8919344448133	0
175.57516477266	-3.864744112487	0
175.375	-3.4651359516616	0
159.625	-4.7370710059172	0
159.46874013337	-5.0650743083027	0
159.84374013337	-5.0324242660373	0
14.048131555066	23.665615315415	0
14.423131555066	23.334970154124	0
14.625	24.002903225806	0
15.375	23.473993428913	0
15.000941556683	23.020930236167	0
15.375941556683	22.822665600564	0
32.875	15.175829764454	0
58.75	9.6563966142684	0
58.426129372589	9.263744843947	0
58.926129372589	9.2234385158535	0
10.224117099235	26.047334223231	0
10.783467524725	26.302109809334	0
10.190649574511	26.626041594034	0
167.32081053765	-4.4260769743458	0
167.125	-4.0840701606086	0
166.94581053765	-4.4587270166112	0
10.288804994378	25.186072718647	0
10.433818617891	24.708290294104	0
10.961948672962	25.245620013987	0
12.206930970464	25.620400222625	0
12.125	26.091757291289	0
11.831930970464	25.835598374129	0
191.68424526698	-2.2674354370743	0
191.58457213083	-3.1432842288336	0
192.15454336417	-3.0059467011854	0
177.73490251557	-3.7846353024168	0
177.32030565868	-3.7315037926629	0
177.55520817426	-4.205081693267	0
10.375	27.096015331642	0
9.8156495745108	26.841239745538	0
69.625	8.7797339782346	0
22.075443444972	18.550375275803	0
22.472422037021	18.807217286498	0
22.103021407951	19.096443703591	0
79.727467241481	7.6724563774151	0
79.828757719097	7.1744347868552	0
30.050535481676	15.688822921853	0
29.56894349615	15.699150132743	0
29.619478977826	15.273304960377	0
19.135752219613	20.47401545876	0
19.625	20.782674074074	0
157.125	-4.8229494059659	0
156.86195319787	-5.3067737613529	0
157.23695319787	-5.4059122674748	0
-6.6834143991161	23.661686288645	0
-5.2572257008623	24.3	0
-6.6834143991161	24.661686288645	0
16.471703622236	22.032176643881	0
16.832301453043	22.281877178244	0
16.389402169193	22.497322564005	0
64.003189862751	0.69115656639472	0
64.6622180842	2.0909091414954	0
63.295418140644	1.6985014014432	0
20.918920287708	18.447061138344	0
21.263997951239	18.294090531853	0
17.074075278672	21.273154700396	0
17.741773825628	21.263361910842	0
17.582301453043	21.806938468567	0
57.650956008322	9.3949416636058	0
58.025956008322	9.3647119175357	0
57.875	9.7269326884321	0
120.80473690456	6.056734520246	0
121.07602470694	5.5831746338154	0
121.43942287594	6.055854965128	0
18.28039700731	21.203974634183	0
18.78039700731	20.835075868751	0
18.75	21.42824691358	0
12.660707203703	24.755404423105	0
12.581930970464	25.289755061334	0
11.992638174167	24.829890667235	0
170.62019021779	-5.3931534585338	0
171.30490790117	-5.6922172473867	0
171.23085522841	-5.1201647548986	0
53.368563950698	8.7968812156535	0
52.95152500142	8.8825360180974	0
-0.65715321260779	31.3	0
-1.0650508705628	30.915348148677	0
-0.40789765795504	30.915348148677	0
121.92567394819	4.3630665562117	0
122.2002188875	5.1036308444228	0
121.43616573902	4.8417307904864	0
0.77321683083378	30.56373670601	0
1.2732168308338	30.40130450262	0
1.25	30.893919491525	0
3.7591193999472	28.858407487749	0
3.3985520875609	28.507789465786	0
3.8320478152021	28.302444962242	0
121.84975762886	6.0673672764911	0
121.57846982648	6.5409271629216	0
38.120501083237	12.355786218844	0
38.102930619325	12.72279959379	0
37.764880863441	12.502849096821	0
1.1172136916911	29.700511115937	0
1.5939968608573	30.030693901453	0
88.922835426426	6.0441572932745	0
89.280691909081	6.0198993075134	0
-1.57753605534	30.721688034385	0
-1.9714596378234	31.3	0
-2.2346892679478	30.721688034385	0
4.1984179844526	27.839026645317	0
3.5714248869212	27.255784784176	0
4.2983623685581	27.142984489214	0
38.854275419561	12.842429867661	0
38.852520504049	12.402193968975	0
39.248245084489	12.668887120823	0
86.869457214339	7.1427430327735	0
86.517889587866	7.1689207303449	0
20.88294374442	19.652864310082	0
21.25	19.929642857143	0
109.76699861559	7.5765904044586	0
109.625	7.9046296296296	0
109.39199861559	7.5904792933475	0
4.9626777330448	28.383850880096	0
5.3376777330448	28.227963276486	0
5.375	28.885587806226	0
36.292223938946	12.942578488966	0
35.335296468482	12.84982751613	0
35.784711172205	12.454740882595	0
8.0120433090319	26.88907007508	0
8.4105181816194	27.324596632619	0
7.1428114851519	27.808444469005	0
7.1193366125645	27.269266226073	0
126.71371703232	3.7281500340729	0
127.36920482333	4.0254216888278	0
126.651447508	4.4743981831466	0
107.31521198255	5.8526157100187	0
107.87671668485	6.1251441758792	0
2.093811948287	30.21634909823	0
2.468811948287	30.094524945688	0
2.125	30.609663135593	0
188.45556496875	-2.7713655678621	0
187.78737815274	-2.3819080857776	0
188.08680201582	-2.9668729231585	0
2.843811948287	29.877570409706	0
2.875	30.270884447069	0
4.5963075637942	28.84726919702	0
4.558985296839	28.18964466728	0
106.54090927325	6.7644214034105	0
106.6601520365	7.2154699337222	0
188.55235270961	-1.7127514990952	0
189.05235270961	-1.5880632197934	0
188.75	-1.2643391521197	0
3.787811836153	29.269568236547	0
3.75	29.764657196443	0
3.287811836153	29.55884095119	0
9.625	27.414865168539	0
9.4406495745108	26.944891430932	0
197.31355748848	-0.38828980395959	0
197.125	0	0
196.93855748848	-0.38828980395959	0
38.465348116426	12.131913311023	0
38.127298360542	11.911962814054	0
0.70600932328382	13.578116400982	0
0.83682082994528	12.020309022611	0
2.4743713017491	12.080880158068	0
42.180189269927	11.652561154802	0
42.125	12.201596452328	0
41.805189269927	11.770632108239	0
42.635481506511	9.1660598052398	0
42.367351585342	9.6921103038118	0
79.625	7.9736074163644	0
79.352467241481	7.7026861234852	0
40.418426223526	12.186352698167	0
40.375	12.752594235033	0
40.043426223526	12.304423651604	0
182.32648663663	-3.3896766741186	0
182.68422622186	-3.7607628400863	0
182.85773958523	-3.1940288093592	0
35.447114357785	13.934387556152	0
35.375	14.359448608137	0
35.072114357785	14.056844729599	0
145.31506897633	-0.70977026176311	0
145.375	-0.18265214124718	0
37.120819321335	13.106508240349	0
37.125	13.787981798715	0
36.745819321335	13.228965413796	0
35.493518975397	13.484724400058	0
35.796404617611	13.787328278595	0
199.625	0	0
199.91384659056	-0.59393071304388	0
174.98243577154	-4.3896298173759	0
174.78227099889	-3.9900216565505	0
38.75	13.268094906869	0
38.354275419561	13.001401755021	0
156.41745678802	-5.1174879320535	0
156.25	-4.5916262250147	0
155.91745678802	-4.9853032572242	0
51.889263702356	9.7429737399278	0
51.585627776772	9.3834665090745	0
52.264263702356	9.7066012859996	0
52.466366232336	9.3161556191121	0
45.502501543129	10.425586411185	0
45.726579213096	10.016425088256	0
45.974077669967	10.495876422948	0
47.524241576188	9.9478509882593	0
47.707748015066	10.394542554471	0
157.56254530516	-20	0
156.77831759354	-22.188029623459	0
158.42296174512	-22.188029623459	0
155.05778895914	-4.8668199466307	0
155.43278895914	-4.9659584527527	0
155.375	-4.3603030440634	0
42.297936759486	11.240254922612	0
42.617747489559	11.671219266702	0
60.757083520923	-23.795840970839	0
61.549139630842	-21.526181931803	0
59.736484252258	-22.269659039036	0
42.875	11.920318674058	0
42.992747489559	11.508012441868	0
39.625	12.98989410399	0
39.623245084489	12.549658205304	0
194.70108406363	-26.869894050539	0
196.49635170683	-25.840792694193	0
194.38659860559	-24.398483588567	0
130.22500277098	-28.292022425696	0
131.33740698943	-26.283636998155	0
128.65068423933	-26.053102583569	0
43.320004244081	11.35793685944	0
43.820004244081	11.140327759661	0
43.75	11.539502749446	0
34.722014767332	13.686880587098	0
34.649900409547	14.111941639083	0
102.875	7.6004709254709	0
103.11474307646	7.1740251447678	0
52.125	10.245412221145	0
26.386924451819	16.804698173099	0
26.743510986616	17.022494443355	0
26.393413465203	17.166562972395	0
45.375	10.950258872939	0
27.812775906564	16.389822028105	0
27.875	16.89502532624	0
27.125	17.20854733433	0
22.875	19.181015079365	0
22.847422037021	18.634946651577	0
180.375	-3.0837616382006	0
180.2899909831	-3.4007321904593	0
180.6649909831	-3.3547053090224	0
24.55689169877	17.93319856549	0
24.519622945191	17.29526931413	0
24.962731246421	17.566885563455	0
12.875	25.545913978495	0
24.18189169877	18.105469200411	0
23.829294124268	18.283649119343	0
23.761185823038	17.839762235098	0
24.625	18.377085449735	0
162.4244954319	-4.8984139908695	0
162.67570215966	-5.1681462888588	0
162.75120672776	-4.7564863132049	0
0.38904173512159	30.167118688392	0
0.0237867667652	29.616865481295	0
0.43117869331117	29.520868510007	0
25.375	18.029002906494	0
25.337731246421	17.391073655134	0
198.75	0	0
198.53613394967	-0.4163144198852	0
41.395888888592	12.027456523565	0
41.45107815852	11.478421226038	0
141.34071849352	0.26767233619482	0
141.34004733243	-0.3719951946615	0
141.73724591889	-0.17865207090956	0
34.625	14.604362955032	0
34.274900409547	14.234398812531	0
37.2444745211	12.708677163598	0
37.623655199765	13.267693548517	0
134.64539410323	3.704398346705	0
135.07475619845	4.1488811585106	0
134.57063790478	4.1841226603922	0
151.75094008355	-3.3302628355668	0
152.12594008355	-3.4891659159575	0
152.125	-3.0429075882795	0
28.320498262976	16.32571544305	0
28.820498262976	16.142101976692	0
28.75	16.573701760114	0
111.45184872727	7.4603590286225	0
111.57766541358	6.9923951068115	0
111.87581668631	7.3579620041149	0
29.19394349615	15.836860232511	0
29.625	16.252378193987	0
31.310700200548	15.120002275826	0
31.25	15.70647751606	0
30.810700200548	15.283278507089	0
102.125	7.5347461097461	0
101.96029395171	7.141358928414	0
187.4593075999	-2.0767376457241	0
187.82807055284	-1.8812302904277	0
32.125	15.420744111349	0
31.802488415055	15.109107812653	0
33.75	14.890096359743	0
33.874587429403	14.453087892634	0
79.654536601633	6.8307203561887	0
79.340717677034	6.0935637780975	0
79.888762030633	6.2101779110833	0
167.56008509972	-5.4093958796821	0
167.60217296357	-4.926465480806	0
167.09953321146	-5.2836642292244	0
27.88327416954	15.958222244683	0
46.25	10.844742909796	0
46.474077669967	10.435581586867	0
166.3935828682	-5.9678224669366	0
166.68870083552	-5.3894023156375	0
166.0248383561	-5.5906301544735	0
53.731731590644	8.3042890170664	0
48.986031583422	9.8781395349742	0
159.12539708317	-5.2096406224439	0
159.34413721653	-5.504993882564	0
157.77523324455	-5.4118547856343	0
158.15023324455	-5.3792047433689	0
157.875	-4.8894378698225	0
94.625	6.9527260458839	0
94.365421309075	6.4435980936485	0
74.10594547368	7.7846566179026	0
73.998956644587	8.1425198836803	0
86.25	7.5178407557355	0
86.017889587866	7.2026589219779	0
154.20095136152	-4.4747699821561	0
154.57595136152	-4.6336730625468	0
154.625	-4.1022614575507	0
87.125	7.4587989203779	0
22.125	19.526192857143	0
154.63374032066	-5.2393284712361	0
40.895888888592	12.18488446148	0
41.25	12.477095343681	0
160.375	-4.6717709213863	0
160.18713027899	-5.092286906659	0
153.85889071487	-4.1975201309442	0
153.80984207638	-4.7289317359403	0
177.875	-3.2838670694864	0
178.10990251557	-3.7574449700905	0
161.55308618174	-5.0958235247971	0
161.25	-4.5955874894336	0
112.25081668631	7.344073115226	0
112.42405942189	6.9486178957658	0
112.67324273558	7.4026929286879	0
163.12620672776	-4.7238362709394	0
163.32815418473	-5.0171069265334	0
163.45194745698	-4.7147245862787	0
162.875	-4.4541039729501	0
128.96766969695	6.0152012752324	0
128.75	6.4333050847458	0
128.46766969695	6.0787605972663	0
70.628387415764	8.1734212671656	0
70.375	8.7192744860943	0
164.38420214101	-4.8536519443644	0
164.75920214101	-4.8210019020989	0
164.625	-4.3017371090448	0
97.518780430976	6.1223452419293	0
164.9930013503	-5.1901572695674	0
172.46638977658	-4.4263478397415	0
172.38133827956	-4.9606470758943	0
63.944078366861	8.000498706251	0
64.297378800212	7.9675338899969	0
162.125	-4.519404057481	0
162.0494954319	-4.9310640331349	0
145.39685029018	-1.2064978322119	0
145.83178131385	-0.83828279208661	0
160.03087041236	-5.4202902090446	0
49.772059117896	9.5963914482483	0
58.882163244808	8.3448598259625	0
58.136315625922	8.3701979930087	0
58.416220125553	7.8842710734392	0
146.75815313327	-1.29576698996	0
147.13315313327	-1.4546700703507	0
147.125	-0.92419984973704	0
63.064573125749	8.8115935572699	0
62.875	9.323869407497	0
147.57045001394	-1.5158519199798	0
147.94545001394	-1.6747550003705	0
147.875	-1.2420060105184	0
147.20360314721	-1.8874190602028	0
96.631573973649	5.8383019287891	0
96.252655059125	5.9433484579416	0
20.401785779671	19.724060613159	0
20.375	20.333092857143	0
143.40773332121	0.27851547299905	0
143.90773332121	0.057665042998974	0
143.75	0.52837701414368	0
77.52543336751	7.3572183188601	0
144.625	0.14188876164355	0
144.28558718531	-0.035958096775717	0
139.26114571905	2.0366116111891	0
139.63614571905	1.8592064920364	0
139.625	2.4406090026478	0
87.197444549632	6.1235681188807	0
131.39643253269	5.6300250584192	0
131.25	6.042856523105	0
130.89643253269	5.7226451610416	0
152.11526799794	-4.1169597158035	0
152.4893279144	-3.8296044685162	0
44.625	11.158686824834	0
44.14213830755	10.750028108672	0
84.931115649383	6.7534797885848	0
29.916391340488	13.490477257554	0
30.054529902418	14.000668742023	0
29.608271611155	13.851270708997	0
167.78136242591	-4.5518086248034	0
168.15636242591	-4.5223252143027	0
167.875	-4.0219367078425	0
14.701500805926	21.0162849666	0
14.289351748835	20.263970133935	0
15.322679591604	20.279729292209	0
192.69683180839	-1.696445523161	0
192.68017223705	-1.1959563510301	0
149.53052180713	-2.5906317789512	0
149.625	-1.9835537190083	0
149.15552180713	-2.4317286985606	0
150.06416944776	-2.6009749272274	0
150.43916944776	-2.7598780076181	0
150.375	-2.3013598797896	0
13.173693342772	24.562477881654	0
12.584400546475	24.102613487555	0
149.59469125489	-3.0491499067797	0
132.40909664645	4.642785092381	0
132.06713580272	4.9644250555538	0
132.01353687382	4.4906723960716	0
169.27380422785	-4.6160634092002	0
169.43838286244	-4.2496397957527	0
169.08542136541	-4.2802544827872	0
152.8643279144	-3.9885075489068	0
152.875	-3.3607137490609	0
147.97780356695	-2.1104025016333	0
148.282353553	-1.8365565921718	0
43.06275173364	11.108837452084	0
157.51218644242	-5.8956791410212	0
156.52940998589	-5.7004507935624	0
163.95194745698	-4.6711911965915	0
163.75	-4.3779205409975	0
169.81338286244	-4.220156385252	0
169.625	-3.8843474588391	0
171.5801763291	-4.0763132322753	0
172.67355182367	-4.0878303871	0
184.8903865335	-3.8539166070775	0
185.15445600336	-3.140489889528	0
173.04855182367	-4.0606400547738	0
172.875	-3.6464048338369	0
120.375	7.4764843063402	0
173.97812721117	-3.9483314191884	0
173.75	-3.5829607250755	0
173.47812721117	-3.9845851956234	0
174.40727099889	-4.0172119888768	0
174.13539821006	-4.4188364594247	0
100.26012026526	7.0046645214513	0
99.884457797536	6.8693101866812	0
100.1445780628	6.5254489096067	0
170.27306877252	-4.337982507192	0
170.64806877252	-4.3107921748657	0
170.375	-3.8276737160121	0
177.17015691852	-4.7955159802886	0
176.7082100096	-4.2705166449601	0
177.58475377541	-4.8486474900424	0
176.51290435092	-3.8772605864362	0
176.25	-3.4016918429003	0
176.01290435092	-3.9135143628712	0
194.793420418	-0.35624316644929	0
194.625	-0.049376558603491	0
194.418420418	-0.40561972505278	0
174.625	-3.5195166163142	0
170.08645163495	-4.7032748441057	0
176.94530565868	-3.7586941249892	0
177.125	-3.338247734139	0
147.50579786449	-2.5464695959247	0
147.06850098382	-2.4852877462955	0
179.04603335501	-3.6159948860989	0
179.35203176966	-4.1207350274163	0
179.55599841465	-3.6889093256074	0
34.986006208655	12.996886793687	0
34.563792260417	13.05198370317	0
179.93099841465	-3.6617189932811	0
179.625	-3.1569788519637	0
178.75	-3.2204229607251	0
178.54603335501	-3.652248662534	0
150.82675337703	-2.9895296653625	0
150.51592282479	-3.2891447128003	0
180.22098939776	-3.932662664103	0
191.10273709177	-1.0885576377242	0
191.60273709177	-0.96386935842248	0
191.25	-0.64089775561097	0
192.875	-0.27980049875312	0
192.81972355822	-0.79598509712623	0
193.19472355822	-0.74660853852274	0
159.7483017271	-5.7573229948355	0
160.09169187273	-5.8171856354572	0
153.33485582047	-4.8834165034808	0
153.67691646712	-5.1606663546926	0
180.91661229386	-3.6340519480224	0
181.00162131075	-3.3170813957637	0
35.409341054337	11.732824834617	0
36.366268524802	11.825575807453	0
184.06927493563	-2.7591622229684	0
184.27525796749	-3.164520955676	0
182.125	-2.8689695248284	0
181.95148663663	-3.4357035555555	0
163.12378333299	-5.4528790888158	0
162.79707203714	-5.5948067664804	0
169.97622531667	-5.2541194940694	0
170.05027798943	-5.8261719865575	0
185.6984729715	-2.5480987378678	0
185.375	-2.1059850374065	0
185.3234729715	-2.6416149473441	0
184.36279767208	-3.5362767735468	0
183.97608957585	-3.5035465979723	0
186.06630662741	-2.8770644893812	0
174.0896399841	-5.0400781776044	0
174.50929935143	-5.6221312183995	0
174.9842013651	-5.0697700699081	0
183.23273958523	-3.1005125998829	0
182.875	-2.7294264339152	0
118.8552624307	6.2383249713501	0
118.75212297632	5.5990029278162	0
119.35481569157	5.8540712294744	0
144.12485557611	-0.64031231208715	0
143.94332050652	-0.28581963792035	0
143.74700171201	-0.54668917231246	0
187.875	-1.4825436408978	0
188.20307055284	-1.7877140809513	0
128.67619619488	4.4535248985279	0
128.66159324917	3.6825284887791	0
129.10729150533	3.9493679334685	0
189.625	-1.0461346633416	0
189.55591931299	-1.6256620416542	0
189.93091931299	-1.5321458321779	0
188.50542326245	-2.1114381486251	0
127.76810824517	4.8906531131551	0
127.56762453294	5.2488802965193	0
64.705811811449	7.1777937536058	0
65.342996749794	7.4925398610259	0
64.729330942502	7.7616189141527	0
192.36044867882	-0.72914831126047	0
192.125	-0.42269326683292	0
191.98544867882	-0.82266452073678	0
57.394543070282	8.9972998038883	0
57.243587061961	9.3595205747847	0
190.24952687744	-1.8200589554724	0
190.31860756445	-1.2405315771599	0
73.75	8.4472067714631	0
73.498956644587	8.1828262117738	0
187.125	-1.6695760598504	0
187.0843075999	-2.1702538552004	0
136.34806456167	3.4618334350417	0
136.25	4.0372550750221	0
135.84806456167	3.698373593912	0
194.07835341802	-0.4353736761592	0
194.24677383602	-0.742240284005	0
49.339557926678	9.4188460711351	0
49.075560623878	9.5790006722628	0
49.052433803598	9.2068643155804	0
776.22792376664	-311.80948901466	0
858.42650519236	-415.17375697795	0
923.05864427515	-306.6357320367	0
36.296404617611	13.624052047332	0
36.25	14.073715203426	0
98.46498747357	6.2548296263539	0
98.576523140576	6.801383742444	0
66.25	9.0518016928658	0
66.022266663953	8.7016151146404	0
110.95184872727	7.478877547141	0
111.25	7.8444444444444	0
114.95373456349	6.8864894791583	0
115.17079274273	7.2585388431577	0
2.8816237844399	29.382481449809	0
80.780186347607	6.5199193173793	0
80.466367423008	5.7827627392881	0
39.666671308015	11.983416668437	0
109.78541573222	6.6297433791059	0
109.90910321103	7.1471961859359	0
109.41030975237	6.7449872613465	0
91.460602953026	5.9222530045922	0
101.05595827552	6.9967271168827	0
100.63512026526	7.0375269293137	0
100.94107854078	6.6200034319459	0
117.30480234818	7.1001881892704	0
117.125	7.6268518518519	0
122.125	7.2716826741996	0
121.8694022897	6.9340041062572	0
122.2444022897	6.8901180422271	0
99.509457797536	6.8364477788188	0
99.625	7.3156633906634	0
43.712142551631	10.568462218666	0
43.039750788087	10.624760478881	0
24.747031499372	16.12389062353	0
25.293600251878	15.620768345259	0
25.47203124535	16.425834033823	0
119.625	7.5342592592593	0
119.35397757297	7.0207707105782	0
37.636731104751	11.568623110947	0
37.98157813794	11.344750203126	0
123.03036421578	6.620585448538	0
122.875	7.1801271186441	0
122.65536421578	6.6682549400634	0
122.39976650548	6.330576372121	0
0.36582490428781	30.659733677298	0
0.375	31.178175847458	0
-0.0091750957121916	30.78155782984	0
63.44752181755	7.3067649162129	0
63.090236451424	6.6189224181748	0
63.734860638031	6.7590303086944	0
118.29100337808	6.9210838004608	0
118.44113047819	7.2467846293722	0
118.09987289989	7.2594843562738	0
31.363188615603	14.685908803682	0
31.203400823573	14.120240305201	0
31.69518903808	14.109345842029	0
117.52967524807	6.7605984714702	0
117.72487289989	7.2733732451627	0
117.875	7.5990740740741	0
26.027713464131	16.435739228845	0
23.196214104705	17.317394010456	0
23.548811679207	17.139214091523	0
124.15930549372	5.7112359581412	0
123.76603040378	5.8216213224135	0
99.076523140576	6.8452002862606	0
98.75	7.2389844389844	0
81.27672931286	6.6301528532663	0
81.63900172147	6.5965094583385	0
163.88177874624	-5.626228151928	0
164.08614959798	-5.1904559896456	0
163.44952406221	-5.4437674041551	0
103.75	7.6771498771499	0
103.53502493013	7.2872507281144	0
104.03502493013	7.331067271931	0
107.71880574075	7.4461323457545	0
107.2765438017	7.6246524102057	0
107.875	7.9694444444444	0
108.09380574075	7.4322434568656	0
109.05065578102	7.5858484674373	0
109.19265439661	7.2578092422663	0
182.79253131448	-4.4646368344868	0
183.32378426308	-4.2689889697275	0
192.89048147206	-2.4149548166718	0
193.33309678011	-1.9813024304067	0
107.125	7.953837018837	0
106.9015438017	7.5951560957094	0
127.83098614319	3.7329294967963	0
128.26208145364	3.2287725317369	0
105.1228409706	7.0051148136085	0
104.87284731998	7.2984517658151	0
104.49784731998	7.2655893579527	0
104.625	7.7538288288288	0
125.08174366341	3.8856223808187	0
125.46584430955	4.6316376747896	0
124.55162825598	4.3401335272166	0
137.875	3.2684995586937	0
137.52388582257	2.9126961252918	0
137.89888582257	2.7352910061391	0
171.25	-3.7642296072508	0
171.0801763291	-4.1125670087103	0
57.125	9.7885715804811	0
113.04824273558	7.388804039799	0
112.875	7.7842592592593	0
95.874375156421	5.7822531799983	0
95.874514464211	6.1916286012327	0
113.27497500927	6.9169627341533	0
113.47673227369	7.2985290647247	0
115.375	7.6916666666667	0
115.54579274273	7.2446499542688	0
66.439935027207	7.7248400851489	0
79.280713365498	7.0578206538694	0
103.3997680066	6.8279425395489	0
74.003856540129	6.7245429589192	0
73.536166312811	6.9284133507646	0
73.688824891332	6.4719109642421	0
110.375	7.8768518518519	0
110.14210459544	7.461346522218	0
110.51710459544	7.4474576333291	0
102.6201263369	6.1300812261579	0
112.125	7.812037037037	0
115.97086577173	7.298212631536	0
116.25	7.6592592592593	0
72.438975010889	7.2138388788565	0
48.317605778999	9.0194692017251	0
48.678182190933	9.0013993011413	0
21.633398580309	18.00486411476	0
154.48900530804	-6.0123123229433	0
154.84697305369	-6.7678805111989	0
155.47354566393	-6.2280435435757	0
141.32235813558	0.7151566102702	0
140.92515954912	0.52181348651826	0
155.95821349282	-6.2473883480472	0
156.40270990266	-6.4366741773465	0
97.140887327493	5.4060723761186	0
97.649035562506	5.385786797177	0
140.82839959559	1.4388457028917	0
141.32839959559	1.2023055440214	0
141.25	1.6718534863195	0
42.712494033565	10.77483606131	0
151.4338980314	-4.2880370288056	0
151.32769346058	-3.6476587668948	0
131.96007940196	4.0492676543609	0
131.61811855823	4.3709076175338	0
160.22031237612	-6.2291498910732	0
160.00353441323	-6.7101035030761	0
160.41472360187	-6.7850349729013	0
146.33178131385	-1.0501535659409	0
146.25	-0.55342599549211	0
141.74395853999	0.94816439369801	0
148.782353553	-2.0484273660261	0
148.75	-1.6127798647633	0
182.01463551415	-4.6928985779442	0
181.59100786198	-4.1799894639537	0
181.45267010287	-4.9164773370523	0
129.28335230048	5.1852967616807	0
129.64783720268	4.9761934037684	0
129.80929505212	5.4411258222319	0
96.25	7.0284327408012	0
96.001397183457	6.6703762422602	0
195.60931797441	-0.56850795501698	0
195.375	0	0
195.23431797441	-0.56850795501698	0
53.994141479258	9.6480702387191	0
53.75	10.087798254122	0
197.52882103331	-0.86712515787493	0
197.71526354484	-0.47883535391533	0
196.77596008475	-0.79153360889011	0
196.58740259628	-0.40324380493052	0
48.082748015066	10.358170100543	0
47.875	10.657633365664	0
81.25	7.8571274316383	0
80.972833442869	7.5297145440246	0
200.62748831076	-0.63517065037334	0
200.54133490132	-1.2291013634172	0
26.25	17.618775120412	0
25.893413465203	17.400978850156	0
206.43224619199	-1.1385038348136	0
205.25722570086	-2	0
206.43224619199	-3.1385038348136	0
200.30223944558	-2.0960494496502	0
201.01588116579	-2.1372893869797	0
27.361065612938	14.95592304317	0
27.657154628024	15.52363708485	0
27.079462798043	15.454614788059	0
198.09026354484	-0.47883535391533	0
197.875	0	0
88.75	7.3491497975709	0
88.51542627304	7.0011131050823	0
195.02773839241	-0.92475112146627	0
48.262437225009	10.03018796574	0
47.991389853532	9.7491190036124	0
23.75	18.77905026455	0
23.329294124268	18.513343299237	0
127.25045070146	6.2094614701194	0
127.4146075849	5.7764051527727	0
127.66415688344	6.1591470724838	0
91.25	7.1804588394062	0
91.02345709117	6.8440969554849	0
125.14750335095	5.5596755702859	0
124.93584865129	6.0731461152124	0
124.72407420246	5.5996193661141	0
127.875	6.5445338983051	0
128.03915688344	6.1114775809584	0
82.078767089252	6.380847029903	0
153.75	-3.7314876033058	0
153.35889071487	-3.98564935709	0
125.57033875706	5.6647345643024	0
125.98152252239	5.6370810096304	0
6.4299415091655	27.741696440848	0
6.7678114851519	27.964332072615	0
6.4121300240136	28.091364294555	0
126.87545070146	6.2571309616448	0
127.125	6.6398728813559	0
14.424073111749	22.683642325775	0
37.998655199765	13.148464632998	0
37.875	13.546295709748	0
125.17963889989	6.4716011596921	0
124.7562097514	6.5115449555203	0
194.44476411078	-1.1351686371258	0
194.8856616672	-1.3474334256935	0
132.48134778768	5.4639220092061	0
132.85634778768	5.2865168900534	0
132.875	5.6339011473963	0
190.69360756445	-1.1470153676836	0
190.375	-0.85910224438903	0
135.43452796156	2.8570043751519	0
135.54782076012	3.3960543993775	0
135.03621959834	3.1301068205977	0
132.10634778768	5.5333870861729	0
131.71078801505	5.3812743898635	0
100.375	7.3813882063882	0
59.321078818061	8.3591762759595	0
59.04117431843	8.8451031955291	0
130.08688997716	5.7532146219903	0
130.46188997716	5.6837495450234	0
130.375	6.2049417026942	0
126.46582266522	6.3327187914607	0
126.59127336668	5.9023073802242	0
125.35856430823	5.1912078152042	0
130.52226146138	4.8267072094021	0
130.95680401691	4.8656028254202	0
130.60832250985	5.2709180803376	0
73.394929702916	7.4075751810107	0
73.079898054118	7.1549431863336	0
125.88867971567	4.7366966688062	0
126.22299007706	4.6929644604619	0
126.11571007573	5.2525346008764	0
133.25016021097	4.9789880329234	0
133.75016021097	4.7424478740531	0
133.75	5.2199558693733	0
124.625	6.9576694915254	0
54.896831015066	8.6956020221734	0
152.61992017117	-5.6986328722661	0
152.84029301999	-4.8862746952976	0
152.25828297997	-5.2697564453306	0
142.11895853999	0.77075927454532	0
142.18575604503	0.25550636173502	0
142.56679750504	0.56525017633357	0
138.353952125	2.6185330728915	0
138.00283794757	2.2627296394896	0
129.72240507495	5.9623179799026	0
129.625	6.3220762711864	0
129.34740507495	6.0099874714281	0
30.949025438901	13.591776317064	0
30.617025016424	14.168339278718	0
191.28858806423	-21.288509218825	0
190.45542833668	-20	0
189.64394391265	-21.288509218825	0
158.75	-4.8132544378698	0
158.62539708317	-5.2531740121311	0
30.425535481676	15.566365748405	0
30.375	15.992210920771	0
158.97717754179	-6.2238740597306	0
159.38134205235	-6.476203172002	0
159.4049586769	-5.9018893089766	0
165.893777371	-5.0098039024454	0
165.59865940368	-5.5882240537444	0
166.73078869936	-4.9064719167614	0
149.48913377331	-3.5785643851788	0
150.02278141394	-3.5889075334549	0
151.32675337703	-3.2014004392167	0
142.125	1.2579082082966	0
128.67558782119	4.865000365813	0
128.22988956503	4.5981609211236	0
168.75	-3.9531420833408	0
168.58542136541	-4.3195656967882	0
169.16357790956	-5.1669080591639	0
169.51653940659	-5.1362933721294	0
175.83806912357	-4.3403128560229	0
175.40209513887	-4.9716828581709	0
180.44551964	-4.2986088449933	0
180.15211914658	-4.886532596755	0
180.73564195728	-4.9914919748236	0
181.50162131075	-3.2557122205145	0
181.25	-2.9763655815145	0
183.75	-2.5112219451372	0
183.56927493563	-2.8838505022702	0
183.63955422545	-3.720208695585	0
183.55201452086	-3.3484528777142	0
191.04634465622	-1.4699869704951	0
190.87574458127	-1.9666088325884	0
191.28487410859	-1.9081511026291	0
193.75	-0.1645885286783	0
193.57835341802	-0.50120908763052	0
194.1046971108	-1.1649225882322	0
108.75	7.937037037037	0
108.55065578102	7.6043669859558	0
109.0689669178	6.7403564354363	0
112.81033786649	6.3831779526248	0
113.23882740461	6.2929029775504	0
111.06811829981	6.4817809150117	0
111.49208625885	6.3793838905042	0
116.09832618376	6.4004912125585	0
116.55726276021	6.2348741777003	0
120.80147976764	4.8426103456043	0
120.20074841563	5.0288400178555	0
120.5608894477	4.2873961745264	0
118.10115775762	6.4585200985272	0
117.6810872059	6.2853350426349	0
118.94113047819	7.2282661108536	0
118.75	7.5666666666667	0
105.88360188542	7.1824928563222	0
105.62021813266	6.8041155394485	0
106.00383271684	6.7865910634927	0
123.75	7.0688983050847	0
123.48793466146	6.733159133352	0
123.26829887724	6.2212869547713	0
123.3084599581	5.7090476375995	0
106.27752552049	6.3860440865368	0
19.317070642455	-24.75748606437	0
18.150290429928	-23.387296959912	0
17.643435141891	-25.013371792145	0
130.41613419252	2.3060175684913	0
130.91337785605	1.5903492228232	0
131.27740548381	2.4132667884283	0
196.25	0	0
196.08740259628	-0.40324380493052	0
196.72325637454	-1.4628793958564	0
197.07441126674	-1.4479253948855	0
122.26071955494	5.8455041743274	0
134.23182983067	-0.20386203967953	0
134.97772608761	0.36025182842349	0
133.86374443331	0.62936267569807	0
132.85650799865	4.8090088947332	0
137.17695429866	2.6184596102513	0
137.15306847609	3.1516681628059	0
126.25	6.7511016949153	0
124.37096019338	5.1977654132147	0
132.125	5.8807713435158	0
68.75	8.8502700523982	0
68.556988023896	8.5066512648177	0
69.083702193571	7.5881602681728	0
69.443763888651	7.5661677137577	0
78.086168796289	6.8460358129975	0
78.165070278097	7.1660128563756	0
77.874705952371	7.1120142583943	0
78.989452520972	7.7112395041925	0
79.091919762453	7.4100884652432	0
61.25	9.4548649738009	0
61.033746368623	9.1301801483264	0
61.495844992206	8.2625455104119	0
61.849533093389	8.2427484568814	0
100.2436619628	5.9816927414943	0
100.61932443053	6.1170470762645	0
101.55595827552	7.0405436606993	0
58.20208538091	8.9317538191207	0
57.736142261655	8.4711650665974	0
83.75	7.6865317139001	0
83.513866443174	7.353724675587	0
83.931685866803	6.4726109965687	0
84.291489329188	6.4532261454797	0
30.486235682224	14.979890508171	0
29.923740568218	14.812219971476	0
30.30890528709	14.52913273016	0
189.30841372891	-2.7340018078667	0
189.3582720226	-2.0740743886297	0
188.80484712553	-2.696402986006	0
193.52307697624	-1.0173936860036	0
193.721067251	-1.4103220391244	0
113.97673227369	7.2800105462061	0
113.75	7.7518518518519	0
113.65245910659	5.7488624307446	0
114.11709624937	6.2826472122731	0
120.40300065075	6.1476114228933	0
119.94964694076	6.0387237309708	0
121.45906753678	6.9224917948942	0
121.25	7.3740834902699	0
105.56090556818	5.4654907518918	0
105.9113911295	5.7641948547093	0
111.87836470346	5.8139439473632	0
112.38791181723	6.3245581391629	0
134.625	4.8060105913504	0
134.19563790478	4.3615277795449	0
133.69579811575	4.1205599430949	0
136.37613303776	2.9901918008485	0
136.77806847609	3.3290732819586	0
119.60591716644	4.844187516359	0
119.84650748638	5.3994016874369	0
196.24517175267	-1.6281435459429	0
195.32194066206	-1.9525096422964	0
196.09847646591	-2.4436372782054	0
194.73896638043	-2.1629271579559	0
118.44241533592	6.4458203716255	0
119.04510805117	6.7008886732837	0
140.09944969435	1.8429722384161	0
140.47444969435	1.6655671192634	0
140.375	2.0857987643425	0
133.59742658142	3.6482247875315	0
133.22129255399	2.9148002542714	0
133.76514178214	3.0062153153265	0
143.30297206305	-0.57694464897457	0
143.09953082625	-0.071099617311195	0
142.83703624688	-0.4558477681401	0
-6.046426622422	28.525111487787	0
-6.046426622422	27.525111487787	0
-5.2572257008623	28.3	0
8.9539935862242	26.016088164952	0
9.0186814813667	25.154826660368	0
9.6959870441641	25.510004503347	0
5.6377497978661	26.492852361423	0
5.544392075528	27.341714086218	0
5.0187131884276	26.877364625561	0
-2.5745324919007	26.258124926267	0
-3.3989517775544	25.508844018776	0
-2.4404934361824	25.179473327247	0
146.09598242221	-2.2383057957601	0
146.33993444712	-1.5806237865545	0
145.66961060279	-1.992692371741	0
7.864869139126	26.292389277605	0
8.4238621933327	26.257591119448	0
16.484188149976	20.880811133773	0
16.324715777391	21.424387691497	0
4.3917200908962	26.294122764419	0
7.125	28.158112322711	0
6.4745258276352	27.285933020495	0
6.8082394698958	26.940535027659	0
-1.4098589320642	28.977903128327	0
-1.3729270561874	29.893915887079	0
-1.8776975613412	29.227363310018	0
8.75	27.656719101124	0
8.9105181816194	27.186394385428	0
11.25	26.593886311466	0
11.283467524725	26.015178940662	0
70.957270883028	7.7933830016567	0
71.223031704541	7.2256852677202	0
63.337578490532	8.4418360294412	0
63.485646127828	7.8882101299227	0
94.039657552876	6.0502195705348	0
93.444841996163	5.5263058938912	0
99.96724190564	5.3205155417247	0
100.19610238827	4.1328778956255	0
100.94726881317	4.385653262053	0
52.513686173796	8.7705432037681	0
85.825335331689	6.706144365147	0
85.964803733733	6.2202326505828	0
20.534729524091	19.216739208956	0
20.437762322959	18.518257441422	0
42.274935813934	10.75617794941	0
33.89948783895	13.960666576685	0
33.288116937246	13.62738350443	0
33.688429917391	13.408694424327	0
38.840992577616	11.543228321497	0
39.22816496524	11.813508979449	0
38.859317781354	11.958370564185	0
160.50288106137	-5.8921171052823	0
169.28017116554	-7.5994874894878	0
168.62760582776	-7.4128032354997	0
168.83268830872	-7.9955296735358	0
142.94179750504	0.39961235383351	0
151.79728586225	-4.6284755813642	0
165.1240623354	-5.7709835215955	0
149.17326094495	-4.3914089593639	0
148.74517078589	-3.8516513326887	0
154.00716771041	-5.7791654388593	0
170.97824510162	-4.6228757998902	0
172.05067992319	-6.8456000325684	0
172.29631677613	-6.1032516207471	0
171.66993605884	-6.1615769555728	0
181.70310794738	-3.7764193698047	0
181.14114253611	-3.9999981289128	0
190.48805632981	-2.2582230876064	0
190.13726973099	-2.7422312341931	0
190.76348743482	-2.8887811113091	0
191.233785532	-3.6272923754202	0
190.34378651389	-4.2423723632991	0
191.1648712099	-4.4968754808236	0
195.3540599974	-4.5505866956857	0
195.83005120006	-3.6330935373288	0
194.69925417263	-3.6854965329158	0
114.13467409446	6.8940722933178	0
138.75	2.8545542806708	0
138.853952125	2.3819929140212	0
140.14319995902	0.97628992498847	0
140.49714986026	0.74956850861673	0
140.55284928994	1.1960191769654	0
67.301920402465	6.6024418122109	0
67.976581167696	6.9233842080101	0
85.050835272967	2.5511696349182	0
85.62512655906	3.0330740897782	0
84.860779649556	3.2429614941681	0
75.775468096491	5.8437772033769	0
76.27178145198	6.0402768123571	0
75.744537189713	6.4850670213292	0
86.953354407142	3.5918482151747	0
86.915766917915	4.1601874804267	0
86.520555342069	3.9149461002516	0
73.343287366699	7.7561221702854	0
69.470920570211	6.2001141857858	0
70.112387933791	5.8324062750329	0
69.944895702931	6.685886476449	0
71.262825822034	6.5558756534147	0
70.54656894902	6.9879881800016	0
78.710779385286	6.4385010822363	0
78.945004814286	5.8179586371308	0
62.276671749332	8.0447247395891	0
80.171543561343	2.6996452619143	0
81.158487154253	3.1610717507355	0
80.12928570237	3.7678693959898	0
57.328773315294	8.4357439777763	0
65.830524604377	8.1937436149471	0
65.975926303678	7.6074614917746	0
65.875747196014	4.8005811487189	0
66.136459304516	5.4761426886223	0
65.604207701866	5.231572280339	0
69.905101585439	7.3556960907545	0
98.243608969884	4.8686270533318	0
98.621502073367	5.5848999191424	0
108.61211687753	6.568232906346	0
108.55122208088	5.7844457240497	0
95.74059685475	5.0044565436674	0
90.833721793593	6.3340500968992	0
90.997410564279	5.7823062215607	0
90.260196503255	4.0289007781681	0
89.890051903194	3.4728291973002	0
90.507768931036	3.441647570358	0
47.252833482808	9.1818246367093	0
47.719981760152	8.9830926520623	0
47.600135399588	9.6018907025226	0
88.305512832761	6.4922794956317	0
88.447495713108	5.9170985679453	0
87.093645986346	5.4381138256558	0
87.726374556158	5.6797664770777	0
90.973514579286	5.1924452077751	0
82.028825694869	5.598242977385	0
82.749801044139	5.8865858617039	0
64.178152839142	-0.90925066448576	0
65.544952782697	-0.51684292443357	0
80.699123920484	7.0575680250615	0
77.526997727586	6.4991188113426	0
77.786628753573	6.1845481744693	0
78.055435496551	6.4774665781428	0
84.725265167452	6.2582961906016	0
25.481144711624	16.938861507117	0
26.240179270808	14.798632251107	0
26.400986890407	15.404806250965	0
25.857792378257	15.316537755693	0
23.954651226858	16.772901089488	0
30.276509630381	12.961989363493	0
30.862885437531	12.913890389977	0
22.926716161289	18.13954550637	0
22.714342017458	17.438997362796	0
21.902896523725	17.182712618846	0
25.132792632279	15.0145943454	0
17.519693812859	20.156717677568	0
16.821372112582	20.140143058932	0
17.107518274184	19.567282593828	0
17.964940784699	17.543709193401	0
18.10997558974	16.583888687901	0
18.867000461187	17.337075968096	0
17.875	22.073819753086	0
17.207301453043	22.083612542641	0
18.666149226923	20.249743179363	0
-5.2572257008623	21.3	0
-6.4969291049326	22.105664773239	0
-6.4969291049326	20.105664773239	0
3.0160072969293	26.861470758574	0
2.9160629128238	27.557512914677	0
140.5155102182	0.30208423454134	0
-3.0463659962407	30.534121318179	0
-2.6524424137573	29.955809352564	0
37.11632476241	11.774451177724	0
37.262044985011	12.341663788653	0
152.97321862926	-4.4545400765453	0
153.5321814545	-5.9336502063999	0
158.52563032771	-5.775590927943	0
158.50201370317	-6.3499047909683	0
151.25	-2.6721337340346	0
142.875	0.91486526664381	0
168.49178379132	-4.8494376137492	0
168.73451897007	-5.3696675766784	0
166.22556326757	-7.5475849829545	0
166.24098532624	-8.3527818186999	0
166.94878647342	-7.9511465890371	0
178.85707027138	-4.6990557996679	0
179.36703533102	-4.7719702391764	0
182.65419355537	-5.2011247075854	0
180.80451220846	-4.0376220421715	0
183.74785931807	-4.4240826899856	0
108.39446152177	7.0810548872658	0
106.4484676859	5.7420251946271	0
114.54830579644	6.350031746512	0
114.9361567184	6.2750643981136	0
122.75022776412	5.3668399400527	0
137.125	3.6233097969991	0
124.63731714814	1.4626578879673	0
125.04203148	2.8086022730299	0
123.76281327797	2.248173848183	0
195.94672057069	-0.9717517599475	0
192.7908083359	-3.2908036084312	0
199.3373066117	-1.6021742908329	0
198.83459397082	-1.4245579976743	0
125.375	6.8623305084746	0
129.0650747719	5.6554429839486	0
128.90361692247	5.190510565485	0
131.96222031189	2.4096397137798	0
132.58182845102	1.9851946124133	0
132.76939961557	2.6972358834329	0
139.7355954134	1.4389748469574	0
139.67989598371	0.9925241786087	0
68.399317152381	7.9515844513591	0
68.61904329816	7.4170185703882	0
62.395009057535	6.6908164817326	0
62.682347878017	6.1430818742141	0
78.75	8.044143490528	0
78.345799822276	6.5314651761242	0
78.741512685024	6.8070703170909	0
60.851792319912	8.595825701121	0
61.030144574872	8.0931822167744	0
55.248002440575	8.1698324864714	0
55.680215217232	8.5937800772655	0
59.875905295138	5.8467841719834	0
60.246955942524	4.9637690972175	0
60.68786150966	5.7851569038991	0
101.25	7.4580671580672	0
101.04016244079	6.0762472638335	0
83.288737662435	6.8281846799314	0
83.44269064289	6.3136162308592	0
69.059988407941	4.8898948538418	0
69.189542561199	3.948565858962	0
69.767966954329	4.4053049894898	0
84.714017269044	5.554259211704	0
85.353643589239	5.8545128548092	0
104.31110428345	6.3225781693785	0
104.28287225011	6.8756902089172	0
103.8482818936	6.3880560833568	0
131.8572262814	3.5255919303113	0
131.17241145332	3.5292190049598	0
131.46497664836	3.1253080594479	0
140.60736269919	-0.33957034065232	0
141.00389012456	-0.78589474775669	0
131.2177020274	4.1754474151539	0
130.82545239436	3.7751635442906	0
142.18508488394	-0.3841611691213	0
132.60168441486	3.3392453556379	0
129.0586220385	1.4225387347945	0
129.57239756219	2.3307357633029	0
128.57891303593	2.2701744952113	0
143.88921698933	-1.3908594187759	0
143.48450713264	-0.93143732314136	0
143.44518734037	-1.421114895438	0
138.62751058698	1.3253576312974	0
138.47925454013	0.61926065958976	0
139.12403539125	0.74911212886994	0
12.96468640705	22.853396899454	0
12.875641333562	21.854818681751	0
13.757218036645	21.999104026029	0
3.808111687877	25.834713016895	0
2.9689619507942	25.954365060071	0
3.1057043676444	25.229335448893	0
-0.41958235097781	29.307535504149	0
17.125	22.548758462764	0
9.1011677561302	26.612768962427	0
13.673693342772	24.121617666601	0
13.75	24.774408602151	0
91.956211507509	1.7651031299047	0
92.344448030662	2.4705952057448	0
91.030769988162	2.1324190177207	0
101.4895874257	5.5593682021328	0
49.748932297616	9.224255091566	0
49.489407585956	8.5466269265076	0
49.921908777174	8.7241723036209	0
59.774079823509	8.1426976569383	0
39.406976771268	10.975366908609	0
39.845483114043	11.145274597598	0
39.648346104278	11.568274425749	0
46.616214123593	9.4053292797989	0
46.736060484157	8.7865312293385	0
163.74361766543	-6.3887092051721	0
164.3802432012	-6.1353977906626	0
161.85258161365	-5.4748334581856	0
161.78592748852	-5.9269820993753	0
162.28233673868	-5.7622226077132	0
147.89999682931	-3.9044170944457	0
149.88253754149	-4.8544901219098	0
150.48188352316	-5.195105563166	0
152.95017141447	-6.3171319564328	0
158.32538205186	-7.8517800927936	0
158.99205329129	-7.6396763071763	0
158.28688967781	-7.0102917083732	0
173.66049619639	-4.971197607916	0
180.49081749993	-7.0621261100102	0
180.89672975785	-6.3105201817618	0
180.03632920593	-6.3310216548337	0
184.2754481795	-4.7417225235162	0
184.08782948128	-5.9152805433542	0
184.93118830507	-5.6841401027424	0
187.13994296045	-3.2477348638267	0
186.95214125581	-2.6239078860155	0
186.67346901645	-3.2942273087681	0
107.49494142469	4.4192632769695	0
106.94907759155	5.2307664781912	0
106.62819712805	4.3086727615779	0
114.66075435631	3.9734740222489	0
115.13662641954	4.9148909559195	0
114.05485588812	4.7971897317968	0
76.238034420039	7.1243840182026	0
76.669054923022	6.9820059831286	0
77.177725142725	6.7443228718084	0
77.446531885703	7.037241275482	0
52.682218812623	7.7811424027965	0
52.975553099613	7.0680673259946	0
53.29217922987	7.6238485259515	0
60.99550405472	7.2140370023651	0
60.351451382426	7.5473171930742	0
99.492495537908	5.7289173750669	0
99.335980938112	6.3988470822783	0
99.059560880948	5.7376698825087	0
97.954415568016	3.9026037282794	0
96.887503631527	3.4524479075209	0
97.570776740519	2.685537704434	0
96.249910208594	4.5722269909969	0
96.76182910518	5.1017434840368	0
46.665571231089	9.9436688935943	0
46.148798232438	9.5483754862236	0
51.068127004498	9.0567018232444	0
51.511026632438	8.8773981189527	0
23.776220233387	15.967835400924	0
18.413672206843	19.736269990918	0
18.058316994541	20.097330400909	0
10.374132248198	24.228356308645	0
9.8413018923098	23.633938149142	0
10.454759201201	23.213551459023	0
186.635526606	-4.8027617351276	0
187.52376216452	-4.7357543331187	0
39.470351149065	9.3205677322638	0
38.997079736072	8.48611597675	0
40.004836161187	8.4520732701001	0
40.905406885925	11.253897315264	0
41.314707267261	10.997072899938	0
29.001567004368	13.652451525116	0
32.077316797407	13.92300931621	0
157.83534246374	-6.5620085765856	0
157.29706241707	-6.5560660584261	0
161.01964157662	-6.6142271123595	0
161.38197697598	-6.2819829068342	0
160.99383696413	-5.9718371553731	0
136.92788280967	1.9666187959773	0
137.14536185503	1.3746280906173	0
137.7652506905	1.7874968673772	0
151.43859551305	-6.0318205058701	0
151.57691301343	-5.4408337583327	0
150.97759839534	-5.3905396419036	0
181.15926960944	-5.504401088814	0
184.59121814187	-4.1929422493738	0
78.917698644989	7.0663740345768	0
78.552719081979	7.1593381284647	0
76.749520764906	6.4438835189892	0
73.69999134538	5.8927438071342	0
73.232301118062	6.0966141989797	0
71.746229687825	5.7659274969076	0
71.069766932304	5.528230409189	0
188.47062121989	-4.4548923924506	0
187.80812977646	-3.6371923459112	0
196.75328229068	-3.3087274409753	0
197.58614274778	-4.2467864737726	0
197.85456801362	-3.0573302146492	0
104.31652606191	5.3640941164044	0
103.70806532057	4.9928475952394	0
104.14807745554	4.5219976678257	0
109.44614379957	5.0849891812393	0
108.71074360689	4.6419004507725	0
132.252644597	3.6453567088491	0
123.98685954724	4.4517501192437	0
11.365398495189	25.543821871997	0
7.4661074090699	25.614653678434	0
7.0542885247691	26.246132634066	0
52.126403225375	7.6468630021785	0
52.443029355633	8.2026442021354	0
56.509280383332	8.5149446283154	0
56.100458615318	8.6215524902554	0
162.73041791201	-6.0469554076702	0
162.45818938326	-6.7368429643348	0
162.97292468172	-6.5694271231021	0
167.59210556676	-6.0901292357826	0
168.09474531886	-5.7329304873642	0
173.89281617548	-6.7710314557619	0
174.78737755647	-6.8007233480656	0
179.65715764829	-5.4648533690066	0
106.86877121457	0.04500622542464	0
107.14898699673	1.5136515419886	0
105.73705580375	0.3399729879691	0
116.55699444524	5.5220950155874	0
117.10933638139	5.8746342534651	0
57.131156831486	7.0310915462141	0
57.556008398172	6.2945458723975	0
58.095224073352	7.1730635666688	0
59.739439303357	7.263552442529	0
45.318379172583	7.8483629005888	0
43.96251909599	7.3665775288494	0
44.828035236747	6.6755623955721	0
50.587479674499	8.9762169509009	0
50.662080818833	9.4822853410227	0
47.970303862219	8.5994031359117	0
48.942179493732	8.8412447000136	0
49.11515597329	8.3411619120685	0
47.758637842983	7.9913745979776	0
48.35626186183	8.0277511476404	0
51.957870586549	8.6362638031501	0
23.845159961552	13.034026275033	0
24.795538322906	13.073794385549	0
23.892304079926	13.881870602993	0
28.994075548765	12.909029515991	0
29.354193838659	12.380541621931	0
29.830251339118	12.812591330467	0
16.25	23.011375945838	0
15.889402169193	22.761675411476	0
15.881816493541	21.639833077258	0
36.740954644542	11.052535129747	0
40.42794422086	11.255365551951	0
40.564315112119	11.736713878051	0
38.068029905022	10.897905270651	0
38.558597160812	11.241244973759	0
38.927444344698	11.096383389022	0
39.124581354464	10.673383560871	0
37.97680280305	10.178010469466	0
38.553821825922	10.074505240099	0
41.712732612819	10.675054518668	0
42.127289886897	10.209635657365	0
32.306230130869	13.30954434781	0
32.848145682225	13.688876320472	0
28.538322217609	15.154288755614	0
28.764441759126	15.588873915447	0
28.164876984435	15.459530499795	0
159.57575327811	-7.03208825383	0
146.66016532434	-4.3505837104701	0
147.18946645256	-5.1106625228983	0
145.15289826526	-1.8641798414175	0
134.53210130467	3.1653483224793	0
123.24795929066	4.9671743076949	0
179.25124539037	-6.216459297255	0
181.61375790344	-6.2355055439906	0
182.09191672517	-6.8403980509261	0
182.35445657676	-6.0342789579783	0
140.6401731122	-1.6562689301071	0
141.37285774545	-1.6886937841163	0
131.27115949927	4.6168521568645	0
142.38852612075	-0.89000620078468	0
142.15583541443	-1.4027544521888	0
142.80778677737	-1.4744410512076	0
126.31583288378	5.5933488012861	0
139.53163993687	0.28642720690106	0
127.74830592995	2.3205755032284	0
6.1188443664969	27.412965242435	0
5.4998077570584	27.797477506572	0
5.9121300240136	28.299214432702	0
15.515343725876	22.30861221873	0
15.368355881031	21.700823266346	0
25.269833599969	14.316001234672	0
24.70564147359	14.620231824238	0
36.925583201918	10.203966055401	0
37.411375122818	9.3805660248487	0
170.49243377205	-8.973497923192	0
170.16345145261	-8.1846451757162	0
169.81423596593	-8.9710666749997	0
136.5570654632	2.2055908334913	0
127.76871661886	4.47917764587	0
139.58995547777	-1.255076253954	0
139.62349241786	-0.3552273682926	0
138.94224240431	-0.85683372849907	0
110.7679591415	2.6227190648207	0
111.8520536971	2.7240576374069	0
110.68975988117	4.0437824805483	0
19.771959371361	18.022737922203	0
19.387768607743	18.792415992815	0
17.479751194492	19.012975186742	0
16.781429494215	18.996400568106	0
18.871735047685	19.092789621484	0
27.96890075316	14.04091874888	0
28.235879201215	14.494384582833	0
27.671778994864	14.571479506009	0
33.952421358714	12.718700630915	0
199.52946932745	-22.086775469825	0
200.32329324613	-20	0
11.510412118701	25.066039447454	0
28.525509503909	13.22040181658	0
27.668177532915	12.156613704067	0
27.705324085702	11.062143131422	0
28.555164601093	11.38250923481	0
167.57216575151	-8.2825944221651	0
167.69830408081	-9.0434583353455	0
168.30626130024	-8.5697093327281	0
173.14589930545	-6.1898570119192	0
173.4239775105	-7.3684491415854	0
160.80286361373	-7.0951807243623	0
28.019837701507	13.574117718912	0
27.455737495156	13.651212642087	0
36.764622722321	8.1299541736091	0
37.815842323453	8.1039985876741	0
161.81173210101	-6.5693720563617	0
50.327954962839	8.2985887858425	0
51.016208533467	7.7901081149997	0
50.350637636143	7.5380634677196	0
51.440369814274	8.3094991173199	0
48.903489954054	7.7331333741344	0
55.519372707544	7.4720060502165	0
54.735988505377	7.5738279951244	0
51.463052487578	7.5489737991971	0
51.702241944568	7.1274719998582	0
51.671239151491	6.4085980617681	0
52.334589889288	6.5064872647495	0
54.025065877634	7.5912139402645	0
52.944550306535	6.3491933879045	0
55.799649964326	6.5142877054061	0
56.311663899524	7.1102921967531	0
49.507118910709	7.1594528506115	0
50.195372481337	6.6509721797686	0
61.523016320586	5.5585588834526	0
61.151965673201	6.4415739582184	0
4.2213075637942	29.064223733002	0
4.625	29.258429945818	0
135.615460387	2.0724034077947	0
136.12706154877	2.3383509865745	0
31.110244676881	6.4142081065862	0
30.736582474991	5.0794164510508	0
31.842109928448	5.4624800088367	0
11.58918835194	24.531688809225	0
40.18657488785	10.66245803481	0
40.623571784423	10.029537007388	0
40.041110677607	9.9194460530358	0
41.167061340224	10.450530607893	0
155.60024574716	-5.4918201597916	0
152.21404204126	-7.0223537867669	0
153.12630332458	-7.2573711209006	0
156.72586592399	-7.1030036129109	0
45.6772221056	9.4780854744603	0
41.805148384227	9.6109868730699	0
45.276152078384	8.7747069531471	0
44.853933059042	9.2427565551793	0
110.7189533227	7.0633722175072	0
110.63337416798	6.4503610011999	0
110.13458070932	6.0481520766105	0
108.38986314339	3.7198067341591	0
103.42800003993	6.2748305000102	0
103.06864022391	5.6901947699659	0
102.90019161753	4.8480983213871	0
101.71844790833	4.3717305560337	0
102.357873005	3.6743833813073	0
118.69250462838	4.3880062636068	0
119.19537065425	4.6926615601742	0
118.74881021132	4.910093889373	0
130.09029541056	4.68352781426	0
130.43877691762	4.2782125593426	0
198.37639749451	-0.89514977380053	0
198.76717425651	-3.0059382015124	0
199.73210709038	-3.4998133603296	0
199.81185287617	-2.5103623143954	0
94.88687717702	2.1693306008022	0
95.866271381097	3.3551609671515	0
94.249283754086	3.2891096842781	0
93.001139627025	5.514234980666	0
92.457751614218	5.1159241368275	0
90.600325482978	4.5060502187611	0
89.982608455137	4.5372318457033	0
1.9046652489036	28.930922611436	0
2.4044803363333	29.116577808213	0
1.9378088091443	29.515555711547	0
6.25	28.521850064469	0
6.4094777398398	26.262799428488	0
13.664657289358	15.238913872565	0
14.093865672996	16.918098361843	0
12.68345515545	16.374173456215	0
30.982371533189	12.215495078725	0
31.654887341709	12.845282032296	0
32.425716226527	12.611149036558	0
173.27667903484	-4.4260107488866	0
173.23092080888	-5.0472524670663	0
172.76515544111	-5.5058339349237	0
169.61688589624	-7.0037044915034	0
169.7824980981	-6.3388929768241	0
169.24070088644	-6.3519495367724	0
178.40593587059	-4.1530168954643	0
178.42093943194	-4.8042521072244	0
178.03588817621	-5.394686394246	0
176.88639871049	-6.4299967091323	0
177.3560214437	-7.1426059620149	0
177.66932525288	-6.1516910299466	0
183.1323523771	-5.8060172145209	0
115.76665851446	6.8650848080271	0
115.67325315475	6.3469285352913	0
115.2678243877	5.810470802645	0
113.17658704336	4.8074454970741	0
144.40433736713	-0.98958357418381	0
138.86509784405	1.8005904034098	0
75.795595837378	7.481843377412	0
75.798411962542	7.0390259895189	0
74.537140998119	7.3261509008466	0
74.157587809897	7.436109628628	0
74.230751149831	7.0710866176603	0
74.383409728352	6.6145842311378	0
73.799555625392	7.5295923347164	0
74.504154521734	5.6589269511315	0
75.050008879521	5.6691903711077	0
74.702369476437	6.2783039923728	0
64.909304346655	3.0153099156935	0
65.603828962291	3.7441882976393	0
64.648970977729	3.8271323584897	0
66.288225226264	2.3841183436397	0
66.942181646873	2.3835119351029	0
66.518118751826	2.9317594463063	0
72.580211620784	6.7346770486104	0
55.749287189808	9.1473220259574	0
54.296436144603	6.8933875040095	0
56.850879574705	7.9888098910245	0
17.772170832939	20.670190866013	0
18.263902815303	18.94037684303	0
193.91471691467	-2.1288313326353	0
191.41187546129	-5.9909648490735	0
192.3018744794	-5.3758848611946	0
131.35722054774	5.0610630278001	0
135.44975619845	3.9714760393579	0
135.375	4.451200353045	0
140.17935301032	-0.11181531855384	0
161.37066595427	-7.8717056386788	0
160.76574797952	-8.0425134992206	0
155.05457104973	-7.9632165342624	0
154.07003069383	-7.7474853136301	0
159.61424565216	-7.8735766382504	0
160.1820479927	-8.6501015525669	0
149.13857455407	-5.1275770694197	0
148.42185980092	-5.5784041782698	0
149.13113639746	-6.0414853408157	0
153.33390132062	-8.4527071439641	0
14.335028038262	21.685064108072	0
17.180789163888	17.616307537113	0
17.937814035334	18.369494817308	0
39.033354252492	9.9534887596857	0
48.748224799249	6.8460420861834	0
41.021597129981	9.7075186261187	0
41.261658828426	9.1899932725651	0
44.243569823464	9.3587703007712	0
136.83655209998	0.58844474257114	0
135.82690272959	0.54038856613163	0
136.35546085537	-0.4249167105146	0
138.22031699293	1.6707389341296	0
144.63777788746	-2.2654556860096	0
144.36501757485	-1.4792611464805	0
68.828458439746	5.7064798234076	0
68.660966208886	6.5599600248238	0
60.090562593373	2.7106579168221	0
60.88094523543	2.4293813123042	0
60.962065366906	3.370208393047	0
165.62374125458	-7.0591352591949	0
166.33154240177	-6.6575000295321	0
-1.3282805006872	30.337036183062	0
16.072012611301	20.291376050033	0
48.281012819107	4.9509124206798	0
46.868892121381	5.2071016952617	0
47.437709811885	4.2810078271602	0
40.952274973703	8.4194413050263	0
41.735826227949	8.3229095519775	0
43.073686208771	8.6781061757921	0
42.483414784933	8.6055078900687	0
50.009802418003	5.7785424289116	0
50.853321143436	6.1571530460198	0
25.977592199784	14.128346522764	0
26.520786711934	14.216615018036	0
27.094087164884	14.502457209217	0
20.73545385225	16.473917564161	0
21.816397289398	15.908050812196	0
28.012346245904	12.830695709787	0
27.162505730513	12.510329606398	0
26.83150009386	13.832171480874	0
26.882437042207	13.365370450906	0
26.538268329217	12.691288445186	0
25.550441041095	13.733984001601	0
32.611233082422	3.0641850055435	0
34.038692222314	3.5934664198401	0
32.89590686645	4.656969767598	0
68.932153146088	2.057359527998	0
68.108959876123	2.4079331337976	0
68.638579764615	1.5061450291342	0
67.387611856674	3.3912448653505	0
67.787304215016	2.9451503352155	0
68.002840899254	3.4052421627964	0
42.17403093021	7.8349559225298	0
43.839307981088	8.8890180624146	0
84.991905872693	-0.33008861316978	0
83.518842023278	0.50385254301752	0
83.940753127188	-0.82238581857885	0
63.351311888644	4.8017744029378	0
63.322674328257	3.906175004388	0
63.98308392248	3.9938533750937	0
43.196897323674	7.1556656422269	0
42.44930876669	6.8730673041357	0
43.68724125951	8.3284661472435	0
72.398319185103	5.1278646472769	0
72.652388654099	4.1629007238058	0
73.497537041106	4.5524831184008	0
85.996606883472	3.5357363920138	0
85.959019394245	4.1040756572658	0
-0.76954433695632	22.601703658952	0
-1.9598989839249	22.73204086209	0
-1.6081738606708	21.627138105269	0
87.873467389665	3.9019410123545	0
87.497823865637	3.1340708266219	0
88.022725272314	3.1989222436265	0
66.626536726737	5.4275820222351	0
66.869752614689	4.9616390341119	0
67.088290542763	5.3440694993449	0
89.020424135878	4.0134374172347	0
89.353648891093	4.7645293853492	0
88.731593551557	4.7178843974736	0
193.38607085038	-5.7364819603586	0
193.13906659899	-4.2423925921087	0
352.01165765215	-19.61307967986	0
349.25722570086	0	0
336.01165765215	-19.61307967986	0
194.35099590954	-2.7339075492382	0
168.7665394371	-6.0504009327789	0
170.7914911569	-6.9472866494745	0
171.05927104822	-6.4345656592079	0
170.42646299922	-6.4779269412885	0
105.66547419536	4.3396060282232	0
105.41943574589	5.0067100758952	0
105.00257664635	4.2261401413187	0
118.24925695045	5.2943476312487	0
117.68081889094	5.5725558805221	0
117.67750612594	4.8836468420788	0
115.23424876711	3.1030371814448	0
115.84030734239	2.0916967553847	0
116.348583463	3.0798348203115	0
13.471824897838	23.453684594918	0
150.34356602279	-5.7860923107033	0
104.89800801917	5.3520248649873	0
189.58384483391	-3.3645598315694	0
189.51493051181	-4.2341429369727	0
55.483683167334	4.3853824711313	0
54.503594216433	3.4414196068162	0
55.625693813834	2.8596079058647	0
168.60092723524	-6.7152124474582	0
175.98847781686	-6.5363673759519	0
58.841071692239	7.1477253996226	0
59.418443251156	6.5523449357586	0
135.45881733223	1.3736132815092	0
129.54974971321	3.6567023439601	0
129.93642518995	3.1536533289081	0
130.39348634354	3.6319841491485	0
2.3659910494622	27.847571798588	0
2.9214086394542	28.24188582419	0
46.778287578356	7.8601871767802	0
47.164245577967	7.2885351885089	0
104.4579958842	5.822874792401	0
104.96977027323	1.8474718887089	0
105.63294334086	2.6838271990899	0
104.58544202819	2.7226807832657	0
110.29410223533	4.9056068033332	0
104.39411590501	3.8548936201537	0
106.21133802851	3.5281028270014	0
115.87372285589	4.9867550930971	0
116.42579647708	4.6265151688619	0
102.54919912818	2.5421705444193	0
103.73094283738	3.0185383097728	0
98.926882078877	4.1017168502448	0
106.59566627355	2.6528939324446	0
100.09250138878	1.8536364709314	0
100.54595962398	0.11306768048379	0
101.629587531	1.4574468255063	0
142.91842308146	-2.833592277949	0
141.79211840208	-2.2731286345392	0
142.13544541247	-3.1195316098764	0
53.332585333072	5.3774037493711	0
53.973548543397	5.9389838106163	0
57.278146382898	4.3908297100385	0
57.606497855995	3.6198893886288	0
58.278861474158	4.2071483284874	0
193.87500470687	-3.6514007075951	0
111.37819679093	5.0069453759195	0
112.2740223493	4.9521196245782	0
108.94318386656	2.5805643437031	0
107.72738168437	2.3579271699001	0
34.68767424897	11.284111140999	0
35.269231601567	10.654946065857	0
29.391340391446	11.286071049286	0
12.590248194756	23.30939925064	0
40.479003560711	7.5849895495125	0
47.928395485599	6.6483644492438	0
48.532024442253	6.0746839257209	0
66.354997232589	5.8585731538553	0
66.715205690659	6.4742852247222	0
66.225128268438	6.5228458911094	0
59.021106337629	4.2308021861898	0
59.389447836052	3.5438465023214	0
59.803341226425	4.3384406814334	0
196.00927017338	-5.7017633701824	0
194.87847314594	-5.7541663657694	0
201.31430642522	0	0
201.94179473598	-0.63517065037334	0
189.23056289987	-5.3327049241803	0
180.94680074803	-7.8432714986546	0
180.08640019611	-7.8637729717265	0
57.271225578683	5.5653312509199	0
58.235292820549	5.7073032713747	0
58.692754864532	5.0017425075994	0
46.141668219141	8.0836918198698	0
112.67641913083	4.0004469256304	0
15.65986355421	19.539061217369	0
25.503296922722	12.886139673641	0
200.76006365737	-4.366870551413	0
201.88264914463	-5.1997705295715	0
201.89937119731	-3.8371374513712	0
202.14427496867	-1.7139628518367	0
202.83109308312	-1.0787922014633	0
9.5561898039786	20.485074269055	0
10.470757550486	21.48117566298	0
9.0073610988057	21.623031905595	0
16.397146799037	18.229806427777	0
16.424273548403	17.40402080387	0
-7.9231178031863	22.467351061884	0
2.8484802241993	28.797848349697	0
-4.3606724214563	30.534121318179	0
-5.2572257008623	30.3	0
-4.3606724214563	29.534121318179	0
0.53118564720152	26.896645178486	0
1.2045134758968	27.285165818304	0
0.54058397698052	27.578073231192	0
1.7926242908842	28.249269289556	0
1.3259527636952	28.64824719289	0
0.75195872333468	29.15025790884	0
1.7872785642538	27.564896380042	0
0.6399177653153	28.46860458696	0
-0.03341006338	28.080083947142	0
1.2724429584236	25.346559822066	0
1.7308348883397	25.976362628833	0
0.73672321620172	25.973934958831	0
-0.92435285613163	28.640982927087	0
7.949527073495	24.625695120058	0
7.1389464591381	24.579438476519	0
8.6915205314349	24.119611458453	0
11.529501982248	24.051754823765	0
11.047275926782	24.287903603985	0
12.077262055686	23.50232579209	0
149.3812344443	-6.9653520461723	0
150.09794919745	-6.5145249373223	0
133.99932422247	1.7331336629337	0
133.25342796554	1.1690197948307	0
150.88015694473	-9.0996113483403	0
151.90122029827	-9.3617120026182	0
151.36911059783	-7.7004922969568	0
168.15344437842	-7.1112546315062	0
167.53006510033	-6.7798067983782	0
167.55674369285	-7.4773975864197	0
171.54361416882	-8.1297857147094	0
171.19684365679	-8.7011058332524	0
171.89880856688	-8.6438151240533	0
162.05423887072	-7.0918437717936	0
166.32249026891	-10.137148087931	0
167.06818074004	-9.5400023372517	0
166.21851806096	-9.3534891754618	0
58.97753768402	5.730957129077	0
54.68447117114	5.9215978654761	0
55.47676236312	5.5598840120128	0
56.59886196052	4.9780723110613	0
51.485669088156	5.5361683109111	0
71.710146425094	3.4441478775543	0
72.809364281097	2.8687663486782	0
53.072448766687	4.1430869371501	0
53.214459413187	2.6173123718834	0
65.984372525185	4.299617120693	0
66.244705894111	3.4877946778968	0
82.897231619996	2.5940362630106	0
81.971659808893	2.7319729431611	0
82.12631682433	1.9549109365094	0
65.952407172624	7.0236363312277	0
44.748882137156	5.3654870627874	0
46.10474221375	5.8472724345268	0
46.948045220972	6.5171770280464	0
16.02491387873	18.784113834863	0
25.783365611028	12.031098829133	0
5.8837988527394	25.798449967831	0
8.7721474844381	23.104806608831	0
2.3135999766967	26.256093190572	0
4.5284625077465	25.569093153241	0
2.2280258634063	23.322756596732	0
2.8140044372247	24.356472394052	0
1.6805760567432	24.315271694749	0
11.535349630528	23.258540586851	0
-1.0236866444664	27.75045157132	0
-1.7653517938734	27.120052393001	0
-0.87440900112174	26.559153413056	0
1.7778802344748	26.883468327336	0
6.4816567282495	22.681746906055	0
6.4797265424307	23.914819625944	0
5.339017147117	23.006086613856	0
7.8575797379307	22.108705214906	0
11.00251927464	22.664122427348	0
146.39817713948	-2.8973563314821	0
145.68764676273	-4.1036017599347	0
157.2465339326	-8.2178048278556	0
156.3521814182	-8.098412946776	0
150.59366406963	-6.7099590160599	0
151.19297868772	-6.760253132489	0
162.01712323652	-8.0391765466519	0
164.59764692639	-9.3402953287426	0
165.49529485511	-8.9499275693792	0
164.62011419166	-8.3395879719807	0
169.8219683772	-7.5864309295395	0
46.405612053508	3.049685626107	0
47.817732751234	2.7934963515252	0
159.11246627486	-9.9921986313095	0
157.95169754608	-8.8471894266588	0
158.0336181556	-10.358223366371	0
168.95882663801	-8.7563935867162	0
170.8476281701	-9.4875273325358	0
164.87992212039	-7.423549528262	0
163.98227419166	-7.8139172876254	0
49.100842132757	5.1485900576194	0
11.551347979813	21.526164790808	0
12.343879609408	20.671871917383	0
16.141491860078	16.2866803457	0
15.357849495228	16.900179236364	0
0.07279371728542	26.266842371718	0
4.6409705330127	24.674421369731	0
3.6531541743076	24.236820350876	0
4.349270602593	23.80155831489	0
5.9963068780057	24.90377818432	0
5.224578936032	25.133831117255	0
166.99540488119	-6.4562721906961	0
170.50016618332	-7.5888621777318	0
171.13297423231	-7.5455008956512	0
41.816741269122	5.6347142589723	0
41.660550316048	3.7618012145152	0
43.31598420708	4.3208639793756	0
0.33838913461124	22.389178399779	0
-0.013335988642781	23.494081156601	0
172.86182036262	-12.017901997346	0
172.86934290201	-10.87532352958	0
171.74279754784	-11.808053599472	0
169.28780895745	-9.5452463341919	0
171.8349391424	-7.4882101864521	0
164.98590125459	-6.5334645748397	0
162.19279095296	-10.146289589986	0
163.38724892439	-10.10174824889	0
162.5280082915	-8.7744970724406	0
167.80227628877	-9.8271172478146	0
175.37199464091	-7.6852676133144	0
172.46131985969	-7.4298848516265	0
167.88518423618	-10.735742088263	0
168.51530757695	-10.239198086357	0
173.45825065771	-8.6730665618122	0
173.20823672971	-8.0110592954692	0
172.4955930069	-8.7345022718533	0
163.47138913668	-7.0785967618367	0
165.91592170502	-11.185678679693	0
164.26242958784	-10.712087846288	0
164.70552370303	-11.94713159984	0
166.7655843841	-11.372191841483	0
175.03453094977	-10.343549028817	0
175.12579528164	-8.7757748578048	0
174.07963004866	-9.5173977564408	0
170.9467691863	-10.212697277091	0
171.65117907104	-9.9403051871514	0
172.14882249487	-9.3058223903963	0
173.36698632585	-10.240840732825	0
163.21158120796	-7.9946352055554	0
172.24796351107	-10.030992334951	0
171.01664873713	-11.130373959132	0
171.00912619773	-12.272952426898	0
181.64448285991	-8.7770519650804	0
180.55296781092	-9.906007629842	0
181.65506722663	-10.038141234552	0
89.906036772144	-1.9318712881502	0
89.90545507407	-0.59794651643643	0
88.447301322711	-1.1927418910448	0
86.186662506884	2.8439445327639	0
86.731131965379	2.3861671442111	0
87.102612289791	2.8888294464467	0
64.341211437863	5.4280101160049	0
64.677608538116	4.7227317570395	0
65.007098493112	5.2612890994009	0
64.024138332383	6.0188776345113	0
63.694648377386	5.4803202921499	0
64.381423698508	6.7067201325494	0
63.034238783163	5.3926419214442	0
67.493730833543	2.3939358363516	0
72.591378074833	6.1555098915026	0
70.595791799583	5.0424581185258	0
88.343697149822	5.2316442747204	0
91.489055160665	3.9144756194372	0
91.862244256972	4.6008706084512	0
91.251102627405	4.6841141402398	0
88.331672218449	2.7415670639731	0
88.707315742476	3.5094372497058	0
93.280550527366	3.482309231165	0
92.695704147478	4.3462856160249	0
92.685043170121	2.9672557027887	0
89.658999111813	2.4350319319782	0
89.576943509793	2.9688290297713	0
89.098318290631	2.5182849722593	0
87.48557098793	4.4157008896013	0
87.052771922857	4.7387987746782	0
89.329371082012	3.5560822375813	0
83.392749248507	5.5310121783411	0
87.0149738764	1.6294175870641	0
86.099024093493	1.5845326733813	0
88.010472394607	4.480552306606	0
86.523841916331	5.1826004164812	0
89.91145367883	1.7057074081735	0
90.390078897992	2.1562514656854	0
90.778315421144	2.8617435415255	0
91.148460021206	3.4178151223933	0
85.953555835326	5.5161956716852	0
85.912681771837	4.8168806207076	0
64.110146526539	-23.104518376503	0
64.73419140945	-21.5783364447	0
63.193783782418	-21.526181931803	0
91.759601650773	3.3345715906047	0
84.092972779229	5.1473240525266	0
84.721351201016	4.7435407167342	0
85.38873331324	4.4376709124698	0
103.00265736338	0.80160175397176	0
103.7699428939	-0.70589714676806	0
104.68955449108	0.37882657214498	0
84.767688823424	4.0307357532924	0
88.413727820468	2.2077699661801	0
85.192588475627	1.6687159894774	0
84.428241566123	1.8786033938674	0
85.898341490559	-0.41427192926587	0
86.93026830062	-0.75757204704859	0
87.414792814576	0.48448299845169	0
91.003361994256	0.044925514169408	0
89.544626544823	0.78405491127481	0
88.046900686462	1.2861174692814	0
88.813546758644	1.0628353775676	0
83.400083180478	4.7202936833713	0
66.89866231472	3.48718826936	0
67.114198998959	3.947280096941	0
67.675005254569	5.4722260868336	0
67.906535222764	4.6556411172678	0
68.250034046617	5.2497406928798	0
60.829856827491	-2.4566990095606	0
62.441116921811	-1.6877103299581	0
61.025129824875	-0.47023985325991	0
81.929401949919	3.8001970772366	0
78.076057347635	5.5637683478769	0
78.705995639383	5.2188310437381	0
77.069880265745	5.1818138744445	0
77.54761957867	5.5854205810766	0
76.780451671683	5.8025937010369	0
65.617076068762	2.007965080645	0
66.53312101662	-0.8890656651249	0
67.371243647178	-1.9717118034897	0
68.18444890471	-0.74352731330054	0
75.101689474938	3.4327941733981	0
75.651783182296	4.1639412408664	0
74.30170021746	4.3186662623981	0
68.442048636204	3.6961516779877	0
69.150027182592	3.2115618136357	0
83.514531484011	3.0660776544852	0
83.669188499448	2.2890156478335	0
81.23701051763	5.1609000151975	0
81.908044472518	4.6666388469984	0
134.15596727724	2.4319237892192	0
147.18202829595	-6.0245707942943	0
67.431789366616	5.9381690749568	0
65.592198714555	6.4079242603608	0
65.267810601614	5.9368506393044	0
64.9950895058	6.4376410794227	0
85.476430386649	0.91196643233049	0
66.97837794386	4.4606750060861	0
66.516624127834	4.5441875289763	0
67.467327485814	4.3647316020766	0
68.042356277862	4.1422462081227	0
62.841021941221	7.7481022394031	0
62.339011389274	5.464535985002	0
62.853447185528	3.0935928825365	0
62.194418964079	1.6938403074358	0
66.041138963809	1.4597175694416	0
69.679647071083	2.3097737089723	0
75.577253141788	5.2244001621356	0
76.377242399266	4.3385280731356	0
62.238547439054	7.4632795258793	0
61.830658865646	6.9874389819186	0
60.615297440947	4.2768134133491	0
58.744345809729	1.54719893051	0
58.446559444058	0.042669246039184	0
59.711656096226	0.26530115160845	0
80.345586200656	4.8511586089016	0
79.358642607747	4.3897321200804	0
62.221675151692	3.9015139103806	0
58.043231052408	2.3803875160093	0
57.042515961148	2.5640688975603	0
61.874907225733	4.8081189306827	0
74.047630748464	5.2836301858691	0
70.664447543336	1.6527924628807	0
70.88232157984	2.8069947485183	0
67.029307197732	1.0874948287503	0
67.580856384401	1.097918729999	0
67.263837307981	1.8462947336851	0
61.405680083004	3.9955368088312	0
143.21249663406	-1.9338631468422	0
33.032326758173	12.166975905679	0
33.907689101199	11.810265184523	0
36.17552696431	10.255090685129	0
30.639600274739	11.432750493596	0
31.431602178916	11.364142135915	0
39.846436063142	6.346636504349	0
40.793874875658	6.3140045392752	0
35.453860158943	9.8063769915115	0
35.446191371487	8.671217329153	0
34.539896008744	9.0710727098808	0
155.57523905834	-9.0780177492071	0
161.05470192078	-18.495550550282	0
162.49647775989	-20	0
164.34399022393	-18.495550550282	0
23.755263112236	14.580463713722	0
22.962882839723	15.22947417968	0
25.023615851405	10.784031085244	0
26.0585872579	10.589179856788	0
38.350327335575	7.2355041255104	0
38.665198650523	5.9645191152731	0
123.32488673861	3.3275856458267	0
123.42862735326	4.1095424216969	0
122.58598648203	3.843009834278	0
49.758790794856	4.6547709238706	0
50.316572236525	3.6718991273978	0
51.225532521771	4.30185149869	0
52.043450529825	4.5532965144383	0
183.74507594124	-7.8834418461851	0
183.78809250268	-6.748434793747	0
182.78959883706	-7.7741785173518	0
188.92735155715	-6.6074864980388	0
189.97166084907	-6.386737042561	0
182.04890016374	-7.9754051033641	0
143.55582364446	-2.7802661221794	0
144.34370433487	-3.1651848171164	0
110.10547768249	1.2608395005617	0
14.0115970368	18.790386202519	0
13.390418251123	19.526941876909	0
15.275580859032	18.772467077039	0
-0.66887143212154	25.6364431934	0
-474.96493626406	-712.32609719154	0
-449.75521295127	-580.97892284793	0
-553.73319596285	-661.2653256564	0
131.47962377955	0.92443862351493	0
130.61835248825	0.81718940357784	0
120.48209637159	3.7049468739075	0
120.42151172606	2.7055564466016	0
121.10103615418	3.1017760749693	0
83.810941702108	1.4065620023927	0
59.308327704576	2.6030194215785	0
66.358158040229	0.71134156575558	0
0.6864643846052	24.312844024746	0
14.37664736132	18.035438820013	0
4.3512007884118	22.568485595001	0
167.47861567229	-11.784272680025	0
98.823281079383	1.8224754255507	0
99.906908986403	3.1668545705732	0
82.759788956603	0.91426479698367	0
70.725345952841	4.1011291236459	0
82.721217127158	4.2375400394241	0
83.421440657879	3.8538519136095	0
84.193397537332	3.5488312984324	0
143.03547936446	-5.0094149896758	0
144.37942179232	-5.9478319324941	0
144.60569251972	-4.6184121961044	0
132.15122329406	0.10826380593233	0
132.44624866186	0.88142362517766	0
81.8342171455	1.0522014771342	0
73.254100492671	1.5058712205032	0
74.196342721677	2.2246240667547	0
19.159991589149	14.54623961586	0
19.07043004638	13.32032777653	0
20.559393075153	13.973343918181	0
28.233688782421	8.7429114370741	0
26.945574326078	9.815075387532	0
26.586951954619	8.2699481624405	0
19.916994176402	17.062917416703	0
16.37304818364	14.838031126201	0
17.439472236814	15.341872693707	0
119.47081850739	3.7396505899739	0
119.88136501958	3.8911765461587	0
119.5496115835	4.3220998905928	0
121.76134868802	2.5817193530357	0
121.82193333355	3.5811097803415	0
179.47282895471	-8.8420970978392	0
179.01684570662	-8.0609517091948	0
186.87576334642	-9.9697583551597	0
187.69035251995	-8.9163220502428	0
186.31603764271	-8.6644874463357	0
3.8239339373068	19.413599633096	0
5.3861467258086	20.085225005549	0
3.7787345444339	21.101388521515	0
2.2004450948668	18.41420640315	0
3.8078572762415	17.398042887184	0
-4.5713749982912	28.776827463963	0
-3.6748217188851	29.010948782142	0
-2.900076866469	28.282502739596	0
-3.7092575644963	27.420575272861	0
-2.7238101352454	27.449423084531	0
-2.6893742896341	29.039796593811	0
61.322916190547	1.0342898312109	0
86.167363562561	-3.2855684562063	0
87.684396584652	-3.7207383002025	0
86.930849998694	-2.0914968187623	0
6.716870342617	21.199972202818	0
12.066124897373	19.198287985967	0
170.21309783619	-10.677596104517	0
169.44059645569	-11.371547856681	0
168.88224050626	-12.30126712445	0
169.72462143759	-12.524992054326	0
137.80516347686	-2.2681378025018	0
138.13690784499	-1.0667715741178	0
137.03336585763	-1.5782267624591	0
129.56435265892	4.4276987537089	0
167.76264065419	-12.93771687767	0
169.37071690486	-10.45387117464	0
29.840571037173	10.434718106475	0
33.767579648429	10.732386415763	0
148.90406207554	-8.2735477829674	0
149.43617177598	-9.9347674886288	0
119.72377174525	0.63187817645392	0
118.53947905797	0.95508317713268	0
119.17133795558	-0.14959668351817	0
32.803911481266	10.221104871612	0
33.583896629037	9.6949508280878	0
203.94291927565	0	0
204.14539950834	-1.0787922014633	0
185.7642947471	-5.0990256332902	0
188.39953816129	-7.6362848789191	0
185.93709821155	-7.2343746319995	0
185.12250903802	-8.2878109369164	0
204.31985691705	-10.198323942045	0
203.02468788769	-10.639104736812	0
203.9620566715	-11.440780794767	0
178.50551090941	-6.1072956471286	0
178.88468246705	-6.9734639329556	0
178.27111122566	-7.9517880590683	0
134.76628374501	1.8922666700866	0
160.26396860222	-10.16113549228	0
167.43041021461	-20	0
167.99786700059	-18.114113024126	0
166.35322284901	-18.114113024126	0
77.144410306253	4.1213549531753	0
101.06198310831	-2.0236725616873	0
101.45449740835	-3.091001874651	0
102.47556006623	-1.350451277905	0
70.702041489232	0.13345162884987	0
71.904715997988	0.63067266839592	0
49.22454460618	2.7049702131938	0
48.192446847803	1.4736480121405	0
75.546425686513	2.0698990452231	0
72.56653355046	-10.750185592295	0
74.161007627167	-11.803146232978	0
73.973654118515	-10.145786443282	0
97.756369142893	1.3723196047922	0
73.291694438567	-0.013469613527595	0
68.404049654366	0.74734512419944	0
152.84494766752	-9.8518261953476	0
168.04347256157	-14.841468685173	0
166.6398477276	-14.324474240748	0
174.00898682092	-20	0
174.82847450686	-18.759516108155	0
173.18383035529	-18.759516108155	0
35.850658572121	7.3946498919784	0
31.85452969117	9.8825334173608	0
32.038212710562	10.919969005036	0
32.380983969012	11.702713590166	0
147.93724927555	-7.8005081864609	0
108.89077231196	-0.45089227484315	0
107.47884111898	-1.6245708288626	0
118.75706638684	2.5089393237049	0
119.44724239555	2.5226426413222	0
119.11239593475	3.2950239279223	0
33.373999675812	7.3665923559472	0
33.57622784158	8.5597911657293	0
32.418000296106	7.9904704741542	0
34.427796613815	6.5610821147084	0
35.746227964649	6.0198189591645	0
35.320388282268	2.7221144376901	0
35.605062066297	4.3148991997446	0
204.14539950834	-3.0787922014633	0
203.02776500019	-3.4138109162282	0
204.13959119272	-4.3350187147648	0
234.06907698685	-8.9307480305717	0
229.41163348132	-12.330613911729	0
235.21646595373	-13.40556558272	0
185.57667604888	-6.2725836531281	0
177.48818468326	-8.2300937382541	0
176.32689554203	-8.5114188856911	0
177.82677743166	-10.781544786837	0
178.90691628787	-11.84545531884	0
179.48341332143	-10.10318636731	0
78.923340357719	1.5881311373964	0
77.797057274618	3.2922560295176	0
77.578055522876	1.5739442597453	0
0.37506157173252	19.371236101262	0
0.89935127111487	20.963282025596	0
-0.94210891308465	19.904754977795	0
56.062427010247	1.6201060332452	0
55.119420483222	0.052635505783885	0
56.536242630536	-0.24290350252057	0
7.4274263130827	13.693176277179	0
6.4899422941023	11.87333841294	0
8.4008784838456	11.444012024895	0
94.424727336967	0.31697171028685	0
92.317040036756	0.38310170219347	0
93.471877823714	-1.4032059054485	0
79.952541809602	0.98133349214201	0
29.491864983626	9.3146837425934	0
30.740124866919	9.4613631869031	0
31.505823637623	8.7624990534787	0
201.90517951293	-2.5809109380697	0
187.33205219805	-18.15086620386	0
189.54811587072	-18.371638721991	0
188.06938388367	-16.522504925852	0
193.4925827946	-8.1048250229981	0
192.07797900353	-8.7422300820876	0
193.02168306734	-9.9770808756412	0
29.133242612167	7.7695565175018	0
177.24198532399	-9.3206009827445	0
176.66548829042	-11.062869934274	0
182.20527390158	-13.955201595999	0
183.30515229777	-15.937473347925	0
184.75344181479	-14.319460655794	0
194.04128102636	-6.8876586348553	0
20.310747429118	8.7119706618068	0
18.500621963751	7.6947570991936	0
20.051863988478	6.4717674900145	0
199.71538503771	-4.86244643853	0
198.45888407815	-5.3000391136905	0
199.48684064513	-6.1670963047738	0
18.341531913302	15.135239468403	0
21.795440168248	14.520679124994	0
175.61932305744	-11.80449283291	0
125.95624753358	3.1001064206029	0
117.68843098215	2.6749075022782	0
118.02327744296	1.9025262156781	0
138.17044478508	-0.16692268845639	0
122.19927522738	1.5023075553919	0
122.92017240675	1.9816412607641	0
137.67391998081	0.40932281397106	0
118.78064249867	3.7259472723565	0
118.33408205575	3.9433796015552	0
117.85852471766	3.5601820859502	0
117.12473577378	2.9537689779235	0
126.67400484891	2.6511299262841	0
117.20194878786	4.5004493264738	0
117.77038684737	4.2222410772005	0
120.06618217815	1.9194718423841	0
114.1524782357	2.9853359573221	0
116.5186771985	3.9651094039835	0
120.69804107576	0.81479198173326	0
121.85686479449	0.21471388946173	0
112.75461839116	2.5793835099028	0
118.97840883205	-2.6987438549083	0
117.53155625448	-2.7814258109855	0
118.39787569103	-3.76530245517	0
139.95892309865	-2.1578752903136	0
139.02870158563	-2.9183195894809	0
140.07891922006	-3.319512265634	0
141.11709441761	-3.6449091122564	0
142.24339909699	-4.2053727556661	0
130.31248750711	-0.21425719422458	0
130.50175962317	-1.2226680578658	0
131.37387052781	-0.85713205937165	0
136.02371648724	-1.6262829388986	0
124.92474091154	-0.12796065945551	0
126.20395911356	0.43246776539137	0
126.99083643121	1.6925318897585	0
117.47084365329	1.121051355706	0
116.19207127948	0.66574027645914	0
116.7082728945	-0.28170276208628	0
133.68601645043	-4.7473635887011	0
133.61231878151	-6.0193412248528	0
134.9432873778	-5.861472507202	0
127.27826019461	0.10191334233571	0
132.34049541012	-0.90014705770892	0
133.56544460075	-1.1841713437559	0
132.7880918345	-2.1495672090599	0
140.18687290458	-4.4053534114237	0
128.75275705736	0.39109213699203	0
129.74624158361	0.45165340508367	0
134.67942625506	-1.4532821910305	0
137.92515959827	-3.4297747778222	0
137.26093582877	-6.9428296137328	0
136.01718156009	-6.3856409530792	0
136.11334397756	-7.6906388040073	0
135.35733125732	-2.606592242975	0
138.63122792851	-7.5908292441005	0
138.53506551104	-6.2858313931724	0
127.96587973971	-0.86897198737508	0
120.97313110105	-5.2249940026904	0
119.16456473799	-5.0768682140064	0
120.29296757044	-6.619241717604	0
146.70485592719	-7.3327665310893	0
139.52702765891	-5.5068937941707	0
140.56520285645	-5.8322906407931	0
108.28612168606	-3.3928230107831	0
106.26412058867	-2.8969245105153	0
115.0777365836	0.68894263759245	0
113.32811280196	1.7089466690987	0
113.67987673906	0.28299019017312	0
101.95686405801	-4.1406485952233	0
103.37044101593	-3.467427311441	0
118.0495673319	-0.77062944678157	0
119.23386001918	-1.0938344474603	0
-1.3686718053695	24.817680325255	0
-0.42146908696236	24.525369283918	0
78.489695141096	4.1355418308264	0
21.705878625478	13.294767285664	0
26.37017479372	2.6409927682174	0
26.508124514287	4.6143865835704	0
24.758074957577	3.5373298159711	0
6.7620697354899	19.5121833144	0
7.3410518279289	17.731998731012	0
8.6717754447373	18.846745928282	0
10.135171896418	18.704889685667	0
13.935492015171	11.009568962664	0
13.657942697786	9.4112786287606	0
15.384574907025	9.5800558598061	0
-3.9429192756468	31.3	0
-4.5713749982912	27.776827463963	0
-4.3951082670675	26.943747808898	0
90.510255247906	-36.288372569808	0
92.30386987334	-34.500169885006	0
90.078096692274	-34.084244124611	0
-4.2610692113492	24.865096209878	0
-4.2610692113492	23.865096209878	0
-4.3951082670675	25.943747808898	0
-5.2572257008623	26.3	0
125.63489868548	-22.056409298396	0
127.35928970176	-24.07876787641	0
128.0386974415	-22.022358578014	0
-7.7961085211187	27.252573693417	0
-7.8004026478066	26.492157358763	0
-6.8399216706696	26.98980664092	0
-4.0278771042508	20.528737654204	0
-3.3618121566647	18.80635452673	0
-2.1324635600532	20.035092180934	0
-7.3218185964726	-23.573116271356	0
-4.9903403521878	-22.260016082386	0
-7.5887039451471	-21.31310018897	0
-2.1930910910232	24.068399417765	0
-6.05072074911	26.764695153133	0
-6.05072074911	25.764695153133	0
-8.4330962978127	25.389148494274	0
-10.230439432721	25.822137489937	0
-9.9069462322782	24.456361572952	0
-6.2572257008623	30.3	0
-6.2572257008623	31.3	0
-14.056595733787	29.35032741593	0
-12.919467550345	27.935700296286	0
-12.12009751742	29.885372880356	0
-13.799078942615	0.82786088907256	0
-10.720586466673	2.3921136238552	0
-13.173875338325	3.1324857264238	0
-8.2955673151815	19.048170235882	0
-9.4679650441353	20.824708744297	0
-10.026899850314	18.9615494337	0
-8.6578842891152	30.224627378571	0
-10.12009751742	29.885372880356	0
-9.5207561056732	28.810000258928	0
-7.4769094473637	25.126381441777	0
-6.6578842891152	29.224627378571	0
-7.4470852106749	28.449738866358	0
-7.6578842891152	30.224627378571	0
-8.2572257008623	31.3	0
-11.257225700862	31.3	0
-8.4075661878119	27.952089584201	0
-13.280127566949	26.145002700238	0
-11.343629350582	26.680048164664	0
-9.869779416117	27.612835085986	0
2.7889879999099	21.896860222549	0
1.6555596194284	21.855659523246	0
153.34174962942	-11.424382023852	0
154.77443065176	-10.515377165198	0
161.12320923511	-11.488386668729	0
196.88201150375	-6.7550160101002	0
197.3575983552	-5.5514363400165	0
170.45077024831	-13.202671694666	0
170.06793965403	-18.191261050607	0
170.71969851777	-20	0
171.71258380561	-18.191261050607	0
169.86241355232	-21.565386452978	0
171.50705770389	-21.565386452978	0
31.303595471855	7.5693002436966	0
33.26956906834	5.9917614231333	0
80.860382510992	-31.675409630144	0
82.849833055222	-30.397806249305	0
81.217390230329	-28.329803796356	0
184.1240153724	-9.3135546605212	0
184.57750594389	-11.02755632756	0
183.20007284711	-10.623187236829	0
199.99990199837	-10.763460401561	0
200.99944326285	-12.217268213136	0
201.66734637765	-10.427753777959	0
196.2350163737	-11.161669377115	0
195.84050517853	-9.4331672419409	0
194.83079805359	-11.068177951726	0
14.822505257545	14.522652753727	0
16.120485634281	13.577845101735	0
23.546357126091	11.575081466457	0
22.643122883111	12.383157683901	0
19.830494942076	15.788255610054	0
174.06440681361	-12.804834499411	0
172.93786145944	-13.737564569303	0
175.46712856332	-15.606823056453	0
174.07188297583	-16.021764643839	0
175.39856362872	-17.104090628924	0
138.15673555917	-4.858894163803	0
142.01712836959	-5.5347924920558	0
136.09087922901	-5.1136633169276	0
136.9331974504	-4.2087123768239	0
135.85930326811	-3.6845439309467	0
136.33062327671	-9.5361840600364	0
135.08686900804	-8.9789953993828	0
176.45689945699	-24.760378519699	0
177.18328107394	-26.199097850876	0
177.98186187637	-24.581785765559	0
143.614569885	-7.3108373404182	0
145.18478304027	-6.9198345468468	0
121.71488952108	-1.6324845933834	0
123.2161236727	-0.94496901972479	0
122.58784116639	-4.779767504429	0
121.45943833395	-3.2373940008314	0
146.09913603654	-14.938958824363	0
146.14948667303	-16.778343372388	0
147.91911428377	-15.378073920022	0
156.07204102024	-10.650573577711	0
157.23280974902	-11.795582782362	0
10.752502154494	15.880775155916	0
9.2945600200011	15.165205617015	0
10.796304637319	13.979419428036	0
63.982879841757	-2.8957098207864	0
63.787132936855	-5.0927095258061	0
65.524168854187	-4.3142498603338	0
37.724271456587	-0.78427793298332	0
39.280771380943	-0.099139362143221	0
37.981589309154	0.78908311826957	0
86.679149321865	-7.8996669260786	0
87.692356521512	-6.6678440765508	0
85.907702948873	-6.1466327871744	0
69.242172284923	-0.33530101416536	0
70.482440739576	-1.3574208086501	0
-3.0317206147377	23.093833864082	0
20.55191272602	10.429586573155	0
21.407075790017	11.835822477087	0
19.614668468387	11.341196174918	0
34.710449442932	-2.2992276877501	0
36.401108043313	-1.301666577079	0
34.734430784417	-0.89361656324167	0
13.412094739999	13.978727848099	0
-5.2572257008623	17.3	0
-3.3618121566647	16.80635452673	0
-4.0278771042508	22.528737654204	0
11.181710538132	17.559959645194	0
164.91144700991	-16.609663574408	0
194.98498509017	-8.1225094284089	0
196.38920341029	-8.2160008537981	0
170.11354521502	-14.918616711654	0
171.39804997516	-14.666577084226	0
153.38773092423	-21.509332649376	0
155.03237507581	-21.509332649376	0
154.27325700201	-20	0
28.939891817193	6.6144643803914	0
30.198068018399	7.1862366859107	0
191.10866411857	-7.265746422932	0
203.03953340924	-5.8991572756237	0
201.90022586929	-6.4288903756655	0
188.959263865	-8.9415557877432	0
187.3607741474	-11.305004127503	0
185.98645927016	-11.053169523596	0
16.666576392393	12.535784833959	0
15.116033466298	12.220406461485	0
84.812795143521	-3.1611855565553	0
85.566341729479	-4.7904270379955	0
97.810242787176	-2.6167795278942	0
99.524896966091	-1.6274829162622	0
97.294219302841	-0.4800392857231	0
162.04034314756	-15.749267833494	0
160.70147289497	-15.677207985195	0
161.56334413224	-16.919041252265	0
151.83269490482	-13.475127729271	0
153.76217788906	-14.138678699121	0
177.29827512407	-20	0
176.45455561596	-21.571533217191	0
178.09919976753	-21.571533217191	0
185.06251674487	-12.362802099903	0
209.24629075884	-5.2133251661754	0
207.81998335279	-5.8959897557813	0
209.2309567131	-6.4569372128887	0
226.2254799298	-15.300386120358	0
225.07809096292	-10.825568568209	0
168.99075228843	-16.305374074733	0
177.86836424593	-18.344574520769	0
176.22372009435	-18.344574520769	0
27.997645380696	5.4579168738997	0
29.062470786928	4.8745970423086	0
80.586013941875	-0.059312647383722	0
76.933963420849	-1.4648759181957	0
76.672708769614	0.36577415310189	0
74.902333584485	-0.96892113271786	0
80.305313286908	-1.5360086526894	0
82.186988622806	-1.4651406676973	0
26.385545544553	6.3542539216533	0
25.09743108821	7.4264178721112	0
37.027924024603	5.1484669770145	0
73.552949089802	-1.8441196848251	0
71.759114697648	-2.8717779890673	0
73.369753843566	-3.8272295082576	0
31.752082152701	-0.41431679362293	0
33.398895311161	0.054751991936395	0
32.107205279826	1.5316128722263	0
20.187470378626	1.4874812106655	0
21.425568636793	2.2227506741571	0
20.422840162099	3.0893635754878	0
44.592691184083	3.4925740183303	0
44.972714123432	2.0050625426953	0
57.503552917033	-1.5248012814221	0
50.691286333095	2.3520507880132	0
53.345255797193	0.89132116559075	0
51.914110347447	1.5929884959246	0
130.43369296645	-2.6392514465388	0
129.37230994575	-1.9963765813917	0
134.51501303593	-3.5115431830787	0
116.7707949581	-1.2259405260284	0
-12.833289859836	18.114164960626	0
-13.753601264347	21.330090161047	0
-15.387593544915	18.706167179557	0
-7.0558639111113	18.242505462642	0
133.18404443964	-3.6694119007294	0
139.72381512239	-8.7940819137547	0
138.44968544012	-9.4510801343151	0
23.580413476061	8.4155465827631	0
23.821578772964	10.133162494112	0
22.103154750748	9.2065969639763	0
202.38035395274	-13.624984000775	0
200.71290957347	-13.960690624378	0
18.215266982383	11.914091872598	0
29.017415841849	0.81195457400125	0
28.200494131484	-0.79033860780133	0
29.643470411001	-0.53974909513564	0
12.231553288872	12.767890349278	0
13.389401257059	12.05162923044	0
-3.0943834246912	14.408772632762	0
-1.1989698804935	15.915127159493	0
0.3589849106673	17.35567935535	0
3.8504292785705	15.260576161231	0
5.4739181210104	16.259969391177	0
182.10855779812	-11.75214290159	0
204.15716791738	-6.5641385608588	0
204.13959119272	-5.3350187147648	0
197.73753159211	-8.0656738236322	0
205.25722570086	-5	0
215.60989446018	-1.8627114615748	0
216.29031155402	-5.0721207206805	0
217.9376427947	-3.2094092591056	0
200.70557335893	-7.3517247979988	0
201.86245762354	-8.051111544051	0
199.44907239937	-7.7893174731593	0
205.25722570086	-7	0
204.15716791738	-7.5641385608588	0
206.53093750396	-7.5698009012473	0
206.53093750396	-6.5698009012473	0
204.83884885459	-21.782450040123	0
207.30853775052	-23.710692344655	0
207.72691459679	-21.928242304532	0
209.74064786911	-20.360330438795	0
213.25636011815	-21.400884444855	0
212.80040449453	-17.904730274586	0
207.72129204082	-3.4646926893477	0
206.54627154969	-4.326188854534	0
206.54627154969	-5.326188854534	0
206.35864512981	-8.7197304453233	0
207.63235693291	-8.2895313465705	0
205.25722570086	-9.5	0
206.35864512981	-10.219730445323	0
208.91237728925	-9.213929914653	0
209.08466966339	-8.064000370577	0
210.51097706944	-7.3813357809711	0
202.02514662321	-9.1852969252376	0
203.21979913357	-8.2624625029043	0
204.31985691705	-8.6983239420454	0
208.0399472814	-10.753828008032	0
209.49226001187	-10.528297032038	0
206.93852785244	-11.534097562708	0
205.25722570086	-12.5	0
206.93852785244	-13.034097562708	0
203.9620566715	-12.940780794767	0
197.43025767168	-21.68469111611	0
198.28107790457	-23.771466585936	0
198.95626430591	-9.2503023168572	0
198.28836119111	-11.039816752034	0
70.299245493339	-3.3405306320825	0
73.81666339138	-14.111331259334	0
75.223783959434	-13.506932110321	0
15.200209700542	-2.7250060913866	0
16.40811230041	-3.7479506732423	0
16.669265336305	-2.1093914007632	0
96.041714963978	0.38302299316024	0
104.16245719393	-1.7732264597318	0
113.99201731866	-1.3688274527235	0
112.24239353702	-0.34882342121722	0
219.85833341702	-19.747639181091	0
217.63629602879	-22.656501182617	0
221.17851270223	-23.458856083062	0
131.959095249	-3.3853876146824	0
124.78276563813	-1.9751591423007	0
124.68529562517	-4.179101560586	0
126.39391286401	-3.3620932003167	0
137.42321047059	-10.739436729691	0
141.35728312392	-6.6363328748028	0
133.67542651621	-9.6455252297921	0
133.45814721706	-7.799979973763	0
140.81733296916	-9.7104768474819	0
140.99887545756	-7.8502259572674	0
150.11129404236	-16.703441436294	0
148.65439473376	-18.608729234024	0
150.79622385587	-18.09471220227	0
142.93816042407	-10.184883561917	0
144.10192933838	-9.9429930938053	0
143.25616221864	-8.5247304228828	0
130.48816730923	-15.384364090006	0
129.94333042928	-13.810557018986	0
129.33284329471	-14.875599838468	0
132.20087628969	-6.6858710552621	0
138.56213758191	-12.162342886711	0
136.44307541851	-12.247446812432	0
139.17059262686	-14.061293915423	0
140.15072767894	-12.553283832682	0
211.69085643054	-14.47371703916	0
211.35842530981	-12.075726467605	0
208.95226112475	-14.466185696971	0
207.27095897317	-16.932088134263	0
207.27095897317	-15.432088134263	0
205.25722570086	-15.5	0
66.924528022766	-3.3655365460642	0
66.728781117864	-5.562536251084	0
68.576395329291	-6.19781377294	0
70.299784911776	-6.3183462107827	0
69.852529868927	-4.7343553746571	0
92.203853418202	-2.7489276110435	0
94.311540718414	-2.8150576029501	0
116.19026181708	-2.2924991262902	0
114.83494542052	-2.3602023617744	0
115.5957067169	-3.9156876467314	0
120.10017945574	-2.0777110916449	0
101.12471076664	-5.4511910027739	0
103.04065437422	-5.8276164395639	0
117.71771216042	-5.1595501700836	0
117.0394655999	-6.4846732990679	0
116.27277655294	-5.1731075402315	0
114.91746015639	-5.2408107757157	0
104.66482384359	-2.8228731803041	0
133.46702673996	-11.411279653674	0
132.86350494201	-13.759473204824	0
134.70062650923	-13.172734206562	0
112.11394894316	-3.2349669473784	0
112.95687704503	-4.2263418564293	0
113.39746221849	-2.9920159731647	0
190.63776439131	-9.1380022755751	0
189.92857874996	-10.418039446899	0
193.41619426251	-11.705583010815	0
198.3778521135	-18.388840822594	0
196.73320796193	-18.388840822594	0
197.03400494298	-20	0
186.16239514107	-14.34507385183	0
188.66655882599	-11.802525345465	0
190.3450593523	-11.998971833297	0
114.41822218112	-6.4364491676368	0
113.49005770728	-8.0257274297041	0
114.66636551858	-8.087508931283	0
121.37761795794	-14.864807286113	0
121.45081268637	-16.648852131849	0
122.91093952051	-15.76156487588	0
132.59787957754	-14.920124514119	0
131.36427980827	-13.15866996123	0
127.80034307004	-4.4894977943333	0
127.89781308299	-2.285555376048	0
187.77725474974	-12.885936513901	0
197.27865406617	-12.674827461819	0
181.49459598168	-17.786607144065	0
184.04276389489	-18.15086620386	0
174.81001755921	-21.572806902866	0
173.16537340764	-21.572806902866	0
187.46817981966	-14.842595069792	0
191.80980467056	-12.332647661351	0
193.6189196568	-13.423744737435	0
190.54778474659	-13.717133559917	0
189.68424349234	-15.063367587923	0
180.6602682811	-13.370155593722	0
191.1927600223	-18.371638721991	0
163.56810921682	-12.901015160286	0
165.22160133401	-13.374605993691	0
162.11525174807	-12.99048766643	0
162.63132937904	-14.417962060281	0
-11.660892130882	16.33762645221	0
83.660052472221	-2.2990818238846	0
89.274496707708	-3.658452719042	0
90.732650459067	-3.0636573444336	0
57.056049412515	-3.6153357282604	0
58.966366226037	-3.3297629797007	0
68.575855910855	-3.2199981942399	0
158.40127171297	-13.692558685023	0
156.4396945776	-13.984908896363	0
193.76211717241	-33.554758257793	0
197.0417667376	-32.402575974438	0
193.53118759968	-29.464385439521	0
23.379007065995	6.4998523419759	0
38.52403275217	4.2595993558532	0
50.822082717102	0.62605958172051	0
49.063921871268	-0.22980548732735	0
50.28674588562	-0.98886777941597	0
52.080802935584	-1.954709465834	0
50.32264208975	-2.8105745348819	0
62.056547210896	-5.4074572369224	0
60.382353322972	-4.5472334563989	0
60.193056609443	-6.2805212070625	0
-20.43475249228	28.902852142118	0
-18.43475249228	28.902852142118	0
-19.257225700862	31.3	0
-17.234122525205	26.953179558048	0
-16.056595733787	29.35032741593	0
7.3836238302578	15.594532005059	0
5.0342886366379	10.073623470176	0
4.060836465875	12.322787722461	0
211.84349416479	-1.3688881106326	0
212.19616292411	-3.2315995722074	0
213.60989446018	-1.8627114615748	0
209.13254001362	-3.6950769651666	0
209.01851465593	-2.5073919454462	0
210.54351337394	-4.256024422274	0
209.84349416479	-1.3688881106326	0
208.43224619199	-1.1385038348136	0
207.25722570086	0	0
213.75276489591	-5.5650370496731	0
212.30991366933	-4.7498477732162	0
212.10011534574	-6.5894618997397	0
38.720722821709	-3.1779260134447	0
40.115945602949	-4.1916705497202	0
40.418676309616	-2.6862449496716	0
47.657110016322	-0.14127934899594	0
45.675052547744	0.21142034606647	0
46.546527571209	-1.4920331534014	0
91.572313353766	-4.4755090419353	0
16.933265497015	8.9583628984444	0
16.674382056375	6.718159726652	0
29.794336038494	3.9228689445591	0
203.61258154929	-20	0
219.25722570086	0	0
219.9376427947	-3.2094092591056	0
105.19103112916	-14.104029602554	0
106.14590821224	-12.899504917945	0
104.59497978906	-12.692534741653	0
112.1012903395	-6.81429029341	0
112.45763906976	-5.4219802483504	0
111.31701503944	-5.8616028757025	0
120.80426003514	-8.0678886801445	0
118.99569367208	-7.9197628914606	0
130.82964557158	-4.1590961382083	0
185.05473854836	-21.854759416754	0
186.07993080396	-23.024592274825	0
186.54668813755	-21.169832858071	0
191.14898881059	-15.397043415977	0
192.067615214	-16.73509959343	0
192.93115646825	-15.388865565425	0
179.00363239133	-14.048514013249	0
183.87685173037	-20	0
185.68740804647	-18.15086620386	0
89.902950378461	-11.904555909246	0
90.133364271741	-9.925332293805	0
88.233389001225	-10.400101830896	0
112.34943367696	-8.4653500570562	0
71.17337407031	-10.204651193153	0
71.360727578962	-11.862010982849	0
154.93063985301	-16.035654601782	0
158.40767299914	-17.940942399512	0
156.76302884757	-17.940942399512	0
29.290308235898	2.3902968112419	0
27.847331956381	2.1397072985762	0
38.21242367988	2.4588844533521	0
36.655923755525	1.773745882512	0
53.819071417482	-0.97168837017498	0
53.854967621612	-2.7933951256409	0
53.520844112797	-4.5932126500698	0
55.259112594695	-3.6101915544108	0
62.72888764887	-18.437566869864	0
61.084243497294	-18.437566869864	0
62.173184513753	-20	0
-11.451793473227	22.813719255365	0
-9.6544503383187	22.380730259702	0
211.25722570086	0	0
211.95382829602	-8.196525057428	0
215.25722570086	0	0
110.02671523964	-9.0221704237581	0
111.41548260743	-10.233607560052	0
110.71554758689	-0.40873755372552	0
187.16614003353	-20	0
195.96341900205	-16.752301694033	0
194.61957183153	-18.363460871439	0
203.67552298211	-16.184203206009	0
203.67552298211	-14.684203206009	0
194.53754606021	-14.761800914889	0
88.511010271575	-4.852524356486	0
89.282456644568	-6.6055584953902	0
95.692733776817	-3.6583693630371	0
97.923411440067	-4.8058129935762	0
43.862131678319	0.65430873828977	0
42.385963873383	0.96257212169067	0
43.088302297695	-0.83107007493811	0
48.813449618919	-3.9515526959023	0
50.607506668883	-4.9173943823203	0
-15.581935358069	24.66137360592	0
-14.006097158306	23.405721474297	0
-7.0558639111113	16.242505462642	0
-9.0282458268863	14.283090733642	0
-7.2296076166374	13.340585271	0
-30.977567499496	27.753637676295	0
-33.257225700862	31.3	0
-34.977567499496	27.753637676295	0
-6.7041083819248	2.1036859196159	0
-7.6763042816224	3.9983692306032	0
-9.1231869626849	2.8020551502191	0
182.59477728943	-23.522004242144	0
183.41009439678	-21.854759416754	0
181.41689047144	-21.66724482539	0
138.69709760538	-22.398427378416	0
140.06542899984	-24.022541489141	0
140.83979103228	-21.624114110725	0
137.05245345381	-22.398427378416	0
135.06126290478	-21.744943655734	0
135.93154502391	-24.14337103415	0
154.16989930011	-24.694823738322	0
152.24528364389	-23.667283657787	0
152.26833394597	-25.343442097358	0
166.52257413554	-21.656316423505	0
168.16721828712	-21.656316423505	0
178.77539680039	-16.131181664834	0
177.02204480715	-14.606481389952	0
39.8496983058	3.2749365916107	0
41.348941243758	1.9610863120141	0
40.575111863134	0.47570749878623	0
131.0211239259	-5.6404259023834	0
129.49572164335	-4.8942897342397	0
125.83946740436	-13.756221727415	0
127.42968449431	-14.422523318326	0
127.19778932481	-12.635491176536	0
196.6511821906	-14.787180866044	0
-15.257225700862	31.3	0
-0.29841067950519	7.8430090081015	0
1.8430977678261	8.5189316443029	0
0.46367436107927	9.8471501434961	0
10.773611154379	12.052320810377	0
9.8361271353991	10.232482946137	0
0.62641364264079	14.958097461381	0
-3.4675298935572	8.2356137536473	0
-3.4675298935572	10.235613753647	0
-5.2572257008623	9.3	0
13.67983466286	-3.3619379434412	0
13.940987698755	-1.7233786709621	0
14.907974164059	6.2873210788173	0
16.475330630794	5.0237152795666	0
76.95246619029	-3.7723272405586	0
78.722841375419	-2.4376319547388	0
71.97754974661	-6.9738568075493	0
73.913883071108	-8.0411481452951	0
73.512252775909	-5.9221791502455	0
35.089553911542	1.0523131026075	0
26.09728239967	1.0626505309768	0
45.032610893257	-2.9554847134244	0
47.014668361834	-3.3081844084868	0
212.23085531766	-10.535828374226	0
213.81999359396	-9.7439544929949	0
106.31955966996	-6.3430559923498	0
105.47210441067	-4.5911253622245	0
104.72026292488	-6.2690046621386	0
216.08051323044	-6.9117348472039	0
108.991686467	-6.14675279689	0
109.70503336089	-7.2095293486834	0
110.24731941528	-6.1911363689687	0
92.082596436662	-9.3882303002847	0
93.376906084875	-10.384053750744	0
93.65657687256	-8.3424976788736	0
97.319112085209	-7.4185368188389	0
99.436621095568	-6.3769469836959	0
134.5375271831	-20	0
133.4166187532	-21.744943655734	0
77.153626890894	-26.719144951766	0
77.44541908056	-24.461407539959	0
75.606294194478	-25.629292301659	0
99.32181168809	-21.353706902507	0
99.958081525932	-22.71618146806	0
100.63626983784	-21.362474565553	0
131.83830494899	-10.232264228054	0
130.03309614877	-10.755996315377	0
130.24149592502	-8.990241891495	0
198.70452700801	-14.665328240963	0
200.0854376979	-16.073044028602	0
202.03087883053	-17.684203206009	0
203.61258154929	-18.5	0
205.25722570086	-18.5	0
200.02249626508	-18.388840822594	0
207.27095897317	-18.432088134263	0
195.7856135201	-21.68469111611	0
25.213657820673	-22.045568419873	0
23.520096147206	-21.338666502687	0
24.387384940374	-23.384234922559	0
87.930968711991	-32.994869822893	0
85.035140346513	-31.930352459733	0
85.388653701363	-34.807929446253	0
146.66044135904	-21.128615301015	0
148.30508551061	-21.128615301015	0
147.6946803957	-20	0
224.76073510765	-3.9278981797901	0
232.76073510765	-3.9278981797901	0
229.25722570086	0	0
192.97492767996	-18.363460871439	0
193.74471663983	-20	0
191.91123031595	-22.426161134679	0
192.72271473998	-21.137651915854	0
178.92852681175	-23.238778042581	0
179.6549084287	-24.677497373758	0
186.55472211938	-24.558101994971	0
188.04667170857	-23.873175436288	0
194.36735889155	-21.137651915854	0
5.2872353058405	-25.291818616189	0
6.398519476807	-26.758985561985	0
7.3056757764391	-24.747239085447	0
-29.115296841561	25.026943760892	0
-27.394955042927	28.573306084598	0
-17.960092116562	24.213898332107	0
17.2108148144	10.556653232348	0
30.964419923962	2.5951162199841	0
39.594680078956	-13.579863521985	0
41.489879555168	-13.956781462342	0
40.994226747269	-12.12412119634	0
40.317794010567	-1.0976535524667	0
59.383409980331	-12.199013557265	0
58.149907826812	-11.098225449186	0
57.835019008427	-13.173700700739	0
223.44115220149	-7.1373074388957	0
216.35754025207	-9.2510381640023	0
217.9944790135	-12.939299293316	0
220.25499864998	-10.107079647525	0
130.86695236145	-7.4210646512936	0
31.542208272157	-21.472843298015	0
33.186852423733	-21.472843298015	0
32.569589785385	-20	0
122.30145978902	-8.6717417025075	0
123.74528641924	-9.7279906044849	0
123.54536056371	-7.8236164082653	0
113.74115234509	-5.1790292741368	0
137.89130824499	-15.268806277049	0
139.47989834202	-15.65974722302	0
138.83603679898	-18.433629792323	0
137.19139264741	-18.433629792323	0
137.82681548625	-20	0
191.53421730129	-24.002301691281	0
192.96834397704	-23.85144438831	0
181.25016221087	-25.235351238481	0
183.24336613621	-25.422865829845	0
115.06252870362	-22.291973081152	0
118.35181700677	-22.291973081152	0
116.44644151576	-20	0
204.39583212516	-26.645030864115	0
202.37574090117	-26.949356293818	0
9.2730309300747	7.8085899398427	0
11.645763600608	8.4168987253242	0
41.795573315813	-6.5591421425793	0
42.441050607521	-5.1793510719771	0
41.168421799148	-5.0797805565492	0
38.105378360246	-6.4350738713186	0
39.157854556445	-7.3231838781477	0
39.470468311241	-5.5714616203223	0
42.311323909362	-7.8936490174463	0
43.75520903141	-9.1934404650419	0
44.512087246232	-7.9585041056027	0
23.278481549205	4.6676783351518	0
21.761463937055	5.6568070458036	0
27.150364035392	-3.5842183031811	0
27.996698393862	-5.6041345048011	0
29.672883059106	-4.1619584785582	0
37.700290115102	-2.1898890574918	0
34.442740472682	-7.1719877886037	0
32.761502091613	-5.7986502182877	0
32.200455798644	-7.5552122504941	0
37.397559408435	-3.6953146575403	0
40.326736482798	-10.437894316434	0
42.22193595901	-10.814812256791	0
35.69045673374	-4.0613517289923	0
34.023779474844	-3.653301715155	0
36.710889440347	-5.0493886849452	0
49.403659183882	-24.775620557297	0
47.929235057312	-24.787888738649	0
48.640062768566	-26.294551511308	0
36.39827568555	-6.8011109427706	0
42.58273759518	-18.123490260345	0
42.231498766976	-15.829752154339	0
40.44157171506	-17.706261893994	0
35.837229392581	-8.557672974977	0
34.976089979553	-9.9967799249154	0
36.931625192422	-9.6259030790823	0
47.81827352311	-28.467950029349	0
49.29269764968	-28.455681847996	0
229.87940758234	-21.784112457501	0
226.97978626933	-18.677712772707	0
226.30017140348	-23.656393766331	0
174.81236140025	-24.761652205374	0
175.61094220267	-23.144340120057	0
172.39321702305	-31.040116301579	0
171.98948967724	-29.333052378338	0
170.70918413341	-30.775074350673	0
13.094846492462	6.9873856224664	0
23.140531828637	2.6942845197987	0
31.941502724888	-13.132173560673	0
31.805764112248	-14.479801903528	0
33.247371763456	-13.609359808714	0
24.473022700916	-1.6246667449125	0
25.262785970244	0.090968549961763	0
23.830361967681	-0.15169929425617	0
30.517298125034	-8.364004006906	0
32.198536506103	-9.737341577222	0
27.389194454726	-11.014438909883	0
29.203757125404	-11.580501400893	0
28.700816161815	-9.980070842623	0
51.376179606246	-18.683185969123	0
52.305319604297	-20	0
53.020823757822	-18.683185969123	0
39.673605149995	-8.6576907530147	0
38.445895938253	-9.9669996925632	0
175.91106973832	-29.865613834735	0
176.90346778216	-28.255411972621	0
174.66592061073	-27.98789246713	0
22.431111889517	-24.434958820553	0
24.124673562985	-25.14186073774	0
141.6631000889	-11.128739518404	0
142.27155513385	-13.027690547117	0
107.42441300976	-21.614063804484	0
105.57302277464	-22.152315812919	0
106.4188591781	-23.766379617404	0
150.06094340588	-14.864056888269	0
152.44086800745	-18.09471220227	0
154.08551215903	-18.09471220227	0
77.094965122633	-5.8672768825465	0
77.384060683143	-8.0880715166182	0
79.03043970537	-6.9658779111735	0
75.306087168063	-4.8945208460033	0
115.31475166511	-9.1660537434943	0
116.24291613895	-7.5767754814271	0
108.77108229136	-8.9777868516794	0
125.29837971439	-10.424527447934	0
127.02192967983	-10.741581782221	0
126.71273715936	-9.1969196445301	0
117.68785174643	-7.5632181112792	0
124.0544789397	-11.272652742176	0
122.66956521831	-12.276817964436	0
124.22265851347	-12.973354807885	0
121.21444198681	-11.526037408807	0
121.38262156058	-13.226739474515	0
127.36636498792	-7.5400047987098	0
125.64281502249	-7.2229504644223	0
124.19898839227	-6.166701562445	0
128.09599329994	-18.224703454744	0
129.60359472837	-20	0
131.38528160309	-18.224703454744	0
128.61214676978	-11.407883373133	0
127.97452137426	-15.996330389346	0
130.20895579375	-12.649905709692	0
126.19283449954	-17.771626934602	0
131.98739244297	-15.985167333601	0
133.4949938714	-17.760463878856	0
163.49320061631	-15.659795327351	0
165.50243324139	-15.278357801194	0
159.71583166819	-18.423490701983	0
67.176036160712	-7.1465270872095	0
65.178470669284	-10.175251991024	0
66.070104505612	-8.4217469831296	0
64.436788112957	-8.2647545732476	0
75.508357147814	-9.0941087859779	0
62.971780032486	-11.694079679734	0
61.621726537673	-10.070898943427	0
61.048352293529	-11.74671904202	0
55.594607907449	-20	0
54.611041097697	-21.572204004325	0
56.255685249273	-21.572204004325	0
70.701415206974	-8.4373152058323	0
68.910219949114	-12.507636060231	0
68.389677580375	-10.824360492307	0
67.332329430678	-12.01551996883	0
65.991154941751	-11.522408966782	0
64.357838549096	-11.3654165569	0
95.375630272551	-15.010321818321	0
94.400701588822	-13.878817369293	0
93.826566540134	-15.826361402714	0
91.231688809488	-6.0684565018699	0
90.413035059425	-7.8837762219347	0
80.323816056349	-3.8434599750524	0
66.560794132387	-14.965280852349	0
66.51169731049	-13.205684534706	0
65.21961964346	-14.472169850302	0
67.08475569631	-16.618450262927	0
66.187916716918	-18.115883083972	0
68.003955947872	-18.502567178955	0
68.376833363341	-15.351964947332	0
97.391043530975	-11.026224296929	0
98.06235121049	-13.191156408876	0
99.503629420226	-11.154602920905	0
77.44383173055	-10.192709814605	0
69.495609235476	-9.5491405963867	0
67.917718717039	-9.0570245049856	0
69.436315766987	-14.159931277911	0
70.493663916684	-12.968771801388	0
80.361917341047	-14.9653726846	0
78.652312426978	-15.395085946139	0
80.274921467438	-16.722435056126	0
80.350300124493	-5.5465633469672	0
80.639395685003	-7.7673579810389	0
63.597836223326	-6.8259972764698	0
62.706202386998	-8.5795022843639	0
60.782774648041	-8.6321416466493	0
68.751761120056	-20	0
69.648600099448	-18.502567178955	0
84.09076542855	-21.44083389029	0
82.559814217572	-21.492543529975	0
83.097021161882	-22.933377420265	0
65.462472816905	-20	0
64.543272565342	-18.115883083972	0
63.833561126849	-14.800832973136	0
62.019176210377	-15.122516759027	0
63.454331548884	-16.553449953836	0
60.733463475144	-13.822194293572	0
57.790854319494	-9.3853209840258	0
56.24246334759	-10.360008127499	0
57.032782681203	-16.655900831388	0
58.91281901146	-15.841673320585	0
57.188484831689	-15.08871631962	0
72.72926599678	-18.743276897104	0
74.282566649216	-17.907558568338	0
73.326139071212	-16.650835465442	0
71.084621845204	-18.743276897104	0
72.041049423208	-20	0
58.091840100682	-22.269659039036	0
58.883896210601	-20	0
63.784464304953	-13.041236655493	0
55.95498267817	-13.987928211541	0
46.031596926459	-21.799882770644	0
44.082098846417	-20	0
42.742308623307	-21.799882770644	0
122.16083420748	-21.773086974444	0
123.12607061931	-23.82949627284	0
123.9902545339	-22.056409298396	0
155.50644947781	-27.376350771277	0
157.22934169347	-26.378889305789	0
155.91584181785	-25.373520712405	0
85.588160695018	-25.705520685843	0
86.298726494168	-23.620254368375	0
83.91740657371	-24.966934098048	0
59.108580760118	-7.7719178661258	0
57.201136280895	-7.033700544439	0
56.721925903699	-5.4151532526893	0
55.404199463076	-7.0285563705894	0
38.892132073367	-22.131793611529	0
36.529773711802	-22.431618928659	0
37.918383545056	-24.563412540188	0
59.642828611575	-18.704428916177	0
60.198531746693	-17.14199578604	0
168.95457747325	-23.221702876483	0
70.807824657224	-27.540194995891	0
69.810258701184	-25.020656487956	0
68.942385427023	-28.210315557112	0
21.083423613683	-28.636398935613	0
22.813672083608	-30.517415578319	0
23.898648982054	-28.07360127844	0
71.036051601509	-22.175267963368	0
69.475564737511	-21.324864059636	0
70.115211067388	-23.500132023004	0
49.539462834115	-7.6875611284606	0
51.244358686582	-8.3788078410134	0
50.80321005052	-6.7496192558936	0
51.511887086873	-10.393308041278	0
52.775634303277	-9.4553661687112	0
54.822339779238	-11.771389480818	0
54.1758056025	-13.686405099699	0
54.46328627192	-10.058485015658	0
51.902474585178	-16.020644626867	0
53.700066130602	-16.634657884334	0
53.510856956009	-15.288930572955	0
57.998184459999	-18.704428916177	0
53.716547494433	-6.425437523643	0
54.195757871629	-8.0439848153927	0
47.299532940967	-5.4150042559253	0
52.31240252135	-5.6086410948731	0
60.354233897179	-15.574811274272	0
56.273850280228	-17.951471915211	0
54.629206128652	-17.951471915211	0
47.626661487548	-10.81555121748	0
49.638981038497	-10.844778297671	0
47.968291919229	-9.2875226333894	0
45.728362026081	-7.014965760854	0
47.527143283166	-7.6583340482695	0
45.320311587786	-14.787630564699	0
46.598851461929	-16.262083914198	0
47.546498402619	-14.802733958207	0
49.061194441789	-14.324997094734	0
47.782654567646	-12.850543745234	0
51.39599676744	-21.705993964963	0
53.040640919016	-21.705993964963	0
30.204032576045	-21.40627178673	0
29.280301482233	-20	0
28.559388424469	-21.40627178673	0
16.123148269625	-20	0
15.477579523707	-21.821591343843	0
17.122223675283	-21.821591343843	0
189.38650052924	-28.011626439655	0
187.15071475788	-26.578100360479	0
188.01575226313	-29.1830416437	0
66.797686812278	-24.423724969288	0
64.780449504717	-25.333045873963	0
65.927582163423	-26.600097953851	0
44.284476904033	-5.7151743132584	0
43.657325387369	-4.2358127272284	0
46.111965448378	-11.293288080953	0
44.42269929588	-10.879667344948	0
44.578692375978	-12.914659872702	0
102.92000430933	-23.514790378472	0
100.56957444783	-24.662430378526	0
102.21703908148	-25.452271625893	0
13.426004729941	-22.150923317613	0
12.833859966473	-20	0
11.781360578365	-22.150923317613	0
106.35007321943	-28.762049058099	0
106.28107909238	-31.287557756578	0
108.46580959079	-30.036039948051	0
183.83935877471	-27.442864195353	0
182.788151978	-29.506149410858	0
184.72875969506	-29.812800780028	0
188.78722672401	-34.81117804114	0
192.29780586193	-37.749368576058	0
85.735409580126	-21.44083389029	0
85.198202635816	-20	0
179.77224631987	-21.66724482539	0
102.28091398942	-21.362474565553	0
101.64464415158	-20	0
94.398618436456	-22.095713327592	0
92.568537774581	-21.585172355488	0
93.54573281734	-23.68088568308	0
102.0159759705	-28.306739246286	0
104.36640583201	-27.159099246232	0
141.1161037894	-20	0
142.48443518385	-21.624114110725	0
1.0097298042951	-23.240943582836	0
-0.42205538534466	-25.10032920061	0
1.1814681372803	-25.319191798958	0
155.64454130549	-29.037803519641	0
156.01126997692	-31.338119240055	0
157.18667802486	-30.682035085075	0
169.81431604682	-24.629093622926	0
168.11912078162	-24.720023593452	0
40.536776224943	-22.131793611529	0
39.148166391689	-20	0
103.88810963351	-7.5795470696892	0
101.4213559203	-11.894794816998	0
100.75004824079	-9.7298627050511	0
107.33024117714	-9.4056816095089	0
105.55878752815	-9.754472674654	0
107.32131052112	-11.139218991899	0
114.33427343215	-11.588446498423	0
116.02033681556	-12.382590789155	0
115.42426442816	-10.470931484082	0
108.30268683857	-4.8967682548055	0
109.51740736888	-3.6244145731529	0
110.60366814555	-4.7988263239091	0
110.58710299303	-3.2948810798867	0
111.02768816649	-2.0605551966221	0
180.58756342722	-20	0
10.203531453082	-21.375523383712	0
10.79567621655	-23.526446701325	0
188.19133228912	-21.169832858071	0
53.70171826084	-23.278197969288	0
66.378835561026	-21.5783364447	0
145.43384823557	-21.038650246904	0
146.04425335048	-22.167265547919	0
119.37977051595	-26.798291003672	0
115.4882400355	-27.57173550669	0
117.90010635682	-29.786080348058	0
100.83125556885	-37.907887629582	0
101.82879613817	-34.516050070747	0
98.442938649169	-36.095964374615	0
-7.2296076166374	11.340585271	0
-7.2296076166374	9.3405852710001	0
-11.834635836408	13.435706260568	0
179.8499518301	-17.786607144065	0
175.69536415426	-13.524155404868	0
172.60063642615	-15.453509586291	0
172.53207149155	-16.950777158762	0
2.2639641144446	15.018668596839	0
3.9300249592135	13.880595100831	0
7.2568581503157	7.6038686718448	0
5.9442578944694	8.364814511659	0
5.7377215799199	6.3445090228483	0
86.603962369193	-11.480057968516	0
86.834376262473	-9.5008343530753	0
83.059030639139	-3.8039404056737	0
84.553134529832	-6.0222498875233	0
83.085514707282	-5.5070437775885	0
81.932772035983	-4.6449400449178	0
82.769042432874	-18.146360897294	0
84.567883094616	-18.564545675619	0
83.783367043249	-16.710906572913	0
95.490045104276	-26.868117649103	0
93.529906401451	-25.737641146641	0
93.644138026512	-28.414332140559	0
92.702891768624	-5.7537267684798	0
94.084084827027	-6.5970385285668	0
94.424709371305	-5.0040910686321	0
83.796543365195	-8.2598120929385	0
83.426875926676	-6.8632495267675	0
82.328923542646	-7.7446059830037	0
77.153718247904	-12.418385329288	0
76.809374012118	-14.726570355644	0
85.129171623409	-12.269156249408	0
86.52818436216	-13.168423727228	0
79.029421783234	-11.412348059929	0
107.76040078418	-5.9151612345203	0
107.00855929839	-7.5930405344343	0
109.37609199982	-13.061476240596	0
107.91736186123	-12.5507138528	0
108.20068969093	-14.821762166642	0
121.00418589066	-9.9722628763641	0
104.11774646252	-9.2454949467037	0
104.1088158065	-10.979032329094	0
112.34425449353	-14.783236118454	0
113.7988892563	-14.962561996693	0
113.47571105678	-13.320779925257	0
119.71724223294	-10.922184386444	0
119.92249472645	-14.114026730484	0
118.19914421113	-9.0118650738197	0
117.00081504853	-9.9601980342259	0
143.99729003466	-24.047183282888	0
142.33614816771	-25.471644605478	0
144.12531577564	-26.270599666917	0
116.99710612399	-15.257868233438	0
118.13124488245	-16.175099787821	0
118.78335236534	-14.834862987698	0
103.15393872342	-12.183557013703	0
111.51250906103	-20	0
112.91229295283	-18.212509094945	0
111.26764880125	-18.212509094945	0
118.30865697418	-10.316742814407	0
118.04036423001	-18.29905251678	0
119.82661047136	-17.876047271041	0
124.45455368297	-14.760386949674	0
124.64922033708	-18.772804860808	0
123.0045761855	-18.772804860808	0
124.66966227364	-20	0
124.5277484114	-16.54443179541	0
118.51891307033	-11.87051734685	0
117.37977070923	-12.591353604064	0
118.78835596798	-13.196795176101	0
102.43813791186	-8.8041067241291	0
131.85172146634	-23.767302233748	0
133.42603999798	-26.006222075876	0
100.52041141178	-8.0639148280366	0
96.891604130742	-9.1639959691457	0
95.450325921007	-11.200549457116	0
101.90751990286	-13.608297229557	0
95.378394475241	-7.592861979026	0
96.513383674445	-16.82578425716	0
95.756103460355	-18.478932925871	0
97.467991910938	-18.346851331289	0
104.28047466128	-15.478637614957	0
102.67559817286	-15.361181321931	0
103.31597012817	-16.942759510626	0
114.75107592685	-18.29905251678	0
114.50621566707	-16.511561611725	0
93.876345485108	-12.246282078527	0
105.74971161145	-18.530107901826	0
107.0681547572	-18.667970657423	0
106.23928976235	-17.198078559249	0
107.14984623022	-15.823470546847	0
105.83140308447	-15.685607791249	0
99.200104612384	-15.006618847715	0
97.087518723134	-14.878240223739	0
-17.338398140029	-7.3551813875148	0
-20.743903885586	-9.6103547738115	0
-18.141242315548	-11.915774825901	0
-23.394955042927	28.573306084598	0
-25.257225700862	31.3	0
135.83955362056	-14.595640363582	0
136.14885933571	-16.194093671179	0
135.13963802297	-17.760463878856	0
140.28832934447	-18.767312782743	0
139.65290650563	-17.200942575066	0
140.93219088751	-15.99343021344	0
145.6220022253	-10.355925078048	0
145.94000401987	-8.6957719390134	0
141.93297349605	-18.767312782743	0
143.54512818339	-18.169614138364	0
142.71735373846	-16.936926921107	0
142.54434557484	-15.395731569062	0
103.92837862307	-22.152315812919	0
104.93393245473	-20	0
149.64051514623	-12.149760212999	0
147.66442027704	-11.323696647626	0
144.40539209255	-20	0
145.18977233496	-18.169614138364	0
189.4992833321	-23.991851797042	0
189.02449201667	-22.458342076896	0
21.87545199563	-21.338666502687	0
22.701724875929	-20	0
147.00975058219	-18.608729234024	0
144.0567179848	-13.971187254784	0
160.27477556288	-24.389106018572	0
161.05900327449	-22.201076395114	0
131.32798574465	-22.022358578014	0
90.923893623005	-21.585172355488	0
91.77677924212	-20	0
63.240041877684	-25.280891361066	0
112.47942670445	-22.159497512958	0
114.38480219545	-24.45147059411	0
4.559107752725	-32.033782616032	0
5.5756655932411	-34.452162424487	0
8.0635745009047	-32.76426060401	0
150.98396869886	-20	0
147.7728592008	-32.510631063161	0
145.27058293618	-31.2225019364	0
145.43668700541	-34.273470849403	0
178.42843020154	-28.076819218481	0
80.27941086394	-24.268173625008	0
80.153435394545	-22.686855012731	0
78.866776307582	-23.969941577789	0
170.59522020195	-26.181118228757	0
171.43067689358	-24.682797511788	0
151.48616557009	-22.157951008412	0
149.84152141851	-22.157951008412	0
39.782592175697	-26.817743916939	0
37.420233814131	-27.117569234069	0
42.062386857106	-26.012287616376	0
41.564237126181	-28.566444310258	0
85.39214806585	-28.584746625945	0
-7.2808439487766	-26.094293275737	0
-9.8792075417358	-25.147377382321	0
81.099796275768	-26.301730302791	0
79.110345731538	-27.579333683631	0
9.2879361858187	0.60477283819413	0
8.2373191690454	0.33767340359768	0
9.1752279786781	-0.97361979550997	0
19.328976888938	-1.0603113856053	0
20.724766443206	-0.65365002049792	0
19.794409299052	0.21420694422741	0
19.951338471688	4.6395934831903	0
18.713240213521	3.9043240196987	0
17.343138224	3.7756955351675	0
17.81463991441	2.225465627465	0
11.323228828262	-1.5334154419651	0
9.8783304574316	-2.0041048995109	0
10.975714290242	-2.8309999805625	0
18.137893840478	-1.6623952017494	0
19.068250984632	-2.5302521664748	0
121.54414356508	-26.279404896965	0
123.37356389151	-26.562727220916	0
191.42143449844	-28.022076333894	0
190.55639699319	-25.417135050673	0
160.18642939733	-13.005333568723	0
159.39331422592	-15.194659682724	0
158.9163152106	-16.364433101494	0
71.886823396834	-13.51430620053	0
72.949599729102	-15.218092077872	0
71.396299076666	-16.053810406638	0
69.96027733091	-15.813100688489	0
70.33681667302	-17.245844076059	0
51.170256655192	-11.921336625369	0
35.858878088537	-20	0
34.885129560226	-22.431618928659	0
133.78684767597	-31.233067184105	0
136.46816548526	-32.272141642715	0
135.59304333037	-29.561631298894	0
-17.539620344775	13.557634562319	0
-17.154100150605	16.329891822822	0
-20.226438354976	14.397284406005	0
-7.6763042816224	5.9983692306032	0
-5.2572257008623	5.3	0
-5.2572257008623	13.3	0
-3.0943834246912	12.408772632762	0
-1.304687617386	11.34438638641	0
-3.7880661359629	6.5910977730589	0
-1.9983703286578	7.5267115267062	0
2.7530670256576	6.8101226857854	0
3.5151520662421	8.81426382118	0
12.895795066881	5.2929411753809	0
11.879077176321	3.734211759256	0
13.692204847918	3.034147215607	0
78.619626029512	-20	0
79.414793367229	-18.576074158833	0
77.770149215653	-18.576074158833	0
91.699825739576	-25.227100174536	0
89.842566385471	-23.764592833573	0
89.826739969582	-25.821348297134	0
75.927210800792	-17.907558568338	0
76.722378138508	-16.483632727171	0
83.684573293862	-11.358407894415	0
83.951770305803	-9.8609795199352	0
82.431393969224	-10.638596923655	0
116.28977971321	-13.708868618405	0
115.63767223033	-15.049105418528	0
112.87963866938	-11.409120620184	0
110.55692023206	-11.965940986886	0
110.84024806177	-14.236989300727	0
100.94301536974	-15.072419125226	0
104.10506745987	-18.530107901826	0
111.16342626128	-15.878771372164	0
110.83478255287	-22.159497512958	0
108.22322075788	-20	0
108.71279890878	-18.667970657423	0
109.76364236949	-17.666262277219	0
20.489307933273	-26.288072766169	0
20.99616322131	-24.661997933935	0
100.85554681987	-18.4126516088	0
102.50019097145	-18.4126516088	0
108.60857636881	-16.334232934642	0
145.03546452012	-28.577361569832	0
142.69929232474	-30.340201356075	0
9.1351724315548	-29.951059489697	0
54.683517067939	-25.453751952921	0
53.113116889258	-25.587541913558	0
67.102639178481	-22.903200504336	0
67.830920585935	-21.324864059636	0
10.395232644619	-25.258126333235	0
8.8174035193363	-24.482726399333	0
140.19345474081	-26.245957873169	0
155.89279151577	-23.697362272834	0
75.732705704579	-30.779283497365	0
77.689424545223	-31.639472229229	0
77.271220845455	-28.74721844533	0
32.721470007862	-28.781153486357	0
35.189134227998	-27.669183835601	0
33.088360963354	-25.975207508075	0
96.043262588032	-22.095713327592	0
95.066067545272	-20	0
148.97523671066	-26.887782083491	0
148.06508796617	-24.581020180575	0
146.69660638708	-27.152900247242	0
186.96454546642	-31.246326859204	0
166.71761934739	-27.513036387353	0
168.14295846526	-27.463393532849	0
167.55352023732	-26.177057194399	0
171.26891632331	-35.153490588608	0
169.63584998893	-33.18216266224	0
169.79185483302	-35.853514976934	0
173.02058189032	-35.576994935591	0
172.86457704623	-32.905642620897	0
151.0379850942	-26.367568479255	0
152.96260075042	-27.39510855979	0
121.38037397049	-20	0
121.35993203392	-18.772804860808	0
31.390083826861	-25.016431877431	0
30.821295214393	-22.879115084745	0
30.051908130749	-24.949860366146	0
2.0648809769245	-27.241071254729	0
0.91044089635099	-30.45013092662	0
3.2256389256349	-30.512624764617	0
158.52659248272	-28.38274411069	0
158.93598482276	-26.379914051819	0
-12.132113760462	-26.821522513312	0
-14.5612458502	-29.94098775378	0
-12.267364983778	-30.78801962717	0
89.05080785301	-22.179420478085	0
174.14488259006	-31.463620648562	0
33.857748046998	-23.904462226675	0
46.692319087988	-23.434361662963	0
48.032109311098	-21.634478892319	0
87.730888039763	-13.750032578859	0
86.256097293978	-14.539130859751	0
85.317800660684	-15.543306679679	0
86.520504338286	-16.12491553131	0
142.45080097069	-7.55272780853	0
194.76361162025	-22.822343031964	0
145.82634559554	-12.570917802418	0
99.65354421923	-29.652019220863	0
101.80291096976	-31.358846841203	0
185.50023415593	-35.440937177469	0
61.456253193243	-28.853902399999	0
61.4273864991	-26.024368468298	0
58.973294836481	-27.368852009772	0
44.670338934812	-35.107292807354	0
40.597991520624	-34.487648357826	0
42.106558378361	-37.180059996276	0
14.068424846898	0.1944854902873	0
15.952950330663	0.50519516201314	0
14.560012441124	1.7861274712079	0
112.90513803633	-27.439259938496	0
238.56556758006	-5.0028498507816	0
97.735442974655	-28.072360134484	0
97.522377973911	-31.1244677294	0
104.19122788944	-33.17077009617	0
-9.6486861973974	8.0389545016033	0
6.1319746975966	2.6102298237908	0
4.6189454870566	1.1738040665746	0
6.8369981656461	0.47964028008557	0
-3.7880661359629	4.5910977730589	0
-2.8719028209961	3.213477375553	0
-1.4027432560967	4.5045751486119	0
1.7136710389386	3.215674180693	0
2.4974673731244	4.9095920595941	0
0.29721639305588	4.8208726300072	0
-3.6173748753333	1.5938820387846	0
-5.2572257008623	1.3	0
-3.6173748753333	-0.4061179612154	0
-0.61894692191095	6.1984930275131	0
2.1614365277513	-1.7394090941936	0
4.0262781428324	-2.1635728763133	0
3.4591273400251	-0.53262169501099	0
7.7001746059761	3.7498146101679	0
9.7163473857351	3.9545358781659	0
9.0664946155252	5.788284451032	0
4.1695216715404	5.2049242364712	0
5.4821219273867	4.443978396657	0
75.33033772636	-20	0
173.08899259733	-24.690217961676	0
172.30808844219	-23.138193355844	0
81.124398281298	-18.146360897294	0
158.89332115415	-30.683059831105	0
51.122902488648	-24.84713562994	0
50.412074777393	-23.340472857282	0
86.212527246192	-18.564545675619	0
83.518959998942	-15.125121901353	0
83.608795286829	-13.046773653127	0
82.074361669395	-14.214373546361	0
99.255116298077	-24.653662715481	0
72.680695753085	-22.175267963368	0
81.908914332664	-20	0
164.51949910584	-25.314426419565	0
166.69378166375	-24.769666447956	0
165.08509965015	-23.857392818618	0
87.406163701434	-22.179420478085	0
79.502535509637	-21.194311482756	0
77.857891358061	-21.194311482756	0
91.45508693649	-14.709810035451	0
90.852524476041	-16.009789986776	0
92.249075395956	-15.994836905011	0
119.13227724376	-24.065060055596	0
120.5161900559	-21.773086974444	0
167.72043556613	-37.01756071715	0
166.08736923175	-35.046232790782	0
145.3020589348	-23.461719419067	0
143.51289132687	-22.662764357629	0
165.12189107443	-27.370616557445	0
165.71132930237	-28.656952895895	0
73.786892157764	-23.861045408294	0
74.791889979464	-21.685777444926	0
87.100860264918	-17.254097089308	0
88.039156898213	-16.24992126938	0
89.33902442071	-16.051932972297	0
88.758668494078	-14.922751414299	0
90.133012880176	-17.336959841856	0
87.731179806119	-18.689551413688	0
89.03075556226	-13.552044281777	0
92.533968164602	-18.647408428168	0
90.889324013026	-18.647408428168	0
80.915170065996	-21.492543529975	0
90.930730832776	-13.077274744686	0
85.049722689834	-8.9796230636989	0
93.224004079685	-17.126341354039	0
94.111459308779	-18.478932925871	0
92.327281752691	-13.062321662921	0
80.741866111581	-10.66134892169	0
81.009063123522	-9.16392054721	0
49.676753462674	-21.634478892319	0
88.487490938968	-20	0
89.375823957695	-18.689551413688	0
80.451752628935	-12.887024436374	0
41.223107260924	-30.893390889862	0
43.502901942333	-30.0879345893	0
97.424875054732	-33.431893997711	0
95.506773810158	-31.852234911332	0
99.112636062514	-18.346851331289	0
98.355355848424	-20	0
99.968182882388	-16.759502940089	0
77.319443611165	-22.880088927682	0
164.87995035101	-33.951844093372	0
166.9513696179	-32.787798353156	0
56.519671919348	-26.151206987631	0
57.10827329093	-23.841863043361	0
172.9425518078	-27.916458223432	0
173.93494985165	-26.306256361317	0
108.40252656553	-25.369329429271	0
106.55113633041	-25.907581437706	0
109.06905716134	-21.614063804484	0
110.03597480475	-23.773561317442	0
-2.8739467749725	-29.275994700749	0
-1.7131888262621	-32.547548210637	0
68.249771837187	-24.170252584224	0
97.621211349595	-25.395669140566	0
169.81974255995	-31.83342115625	0
169.41601521415	-30.126357233009	0
140.36926752417	-29.147883373506	0
140.60438594023	-31.793023740074	0
46.157470105908	-29.195034187866	0
45.81634024065	-31.521980767471	0
159.94266711139	-32.27432567975	0
160.78467833057	-34.596314668244	0
163.17393874568	-33.888289542505	0
97.009718427698	-23.449420230099	0
97.677167536514	-21.353706902507	0
153.03025931978	-46.055798055973	0
157.0842309082	-44.908115759407	0
153.5887026821	-41.660845542629	0
109.74197080927	-35.452060878548	0
112.54785101559	-34.451048980821	0
111.20269567006	-31.560536748803	0
18.795859175846	-21.565705616068	0
63.629408282662	-31.273300629575	0
66.644211546262	-32.883518232836	0
66.925148119462	-29.119636461786	0
-17.915038565527	10.033801701975	0
-14.842700361156	11.966409118792	0
-6.7041083819248	0.10368591961592	0
2.7541038719755	1.5979678486943	0
10.512757166772	1.6957419183919	0
214.57653940337	-25.112101346826	0
211.50241943536	-27.608786037626	0
215.882355346	-28.864402775387	0
38.659326704473	-32.966158078784	0
37.053342858639	-29.923515212352	0
36.428227118339	-33.517772680316	0
73.045430393705	-32.200695673156	0
72.627226693937	-29.308441889256	0
-12.21005405716	9.9118734002242	0
-7.0397976783706	-4.1534900378606	0
-9.1814493381779	-5.1246431731418	0
-7.3988773606696	-6.4961531352812	0
-1.2398942379247	-3.1464589534713	0
-0.97776616814899	-1.3758052865686	0
-2.23965211958	-1.8828895893335	0
10.599377829349	-4.7295845709222	0
8.5046721174228	-4.7283143575131	0
9.57323402736	-6.156209490327	0
124.66495842908	-28.537061928075	0
126.24688548331	-26.087153303951	0
161.28258156925	-29.975034705366	0
163.22376427795	-30.040416809999	0
162.17441832071	-28.449150961354	0
-7.5393383326105	-13.838937205546	0
-9.8923703493793	-15.019784306174	0
-7.6102577176311	-16.355847100628	0
-5.2572257008623	-3.1125	0
-7.0397976783706	-1.7409900378606	0
0.55385289190702	1.5092484191073	0
6.7242899585055	-1.0987523536185	0
6.2418220281489	-2.0478520489672	0
7.6421430315483	-2.1898189254551	0
-1.2320519954671	1.5073594143376	0
-0.19161916243018	-0.11034691766106	0
-2.6571518431571	-5.3234115458901	0
-1.277924260365	-6.4728279408057	0
-1.1225526065636	-4.8029596511517	0
8.8277134406583	-2.2712043341074	0
8.3452455103017	-3.2203040294561	0
16.162526205337	-5.2653204728543	0
17.6315818411	-4.6497057822308	0
127.89882615125	-31.320728127079	0
130.58554890134	-31.551262541665	0
-5.6917690923668	-36.505425282248	0
-1.9073814210433	-37.67956150812	0
-7.3988773606696	-8.9086531352812	0
-5.2572257008623	-7.9375	0
8.0200167180926	-13.644717524273	0
7.8056609959209	-15.569477636148	0
9.1956817642466	-14.765682854779	0
5.3235571830949	-2.495484272375	0
4.0258663708211	-3.7022716715576	0
-3.879502945109	-4.5892716281181	0
-3.879502945109	-2.1767716281181	0
-8.4866803594331	-0.93730411824468	0
-2.0627349269423	-8.2405010238523	0
-4.0348745989104	-8.6716399177721	0
-3.2850860288942	-9.9188611060803	0
7.3841625810906	-11.755070548086	0
9.4068304728983	-11.043578264955	0
7.3809555675706	-9.9577260701374	0
6.2552833601695	-20	0
5.4025154070331	-21.640036069826	0
7.047159558609	-21.640036069826	0
12.044276200179	-4.2588951133764	0
13.303498201967	-5.2605225338009	0
5.6532173727805	-6.3423556108011	0
4.5930970529451	-8.5994951489762	0
6.4184079955984	-8.412078815093	0
8.4410758874061	-7.7005865319622	0
10.535781599332	-7.7018567453713	0
17.803623792845	-29.571408080375	0
15.191541225827	-30.771137173795	0
17.386364148219	-32.279942328913	0
93.640491104344	-33.227851309725	0
94.072649659976	-35.431979754923	0
-9.7483905669751	0.49743031286787	0
-10.084079863421	-1.3472456446087	0
-11.126605685929	-3.3393113415545	0
-12.388315893471	-1.904576910442	0
2.0422907031779	-6.2410739953758	0
1.0143874570051	-7.47577096454	0
2.8000031839544	-7.7644689138485	0
4.4038224661964	-23.369939160418	0
3.6119462677568	-21.729903090592	0
-14.841604765123	-1.1642048078733	0
-11.485685368228	-5.6819744389751	0
-5.2572257008623	-12.7625	0
-7.5393383326105	-11.426437205546	0
-0.52813569034882	-7.7200491291139	0
-0.32329324613442	-20	0
-1.2808655580201	-21.511040492244	0
0.36377859355584	-21.511040492244	0
6.4008368632587	-5.0945611722686	0
4.5755259206054	-5.2819775061518	0
13.209411522582	-6.7056437047861	0
14.844969985263	-5.8086865348509	0
-18.096713762167	-1.7407641718922	0
-16.685950713023	-4.4732019714067	0
-14.083289142985	-6.7786220234959	0
-12.138132795234	-8.5639538550832	0
3.8321595186649	-18.833188094682	0
5.2027114651582	-18.632125943153	0
4.4242317752296	-17.465314037835	0
12.362895987308	-8.2866062421051	0
11.230737847354	-9.8309832837403	0
-15.735243198087	5.0054046250448	0
-17.934882667415	7.1920021102031	0
-18.452007283595	3.7548304767996	0
0.13933334486741	-4.2958753483869	0
-4.0348745989104	-6.2591399177721	0
11.177285881912	-14.217180599489	0
13.001193256368	-13.004585618274	0
11.233944860874	-11.628327761689	0
14.776384969864	-11.542256059016	0
14.719725990902	-14.131108896816	0
21.258874598699	-22.904372118755	0
17.031538061191	-7.6700075774738	0
17.964683477802	-8.6028475453327	0
18.319141162638	-7.0999155497017	0
-3.9186809286464	-13.727150767879	0
-3.5241562972886	-14.599828959417	0
-2.1856115250727	-13.151979727296	0
4.472421227499	-12.725535600787	0
5.108275364501	-14.615182576974	0
5.9941418127649	-12.558865329455	0
16.732139047174	-14.612016682054	0
14.956947333678	-16.074346241312	0
14.867466305842	-9.7943361767895	0
15.713981841117	-8.2133736394705	0
13.904367770604	-8.8347702431551	0
26.180216430642	-7.2202013405181	0
23.903909316983	-7.1345983831794	0
24.609946377477	-9.3284053942735	0
21.924479101683	-3.4594995281577	0
21.649966365722	-1.8977514697305	0
20.533846769053	-3.4899164087579	0
16.929991240611	-0.63945061989375	0
10.962930159741	-16.141940711364	0
10.085270928486	-18.345221483327	0
12.066875046152	-17.796719228037	0
8.5588873015062	-21.375523383712	0
9.5445716633214	-20	0
20.421882906176	-18.697844508882	0
18.7772387546	-18.697844508882	0
19.412436572777	-20	0
29.196015245997	-13.30874256182	0
30.507636953087	-12.27437449456	0
15.723932254	-18.277627013275	0
13.711519197728	-17.796719228037	0
3.0366481628944	-11.514743531565	0
2.1507817146305	-13.571060779083	0
3.3201173039857	-16.224114518835	0
4.6906692504791	-16.023052367306	0
8.4406267769102	-18.345221483327	0
7.7061193483698	-23.015559453537	0
13.991153106143	-26.182224780242	0
11.798416772277	-26.929042409533	0
13.416064536587	-28.809420554548	0
56.54853861349	-28.980740919331	0
54.417909896069	-31.91421646068	0
56.871532813203	-33.13186148282	0
3.5651938067723	-9.8341921181404	0
1.2435542939038	-10.679717296437	0
-9.6809899924177	-9.9850903408274	0
9.8201440750632	-27.885322107541	0
143.78920408399	-21.038650246904	0
20.440503327422	-21.565705616068	0
0.22957679042776	-9.2434440475866	0
3.2782468803429	-4.9500661100901	0
-0.29896885345015	-10.923995461011	0
-1.9465412566783	-10.883511873959	0
-3.9186809286464	-11.314650767879	0
-1.0076902390408	-18.143234842877	0
0.6369539125352	-18.143234842877	0
6.2123898357449	-15.856382095974	0
7.3880548818989	-16.97734742648	0
1.769555849432	-15.534161267029	0
0.33378278482735	-14.323369197807	0
-0.53803912184454	-13.192463314348	0
-0.91926498704303	-15.155563802294	0
-3.6125815492864	-17.5875	0
-5.2572257008623	-17.5875	0
-3.6125815492864	-20	0
1.5031183741826	-16.976422937559	0
2.1875153670889	-18.833188094682	0
6.8473556167342	-18.632125943153	0
2.9659950570175	-20	0
171.25851891816	-27.651416272525	0
1.9673021161808	-21.729903090592	0
5.7135478332985	-28.824722944141	0
7.7319883038971	-28.280143413399	0
-2.6586243609216	-23.77105657463	0
-2.4868860279364	-25.849304790752	0
164.34829157764	-22.201076395114	0
27.782033066061	-23.451840206603	0
28.350821678529	-25.589156999289	0
135.417230547	-26.659705798557	0
-0.93256375320233	-12.31978512281	0
-2.6523343906167	-15.730734842877	0
-3.3456962006119	-22.260016082386	0
-7.6102577176311	-18.768347100628	0
-12.173088408158	-24.300345508931	0
185.18397385327	-25.729517199016	0
146.52865205827	-23.551684473178	0
-10.097036785551	-32.640448426202	0
-7.6679046958127	-29.520983185733	0
163.51320906083	-26.458342928108	0
161.57202635213	-26.392960823474	0
45.928722672673	-24.953292616974	0
-5.1105157505494	-27.946722074769	0
178.3681667678	-41.992617695487	0
182.61839857599	-43.197339420013	0
183.07268360533	-37.801066634879	0
127.99182142436	-5.9708275585084	0
129.06174356123	-7.9447967386162	0
149.66950351511	-28.939448545922	0
26.858301972249	-22.045568419873	0
25.85492203291	-27.022877380446	0
148.80728238185	-23.286566309427	0
180.30349727548	-26.578358961459	0
73.495099968098	-26.118782820101	0
43.189184596744	-2.4196614721431	0
41.713016791807	-2.1113980887422	0
41.03869510099	-7.7940785020184	0
37.584756525225	-11.406106642502	0
34.650433492897	-14.621524140329	0
34.786172105536	-13.273895797475	0
29.045341849598	-16.832658208809	0
30.803656678351	-15.714810053053	0
28.741580244927	-15.120463811244	0
36.129859807185	-12.675535079055	0
37.644130553017	-13.016631692536	0
25.991013179081	-20	0
31.781494800806	-4.0365261770455	0
34.726798077745	-11.66337074744	0
33.632402277904	-10.595140643335	0
38.992933908698	-18.879417517581	0
38.641695080493	-16.585679411575	0
30.935160442337	-2.0166099754255	0
31.949244604295	-11.403932399747	0
38.139783360916	-14.849291958539	0
36.691145554554	-16.022447582126	0
45.872025898332	-18.123490260345	0
35.277975673667	-15.575695584495	0
35.779887393244	-17.312083037531	0
28.702735454356	-7.7979415158951	0
23.141269437581	-5.0390293983046	0
21.570999384416	-7.1472334520599	0
23.438309513425	-11.111455963412	0
21.312151313447	-11.482996107095	0
22.416821563054	-13.351649633572	0
26.217557590673	-12.797489479021	0
25.714616627084	-11.197058920751	0
32.660826109992	-18.713502225309	0
34.290475724659	-18.43266551995	0
32.73706789769	-17.14616774526	0
20.030323042131	-6.5422099923728	0
20.792962921533	-8.6377789772477	0
19.653185011244	-12.143006599901	0
17.755312181904	-11.615801380053	0
18.392790533737	-13.195984557406	0
20.674672961615	-9.9028129297411	0
19.13399661933	-9.297789470054	0
23.5909713194	-18.360426412877	0
21.946327167824	-18.360426412877	0
18.378022738975	-16.975471522157	0
20.038674225538	-15.55943939751	0
18.630011876514	-15.139221901902	0
25.763122589603	-14.609210728445	0
27.437700417244	-14.426590717577	0
37.348289757122	-18.879417517581	0
35.703645605546	-18.879417517581	0
49.016031301145	-20	0
138.0985483563	-27.698780257168	0
19.404331034827	-28.731887066048	0
180.0236839837	-28.634673083204	0
110.16825195706	-25.914763137744	0
87.773467986309	-27.238066896272	0
14.425080135598	-23.972514661457	0
16.042727899909	-25.852892806472	0
17.209508112436	-27.22308191093	0
24.25738903425	-3.4468644592772	0
25.689813036813	-3.2041966150593	0
48.098212713165	-18.138593653853	0
43.631045435288	-14.374009828694	0
31.016181958416	-18.713502225309	0
23.689276687163	-14.850481157822	0
21.563118487185	-15.222021301505	0
19.097177625521	-5.6093700245139	0
17.846393517883	-9.8678814978262	0
16.585999040376	-10.920859455332	0
17.368576405576	-18.277627013275	0
25.66481722184	-18.1191559835	0
24.909419513734	-16.479582396377	0
27.309461373416	-18.1191559835	0
21.311129349647	-17.05827092176	0
3.4966661665643	-25.381685636955	0
76.43653413104	-21.685777444926	0
82.386455362732	-25.018643737733	0
50.458361018267	-16.821779622976	0
50.269151843674	-15.476052311597	0
32.10952571692	-16.191996301093	0
33.739175331587	-15.911159595735	0
29.37153780684	-18.713502225309	0
49.742856864741	-18.138593653853	0
52.378214057076	-13.072391842232	0
79.321867370116	-33.707474682179	0
50.505308008701	-13.523862098625	0
180.91308490405	-31.004609667879	0
176.3824297615	-31.731140154053	0
150.43225519146	-36.203023786207	0
148.73684718185	-39.185063907679	0
151.23013910328	-39.826487717723	0
178.48553435345	-33.364739125289	0
181.25000234774	-34.236215452943	0
52.104701295747	-27.022689613573	0
200.82194427617	-33.109055220348	0
200.59101470344	-29.018682402075	0
168.34268106967	-32.533445544576	0
167.13526218893	-31.439056847166	0
51.605906250003	-33.347208695103	0
51.282912050291	-29.196088131614	0
89.724583337424	-31.206667138091	0
91.777855320697	-29.789948538953	0
89.630727340414	-28.700574237235	0
0.80813871922513	-1.3739162817989	0
1.4926311533936	-4.6613681607816	0
1.3752895220325	-3.0048674631011	0
17.421578834836	0.95219136102687	0
18.791680824358	1.0808198455581	0
12.548049809215	-0.44244636176728	0
16.068439525953	-6.7104416438394	0
19.342763720593	-4.0920002249019	0
22.115398775837	-0.62323313989778	0
11.450665976405	0.38444871928428	0
6.2414102561376	-3.5865508442116	0
7.3191017083128	-4.6469289488608	0
22.905162045165	1.0924021549765	0
15.576730331684	3.3448568873328	0
27.365997702058	-1.7620205888164	0
26.739943132905	-0.41031691967949	0
77.42902953201	-36.385229430987	0
80.599987497779	-36.421166831902	0
44.025864727444	-41.412746652489	0
46.358748624356	-45.601592311645	0
48.511789689461	-41.988550104959	0
-12.278593767174	-11.081737925348	0
-12.11832885449	-16.169496990199	0
-12.047409469469	-13.652587095117	0
-14.931734323645	-23.05778400122	0
-12.678828104919	-21.383638870229	0
-19.06129167042	-22.982946142266	0
-18.555551973659	-25.899652780967	0
-28.570507036744	-28.608404980829	0
-29.849082806938	-34.078036876228	0
-23.963685090628	-31.294446817412	0
169.6421580714	-27.597712383663	0
30.618636581856	-30.804433914867	0
32.7194098465	-32.498410242393	0
149.98682650585	-33.882898398362	0
149.82072243662	-30.831929485359	0
96.427334485417	-36.823731556546	0
164.92977588329	-30.103971360867	0
166.52550415625	-30.246391190775	0
19.354930857038	-33.997527235465	0
21.504943095523	-36.90871336051	0
22.148458953721	-33.991399360536	0
164.03793913183	-31.629855104879	0
28.124797097599	-28.520897539989	0
-14.504552272285	-12.231450609373	0
-9.9417359619159	-20.081447289598	0
-12.700381877403	-18.838885781887	0
138.49900580556	-33.016772011956	0
140.82903060613	-34.209089994525	0
44.26791925547	-25.680376775491	0
45.504835224793	-27.033903851178	0
-17.910058017842	-14.486623995669	0
-14.855420997493	-17.47168857083	0
-39.657593543468	-22.040714207848	0
-39.315993987522	-14.833709200812	0
-45.587393534183	-18.118355155417	0
-18.492111040756	-17.156012787358	0
-22.11592869077	-19.997881567105	0
6.1104791364999	-55.820471565072	0
10.276093481113	-48.206879266722	0
1.1301004465301	-51.317998347781	0
-31.981799332101	-11.883001451795	0
-37.911599322816	-7.9606423993634	0
59.044687902622	-35.551259712397	0
61.175316620043	-32.617784171049	0
91.719393104825	-39.181343109903	0
89.493619923759	-38.765417349508	0
42.486274304985	-23.931676382172	0
-26.06207636425	-9.5904414312722	0
-25.259232188731	-5.0298479928862	0
-28.035651658621	-22.290441587628	0
-27.466471028956	-16.463508232721	0
215.20656867958	-15.514271045219	0
-23.982131175986	23.549174556084	0
-21.021928625339	23.878720613604	0
-22.572481834345	26.176158226716	0
-12.656750722145	6.5696573598274	0
125.02550455944	-31.796302044044	0
208.58971381	-30.543124557086	0
206.585672867	-34.978534665121	0
210.80419443499	-35.796497574222	0
74.996955288307	-39.945713923535	0
75.285282194775	-43.675005427766	0
78.995476566139	-42.828213084941	0
-18.690803196975	-29.866149894826	0
47.324907098386	-34.21439240592	0
92.805355668308	-45.799122312794	0
88.69608018907	-44.342480309775	0
90.7986780767	-48.483214732967	0
151.88347082016	-30.311715881124	0
153.25191149961	-30.949042247591	0
153.1006925781	-29.056561308154	0
-0.29512344800243	-42.670922314581	0
3.6834568181023	-38.71304524297	0
159.44027955576	-57.893516449803	0
160.86500054198	-53.626378894753	0
155.10106655966	-53.5702058278	0
152.48011842728	-34.524322208405	0
87.522460997391	-41.174106434245	0
85.515783405783	-43.858198854417	0
107.65211960632	-37.33527321814	0
106.30696426079	-34.444760986122	0
187.02982297866	-49.224105859224	0
191.73433981619	-45.032554798616	0
16.74284829002	-35.197256328886	0
39.953517313256	-40.793102202961	0
154.33104142987	-28.032434926257	0
93.737994023522	-30.920425041415	0
24.963684322093	-33.428601703364	0
28.122736936237	-32.238154296025	0
175.12368648227	-37.210593906828	0
174.66940145293	-42.606866691962	0
130.72676840064	-42.424037601058	0
131.69968107467	-37.562168320134	0
127.28645960758	-39.441837523972	0
-26.716312157465	11.374635847775	0
-29.327480524322	15.598481108441	0
-30.670477684577	11.413706321715	0
-18.074411555116	19.545817023243	0
160.82931211769	-38.361720888531	0
157.5980404834	-36.747757025776	0
136.93182016959	-37.988603331814	0
138.88372038898	-39.759635295991	0
140.67555069085	-37.203870230585	0
50.459904944165	-36.932520734986	0
17.883601152965	-47.714151692618	0
17.236479482507	-41.698564226634	0
14.609350500625	-46.693765018029	0
-10.291229380332	-37.772461723684	0
101.13229803924	-42.144000231368	0
104.51815552824	-40.564085927501	0
168.41520401026	-41.351003256123	0
171.65968429579	-46.133027044782	0
131.46067105623	-34.261772885487	0
74.835868655537	-51.034794974874	0
70.837347377705	-48.152295813468	0
144.70065073722	-49.092880819011	0
148.67772148163	-47.313984358993	0
145.55766034927	-44.587424299213	0
155.2841106917	-38.678805421156	0
81.812983843356	-43.623664784029	0
81.524656936888	-39.894373279798	0
11.521180585794	-37.930408982255	0
7.187923566282	-39.443523230948	0
9.6289718106551	-42.191291800738	0
164.71071840899	-40.543721069971	0
-24.335633933433	9.4074441032757	0
-22.992636773178	13.592218890001	0
-20.631802651034	8.7832275537299	0
58.009615120276	-40.439765977226	0
52.792788841078	-41.121366394141	0
56.061499865571	-45.495795347199	0
120.64823917787	-33.264677781876	0
116.75670869743	-34.038122284894	0
154.79404821898	-32.593273813025	0
27.305250042923	-41.701325261718	0
30.464302657067	-40.51087785438	0
27.45752380635	-35.712138078242	0
-23.902446482095	18.405573788737	0
-25.152725209846	20.876287191701	0
-26.623593724962	18.030124037465	0
-45.257225700862	31.3	0
-48.074560813811	25.977895192739	0
-40.074560813811	25.977895192739	0
-24.355478035321	6.5656445115038	0
-19.675785604945	1.2452582261874	0
-21.520131552845	-2.063738937346	0
14.368255205684	-37.078924487189	0
22.784250532361	-49.604708760935	0
21.519779281351	-59.351697484553	0
29.04755764263	-56.247053761475	0
146.08109100196	-40.891715016979	0
142.10402025755	-42.670611476997	0
85.540339060217	-51.550280168465	0
82.986603035035	-46.79203865956	0
81.83753949779	-51.315746098077	0
167.91681560802	-29.992038382195	0
-19.369741458202	21.586914661476	0
-55.682011588982	23.537985394488	0
-50.499346701931	18.215880587227	0
-30.577759252074	18.069194511405	0
-26.703278418853	23.173724804812	0
-22.607116579008	16.364476150504	0
-30.285890875421	22.354056396509	0
-32.989777674782	19.922413467485	0
-21.136248063893	19.21063930474	0
-61.257225700862	31.3	0
-63.682011588982	23.537985394488	0
-29.318356992556	1.0899632053514	0
-35.382680688271	6.4555380007095	0
-36.641728363108	0.3556401450113	0
246.56556758006	-5.0028498507816	0
245.25722570086	0	0
-21.875425074273	3.4318557113458	0
-26.838304031508	-2.0438255948066	0
25.411379514243	-44.60950796954	0
219.10402707749	-16.370312528742	0
198.5955633626	-26.242877047908	0
73.718835160645	-37.232021773812	0
136.69281015116	-34.688207897167	0
134.90097984929	-37.243972962573	0
203.03642490116	-38.362428237484	0
16.336821914503	-38.796509393742	0
142.78093082552	-35.980121958703	0
34.173119928906	-41.530240292302	0
34.325393692334	-35.541053108825	0
161.52408056182	-42.695163427503	0
-34.135323822116	-50.767382261821	0
-26.699153611611	-53.043020788459	0
-27.24004268106	-46.398196040797	0
173.69607314923	-78.332980639303	0
180.30347763286	-74.348164615415	0
174.52582199592	-68.441677787832	0
222.64624375093	-17.172667429188	0
-25.579256356671	4.0560722608916	0
-37.794902612444	22.431532869034	0
155.23947690459	-34.91339920087	0
125.89754732212	-49.56098144406	0
129.71611916182	-52.453841977539	0
130.13211877325	-47.196567338375	0
-52.269610603075	-36.109764993722	0
-55.164253366726	-44.002240722543	0
-47.898216643761	-45.615950638321	0
246.80929542417	-31.559384377078	0
251.64551868662	-39.583255585757	0
258.60131772585	-32.594575836136	0
160.96563719951	-47.090115940847	0
134.54534024034	-45.316898134537	0
137.76564010891	-48.227874315543	0
138.36028973629	-43.455344578226	0
22.404600663526	-39.810768193402	0
207.28389786737	-26.790823128524	0
234.84348927829	-24.240249414085	0
235.52310414414	-19.261568420461	0
128.4881550744	-67.182930415774	0
132.92377006899	-65.337173439594	0
130.22283468285	-62.432031850797	0
130.06999869407	-57.70226547892	0
134.3045701452	-55.337851373236	0
208.29268854541	-53.659109211987	0
214.61988318197	-48.245402434202	0
202.47295885543	-45.645614460042	0
107.95316207671	-41.571385819927	0
110.23250626871	-46.519376203625	0
113.36647034679	-43.290563494264	0
77.38960468072	-55.793036483779	0
149.62712178107	-65.068308304889	0
143.0027637748	-65.537076834564	0
147.38986707123	-69.936740173494	0
139.81620744468	-80.880577233254	0
143.28185854367	-75.749901270638	0
137.29985796598	-75.536184665784	0
94.074077930266	-40.573094911526	0
96.176675817895	-44.713829334718	0
-43.97592301853	-2.5950676040052	0
-37.993849055128	10.679383261375	0
224.07813401525	-26.565255767856	0
120.56368112474	-51.528404980593	0
116.20950262048	-54.828663823716	0
121.12736920643	-58.118514926347	0
122.90919422601	-40.910213261804	0
123.88210690004	-36.04834398088	0
70.613356150003	-35.761180165703	0
105.24529128693	-50.614958794635	0
110.65859955701	-52.334136468972	0
120.97968073617	-46.271130341429	0
99.863575777281	-47.370027632637	0
198.13271746976	-62.450386978336	0
188.63949534921	-57.758091500886	0
190.6264486001	-69.149157241394	0
-12.561864691387	-63.732120891052	0
-11.419693184319	-53.802712606783	0
-20.946043977623	-58.603242851704	0
95.090713254413	-38.096050131826	0
215.25225127834	-38.40109368212	0
217.25629222135	-33.965683574085	0
-19.969378967169	-35.335781790225	0
111.27168979711	-29.035028050324	0
135.97729976275	-70.24679035387	0
137.7119793712	-65.495891788892	0
115.29598383664	-37.929646414639	0
274.75435736768	-37.794121106947	0
277.96326054071	-28.110657502444	0
266.64644416133	-30.934983440311	0
256.44303718633	-18.224837821872	0
261.81022089888	-22.911112231633	0
264.48816362181	-16.565245426047	0
240.17034111252	-30.132884751872	0
234.52664455072	-32.655428788912	0
240.18054764968	-15.861702539304	0
19.611072566843	-39.816896068331	0
145.28320709013	-37.268251085463	0
286.5956793759	-25.371916996323	0
278.48776616955	-18.512779329688	0
176.71934720519	-34.962745939116	0
-69.654188520373	-27.360249889772	0
-58.872082043411	-26.670728607014	0
-68.990623237744	-19.534923418842	0
35.892274801316	-62.060711268632	0
37.156746052325	-52.313722545014	0
165.3048501956	-51.413426562849	0
171.55904763827	-52.669289998689	0
247.12614015175	-23.144205002251	0
-38.086770989097	18.14667098393	0
58.019010253366	-63.536849881152	0
64.671635673518	-63.653557052124	0
63.735308418316	-55.395378189605	0
153.84528532547	-63.652657513335	0
159.60921930779	-63.708830580288	0
125.63438369948	-59.5480224551	0
59.180504571466	-50.046432974459	0
53.963678292268	-50.728033391374	0
137.64808403522	-57.246449332056	0
137.29420450297	-51.998025830675	0
83.417494774995	-37.21661853099	0
86.313323140472	-38.28113589415	0
294.1887053528	-7.8870194117837	0
285.25722570086	0	0
278.1887053528	-7.8870194117837	0
251.54425153741	-19.102236567134	0
244.90529722576	-17.675736941928	0
244.59865903534	-11.819734104187	0
-29.959236876194	-40.443318113485	0
-34.56605882231	-37.757276276902	0
117.57532802863	-42.877636798337	0
132.51164866377	-75.377466316485	0
126.09552410205	-72.341233075875	0
127.41808230528	-77.630627387789	0
220.33041218935	-31.468998883285	0
225.4520708906	-31.666536566553	0
152.17324970774	-50.56125457577	0
150.74852872151	-54.82839213082	0
111.2222876387	-58.924246414726	0
139.94923408104	-60.627459920288	0
142.93886843881	-57.287634377727	0
121.28020519522	-62.848281298224	0
94.83753343923	-56.97627711114	0
100.21924894888	-60.221208273138	0
100.28966906559	-53.184787897984	0
67.317616313202	-37.914844333492	0
160.9663212949	-70.94723272777	0
166.56131552519	-65.188091664238	0
141.10915399893	-50.136472274364	0
89.649614539455	-53.006922171484	0
65.833129991619	-50.16314014543	0
-17.250184772036	-41.290659717536	0
-12.844917078852	-45.155636573583	0
-52.732320208085	-29.910707620198	0
-45.466283485119	-31.524417535977	0
144.22921513129	-52.863032334143	0
149.45818202903	-59.252994174405	0
272.1679851808	-50.961746558513	0
256.5580231248	-52.127402197394	0
265.2884673173	-62.470701711093	0
-42.798973992791	13.188502662924	0
-50.406424767962	10.748592864673	0
-59.430653845359	-11.054423094965	0
-51.72715536951	-14.878376142232	0
-52.949292454086	-7.0873971011126	0
254.22219426034	-12.756369761549	0
256.18910280506	-5.9394855081433	0
251.29031715614	-6.8168842534056	0
106.40986080244	-63.292319042274	0
111.96076386591	-65.786846397018	0
146.53036517711	-56.244042922375	0
264.18910280506	-5.9394855081433	0
261.25722570086	0	0
297.41241602796	-28.994939510078	0
297.9369216568	-19.397061337322	0
269.55628651761	-10.625759917904	0
230.77892272482	-37.559171904341	0
305.00544200486	-11.510041925539	0
317.25722570086	0	0
321.00544200486	-11.510041925539	0
4.2762350709499	-65.047531816262	0
13.422228105533	-61.936412735202	0
198.4793544402	-85.451460170056	0
189.79669975342	-79.040460092865	0
188.15638347295	-90.650467544077	0
-51.679421494379	1.2288854432621	0
-52.068754925456	-22.085381149269	0
-74.552748680336	20.131271313703	0
-68.977534568455	12.369256708191	0
-70.21276032232	-11.743944377723	0
95.424008300856	-71.127870876235	0
101.61462015442	-74.198981645371	0
100.95772517608	-67.083808255429	0
244.76600082312	-51.092210738337	0
-85.257225700862	31.3	0
-90.552748680336	20.131271313703	0
-59.379794203519	6.2562633675654	0
50.542073104588	-56.703025535403	0
51.47840035979	-64.961204397922	0
123.39458871592	-69.436091487078	0
-4.4607377926155	-50.284514612931	0
196.7092302646	-43.776135015269	0
-70.250531294872	2.8495492867808	0
168.80625718147	-28.933691576617	0
-105.67270106884	15.120261935925	0
-117.25722570086	31.3	0
-121.67270106884	15.120261935925	0
-79.810500687257	-5.6309510370967	0
143.20011957175	-89.933324860315	0
150.1967673725	-92.504788714105	0
152.79485582312	-83.665757691898	0
149.90621654994	-75.281132740964	0
68.304150148426	-99.794178987577	0
78.291136988439	-103.8807602644	0
79.270197844087	-93.573918280119	0
62.313398927116	-39.925688665455	0
66.282543530856	-42.803350598322	0
82.433839478184	-64.653476189926	0
75.432168635932	-64.372525066723	0
-39.839893385838	-40.923016211829	0
-39.729739316582	-34.557734974573	0
-52.910307898696	-74.855095417038	0
-56.029015352114	-84.788153208576	0
-44.305468313307	-82.602623790982	0
137.21811899407	-89.719608255461	0
-25.754413904862	-77.847913154283	0
-17.930726534384	-87.045756819101	0
-14.264528114213	-77.730494800792	0
36.092426277989	-45.762926948516	0
295.86675825957	-41.8316422062	0
307.20800054047	-35.856786547199	0
323.75987395615	-31.123121605399	0
322.21421618776	-43.959824301521	0
69.715870470982	-72.51399675827	0
-94.968224048317	3.9515332496286	0
-94.930453075765	-10.641960414875	0
-89.190678761633	-66.600869372721	0
-95.283873603783	-46.349865780538	0
-106.60409945218	-61.526022621289	0
221.07198096833	-46.414588434065	0
89.579194422748	-60.043342546638	0
25.917025750412	-78.763959950704	0
32.538177802722	-83.975337673699	0
34.404238443931	-71.205420208087	0
156.90286435068	-77.852596594753	0
122.36182501758	-82.066659503929	0
128.77794957929	-85.10289274454	0
87.621758377959	-68.622831129581	0
47.423068398692	-52.152387908143	0
-40.192448921592	-28.358677601049	0
-33.921049374931	-25.074031646444	0
223.43625324697	-73.403352862396	0
238.05569944164	-77.09208294431	0
235.05905906663	-59.947627268061	0
-64.331656160322	-52.466569449556	0
-71.252153925368	-64.232668683301	0
-57.713357172458	-65.274525600887	0
42.937143436675	-51.576584455673	0
429.25722570086	0	0
410.53103839633	-33.487334407353	0
442.53103839633	-33.487334407353	0
352.55280983671	-59.928958624316	0
325.97703412588	-62.589557338646	0
339.76375435915	-83.292356603243	0
102.36157962957	-82.243404729469	0
107.8952965048	-78.199342108663	0
230.14655462845	-47.403480656423	0
-42.734536149489	-48.81549194065	0
-185.67884569998	-28.434138675932	0
-175.68482092709	7.5469615927721	0
-207.25125047376	-4.6811002687045	0
114.82210686176	-80.41907966997	0
116.18197413577	-87.891345026721	0
465.32651179578	-73.55617784306	0
484.05269910031	-40.068843435707	0
19.685535215802	-68.578757735742	0
114.0751473866	-72.374656585872	0
-96.235012004519	-30.749731865353	0
-78.821591313969	-35.824578616785	0
64.119274256321	-80.641182873484	0
54.531332684925	-83.29916438152	0
59.695269432678	-92.145318511332	0
155.69664470952	-105.44630634927	0
165.29138096088	-99.178739180854	0
-229.25722570086	31.3	0
-239.25125047376	-4.6811002687045	0
118.88757422287	-68.006583958324	0
283.48480156019	-48.137420620645	0
124.89345609967	-121.29008409718	0
138.00602303572	-116.86744042209	0
127.48946418507	-103.19499955762	0
111.50957661448	-96.930704212737	0
98.949720332025	-91.952132374852	0
101.81704096656	-102.63907139483	0
-42.193647080039	-55.460316688313	0
173.16872000881	-61.20327564035	0
132.16186170636	-94.155640371601	0
119.0492947703	-98.578284046696	0
-22.523066665689	-42.718956640123	0
-133.66853888901	-58.931817014606	0
-127.57534404686	-79.182820606788	0
163.85496056808	-79.331857678703	0
169.63261620502	-85.238344506286	0
329.95980004234	-109.53028331475	0
356.53557575317	-106.86968460042	0
381.25722570086	0	0
371.80517309166	-18.62459592927	0
387.80517309166	-18.62459592927	0
401.07898578713	-52.111930336623	0
309.4251607102	-67.323222280447	0
293.2803860727	-54.999267657767	0
297.04320401081	-73.629000694892	0
358.55960504295	-38.237675609129	0
483.1163018343	-114.82342594989	0
441.59464113032	-108.24191692153	0
179.523554109	-55.922876122283	0
-185.94252936517	-58.625407768757	0
-219.49018345031	-92.983549707434	0
-188.18743756883	-110.94675693878	0
88.278653356292	-75.738004519523	0
92.669043981644	-87.951771911559	0
84.866794058748	-85.446732164906	0
-31.63748817229	-70.601108567708	0
-27.841325118679	-62.972429072728	0
-37.390597806277	-65.040886504463	0
211.63596589085	-93.804638079957	0
213.27628217132	-82.194630628745	0
210.27964179631	-65.050174952496	0
17.819474574593	-81.348675201354	0
74.879807218735	-81.360150888083	0
-45.98981013365	-63.088996183293	0
-4.7381773209087	-72.929964555871	0
-35.303686592461	-79.916370586018	0
-30.477001318694	-101.40176673441	0
-18.987115528045	-101.28434838092	0
-39.47878303954	-104.08801993937	0
-59.537002503966	-101.3556546781	0
-51.591609776781	-112.90799303495	0
42.513426853626	-67.272088991627	0
-68.703050119636	-42.960383804957	0
-68.141842089355	-93.608126304155	0
-82.572379773768	-79.408825524052	0
-86.08036692562	-95.976326993575	0
-38.422394045879	-89.849428377556	0
-13.803599048064	-115.86125850634	0
-1.2573242637533	-101.50524859103	0
175.13249354204	-98.179862141454	0
2.5735716481242	-79.045905726001	0
8.8050621827345	-89.231107940963	0
45.566359178761	-85.610048975225	0
49.990364002405	-74.105913337377	0
153.10063662411	-123.54139088884	0
372.34632527622	-58.940474873726	0
155.48882244303	-147.35601006965	0
128.95726914458	-164.08109581572	0
149.0360766373	-176.47458092372	0
37.079146485242	-93.168588717842	0
-1.3562407097615	-136.32444793336	0
-19.086031974053	-136.10354772325	0
77.630904563776	-124.58301429925	0
88.596952259438	-118.36275359179	0
13.988578662716	-103.80801806638	0
44.653891633135	-112.3116570355	0
31.625710257096	-110.67694573397	0
201.99235808662	-111.07778470541	0
216.78928581774	-107.8209551641	0
234.86590580778	-107.55633737175	0
225.22229800354	-124.8294839972	0
58.716208577029	-102.45216049561	0
183.81514822882	-104.59086221865	0
188.9684681557	-118.60717930279	0
53.262772348883	-119.96051751174	0
63.568587619882	-134.44251083914	0
101.1568085419	-123.34132542968	0
111.67336739255	-137.01376629415	0
395.07219058089	-73.803213351809	0
173.17944411682	-135.93487599683	0
-48.422202316368	-137.81450425707	0
-68.480421780794	-135.0821389958	0
19.575299767273	-178.69240697966	0
-20.309004225329	-186.75698531573	0
5.9049691776947	-208.88265514513	0
-111.39273536558	-21.167247578628	0
246.58041336964	-92.796887862912	0
258.2032191893	-79.341162268577	0
273.81318124531	-78.175506629695	0
289.95795588281	-90.499461252376	0
-111.89584515991	-107.64949456714	0
-138.96028459674	-105.05528896046	0
-97.4653074755	-121.84879534724	0
-94.295900015087	-146.75530656936	0
255.01342555544	-109.80541669602	0
308.09828626923	-164.83494124567	0
338.24424053821	-158.69834432317	0
316.58566716738	-139.24420823442	0
42.494864287643	-165.31904543035	0
66.862996502536	-169.94154221785	0
191.35665397462	-142.4217984836	0
-35.974843978066	-158.27769368409	0
21.563323810609	-122.95108638404	0
-175.2718327758	-185.74971806575	0
-126.04467980372	-179.85825008743	0
-172.50793868188	-139.41343089913	0
-143.68482092709	7.5469615927721	0
-165.25722570086	31.3	0
-132.10029629507	-8.6327764713028	0
218.24461619759	-146.51734023799	0
202.45559215872	-163.84503693203	0
276.58382300785	-120.21338617205	0
299.81384577335	-115.66688023725	0
105.22062158681	-166.13233714822	0
181.49792139985	-193.09719621903	0
154.9663681014	-209.82228196511	0
-49.645174567644	-188.46794184955	0
16.280890884619	-143.19337560095	0
264.86931544599	-134.97283568089	0
-97.059794109011	-193.09159373598	0
-81.393954356274	-221.57088536762	0
84.146898254572	-197.00887173943	0
236.32123618763	-146.25272244564	0
252.55421368698	-197.92918313537	0
208.38588362282	-197.19273797342	0
231.59654292811	-227.18134242236	0
529.96898434406	-166.89234559467	0
553.70085500952	-132.20660651619	0
-133.40485522382	-28.740547921781	0
-154.3760998185	-46.397345907281	0
-12.875622302292	-244.14167207648	0
27.008681690309	-236.07709374042	0
281.10229294533	-186.64929637061	0
302.76086631616	-206.10343245937	0
428.08958521624	-135.84899583952	0
410.29979517773	-94.581747732697	0
257.89163364004	-156.66069192167	0
339.07338872886	-280.5885546932	0
383.51328877307	-293.88430024108	0
396.38651070002	-249.3876259438	0
371.76318035	-127.6482189813	0
381.56713466681	-101.4102922698	0
313.85574182404	-232.00483399011	0
340.85173514793	-210.19047886517	0
144.44367060016	-262.68362057015	0
111.98182583761	-246.06100527483	0
358.66627258824	-182.70747576812	0
367.1536534864	-157.11674275686	0
392.18521240004	-151.65735042625	0
369.76114809612	-208.60887729886	0
548.05269910031	-40.068843435707	0
594.90538161007	-92.137763080487	0
423.48005835263	-165.31751961508	0
-382.5821377006	-79.158849304566	0
-352.64244455463	-18.230333874205	0
-419.19691884683	-29.628515430361	0
-453.25722570086	31.3	0
-483.19691884683	-29.628515430361	0
73.624200753333	-249.87021034447	0
160.42742471401	-305.3223477181	0
203.4119669778	-269.08362440837	0
-404.1313741313	-141.21533340985	0
-337.5768998391	-129.8171518537	0
-34.617937796657	-411.66244669655	0
5.9311438896576	-451.40402928524	0
27.184603558289	-393.25392238272	0
414.20104814033	-221.90462284675	0
520.68997413175	-223.47944882633	0
450.10542095653	-206.09626826003	0
-95.187532809493	-256.10479493664	0
-47.772913268125	-251.48114305021	0
195.4258809196	-356.83291037208	0
136.45758454196	-350.43290653385	0
-286.48517429759	-500.02662883362	0
-365.9177079442	-558.46244516413	0
-291.55441960587	-573.60387805256	0
54.843609273346	-285.12922727582	0
247.58029704196	-269.82006957032	0
300.98251989709	-276.50150828739	0
-210.19468060963	-379.67955752936	0
-200.07411556707	-320.09044897687	0
-267.25121839662	-338.43713121546	0
-325.25722570086	31.3	0
-288.64244455463	-18.230333874205	0
-26.669200755511	-278.6755816455	0
236.88688800795	-351.27603341064	0
212.9170478359	-396.3865922264	0
470.28471002691	-461.85063910628	0
405.44771887049	-462.22197251684	0
453.70971954948	-519.45973804697	0
308.0441709986	-493.00157097014	0
277.84281103854	-457.98665584877	0
265.60102094922	-508.21661340464	0
653.25722570086	0	0
658.90538161007	-92.137763080487	0
525.25722570086	0	0
-99.444487622683	-415.57271444492	0
-78.191027954052	-357.4226075424	0
84.596406790487	-365.95892442564	0
44.047325104172	-326.21734183695	0
-2.568193958852	-312.4242252329	0
-37.465484924685	-319.76369620663	0
374.11143807492	-364.84905128331	0
431.42456004608	-333.64812253392	0
569.61011915912	-271.24370254743	0
625.1312427414	-389.27969644489	0
656.07466110157	-302.31152005844	0
-135.91307583886	-293.76370627241	0
-102.29203475071	-323.673963955	0
-192.96961362585	-252.52127995851	0
-239.43287250401	-212.07646077022	0
-53.45660961508	-644.87776907991	0
-140.5968733446	-629.23742191925	0
-107.52907443904	-688.01897970375	0
-266.63646932753	-54.211434142909	0
-149.32314723995	-550.63213650873	0
-71.197902992968	-527.95438244724	0
-133.99664171227	-492.49030766056	0
119.59486299608	-417.46948707962	0
272.79794394677	-318.4037902734	0
290.28911086308	-357.95747212772	0
113.63573048645	-747.40322633179	0
53.441325131697	-697.057889764	0
39.805594645244	-754.00466343221	0
-3.2323419195581	-519.49903647452	0
58.570199435388	-501.0905121607	0
185.78079371433	-530.48688752282	0
156.23927115581	-550.74177604687	0
191.07972613541	-576.33747376599	0
228.01045484155	-514.64214176261	0
258.21181480161	-549.65705688398	0
-177.56973186967	-438.25046850642	0
109.33701198966	-468.94334738755	0
161.19818974114	-453.41732949576	0
193.16999986194	-489.04644404348	0
203.42785086836	-437.57258373555	0
528.60670575243	-438.65014178515	0
615.07124769488	-469.71795929616	0
287.33200800609	-416.80066433962	0
323.24306394491	-383.92842120237	0
342.33755465117	-531.53129999177	0
354.57934474048	-481.3013424359	0
480.34470507344	-381.41237625501	0
-268.88137753118	-106.53278331293	0
-567.9939753255	-47.517049169856	0
-533.93366847147	-108.44556460022	0
-346.95015848233	-373.3788997923	0
-336.82959343977	-313.78979123982	0
100.17352618045	-537.03835457684	0
105.47245860153	-582.88894082001	0
88.339087299539	-629.82098600678	0
144.4048322749	-643.52440747681	0
388.93492463545	-604.55773232051	0
407.98660379161	-561.95196191959	0
369.82104923689	-562.43684185845	0
-16.77298196106	-753.02653843221	0
43.421423393696	-803.371875	0
244.88885795671	-432.01570677412	0
371.15433521792	-423.69224349521	0
156.5785766063	-805.328125	0
170.21430709276	-748.38135133179	0
269.73572981891	-807.284375	0
293.02569615931	-735.46164769627	0
236.447119553	-734.48352269627	0
240.17916729367	-609.37169031725	0
277.76973340134	-602.94616195928	0
305.25322798706	-633.85170382596	0
323.28587549501	-574.13707039269	0
489.74655577159	-310.44762521278	0
600.14621168306	-728.68380428019	0
571.17997159943	-663.10512222997	0
523.6623727668	-746.59631794977	0
193.50427343315	-676.55862402806	0
210.63764473515	-629.62657884129	0
-73.351558567364	-752.04841343221	0
-160.49182229689	-736.40806627154	0
321.3379502944	-678.95264746869	0
366.85409238806	-650.1435559021	0
354.6265605603	-751.75349977242	0
405.01964694278	-649.65867596324	0
467.0837961605	-745.61819294977	0
496.05003624413	-811.196875	0
438.81747368928	-688.13106772219	0
460.89830593666	-642.5452441406	0
411.20513716661	-752.73162477242	0
472.82359494803	-561.58062850903	0
720.70680018436	-193.77349511719	0
779.05864427515	-101.6357320367	0
506.62142169453	-600.05302026798	0
14.50895145833	-636.4224231072	0
-18.558847447238	-577.6408653227	0
382.89288303152	-809.240625	0
665.78576606304	-814.13125	0
713.30336489567	-730.64005428019	0
-69.735729818912	-801.415625	0
770.66681816122	-521.33869147931	0
917.49753866973	-516.16493450135	0
583.10526061079	-582.1405065984	0
-203.39561206391	-593.77334713257	0
-282.82814571052	-652.20916346308	0
-239.47145963782	-798.48125	0
-273.6489755095	-734.45181627154	0
-290.43061396188	-168.58926741822	0
-361.80778305145	-714.28234719154	0
-387.82733489764	-270.30259788783	0
-427.74059326958	-205.45825828596	0
-456.44179189742	-283.8872202148	0
-308.12839481193	-235.36082931098	0
679.62979759977	-532.77006125815	0
-805.25722570086	-71.2	0
-711.9939753255	-150.01704916986	0
-711.9939753255	-47.517049169856	0
-244.74683469922	-456.597150745	0
-465.78576606304	-794.56875	0
-319.11012303756	-441.45571785656	0
-472.74583113108	-154.79995573683	0
-444.68596764299	-507.40167362899	0
-388.6884980807	-416.80837788092	0
-472.52600308777	-439.32485556473	0
-527.93415216152	-342.96436075654	0
-567.84741053346	-278.12002115467	0
-692.10007248825	-688.15625	0
-805.25722570086	-686.2	0
-692.10007248825	-790.65625	0
-722.29849824921	-357.94858084821	0
-722.29849824921	-255.44858084821	0
-805.25722570086	-276.2	0
-583.93162172381	-433.55765650461	0
-629.03524787385	-231.76563001806	0
738.70083107714	-633.76123878155	0
-557.54288760975	-172.68848947632	0
804.34038545712	-719.20868450135	0
-722.29849824921	-460.44858084821	0
-805.25722570086	-481.2	0
892.10007248825	-818.04375	0
917.49753866973	-721.16493450135	0
-666.89034917546	-556.8090756564	0
1005.2572257009	-615	0
1005.2572257009	-307.5	0
923.05864427515	-204.1357320367	0
923.05864427515	-101.6357320367	0
861.25722570086	0	0
-661.25722570086	31.3	0
1005.2572257009	-102.5	0
CELLS 13632 54528
3	254	1852	1854	
3	87	1853	1852	
3	86	1854	1853	
3	1852	1853	1854	
3	94	1855	1857	
3	283	1856	1855	
3	95	1857	1856	
3	1855	1856	1857	
3	86	1858	1860	
3	85	1859	1858	
3	285	1860	1859	
3	1858	1859	1860	
3	1397	1861	1863	
3	1429	1862	1861	
3	1521	1863	1862	
3	1861	1862	1863	
3	768	1864	1866	
3	294	1865	1864	
3	459	1866	1865	
3	1864	1865	1866	
3	496	1867	1869	
3	399	1868	1867	
3	82	1869	1868	
3	1867	1868	1869	
3	363	1870	1872	
3	525	1871	1870	
3	298	1872	1871	
3	1870	1871	1872	
3	86	1860	1854	
3	285	1873	1860	
3	254	1854	1873	
3	1860	1873	1854	
3	84	1874	1876	
3	423	1875	1874	
3	85	1876	1875	
3	1874	1875	1876	
3	41	1877	1878	
3	363	1872	1877	
3	298	1878	1872	
3	1877	1872	1878	
3	894	1879	1881	
3	864	1880	1879	
3	885	1881	1880	
3	1879	1880	1881	
3	399	1882	1868	
3	83	1883	1882	
3	82	1868	1883	
3	1882	1883	1868	
3	436	1884	1886	
3	475	1885	1884	
3	515	1886	1885	
3	1884	1885	1886	
3	397	1887	1889	
3	91	1888	1887	
3	493	1889	1888	
3	1887	1888	1889	
3	322	1890	1892	
3	437	1891	1890	
3	438	1892	1891	
3	1890	1891	1892	
3	95	1856	1894	
3	283	1893	1856	
3	253	1894	1893	
3	1856	1893	1894	
3	93	1895	1897	
3	422	1896	1895	
3	94	1897	1896	
3	1895	1896	1897	
3	373	1898	1900	
3	207	1899	1898	
3	206	1900	1899	
3	1898	1899	1900	
3	309	1901	1903	
3	264	1902	1901	
3	62	1903	1902	
3	1901	1902	1903	
3	352	1904	1906	
3	88	1905	1904	
3	451	1906	1905	
3	1904	1905	1906	
3	362	1907	1909	
3	571	1908	1907	
3	561	1909	1908	
3	1907	1908	1909	
3	89	1910	1911	
3	88	1904	1910	
3	352	1911	1904	
3	1910	1904	1911	
3	89	1911	1913	
3	352	1912	1911	
3	287	1913	1912	
3	1911	1912	1913	
3	513	1914	1916	
3	659	1915	1914	
3	309	1916	1915	
3	1914	1915	1916	
3	17	1917	1919	
3	261	1918	1917	
3	18	1919	1918	
3	1917	1918	1919	
3	287	1920	1913	
3	90	1921	1920	
3	89	1913	1921	
3	1920	1921	1913	
3	131	1922	1924	
3	336	1923	1922	
3	276	1924	1923	
3	1922	1923	1924	
3	492	1925	1927	
3	396	1926	1925	
3	409	1927	1926	
3	1925	1926	1927	
3	215	1928	1930	
3	214	1929	1928	
3	322	1930	1929	
3	1928	1929	1930	
3	585	1931	1933	
3	70	1932	1931	
3	69	1933	1932	
3	1931	1932	1933	
3	621	1934	1936	
3	232	1935	1934	
3	231	1936	1935	
3	1934	1935	1936	
3	293	1937	1939	
3	425	1938	1937	
3	72	1939	1938	
3	1937	1938	1939	
3	293	1939	1941	
3	72	1940	1939	
3	71	1941	1940	
3	1939	1940	1941	
3	312	1942	1944	
3	614	1943	1942	
3	48	1944	1943	
3	1942	1943	1944	
3	283	1855	1945	
3	94	1896	1855	
3	422	1945	1896	
3	1855	1896	1945	
3	67	1946	1948	
3	66	1947	1946	
3	457	1948	1947	
3	1946	1947	1948	
3	706	1949	1951	
3	417	1950	1949	
3	569	1951	1950	
3	1949	1950	1951	
3	68	1952	1954	
3	291	1953	1952	
3	69	1954	1953	
3	1952	1953	1954	
3	68	1955	1957	
3	67	1956	1955	
3	356	1957	1956	
3	1955	1956	1957	
3	609	1958	1960	
3	120	1959	1958	
3	290	1960	1959	
3	1958	1959	1960	
3	490	1961	1963	
3	606	1962	1961	
3	342	1963	1962	
3	1961	1962	1963	
3	295	1964	1966	
3	426	1965	1964	
3	460	1966	1965	
3	1964	1965	1966	
3	424	1967	1969	
3	255	1968	1967	
3	610	1969	1968	
3	1967	1968	1969	
3	285	1859	1970	
3	85	1875	1859	
3	423	1970	1875	
3	1859	1875	1970	
3	74	1971	1973	
3	358	1972	1971	
3	292	1973	1972	
3	1971	1972	1973	
3	80	1974	1976	
3	286	1975	1974	
3	81	1976	1975	
3	1974	1975	1976	
3	80	1977	1979	
3	79	1978	1977	
3	351	1979	1978	
3	1977	1978	1979	
3	425	1980	1982	
3	542	1981	1980	
3	358	1982	1981	
3	1980	1981	1982	
3	284	1983	1985	
3	763	1984	1983	
3	803	1985	1984	
3	1983	1984	1985	
3	292	1986	1973	
3	75	1987	1986	
3	74	1973	1987	
3	1986	1987	1973	
3	422	1988	1945	
3	445	1989	1988	
3	283	1945	1989	
3	1988	1989	1945	
3	75	1990	1992	
3	632	1991	1990	
3	76	1992	1991	
3	1990	1991	1992	
3	632	1993	1991	
3	357	1994	1993	
3	76	1991	1994	
3	1993	1994	1991	
3	424	1995	1967	
3	289	1996	1995	
3	255	1967	1996	
3	1995	1996	1967	
3	408	1997	1999	
3	278	1998	1997	
3	339	1999	1998	
3	1997	1998	1999	
3	80	1979	1974	
3	351	2000	1979	
3	286	1974	2000	
3	1979	2000	1974	
3	74	2001	1971	
3	73	2002	2001	
3	358	1971	2002	
3	2001	2002	1971	
3	110	2003	2005	
3	360	2004	2003	
3	111	2005	2004	
3	2003	2004	2005	
3	517	2006	2008	
3	545	2007	2006	
3	439	2008	2007	
3	2006	2007	2008	
3	64	2009	2011	
3	308	2010	2009	
3	65	2011	2010	
3	2009	2010	2011	
3	549	2012	2014	
3	550	2013	2012	
3	457	2014	2013	
3	2012	2013	2014	
3	458	2015	2017	
3	359	2016	2015	
3	115	2017	2016	
3	2015	2016	2017	
3	116	2018	2019	
3	115	2016	2018	
3	359	2019	2016	
3	2018	2016	2019	
3	453	2020	2022	
3	336	2021	2020	
3	498	2022	2021	
3	2020	2021	2022	
3	468	2023	2025	
3	365	2024	2023	
3	32	2025	2024	
3	2023	2024	2025	
3	359	2026	2019	
3	294	2027	2026	
3	116	2019	2027	
3	2026	2027	2019	
3	101	2028	2030	
3	398	2029	2028	
3	102	2030	2029	
3	2028	2029	2030	
3	257	2031	2033	
3	114	2032	2031	
3	113	2033	2032	
3	2031	2032	2033	
3	120	1958	2035	
3	609	2034	1958	
3	121	2035	2034	
3	1958	2034	2035	
3	34	2036	2038	
3	427	2037	2036	
3	300	2038	2037	
3	2036	2037	2038	
3	355	2039	2041	
3	290	2040	2039	
3	119	2041	2040	
3	2039	2040	2041	
3	355	2042	2039	
3	456	2043	2042	
3	290	2039	2043	
3	2042	2043	2039	
3	564	2044	2046	
3	573	2045	2044	
3	391	2046	2045	
3	2044	2045	2046	
3	116	2027	2048	
3	294	2047	2027	
3	117	2048	2047	
3	2027	2047	2048	
3	486	2049	2051	
3	388	2050	2049	
3	157	2051	2050	
3	2049	2050	2051	
3	255	1996	2053	
3	289	2052	1996	
3	122	2053	2052	
3	1996	2052	2053	
3	119	2040	2054	
3	290	1959	2040	
3	120	2054	1959	
3	2040	1959	2054	
3	491	2055	2057	
3	159	2056	2055	
3	346	2057	2056	
3	2055	2056	2057	
3	452	2058	2059	
3	287	1912	2058	
3	352	2059	1912	
3	2058	1912	2059	
3	289	2060	2052	
3	123	2061	2060	
3	122	2052	2061	
3	2060	2061	2052	
3	118	2062	2064	
3	455	2063	2062	
3	355	2064	2063	
3	2062	2063	2064	
3	125	2065	2067	
3	124	2066	2065	
3	354	2067	2066	
3	2065	2066	2067	
3	288	2068	2070	
3	126	2069	2068	
3	125	2070	2069	
3	2068	2069	2070	
3	83	1882	2072	
3	399	2071	1882	
3	350	2072	2071	
3	1882	2071	2072	
3	124	2073	2066	
3	454	2074	2073	
3	354	2066	2074	
3	2073	2074	2066	
3	92	2075	2077	
3	397	2076	2075	
3	347	2077	2076	
3	2075	2076	2077	
3	257	2033	2079	
3	113	2078	2033	
3	295	2079	2078	
3	2033	2078	2079	
3	313	2080	2082	
3	582	2081	2080	
3	201	2082	2081	
3	2080	2081	2082	
3	407	2083	2085	
3	413	2084	2083	
3	153	2085	2084	
3	2083	2084	2085	
3	348	2086	2088	
3	100	2087	2086	
3	627	2088	2087	
3	2086	2087	2088	
3	146	2089	2091	
3	145	2090	2089	
3	406	2091	2090	
3	2089	2090	2091	
3	101	2092	2093	
3	100	2086	2092	
3	348	2093	2086	
3	2092	2086	2093	
3	99	2094	2095	
3	627	2087	2094	
3	100	2095	2087	
3	2094	2087	2095	
3	394	2096	2098	
3	345	2097	2096	
3	444	2098	2097	
3	2096	2097	2098	
3	280	2099	2101	
3	247	2100	2099	
3	605	2101	2100	
3	2099	2100	2101	
3	253	2102	1894	
3	96	2103	2102	
3	95	1894	2103	
3	2102	2103	1894	
3	407	2104	2106	
3	152	2105	2104	
3	385	2106	2105	
3	2104	2105	2106	
3	349	2107	2109	
3	98	2108	2107	
3	97	2109	2108	
3	2107	2108	2109	
3	284	2110	2111	
3	98	2107	2110	
3	349	2111	2107	
3	2110	2107	2111	
3	682	2112	2114	
3	502	2113	2112	
3	335	2114	2113	
3	2112	2113	2114	
3	387	2115	2117	
3	135	2116	2115	
3	134	2117	2116	
3	2115	2116	2117	
3	99	2118	2119	
3	98	2110	2118	
3	284	2119	2110	
3	2118	2110	2119	
3	375	2120	2122	
3	318	2121	2120	
3	182	2122	2121	
3	2120	2121	2122	
3	107	2123	2125	
3	106	2124	2123	
3	361	2125	2124	
3	2123	2124	2125	
3	371	2126	2128	
3	312	2127	2126	
3	47	2128	2127	
3	2126	2127	2128	
3	107	2129	2131	
3	296	2130	2129	
3	108	2131	2130	
3	2129	2130	2131	
3	109	2132	2134	
3	499	2133	2132	
3	402	2134	2133	
3	2132	2133	2134	
3	316	2135	2137	
3	434	2136	2135	
3	433	2137	2136	
3	2135	2136	2137	
3	207	2138	2140	
3	435	2139	2138	
3	208	2140	2139	
3	2138	2139	2140	
3	495	2141	2142	
3	102	2029	2141	
3	398	2142	2029	
3	2141	2029	2142	
3	518	2143	2145	
3	622	2144	2143	
3	327	2145	2144	
3	2143	2144	2145	
3	361	2124	2147	
3	106	2146	2124	
3	461	2147	2146	
3	2124	2146	2147	
3	109	2134	2149	
3	402	2148	2134	
3	110	2149	2148	
3	2134	2148	2149	
3	623	2150	2152	
3	333	2151	2150	
3	148	2152	2151	
3	2150	2151	2152	
3	135	2153	2155	
3	389	2154	2153	
3	136	2155	2154	
3	2153	2154	2155	
3	296	2129	2156	
3	107	2125	2129	
3	361	2156	2125	
3	2129	2125	2156	
3	104	2157	2159	
3	258	2158	2157	
3	105	2159	2158	
3	2157	2158	2159	
3	381	2160	2162	
3	404	2161	2160	
3	330	2162	2161	
3	2160	2161	2162	
3	230	2163	2165	
3	229	2164	2163	
3	379	2165	2164	
3	2163	2164	2165	
3	119	2166	2041	
3	118	2064	2166	
3	355	2041	2064	
3	2166	2064	2041	
3	1130	2167	2169	
3	1131	2168	2167	
3	1129	2169	2168	
3	2167	2168	2169	
3	218	2170	2172	
3	377	2171	2170	
3	219	2172	2171	
3	2170	2171	2172	
3	200	2173	2175	
3	199	2174	2173	
3	372	2175	2174	
3	2173	2174	2175	
3	25	2176	2178	
3	418	2177	2176	
3	26	2178	2177	
3	2176	2177	2178	
3	27	2179	2181	
3	26	2180	2179	
3	509	2181	2180	
3	2179	2180	2181	
3	312	1944	2127	
3	48	2182	1944	
3	47	2127	2182	
3	1944	2182	2127	
3	79	2183	2185	
3	78	2184	2183	
3	450	2185	2184	
3	2183	2184	2185	
3	419	2186	2188	
3	421	2187	2186	
3	21	2188	2187	
3	2186	2187	2188	
3	320	2189	2191	
3	209	2190	2189	
3	208	2191	2190	
3	2189	2190	2191	
3	421	2192	2194	
3	303	2193	2192	
3	575	2194	2193	
3	2192	2193	2194	
3	541	2195	2197	
3	23	2196	2195	
3	22	2197	2196	
3	2195	2196	2197	
3	404	2198	2200	
3	501	2199	2198	
3	538	2200	2199	
3	2198	2199	2200	
3	271	2201	2203	
3	221	2202	2201	
3	324	2203	2202	
3	2201	2202	2203	
3	419	2188	2205	
3	21	2204	2188	
3	20	2205	2204	
3	2188	2204	2205	
3	92	2206	2075	
3	91	1887	2206	
3	397	2075	1887	
3	2206	1887	2075	
3	300	2207	2209	
3	259	2208	2207	
3	35	2209	2208	
3	2207	2208	2209	
3	258	2157	2211	
3	104	2210	2157	
3	297	2211	2210	
3	2157	2210	2211	
3	403	2212	2214	
3	44	2213	2212	
3	362	2214	2213	
3	2212	2213	2214	
3	31	2215	2216	
3	468	2025	2215	
3	32	2216	2025	
3	2215	2025	2216	
3	197	2217	2219	
3	196	2218	2217	
3	263	2219	2218	
3	2217	2218	2219	
3	951	2220	2222	
3	470	2221	2220	
3	945	2222	2221	
3	2220	2221	2222	
3	570	2223	2225	
3	554	2224	2223	
3	28	2225	2224	
3	2223	2224	2225	
3	875	2226	2228	
3	764	2227	2226	
3	662	2228	2227	
3	2226	2227	2228	
3	427	2229	2037	
3	467	2230	2229	
3	300	2037	2230	
3	2229	2230	2037	
3	554	2231	2233	
3	526	2232	2231	
3	30	2233	2232	
3	2231	2232	2233	
3	77	2234	2236	
3	401	2235	2234	
3	78	2236	2235	
3	2234	2235	2236	
3	413	2237	2239	
3	412	2238	2237	
3	414	2239	2238	
3	2237	2238	2239	
3	30	2240	2242	
3	634	2241	2240	
3	31	2242	2241	
3	2240	2241	2242	
3	714	2243	2245	
3	24	2244	2243	
3	541	2245	2244	
3	2243	2244	2245	
3	319	2246	2248	
3	668	2247	2246	
3	438	2248	2247	
3	2246	2247	2248	
3	512	2249	2250	
3	425	1937	2249	
3	293	2250	1937	
3	2249	1937	2250	
3	8	2251	2253	
3	705	2252	2251	
3	569	2253	2252	
3	2251	2252	2253	
3	507	2254	2256	
3	847	2255	2254	
3	414	2256	2255	
3	2254	2255	2256	
3	9	2257	2259	
3	613	2258	2257	
3	10	2259	2258	
3	2257	2258	2259	
3	579	2260	2262	
3	469	2261	2260	
3	707	2262	2261	
3	2260	2261	2262	
3	413	2239	2264	
3	414	2263	2239	
3	337	2264	2263	
3	2239	2263	2264	
3	556	2265	2267	
3	471	2266	2265	
3	370	2267	2266	
3	2265	2266	2267	
3	10	2258	2269	
3	613	2268	2258	
3	710	2269	2268	
3	2258	2268	2269	
3	359	2015	2271	
3	458	2270	2015	
3	459	2271	2270	
3	2015	2270	2271	
3	527	2272	2274	
3	705	2273	2272	
3	666	2274	2273	
3	2272	2273	2274	
3	415	2275	2277	
3	707	2276	2275	
3	260	2277	2276	
3	2275	2276	2277	
3	55	2278	2280	
3	471	2279	2278	
3	367	2280	2279	
3	2278	2279	2280	
3	295	2281	1964	
3	112	2282	2281	
3	426	1964	2282	
3	2281	2282	1964	
3	33	2283	2284	
3	427	2036	2283	
3	34	2284	2036	
3	2283	2036	2284	
3	383	2285	2287	
3	140	2286	2285	
3	139	2287	2286	
3	2285	2286	2287	
3	14	2288	2290	
3	415	2289	2288	
3	15	2290	2289	
3	2288	2289	2290	
3	310	2291	2293	
3	430	2292	2291	
3	429	2293	2292	
3	2291	2292	2293	
3	18	1918	2295	
3	261	2294	1918	
3	302	2295	2294	
3	1918	2294	2295	
3	17	2296	1917	
3	420	2297	2296	
3	261	1917	2297	
3	2296	2297	1917	
3	487	2298	2300	
3	794	2299	2298	
3	444	2300	2299	
3	2298	2299	2300	
3	408	2301	1997	
3	669	2302	2301	
3	278	1997	2302	
3	2301	2302	1997	
3	10	2303	2305	
3	592	2304	2303	
3	11	2305	2304	
3	2303	2304	2305	
3	441	2306	2308	
3	329	2307	2306	
3	273	2308	2307	
3	2306	2307	2308	
3	592	2309	2304	
3	12	2310	2309	
3	11	2304	2310	
3	2309	2310	2304	
3	415	2288	2312	
3	14	2311	2288	
3	579	2312	2311	
3	2288	2311	2312	
3	389	2313	2314	
3	408	1999	2313	
3	339	2314	1999	
3	2313	1999	2314	
3	234	2315	2317	
3	442	2316	2315	
3	235	2317	2316	
3	2315	2316	2317	
3	469	2318	2320	
3	13	2319	2318	
3	12	2320	2319	
3	2318	2319	2320	
3	419	2205	2322	
3	20	2321	2205	
3	19	2322	2321	
3	2205	2321	2322	
3	392	2323	2325	
3	245	2324	2323	
3	244	2325	2324	
3	2323	2324	2325	
3	557	2326	2327	
3	471	2265	2326	
3	556	2327	2265	
3	2326	2265	2327	
3	1340	2328	2330	
3	1113	2329	2328	
3	1300	2330	2329	
3	2328	2329	2330	
3	262	2331	2333	
3	59	2332	2331	
3	58	2333	2332	
3	2331	2332	2333	
3	644	2334	2335	
3	659	1914	2334	
3	513	2335	1914	
3	2334	1914	2335	
3	297	2210	2337	
3	104	2336	2210	
3	103	2337	2336	
3	2210	2336	2337	
3	305	2338	2340	
3	57	2339	2338	
3	56	2340	2339	
3	2338	2339	2340	
3	227	2341	2343	
3	272	2342	2341	
3	326	2343	2342	
3	2341	2342	2343	
3	311	2344	2346	
3	51	2345	2344	
3	50	2346	2345	
3	2344	2345	2346	
3	318	2347	2121	
3	183	2348	2347	
3	182	2121	2348	
3	2347	2348	2121	
3	310	2349	2351	
3	53	2350	2349	
3	52	2351	2350	
3	2349	2350	2351	
3	51	2344	2353	
3	311	2352	2344	
3	430	2353	2352	
3	2344	2352	2353	
3	248	2354	2355	
3	247	2099	2354	
3	280	2355	2099	
3	2354	2099	2355	
3	323	2356	2357	
3	377	2170	2356	
3	218	2357	2170	
3	2356	2170	2357	
3	55	2358	2278	
3	54	2359	2358	
3	471	2278	2359	
3	2358	2359	2278	
3	596	2360	2362	
3	196	2361	2360	
3	195	2362	2361	
3	2360	2361	2362	
3	256	2363	2364	
3	70	1931	2363	
3	585	2364	1931	
3	2363	1931	2364	
3	293	1941	2366	
3	71	2365	1941	
3	256	2366	2365	
3	1941	2365	2366	
3	63	2367	2369	
3	264	2368	2367	
3	598	2369	2368	
3	2367	2368	2369	
3	308	2370	2010	
3	369	2371	2370	
3	65	2010	2371	
3	2370	2371	2010	
3	1069	2372	2374	
3	1218	2373	2372	
3	1155	2374	2373	
3	2372	2373	2374	
3	194	2375	2377	
3	306	2376	2375	
3	195	2377	2376	
3	2375	2376	2377	
3	59	2331	2379	
3	262	2378	2331	
3	304	2379	2378	
3	2331	2378	2379	
3	1107	2380	2382	
3	1220	2381	2380	
3	1176	2382	2381	
3	2380	2381	2382	
3	60	2383	2384	
3	59	2379	2383	
3	304	2384	2379	
3	2383	2379	2384	
3	56	2385	2386	
3	55	2280	2385	
3	367	2386	2280	
3	2385	2280	2386	
3	1509	2387	2389	
3	1279	2388	2387	
3	1134	2389	2388	
3	2387	2388	2389	
3	1631	2390	2392	
3	1560	2391	2390	
3	1356	2392	2391	
3	2390	2391	2392	
3	60	2393	2395	
3	428	2394	2393	
3	61	2395	2394	
3	2393	2394	2395	
3	265	2396	2397	
3	311	2346	2396	
3	50	2397	2346	
3	2396	2346	2397	
3	132	2398	2399	
3	131	1924	2398	
3	276	2399	1924	
3	2398	1924	2399	
3	71	2400	2365	
3	70	2363	2400	
3	256	2365	2363	
3	2400	2363	2365	
3	463	2401	2403	
3	363	2402	2401	
3	40	2403	2402	
3	2401	2402	2403	
3	63	2404	2367	
3	62	1902	2404	
3	264	2367	1902	
3	2404	1902	2367	
3	41	1878	2406	
3	298	2405	1878	
3	42	2406	2405	
3	1878	2405	2406	
3	363	1877	2402	
3	41	2407	1877	
3	40	2402	2407	
3	1877	2407	2402	
3	36	2408	2409	
3	35	2208	2408	
3	259	2409	2208	
3	2408	2208	2409	
3	225	2410	2412	
3	224	2411	2410	
3	378	2412	2411	
3	2410	2411	2412	
3	38	2413	2415	
3	364	2414	2413	
3	299	2415	2414	
3	2413	2414	2415	
3	24	2416	2244	
3	23	2195	2416	
3	541	2244	2195	
3	2416	2195	2244	
3	364	2417	2419	
3	37	2418	2417	
3	465	2419	2418	
3	2417	2418	2419	
3	364	2413	2417	
3	38	2420	2413	
3	37	2417	2420	
3	2413	2420	2417	
3	203	2421	2423	
3	266	2422	2421	
3	315	2423	2422	
3	2421	2422	2423	
3	613	2424	2426	
3	417	2425	2424	
3	366	2426	2425	
3	2424	2425	2426	
3	39	2427	2428	
3	38	2415	2427	
3	299	2428	2415	
3	2427	2415	2428	
3	605	2100	2430	
3	247	2429	2100	
3	246	2430	2429	
3	2100	2429	2430	
3	58	2431	2333	
3	594	2432	2431	
3	262	2333	2432	
3	2431	2432	2333	
3	338	2433	2435	
3	645	2434	2433	
3	566	2435	2434	
3	2433	2434	2435	
3	50	2436	2397	
3	49	2437	2436	
3	265	2397	2437	
3	2436	2437	2397	
3	310	2438	2349	
3	370	2439	2438	
3	53	2349	2439	
3	2438	2439	2349	
3	344	2440	2442	
3	503	2441	2440	
3	170	2442	2441	
3	2440	2441	2442	
3	190	2443	2445	
3	321	2444	2443	
3	191	2445	2444	
3	2443	2444	2445	
3	42	2446	2448	
3	611	2447	2446	
3	43	2448	2447	
3	2446	2447	2448	
3	142	2449	2451	
3	600	2450	2449	
3	275	2451	2450	
3	2449	2450	2451	
3	43	2452	2453	
3	362	2213	2452	
3	44	2453	2213	
3	2452	2213	2453	
3	473	2454	2456	
3	46	2455	2454	
3	45	2456	2455	
3	2454	2455	2456	
3	336	1922	2458	
3	131	2457	1922	
3	130	2458	2457	
3	1922	2457	2458	
3	233	2459	2460	
3	273	2307	2459	
3	329	2460	2307	
3	2459	2307	2460	
3	371	2128	2462	
3	47	2461	2128	
3	46	2462	2461	
3	2128	2461	2462	
3	49	2463	2464	
3	48	1943	2463	
3	614	2464	1943	
3	2463	1943	2464	
3	258	2465	2467	
3	534	2466	2465	
3	446	2467	2466	
3	2465	2466	2467	
3	543	2468	2470	
3	268	2469	2468	
3	320	2470	2469	
3	2468	2469	2470	
3	298	2471	2405	
3	611	2446	2471	
3	42	2405	2446	
3	2471	2446	2405	
3	64	2472	2473	
3	63	2369	2472	
3	598	2473	2369	
3	2472	2369	2473	
3	514	2474	2476	
3	543	2475	2474	
3	435	2476	2475	
3	2474	2475	2476	
3	512	2477	2249	
3	542	1980	2477	
3	425	2249	1980	
3	2477	1980	2249	
3	67	1948	1956	
3	457	2478	1948	
3	356	1956	2478	
3	1948	2478	1956	
3	372	2174	2480	
3	199	2479	2174	
3	474	2480	2479	
3	2174	2479	2480	
3	197	2481	2483	
3	307	2482	2481	
3	198	2483	2482	
3	2481	2482	2483	
3	122	2484	2053	
3	121	2485	2484	
3	255	2053	2485	
3	2484	2485	2053	
3	447	2486	2487	
3	349	2109	2486	
3	97	2487	2109	
3	2486	2109	2487	
3	112	2488	2282	
3	111	2489	2488	
3	426	2282	2489	
3	2488	2489	2282	
3	193	2490	2492	
3	368	2491	2490	
3	194	2492	2491	
3	2490	2491	2492	
3	112	2281	2493	
3	295	2078	2281	
3	113	2493	2078	
3	2281	2078	2493	
3	300	2209	2038	
3	35	2494	2209	
3	34	2038	2494	
3	2209	2494	2038	
3	368	2495	2491	
3	306	2375	2495	
3	194	2491	2375	
3	2495	2375	2491	
3	57	2496	2497	
3	594	2431	2496	
3	58	2497	2431	
3	2496	2431	2497	
3	201	2498	2082	
3	200	2499	2498	
3	313	2082	2499	
3	2498	2499	2082	
3	368	2490	2501	
3	193	2500	2490	
3	472	2501	2500	
3	2490	2500	2501	
3	222	2502	2503	
3	221	2201	2502	
3	271	2503	2201	
3	2502	2201	2503	
3	582	2504	2081	
3	202	2505	2504	
3	201	2081	2505	
3	2504	2505	2081	
3	143	2506	2508	
3	275	2507	2506	
3	334	2508	2507	
3	2506	2507	2508	
3	204	2509	2511	
3	315	2510	2509	
3	432	2511	2510	
3	2509	2510	2511	
3	203	2423	2512	
3	315	2509	2423	
3	204	2512	2509	
3	2423	2509	2512	
3	564	2513	2515	
3	163	2514	2513	
3	162	2515	2514	
3	2513	2514	2515	
3	92	2077	2517	
3	347	2516	2077	
3	93	2517	2516	
3	2077	2516	2517	
3	205	2518	2520	
3	314	2519	2518	
3	206	2520	2519	
3	2518	2519	2520	
3	354	2521	2067	
3	288	2070	2521	
3	125	2067	2070	
3	2521	2070	2067	
3	373	1900	2522	
3	206	2519	1900	
3	314	2522	2519	
3	1900	2519	2522	
3	270	2523	2524	
3	322	1892	2523	
3	438	2524	1892	
3	2523	1892	2524	
3	423	2525	1970	
3	449	2526	2525	
3	285	1970	2526	
3	2525	2526	1970	
3	203	2527	2421	
3	202	2528	2527	
3	266	2421	2528	
3	2527	2528	2421	
3	318	2529	2347	
3	616	2530	2529	
3	183	2347	2530	
3	2529	2530	2347	
3	372	2531	2175	
3	313	2499	2531	
3	200	2175	2499	
3	2531	2499	2175	
3	356	2532	1957	
3	291	1952	2532	
3	68	1957	1952	
3	2532	1952	1957	
3	547	2533	2535	
3	450	2534	2533	
3	521	2535	2534	
3	2533	2534	2535	
3	184	2536	2538	
3	267	2537	2536	
3	185	2538	2537	
3	2536	2537	2538	
3	83	2072	2540	
3	350	2539	2072	
3	84	2540	2539	
3	2072	2539	2540	
3	185	2541	2543	
3	317	2542	2541	
3	186	2543	2542	
3	2541	2542	2543	
3	317	2541	2544	
3	185	2537	2541	
3	267	2544	2537	
3	2541	2537	2544	
3	523	2545	2546	
3	354	2074	2545	
3	454	2546	2074	
3	2545	2074	2546	
3	32	2024	2548	
3	365	2547	2024	
3	33	2548	2547	
3	2024	2547	2548	
3	180	2549	2551	
3	476	2550	2549	
3	181	2551	2550	
3	2549	2550	2551	
3	398	2028	2552	
3	101	2093	2028	
3	348	2552	2093	
3	2028	2093	2552	
3	375	2122	2554	
3	182	2553	2122	
3	181	2554	2553	
3	2122	2553	2554	
3	175	2555	2557	
3	281	2556	2555	
3	176	2557	2556	
3	2555	2556	2557	
3	257	2079	2558	
3	295	1966	2079	
3	460	2558	1966	
3	2079	1966	2558	
3	795	2559	2561	
3	166	2560	2559	
3	165	2561	2560	
3	2559	2560	2561	
3	321	2562	2444	
3	269	2563	2562	
3	191	2444	2563	
3	2562	2563	2444	
3	62	2564	1903	
3	61	2565	2564	
3	309	1903	2565	
3	2564	2565	1903	
3	110	2148	2003	
3	402	2566	2148	
3	360	2003	2566	
3	2148	2566	2003	
3	577	2567	2569	
3	529	2568	2567	
3	561	2569	2568	
3	2567	2568	2569	
3	320	2469	2189	
3	268	2570	2469	
3	209	2189	2570	
3	2469	2570	2189	
3	209	2570	2572	
3	268	2571	2570	
3	210	2572	2571	
3	2570	2571	2572	
3	576	2573	2575	
3	704	2574	2573	
3	829	2575	2574	
3	2573	2574	2575	
3	330	2161	2577	
3	404	2576	2161	
3	274	2577	2576	
3	2161	2576	2577	
3	316	2578	2580	
3	188	2579	2578	
3	187	2580	2579	
3	2578	2579	2580	
3	188	2581	2583	
3	374	2582	2581	
3	189	2583	2582	
3	2581	2582	2583	
3	671	2584	2585	
3	24	2243	2584	
3	714	2585	2243	
3	2584	2243	2585	
3	188	2578	2581	
3	316	2586	2578	
3	374	2581	2586	
3	2578	2586	2581	
3	409	2587	2589	
3	647	2588	2587	
3	343	2589	2588	
3	2587	2588	2589	
3	477	2590	2592	
3	376	2591	2590	
3	211	2592	2591	
3	2590	2591	2592	
3	269	2593	2563	
3	192	2594	2593	
3	191	2563	2594	
3	2593	2594	2563	
3	186	2542	2596	
3	317	2595	2542	
3	434	2596	2595	
3	2542	2595	2596	
3	60	2384	2393	
3	304	2597	2384	
3	428	2393	2597	
3	2384	2597	2393	
3	307	2481	2598	
3	197	2219	2481	
3	263	2598	2219	
3	2481	2219	2598	
3	263	2218	2599	
3	196	2360	2218	
3	596	2599	2360	
3	2218	2360	2599	
3	204	2511	2601	
3	432	2600	2511	
3	205	2601	2600	
3	2511	2600	2601	
3	376	2602	2591	
3	212	2603	2602	
3	211	2591	2603	
3	2602	2603	2591	
3	322	1929	1890	
3	214	2604	1929	
3	437	1890	2604	
3	1929	2604	1890	
3	322	2523	1930	
3	270	2605	2523	
3	215	1930	2605	
3	2523	2605	1930	
3	379	2606	2607	
3	518	2145	2606	
3	327	2607	2145	
3	2606	2145	2607	
3	215	2605	2609	
3	270	2608	2605	
3	216	2609	2608	
3	2605	2608	2609	
3	407	2085	2104	
3	153	2610	2085	
3	152	2104	2610	
3	2085	2610	2104	
3	617	2611	2613	
3	217	2612	2611	
3	216	2613	2612	
3	2611	2612	2613	
3	323	2614	2615	
3	217	2611	2614	
3	617	2615	2611	
3	2614	2611	2615	
3	400	2616	2618	
3	128	2617	2616	
3	353	2618	2617	
3	2616	2617	2618	
3	212	2619	2621	
3	319	2620	2619	
3	213	2621	2620	
3	2619	2620	2621	
3	545	2622	2007	
3	324	2623	2622	
3	439	2007	2623	
3	2622	2623	2007	
3	271	2203	2624	
3	324	2622	2203	
3	545	2624	2622	
3	2203	2622	2624	
3	439	2625	2627	
3	220	2626	2625	
3	219	2627	2626	
3	2625	2626	2627	
3	382	2628	2630	
3	242	2629	2628	
3	241	2630	2629	
3	2628	2629	2630	
3	217	2614	2631	
3	323	2357	2614	
3	218	2631	2357	
3	2614	2357	2631	
3	319	2619	2632	
3	212	2602	2619	
3	376	2632	2602	
3	2619	2602	2632	
3	220	2633	2634	
3	324	2202	2633	
3	221	2634	2202	
3	2633	2202	2634	
3	433	2635	2636	
3	317	2544	2635	
3	267	2636	2544	
3	2635	2544	2636	
3	223	2637	2639	
3	619	2638	2637	
3	325	2639	2638	
3	2637	2638	2639	
3	429	2640	2641	
3	311	2396	2640	
3	265	2641	2396	
3	2640	2396	2641	
3	223	2639	2643	
3	325	2642	2639	
3	224	2643	2642	
3	2639	2642	2643	
3	619	2637	2645	
3	223	2644	2637	
3	222	2645	2644	
3	2637	2644	2645	
3	475	2646	2647	
3	189	2582	2646	
3	374	2647	2582	
3	2646	2582	2647	
3	224	2642	2411	
3	325	2648	2642	
3	378	2411	2648	
3	2642	2648	2411	
3	237	2649	2651	
3	381	2650	2649	
3	238	2651	2650	
3	2649	2650	2651	
3	240	2652	2654	
3	239	2653	2652	
3	274	2654	2653	
3	2652	2653	2654	
3	313	2531	2656	
3	372	2655	2531	
3	562	2656	2655	
3	2531	2655	2656	
3	368	2501	2658	
3	472	2657	2501	
3	544	2658	2657	
3	2501	2657	2658	
3	378	2659	2412	
3	480	2660	2659	
3	225	2412	2660	
3	2659	2660	2412	
3	429	2661	2293	
3	816	2662	2661	
3	310	2293	2662	
3	2661	2662	2293	
3	379	2164	2664	
3	229	2663	2164	
3	481	2664	2663	
3	2164	2663	2664	
3	227	2665	2341	
3	226	2666	2665	
3	272	2341	2666	
3	2665	2666	2341	
3	431	2667	2668	
3	315	2422	2667	
3	266	2668	2422	
3	2667	2422	2668	
3	668	2246	2670	
3	319	2669	2246	
3	478	2670	2669	
3	2246	2669	2670	
3	327	2671	2673	
3	231	2672	2671	
3	230	2673	2672	
3	2671	2672	2673	
3	533	2674	2675	
3	379	2664	2674	
3	481	2675	2664	
3	2674	2664	2675	
3	621	1936	2676	
3	231	2671	1936	
3	327	2676	2671	
3	1936	2671	2676	
3	230	2165	2673	
3	379	2607	2165	
3	327	2673	2607	
3	2165	2607	2673	
3	323	2677	2679	
3	618	2678	2677	
3	517	2679	2678	
3	2677	2678	2679	
3	227	2343	2681	
3	326	2680	2343	
3	228	2681	2680	
3	2343	2680	2681	
3	385	2682	2684	
3	484	2683	2682	
3	670	2684	2683	
3	2682	2683	2684	
3	636	2685	2687	
3	375	2686	2685	
3	476	2687	2686	
3	2685	2686	2687	
3	234	2688	2689	
3	233	2460	2688	
3	329	2689	2460	
3	2688	2460	2689	
3	637	2690	2692	
3	393	2691	2690	
3	567	2692	2691	
3	2690	2691	2692	
3	236	2693	2695	
3	235	2694	2693	
3	328	2695	2694	
3	2693	2694	2695	
3	442	2315	2696	
3	234	2689	2315	
3	329	2696	2689	
3	2315	2689	2696	
3	444	2697	2698	
3	391	2045	2697	
3	573	2698	2045	
3	2697	2045	2698	
3	449	2699	2701	
3	765	2700	2699	
3	254	2701	2700	
3	2699	2700	2701	
3	330	2702	2704	
3	239	2703	2702	
3	238	2704	2703	
3	2702	2703	2704	
3	357	2705	2706	
3	401	2234	2705	
3	77	2706	2234	
3	2705	2234	2706	
3	239	2702	2653	
3	330	2577	2702	
3	274	2653	2577	
3	2702	2577	2653	
3	328	2707	2695	
3	380	2708	2707	
3	236	2695	2708	
3	2707	2708	2695	
3	447	2487	2710	
3	97	2709	2487	
3	96	2710	2709	
3	2487	2709	2710	
3	273	2459	2712	
3	233	2711	2459	
3	232	2712	2711	
3	2459	2711	2712	
3	540	2713	2715	
3	172	2714	2713	
3	171	2715	2714	
3	2713	2714	2715	
3	241	2716	2630	
3	405	2717	2716	
3	382	2630	2717	
3	2716	2717	2630	
3	551	2718	2720	
3	356	2719	2718	
3	550	2720	2719	
3	2718	2719	2720	
3	1851	2721	2723	
3	1844	2722	2721	
3	1842	2723	2722	
3	2721	2722	2723	
3	51	2353	2725	
3	430	2724	2353	
3	52	2725	2724	
3	2353	2724	2725	
3	126	2068	2727	
3	288	2726	2068	
3	607	2727	2726	
3	2068	2726	2727	
3	451	1905	2729	
3	88	2728	1905	
3	87	2729	2728	
3	1905	2728	2729	
3	141	2730	2731	
3	600	2449	2730	
3	142	2731	2449	
3	2730	2449	2731	
3	406	2732	2091	
3	384	2733	2732	
3	146	2091	2733	
3	2732	2733	2091	
3	12	2309	2320	
3	592	2734	2309	
3	469	2320	2734	
3	2309	2734	2320	
3	462	2735	2736	
3	258	2467	2735	
3	446	2736	2467	
3	2735	2467	2736	
3	367	2737	2386	
3	305	2340	2737	
3	56	2386	2340	
3	2737	2340	2386	
3	483	2738	2740	
3	332	2739	2738	
3	383	2740	2739	
3	2738	2739	2740	
3	355	2063	2042	
3	455	2741	2063	
3	456	2042	2741	
3	2063	2741	2042	
3	498	2742	2744	
3	129	2743	2742	
3	400	2744	2743	
3	2742	2743	2744	
3	148	2151	2746	
3	333	2745	2151	
3	149	2746	2745	
3	2151	2745	2746	
3	155	2747	2749	
3	154	2748	2747	
3	337	2749	2748	
3	2747	2748	2749	
3	127	2750	2751	
3	353	2617	2750	
3	128	2751	2617	
3	2750	2617	2751	
3	309	2752	1916	
3	428	2753	2752	
3	513	1916	2753	
3	2752	2753	1916	
3	299	2754	2756	
3	553	2755	2754	
3	525	2756	2755	
3	2754	2755	2756	
3	385	2105	2758	
3	152	2757	2105	
3	151	2758	2757	
3	2105	2757	2758	
3	556	2759	2327	
3	528	2760	2759	
3	557	2327	2760	
3	2759	2760	2327	
3	277	2761	2763	
3	156	2762	2761	
3	155	2763	2762	
3	2761	2762	2763	
3	337	2764	2749	
3	277	2763	2764	
3	155	2749	2763	
3	2764	2763	2749	
3	417	2765	2767	
3	9	2766	2765	
3	8	2767	2766	
3	2765	2766	2767	
3	449	2768	2770	
3	805	2769	2768	
3	802	2770	2769	
3	2768	2769	2770	
3	386	2771	2773	
3	485	2772	2771	
3	150	2773	2772	
3	2771	2772	2773	
3	371	2774	2776	
3	473	2775	2774	
3	560	2776	2775	
3	2774	2775	2776	
3	149	2745	2778	
3	333	2777	2745	
3	386	2778	2777	
3	2745	2777	2778	
3	386	2773	2778	
3	150	2779	2773	
3	149	2778	2779	
3	2773	2779	2778	
3	463	2780	2401	
3	525	1870	2780	
3	363	2401	1870	
3	2780	1870	2401	
3	364	2419	2782	
3	465	2781	2419	
3	466	2782	2781	
3	2419	2781	2782	
3	279	2783	2784	
3	388	2049	2783	
3	486	2784	2049	
3	2783	2049	2784	
3	126	2727	2786	
3	607	2785	2727	
3	127	2786	2785	
3	2727	2785	2786	
3	361	2147	2788	
3	461	2787	2147	
3	462	2788	2787	
3	2147	2787	2788	
3	431	2789	2791	
3	314	2790	2789	
3	432	2791	2790	
3	2789	2790	2791	
3	133	2792	2794	
3	132	2793	2792	
3	602	2794	2793	
3	2792	2793	2794	
3	278	2795	1998	
3	137	2796	2795	
3	339	1998	2796	
3	2795	2796	1998	
3	138	2797	2798	
3	137	2795	2797	
3	278	2798	2795	
3	2797	2795	2798	
3	383	2287	2800	
3	139	2799	2287	
3	482	2800	2799	
3	2287	2799	2800	
3	326	2342	2802	
3	272	2801	2342	
3	440	2802	2801	
3	2342	2801	2802	
3	404	2803	2576	
3	667	2804	2803	
3	274	2576	2804	
3	2803	2804	2576	
3	339	2796	2806	
3	137	2805	2796	
3	136	2806	2805	
3	2796	2805	2806	
3	393	2807	2691	
3	794	2808	2807	
3	567	2691	2808	
3	2807	2808	2691	
3	335	2809	2810	
3	387	2117	2809	
3	134	2810	2117	
3	2809	2117	2810	
3	133	2811	2812	
3	335	2810	2811	
3	134	2812	2810	
3	2811	2810	2812	
3	679	2813	2815	
3	487	2814	2813	
3	390	2815	2814	
3	2813	2814	2815	
3	174	2816	2818	
3	173	2817	2816	
3	625	2818	2817	
3	2816	2817	2818	
3	437	2604	2820	
3	214	2819	2604	
3	213	2820	2819	
3	2604	2819	2820	
3	77	2821	2706	
3	76	1994	2821	
3	357	2706	1994	
3	2821	1994	2706	
3	143	2508	2823	
3	334	2822	2508	
3	144	2823	2822	
3	2508	2822	2823	
3	289	2824	2825	
3	523	2546	2824	
3	454	2825	2546	
3	2824	2546	2825	
3	144	2822	2827	
3	334	2826	2822	
3	443	2827	2826	
3	2822	2826	2827	
3	147	2828	2829	
3	146	2733	2828	
3	384	2829	2733	
3	2828	2733	2829	
3	352	1906	2059	
3	451	2830	1906	
3	452	2059	2830	
3	1906	2830	2059	
3	297	2831	2211	
3	534	2465	2831	
3	258	2211	2465	
3	2831	2465	2211	
3	276	2832	2399	
3	602	2793	2832	
3	132	2399	2793	
3	2832	2793	2399	
3	448	2833	2835	
3	537	2834	2833	
3	801	2835	2834	
3	2833	2834	2835	
3	141	2836	2838	
3	140	2837	2836	
3	332	2838	2837	
3	2836	2837	2838	
3	332	2837	2739	
3	140	2285	2837	
3	383	2739	2285	
3	2837	2285	2739	
3	254	1873	2701	
3	285	2526	1873	
3	449	2701	2526	
3	1873	2526	2701	
3	276	1923	2839	
3	336	2020	1923	
3	453	2839	2020	
3	1923	2020	2839	
3	143	2840	2506	
3	142	2451	2840	
3	275	2506	2451	
3	2840	2451	2506	
3	147	2841	2842	
3	623	2152	2841	
3	148	2842	2152	
3	2841	2152	2842	
3	253	1893	2843	
3	283	1989	1893	
3	445	2843	1989	
3	1893	1989	2843	
3	550	2012	2845	
3	549	2844	2012	
3	548	2845	2844	
3	2012	2844	2845	
3	467	2846	2230	
3	259	2207	2846	
3	300	2230	2207	
3	2846	2207	2230	
3	306	2847	2849	
3	516	2848	2847	
3	597	2849	2848	
3	2847	2848	2849	
3	645	2433	2851	
3	338	2850	2433	
3	416	2851	2850	
3	2433	2850	2851	
3	596	2852	2599	
3	597	2853	2852	
3	263	2599	2853	
3	2852	2853	2599	
3	288	2521	2855	
3	354	2854	2521	
3	511	2855	2854	
3	2521	2854	2855	
3	177	2856	2858	
3	416	2857	2856	
3	178	2858	2857	
3	2856	2857	2858	
3	428	2597	2753	
3	304	2859	2597	
3	513	2753	2859	
3	2597	2859	2753	
3	475	1884	2861	
3	436	2860	1884	
3	321	2861	2860	
3	1884	2860	2861	
3	904	2862	2863	
3	409	2589	2862	
3	343	2863	2589	
3	2862	2589	2863	
3	578	2864	2866	
3	562	2865	2864	
3	572	2866	2865	
3	2864	2865	2866	
3	616	2867	2530	
3	184	2868	2867	
3	183	2530	2868	
3	2867	2868	2530	
3	178	2857	2869	
3	416	2850	2857	
3	338	2869	2850	
3	2857	2850	2869	
3	186	2596	2871	
3	434	2870	2596	
3	187	2871	2870	
3	2596	2870	2871	
3	565	2872	2874	
3	272	2873	2872	
3	532	2874	2873	
3	2872	2873	2874	
3	604	2875	2877	
3	637	2876	2875	
3	410	2877	2876	
3	2875	2876	2877	
3	454	2073	2879	
3	124	2878	2073	
3	123	2879	2878	
3	2073	2878	2879	
3	331	2880	2882	
3	243	2881	2880	
3	242	2882	2881	
3	2880	2881	2882	
3	72	1938	2884	
3	425	2883	1938	
3	73	2884	2883	
3	1938	2883	2884	
3	392	2885	2323	
3	342	2886	2885	
3	245	2323	2886	
3	2885	2886	2323	
3	489	2887	2888	
3	392	2325	2887	
3	244	2888	2325	
3	2887	2325	2888	
3	65	2371	2890	
3	369	2889	2371	
3	66	2890	2889	
3	2371	2889	2890	
3	461	2146	2892	
3	106	2891	2146	
3	105	2892	2891	
3	2146	2891	2892	
3	703	2893	2894	
3	248	2355	2893	
3	280	2894	2355	
3	2893	2355	2894	
3	463	2403	2896	
3	40	2895	2403	
3	39	2896	2895	
3	2403	2895	2896	
3	1078	2897	2899	
3	3	2898	2897	
3	884	2899	2898	
3	2897	2898	2899	
3	703	2894	2901	
3	280	2900	2894	
3	863	2901	2900	
3	2894	2900	2901	
3	653	2902	2904	
3	646	2903	2902	
3	298	2904	2903	
3	2902	2903	2904	
3	245	2886	2906	
3	342	2905	2886	
3	246	2906	2905	
3	2886	2905	2906	
3	458	2017	2908	
3	115	2907	2017	
3	114	2908	2907	
3	2017	2907	2908	
3	331	2882	2909	
3	242	2628	2882	
3	382	2909	2628	
3	2882	2628	2909	
3	549	2014	2911	
3	457	2910	2014	
3	369	2911	2910	
3	2014	2910	2911	
3	465	2418	2913	
3	37	2912	2418	
3	36	2913	2912	
3	2418	2912	2913	
3	161	2914	2916	
3	394	2915	2914	
3	573	2916	2915	
3	2914	2915	2916	
3	455	2062	2918	
3	118	2917	2062	
3	117	2918	2917	
3	2062	2917	2918	
3	390	2919	2921	
3	346	2920	2919	
3	388	2921	2920	
3	2919	2920	2921	
3	162	2922	2923	
3	161	2916	2922	
3	573	2923	2916	
3	2922	2916	2923	
3	361	2788	2156	
3	462	2924	2788	
3	296	2156	2924	
3	2788	2924	2156	
3	472	2500	2926	
3	193	2925	2500	
3	192	2926	2925	
3	2500	2925	2926	
3	491	2057	2928	
3	346	2927	2057	
3	340	2928	2927	
3	2057	2927	2928	
3	680	2929	2931	
3	420	2930	2929	
3	16	2931	2930	
3	2929	2930	2931	
3	160	2932	2933	
3	394	2914	2932	
3	161	2933	2914	
3	2932	2914	2933	
3	162	2923	2515	
3	573	2044	2923	
3	564	2515	2044	
3	2923	2044	2515	
3	509	2180	2934	
3	26	2177	2180	
3	418	2934	2177	
3	2180	2177	2934	
3	53	2439	2936	
3	370	2935	2439	
3	54	2936	2935	
3	2439	2935	2936	
3	388	2920	2938	
3	346	2937	2920	
3	158	2938	2937	
3	2920	2937	2938	
3	382	2939	2909	
3	411	2940	2939	
3	331	2909	2940	
3	2939	2940	2909	
3	167	2941	2943	
3	647	2942	2941	
3	168	2943	2942	
3	2941	2942	2943	
3	380	2944	2708	
3	237	2945	2944	
3	236	2708	2945	
3	2944	2945	2708	
3	716	2946	2948	
3	540	2947	2946	
3	503	2948	2947	
3	2946	2947	2948	
3	343	2588	2950	
3	647	2949	2588	
3	166	2950	2949	
3	2588	2949	2950	
3	128	2616	2951	
3	400	2743	2616	
3	129	2951	2743	
3	2616	2743	2951	
3	450	2533	2953	
3	547	2952	2533	
3	351	2953	2952	
3	2533	2952	2953	
3	164	2954	2956	
3	410	2955	2954	
3	165	2956	2955	
3	2954	2955	2956	
3	160	2957	2932	
3	491	2958	2957	
3	394	2932	2958	
3	2957	2958	2932	
3	346	2919	2927	
3	390	2959	2919	
3	340	2927	2959	
3	2919	2959	2927	
3	410	2960	2962	
3	504	2961	2960	
3	795	2962	2961	
3	2960	2961	2962	
3	801	2834	2964	
3	537	2963	2834	
3	253	2964	2963	
3	2834	2963	2964	
3	340	2965	2967	
3	487	2966	2965	
3	345	2967	2966	
3	2965	2966	2967	
3	168	2968	2970	
3	396	2969	2968	
3	169	2970	2969	
3	2968	2969	2970	
3	388	2938	2050	
3	158	2971	2938	
3	157	2050	2971	
3	2938	2971	2050	
3	292	1972	2972	
3	358	1981	1972	
3	542	2972	1981	
3	1972	1981	2972	
3	640	2973	2975	
3	544	2974	2973	
3	269	2975	2974	
3	2973	2974	2975	
3	179	2976	2978	
3	338	2977	2976	
3	505	2978	2977	
3	2976	2977	2978	
3	815	2979	2980	
3	174	2818	2979	
3	625	2980	2818	
3	2979	2818	2980	
3	604	2981	2983	
3	164	2982	2981	
3	163	2983	2982	
3	2981	2982	2983	
3	529	2984	2985	
3	560	2775	2984	
3	473	2985	2775	
3	2984	2775	2985	
3	1229	2986	2988	
3	967	2987	2986	
3	1098	2988	2987	
3	2986	2987	2988	
3	474	2479	2990	
3	199	2989	2479	
3	198	2990	2989	
3	2479	2989	2990	
3	44	2212	2992	
3	403	2991	2212	
3	45	2992	2991	
3	2212	2991	2992	
3	474	2993	2995	
3	530	2994	2993	
3	562	2995	2994	
3	2993	2994	2995	
3	514	2476	2997	
3	435	2996	2476	
3	373	2997	2996	
3	2476	2996	2997	
3	208	2139	2191	
3	435	2998	2139	
3	320	2191	2998	
3	2139	2998	2191	
3	374	2586	3000	
3	316	2999	2586	
3	515	3000	2999	
3	2586	2999	3000	
3	190	3001	2443	
3	475	2861	3001	
3	321	2443	2861	
3	3001	2861	2443	
3	178	2869	3002	
3	338	2976	2869	
3	179	3002	2976	
3	2869	2976	3002	
3	637	3003	2690	
3	391	3004	3003	
3	393	2690	3004	
3	3003	3004	2690	
3	477	2592	3006	
3	211	3005	2592	
3	210	3006	3005	
3	2592	3005	3006	
3	376	2590	3008	
3	477	3007	2590	
3	478	3008	3007	
3	2590	3007	3008	
3	517	2008	3010	
3	439	3009	2008	
3	377	3010	3009	
3	2008	3009	3010	
3	220	2625	2633	
3	439	2623	2625	
3	324	2633	2623	
3	2625	2623	2633	
3	532	3011	3013	
3	325	3012	3011	
3	479	3013	3012	
3	3011	3012	3013	
3	225	2660	3015	
3	480	3014	2660	
3	226	3015	3014	
3	2660	3014	3015	
3	481	2663	3017	
3	229	3016	2663	
3	228	3017	3016	
3	2663	3016	3017	
3	326	3018	3019	
3	533	2675	3018	
3	481	3019	2675	
3	3018	2675	3019	
3	381	3020	3022	
3	380	3021	3020	
3	501	3022	3021	
3	3020	3021	3022	
3	238	2650	2704	
3	381	2162	2650	
3	330	2704	2162	
3	2650	2162	2704	
3	237	2944	2649	
3	380	3020	2944	
3	381	2649	3020	
3	2944	3020	2649	
3	501	2198	3022	
3	404	2160	2198	
3	381	3022	2160	
3	2198	2160	3022	
3	405	2716	3024	
3	241	3023	2716	
3	240	3024	3023	
3	2716	3023	3024	
3	382	2717	2939	
3	405	3025	2717	
3	411	2939	3025	
3	2717	3025	2939	
3	482	2799	3027	
3	139	3026	2799	
3	138	3027	3026	
3	2799	3026	3027	
3	383	2800	2740	
3	482	3028	2800	
3	483	2740	3028	
3	2800	3028	2740	
3	443	2826	3030	
3	334	3029	2826	
3	519	3030	3029	
3	2826	3029	3030	
3	600	3031	2450	
3	601	3032	3031	
3	275	2450	3032	
3	3031	3032	2450	
3	333	2150	3034	
3	623	3033	2150	
3	624	3034	3033	
3	2150	3033	3034	
3	507	3035	3037	
3	412	3036	3035	
3	906	3037	3036	
3	3035	3036	3037	
3	484	3038	3039	
3	386	2777	3038	
3	333	3039	2777	
3	3038	2777	3039	
3	150	2772	3041	
3	485	3040	2772	
3	151	3041	3040	
3	2772	3040	3041	
3	389	3042	3044	
3	387	3043	3042	
3	502	3044	3043	
3	3042	3043	3044	
3	136	2154	2806	
3	389	2314	2154	
3	339	2806	2314	
3	2154	2314	2806	
3	486	2051	3046	
3	157	3045	2051	
3	156	3046	3045	
3	2051	3045	3046	
3	486	3047	2784	
3	277	3048	3047	
3	279	2784	3048	
3	3047	3048	2784	
3	135	2115	2153	
3	387	3042	2115	
3	389	2153	3042	
3	2115	3042	2153	
3	502	3049	3044	
3	408	2313	3049	
3	389	3044	2313	
3	3049	2313	3044	
3	1318	3050	3052	
3	1222	3051	3050	
3	1604	3052	3051	
3	3050	3051	3052	
3	181	2550	2554	
3	476	2686	2550	
3	375	2554	2686	
3	2550	2686	2554	
3	488	3053	3055	
3	924	3054	3053	
3	920	3055	3054	
3	3053	3054	3055	
3	487	2965	2814	
3	340	2959	2965	
3	390	2814	2959	
3	2965	2959	2814	
3	489	2888	3057	
3	244	3056	2888	
3	243	3057	3056	
3	2888	3056	3057	
3	392	2887	3059	
3	489	3058	2887	
3	490	3059	3058	
3	2887	3058	3059	
3	277	2764	3060	
3	337	2263	2764	
3	414	3060	2263	
3	2764	2263	3060	
3	903	3061	3063	
3	908	3062	3061	
3	574	3063	3062	
3	3061	3062	3063	
3	409	1926	2587	
3	396	3064	1926	
3	647	2587	3064	
3	1926	3064	2587	
3	282	3065	3066	
3	625	2817	3065	
3	173	3066	2817	
3	3065	2817	3066	
3	491	2957	2055	
3	160	3067	2957	
3	159	2055	3067	
3	2957	3067	2055	
3	279	3068	2783	
3	390	2921	3068	
3	388	2783	2921	
3	3068	2921	2783	
3	647	2941	2949	
3	167	3069	2941	
3	166	2949	3069	
3	2941	3069	2949	
3	444	2698	2098	
3	573	2915	2698	
3	394	2098	2915	
3	2698	2915	2098	
3	493	1888	3071	
3	91	3070	1888	
3	90	3071	3070	
3	1888	3070	3071	
3	397	1889	3073	
3	493	3072	1889	
3	494	3073	3072	
3	1889	3072	3073	
3	536	3074	3076	
3	535	3075	3074	
3	398	3076	3075	
3	3074	3075	3076	
3	103	3077	2337	
3	495	3078	3077	
3	297	2337	3078	
3	3077	3078	2337	
3	496	1869	3080	
3	82	3079	1869	
3	81	3080	3079	
3	1869	3079	3080	
3	399	1867	3082	
3	496	3081	1867	
3	497	3082	3081	
3	1867	3081	3082	
3	400	2618	3084	
3	353	3083	2618	
3	522	3084	3083	
3	2618	3083	3084	
3	130	3085	2458	
3	498	2021	3085	
3	336	2458	2021	
3	3085	2021	2458	
3	521	2534	3087	
3	450	3086	2534	
3	401	3087	3086	
3	2534	3086	3087	
3	79	2185	1978	
3	450	2953	2185	
3	351	1978	2953	
3	2185	2953	1978	
3	499	2132	3089	
3	109	3088	2132	
3	108	3089	3088	
3	2132	3088	3089	
3	402	2133	3091	
3	499	3090	2133	
3	500	3091	3090	
3	2133	3090	3091	
3	473	3092	3094	
3	403	3093	3092	
3	561	3094	3093	
3	3092	3093	3094	
3	46	2454	2462	
3	473	2774	2454	
3	371	2462	2774	
3	2454	2774	2462	
3	441	3095	3097	
3	328	3096	3095	
3	442	3097	3096	
3	3095	3096	3097	
3	392	3059	2885	
3	490	1963	3059	
3	342	2885	1963	
3	3059	1963	2885	
3	240	2654	3024	
3	274	3098	2654	
3	405	3024	3098	
3	2654	3098	3024	
3	405	3098	3025	
3	274	3099	3098	
3	411	3025	3099	
3	3098	3099	3025	
3	144	2827	3101	
3	443	3100	2827	
3	145	3101	3100	
3	2827	3100	3101	
3	443	3030	3103	
3	519	3102	3030	
3	546	3103	3102	
3	3030	3102	3103	
3	412	3104	3105	
3	407	2106	3104	
3	385	3105	2106	
3	3104	2106	3105	
3	153	2084	3107	
3	413	3106	2084	
3	154	3107	3106	
3	2084	3106	3107	
3	682	3108	2112	
3	539	3109	3108	
3	502	2112	3109	
3	3108	3109	2112	
3	275	3032	3111	
3	601	3110	3032	
3	519	3111	3110	
3	3032	3110	3111	
3	344	2442	3113	
3	170	3112	2442	
3	169	3113	3112	
3	2442	3112	3113	
3	344	3113	3114	
3	169	2969	3113	
3	396	3114	2969	
3	3113	2969	3114	
3	172	2713	3116	
3	540	3115	2713	
3	282	3116	3115	
3	2713	3115	3116	
3	670	3117	3118	
3	906	3036	3117	
3	412	3118	3036	
3	3117	3036	3118	
3	490	3119	3121	
3	331	3120	3119	
3	635	3121	3120	
3	3119	3120	3121	
3	411	3122	2940	
3	635	3120	3122	
3	331	2940	3120	
3	3122	3120	2940	
3	485	3123	3124	
3	484	2682	3123	
3	385	3124	2682	
3	3123	2682	3124	
3	176	3125	3127	
3	341	3126	3125	
3	177	3127	3126	
3	3125	3126	3127	
3	412	2237	3104	
3	413	2083	2237	
3	407	3104	2083	
3	2237	2083	3104	
3	337	2748	2264	
3	154	3106	2748	
3	413	2264	3106	
3	2748	3106	2264	
3	344	3128	3130	
3	492	3129	3128	
3	563	3130	3129	
3	3128	3129	3130	
3	506	3131	3133	
3	476	3132	3131	
3	505	3133	3132	
3	3131	3132	3133	
3	850	3134	3136	
3	955	3135	3134	
3	708	3136	3135	
3	3134	3135	3136	
3	419	3137	3139	
3	301	3138	3137	
3	303	3139	3138	
3	3137	3138	3139	
3	728	3140	3142	
3	508	3141	3140	
3	415	3142	3141	
3	3140	3141	3142	
3	707	2275	2262	
3	415	2312	2275	
3	579	2262	2312	
3	2275	2312	2262	
3	851	3143	3145	
3	943	3144	3143	
3	947	3145	3144	
3	3143	3144	3145	
3	692	3146	3148	
3	267	3147	3146	
3	616	3148	3147	
3	3146	3147	3148	
3	302	2294	3150	
3	261	3149	2294	
3	301	3150	3149	
3	2294	3149	3150	
3	576	3151	3152	
3	526	2231	3151	
3	554	3152	2231	
3	3151	2231	3152	
3	415	2277	3142	
3	260	3153	2277	
3	728	3142	3153	
3	2277	3153	3142	
3	16	2930	3154	
3	420	2296	2930	
3	17	3154	2296	
3	2930	2296	3154	
3	420	3155	2297	
3	508	3156	3155	
3	261	2297	3156	
3	3155	3156	2297	
3	830	3157	3159	
3	706	3158	3157	
3	527	3159	3158	
3	3157	3158	3159	
3	19	3160	3161	
3	18	2295	3160	
3	302	3161	2295	
3	3160	2295	3161	
3	22	3162	3163	
3	21	2187	3162	
3	421	3163	2187	
3	3162	2187	3163	
3	93	2516	1895	
3	347	3164	2516	
3	422	1895	3164	
3	2516	3164	1895	
3	445	1988	3165	
3	422	3164	1988	
3	347	3165	3164	
3	1988	3164	3165	
3	84	2539	1874	
3	350	3166	2539	
3	423	1874	3166	
3	2539	3166	1874	
3	449	2525	3167	
3	423	3166	2525	
3	350	3167	3166	
3	2525	3166	3167	
3	255	3168	1968	
3	609	3169	3168	
3	610	1968	3169	
3	3168	3169	1968	
3	522	3170	3172	
3	608	3171	3170	
3	673	3172	3171	
3	3170	3171	3172	
3	512	2250	3173	
3	293	2366	2250	
3	256	3173	2366	
3	2250	2366	3173	
3	358	2002	1982	
3	73	2883	2002	
3	425	1982	2883	
3	2002	2883	1982	
3	111	2004	2489	
3	360	3174	2004	
3	426	2489	3174	
3	2004	3174	2489	
3	460	1965	3175	
3	426	3174	1965	
3	360	3175	3174	
3	1965	3174	3175	
3	33	2547	2283	
3	365	3176	2547	
3	427	2283	3176	
3	2547	3176	2283	
3	467	2229	3177	
3	427	3176	2229	
3	365	3177	3176	
3	2229	3176	3177	
3	513	2859	3178	
3	304	2378	2859	
3	262	3178	2378	
3	2859	2378	3178	
3	309	2565	2752	
3	61	2394	2565	
3	428	2752	2394	
3	2565	2394	2752	
3	265	3179	3181	
3	614	3180	3179	
3	615	3181	3180	
3	3179	3180	3181	
3	557	3182	3184	
3	558	3183	3182	
3	367	3184	3183	
3	3182	3183	3184	
3	429	2292	2640	
3	430	2352	2292	
3	311	2640	2352	
3	2292	2352	2640	
3	310	2351	2291	
3	52	2724	2351	
3	430	2291	2724	
3	2351	2724	2291	
3	578	3185	2864	
3	313	2656	3185	
3	562	2864	2656	
3	3185	2656	2864	
3	737	3186	3188	
3	739	3187	3186	
3	738	3188	3187	
3	3186	3187	3188	
3	431	2791	2667	
3	432	2510	2791	
3	315	2667	2510	
3	2791	2510	2667	
3	314	2518	2790	
3	205	2600	2518	
3	432	2790	2600	
3	2518	2600	2790	
3	180	3189	2549	
3	505	3132	3189	
3	476	2549	3132	
3	3189	3132	2549	
3	436	3190	2860	
3	269	2562	3190	
3	321	2860	2562	
3	3190	2562	2860	
3	433	2136	2635	
3	434	2595	2136	
3	317	2635	2595	
3	2136	2595	2635	
3	316	2580	2135	
3	187	2870	2580	
3	434	2135	2870	
3	2580	2870	2135	
3	207	1898	2138	
3	373	2996	1898	
3	435	2138	2996	
3	1898	2996	2138	
3	373	2522	2997	
3	314	3191	2522	
3	514	2997	3191	
3	2522	3191	2997	
3	672	3192	3193	
3	515	2999	3192	
3	316	3193	2999	
3	3192	2999	3193	
3	368	3194	2495	
3	516	2847	3194	
3	306	2495	2847	
3	3194	2847	2495	
3	213	2620	2820	
3	319	3195	2620	
3	437	2820	3195	
3	2620	3195	2820	
3	438	1891	2248	
3	437	3195	1891	
3	319	2248	3195	
3	1891	3195	2248	
3	319	2632	2669	
3	376	3008	2632	
3	478	2669	3008	
3	2632	3008	2669	
3	753	3196	3198	
3	755	3197	3196	
3	438	3198	3197	
3	3196	3197	3198	
3	219	2171	2627	
3	377	3009	2171	
3	439	2627	3009	
3	2171	3009	2627	
3	377	2356	3010	
3	323	2679	2356	
3	517	3010	2679	
3	2356	2679	3010	
3	532	2873	3200	
3	272	3199	2873	
3	480	3200	3199	
3	2873	3199	3200	
3	501	3201	3203	
3	328	3202	3201	
3	674	3203	3202	
3	3201	3202	3203	
3	538	3204	3206	
3	674	3205	3204	
3	593	3206	3205	
3	3204	3205	3206	
3	898	3207	3209	
3	690	3208	3207	
3	635	3209	3208	
3	3207	3208	3209	
3	441	3097	2306	
3	442	2696	3097	
3	329	2306	2696	
3	3097	2696	2306	
3	328	2694	3096	
3	235	2316	2694	
3	442	3096	2316	
3	2694	2316	3096	
3	334	2507	3029	
3	275	3111	2507	
3	519	3029	3111	
3	2507	3111	3029	
3	406	2090	3210	
3	145	3100	2090	
3	443	3210	3100	
3	2090	3100	3210	
3	175	3211	3212	
3	174	2979	3211	
3	815	3212	2979	
3	3211	2979	3212	
3	341	3213	3215	
3	568	3214	3213	
3	416	3215	3214	
3	3213	3214	3215	
3	287	2058	3217	
3	452	3216	2058	
3	796	3217	3216	
3	2058	3216	3217	
3	889	3218	3220	
3	840	3219	3218	
3	783	3220	3219	
3	3218	3219	3220	
3	803	3221	3223	
3	767	3222	3221	
3	628	3223	3222	
3	3221	3222	3223	
3	772	3224	3226	
3	775	3225	3224	
3	777	3226	3225	
3	3224	3225	3226	
3	96	2102	2710	
3	253	3227	2102	
3	447	2710	3227	
3	2102	3227	2710	
3	494	3228	3230	
3	813	3229	3228	
3	810	3230	3229	
3	3228	3229	3230	
3	810	3231	3232	
3	445	3165	3231	
3	347	3232	3165	
3	3231	3165	3232	
3	534	3233	2466	
3	520	3234	3233	
3	446	2466	3234	
3	3233	3234	2466	
3	350	2071	3235	
3	399	3082	2071	
3	497	3235	3082	
3	2071	3082	3235	
3	888	3236	3238	
3	891	3237	3236	
3	842	3238	3237	
3	3236	3237	3238	
3	78	2235	2184	
3	401	3086	2235	
3	450	2184	3086	
3	2235	3086	2184	
3	401	2705	3087	
3	357	3239	2705	
3	521	3087	3239	
3	2705	3239	3087	
3	87	1852	2729	
3	254	3240	1852	
3	451	2729	3240	
3	1852	3240	2729	
3	452	2830	3241	
3	451	3240	2830	
3	254	3241	3240	
3	2830	3240	3241	
3	804	3242	3244	
3	790	3243	3242	
3	798	3244	3243	
3	3242	3243	3244	
3	494	3245	3073	
3	347	2076	3245	
3	397	3073	2076	
3	3245	2076	3073	
3	288	2855	3247	
3	511	3246	2855	
3	608	3247	3246	
3	2855	3246	3247	
3	483	3248	3249	
3	278	2302	3248	
3	669	3249	2302	
3	3248	2302	3249	
3	123	2060	2879	
3	289	2825	2060	
3	454	2879	2825	
3	2060	2825	2879	
3	523	2824	3250	
3	289	1995	2824	
3	424	3250	1995	
3	2824	1995	3250	
3	117	2047	2918	
3	294	3251	2047	
3	455	2918	3251	
3	2047	3251	2918	
3	456	2741	3252	
3	455	3251	2741	
3	294	3252	3251	
3	2741	3251	3252	
3	294	2026	1865	
3	359	2271	2026	
3	459	1865	2271	
3	2026	2271	1865	
3	779	3253	3255	
3	774	3254	3253	
3	776	3255	3254	
3	3253	3254	3255	
3	66	2889	1947	
3	369	2910	2889	
3	457	1947	2910	
3	2889	2910	1947	
3	308	3256	3258	
3	524	3257	3256	
3	549	3258	3257	
3	3256	3257	3258	
3	114	2031	2908	
3	257	3259	2031	
3	458	2908	3259	
3	2031	3259	2908	
3	459	2270	3260	
3	458	3259	2270	
3	257	3260	3259	
3	2270	3259	3260	
3	257	2558	3262	
3	460	3261	2558	
3	771	3262	3261	
3	2558	3261	3262	
3	456	3252	3263	
3	294	1864	3252	
3	768	3263	1864	
3	3252	1864	3263	
3	296	2924	3265	
3	462	3264	2924	
3	789	3265	3264	
3	2924	3264	3265	
3	875	3266	2226	
3	936	3267	3266	
3	764	2226	3267	
3	3266	3267	2226	
3	105	2158	2892	
3	258	3268	2158	
3	461	2892	3268	
3	2158	3268	2892	
3	462	2787	2735	
3	461	3268	2787	
3	258	2735	3268	
3	2787	3268	2735	
3	536	3269	3271	
3	629	3270	3269	
3	520	3271	3270	
3	3269	3270	3271	
3	500	3272	3091	
3	360	2566	3272	
3	402	3091	2566	
3	3272	2566	3091	
3	39	2428	2896	
3	299	3273	2428	
3	463	2896	3273	
3	2428	3273	2896	
3	464	3274	3276	
3	653	3275	3274	
3	525	3276	3275	
3	3274	3275	3276	
3	299	2414	3277	
3	364	2782	2414	
3	466	3277	2782	
3	2414	2782	3277	
3	529	3278	2984	
3	580	3279	3278	
3	560	2984	3279	
3	3278	3279	2984	
3	36	2409	2913	
3	259	3280	2409	
3	465	2913	3280	
3	2409	3280	2913	
3	466	2781	3281	
3	465	3280	2781	
3	259	3281	3280	
3	2781	3280	3281	
3	467	3282	2846	
3	466	3281	3282	
3	259	2846	3281	
3	3282	3281	2846	
3	464	3276	3283	
3	525	2755	3276	
3	553	3283	2755	
3	3276	2755	3283	
3	650	3284	3286	
3	526	3285	3284	
3	694	3286	3285	
3	3284	3285	3286	
3	641	3287	3289	
3	726	3288	3287	
3	900	3289	3288	
3	3287	3288	3289	
3	30	3290	2233	
3	29	3291	3290	
3	554	2233	3291	
3	3290	3291	2233	
3	468	2215	3292	
3	31	2241	2215	
3	634	3292	2241	
3	2215	2241	3292	
3	1066	3293	3295	
3	470	3294	3293	
3	1094	3295	3294	
3	3293	3294	3295	
3	711	3296	3297	
3	260	2276	3296	
3	707	3297	2276	
3	3296	2276	3297	
3	568	3298	3214	
3	645	2851	3298	
3	416	3214	2851	
3	3298	2851	3214	
3	666	3299	2274	
3	940	3300	3299	
3	527	2274	3300	
3	3299	3300	2274	
3	54	2935	2359	
3	370	2266	2935	
3	471	2359	2266	
3	2935	2266	2359	
3	310	3301	3302	
3	528	2759	3301	
3	556	3302	2759	
3	3301	2759	3302	
3	192	2593	2926	
3	269	3303	2593	
3	472	2926	3303	
3	2593	3303	2926	
3	368	2658	3194	
3	544	3304	2658	
3	516	3194	3304	
3	2658	3304	3194	
3	45	2991	2456	
3	403	3092	2991	
3	473	2456	3092	
3	2991	3092	2456	
3	403	2214	3093	
3	362	1909	2214	
3	561	3093	1909	
3	2214	1909	3093	
3	198	2482	2990	
3	307	3305	2482	
3	474	2990	3305	
3	2482	3305	2990	
3	474	3305	2993	
3	307	3306	3305	
3	530	2993	3306	
3	3305	3306	2993	
3	189	2646	3307	
3	475	3001	2646	
3	190	3307	3001	
3	2646	3001	3307	
3	475	2647	1885	
3	374	3000	2647	
3	515	1885	3000	
3	2647	3000	1885	
3	505	3189	2978	
3	180	3308	3189	
3	179	2978	3308	
3	3189	3308	2978	
3	177	3126	2856	
3	341	3215	3126	
3	416	2856	3215	
3	3126	3215	2856	
3	210	2571	3006	
3	268	3309	2571	
3	477	3006	3309	
3	2571	3309	3006	
3	478	3007	3310	
3	477	3309	3007	
3	268	3310	3309	
3	3007	3309	3310	
3	543	2470	2475	
3	320	2998	2470	
3	435	2475	2998	
3	2470	2998	2475	
3	748	3311	3313	
3	751	3312	3311	
3	744	3313	3312	
3	3311	3312	3313	
3	325	2638	3315	
3	619	3314	2638	
3	620	3315	3314	
3	2638	3314	3315	
3	440	2801	3316	
3	272	2872	2801	
3	565	3316	2872	
3	2801	2872	3316	
3	532	3200	3317	
3	480	2659	3200	
3	378	3317	2659	
3	3200	2659	3317	
3	272	2666	3199	
3	226	3014	2666	
3	480	3199	3014	
3	2666	3014	3199	
3	228	2680	3017	
3	326	3019	2680	
3	481	3017	3019	
3	2680	3019	3017	
3	533	3018	3318	
3	326	2802	3018	
3	440	3318	2802	
3	3018	2802	3318	
3	138	2798	3027	
3	278	3319	2798	
3	482	3027	3319	
3	2798	3319	3027	
3	483	3028	3248	
3	482	3319	3028	
3	278	3248	3319	
3	3028	3319	3248	
3	408	3049	3320	
3	502	3109	3049	
3	539	3320	3109	
3	3049	3109	3320	
3	384	2732	3322	
3	406	3321	2732	
3	546	3322	3321	
3	2732	3321	3322	
3	406	3210	3321	
3	443	3103	3210	
3	546	3321	3103	
3	3210	3103	3321	
3	847	3323	2255	
3	277	3060	3323	
3	414	2255	3060	
3	3323	3060	2255	
3	484	3123	3038	
3	485	2771	3123	
3	386	3038	2771	
3	3123	2771	3038	
3	385	2758	3124	
3	151	3040	2758	
3	485	3124	3040	
3	2758	3040	3124	
3	156	2761	3046	
3	277	3047	2761	
3	486	3046	3047	
3	2761	3047	3046	
3	173	3324	3066	
3	172	3116	3324	
3	282	3066	3116	
3	3324	3116	3066	
3	412	3105	3118	
3	385	2684	3105	
3	670	3118	2684	
3	3105	2684	3118	
3	919	3325	3327	
3	922	3326	3325	
3	679	3327	3326	
3	3325	3326	3327	
3	507	2256	3035	
3	414	2238	2256	
3	412	3035	2238	
3	2256	2238	3035	
3	604	2877	2981	
3	410	2954	2877	
3	164	2981	2954	
3	2877	2954	2981	
3	243	2880	3057	
3	331	3328	2880	
3	489	3057	3328	
3	2880	3328	3057	
3	490	3058	3119	
3	489	3328	3058	
3	331	3119	3328	
3	3058	3328	3119	
3	667	2803	3329	
3	404	2200	2803	
3	538	3329	2200	
3	2803	2200	3329	
3	606	3330	3331	
3	280	2101	3330	
3	605	3331	2101	
3	3330	2101	3331	
3	346	2056	2937	
3	159	3332	2056	
3	158	2937	3332	
3	2056	3332	2937	
3	604	3333	2875	
3	564	3334	3333	
3	637	2875	3334	
3	3333	3334	2875	
3	626	3335	3337	
3	920	3336	3335	
3	563	3337	3336	
3	3335	3336	3337	
3	568	3213	3339	
3	341	3338	3213	
3	281	3339	3338	
3	3213	3338	3339	
3	90	1920	3071	
3	287	3340	1920	
3	493	3071	3340	
3	1920	3340	3071	
3	494	3072	3341	
3	493	3340	3072	
3	287	3341	3340	
3	3072	3340	3341	
3	802	2769	3343	
3	805	3342	2769	
3	809	3343	3342	
3	2769	3342	3343	
3	347	3245	3232	
3	494	3230	3245	
3	810	3232	3230	
3	3245	3230	3232	
3	102	2141	3344	
3	495	3077	2141	
3	103	3344	3077	
3	2141	3077	3344	
3	535	3345	3346	
3	520	3233	3345	
3	534	3346	3233	
3	3345	3233	3346	
3	81	1975	3080	
3	286	3347	1975	
3	496	3080	3347	
3	1975	3347	3080	
3	497	3081	3348	
3	496	3347	3081	
3	286	3348	3347	
3	3081	3347	3348	
3	542	3349	2972	
3	633	3350	3349	
3	292	2972	3350	
3	3349	3350	2972	
3	677	3351	3353	
3	699	3352	3351	
3	724	3353	3352	
3	3351	3352	3353	
3	129	2742	3354	
3	498	3085	2742	
3	130	3354	3085	
3	2742	3085	3354	
3	498	2744	3355	
3	400	3084	2744	
3	522	3355	3084	
3	2744	3084	3355	
3	108	2130	3089	
3	296	3356	2130	
3	499	3089	3356	
3	2130	3356	3089	
3	500	3090	3357	
3	499	3356	3090	
3	296	3357	3356	
3	3090	3356	3357	
3	813	3358	3360	
3	812	3359	3358	
3	841	3360	3359	
3	3358	3359	3360	
3	360	3272	3362	
3	500	3361	3272	
3	780	3362	3361	
3	3272	3361	3362	
3	380	2707	3021	
3	328	3201	2707	
3	501	3021	3201	
3	2707	3201	3021	
3	501	3203	2199	
3	674	3204	3203	
3	538	2199	3204	
3	3203	3204	2199	
3	387	2809	3043	
3	335	2113	2809	
3	502	3043	2113	
3	2809	2113	3043	
3	603	3363	3365	
3	335	3364	3363	
3	602	3365	3364	
3	3363	3364	3365	
3	163	2513	2983	
3	564	3333	2513	
3	604	2983	3333	
3	2513	3333	2983	
3	626	3366	3368	
3	904	3367	3366	
3	488	3368	3367	
3	3366	3367	3368	
3	645	3369	2434	
3	902	3370	3369	
3	566	2434	3370	
3	3369	3370	2434	
3	488	3367	3372	
3	904	3371	3367	
3	504	3372	3371	
3	3367	3371	3372	
3	505	2977	3373	
3	338	2435	2977	
3	566	3373	2435	
3	2977	2435	3373	
3	492	3374	3129	
3	626	3337	3374	
3	563	3129	3337	
3	3374	3337	3129	
3	867	3375	3377	
3	924	3376	3375	
3	567	3377	3376	
3	3375	3376	3377	
3	881	3378	3380	
3	636	3379	3378	
3	506	3380	3379	
3	3378	3379	3380	
3	281	3381	3383	
3	831	3382	3381	
3	905	3383	3382	
3	3381	3382	3383	
3	410	2962	2955	
3	795	2561	2962	
3	165	2955	2561	
3	2962	2561	2955	
3	418	3384	3386	
3	713	3385	3384	
3	704	3386	3385	
3	3384	3385	3386	
3	834	3387	3389	
3	260	3388	3387	
3	729	3389	3388	
3	3387	3388	3389	
3	417	1949	2425	
3	706	3390	1949	
3	366	2425	3390	
3	1949	3390	2425	
3	29	3391	3291	
3	28	2224	3391	
3	554	3291	2224	
3	3391	2224	3291	
3	301	3137	3150	
3	419	3392	3137	
3	302	3150	3392	
3	3137	3392	3150	
3	24	2584	3394	
3	671	3393	2584	
3	25	3394	3393	
3	2584	3393	3394	
3	781	3395	3397	
3	786	3396	3395	
3	770	3397	3396	
3	3395	3396	3397	
3	453	2022	3398	
3	498	3355	2022	
3	522	3398	3355	
3	2022	3355	3398	
3	291	3399	3401	
3	551	3400	3399	
3	552	3401	3400	
3	3399	3400	3401	
3	286	2000	3402	
3	351	2952	2000	
3	547	3402	2952	
3	2000	2952	3402	
3	558	3403	3405	
3	559	3404	3403	
3	305	3405	3404	
3	3403	3404	3405	
3	524	3256	3407	
3	308	3406	3256	
3	599	3407	3406	
3	3256	3406	3407	
3	431	3408	2789	
3	756	3409	3408	
3	314	2789	3409	
3	3408	3409	2789	
3	266	3410	3412	
3	582	3411	3410	
3	584	3412	3411	
3	3410	3411	3412	
3	433	3413	2137	
3	672	3193	3413	
3	316	2137	3193	
3	3413	3193	2137	
3	436	1886	3415	
3	515	3414	1886	
3	715	3415	3414	
3	1886	3414	3415	
3	640	3416	2973	
3	516	3304	3416	
3	544	2973	3304	
3	3416	3304	2973	
3	639	3417	3419	
3	819	3418	3417	
3	530	3419	3418	
3	3417	3418	3419	
3	617	3420	2615	
3	618	2677	3420	
3	323	2615	2677	
3	3420	2677	2615	
3	866	3421	3423	
3	698	3422	3421	
3	479	3423	3422	
3	3421	3422	3423	
3	518	3424	3426	
3	440	3425	3424	
3	826	3426	3425	
3	3424	3425	3426	
3	622	3427	3429	
3	273	3428	3427	
3	621	3429	3428	
3	3427	3428	3429	
3	685	3430	3432	
3	669	3431	3430	
3	539	3432	3431	
3	3430	3431	3432	
3	691	3433	3435	
3	914	3434	3433	
3	546	3435	3434	
3	3433	3434	3435	
3	627	3436	2088	
3	628	3437	3436	
3	348	2088	3437	
3	3436	3437	2088	
3	348	3438	3439	
3	629	3269	3438	
3	536	3439	3269	
3	3438	3269	3439	
3	512	3440	3442	
3	589	3441	3440	
3	590	3442	3441	
3	3440	3441	3442	
3	677	3443	3444	
3	497	3348	3443	
3	286	3444	3348	
3	3443	3348	3444	
3	608	3445	3447	
3	353	3446	3445	
3	607	3447	3446	
3	3445	3446	3447	
3	873	3448	3450	
3	511	3449	3448	
3	838	3450	3449	
3	3448	3449	3450	
3	424	3451	3250	
3	511	3452	3451	
3	523	3250	3452	
3	3451	3452	3250	
3	354	2545	2854	
3	523	3452	2545	
3	511	2854	3452	
3	2545	3452	2854	
3	308	3453	3406	
3	598	3454	3453	
3	599	3406	3454	
3	3453	3454	3406	
3	585	3455	2364	
3	586	3456	3455	
3	256	2364	3456	
3	3455	3456	2364	
3	463	3273	2780	
3	299	2756	3273	
3	525	2780	2756	
3	3273	2756	2780	
3	553	2754	3457	
3	299	3277	2754	
3	466	3457	3277	
3	2754	3277	3457	
3	303	2192	3139	
3	421	2186	2192	
3	419	3139	2186	
3	2192	2186	3139	
3	650	3458	3459	
3	468	3292	3458	
3	634	3459	3292	
3	3458	3292	3459	
3	732	3460	3462	
3	303	3461	3460	
3	731	3462	3461	
3	3460	3461	3462	
3	622	3463	3464	
3	885	1880	3463	
3	864	3464	1880	
3	3463	1880	3464	
3	642	3465	3467	
3	693	3466	3465	
3	862	3467	3466	
3	3465	3466	3467	
3	594	3468	2432	
3	595	3469	3468	
3	262	2432	3469	
3	3468	3469	2432	
3	571	3470	1908	
3	577	2569	3470	
3	561	1908	2569	
3	3470	2569	1908	
3	312	2126	3471	
3	371	2776	2126	
3	560	3471	2776	
3	2126	2776	3471	
3	639	3472	3473	
3	307	2598	3472	
3	263	3473	2598	
3	3472	2598	3473	
3	578	3474	3476	
3	735	3475	3474	
3	582	3476	3475	
3	3474	3475	3476	
3	625	3477	3479	
3	531	3478	3477	
3	831	3479	3478	
3	3477	3478	3479	
3	734	3480	3482	
3	640	3481	3480	
3	436	3482	3481	
3	3480	3481	3482	
3	325	3011	2648	
3	532	3317	3011	
3	378	2648	3317	
3	3011	3317	2648	
3	532	3013	2874	
3	479	3483	3013	
3	565	2874	3483	
3	3013	3483	2874	
3	440	3424	3318	
3	518	3484	3424	
3	533	3318	3484	
3	3424	3484	3318	
3	379	2674	2606	
3	533	3484	2674	
3	518	2606	3484	
3	2674	3484	2606	
3	297	3078	2831	
3	495	3485	3078	
3	534	2831	3485	
3	3078	3485	2831	
3	534	3485	3346	
3	495	3486	3485	
3	535	3346	3486	
3	3485	3486	3346	
3	495	2142	3486	
3	398	3075	2142	
3	535	3486	3075	
3	2142	3075	3486	
3	536	3076	3439	
3	398	2552	3076	
3	348	3439	2552	
3	3076	2552	3439	
3	348	3437	3438	
3	628	3487	3437	
3	629	3438	3487	
3	3437	3487	3438	
3	520	3345	3271	
3	535	3074	3345	
3	536	3271	3074	
3	3345	3074	3271	
3	811	3488	3489	
3	448	2835	3488	
3	801	3489	2835	
3	3488	2835	3489	
3	788	3490	3491	
3	445	3231	3490	
3	810	3491	3231	
3	3490	3231	3491	
3	864	3492	3464	
3	441	3493	3492	
3	622	3464	3493	
3	3492	3493	3464	
3	490	3494	3496	
3	690	3495	3494	
3	962	3496	3495	
3	3494	3495	3496	
3	684	3497	3499	
3	603	3498	3497	
3	683	3499	3498	
3	3497	3498	3499	
3	701	3500	3501	
3	483	3249	3500	
3	669	3501	3249	
3	3500	3249	3501	
3	409	2862	3502	
3	904	3366	2862	
3	626	3502	3366	
3	2862	3366	3502	
3	390	3068	2815	
3	279	3503	3068	
3	679	2815	3503	
3	3068	3503	2815	
3	22	3163	2197	
3	421	3504	3163	
3	541	2197	3504	
3	3163	3504	2197	
3	727	3505	3506	
3	301	3149	3505	
3	261	3506	3149	
3	3505	3149	3506	
3	588	3507	3508	
3	589	3440	3507	
3	512	3508	3440	
3	3507	3440	3508	
3	633	3509	3510	
3	357	1993	3509	
3	632	3510	1993	
3	3509	1993	3510	
3	431	3511	3513	
3	584	3512	3511	
3	649	3513	3512	
3	3511	3512	3513	
3	268	2468	3515	
3	543	3514	2468	
3	675	3515	3514	
3	2468	3514	3515	
3	472	3303	2657	
3	269	2974	3303	
3	544	2657	2974	
3	3303	2974	2657	
3	640	2975	3481	
3	269	3190	2975	
3	436	3481	3190	
3	2975	3190	3481	
3	517	2678	3517	
3	618	3516	2678	
3	759	3517	3516	
3	2678	3516	3517	
3	325	3315	3012	
3	620	3518	3315	
3	479	3012	3518	
3	3315	3518	3012	
3	824	3519	3521	
3	828	3520	3519	
3	688	3521	3520	
3	3519	3520	3521	
3	624	3522	3034	
3	912	3523	3522	
3	333	3034	3523	
3	3522	3523	3034	
3	521	3524	3526	
3	720	3525	3524	
3	719	3526	3525	
3	3524	3525	3526	
3	286	3402	3444	
3	547	3527	3402	
3	677	3444	3527	
3	3402	3527	3444	
3	725	3528	3530	
3	652	3529	3528	
3	695	3530	3529	
3	3528	3529	3530	
3	291	3531	3532	
3	586	3455	3531	
3	585	3532	3455	
3	3531	3455	3532	
3	308	3258	2370	
3	549	2911	3258	
3	369	2370	2911	
3	3258	2911	2370	
3	548	2844	3533	
3	549	3257	2844	
3	524	3533	3257	
3	2844	3257	3533	
3	551	2720	3534	
3	550	2845	2720	
3	548	3534	2845	
3	2720	2845	3534	
3	356	2478	2719	
3	457	2013	2478	
3	550	2719	2013	
3	2478	2013	2719	
3	552	3400	3535	
3	551	3534	3400	
3	548	3535	3534	
3	3400	3534	3535	
3	356	2718	2532	
3	551	3399	2718	
3	291	2532	3399	
3	2718	3399	2532	
3	524	3536	3533	
3	700	3537	3536	
3	548	3533	3537	
3	3536	3537	3533	
3	256	3538	3173	
3	588	3508	3538	
3	512	3173	3508	
3	3538	3508	3173	
3	846	3539	3541	
3	845	3540	3539	
3	820	3541	3540	
3	3539	3540	3541	
3	577	3542	3544	
3	583	3543	3542	
3	580	3544	3543	
3	3542	3543	3544	
3	570	2225	3546	
3	28	3545	2225	
3	27	3546	3545	
3	2225	3545	3546	
3	554	2223	3152	
3	570	3547	2223	
3	576	3152	3547	
3	2223	3547	3152	
3	816	3548	2662	
3	528	3301	3548	
3	310	2662	3301	
3	3548	3301	2662	
3	305	3549	3550	
3	595	3468	3549	
3	594	3550	3468	
3	3549	3468	3550	
3	310	3302	2438	
3	556	2267	3302	
3	370	2438	2267	
3	3302	2267	2438	
3	557	2760	3552	
3	528	3551	2760	
3	555	3552	3551	
3	2760	3551	3552	
3	558	3182	3553	
3	557	3552	3182	
3	555	3553	3552	
3	3182	3552	3553	
3	367	2279	3184	
3	471	2326	2279	
3	557	3184	2326	
3	2279	2326	3184	
3	559	3403	3554	
3	558	3553	3403	
3	555	3554	3553	
3	3403	3553	3554	
3	367	3183	2737	
3	558	3405	3183	
3	305	2737	3405	
3	3183	3405	2737	
3	555	3551	3556	
3	528	3555	3551	
3	693	3556	3555	
3	3551	3555	3556	
3	262	3557	3178	
3	643	3558	3557	
3	513	3178	3558	
3	3557	3558	3178	
3	580	3278	3544	
3	529	2567	3278	
3	577	3544	2567	
3	3278	2567	3544	
3	312	3471	3560	
3	560	3559	3471	
3	615	3560	3559	
3	3471	3559	3560	
3	646	3561	3563	
3	362	3562	3561	
3	611	3563	3562	
3	3561	3562	3563	
3	473	3094	2985	
3	561	2568	3094	
3	529	2985	2568	
3	3094	2568	2985	
3	474	2995	2480	
3	562	2655	2995	
3	372	2480	2655	
3	2995	2655	2480	
3	562	2994	2865	
3	530	3564	2994	
3	572	2865	3564	
3	2994	3564	2865	
3	672	3413	3566	
3	433	3565	3413	
3	856	3566	3565	
3	3413	3565	3566	
3	616	2529	3148	
3	318	3567	2529	
3	692	3148	3567	
3	2529	3567	3148	
3	503	2440	2948	
3	344	3568	2440	
3	716	2948	3568	
3	2440	3568	2948	
3	847	3569	3323	
3	279	3048	3569	
3	277	3323	3048	
3	3569	3048	3323	
3	620	3570	3518	
3	866	3423	3570	
3	479	3518	3423	
3	3570	3423	3518	
3	565	3571	3573	
3	698	3572	3571	
3	827	3573	3572	
3	3571	3572	3573	
3	566	3370	3575	
3	902	3574	3370	
3	822	3575	3574	
3	3370	3574	3575	
3	904	2863	3371	
3	343	3576	2863	
3	504	3371	3576	
3	2863	3576	3371	
3	506	3577	3579	
3	566	3578	3577	
3	843	3579	3578	
3	3577	3578	3579	
3	345	2096	3580	
3	394	2958	2096	
3	491	3580	2958	
3	2096	2958	3580	
3	568	3339	3581	
3	281	3383	3339	
3	905	3581	3383	
3	3339	3383	3581	
3	867	3377	3582	
3	567	2808	3377	
3	794	3582	2808	
3	3377	2808	3582	
3	508	3155	3583	
3	420	2929	3155	
3	680	3583	2929	
3	3155	2929	3583	
3	15	2289	3585	
3	415	3584	2289	
3	680	3585	3584	
3	2289	3584	3585	
3	27	2181	3546	
3	509	3586	2181	
3	570	3546	3586	
3	2181	3586	3546	
3	570	3586	3547	
3	509	3587	3586	
3	576	3547	3587	
3	3586	3587	3547	
3	820	3588	3589	
3	464	3283	3588	
3	553	3589	3283	
3	3588	3283	3589	
3	693	3555	3591	
3	528	3590	3555	
3	818	3591	3590	
3	3555	3590	3591	
3	307	3472	3306	
3	639	3419	3472	
3	530	3306	3419	
3	3472	3419	3306	
3	752	3592	3594	
3	750	3593	3592	
3	737	3594	3593	
3	3592	3593	3594	
3	625	3065	3477	
3	282	3595	3065	
3	531	3477	3595	
3	3065	3595	3477	
3	341	3125	3338	
3	176	2556	3125	
3	281	3338	2556	
3	3125	2556	3338	
3	444	2299	3596	
3	794	2807	2299	
3	393	3596	2807	
3	2299	2807	3596	
3	927	3597	3599	
3	902	3598	3597	
3	905	3599	3598	
3	3597	3598	3599	
3	701	3600	3602	
3	932	3601	3600	
3	861	3602	3601	
3	3600	3601	3602	
3	641	3603	3604	
3	467	3177	3603	
3	365	3604	3177	
3	3603	3177	3604	
3	702	3605	3606	
3	650	3286	3605	
3	694	3606	3286	
3	3605	3286	3606	
3	641	3604	3607	
3	365	2023	3604	
3	468	3607	2023	
3	3604	2023	3607	
3	655	3608	3610	
3	571	3609	3608	
3	646	3610	3609	
3	3608	3609	3610	
3	429	2641	3611	
3	265	3181	2641	
3	615	3611	3181	
3	2641	3181	3611	
3	1111	3612	3613	
3	1130	2169	3612	
3	1129	3613	2169	
3	3612	2169	3613	
3	582	3410	2504	
3	266	2528	3410	
3	202	2504	2528	
3	3410	2528	2504	
3	680	3584	3583	
3	415	3141	3584	
3	508	3583	3141	
3	3584	3141	3583	
3	541	3504	3614	
3	421	2194	3504	
3	575	3614	2194	
3	3504	2194	3614	
3	583	3542	3615	
3	577	3470	3542	
3	571	3615	3470	
3	3542	3470	3615	
3	583	3616	3618	
3	657	3617	3616	
3	821	3618	3617	
3	3616	3617	3618	
3	738	3619	3621	
3	744	3620	3619	
3	749	3621	3620	
3	3619	3620	3621	
3	759	3516	3623	
3	618	3622	3516	
3	755	3623	3622	
3	3516	3622	3623	
3	313	3185	2080	
3	578	3476	3185	
3	582	2080	3476	
3	3185	3476	2080	
3	572	3624	2866	
3	735	3474	3624	
3	578	2866	3474	
3	3624	3474	2866	
3	656	3625	3626	
3	571	3608	3625	
3	655	3626	3608	
3	3625	3608	3626	
3	693	3591	3628	
3	818	3627	3591	
3	882	3628	3627	
3	3591	3627	3628	
3	735	3629	3475	
3	584	3411	3629	
3	582	3475	3411	
3	3629	3411	3475	
3	431	2668	3511	
3	266	3412	2668	
3	584	3511	3412	
3	2668	3412	3511	
3	69	1953	1933	
3	291	3532	1953	
3	585	1933	3532	
3	1953	3532	1933	
3	586	3531	3630	
3	291	3401	3531	
3	552	3630	3401	
3	3531	3401	3630	
3	587	3631	3632	
3	586	3630	3631	
3	552	3632	3630	
3	3631	3630	3632	
3	256	3456	3538	
3	586	3633	3456	
3	588	3538	3633	
3	3456	3633	3538	
3	548	3537	3535	
3	700	3634	3537	
3	552	3535	3634	
3	3537	3634	3535	
3	689	3635	3636	
3	633	3349	3635	
3	542	3636	3349	
3	3635	3349	3636	
3	586	3631	3633	
3	587	3637	3631	
3	588	3633	3637	
3	3631	3637	3633	
3	589	3507	3638	
3	588	3637	3507	
3	587	3638	3637	
3	3507	3637	3638	
3	589	3638	3640	
3	587	3639	3638	
3	591	3640	3639	
3	3638	3639	3640	
3	512	3442	2477	
3	590	3641	3442	
3	542	2477	3641	
3	3442	3641	2477	
3	591	3642	3640	
3	590	3441	3642	
3	589	3640	3441	
3	3642	3441	3640	
3	689	3643	3635	
3	720	3644	3643	
3	633	3635	3644	
3	3643	3644	3635	
3	552	3645	3632	
3	681	3646	3645	
3	587	3632	3646	
3	3645	3646	3632	
3	677	3353	3648	
3	724	3647	3353	
3	809	3648	3647	
3	3353	3647	3648	
3	13	3649	3650	
3	579	2311	3649	
3	14	3650	2311	
3	3649	2311	3650	
3	540	2946	3652	
3	716	3651	2946	
3	531	3652	3651	
3	2946	3651	3652	
3	989	3653	3655	
3	998	3654	3653	
3	1001	3655	3654	
3	3653	3654	3655	
3	541	3614	2245	
3	575	3656	3614	
3	714	2245	3656	
3	3614	3656	2245	
3	57	2338	2496	
3	305	3550	2338	
3	594	2496	3550	
3	2338	3550	2496	
3	595	3549	3657	
3	305	3404	3549	
3	559	3657	3404	
3	3549	3404	3657	
3	642	3658	3659	
3	595	3657	3658	
3	559	3659	3657	
3	3658	3657	3659	
3	262	3469	3557	
3	595	3660	3469	
3	643	3557	3660	
3	3469	3660	3557	
3	195	2376	2362	
3	306	3661	2376	
3	596	2362	3661	
3	2376	3661	2362	
3	597	2852	2849	
3	596	3661	2852	
3	306	2849	3661	
3	2852	3661	2849	
3	640	3662	3416	
3	880	3663	3662	
3	516	3416	3663	
3	3662	3663	3416	
3	263	2853	3473	
3	597	3664	2853	
3	639	3473	3664	
3	2853	3664	3473	
3	599	3454	3665	
3	598	2368	3454	
3	264	3665	2368	
3	3454	2368	3665	
3	308	2009	3453	
3	64	2473	2009	
3	598	3453	2473	
3	2009	2473	3453	
3	644	2335	3666	
3	513	3558	2335	
3	643	3666	3558	
3	2335	3558	3666	
3	652	3667	3668	
3	599	3665	3667	
3	264	3668	3665	
3	3667	3665	3668	
3	141	2838	2730	
3	332	3669	2838	
3	600	2730	3669	
3	2838	3669	2730	
3	601	3031	3670	
3	600	3669	3031	
3	332	3670	3669	
3	3031	3669	3670	
3	332	2738	3670	
3	483	3671	2738	
3	601	3670	3671	
3	2738	3671	3670	
3	669	3430	3501	
3	685	3672	3430	
3	701	3501	3672	
3	3430	3672	3501	
3	603	3365	3673	
3	602	2832	3365	
3	276	3673	2832	
3	3365	2832	3673	
3	335	2811	3364	
3	133	2794	2811	
3	602	3364	2794	
3	2811	2794	3364	
3	276	2839	3673	
3	453	3674	2839	
3	603	3673	3674	
3	2839	3674	3673	
3	683	3675	3677	
3	453	3676	3675	
3	673	3677	3676	
3	3675	3676	3677	
3	910	3678	3680	
3	876	3679	3678	
3	670	3680	3679	
3	3678	3679	3680	
3	410	3681	2960	
3	678	3682	3681	
3	504	2960	3682	
3	3681	3682	2960	
3	246	2905	2430	
3	342	3683	2905	
3	605	2430	3683	
3	2905	3683	2430	
3	606	3331	1962	
3	605	3683	3331	
3	342	1962	3683	
3	3331	3683	1962	
3	690	3494	3208	
3	490	3121	3494	
3	635	3208	3121	
3	3494	3121	3208	
3	606	3684	3686	
3	962	3685	3684	
3	863	3686	3685	
3	3684	3685	3686	
3	608	3447	3247	
3	607	2726	3447	
3	288	3247	2726	
3	3447	2726	3247	
3	353	2750	3446	
3	127	2785	2750	
3	607	3446	2785	
3	2750	2785	3446	
3	786	3687	3689	
3	838	3688	3687	
3	424	3689	3688	
3	3687	3688	3689	
3	522	3083	3170	
3	353	3445	3083	
3	608	3170	3445	
3	3083	3445	3170	
3	610	3169	3690	
3	609	1960	3169	
3	290	3690	1960	
3	3169	1960	3690	
3	255	2485	3168	
3	121	2034	2485	
3	609	3168	2034	
3	2485	2034	3168	
3	290	2043	3690	
3	456	3691	2043	
3	610	3690	3691	
3	2043	3691	3690	
3	774	3253	3693	
3	779	3692	3253	
3	768	3693	3692	
3	3253	3692	3693	
3	646	3563	2903	
3	611	2471	3563	
3	298	2903	2471	
3	3563	2471	2903	
3	362	2452	3562	
3	43	2447	2452	
3	611	3562	2447	
3	2452	2447	3562	
3	710	3694	3696	
3	709	3695	3694	
3	592	3696	3695	
3	3694	3695	3696	
3	16	3697	2931	
3	15	3585	3697	
3	680	2931	3585	
3	3697	3585	2931	
3	727	3506	3698	
3	261	3156	3506	
3	508	3698	3156	
3	3506	3156	3698	
3	939	3699	3701	
3	982	3700	3699	
3	849	3701	3700	
3	3699	3700	3701	
3	615	3180	3560	
3	614	1942	3180	
3	312	3560	1942	
3	3180	1942	3560	
3	265	2437	3179	
3	49	2464	2437	
3	614	3179	2464	
3	2437	2464	3179	
3	580	3702	3279	
3	859	3703	3702	
3	560	3279	3703	
3	3702	3703	3279	
3	615	3559	3704	
3	560	3703	3559	
3	859	3704	3703	
3	3559	3703	3704	
3	506	3379	3131	
3	636	2687	3379	
3	476	3131	2687	
3	3379	2687	3131	
3	267	2536	3147	
3	184	2867	2536	
3	616	3147	2867	
3	2536	2867	3147	
3	216	2608	2613	
3	270	3705	2608	
3	617	2613	3705	
3	2608	3705	2613	
3	618	3420	3706	
3	617	3705	3420	
3	270	3706	3705	
3	3420	3705	3706	
3	270	2524	3706	
3	438	3707	2524	
3	618	3706	3707	
3	2524	3707	3706	
3	739	3708	3710	
3	747	3709	3708	
3	478	3710	3709	
3	3708	3709	3710	
3	222	2503	2645	
3	271	3711	2503	
3	619	2645	3711	
3	2503	3711	2645	
3	620	3314	3712	
3	619	3711	3314	
3	271	3712	3711	
3	3314	3711	3712	
3	271	2624	3712	
3	545	3713	2624	
3	620	3712	3713	
3	2624	3713	3712	
3	545	3714	3716	
3	676	3715	3714	
3	886	3716	3715	
3	3714	3715	3716	
3	622	3429	2144	
3	621	2676	3429	
3	327	2144	2676	
3	3429	2676	2144	
3	273	2712	3428	
3	232	1934	2712	
3	621	3428	1934	
3	2712	1934	3428	
3	440	3316	3717	
3	565	3573	3316	
3	827	3717	3573	
3	3316	3573	3717	
3	441	2308	3493	
3	273	3427	2308	
3	622	3493	3427	
3	2308	3427	3493	
3	147	2829	2841	
3	384	3718	2829	
3	623	2841	3718	
3	2829	3718	2841	
3	624	3033	3719	
3	623	3718	3033	
3	384	3719	3718	
3	3033	3718	3719	
3	384	3322	3719	
3	546	3720	3322	
3	624	3719	3720	
3	3322	3720	3719	
3	519	3721	3102	
3	691	3435	3721	
3	546	3102	3435	
3	3721	3435	3102	
3	375	2685	2120	
3	636	3722	2685	
3	318	2120	3722	
3	2685	3722	2120	
3	168	2942	2968	
3	647	3064	2942	
3	396	2968	3064	
3	2942	3064	2968	
3	281	2555	3723	
3	175	3212	2555	
3	815	3723	3212	
3	2555	3212	3723	
3	637	3334	3003	
3	564	2046	3334	
3	391	3003	2046	
3	3334	2046	3003	
3	99	2119	2094	
3	284	3724	2119	
3	627	2094	3724	
3	2119	3724	2094	
3	627	3724	3436	
3	284	3725	3724	
3	628	3436	3725	
3	3724	3725	3436	
3	763	3726	3728	
3	349	3727	3726	
3	537	3728	3727	
3	3726	3727	3728	
3	763	1983	3726	
3	284	2111	1983	
3	349	3726	2111	
3	1983	2111	3726	
3	448	3729	2833	
3	763	3728	3729	
3	537	2833	3728	
3	3729	3728	2833	
3	253	2963	3227	
3	537	3730	2963	
3	447	3227	3730	
3	2963	3730	3227	
3	448	3731	3733	
3	808	3732	3731	
3	803	3733	3732	
3	3731	3732	3733	
3	662	3734	3736	
3	791	3735	3734	
3	804	3736	3735	
3	3734	3735	3736	
3	791	3737	3739	
3	799	3738	3737	
3	630	3739	3738	
3	3737	3738	3739	
3	253	2843	2964	
3	445	3740	2843	
3	801	2964	3740	
3	2843	3740	2964	
3	75	1986	1990	
3	292	3741	1986	
3	632	1990	3741	
3	1986	3741	1990	
3	633	3510	3350	
3	632	3741	3510	
3	292	3350	3741	
3	3510	3741	3350	
3	689	3636	3742	
3	542	3641	3636	
3	590	3742	3641	
3	3636	3641	3742	
3	521	3239	3743	
3	357	3509	3239	
3	633	3743	3509	
3	3239	3509	3743	
3	30	2232	2240	
3	526	3744	2232	
3	634	2240	3744	
3	2232	3744	2240	
3	468	3458	3607	
3	650	3745	3458	
3	641	3607	3745	
3	3458	3745	3607	
3	667	3746	2804	
3	411	3099	3746	
3	274	2804	3099	
3	3746	3099	2804	
3	593	3747	3206	
3	865	3748	3747	
3	538	3206	3748	
3	3747	3748	3206	
3	492	3128	1925	
3	344	3114	3128	
3	396	1925	3114	
3	3128	3114	1925	
3	343	3749	3576	
3	795	2961	3749	
3	504	3576	2961	
3	3749	2961	3576	
3	170	2441	3751	
3	503	3750	2441	
3	171	3751	3750	
3	2441	3750	3751	
3	645	3298	3369	
3	568	3752	3298	
3	902	3369	3752	
3	3298	3752	3369	
3	736	3753	3754	
3	735	3624	3753	
3	572	3754	3624	
3	3753	3624	3754	
3	419	2322	3392	
3	19	3161	2322	
3	302	3392	3161	
3	2322	3161	3392	
3	860	3755	3756	
3	597	2848	3755	
3	516	3756	2848	
3	3755	2848	3756	
3	572	3757	3754	
3	819	3758	3757	
3	736	3754	3758	
3	3757	3758	3754	
3	715	3759	3761	
3	672	3760	3759	
3	638	3761	3760	
3	3759	3760	3761	
3	880	3762	3663	
3	860	3756	3762	
3	516	3663	3756	
3	3762	3756	3663	
3	509	2934	3763	
3	418	3386	2934	
3	704	3763	3386	
3	2934	3386	3763	
3	702	3764	3765	
3	726	3287	3764	
3	641	3765	3287	
3	3764	3287	3765	
3	559	3554	3766	
3	555	3556	3554	
3	693	3766	3556	
3	3554	3556	3766	
3	552	3634	3645	
3	700	3767	3634	
3	681	3645	3767	
3	3634	3767	3645	
3	595	3658	3660	
3	642	3768	3658	
3	643	3660	3768	
3	3658	3768	3660	
3	644	3666	3769	
3	643	3768	3666	
3	642	3769	3768	
3	3666	3768	3769	
3	559	3766	3659	
3	693	3465	3766	
3	642	3659	3465	
3	3766	3465	3659	
3	264	1901	3668	
3	309	3770	1901	
3	652	3668	3770	
3	1901	3770	3668	
3	343	2950	3749	
3	166	2559	2950	
3	795	3749	2559	
3	2950	2559	3749	
3	921	3771	3773	
3	531	3772	3771	
3	908	3773	3772	
3	3771	3772	3773	
3	298	1871	2904	
3	525	3275	1871	
3	653	2904	3275	
3	1871	3275	2904	
3	362	3561	1907	
3	646	3609	3561	
3	571	1907	3609	
3	3561	3609	1907	
3	281	3723	3381	
3	815	3774	3723	
3	831	3381	3774	
3	3723	3774	3381	
3	881	3775	3776	
3	692	3567	3775	
3	318	3776	3567	
3	3775	3567	3776	
3	796	3777	3778	
3	813	3228	3777	
3	494	3778	3228	
3	3777	3228	3778	
3	833	3779	3781	
3	872	3780	3779	
3	664	3781	3780	
3	3779	3780	3781	
3	514	3782	3783	
3	751	3311	3782	
3	748	3783	3311	
3	3782	3311	3783	
3	569	2252	3784	
3	705	2272	2252	
3	527	3784	2272	
3	2252	2272	3784	
3	634	3744	3459	
3	526	3284	3744	
3	650	3459	3284	
3	3744	3284	3459	
3	694	3285	3785	
3	526	3151	3285	
3	576	3785	3151	
3	3285	3151	3785	
3	718	3786	3788	
3	740	3787	3786	
3	745	3788	3787	
3	3786	3787	3788	
3	644	3769	3790	
3	642	3789	3769	
3	651	3790	3789	
3	3769	3789	3790	
3	661	3791	3792	
3	659	2334	3791	
3	644	3792	2334	
3	3791	2334	3792	
3	587	3646	3794	
3	681	3793	3646	
3	823	3794	3793	
3	3646	3793	3794	
3	653	3274	3796	
3	464	3795	3274	
3	654	3796	3795	
3	3274	3795	3796	
3	646	2902	3610	
3	653	3797	2902	
3	655	3610	3797	
3	2902	3797	3610	
3	466	3282	3799	
3	467	3798	3282	
3	970	3799	3798	
3	3282	3798	3799	
3	583	3800	3616	
3	656	3801	3800	
3	657	3616	3801	
3	3800	3801	3616	
3	653	3796	3797	
3	654	3802	3796	
3	655	3797	3802	
3	3796	3802	3797	
3	571	3625	3615	
3	656	3800	3625	
3	583	3615	3800	
3	3625	3800	3615	
3	655	3802	3626	
3	654	3803	3802	
3	656	3626	3803	
3	3802	3803	3626	
3	657	3801	3804	
3	656	3803	3801	
3	654	3804	3803	
3	3801	3803	3804	
3	820	3805	3588	
3	654	3795	3805	
3	464	3588	3795	
3	3805	3795	3588	
3	1001	3806	3808	
3	1037	3807	3806	
3	966	3808	3807	
3	3806	3807	3808	
3	807	3809	3811	
3	648	3810	3809	
3	792	3811	3810	
3	3809	3810	3811	
3	839	3812	3814	
3	630	3813	3812	
3	648	3814	3813	
3	3812	3813	3814	
3	661	3792	3815	
3	644	3790	3792	
3	651	3815	3790	
3	3792	3790	3815	
3	309	1915	3770	
3	659	3816	1915	
3	652	3770	3816	
3	1915	3816	3770	
3	844	3817	3819	
3	793	3818	3817	
3	857	3819	3818	
3	3817	3818	3819	
3	766	3820	3822	
3	806	3821	3820	
3	662	3822	3821	
3	3820	3821	3822	
3	695	3823	3824	
3	661	3815	3823	
3	651	3824	3815	
3	3823	3815	3824	
3	652	3816	3825	
3	659	3791	3816	
3	661	3825	3791	
3	3816	3791	3825	
3	811	3826	3828	
3	788	3827	3826	
3	785	3828	3827	
3	3826	3827	3828	
3	783	3829	3830	
3	772	3226	3829	
3	777	3830	3226	
3	3829	3226	3830	
3	980	3831	3833	
3	984	3832	3831	
3	983	3833	3832	
3	3831	3832	3833	
3	773	3834	3836	
3	775	3835	3834	
3	778	3836	3835	
3	3834	3835	3836	
3	797	3837	3839	
3	790	3838	3837	
3	814	3839	3838	
3	3837	3838	3839	
3	773	3840	3842	
3	774	3841	3840	
3	459	3842	3841	
3	3840	3841	3842	
3	538	3748	3844	
3	865	3843	3748	
3	898	3844	3843	
3	3748	3843	3844	
3	1698	3845	3847	
3	1718	3846	3845	
3	1025	3847	3846	
3	3845	3846	3847	
3	569	1950	2253	
3	417	2767	1950	
3	8	2253	2767	
3	1950	2767	2253	
3	635	3122	3848	
3	411	3746	3122	
3	667	3848	3746	
3	3122	3746	3848	
3	268	3515	3310	
3	675	3849	3515	
3	478	3310	3849	
3	3515	3849	3310	
3	747	3850	3852	
3	753	3851	3850	
3	668	3852	3851	
3	3850	3851	3852	
3	408	3320	2301	
3	539	3431	3320	
3	669	2301	3431	
3	3320	3431	2301	
3	686	3853	3855	
3	539	3854	3853	
3	684	3855	3854	
3	3853	3854	3855	
3	910	3856	3858	
3	484	3857	3856	
3	912	3858	3857	
3	3856	3857	3858	
3	914	3859	3861	
3	933	3860	3859	
3	917	3861	3860	
3	3859	3860	3861	
3	13	2318	3649	
3	469	2260	2318	
3	579	3649	2260	
3	2318	2260	3649	
3	418	2176	3862	
3	25	3393	2176	
3	671	3862	3393	
3	2176	3393	3862	
3	491	2928	3580	
3	340	2967	2928	
3	345	3580	2967	
3	2928	2967	3580	
3	734	3482	3863	
3	436	3415	3482	
3	715	3863	3415	
3	3482	3415	3863	
3	682	3864	3108	
3	684	3854	3864	
3	539	3108	3854	
3	3864	3854	3108	
3	453	3398	3676	
3	522	3172	3398	
3	673	3676	3172	
3	3398	3172	3676	
3	328	3095	3202	
3	441	3865	3095	
3	674	3202	3865	
3	3095	3865	3202	
3	593	3205	3866	
3	674	3865	3205	
3	441	3866	3865	
3	3205	3865	3866	
3	722	3867	3869	
3	825	3868	3867	
3	1007	3869	3868	
3	3867	3868	3869	
3	478	3849	3710	
3	675	3870	3849	
3	739	3710	3870	
3	3849	3870	3710	
3	565	3483	3571	
3	479	3422	3483	
3	698	3571	3422	
3	3483	3422	3571	
3	545	2006	3714	
3	517	3871	2006	
3	676	3714	3871	
3	2006	3871	3714	
3	719	3872	3526	
3	547	2535	3872	
3	521	3526	2535	
3	3872	2535	3526	
3	677	3527	3873	
3	547	3872	3527	
3	719	3873	3872	
3	3527	3872	3873	
3	540	3652	3115	
3	531	3595	3652	
3	282	3115	3595	
3	3652	3595	3115	
3	531	3874	3772	
3	574	3062	3874	
3	908	3772	3062	
3	3874	3062	3772	
3	171	3750	2715	
3	503	2947	3750	
3	540	2715	2947	
3	3750	2947	2715	
3	678	3875	3877	
3	567	3876	3875	
3	488	3877	3876	
3	3875	3876	3877	
3	709	3878	3879	
3	711	3297	3878	
3	707	3879	3297	
3	3878	3297	3879	
3	702	3765	3605	
3	641	3745	3765	
3	650	3605	3745	
3	3765	3745	3605	
3	695	3529	3823	
3	652	3825	3529	
3	661	3823	3825	
3	3529	3825	3823	
3	700	3536	3881	
3	524	3880	3536	
3	725	3881	3880	
3	3536	3880	3881	
3	335	3363	2114	
3	603	3882	3363	
3	682	2114	3882	
3	3363	3882	2114	
3	603	3674	3498	
3	453	3675	3674	
3	683	3498	3675	
3	3674	3675	3498	
3	687	3883	3885	
3	688	3884	3883	
3	686	3885	3884	
3	3883	3884	3885	
3	601	3671	3886	
3	483	3500	3671	
3	701	3886	3500	
3	3671	3500	3886	
3	603	3497	3882	
3	684	3864	3497	
3	682	3882	3864	
3	3497	3864	3882	
3	684	3499	3855	
3	683	3887	3499	
3	686	3855	3887	
3	3499	3887	3855	
3	539	3853	3432	
3	686	3888	3853	
3	685	3432	3888	
3	3853	3888	3432	
3	912	3522	3890	
3	624	3889	3522	
3	914	3890	3889	
3	3522	3889	3890	
3	673	3891	3677	
3	687	3892	3891	
3	683	3677	3892	
3	3891	3892	3677	
3	686	3887	3885	
3	683	3892	3887	
3	687	3885	3892	
3	3887	3892	3885	
3	873	3893	3448	
3	608	3246	3893	
3	511	3448	3246	
3	3893	3246	3448	
3	686	3884	3888	
3	688	3894	3884	
3	685	3888	3894	
3	3884	3894	3888	
3	673	3895	3897	
3	890	3896	3895	
3	1008	3897	3896	
3	3895	3896	3897	
3	918	3898	3900	
3	843	3899	3898	
3	822	3900	3899	
3	3898	3899	3900	
3	591	3901	3642	
3	825	3902	3901	
3	590	3642	3902	
3	3901	3902	3642	
3	721	3903	3905	
3	722	3904	3903	
3	723	3905	3904	
3	3903	3904	3905	
3	635	3848	3209	
3	667	3906	3848	
3	898	3209	3906	
3	3848	3906	3209	
3	863	2900	3686	
3	280	3330	2900	
3	606	3686	3330	
3	2900	3330	3686	
3	519	3110	3908	
3	601	3907	3110	
3	861	3908	3907	
3	3110	3907	3908	
3	828	3909	3910	
3	701	3672	3909	
3	685	3910	3672	
3	3909	3672	3910	
3	626	3368	3335	
3	488	3055	3368	
3	920	3335	3055	
3	3368	3055	3335	
3	488	3372	3877	
3	504	3682	3372	
3	678	3877	3682	
3	3372	3682	3877	
3	816	2661	3912	
3	429	3911	2661	
3	817	3912	3911	
3	2661	3911	3912	
3	583	3618	3543	
3	821	3913	3618	
3	580	3543	3913	
3	3618	3913	3543	
3	576	3587	2573	
3	509	3763	3587	
3	704	2573	3763	
3	3587	3763	2573	
3	418	3862	3384	
3	671	3914	3862	
3	713	3384	3914	
3	3862	3914	3384	
3	862	3915	3467	
3	651	3789	3915	
3	642	3467	3789	
3	3915	3789	3467	
3	700	3916	3767	
3	740	3917	3916	
3	681	3767	3917	
3	3916	3917	3767	
3	798	3918	3920	
3	797	3919	3918	
3	452	3920	3919	
3	3918	3919	3920	
3	699	3921	3923	
3	723	3922	3921	
3	833	3923	3922	
3	3921	3922	3923	
3	899	3924	3925	
3	690	3207	3924	
3	898	3925	3207	
3	3924	3207	3925	
3	665	3926	3927	
3	248	2893	3926	
3	703	3927	2893	
3	3926	2893	3927	
3	441	3492	3866	
3	864	3928	3492	
3	593	3866	3928	
3	3492	3928	3866	
3	895	3929	3930	
3	698	3421	3929	
3	866	3930	3421	
3	3929	3421	3930	
3	719	3525	3932	
3	720	3931	3525	
3	721	3932	3931	
3	3525	3931	3932	
3	723	3921	3905	
3	699	3933	3921	
3	721	3905	3933	
3	3921	3933	3905	
3	599	3934	3407	
3	725	3880	3934	
3	524	3407	3880	
3	3934	3880	3407	
3	599	3667	3934	
3	652	3528	3667	
3	725	3934	3528	
3	3667	3528	3934	
3	828	3910	3520	
3	685	3894	3910	
3	688	3520	3894	
3	3910	3894	3520	
3	861	3935	3908	
3	691	3721	3935	
3	519	3908	3721	
3	3935	3721	3908	
3	576	2575	3785	
3	829	3936	2575	
3	694	3785	3936	
3	2575	3936	3785	
3	820	3540	3805	
3	845	3937	3540	
3	654	3805	3937	
3	3540	3937	3805	
3	863	3938	3940	
3	996	3939	3938	
3	1019	3940	3939	
3	3938	3939	3940	
3	665	3927	3942	
3	703	3941	3927	
3	893	3942	3941	
3	3927	3941	3942	
3	854	3943	3945	
3	938	3944	3943	
3	731	3945	3944	
3	3943	3944	3945	
3	702	3946	3764	
3	741	3947	3946	
3	726	3764	3947	
3	3946	3947	3764	
3	569	3784	1951	
3	527	3158	3784	
3	706	1951	3158	
3	3784	3158	1951	
3	613	2257	2424	
3	9	2765	2257	
3	417	2424	2765	
3	2257	2765	2424	
3	951	3948	2220	
3	1094	3294	3948	
3	470	2220	3294	
3	3948	3294	2220	
3	592	3695	2734	
3	709	3949	3695	
3	469	2734	3949	
3	3695	3949	2734	
3	707	2261	3879	
3	469	3949	2261	
3	709	3879	3949	
3	2261	3949	3879	
3	940	3950	3952	
3	0	3951	3950	
3	850	3952	3951	
3	3950	3951	3952	
3	730	3953	3955	
3	742	3954	3953	
3	712	3955	3954	
3	3953	3954	3955	
3	592	2303	3696	
3	10	2269	2303	
3	710	3696	2269	
3	2303	2269	3696	
3	712	3956	3957	
3	709	3694	3956	
3	710	3957	3694	
3	3956	3694	3957	
3	613	2426	2268	
3	366	3958	2426	
3	710	2268	3958	
3	2426	3958	2268	
3	709	3956	3878	
3	712	3959	3956	
3	711	3878	3959	
3	3956	3959	3878	
3	712	3960	3955	
3	366	3961	3960	
3	730	3955	3961	
3	3960	3961	3955	
3	746	3962	3964	
3	729	3963	3962	
3	742	3964	3963	
3	3962	3963	3964	
3	710	3958	3957	
3	366	3960	3958	
3	712	3957	3960	
3	3958	3960	3957	
3	706	3157	3390	
3	830	3965	3157	
3	366	3390	3965	
3	3157	3965	3390	
3	743	3966	3967	
3	301	3505	3966	
3	727	3967	3505	
3	3966	3505	3967	
3	303	3138	3968	
3	301	3966	3138	
3	743	3968	3966	
3	3138	3966	3968	
3	732	3969	3970	
3	714	3656	3969	
3	575	3970	3656	
3	3969	3656	3970	
3	713	3914	3971	
3	671	2585	3914	
3	714	3971	2585	
3	3914	2585	3971	
3	672	3759	3192	
3	715	3414	3759	
3	515	3192	3414	
3	3759	3414	3192	
3	715	3761	3973	
3	638	3972	3761	
3	733	3973	3972	
3	3761	3972	3973	
3	574	3974	3063	
3	563	3975	3974	
3	903	3063	3975	
3	3974	3975	3063	
3	733	3976	3978	
3	976	3977	3976	
3	880	3978	3977	
3	3976	3977	3978	
3	738	3979	3981	
3	675	3980	3979	
3	748	3981	3980	
3	3979	3980	3981	
3	717	3982	3984	
3	750	3983	3982	
3	754	3984	3983	
3	3982	3983	3984	
3	649	3512	3985	
3	584	3629	3512	
3	735	3985	3629	
3	3512	3629	3985	
3	757	3986	3988	
3	837	3987	3986	
3	744	3988	3987	
3	3986	3987	3988	
3	521	3743	3524	
3	633	3644	3743	
3	720	3524	3644	
3	3743	3644	3524	
3	677	3873	3351	
3	719	3989	3873	
3	699	3351	3989	
3	3873	3989	3351	
3	689	3742	3990	
3	590	3902	3742	
3	825	3990	3902	
3	3742	3902	3990	
3	699	3989	3933	
3	719	3932	3989	
3	721	3933	3932	
3	3989	3932	3933	
3	720	3643	3991	
3	689	3990	3643	
3	825	3991	3990	
3	3643	3990	3991	
3	721	3931	3903	
3	720	3992	3931	
3	722	3903	3992	
3	3931	3992	3903	
3	587	3794	3639	
3	823	3993	3794	
3	591	3639	3993	
3	3794	3993	3639	
3	785	3827	3995	
3	788	3994	3827	
3	870	3995	3994	
3	3827	3994	3995	
3	1007	3868	3997	
3	825	3996	3868	
3	871	3997	3996	
3	3868	3996	3997	
3	658	3998	3999	
3	804	3735	3998	
3	791	3999	3735	
3	3998	3735	3999	
3	663	4000	4002	
3	696	4001	4000	
3	891	4002	4001	
3	4000	4001	4002	
3	254	2700	3241	
3	765	4003	2700	
3	452	3241	4003	
3	2700	4003	3241	
3	725	3530	4005	
3	695	4004	3530	
3	745	4005	4004	
3	3530	4004	4005	
3	700	3881	3916	
3	725	4006	3881	
3	740	3916	4006	
3	3881	4006	3916	
3	702	3606	3946	
3	694	4007	3606	
3	741	3946	4007	
3	3606	4007	3946	
3	654	3937	3804	
3	845	4008	3937	
3	657	3804	4008	
3	3937	4008	3804	
3	728	4009	3140	
3	727	3698	4009	
3	508	3140	3698	
3	4009	3698	3140	
3	303	3968	3461	
3	743	4010	3968	
3	731	3461	4010	
3	3968	4010	3461	
3	260	3296	3388	
3	711	4011	3296	
3	729	3388	4011	
3	3296	4011	3388	
3	728	3153	4012	
3	260	3387	3153	
3	834	4012	3387	
3	3153	3387	4012	
3	935	4013	4015	
3	835	4014	4013	
3	729	4015	4014	
3	4013	4014	4015	
3	732	4016	3969	
3	713	3971	4016	
3	714	3969	3971	
3	4016	3971	3969	
3	730	4017	4019	
3	830	4018	4017	
3	851	4019	4018	
3	4017	4018	4019	
3	712	3954	3959	
3	742	4020	3954	
3	711	3959	4020	
3	3954	4020	3959	
3	960	4021	4023	
3	743	4022	4021	
3	836	4023	4022	
3	4021	4022	4023	
3	731	4010	3945	
3	743	4024	4010	
3	854	3945	4024	
3	4010	4024	3945	
3	303	3460	2193	
3	732	3970	3460	
3	575	2193	3970	
3	3460	3970	2193	
3	731	4025	3462	
3	713	4016	4025	
3	732	3462	4016	
3	4025	4016	3462	
3	856	3565	4027	
3	433	4026	3565	
3	692	4027	4026	
3	3565	4026	4027	
3	961	4028	4029	
3	639	3664	4028	
3	597	4029	3664	
3	4028	3664	4029	
3	715	3973	3863	
3	733	4030	3973	
3	734	3863	4030	
3	3973	4030	3863	
3	733	4031	4030	
3	640	3480	4031	
3	734	4030	3480	
3	4031	3480	4030	
3	649	3985	4032	
3	735	3753	3985	
3	736	4032	3753	
3	3985	3753	4032	
3	760	4033	4035	
3	757	4034	4033	
3	751	4035	4034	
3	4033	4034	4035	
3	747	3708	4036	
3	739	3186	3708	
3	737	4036	3186	
3	3708	3186	4036	
3	745	4037	3788	
3	1006	4038	4037	
3	718	3788	4038	
3	4037	4038	3788	
3	986	4039	4041	
3	819	4040	4039	
3	961	4041	4040	
3	4039	4040	4041	
3	749	4042	3621	
3	737	3188	4042	
3	738	3621	3188	
3	4042	3188	3621	
3	752	4043	3592	
3	754	3983	4043	
3	750	3592	3983	
3	4043	3983	3592	
3	760	4035	4045	
3	751	4044	4035	
3	756	4045	4044	
3	4035	4044	4045	
3	738	3187	3979	
3	739	3870	3187	
3	675	3979	3870	
3	3187	3870	3979	
3	530	3418	3564	
3	819	3757	3418	
3	572	3564	3757	
3	3418	3757	3564	
3	745	3787	4005	
3	740	4006	3787	
3	725	4005	4006	
3	3787	4006	4005	
3	681	3917	4046	
3	740	3786	3917	
3	718	4046	3786	
3	3917	3786	4046	
3	713	4047	3385	
3	938	4048	4047	
3	704	3385	4048	
3	4047	4048	3385	
3	982	4049	4050	
3	726	3947	4049	
3	741	4050	3947	
3	4049	3947	4050	
3	746	3964	4051	
3	742	3953	3964	
3	730	4051	3953	
3	3964	3953	4051	
3	729	4011	3963	
3	711	4020	4011	
3	742	3963	4020	
3	4011	4020	3963	
3	836	4052	4054	
3	834	4053	4052	
3	835	4054	4053	
3	4052	4053	4054	
3	836	4055	4056	
3	727	4009	4055	
3	728	4056	4009	
3	4055	4009	4056	
3	748	3980	4057	
3	675	3514	3980	
3	543	4057	3514	
3	3980	3514	4057	
3	747	4058	3850	
3	750	4059	4058	
3	753	3850	4059	
3	4058	4059	3850	
3	695	4060	4062	
3	883	4061	4060	
3	1109	4062	4061	
3	4060	4061	4062	
3	720	3991	3992	
3	825	3867	3991	
3	722	3992	3867	
3	3991	3867	3992	
3	730	3961	4017	
3	366	3965	3961	
3	830	4017	3965	
3	3961	3965	4017	
3	980	4063	3831	
3	935	4064	4063	
3	984	3831	4064	
3	4063	4064	3831	
3	478	3709	2670	
3	747	3852	3709	
3	668	2670	3852	
3	3709	3852	2670	
3	750	4058	3593	
3	747	4036	4058	
3	737	3593	4036	
3	4058	4036	3593	
3	514	3783	2474	
3	748	4057	3783	
3	543	2474	4057	
3	3783	4057	2474	
3	744	3619	3313	
3	738	3981	3619	
3	748	3313	3981	
3	3619	3981	3313	
3	744	3312	3988	
3	751	4034	3312	
3	757	3988	4034	
3	3312	4034	3988	
3	964	4065	4067	
3	762	4066	4065	
3	758	4067	4066	
3	4065	4066	4067	
3	752	3594	4068	
3	737	4042	3594	
3	749	4068	4042	
3	3594	4042	4068	
3	750	3982	4059	
3	717	4069	3982	
3	753	4059	4069	
3	3982	4069	4059	
3	756	4044	4070	
3	751	3782	4044	
3	514	4070	3782	
3	4044	3782	4070	
3	736	4071	4073	
3	868	4072	4071	
3	760	4073	4072	
3	4071	4072	4073	
3	749	3620	4074	
3	744	3987	3620	
3	837	4074	3987	
3	3620	3987	4074	
3	676	3871	4075	
3	517	3517	3871	
3	759	4075	3517	
3	3871	3517	4075	
3	755	3196	4076	
3	753	4069	3196	
3	717	4076	4069	
3	3196	4069	4076	
3	438	2247	3198	
3	668	3851	2247	
3	753	3198	3851	
3	2247	3851	3198	
3	749	4074	4078	
3	837	4077	4074	
3	858	4078	4077	
3	4074	4077	4078	
3	761	4079	4081	
3	759	4080	4079	
3	717	4081	4080	
3	4079	4080	4081	
3	755	4076	3623	
3	717	4080	4076	
3	759	3623	4080	
3	4076	4080	3623	
3	618	3707	3622	
3	438	3197	3707	
3	755	3622	3197	
3	3707	3197	3622	
3	314	3409	3191	
3	756	4070	3409	
3	514	3191	4070	
3	3409	4070	3191	
3	649	4082	3513	
3	756	3408	4082	
3	431	3513	3408	
3	4082	3408	3513	
3	855	4083	4085	
3	757	4084	4083	
3	868	4085	4084	
3	4083	4084	4085	
3	855	4086	4083	
3	837	3986	4086	
3	757	4083	3986	
3	4086	3986	4083	
3	762	4087	4089	
3	901	4088	4087	
3	759	4089	4088	
3	4087	4088	4089	
3	754	4043	4091	
3	752	4090	4043	
3	758	4091	4090	
3	4043	4090	4091	
3	761	4081	4092	
3	717	3984	4081	
3	754	4092	3984	
3	4081	3984	4092	
3	759	4079	4089	
3	761	4093	4079	
3	762	4089	4093	
3	4079	4093	4089	
3	756	4082	4045	
3	649	4094	4082	
3	760	4045	4094	
3	4082	4094	4045	
3	736	4073	4032	
3	760	4094	4073	
3	649	4032	4094	
3	4073	4094	4032	
3	754	4091	4092	
3	758	4095	4091	
3	761	4092	4095	
3	4091	4095	4092	
3	762	4093	4066	
3	761	4095	4093	
3	758	4066	4095	
3	4093	4095	4066	
3	758	4096	4067	
3	963	4097	4096	
3	964	4067	4097	
3	4096	4097	4067	
3	848	4098	4100	
3	895	4099	4098	
3	897	4100	4099	
3	4098	4099	4100	
3	1067	4101	4103	
3	977	4102	4101	
3	631	4103	4102	
3	4101	4102	4103	
3	772	4104	4106	
3	840	4105	4104	
3	778	4106	4105	
3	4104	4105	4106	
3	800	4107	4109	
3	766	4108	4107	
3	804	4109	4108	
3	4107	4108	4109	
3	494	3341	3778	
3	287	3217	3341	
3	796	3778	3217	
3	3341	3217	3778	
3	800	4110	4107	
3	802	4111	4110	
3	766	4107	4111	
3	4110	4111	4107	
3	800	4112	4110	
3	449	2770	4112	
3	802	4110	2770	
3	4112	2770	4110	
3	806	3820	4113	
3	766	4111	3820	
3	802	4113	4111	
3	3820	4111	4113	
3	648	3813	3810	
3	630	4114	3813	
3	792	3810	4114	
3	3813	4114	3810	
3	811	3489	4115	
3	801	3740	3489	
3	445	4115	3740	
3	3489	3740	4115	
3	810	3229	3491	
3	813	4116	3229	
3	788	3491	4116	
3	3229	4116	3491	
3	257	3262	3260	
3	771	4117	3262	
3	459	3260	4117	
3	3262	4117	3260	
3	779	4118	4120	
3	782	4119	4118	
3	456	4120	4119	
3	4118	4119	4120	
3	773	3836	4122	
3	778	4121	3836	
3	769	4122	4121	
3	3836	4121	4122	
3	786	4123	4125	
3	610	4124	4123	
3	782	4125	4124	
3	4123	4124	4125	
3	784	4126	4128	
3	776	4127	4126	
3	769	4128	4127	
3	4126	4127	4128	
3	610	4123	1969	
3	786	3689	4123	
3	424	1969	3689	
3	4123	3689	1969	
3	777	3225	4130	
3	775	4129	3225	
3	771	4130	4129	
3	3225	4129	4130	
3	774	3840	4131	
3	773	4122	3840	
3	769	4131	4122	
3	3840	4122	4131	
3	789	4132	3265	
3	500	3357	4132	
3	296	3265	3357	
3	4132	3357	3265	
3	660	4133	4134	
3	778	4105	4133	
3	840	4134	4105	
3	4133	4105	4134	
3	459	4117	3842	
3	771	4135	4117	
3	773	3842	4135	
3	4117	4135	3842	
3	775	3834	4129	
3	773	4135	3834	
3	771	4129	4135	
3	3834	4135	4129	
3	776	3254	4127	
3	774	4131	3254	
3	769	4127	4131	
3	3254	4131	4127	
3	459	3841	1866	
3	774	3693	3841	
3	768	1866	3693	
3	3841	3693	1866	
3	777	4130	4136	
3	771	3261	4130	
3	460	4136	3261	
3	4130	3261	4136	
3	775	3224	3835	
3	772	4106	3224	
3	778	3835	4106	
3	3224	4106	3835	
3	776	4126	4138	
3	784	4137	4126	
3	781	4138	4137	
3	4126	4137	4138	
3	776	4139	3255	
3	770	4140	4139	
3	779	3255	4140	
3	4139	4140	3255	
3	780	4141	3362	
3	460	3175	4141	
3	360	3362	3175	
3	4141	3175	3362	
3	780	4142	4141	
3	777	4136	4142	
3	460	4141	4136	
3	4142	4136	4141	
3	1220	4143	4145	
3	1354	4144	4143	
3	1193	4145	4144	
3	4143	4144	4145	
3	776	4138	4139	
3	781	3397	4138	
3	770	4139	3397	
3	4138	3397	4139	
3	782	4118	4146	
3	779	4140	4118	
3	770	4146	4140	
3	4118	4140	4146	
3	456	3263	4120	
3	768	3692	3263	
3	779	4120	3692	
3	3263	3692	4120	
3	780	3361	4148	
3	500	4147	3361	
3	787	4148	4147	
3	3361	4147	4148	
3	777	4142	3830	
3	780	4149	4142	
3	783	3830	4149	
3	4142	4149	3830	
3	772	3829	4104	
3	783	3219	3829	
3	840	4104	3219	
3	3829	3219	4104	
3	687	4150	4152	
3	1008	4151	4150	
3	824	4152	4151	
3	4150	4151	4152	
3	782	4146	4125	
3	770	3396	4146	
3	786	4125	3396	
3	4146	3396	4125	
3	610	3691	4124	
3	456	4119	3691	
3	782	4124	4119	
3	3691	4119	4124	
3	783	4149	4153	
3	780	4148	4149	
3	787	4153	4148	
3	4149	4148	4153	
3	445	3490	4115	
3	788	3826	3490	
3	811	4115	3826	
3	3490	3826	4115	
3	769	4121	4128	
3	778	4154	4121	
3	784	4128	4154	
3	4121	4154	4128	
3	793	4155	4156	
3	840	3218	4155	
3	889	4156	3218	
3	4155	3218	4156	
3	660	4157	4159	
3	844	4158	4157	
3	631	4159	4158	
3	4157	4158	4159	
3	631	4102	4161	
3	977	4160	4102	
3	781	4161	4160	
3	4102	4160	4161	
3	784	4154	4163	
3	778	4162	4154	
3	631	4163	4162	
3	4154	4162	4163	
3	838	3449	3688	
3	511	3451	3449	
3	424	3688	3451	
3	3449	3451	3688	
3	789	4164	4132	
3	787	4147	4164	
3	500	4132	4147	
3	4164	4147	4132	
3	658	4165	4166	
3	630	3812	4165	
3	839	4166	3812	
3	4165	3812	4166	
3	796	4167	4169	
3	814	4168	4167	
3	812	4169	4168	
3	4167	4168	4169	
3	978	4170	4172	
3	1068	4171	4170	
3	875	4172	4171	
3	4170	4171	4172	
3	842	3237	4173	
3	891	4001	3237	
3	696	4173	4001	
3	3237	4001	4173	
3	798	3243	3918	
3	790	3837	3243	
3	797	3918	3837	
3	3243	3837	3918	
3	520	4174	3234	
3	869	4175	4174	
3	446	3234	4175	
3	4174	4175	3234	
3	767	4176	4178	
3	869	4177	4176	
3	629	4178	4177	
3	4176	4177	4178	
3	764	4179	2227	
3	791	3734	4179	
3	662	2227	3734	
3	4179	3734	2227	
3	874	4180	4182	
3	936	4181	4180	
3	1003	4182	4181	
3	4180	4181	4182	
3	785	4183	4185	
3	852	4184	4183	
3	808	4185	4184	
3	4183	4184	4185	
3	812	4186	3359	
3	648	4187	4186	
3	841	3359	4187	
3	4186	4187	3359	
3	889	4188	4189	
3	696	4000	4188	
3	663	4189	4000	
3	4188	4000	4189	
3	462	4190	3264	
3	842	4191	4190	
3	789	3264	4191	
3	4190	4191	3264	
3	716	3568	4192	
3	344	3130	3568	
3	563	4192	3130	
3	3568	3130	4192	
3	902	3752	3598	
3	568	3581	3752	
3	905	3598	3581	
3	3752	3581	3598	
3	318	3722	3776	
3	636	3378	3722	
3	881	3776	3378	
3	3722	3378	3776	
3	638	3760	4193	
3	672	3566	3760	
3	856	4193	3566	
3	3760	3566	4193	
3	452	3919	3216	
3	797	4194	3919	
3	796	3216	4194	
3	3919	4194	3216	
3	803	1984	3733	
3	763	3729	1984	
3	448	3733	3729	
3	1984	3729	3733	
3	798	3920	4195	
3	452	4003	3920	
3	765	4195	4003	
3	3920	4003	4195	
3	631	4162	4159	
3	778	4133	4162	
3	660	4159	4133	
3	4162	4133	4159	
3	800	4196	4197	
3	798	4195	4196	
3	765	4197	4195	
3	4196	4195	4197	
3	798	4196	3244	
3	800	4109	4196	
3	804	3244	4109	
3	4196	4109	3244	
3	629	3487	4178	
3	628	3222	3487	
3	767	4178	3222	
3	3487	3222	4178	
3	793	4198	4155	
3	660	4134	4198	
3	840	4155	4134	
3	4198	4134	4155	
3	449	4112	2699	
3	800	4197	4112	
3	765	2699	4197	
3	4112	4197	2699	
3	658	4199	4200	
3	814	3838	4199	
3	790	4200	3838	
3	4199	3838	4200	
3	812	4168	4202	
3	814	4201	4168	
3	839	4202	4201	
3	4168	4201	4202	
3	814	4167	3839	
3	796	4194	4167	
3	797	3839	4194	
3	4167	4194	3839	
3	805	2768	4203	
3	449	3167	2768	
3	350	4203	3167	
3	2768	3167	4203	
3	806	4113	4204	
3	802	3343	4113	
3	809	4204	3343	
3	4113	3343	4204	
3	662	4205	2228	
3	664	4206	4205	
3	875	2228	4206	
3	4205	4206	2228	
3	764	4207	4179	
3	799	3737	4207	
3	791	4179	3737	
3	4207	3737	4179	
3	807	4208	3809	
3	841	4187	4208	
3	648	3809	4187	
3	4208	4187	3809	
3	767	4209	4210	
3	808	4184	4209	
3	852	4210	4184	
3	4209	4184	4210	
3	350	3235	4203	
3	497	4211	3235	
3	805	4203	4211	
3	3235	4211	4203	
3	809	3342	4212	
3	805	4211	3342	
3	497	4212	4211	
3	3342	4211	4212	
3	724	3352	4213	
3	699	3923	3352	
3	833	4213	3923	
3	3352	3923	4213	
3	872	4214	4216	
3	832	4215	4214	
3	978	4216	4215	
3	4214	4215	4216	
3	284	1985	3725	
3	803	3223	1985	
3	628	3725	3223	
3	1985	3223	3725	
3	842	4217	3238	
3	446	4218	4217	
3	888	3238	4218	
3	4217	4218	3238	
3	662	3821	4205	
3	806	4219	3821	
3	664	4205	4219	
3	3821	4219	4205	
3	832	4220	4221	
3	723	3904	4220	
3	722	4221	3904	
3	4220	3904	4221	
3	677	3648	3443	
3	809	4212	3648	
3	497	3443	4212	
3	3648	4212	3443	
3	806	4204	4222	
3	809	3647	4204	
3	724	4222	3647	
3	4204	3647	4222	
3	812	3358	4169	
3	813	3777	3358	
3	796	4169	3777	
3	3358	3777	4169	
3	814	4199	4201	
3	658	4166	4199	
3	839	4201	4166	
3	4199	4166	4201	
3	537	3727	3730	
3	349	2486	3727	
3	447	3730	2486	
3	3727	2486	3730	
3	448	3488	3731	
3	811	4223	3488	
3	808	3731	4223	
3	3488	4223	3731	
3	841	4208	4225	
3	807	4224	4208	
3	870	4225	4224	
3	4208	4224	4225	
3	520	3270	4174	
3	629	4177	3270	
3	869	4174	4177	
3	3270	4177	4174	
3	799	4226	4228	
3	874	4227	4226	
3	792	4228	4227	
3	4226	4227	4228	
3	724	4229	4222	
3	664	4219	4229	
3	806	4222	4219	
3	4229	4219	4222	
3	839	3814	4202	
3	648	4186	3814	
3	812	4202	4186	
3	3814	4186	4202	
3	790	3242	4200	
3	804	3998	3242	
3	658	4200	3998	
3	3242	3998	4200	
3	831	3774	3479	
3	815	2980	3774	
3	625	3479	2980	
3	3774	2980	3479	
3	843	4230	3579	
3	881	3380	4230	
3	506	3579	3380	
3	4230	3380	3579	
3	615	4231	3611	
3	879	4232	4231	
3	429	3611	4232	
3	4231	4232	3611	
3	528	3548	3590	
3	816	4233	3548	
3	818	3590	4233	
3	3548	4233	3590	
3	859	3702	4235	
3	580	4234	3702	
3	878	4235	4234	
3	3702	4234	4235	
3	862	4236	3915	
3	883	4237	4236	
3	651	3915	4237	
3	4236	4237	3915	
3	816	3912	4233	
3	817	4238	3912	
3	818	4233	4238	
3	3912	4238	4233	
3	965	4239	4240	
3	818	4238	4239	
3	817	4240	4238	
3	4239	4238	4240	
3	860	4241	3755	
3	961	4029	4241	
3	597	3755	4029	
3	4241	4029	3755	
3	1173	4242	4244	
3	1069	4243	4242	
3	581	4244	4243	
3	4242	4243	4244	
3	846	4245	4246	
3	553	3457	4245	
3	466	4246	3457	
3	4245	3457	4246	
3	846	3541	4245	
3	820	3589	3541	
3	553	4245	3589	
3	3541	3589	4245	
3	845	4247	4008	
3	937	4248	4247	
3	657	4008	4248	
3	4247	4248	4008	
3	883	4236	4250	
3	862	4249	4236	
3	882	4250	4249	
3	4236	4249	4250	
3	909	4251	4253	
3	679	4252	4251	
3	847	4253	4252	
3	4251	4252	4253	
3	626	3374	3502	
3	492	1927	3374	
3	409	3502	1927	
3	3374	1927	3502	
3	681	4046	3793	
3	718	4254	4046	
3	823	3793	4254	
3	4046	4254	3793	
3	823	4254	4256	
3	718	4255	4254	
3	871	4256	4255	
3	4254	4255	4256	
3	444	2097	2300	
3	345	2966	2097	
3	487	2300	2966	
3	2097	2966	2300	
3	688	3883	3521	
3	687	4152	3883	
3	824	3521	4152	
3	3883	4152	3521	
3	871	4257	4256	
3	591	3993	4257	
3	823	4256	3993	
3	4257	3993	4256	
3	871	3996	4257	
3	825	3901	3996	
3	591	4257	3901	
3	3996	3901	4257	
3	848	4258	4260	
3	826	4259	4258	
3	827	4260	4259	
3	4258	4259	4260	
3	864	4261	3928	
3	995	4262	4261	
3	593	3928	4262	
3	4261	4262	3928	
3	848	4260	4263	
3	827	3572	4260	
3	698	4263	3572	
3	4260	3572	4263	
3	826	3425	4259	
3	440	3717	3425	
3	827	4259	3717	
3	3425	3717	4259	
3	881	4264	3775	
3	918	4265	4264	
3	692	3775	4265	
3	4264	4265	3775	
3	701	3909	3600	
3	828	4266	3909	
3	932	3600	4266	
3	3909	4266	3600	
3	849	4267	4268	
3	829	2574	4267	
3	704	4268	2574	
3	4267	2574	4268	
3	741	4007	4269	
3	694	3936	4007	
3	829	4269	3936	
3	4007	3936	4269	
3	730	4019	4051	
3	851	4270	4019	
3	746	4051	4270	
3	4019	4270	4051	
3	1846	4271	4273	
3	1836	4272	4271	
3	1840	4273	4272	
3	4271	4272	4273	
3	926	4274	4275	
3	920	3054	4274	
3	924	4275	3054	
3	4274	3054	4275	
3	507	4276	4278	
3	913	4277	4276	
3	916	4278	4277	
3	4276	4277	4278	
3	663	4279	4189	
3	793	4156	4279	
3	889	4189	4156	
3	4279	4156	4189	
3	664	4229	3781	
3	724	4213	4229	
3	833	3781	4213	
3	4229	4213	3781	
3	832	4214	4220	
3	872	4280	4214	
3	723	4220	4280	
3	4214	4280	4220	
3	764	4281	4207	
3	874	4226	4281	
3	799	4207	4226	
3	4281	4226	4207	
3	834	3389	4053	
3	729	4014	3389	
3	835	4053	4014	
3	3389	4014	4053	
3	728	4012	4056	
3	834	4052	4012	
3	836	4056	4052	
3	4012	4052	4056	
3	935	4015	4282	
3	729	3962	4015	
3	746	4282	3962	
3	4015	3962	4282	
3	829	4267	4269	
3	849	4283	4267	
3	741	4269	4283	
3	4267	4283	4269	
3	836	4054	4023	
3	835	4284	4054	
3	960	4023	4284	
3	4054	4284	4023	
3	743	3967	4022	
3	727	4055	3967	
3	836	4022	4055	
3	3967	4055	4022	
3	757	4033	4084	
3	760	4072	4033	
3	868	4084	4072	
3	4033	4072	4084	
3	837	4086	4077	
3	855	4285	4086	
3	858	4077	4285	
3	4086	4285	4077	
3	631	4161	4163	
3	781	4137	4161	
3	784	4163	4137	
3	4161	4137	4163	
3	873	4286	4287	
3	890	3895	4286	
3	673	4287	3895	
3	4286	3895	4287	
3	792	4114	4228	
3	630	3738	4114	
3	799	4228	3738	
3	4114	3738	4228	
3	663	4288	4279	
3	857	3818	4288	
3	793	4279	3818	
3	4288	3818	4279	
3	841	4289	3360	
3	788	4116	4289	
3	813	3360	4116	
3	4289	4116	3360	
3	791	3739	3999	
3	630	4165	3739	
3	658	3999	4165	
3	3739	4165	3999	
3	787	4164	4291	
3	789	4290	4164	
3	696	4291	4290	
3	4164	4290	4291	
3	787	4292	4153	
3	889	3220	4292	
3	783	4153	3220	
3	4292	3220	4153	
3	696	4290	4173	
3	789	4191	4290	
3	842	4173	4191	
3	4290	4191	4173	
3	766	3822	4108	
3	662	3736	3822	
3	804	4108	3736	
3	3822	3736	4108	
3	918	4293	4295	
3	974	4294	4293	
3	856	4295	4294	
3	4293	4294	4295	
3	926	4296	4274	
3	903	4297	4296	
3	920	4274	4297	
3	4296	4297	4274	
3	663	4002	4288	
3	891	4298	4002	
3	857	4288	4298	
3	4002	4298	4288	
3	870	4299	3995	
3	1002	4300	4299	
3	785	3995	4300	
3	4299	4300	3995	
3	970	4301	4303	
3	969	4302	4301	
3	992	4303	4302	
3	4301	4302	4303	
3	981	4304	4306	
3	821	4305	4304	
3	937	4306	4305	
3	4304	4305	4306	
3	641	3289	3603	
3	900	4307	3289	
3	467	3603	4307	
3	3289	4307	3603	
3	982	4308	4049	
3	969	4309	4308	
3	726	4049	4309	
3	4308	4309	4049	
3	876	4310	4312	
3	913	4311	4310	
3	906	4312	4311	
3	4310	4311	4312	
3	507	4278	4314	
3	916	4313	4278	
3	909	4314	4313	
3	4278	4313	4314	
3	887	4315	4316	
3	895	3930	4315	
3	866	4316	3930	
3	4315	3930	4316	
3	1018	4317	4319	
3	990	4318	4317	
3	894	4319	4318	
3	4317	4318	4319	
3	985	4320	4322	
3	993	4321	4320	
3	960	4322	4321	
3	4320	4321	4322	
3	985	4323	4320	
3	1074	4324	4323	
3	993	4320	4324	
3	4323	4324	4320	
3	940	3952	4326	
3	850	4325	3952	
3	942	4326	4325	
3	3952	4325	4326	
3	830	4327	4329	
3	942	4328	4327	
3	943	4329	4328	
3	4327	4328	4329	
3	940	4330	3300	
3	830	3159	4330	
3	527	3300	3159	
3	4330	3159	3300	
3	830	4329	4018	
3	943	3143	4329	
3	851	4018	3143	
3	4329	3143	4018	
3	872	4216	4331	
3	978	4172	4216	
3	875	4331	4172	
3	4216	4172	4331	
3	844	4332	4334	
3	1239	4333	4332	
3	1067	4334	4333	
3	4332	4333	4334	
3	833	3922	3779	
3	723	4280	3922	
3	872	3779	4280	
3	3922	4280	3779	
3	767	3221	4209	
3	803	3732	3221	
3	808	4209	3732	
3	3221	3732	4209	
3	743	4021	4024	
3	960	4335	4021	
3	854	4024	4335	
3	4021	4335	4024	
3	938	4336	4048	
3	849	4268	4336	
3	704	4048	4268	
3	4336	4268	4048	
3	752	4337	4090	
3	963	4096	4337	
3	758	4090	4096	
3	4337	4096	4090	
3	963	4338	4340	
3	858	4339	4338	
3	877	4340	4339	
3	4338	4339	4340	
3	925	4341	4343	
3	927	4342	4341	
3	921	4343	4342	
3	4341	4342	4343	
3	567	3875	2692	
3	678	4344	3875	
3	637	2692	4344	
3	3875	4344	2692	
3	788	4289	3994	
3	841	4225	4289	
3	870	3994	4225	
3	4289	4225	3994	
3	660	4198	4157	
3	793	3817	4198	
3	844	4157	3817	
3	4198	3817	4157	
3	858	4285	4339	
3	855	4345	4285	
3	877	4339	4345	
3	4285	4345	4339	
3	752	4068	4346	
3	749	4078	4068	
3	858	4346	4078	
3	4068	4078	4346	
3	878	4234	4347	
3	580	3913	4234	
3	821	4347	3913	
3	4234	3913	4347	
3	429	4232	3911	
3	879	4348	4232	
3	817	3911	4348	
3	4232	4348	3911	
3	976	3976	4350	
3	733	4349	3976	
3	931	4350	4349	
3	3976	4349	4350	
3	819	3417	4040	
3	639	4028	3417	
3	961	4040	4028	
3	3417	4028	4040	
3	601	3886	3907	
3	701	3602	3886	
3	861	3907	3602	
3	3886	3602	3907	
3	923	4351	4353	
3	911	4352	4351	
3	1010	4353	4352	
3	4351	4352	4353	
3	879	4354	4348	
3	892	4355	4354	
3	817	4348	4355	
3	4354	4355	4348	
3	862	3466	4249	
3	693	3628	3466	
3	882	4249	3628	
3	3466	3628	4249	
3	3	4356	4357	
3	665	3942	4356	
3	893	4357	3942	
3	4356	3942	4357	
3	606	1961	3684	
3	490	3496	1961	
3	962	3684	3496	
3	1961	3496	3684	
3	885	3463	4358	
3	622	2143	3463	
3	518	4358	2143	
3	3463	2143	4358	
3	894	4359	1879	
3	995	4261	4359	
3	864	1879	4261	
3	4359	4261	1879	
3	894	4360	4319	
3	826	4361	4360	
3	1018	4319	4361	
3	4360	4361	4319	
3	1032	4362	4364	
3	1033	4363	4362	
3	1035	4364	4363	
3	4362	4363	4364	
3	620	4365	3570	
3	886	4366	4365	
3	866	3570	4366	
3	4365	4366	3570	
3	886	4367	4366	
3	887	4316	4367	
3	866	4366	4316	
3	4367	4316	4366	
3	505	3373	3133	
3	566	3577	3373	
3	506	3133	3577	
3	3373	3577	3133	
3	574	4368	3974	
3	716	4192	4368	
3	563	3974	4192	
3	4368	4192	3974	
3	986	4369	4039	
3	736	3758	4369	
3	819	4039	3758	
3	4369	3758	4039	
3	581	4370	4372	
3	1105	4371	4370	
3	1065	4372	4371	
3	4370	4371	4372	
3	852	4373	4210	
3	869	4176	4373	
3	767	4210	4176	
3	4373	4176	4210	
3	1008	4374	4376	
3	1038	4375	4374	
3	1049	4376	4375	
3	4374	4375	4376	
3	870	4224	4378	
3	807	4377	4224	
3	999	4378	4377	
3	4224	4377	4378	
3	764	3267	4281	
3	936	4180	3267	
3	874	4281	4180	
3	3267	4180	4281	
3	1071	4379	4380	
3	718	4038	4379	
3	1006	4380	4038	
3	4379	4038	4380	
3	696	4188	4291	
3	889	4292	4188	
3	787	4291	4292	
3	4188	4292	4291	
3	852	4183	4381	
3	785	4300	4183	
3	1002	4381	4300	
3	4183	4300	4381	
3	1177	4382	4384	
3	1183	4383	4382	
3	1164	4384	4383	
3	4382	4383	4384	
3	890	4286	4385	
3	873	3450	4286	
3	838	4385	3450	
3	4286	3450	4385	
3	673	3171	4287	
3	608	3893	3171	
3	873	4287	3893	
3	3171	3893	4287	
3	999	4386	4378	
3	1002	4299	4386	
3	870	4378	4299	
3	4386	4299	4378	
3	792	4227	3811	
3	874	4387	4227	
3	807	3811	4387	
3	4227	4387	3811	
3	872	4331	3780	
3	875	4206	4331	
3	664	3780	4206	
3	4331	4206	3780	
3	808	4223	4185	
3	811	3828	4223	
3	785	4185	3828	
3	4223	3828	4185	
3	433	2636	4026	
3	267	3146	2636	
3	692	4026	3146	
3	2636	3146	4026	
3	976	4388	3977	
3	860	3762	4388	
3	880	3977	3762	
3	4388	3762	3977	
3	1065	4389	4390	
3	877	4345	4389	
3	855	4390	4345	
3	4389	4345	4390	
3	988	4391	4393	
3	1108	4392	4391	
3	1235	4393	4392	
3	4391	4392	4393	
3	965	4394	4239	
3	882	3627	4394	
3	818	4239	3627	
3	4394	3627	4239	
3	878	4395	4396	
3	892	4354	4395	
3	879	4396	4354	
3	4395	4354	4396	
3	615	3704	4231	
3	859	4397	3704	
3	879	4231	4397	
3	3704	4397	4231	
3	878	4396	4235	
3	879	4397	4396	
3	859	4235	4397	
3	4396	4397	4235	
3	640	4031	3662	
3	733	3978	4031	
3	880	3662	3978	
3	4031	3978	3662	
3	638	4398	3972	
3	931	4349	4398	
3	733	3972	4349	
3	4398	4349	3972	
3	1226	4399	4400	
3	828	3519	4399	
3	824	4400	3519	
3	4399	3519	4400	
3	907	4401	4403	
3	911	4402	4401	
3	913	4403	4402	
3	4401	4402	4403	
3	989	4404	4406	
3	965	4405	4404	
3	892	4406	4405	
3	4404	4405	4406	
3	883	4060	4237	
3	695	3824	4060	
3	651	4237	3824	
3	4060	3824	4237	
3	882	4394	4408	
3	965	4407	4394	
3	966	4408	4407	
3	4394	4407	4408	
3	966	3807	4410	
3	1037	4409	3807	
3	1070	4410	4409	
3	3807	4409	4410	
3	884	4411	4413	
3	893	4412	4411	
3	1019	4413	4412	
3	4411	4412	4413	
3	1643	4414	4416	
3	1556	4415	4414	
3	1613	4416	4415	
3	4414	4415	4416	
3	518	3426	4358	
3	826	4417	3426	
3	885	4358	4417	
3	3426	4417	4358	
3	894	1881	4360	
3	885	4417	1881	
3	826	4360	4417	
3	1881	4417	4360	
3	545	3716	3713	
3	886	4365	3716	
3	620	3713	4365	
3	3716	4365	3713	
3	887	4367	4418	
3	886	3715	4367	
3	676	4418	3715	
3	4367	3715	4418	
3	759	4088	4075	
3	901	4419	4088	
3	676	4075	4419	
3	4088	4419	4075	
3	887	4420	4422	
3	971	4421	4420	
3	897	4422	4421	
3	4420	4421	4422	
3	1000	4423	4425	
3	888	4424	4423	
3	852	4425	4424	
3	4423	4424	4425	
3	1016	4426	4428	
3	985	4427	4426	
3	980	4428	4427	
3	4426	4427	4428	
3	832	4429	4431	
3	1007	4430	4429	
3	1072	4431	4430	
3	4429	4430	4431	
3	1236	4432	4434	
3	1114	4433	4432	
3	1237	4434	4433	
3	4432	4433	4434	
3	1081	4435	4437	
3	786	4436	4435	
3	977	4437	4436	
3	4435	4436	4437	
3	786	3395	4436	
3	781	4160	3395	
3	977	4436	4160	
3	3395	4160	4436	
3	462	2736	4190	
3	446	4217	2736	
3	842	4190	4217	
3	2736	4217	4190	
3	891	3236	4438	
3	888	4423	3236	
3	1000	4438	4423	
3	3236	4423	4438	
3	821	4439	4347	
3	896	4440	4439	
3	878	4347	4440	
3	4439	4440	4347	
3	892	4395	4441	
3	878	4440	4395	
3	896	4441	4440	
3	4395	4440	4441	
3	863	4442	2901	
3	893	3941	4442	
3	703	2901	3941	
3	4442	3941	2901	
3	3	4357	2898	
3	893	4411	4357	
3	884	2898	4411	
3	4357	4411	2898	
3	1064	4443	4445	
3	1098	4444	4443	
3	1227	4445	4444	
3	4443	4444	4445	
3	1055	4446	4448	
3	865	4447	4446	
3	1060	4448	4447	
3	4446	4447	4448	
3	897	4099	4422	
3	895	4315	4099	
3	887	4422	4315	
3	4099	4315	4422	
3	848	4263	4098	
3	698	3929	4263	
3	895	4098	3929	
3	4263	3929	4098	
3	937	4305	4248	
3	821	3617	4305	
3	657	4248	3617	
3	4305	3617	4248	
3	896	4439	4449	
3	821	4304	4439	
3	981	4449	4304	
3	4439	4304	4449	
3	887	4450	4420	
3	901	4451	4450	
3	971	4420	4451	
3	4450	4451	4420	
3	991	4452	4454	
3	1087	4453	4452	
3	1064	4454	4453	
3	4452	4453	4454	
3	538	3844	3329	
3	898	3906	3844	
3	667	3329	3906	
3	3844	3906	3329	
3	899	3925	4455	
3	898	3843	3925	
3	865	4455	3843	
3	3925	3843	4455	
3	1082	4456	4458	
3	1013	4457	4456	
3	1157	4458	4457	
3	4456	4457	4458	
3	996	4459	4461	
3	962	4460	4459	
3	987	4461	4460	
3	4459	4460	4461	
3	969	4462	4309	
3	900	3288	4462	
3	726	4309	3288	
3	4462	3288	4309	
3	466	3799	4246	
3	970	4463	3799	
3	846	4246	4463	
3	3799	4463	4246	
3	971	4451	4464	
3	901	4087	4451	
3	762	4464	4087	
3	4451	4087	4464	
3	887	4418	4450	
3	676	4419	4418	
3	901	4450	4419	
3	4418	4419	4450	
3	637	4344	2876	
3	678	3681	4344	
3	410	2876	3681	
3	4344	3681	2876	
3	531	3651	3874	
3	716	4368	3651	
3	574	3874	4368	
3	3651	4368	3874	
3	670	3679	3117	
3	876	4312	3679	
3	906	3117	4312	
3	3679	4312	3117	
3	679	3503	4252	
3	279	3569	3503	
3	847	4252	3569	
3	3503	3569	4252	
3	393	3004	3596	
3	391	2697	3004	
3	444	3596	2697	
3	3004	2697	3596	
3	679	3326	2813	
3	922	4465	3326	
3	487	2813	4465	
3	3326	4465	2813	
3	907	4466	4401	
3	917	4467	4466	
3	911	4401	4467	
3	4466	4467	4401	
3	856	4027	4295	
3	692	4265	4027	
3	918	4295	4265	
3	4027	4265	4295	
3	913	4276	4311	
3	507	3037	4276	
3	906	4311	3037	
3	4276	3037	4311	
3	566	3575	3578	
3	822	3899	3575	
3	843	3578	3899	
3	3575	3899	3578	
3	909	4253	4314	
3	847	2254	4253	
3	507	4314	2254	
3	4253	2254	4314	
3	918	4264	3898	
3	881	4230	4264	
3	843	3898	4230	
3	4264	4230	3898	
3	905	4468	3599	
3	921	4342	4468	
3	927	3599	4342	
3	4468	4342	3599	
3	910	3680	3856	
3	670	2683	3680	
3	484	3856	2683	
3	3680	2683	3856	
3	909	4313	4470	
3	916	4469	4313	
3	919	4470	4469	
3	4313	4469	4470	
3	905	3382	4468	
3	831	4471	3382	
3	921	4468	4471	
3	3382	4471	4468	
3	907	4472	4473	
3	876	3678	4472	
3	910	4473	3678	
3	4472	3678	4473	
3	484	3039	3857	
3	333	3523	3039	
3	912	3857	3523	
3	3039	3523	3857	
3	917	4466	4475	
3	907	4474	4466	
3	915	4475	4474	
3	4466	4474	4475	
3	487	4465	2298	
3	922	4476	4465	
3	794	2298	4476	
3	4465	4476	2298	
3	624	3720	3889	
3	546	3434	3720	
3	914	3889	3434	
3	3720	3434	3889	
3	910	3858	4478	
3	912	4477	3858	
3	915	4478	4477	
3	3858	4477	4478	
3	907	4403	4472	
3	913	4310	4403	
3	876	4472	4310	
3	4403	4310	4472	
3	911	4479	4402	
3	916	4277	4479	
3	913	4402	4277	
3	4479	4277	4402	
3	914	3433	3859	
3	691	4480	3433	
3	933	3859	4480	
3	3433	4480	3859	
3	910	4478	4473	
3	915	4474	4478	
3	907	4473	4474	
3	4478	4474	4473	
3	912	3890	4477	
3	914	4481	3890	
3	915	4477	4481	
3	3890	4481	4477	
3	917	4475	3861	
3	915	4481	4475	
3	914	3861	4481	
3	4475	4481	3861	
3	916	4482	4469	
3	923	4483	4482	
3	919	4469	4483	
3	4482	4483	4469	
3	919	3327	4470	
3	679	4251	3327	
3	909	4470	4251	
3	3327	4251	4470	
3	932	4484	3601	
3	691	3935	4484	
3	861	3601	3935	
3	4484	3935	3601	
3	1039	4485	4487	
3	1050	4486	4485	
3	1052	4487	4486	
3	4485	4486	4487	
3	822	4488	4490	
3	927	4489	4488	
3	929	4490	4489	
3	4488	4489	4490	
3	822	4491	3900	
3	972	4492	4491	
3	918	3900	4492	
3	4491	4492	3900	
3	923	4482	4351	
3	916	4479	4482	
3	911	4351	4479	
3	4482	4479	4351	
3	926	4493	4495	
3	930	4494	4493	
3	928	4495	4494	
3	4493	4494	4495	
3	488	3876	3053	
3	567	3376	3876	
3	924	3053	3376	
3	3876	3376	3053	
3	563	3336	3975	
3	920	4297	3336	
3	903	3975	4297	
3	3336	4297	3975	
3	531	3771	3478	
3	921	4471	3771	
3	831	3478	4471	
3	3771	4471	3478	
3	921	3773	4343	
3	908	4496	3773	
3	925	4343	4496	
3	3773	4496	4343	
3	922	3325	4498	
3	919	4497	3325	
3	975	4498	4497	
3	3325	4497	4498	
3	867	3582	4499	
3	794	4476	3582	
3	922	4499	4476	
3	3582	4476	4499	
3	1010	4500	4502	
3	917	4501	4500	
3	934	4502	4501	
3	4500	4501	4502	
3	1040	4503	4505	
3	1041	4504	4503	
3	1012	4505	4504	
3	4503	4504	4505	
3	922	4498	4499	
3	975	4506	4498	
3	867	4499	4506	
3	4498	4506	4499	
3	926	4495	4296	
3	928	4507	4495	
3	903	4296	4507	
3	4495	4507	4296	
3	1009	4508	4509	
3	903	4507	4508	
3	928	4509	4507	
3	4508	4507	4509	
3	929	4510	4490	
3	972	4491	4510	
3	822	4490	4491	
3	4510	4491	4490	
3	867	4511	3375	
3	930	4512	4511	
3	924	3375	4512	
3	4511	4512	3375	
3	1009	4513	4508	
3	908	3061	4513	
3	903	4508	3061	
3	4513	3061	4508	
3	929	4489	4514	
3	927	4341	4489	
3	925	4514	4341	
3	4489	4341	4514	
3	902	3597	3574	
3	927	4488	3597	
3	822	3574	4488	
3	3597	4488	3574	
3	924	4512	4275	
3	930	4493	4512	
3	926	4275	4493	
3	4512	4493	4275	
3	1044	4515	4517	
3	1042	4516	4515	
3	1012	4517	4516	
3	4515	4516	4517	
3	925	4496	4518	
3	908	4513	4496	
3	1009	4518	4513	
3	4496	4513	4518	
3	1044	4519	4515	
3	1043	4520	4519	
3	1042	4515	4520	
3	4519	4520	4515	
3	930	4511	4521	
3	867	4506	4511	
3	975	4521	4506	
3	4511	4506	4521	
3	1059	4522	4524	
3	1039	4523	4522	
3	1054	4524	4523	
3	4522	4523	4524	
3	638	4193	4398	
3	856	4525	4193	
3	931	4398	4525	
3	4193	4525	4398	
3	972	4510	4527	
3	929	4526	4510	
3	1043	4527	4526	
3	4510	4526	4527	
3	1097	4528	4529	
3	1226	4400	4528	
3	824	4529	4400	
3	4528	4400	4529	
3	933	4530	3860	
3	934	4501	4530	
3	917	3860	4501	
3	4530	4501	3860	
3	691	4484	4480	
3	932	4531	4484	
3	933	4480	4531	
3	4484	4531	4480	
3	934	4530	4532	
3	933	4531	4530	
3	932	4532	4531	
3	4530	4531	4532	
3	1049	4375	4534	
3	1038	4533	4375	
3	1223	4534	4533	
3	4375	4533	4534	
3	1010	4535	4353	
3	1050	4536	4535	
3	923	4353	4536	
3	4535	4536	4353	
3	746	4270	4538	
3	851	4537	4270	
3	984	4538	4537	
3	4270	4537	4538	
3	746	4538	4282	
3	984	4064	4538	
3	935	4282	4064	
3	4538	4064	4282	
3	869	4373	4539	
3	852	4424	4373	
3	888	4539	4424	
3	4373	4424	4539	
3	722	3869	4221	
3	1007	4429	3869	
3	832	4221	4429	
3	3869	4429	4221	
3	846	4463	4540	
3	970	4303	4463	
3	992	4540	4303	
3	4463	4303	4540	
3	1115	4541	4543	
3	1005	4542	4541	
3	1004	4543	4542	
3	4541	4542	4543	
3	731	3944	4025	
3	938	4047	3944	
3	713	4025	4047	
3	3944	4047	4025	
3	854	4544	4546	
3	993	4545	4544	
3	1017	4546	4545	
3	4544	4545	4546	
3	1017	4547	4546	
3	938	3943	4547	
3	854	4546	3943	
3	4547	3943	4546	
3	1283	4548	4550	
3	1015	4549	4548	
3	1146	4550	4549	
3	4548	4549	4550	
3	0	3950	4551	
3	940	3299	3950	
3	666	4551	3299	
3	3950	3299	4551	
3	850	3136	4325	
3	708	4552	3136	
3	942	4325	4552	
3	3136	4552	4325	
3	942	4552	4328	
3	708	4553	4552	
3	943	4328	4553	
3	4552	4553	4328	
3	1708	4554	4556	
3	1636	4555	4554	
3	1389	4556	4555	
3	4554	4555	4556	
3	830	4330	4327	
3	940	4326	4330	
3	942	4327	4326	
3	4330	4326	4327	
3	947	4557	4558	
3	945	2221	4557	
3	470	4558	2221	
3	4557	2221	4558	
3	943	4559	3144	
3	945	4557	4559	
3	947	3144	4557	
3	4559	4557	3144	
3	943	4553	4559	
3	708	4560	4553	
3	945	4559	4560	
3	4553	4560	4559	
3	395	4561	4563	
3	1714	4562	4561	
3	1356	4563	4562	
3	4561	4562	4563	
3	955	4564	4566	
3	959	4565	4564	
3	953	4566	4565	
3	4564	4565	4566	
3	983	4567	4569	
3	1066	4568	4567	
3	1016	4569	4568	
3	4567	4568	4569	
3	1551	4570	4572	
3	1449	4571	4570	
3	1	4572	4571	
3	4570	4571	4572	
3	851	3145	4537	
3	947	4573	3145	
3	984	4537	4573	
3	3145	4573	4537	
3	953	4574	4566	
3	708	3135	4574	
3	955	4566	3135	
3	4574	3135	4566	
3	945	4560	4575	
3	708	4574	4560	
3	953	4575	4574	
3	4560	4574	4575	
3	951	4576	4578	
3	959	4577	4576	
3	1011	4578	4577	
3	4576	4577	4578	
3	956	4579	4580	
3	850	3951	4579	
3	0	4580	3951	
3	4579	3951	4580	
3	952	4581	4583	
3	1073	4582	4581	
3	958	4583	4582	
3	4581	4582	4583	
3	1393	4584	4586	
3	1407	4585	4584	
3	1384	4586	4585	
3	4584	4585	4586	
3	1103	4587	4589	
3	1094	4588	4587	
3	1102	4589	4588	
3	4587	4588	4589	
3	957	4590	4592	
3	954	4591	4590	
3	958	4592	4591	
3	4590	4591	4592	
3	951	2222	4593	
3	945	4575	2222	
3	953	4593	4575	
3	2222	4575	4593	
3	955	3134	4595	
3	850	4594	3134	
3	957	4595	4594	
3	3134	4594	4595	
3	954	4590	4597	
3	957	4596	4590	
3	956	4597	4596	
3	4590	4596	4597	
3	958	4591	4583	
3	954	4598	4591	
3	952	4583	4598	
3	4591	4598	4583	
3	956	4596	4579	
3	957	4594	4596	
3	850	4579	4594	
3	4596	4594	4579	
3	955	4595	4564	
3	957	4599	4595	
3	959	4564	4599	
3	4595	4599	4564	
3	958	4582	4601	
3	1073	4600	4582	
3	1011	4601	4600	
3	4582	4600	4601	
3	959	4576	4565	
3	951	4593	4576	
3	953	4565	4593	
3	4576	4593	4565	
3	957	4592	4599	
3	958	4602	4592	
3	959	4599	4602	
3	4592	4602	4599	
3	959	4602	4577	
3	958	4601	4602	
3	1011	4577	4601	
3	4602	4601	4577	
3	985	4603	4604	
3	835	4013	4603	
3	935	4604	4013	
3	4603	4013	4604	
3	985	4322	4603	
3	960	4284	4322	
3	835	4603	4284	
3	4322	4284	4603	
3	860	4388	4606	
3	976	4605	4388	
3	994	4606	4605	
3	4388	4605	4606	
3	986	4607	4369	
3	868	4071	4607	
3	736	4369	4071	
3	4607	4071	4369	
3	899	4608	3924	
3	987	4609	4608	
3	690	3924	4609	
3	4608	4609	3924	
3	962	3495	4460	
3	690	4609	3495	
3	987	4460	4609	
3	3495	4609	4460	
3	858	4338	4346	
3	963	4337	4338	
3	752	4346	4337	
3	4338	4337	4346	
3	964	4097	4610	
3	963	4340	4097	
3	877	4610	4340	
3	4097	4340	4610	
3	997	4611	4613	
3	1105	4612	4611	
3	988	4613	4612	
3	4611	4612	4613	
3	988	4612	4615	
3	1105	4614	4612	
3	1200	4615	4614	
3	4612	4614	4615	
3	817	4355	4240	
3	892	4405	4355	
3	965	4240	4405	
3	4355	4405	4240	
3	892	4441	4406	
3	896	4616	4441	
3	989	4406	4616	
3	4441	4616	4406	
3	989	4617	4404	
3	966	4407	4617	
3	965	4404	4407	
3	4617	4407	4404	
3	1455	4618	4620	
3	1633	4619	4618	
3	1215	4620	4619	
3	4618	4619	4620	
3	1018	4361	4621	
3	826	4258	4361	
3	848	4621	4258	
3	4361	4258	4621	
3	991	4622	4623	
3	1018	4621	4622	
3	848	4623	4621	
3	4622	4621	4623	
3	1031	4624	4626	
3	1056	4625	4624	
3	1035	4626	4625	
3	4624	4625	4626	
3	1063	4627	4629	
3	968	4628	4627	
3	1055	4629	4628	
3	4627	4628	4629	
3	969	4308	4631	
3	982	4630	4308	
3	979	4631	4630	
3	4308	4630	4631	
3	1014	4632	4633	
3	845	3539	4632	
3	846	4633	3539	
3	4632	3539	4633	
3	467	4307	3798	
3	900	4634	4307	
3	970	3798	4634	
3	4307	4634	3798	
3	969	4301	4462	
3	970	4634	4301	
3	900	4462	4634	
3	4301	4634	4462	
3	1234	4635	4636	
3	762	4065	4635	
3	964	4636	4065	
3	4635	4065	4636	
3	1233	4637	4639	
3	1234	4638	4637	
3	1235	4639	4638	
3	4637	4638	4639	
3	929	4640	4526	
3	1042	4520	4640	
3	1043	4526	4520	
3	4640	4520	4526	
3	918	4492	4293	
3	972	4641	4492	
3	974	4293	4641	
3	4492	4641	4293	
3	1040	4642	4644	
3	1042	4643	4642	
3	925	4644	4643	
3	4642	4643	4644	
3	1045	4645	4646	
3	1044	4517	4645	
3	1012	4646	4517	
3	4645	4517	4646	
3	1228	4647	4649	
3	1553	4648	4647	
3	1161	4649	4648	
3	4647	4648	4649	
3	856	4294	4651	
3	974	4650	4294	
3	1331	4651	4650	
3	4294	4650	4651	
3	923	4652	4483	
3	1457	4653	4652	
3	919	4483	4653	
3	4652	4653	4483	
3	1039	4522	4655	
3	1059	4654	4522	
3	1457	4655	4654	
3	4522	4654	4655	
3	1334	4656	4658	
3	1272	4657	4656	
3	1277	4658	4657	
3	4656	4657	4658	
3	986	4041	4660	
3	961	4659	4041	
3	994	4660	4659	
3	4041	4659	4660	
3	888	4218	4539	
3	446	4175	4218	
3	869	4539	4175	
3	4218	4175	4539	
3	939	4661	4663	
3	1017	4662	4661	
3	1236	4663	4662	
3	4661	4662	4663	
3	1067	4103	4334	
3	631	4158	4103	
3	844	4334	4158	
3	4103	4158	4334	
3	936	4664	4666	
3	1068	4665	4664	
3	1089	4666	4665	
3	4664	4665	4666	
3	1091	4667	4669	
3	1147	4668	4667	
3	1117	4669	4668	
3	4667	4668	4669	
3	1181	4670	4672	
3	1185	4671	4670	
3	1239	4672	4671	
3	4670	4671	4672	
3	999	4377	4674	
3	807	4673	4377	
3	1003	4674	4673	
3	4377	4673	4674	
3	984	4573	3832	
3	947	4675	4573	
3	983	3832	4675	
3	4573	4675	3832	
3	1013	4676	4678	
3	1014	4677	4676	
3	992	4678	4677	
3	4676	4677	4678	
3	1137	4679	4681	
3	1150	4680	4679	
3	1091	4681	4680	
3	4679	4680	4681	
3	849	3700	4283	
3	982	4050	3700	
3	741	4283	4050	
3	3700	4050	4283	
3	982	3699	4630	
3	939	4682	3699	
3	979	4630	4682	
3	3699	4682	4630	
3	1066	4683	4568	
3	612	4684	4683	
3	1016	4568	4684	
3	4683	4684	4568	
3	470	3293	4685	
3	1066	4567	3293	
3	983	4685	4567	
3	3293	4567	4685	
3	983	4675	4685	
3	947	4558	4675	
3	470	4685	4558	
3	4675	4558	4685	
3	935	4063	4604	
3	980	4427	4063	
3	985	4604	4427	
3	4063	4427	4604	
3	1017	4686	4547	
3	849	4336	4686	
3	938	4547	4336	
3	4686	4336	4547	
3	993	4544	4321	
3	854	4335	4544	
3	960	4321	4335	
3	4544	4335	4321	
3	961	4241	4659	
3	860	4606	4241	
3	994	4659	4606	
3	4241	4606	4659	
3	1173	4244	4687	
3	581	4372	4244	
3	1065	4687	4372	
3	4244	4372	4687	
3	899	4688	4689	
3	1055	4628	4688	
3	968	4689	4628	
3	4688	4628	4689	
3	962	4459	3685	
3	996	3938	4459	
3	863	3685	3938	
3	4459	3938	3685	
3	877	4690	4610	
3	997	4691	4690	
3	964	4610	4691	
3	4690	4691	4610	
3	250	4692	4694	
3	1463	4693	4692	
3	1218	4694	4693	
3	4692	4693	4694	
3	981	4695	4449	
3	998	4696	4695	
3	896	4449	4696	
3	4695	4696	4449	
3	989	4616	3653	
3	896	4696	4616	
3	998	3653	4696	
3	4616	4696	3653	
3	865	3747	4697	
3	593	4262	3747	
3	995	4697	4262	
3	3747	4262	4697	
3	1022	4698	4699	
3	1019	3939	4698	
3	996	4699	3939	
3	4698	3939	4699	
3	990	4700	4318	
3	995	4359	4700	
3	894	4318	4359	
3	4700	4359	4318	
3	1057	4701	4702	
3	990	4317	4701	
3	1018	4702	4317	
3	4701	4317	4702	
3	1283	4703	4704	
3	969	4631	4703	
3	979	4704	4631	
3	4703	4631	4704	
3	846	4540	4633	
3	992	4677	4540	
3	1014	4633	4677	
3	4540	4677	4633	
3	1239	4332	4706	
3	844	4705	4332	
3	1238	4706	4705	
3	4332	4705	4706	
3	1081	4707	4709	
3	1038	4708	4707	
3	890	4709	4708	
3	4707	4708	4709	
3	1173	4710	4712	
3	1290	4711	4710	
3	1291	4712	4711	
3	4710	4711	4712	
3	976	4713	4605	
3	1163	4714	4713	
3	994	4605	4714	
3	4713	4714	4605	
3	252	4715	4717	
3	1108	4716	4715	
3	1228	4717	4716	
3	4715	4716	4717	
3	1057	4702	4718	
3	1018	4622	4702	
3	991	4718	4622	
3	4702	4622	4718	
3	1076	4719	4721	
3	1075	4720	4719	
3	1030	4721	4720	
3	4719	4720	4721	
3	1597	4722	4723	
3	1613	4415	4722	
3	1556	4723	4415	
3	4722	4415	4723	
3	997	4690	4724	
3	877	4389	4690	
3	1065	4724	4389	
3	4690	4389	4724	
3	252	4725	4715	
3	1233	4726	4725	
3	1108	4715	4726	
3	4725	4726	4715	
3	998	4695	4728	
3	981	4727	4695	
3	1005	4728	4727	
3	4695	4727	4728	
3	966	4617	3808	
3	989	3655	4617	
3	1001	3808	3655	
3	4617	3655	3808	
3	807	4387	4673	
3	874	4182	4387	
3	1003	4673	4182	
3	4387	4182	4673	
3	891	4438	4298	
3	1000	4729	4438	
3	857	4298	4729	
3	4438	4729	4298	
3	1036	4730	4732	
3	1000	4731	4730	
3	1002	4732	4731	
3	4730	4731	4732	
3	1000	4733	4729	
3	1116	4734	4733	
3	857	4729	4734	
3	4733	4734	4729	
3	1004	4735	4736	
3	981	4306	4735	
3	937	4736	4306	
3	4735	4306	4736	
3	1070	4737	4410	
3	882	4408	4737	
3	966	4410	4408	
3	4737	4408	4410	
3	1036	4732	4738	
3	1002	4386	4732	
3	999	4738	4386	
3	4732	4386	4738	
3	1000	4425	4731	
3	852	4381	4425	
3	1002	4731	4381	
3	4425	4381	4731	
3	875	4171	3266	
3	1068	4664	4171	
3	936	3266	4664	
3	4171	4664	3266	
3	999	4739	4738	
3	1048	4740	4739	
3	1036	4738	4740	
3	4739	4740	4738	
3	1004	4542	4735	
3	1005	4727	4542	
3	981	4735	4727	
3	4542	4727	4735	
3	1148	4741	4743	
3	1137	4742	4741	
3	1037	4743	4742	
3	4741	4742	4743	
3	1533	4744	4746	
3	1532	4745	4744	
3	1285	4746	4745	
3	4744	4745	4746	
3	745	4747	4037	
3	1109	4748	4747	
3	1006	4037	4748	
3	4747	4748	4037	
3	745	4004	4747	
3	695	4062	4004	
3	1109	4747	4062	
3	4004	4062	4747	
3	832	4431	4215	
3	1072	4749	4431	
3	978	4215	4749	
3	4431	4749	4215	
3	718	4379	4255	
3	1071	4750	4379	
3	871	4255	4750	
3	4379	4750	4255	
3	1092	4751	4752	
3	1007	3997	4751	
3	871	4752	3997	
3	4751	3997	4752	
3	673	3897	3891	
3	1008	4150	3897	
3	687	3891	4150	
3	3897	4150	3891	
3	1038	4374	4708	
3	1008	3896	4374	
3	890	4708	3896	
3	4374	3896	4708	
3	1458	4753	4754	
3	928	4494	4753	
3	930	4754	4494	
3	4753	4494	4754	
3	925	4518	4644	
3	1009	4755	4518	
3	1040	4644	4755	
3	4518	4755	4644	
3	917	4500	4467	
3	1010	4352	4500	
3	911	4467	4352	
3	4500	4352	4467	
3	1050	4535	4756	
3	1010	4502	4535	
3	934	4756	4502	
3	4535	4502	4756	
3	1557	4757	4759	
3	1102	4758	4757	
3	1104	4759	4758	
3	4757	4758	4759	
3	1094	4587	3295	
3	1103	4760	4587	
3	1066	3295	4760	
3	4587	4760	3295	
3	1009	4761	4755	
3	1041	4503	4761	
3	1040	4755	4503	
3	4761	4503	4755	
3	1046	4762	4763	
3	1043	4519	4762	
3	1044	4763	4519	
3	4762	4519	4763	
3	1082	4764	4766	
3	937	4765	4764	
3	1014	4766	4765	
3	4764	4765	4766	
3	1126	4767	4768	
3	1035	4625	4767	
3	1056	4768	4625	
3	4767	4625	4768	
3	992	4302	4678	
3	969	4769	4302	
3	1013	4678	4769	
3	4302	4769	4678	
3	937	4247	4765	
3	845	4632	4247	
3	1014	4765	4632	
3	4247	4632	4765	
3	1148	4770	4772	
3	1080	4771	4770	
3	1489	4772	4771	
3	4770	4771	4772	
3	979	4682	4774	
3	939	4773	4682	
3	1015	4774	4773	
3	4682	4773	4774	
3	1016	4684	4776	
3	612	4775	4684	
3	1113	4776	4775	
3	4684	4775	4776	
3	985	4426	4323	
3	1016	4777	4426	
3	1074	4323	4777	
3	4426	4777	4323	
3	993	4324	4779	
3	1074	4778	4324	
3	1114	4779	4778	
3	4324	4778	4779	
3	939	3701	4661	
3	849	4686	3701	
3	1017	4661	4686	
3	3701	4686	4661	
3	1055	4688	4446	
3	899	4455	4688	
3	865	4446	4455	
3	4688	4455	4446	
3	991	4623	4780	
3	848	4100	4623	
3	897	4780	4100	
3	4623	4100	4780	
3	863	3940	4442	
3	1019	4412	3940	
3	893	4442	4412	
3	3940	4412	4442	
3	1022	4781	4698	
3	1020	4782	4781	
3	1019	4698	4782	
3	4781	4782	4698	
3	899	4689	4608	
3	968	4783	4689	
3	987	4608	4783	
3	4689	4783	4608	
3	884	4413	4784	
3	1019	4782	4413	
3	1020	4784	4782	
3	4413	4782	4784	
3	1120	4785	4787	
3	1096	4786	4785	
3	1140	4787	4786	
3	4785	4786	4787	
3	1022	4699	4789	
3	996	4788	4699	
3	1031	4789	4788	
3	4699	4788	4789	
3	987	4790	4461	
3	1031	4788	4790	
3	996	4461	4788	
3	4790	4788	4461	
3	697	4791	4792	
3	1020	4781	4791	
3	1022	4792	4781	
3	4791	4781	4792	
3	1020	4791	4794	
3	697	4793	4791	
3	1030	4794	4793	
3	4791	4793	4794	
3	2	4795	4797	
3	1131	4796	4795	
3	1144	4797	4796	
3	4795	4796	4797	
3	1083	4798	4800	
3	1144	4799	4798	
3	1587	4800	4799	
3	4798	4799	4800	
3	1075	4801	4802	
3	1078	2899	4801	
3	884	4802	2899	
3	4801	2899	4802	
3	884	4784	4802	
3	1020	4803	4784	
3	1075	4802	4803	
3	4784	4803	4802	
3	1020	4794	4803	
3	1030	4720	4794	
3	1075	4803	4720	
3	4794	4720	4803	
3	697	4804	4793	
3	1034	4805	4804	
3	1030	4793	4805	
3	4804	4805	4793	
3	1034	4804	4807	
3	697	4806	4804	
3	1032	4807	4806	
3	4804	4806	4807	
3	1030	4805	4809	
3	1034	4808	4805	
3	1079	4809	4808	
3	4805	4808	4809	
3	1079	4810	4809	
3	1076	4721	4810	
3	1030	4809	4721	
3	4810	4721	4809	
3	1035	4363	4626	
3	1033	4811	4363	
3	1031	4626	4811	
3	4363	4811	4626	
3	1033	4812	4811	
3	1022	4789	4812	
3	1031	4811	4789	
3	4812	4789	4811	
3	1022	4812	4792	
3	1033	4813	4812	
3	697	4792	4813	
3	4812	4813	4792	
3	1034	4814	4808	
3	1047	4815	4814	
3	1079	4808	4815	
3	4814	4815	4808	
3	1047	4814	4816	
3	1034	4807	4814	
3	1032	4816	4807	
3	4814	4807	4816	
3	1032	4806	4362	
3	697	4813	4806	
3	1033	4362	4813	
3	4806	4813	4362	
3	1047	4816	4818	
3	1032	4817	4816	
3	1021	4818	4817	
3	4816	4817	4818	
3	1021	4817	4819	
3	1032	4364	4817	
3	1035	4819	4364	
3	4817	4364	4819	
3	1130	3612	4821	
3	1111	4820	3612	
3	1134	4821	4820	
3	3612	4820	4821	
3	987	4783	4790	
3	968	4822	4783	
3	1031	4790	4822	
3	4783	4822	4790	
3	968	4823	4822	
3	1056	4624	4823	
3	1031	4822	4624	
3	4823	4624	4822	
3	1048	4739	4824	
3	999	4674	4739	
3	1003	4824	4674	
3	4739	4674	4824	
3	1164	4383	4826	
3	1183	4825	4383	
3	1240	4826	4825	
3	4383	4825	4826	
3	1082	4766	4456	
3	1014	4676	4766	
3	1013	4456	4676	
3	4766	4676	4456	
3	1524	4827	4829	
3	1402	4828	4827	
3	1525	4829	4828	
3	4827	4828	4829	
3	890	4385	4709	
3	838	4830	4385	
3	1081	4709	4830	
3	4385	4830	4709	
3	1008	4376	4151	
3	1049	4831	4376	
3	824	4151	4831	
3	4376	4831	4151	
3	1245	4832	4833	
3	934	4532	4832	
3	932	4833	4532	
3	4832	4532	4833	
3	1622	4834	4836	
3	1587	4835	4834	
3	1603	4836	4835	
3	4834	4835	4836	
3	1041	4761	4837	
3	1009	4509	4761	
3	928	4837	4509	
3	4761	4509	4837	
3	1042	4642	4516	
3	1040	4505	4642	
3	1012	4516	4505	
3	4642	4505	4516	
3	975	4838	4840	
3	1457	4839	4838	
3	1085	4840	4839	
3	4838	4839	4840	
3	1044	4645	4763	
3	1045	4841	4645	
3	1046	4763	4841	
3	4645	4841	4763	
3	974	4641	4842	
3	972	4527	4641	
3	1043	4842	4527	
3	4641	4527	4842	
3	925	4643	4514	
3	1042	4640	4643	
3	929	4514	4640	
3	4643	4640	4514	
3	1110	4843	4844	
3	1045	4646	4843	
3	1012	4844	4646	
3	4843	4646	4844	
3	1043	4762	4846	
3	1046	4845	4762	
3	1332	4846	4845	
3	4762	4845	4846	
3	1163	4847	4849	
3	1277	4848	4847	
3	1333	4849	4848	
3	4847	4848	4849	
3	1332	4850	4852	
3	1269	4851	4850	
3	1331	4852	4851	
3	4850	4851	4852	
3	1172	4853	4855	
3	1288	4854	4853	
3	1171	4855	4854	
3	4853	4854	4855	
3	1110	4844	4856	
3	1012	4504	4844	
3	1041	4856	4504	
3	4844	4504	4856	
3	1265	4857	4858	
3	1046	4841	4857	
3	1045	4858	4841	
3	4857	4841	4858	
3	1046	4857	4860	
3	1265	4859	4857	
3	1267	4860	4859	
3	4857	4859	4860	
3	1083	4861	4863	
3	1139	4862	4861	
3	1047	4863	4862	
3	4861	4862	4863	
3	1128	4864	4866	
3	1083	4865	4864	
3	1021	4866	4865	
3	4864	4865	4866	
3	1174	4867	4868	
3	936	4666	4867	
3	1089	4868	4666	
3	4867	4666	4868	
3	1174	4869	4871	
3	1175	4870	4869	
3	1048	4871	4870	
3	4869	4870	4871	
3	1081	4437	4873	
3	977	4872	4437	
3	1242	4873	4872	
3	4437	4872	4873	
3	934	4874	4756	
3	1052	4486	4874	
3	1050	4756	4486	
3	4874	4486	4756	
3	1052	4874	4876	
3	934	4875	4874	
3	1051	4876	4875	
3	4874	4875	4876	
3	923	4536	4877	
3	1050	4485	4536	
3	1039	4877	4485	
3	4536	4485	4877	
3	1223	4533	4879	
3	1038	4878	4533	
3	1084	4879	4878	
3	4533	4878	4879	
3	1054	4523	4880	
3	1039	4487	4523	
3	1052	4880	4487	
3	4523	4487	4880	
3	1053	4881	4882	
3	1054	4880	4881	
3	1052	4882	4880	
3	4881	4880	4882	
3	1053	4882	4883	
3	1052	4876	4882	
3	1051	4883	4876	
3	4882	4876	4883	
3	1049	4534	4831	
3	1223	4884	4534	
3	824	4831	4884	
3	4534	4884	4831	
3	1045	4885	4887	
3	1141	4886	4885	
3	1143	4887	4886	
3	4885	4886	4887	
3	1245	4888	4890	
3	1166	4889	4888	
3	1051	4890	4889	
3	4888	4889	4890	
3	1457	4838	4653	
3	975	4497	4838	
3	919	4653	4497	
3	4838	4497	4653	
3	995	4891	4697	
3	1060	4447	4891	
3	865	4697	4447	
3	4891	4447	4697	
3	1060	4891	4892	
3	995	4700	4891	
3	990	4892	4700	
3	4891	4700	4892	
3	1063	4629	4893	
3	1055	4448	4629	
3	1060	4893	4448	
3	4629	4448	4893	
3	1111	4894	4896	
3	1127	4895	4894	
3	1132	4896	4895	
3	4894	4895	4896	
3	1064	4897	4454	
3	1057	4718	4897	
3	991	4454	4718	
3	4897	4718	4454	
3	990	4898	4892	
3	1062	4899	4898	
3	1060	4892	4899	
3	4898	4899	4892	
3	1053	4900	4902	
3	1225	4901	4900	
3	1058	4902	4901	
3	4900	4901	4902	
3	1255	4903	4905	
3	1256	4904	4903	
3	1519	4905	4904	
3	4903	4904	4905	
3	1288	4906	4907	
3	1143	4886	4906	
3	1141	4907	4886	
3	4906	4886	4907	
3	1085	4908	4840	
3	1458	4909	4908	
3	975	4840	4909	
3	4908	4909	4840	
3	1062	4898	4910	
3	990	4701	4898	
3	1057	4910	4701	
3	4898	4701	4910	
3	968	4627	4823	
3	1063	4911	4627	
3	1056	4823	4911	
3	4627	4911	4823	
3	1064	4453	4913	
3	1087	4912	4453	
3	1460	4913	4912	
3	4453	4912	4913	
3	1511	4914	4915	
3	1108	4391	4914	
3	988	4915	4391	
3	4914	4391	4915	
3	1062	4910	4916	
3	1057	4897	4910	
3	1064	4916	4897	
3	4910	4897	4916	
3	1060	4917	4893	
3	1086	4918	4917	
3	1063	4893	4918	
3	4917	4918	4893	
3	1086	4917	4919	
3	1060	4899	4917	
3	1062	4919	4899	
3	4917	4899	4919	
3	1062	4916	4920	
3	1064	4445	4916	
3	1227	4920	4445	
3	4916	4445	4920	
3	991	4780	4452	
3	897	4921	4780	
3	1087	4452	4921	
3	4780	4921	4452	
3	967	4922	2987	
3	1227	4444	4922	
3	1098	2987	4444	
3	4922	4444	2987	
3	868	4923	4085	
3	1289	4924	4923	
3	855	4085	4924	
3	4923	4924	4085	
3	868	4925	4923	
3	1290	4926	4925	
3	1289	4923	4926	
3	4925	4926	4923	
3	1103	4589	4927	
3	1102	4757	4589	
3	1557	4927	4757	
3	4589	4757	4927	
3	983	4569	3833	
3	1016	4428	4569	
3	980	3833	4428	
3	4569	4428	3833	
3	1116	4928	4734	
3	844	3819	4928	
3	857	4734	3819	
3	4928	3819	4734	
3	977	4101	4930	
3	1067	4929	4101	
3	1241	4930	4929	
3	4101	4929	4930	
3	978	4749	4932	
3	1072	4931	4749	
3	1093	4932	4931	
3	4749	4931	4932	
3	1003	4933	4824	
3	1174	4871	4933	
3	1048	4824	4871	
3	4933	4871	4824	
3	1090	4934	4935	
3	986	4660	4934	
3	994	4935	4660	
3	4934	4660	4935	
3	1320	4936	4938	
3	1596	4937	4936	
3	1279	4938	4937	
3	4936	4937	4938	
3	937	4764	4736	
3	1082	4939	4764	
3	1004	4736	4939	
3	4764	4939	4736	
3	883	4250	4940	
3	882	4737	4250	
3	1070	4940	4737	
3	4250	4737	4940	
3	1092	4941	4943	
3	1071	4942	4941	
3	1101	4943	4942	
3	4941	4942	4943	
3	871	4750	4752	
3	1071	4941	4750	
3	1092	4752	4941	
3	4750	4941	4752	
3	1206	4944	4945	
3	1092	4943	4944	
3	1101	4945	4943	
3	4944	4943	4945	
3	1190	4946	4948	
3	1068	4947	4946	
3	1093	4948	4947	
3	4946	4947	4948	
3	950	4949	4951	
3	1135	4950	4949	
3	1112	4951	4950	
3	4949	4950	4951	
3	1112	4950	4953	
3	1135	4952	4950	
3	1073	4953	4952	
3	4950	4952	4953	
3	1114	4954	4779	
3	1017	4545	4954	
3	993	4779	4545	
3	4954	4545	4779	
3	1300	4955	4956	
3	1237	4433	4955	
3	1114	4956	4433	
3	4955	4433	4956	
3	1028	4957	4959	
3	1095	4958	4957	
3	1096	4959	4958	
3	4957	4958	4959	
3	1075	4960	4801	
3	1095	4961	4960	
3	1078	4801	4961	
3	4960	4961	4801	
3	1095	4960	4962	
3	1075	4719	4960	
3	1076	4962	4719	
3	4960	4719	4962	
3	1095	4963	4961	
3	1077	4964	4963	
3	1078	4961	4964	
3	4963	4964	4961	
3	3	2897	4965	
3	1078	4964	2897	
3	1077	4965	4964	
3	2897	4964	4965	
3	1021	4865	4818	
3	1083	4863	4865	
3	1047	4818	4863	
3	4865	4863	4818	
3	1119	4966	4968	
3	1096	4967	4966	
3	1076	4968	4967	
3	4966	4967	4968	
3	1147	4969	4971	
3	1152	4970	4969	
3	1466	4971	4970	
3	4969	4970	4971	
3	1101	4972	4974	
3	1006	4973	4972	
3	1465	4974	4973	
3	4972	4973	4974	
3	786	4435	3687	
3	1081	4830	4435	
3	838	3687	4830	
3	4435	4830	3687	
3	977	4930	4872	
3	1241	4975	4930	
3	1242	4872	4975	
3	4930	4975	4872	
3	1013	4976	4457	
3	1146	4977	4976	
3	1157	4457	4977	
3	4976	4977	4457	
3	998	4728	3654	
3	1005	4978	4728	
3	1001	3654	4978	
3	4728	4978	3654	
3	1129	2168	4979	
3	1131	4795	2168	
3	2	4979	4795	
3	2168	4795	4979	
3	1029	4980	4981	
3	1120	4787	4980	
3	1140	4981	4787	
3	4980	4787	4981	
3	1253	4982	4984	
3	1261	4983	4982	
3	1257	4984	4983	
3	4982	4983	4984	
3	1121	4985	4987	
3	1225	4986	4985	
3	1166	4987	4986	
3	4985	4986	4987	
3	1251	4988	4989	
3	1059	4524	4988	
3	1054	4989	4524	
3	4988	4524	4989	
3	928	4753	4837	
3	1458	4990	4753	
3	1041	4837	4990	
3	4753	4990	4837	
3	1061	4991	4993	
3	1462	4992	4991	
3	1124	4993	4992	
3	4991	4992	4993	
3	1086	4994	4996	
3	1227	4995	4994	
3	1099	4996	4995	
3	4994	4995	4996	
3	971	4997	4421	
3	1087	4921	4997	
3	897	4421	4921	
3	4997	4921	4421	
3	1064	4913	4999	
3	1460	4998	4913	
3	1061	4999	4998	
3	4913	4998	4999	
3	1363	5000	5002	
3	1330	5001	5000	
3	1185	5002	5001	
3	5000	5001	5002	
3	1058	4901	5003	
3	1225	4985	4901	
3	1121	5003	4985	
3	4901	4985	5003	
3	978	4932	4170	
3	1093	4947	4932	
3	1068	4170	4947	
3	4932	4947	4170	
3	1183	4382	5005	
3	1177	5004	4382	
3	1184	5005	5004	
3	4382	5004	5005	
3	1163	5006	4714	
3	1090	4935	5006	
3	994	4714	4935	
3	5006	4935	4714	
3	1218	2372	5008	
3	1069	5007	2372	
3	1090	5008	5007	
3	2372	5007	5008	
3	1080	4770	5010	
3	1148	5009	4770	
3	1005	5010	5009	
3	4770	5009	5010	
3	1117	5011	4669	
3	1070	5012	5011	
3	1091	4669	5012	
3	5011	5012	4669	
3	1101	4942	4972	
3	1071	4380	4942	
3	1006	4972	4380	
3	4942	4380	4972	
3	1072	4430	5013	
3	1007	4751	4430	
3	1092	5013	4751	
3	4430	4751	5013	
3	1072	5014	5016	
3	1206	5015	5014	
3	1205	5016	5015	
3	5014	5015	5016	
3	1193	5017	5019	
3	1194	5018	5017	
3	1176	5019	5018	
3	5017	5018	5019	
3	1011	5020	4578	
3	1102	5021	5020	
3	951	4578	5021	
3	5020	5021	4578	
3	951	5021	3948	
3	1102	4588	5021	
3	1094	3948	4588	
3	5021	4588	3948	
3	1096	4958	4967	
3	1095	4962	4958	
3	1076	4967	4962	
3	4958	4962	4967	
3	1028	5022	4957	
3	1077	4963	5022	
3	1095	4957	4963	
3	5022	4963	4957	
3	1119	4968	5023	
3	1076	4810	4968	
3	1079	5023	4810	
3	4968	4810	5023	
3	1120	5024	4785	
3	1028	4959	5024	
3	1096	4785	4959	
3	5024	4959	4785	
3	1058	5003	5026	
3	1121	5025	5003	
3	1249	5026	5025	
3	5003	5025	5026	
3	1226	5027	4399	
3	932	4266	5027	
3	828	4399	4266	
3	5027	4266	4399	
3	1064	4999	4443	
3	1061	5028	4999	
3	1098	4443	5028	
3	4999	5028	4443	
3	1132	4895	5030	
3	1127	5029	4895	
3	1099	5030	5029	
3	4895	5029	5030	
3	1126	5031	5032	
3	1128	4866	5031	
3	1021	5032	4866	
3	5031	4866	5032	
3	1099	5033	4996	
3	1063	4918	5033	
3	1086	4996	4918	
3	5033	4918	4996	
3	1241	5034	5035	
3	1239	4671	5034	
3	1185	5035	4671	
3	5034	4671	5035	
3	1081	5036	4707	
3	1122	5037	5036	
3	1038	4707	5037	
3	5036	5037	4707	
3	1465	5038	5040	
3	1109	5039	5038	
3	1118	5040	5039	
3	5038	5039	5040	
3	1206	4945	5042	
3	1101	5041	4945	
3	1208	5042	5041	
3	4945	5041	5042	
3	1073	5043	4600	
3	1104	5044	5043	
3	1011	4600	5044	
3	5043	5044	4600	
3	1066	4760	4683	
3	1103	5045	4760	
3	612	4683	5045	
3	4760	5045	4683	
3	1104	4758	5044	
3	1102	5020	4758	
3	1011	5044	5020	
3	4758	5020	5044	
3	1103	5046	5045	
3	1298	5047	5046	
3	612	5045	5047	
3	5046	5047	5045	
3	1589	5048	5050	
3	1264	5049	5048	
3	948	5050	5049	
3	5048	5049	5050	
3	1390	5051	5053	
3	1344	5052	5051	
3	1384	5053	5052	
3	5051	5052	5053	
3	1065	4371	4724	
3	1105	4611	4371	
3	997	4724	4611	
3	4371	4611	4724	
3	1433	5054	5056	
3	1462	5055	5054	
3	1460	5056	5055	
3	5054	5055	5056	
3	973	5057	5059	
3	1630	5058	5057	
3	1376	5059	5058	
3	5057	5058	5059	
3	1630	5060	5062	
3	1274	5061	5060	
3	1315	5062	5061	
3	5060	5061	5062	
3	1647	5063	5065	
3	1463	5064	5063	
3	1145	5065	5064	
3	5063	5064	5065	
3	581	5066	4370	
3	1452	5067	5066	
3	1105	4370	5067	
3	5066	5067	4370	
3	1233	5068	5069	
3	1087	4997	5068	
3	971	5069	4997	
3	5068	4997	5069	
3	1108	4726	4392	
3	1233	4639	4726	
3	1235	4392	4639	
3	4726	4639	4392	
3	1070	5011	4940	
3	1117	5070	5011	
3	883	4940	5070	
3	5011	5070	4940	
3	1109	5071	5039	
3	1117	5072	5071	
3	1118	5039	5072	
3	5071	5072	5039	
3	1459	5073	5074	
3	1041	4990	5073	
3	1458	5074	4990	
3	5073	4990	5074	
3	1168	5075	5077	
3	1170	5076	5075	
3	1171	5077	5076	
3	5075	5076	5077	
3	1127	5078	5029	
3	1063	5033	5078	
3	1099	5029	5033	
3	5078	5033	5029	
3	1126	5032	4767	
3	1021	4819	5032	
3	1035	4767	4819	
3	5032	4819	4767	
3	1073	4581	4953	
3	952	5079	4581	
3	1112	4953	5079	
3	4581	5079	4953	
3	1341	5080	5082	
3	1343	5081	5080	
3	1300	5082	5081	
3	5080	5081	5082	
3	1015	5083	5084	
3	1236	4434	5083	
3	1237	5084	4434	
3	5083	4434	5084	
3	1074	4777	5085	
3	1016	4776	4777	
3	1113	5085	4776	
3	4777	4776	5085	
3	1232	5086	5088	
3	1341	5087	5086	
3	1299	5088	5087	
3	5086	5087	5088	
3	1528	5089	5090	
3	1402	4827	5089	
3	1524	5090	4827	
3	5089	4827	5090	
3	1146	5091	4977	
3	1337	5092	5091	
3	1157	4977	5092	
3	5091	5092	4977	
3	1036	5093	4730	
3	1182	5094	5093	
3	1000	4730	5094	
3	5093	5094	4730	
3	1048	5095	5097	
3	1177	5096	5095	
3	1179	5097	5096	
3	5095	5096	5097	
3	1070	4409	5012	
3	1037	5098	4409	
3	1091	5012	5098	
3	4409	5098	5012	
3	1109	4061	5071	
3	883	5070	4061	
3	1117	5071	5070	
3	4061	5070	5071	
3	1080	5010	5099	
3	1005	4541	5010	
3	1115	5099	4541	
3	5010	4541	5099	
3	1465	5100	4974	
3	1138	5101	5100	
3	1101	4974	5101	
3	5100	5101	4974	
3	1139	5102	4862	
3	1079	4815	5102	
3	1047	4862	4815	
3	5102	4815	4862	
3	1119	5023	5103	
3	1079	5102	5023	
3	1139	5103	5102	
3	5023	5102	5103	
3	1224	5104	5106	
3	1097	5105	5104	
3	1223	5106	5105	
3	5104	5105	5106	
3	1140	4786	5107	
3	1096	4966	4786	
3	1119	5107	4966	
3	4786	4966	5107	
3	1246	5108	5110	
3	1247	5109	5108	
3	1121	5110	5109	
3	5108	5109	5110	
3	1100	5111	5113	
3	1330	5112	5111	
3	1329	5113	5112	
3	5111	5112	5113	
3	1038	5037	5115	
3	1122	5114	5037	
3	1259	5115	5114	
3	5037	5114	5115	
3	1274	5116	5061	
3	1125	5117	5116	
3	1315	5061	5117	
3	5116	5117	5061	
3	1594	5118	5120	
3	1644	5119	5118	
3	1512	5120	5119	
3	5118	5119	5120	
3	249	5121	5123	
3	1123	5122	5121	
3	1312	5123	5122	
3	5121	5122	5123	
3	1061	4998	4991	
3	1460	5055	4998	
3	1462	4991	5055	
3	4998	5055	4991	
3	1045	4843	4885	
3	1110	5124	4843	
3	1141	4885	5124	
3	4843	5124	4885	
3	1142	5125	5126	
3	1141	5124	5125	
3	1110	5126	5124	
3	5125	5124	5126	
3	1056	5127	4768	
3	1127	5128	5127	
3	1126	4768	5128	
3	5127	5128	4768	
3	1128	5031	5130	
3	1126	5129	5031	
3	1129	5130	5129	
3	5031	5129	5130	
3	1127	5127	5078	
3	1056	4911	5127	
3	1063	5078	4911	
3	5127	4911	5078	
3	1128	5130	5131	
3	1129	4979	5130	
3	2	5131	4979	
3	5130	4979	5131	
3	1129	5129	5132	
3	1126	5128	5129	
3	1127	5132	5128	
3	5129	5128	5132	
3	2	5133	5131	
3	1083	4864	5133	
3	1128	5131	4864	
3	5133	4864	5131	
3	1127	4894	5132	
3	1111	3613	4894	
3	1129	5132	3613	
3	4894	3613	5132	
3	1111	4896	4820	
3	1132	5134	4896	
3	1134	4820	5134	
3	4896	5134	4820	
3	1502	5135	5137	
3	1497	5136	5135	
3	1444	5137	5136	
3	5135	5136	5137	
3	1708	5138	5140	
3	1388	5139	5138	
3	1633	5140	5139	
3	5138	5139	5140	
3	1162	5141	5143	
3	1328	5142	5141	
3	1333	5143	5142	
3	5141	5142	5143	
3	1029	5144	5146	
3	1556	5145	5144	
3	1027	5146	5145	
3	5144	5145	5146	
3	1099	5147	5030	
3	967	5148	5147	
3	1132	5030	5148	
3	5147	5148	5030	
3	967	2986	5150	
3	1229	5149	2986	
3	1552	5150	5149	
3	2986	5149	5150	
3	1433	5151	5152	
3	1228	4649	5151	
3	1161	5152	4649	
3	5151	4649	5152	
3	1462	5153	4992	
3	1276	5154	5153	
3	1124	4992	5154	
3	5153	5154	4992	
3	1552	5155	5150	
3	1132	5148	5155	
3	967	5150	5148	
3	5155	5148	5150	
3	1443	5156	5158	
3	1219	5157	5156	
3	1273	5158	5157	
3	5156	5157	5158	
3	1589	5159	5048	
3	1588	5160	5159	
3	1264	5048	5160	
3	5159	5160	5048	
3	1104	5043	5161	
3	1073	4952	5043	
3	1135	5161	4952	
3	5043	4952	5161	
3	1013	5162	4976	
3	1283	4550	5162	
3	1146	4976	4550	
3	5162	4550	4976	
3	1037	4742	5098	
3	1137	4681	4742	
3	1091	5098	4681	
3	4742	4681	5098	
3	1037	3806	4743	
3	1001	5163	3806	
3	1148	4743	5163	
3	3806	5163	4743	
3	1469	5164	5166	
3	1475	5165	5164	
3	1160	5166	5165	
3	5164	5165	5166	
3	1117	4668	5072	
3	1147	5167	4668	
3	1118	5072	5167	
3	4668	5167	5072	
3	1191	5168	5170	
3	1197	5169	5168	
3	1202	5170	5169	
3	5168	5169	5170	
3	1083	5133	4798	
3	2	4797	5133	
3	1144	4798	4797	
3	5133	4797	4798	
3	1556	5144	5171	
3	1029	4981	5144	
3	1140	5171	4981	
3	5144	4981	5171	
3	1119	5103	5107	
3	1139	5172	5103	
3	1140	5107	5172	
3	5103	5172	5107	
3	1139	5173	5172	
3	1597	5174	5173	
3	1140	5172	5174	
3	5173	5174	5172	
3	1041	5073	4856	
3	1459	5175	5073	
3	1110	4856	5175	
3	5073	5175	4856	
3	1516	5176	5178	
3	1271	5177	5176	
3	1151	5178	5177	
3	5176	5177	5178	
3	1059	5179	5181	
3	1167	5180	5179	
3	1169	5181	5180	
3	5179	5180	5181	
3	1166	4986	4889	
3	1225	5182	4986	
3	1051	4889	5182	
3	4986	5182	4889	
3	1267	4859	5184	
3	1265	5183	4859	
3	1266	5184	5183	
3	4859	5183	5184	
3	973	5185	5187	
3	1266	5186	5185	
3	1274	5187	5186	
3	5185	5186	5187	
3	1552	5149	5189	
3	1229	5188	5149	
3	1509	5189	5188	
3	5149	5188	5189	
3	1433	5190	5054	
3	1106	5191	5190	
3	1462	5054	5191	
3	5190	5191	5054	
3	1165	5192	5194	
3	1221	5193	5192	
3	1250	5194	5193	
3	5192	5193	5194	
3	1464	5195	5196	
3	1131	2167	5195	
3	1130	5196	2167	
3	5195	2167	5196	
3	1015	5084	5198	
3	1237	5197	5084	
3	1301	5198	5197	
3	5084	5197	5198	
3	1001	4978	5163	
3	1005	5009	4978	
3	1148	5163	5009	
3	4978	5009	5163	
3	1149	5199	5201	
3	1467	5200	5199	
3	1466	5201	5200	
3	5199	5200	5201	
3	1152	5202	5204	
3	1154	5203	5202	
3	1149	5204	5203	
3	5202	5203	5204	
3	1467	5205	5207	
3	1468	5206	5205	
3	1214	5207	5206	
3	5205	5206	5207	
3	1285	5208	5209	
3	1004	4939	5208	
3	1082	5209	4939	
3	5208	4939	5209	
3	1489	5210	5212	
3	1158	5211	5210	
3	1474	5212	5211	
3	5210	5211	5212	
3	1091	4680	4667	
3	1150	5213	4680	
3	1147	4667	5213	
3	4680	5213	4667	
3	1472	5214	5216	
3	1153	5215	5214	
3	1474	5216	5215	
3	5214	5215	5216	
3	1147	5213	4969	
3	1150	5217	5213	
3	1152	4969	5217	
3	5213	5217	4969	
3	1468	5218	5219	
3	1469	5166	5218	
3	1160	5219	5166	
3	5218	5166	5219	
3	1152	5204	4970	
3	1149	5201	5204	
3	1466	4970	5201	
3	5204	5201	4970	
3	1153	5220	5221	
3	1150	4679	5220	
3	1137	5221	4679	
3	5220	4679	5221	
3	1153	5222	5220	
3	1152	5217	5222	
3	1150	5220	5217	
3	5222	5217	5220	
3	1280	5223	5225	
3	1195	5224	5223	
3	1327	5225	5224	
3	5223	5224	5225	
3	1152	5222	5202	
3	1153	5226	5222	
3	1154	5202	5226	
3	5222	5226	5202	
3	1471	5227	5229	
3	1490	5228	5227	
3	1475	5229	5228	
3	5227	5228	5229	
3	1154	5230	5232	
3	1472	5231	5230	
3	1470	5232	5231	
3	5230	5231	5232	
3	1327	5233	5225	
3	1323	5234	5233	
3	1280	5225	5234	
3	5233	5234	5225	
3	1627	5235	5237	
3	1613	5236	5235	
3	1622	5237	5236	
3	5235	5236	5237	
3	1511	5238	5239	
3	1553	4647	5238	
3	1228	5239	4647	
3	5238	4647	5239	
3	1574	5240	5242	
3	1231	5241	5240	
3	1453	5242	5241	
3	5240	5241	5242	
3	1301	5243	5198	
3	1146	4549	5243	
3	1015	5198	4549	
3	5243	4549	5198	
3	1004	5208	4543	
3	1285	5244	5208	
3	1115	4543	5244	
3	5208	5244	4543	
3	1159	5245	5247	
3	1515	5246	5245	
3	1514	5247	5246	
3	5245	5246	5247	
3	1535	5248	5250	
3	1536	5249	5248	
3	1115	5250	5249	
3	5248	5249	5250	
3	1472	5216	5252	
3	1474	5251	5216	
3	1477	5252	5251	
3	5216	5251	5252	
3	1478	5253	5255	
3	1481	5254	5253	
3	1477	5255	5254	
3	5253	5254	5255	
3	1508	5256	5258	
3	1507	5257	5256	
3	1198	5258	5257	
3	5256	5257	5258	
3	1469	5218	5260	
3	1468	5259	5218	
3	1154	5260	5259	
3	5218	5259	5260	
3	1231	5261	5263	
3	1665	5262	5261	
3	1553	5263	5262	
3	5261	5262	5263	
3	1444	5264	5137	
3	1373	5265	5264	
3	1502	5137	5265	
3	5264	5265	5137	
3	1269	5266	5267	
3	1046	4860	5266	
3	1267	5267	4860	
3	5266	4860	5267	
3	1445	5268	5270	
3	1263	5269	5268	
3	1196	5270	5269	
3	5268	5269	5270	
3	1277	4847	4658	
3	1163	5271	4847	
3	1334	4658	5271	
3	4847	5271	4658	
3	1163	5272	5273	
3	250	4694	5272	
3	1218	5273	4694	
3	5272	4694	5273	
3	1182	5274	5276	
3	1179	5275	5274	
3	1243	5276	5275	
3	5274	5275	5276	
3	1048	5097	4740	
3	1179	5277	5097	
3	1036	4740	5277	
3	5097	5277	4740	
3	1051	5182	4883	
3	1225	4900	5182	
3	1053	4883	4900	
3	5182	4900	4883	
3	1058	5278	4902	
3	1248	5279	5278	
3	1053	4902	5279	
3	5278	5279	4902	
3	1121	5109	5025	
3	1247	5280	5109	
3	1249	5025	5280	
3	5109	5280	5025	
3	1169	5281	5283	
3	1168	5282	5281	
3	1142	5283	5282	
3	5281	5282	5283	
3	1054	4881	5284	
3	1053	5279	4881	
3	1248	5284	5279	
3	4881	5279	5284	
3	1167	5285	5180	
3	1168	5281	5285	
3	1169	5180	5281	
3	5285	5281	5180	
3	1167	5286	5285	
3	1255	5287	5286	
3	1168	5285	5287	
3	5286	5287	5285	
3	1167	5288	5286	
3	1254	5289	5288	
3	1255	5286	5289	
3	5288	5289	5286	
3	1142	5290	5283	
3	1085	5291	5290	
3	1169	5283	5291	
3	5290	5291	5283	
3	1085	5292	5291	
3	1059	5181	5292	
3	1169	5291	5181	
3	5292	5181	5291	
3	1172	5293	5295	
3	395	5294	5293	
3	1125	5295	5294	
3	5293	5294	5295	
3	1168	5077	5282	
3	1171	5296	5077	
3	1142	5282	5296	
3	5077	5296	5282	
3	1171	5076	4855	
3	1170	5297	5076	
3	1172	4855	5297	
3	5076	5297	4855	
3	1141	5125	5298	
3	1142	5296	5125	
3	1171	5298	5296	
3	5125	5296	5298	
3	395	5293	5299	
3	1172	5297	5293	
3	1170	5299	5297	
3	5293	5297	5299	
3	1143	5300	5301	
3	1172	5295	5300	
3	1125	5301	5295	
3	5300	5295	5301	
3	1289	5302	5303	
3	1173	4687	5302	
3	1065	5303	4687	
3	5302	4687	5303	
3	1291	5304	4712	
3	1069	4242	5304	
3	1173	4712	4242	
3	5304	4242	4712	
3	936	4867	4181	
3	1174	4933	4867	
3	1003	4181	4933	
3	4867	4933	4181	
3	1175	4869	5305	
3	1174	4868	4869	
3	1089	5305	4868	
3	4869	4868	5305	
3	1187	5306	5308	
3	1186	5307	5306	
3	1089	5308	5307	
3	5306	5307	5308	
3	1177	4384	5096	
3	1164	5309	4384	
3	1179	5096	5309	
3	4384	5309	5096	
3	1295	5310	5312	
3	1187	5311	5310	
3	1197	5312	5311	
3	5310	5311	5312	
3	1211	5313	5315	
3	1198	5314	5313	
3	1486	5315	5314	
3	5313	5314	5315	
3	1048	4870	5095	
3	1175	5316	4870	
3	1177	5095	5316	
3	4870	5316	5095	
3	1188	5317	5319	
3	1184	5318	5317	
3	1186	5319	5318	
3	5317	5318	5319	
3	1178	5320	5321	
3	1186	5306	5320	
3	1187	5321	5306	
3	5320	5306	5321	
3	1372	5322	5324	
3	1262	5323	5322	
3	1387	5324	5323	
3	5322	5323	5324	
3	1100	5325	5326	
3	1241	5035	5325	
3	1185	5326	5035	
3	5325	5035	5326	
3	1000	5094	4733	
3	1182	5327	5094	
3	1116	4733	5327	
3	5094	5327	4733	
3	1189	5328	5330	
3	1188	5329	5328	
3	1178	5330	5329	
3	5328	5329	5330	
3	1293	5331	5333	
3	1189	5332	5331	
3	1180	5333	5332	
3	5331	5332	5333	
3	1293	5334	5331	
3	1188	5328	5334	
3	1189	5331	5328	
3	5334	5328	5331	
3	1259	5335	5337	
3	1262	5336	5335	
3	1260	5337	5336	
3	5335	5336	5337	
3	1036	5277	5093	
3	1179	5274	5277	
3	1182	5093	5274	
3	5277	5274	5093	
3	1179	5309	5275	
3	1164	5338	5309	
3	1243	5275	5338	
3	5309	5338	5275	
3	1184	5004	5339	
3	1177	5316	5004	
3	1175	5339	5316	
3	5004	5316	5339	
3	1193	5019	4145	
3	1176	2381	5019	
3	1220	4145	2381	
3	5019	2381	4145	
3	1186	5318	5340	
3	1184	5339	5318	
3	1175	5340	5339	
3	5318	5339	5340	
3	1184	5317	5342	
3	1188	5341	5317	
3	1294	5342	5341	
3	5317	5341	5342	
3	1351	5343	5345	
3	1303	5344	5343	
3	1349	5345	5344	
3	5343	5344	5345	
3	1369	5346	5347	
3	1182	5276	5346	
3	1243	5347	5276	
3	5346	5276	5347	
3	1089	5307	5305	
3	1186	5340	5307	
3	1175	5305	5340	
3	5307	5340	5305	
3	1188	5319	5329	
3	1186	5320	5319	
3	1178	5329	5320	
3	5319	5320	5329	
3	1089	5348	5308	
3	1190	5349	5348	
3	1187	5308	5349	
3	5348	5349	5308	
3	1197	5311	5350	
3	1187	5349	5311	
3	1190	5350	5349	
3	5311	5349	5350	
3	1180	5351	5333	
3	1192	5352	5351	
3	1293	5333	5352	
3	5351	5352	5333	
3	1485	5353	5355	
3	1353	5354	5353	
3	1317	5355	5354	
3	5353	5354	5355	
3	1193	5356	5357	
3	1180	5332	5356	
3	1189	5357	5332	
3	5356	5332	5357	
3	1189	5358	5360	
3	1295	5359	5358	
3	1194	5360	5359	
3	5358	5359	5360	
3	1068	4946	4665	
3	1190	5348	4946	
3	1089	4665	5348	
3	4946	5348	4665	
3	1197	5168	5312	
3	1191	5361	5168	
3	1295	5312	5361	
3	5168	5361	5312	
3	1197	5362	5169	
3	1203	5363	5362	
3	1202	5169	5363	
3	5362	5363	5169	
3	1204	5364	5366	
3	1207	5365	5364	
3	1191	5366	5365	
3	5364	5365	5366	
3	1292	5367	5369	
3	853	5368	5367	
3	1240	5369	5368	
3	5367	5368	5369	
3	1292	5370	5367	
3	1192	5371	5370	
3	853	5367	5371	
3	5370	5371	5367	
3	1194	5017	5360	
3	1193	5357	5017	
3	1189	5360	5357	
3	5017	5357	5360	
3	1211	5372	5373	
3	1107	2382	5372	
3	1176	5373	2382	
3	5372	2382	5373	
3	1295	5358	5374	
3	1189	5330	5358	
3	1178	5374	5330	
3	5358	5330	5374	
3	1191	5170	5366	
3	1202	5375	5170	
3	1204	5366	5375	
3	5170	5375	5366	
3	1446	5376	5378	
3	251	5377	5376	
3	1471	5378	5377	
3	5376	5377	5378	
3	1324	5379	5381	
3	1451	5380	5379	
3	1714	5381	5380	
3	5379	5380	5381	
3	1647	5382	5384	
3	1380	5383	5382	
3	1155	5384	5383	
3	5382	5383	5384	
3	1215	5385	5387	
3	1498	5386	5385	
3	1485	5387	5386	
3	5385	5386	5387	
3	1190	4948	5350	
3	1093	5388	4948	
3	1197	5350	5388	
3	4948	5388	5350	
3	1203	5389	5391	
3	1093	5390	5389	
3	1205	5391	5390	
3	5389	5390	5391	
3	1366	5392	5394	
3	1484	5393	5392	
3	1213	5394	5393	
3	5392	5393	5394	
3	1207	5395	5396	
3	1176	5018	5395	
3	1194	5396	5018	
3	5395	5018	5396	
3	1452	5397	5067	
3	1200	4614	5397	
3	1105	5067	4614	
3	5397	4614	5067	
3	1520	5398	5400	
3	1212	5399	5398	
3	1517	5400	5399	
3	5398	5399	5400	
3	1373	5401	5403	
3	1432	5402	5401	
3	1576	5403	5402	
3	5401	5402	5403	
3	1212	5404	5406	
3	1192	5405	5404	
3	1275	5406	5405	
3	5404	5405	5406	
3	1208	5407	5409	
3	1296	5408	5407	
3	1209	5409	5408	
3	5407	5408	5409	
3	1209	5408	5411	
3	1296	5410	5408	
3	1201	5411	5410	
3	5408	5410	5411	
3	1203	5362	5389	
3	1197	5388	5362	
3	1093	5389	5388	
3	5362	5388	5389	
3	1204	5375	5413	
3	1202	5412	5375	
3	1201	5413	5412	
3	5375	5412	5413	
3	1205	5390	5016	
3	1093	4931	5390	
3	1072	5016	4931	
3	5390	4931	5016	
3	1201	5412	5414	
3	1202	5363	5412	
3	1203	5414	5363	
3	5412	5363	5414	
3	1510	5415	5417	
3	1508	5416	5415	
3	1204	5417	5416	
3	5415	5416	5417	
3	1211	5373	5418	
3	1176	5395	5373	
3	1207	5418	5395	
3	5373	5395	5418	
3	1072	5013	5014	
3	1092	4944	5013	
3	1206	5014	4944	
3	5013	4944	5014	
3	1203	5391	5420	
3	1205	5419	5391	
3	1209	5420	5419	
3	5391	5419	5420	
3	1208	5041	5421	
3	1101	5101	5041	
3	1138	5421	5101	
3	5041	5101	5421	
3	1205	5015	5419	
3	1206	5422	5015	
3	1209	5419	5422	
3	5015	5422	5419	
3	1191	5365	5423	
3	1207	5396	5365	
3	1194	5423	5396	
3	5365	5396	5423	
3	1211	5424	5313	
3	1204	5425	5424	
3	1198	5313	5425	
3	5424	5425	5313	
3	1214	5426	5428	
3	1210	5427	5426	
3	1296	5428	5427	
3	5426	5427	5428	
3	1209	5411	5420	
3	1201	5414	5411	
3	1203	5420	5414	
3	5411	5414	5420	
3	1206	5042	5422	
3	1208	5409	5042	
3	1209	5422	5409	
3	5042	5409	5422	
3	1138	5429	5421	
3	1214	5430	5429	
3	1208	5421	5430	
3	5429	5430	5421	
3	1506	5431	5433	
3	1490	5432	5431	
3	1504	5433	5432	
3	5431	5432	5433	
3	1506	5433	5435	
3	1504	5434	5433	
3	1210	5435	5434	
3	5433	5434	5435	
3	1204	5424	5364	
3	1211	5418	5424	
3	1207	5364	5418	
3	5424	5418	5364	
3	1198	5257	5437	
3	1507	5436	5257	
3	1355	5437	5436	
3	5257	5436	5437	
3	1230	5438	5440	
3	1516	5439	5438	
3	1479	5440	5439	
3	5438	5439	5440	
3	1496	5441	5443	
3	1423	5442	5441	
3	1604	5443	5442	
3	5441	5442	5443	
3	1320	5444	5446	
3	1276	5445	5444	
3	1461	5446	5445	
3	5444	5445	5446	
3	1517	5447	5449	
3	1354	5448	5447	
3	1325	5449	5448	
3	5447	5448	5449	
3	1467	5450	5200	
3	1138	5451	5450	
3	1466	5200	5451	
3	5450	5451	5200	
3	1506	5452	5454	
3	1214	5453	5452	
3	1160	5454	5453	
3	5452	5453	5454	
3	1196	5455	5457	
3	1312	5456	5455	
3	1628	5457	5456	
3	5455	5456	5457	
3	1430	5458	5460	
3	1423	5459	5458	
3	1428	5460	5459	
3	5458	5459	5460	
3	1281	5461	5463	
3	1297	5462	5461	
3	1563	5463	5462	
3	5461	5462	5463	
3	1461	5464	5466	
3	1106	5465	5464	
3	1339	5466	5465	
3	5464	5465	5466	
3	1596	4936	5468	
3	1320	5467	4936	
3	1578	5468	5467	
3	4936	5467	5468	
3	1485	5469	5353	
3	1088	5470	5469	
3	1353	5353	5470	
3	5469	5470	5353	
3	1163	5273	5006	
3	1218	5008	5273	
3	1090	5006	5008	
3	5273	5008	5006	
3	1228	5151	4717	
3	1433	5471	5151	
3	252	4717	5471	
3	5151	5471	4717	
3	249	5123	5473	
3	1312	5472	5123	
3	1316	5473	5472	
3	5123	5472	5473	
3	1326	5474	5476	
3	1357	5475	5474	
3	1352	5476	5475	
3	5474	5475	5476	
3	1628	5477	5457	
3	1297	5478	5477	
3	1196	5457	5478	
3	5477	5478	5457	
3	1268	5479	5480	
3	973	5059	5479	
3	1376	5480	5059	
3	5479	5059	5480	
3	1499	5481	5483	
3	1450	5482	5481	
3	1278	5483	5482	
3	5481	5482	5483	
3	1380	5484	5486	
3	1382	5485	5484	
3	1567	5486	5485	
3	5484	5485	5486	
3	1518	5487	5488	
3	1200	5397	5487	
3	1452	5488	5397	
3	5487	5397	5488	
3	1366	5489	5392	
3	1471	5490	5489	
3	1484	5392	5490	
3	5489	5490	5392	
3	1224	5106	5491	
3	1223	4879	5106	
3	1084	5491	4879	
3	5106	4879	5491	
3	824	4884	4529	
3	1223	5105	4884	
3	1097	4529	5105	
3	4884	5105	4529	
3	1260	5492	5337	
3	1258	5493	5492	
3	1259	5337	5493	
3	5492	5493	5337	
3	1249	5494	5496	
3	1224	5495	5494	
3	1257	5496	5495	
3	5494	5495	5496	
3	1058	5497	5499	
3	1252	5498	5497	
3	1304	5499	5498	
3	5497	5498	5499	
3	1226	4528	5501	
3	1097	5500	4528	
3	1246	5501	5500	
3	4528	5500	5501	
3	1226	5501	5503	
3	1246	5502	5501	
3	1166	5503	5502	
3	5501	5502	5503	
3	1226	5503	5504	
3	1166	4888	5503	
3	1245	5504	4888	
3	5503	4888	5504	
3	1099	4995	5147	
3	1227	4922	4995	
3	967	5147	4922	
3	4995	4922	5147	
3	1062	4920	4919	
3	1227	4994	4920	
3	1086	4919	4994	
3	4920	4994	4919	
3	252	5471	5505	
3	1433	5056	5471	
3	1460	5505	5056	
3	5471	5056	5505	
3	1430	5460	5507	
3	1428	5506	5460	
3	1442	5507	5506	
3	5460	5506	5507	
3	1124	5508	4993	
3	1098	5028	5508	
3	1061	4993	5028	
3	5508	5028	4993	
3	1486	5314	5509	
3	1198	5437	5314	
3	1355	5509	5437	
3	5314	5437	5509	
3	1193	4144	5356	
3	1354	5510	4144	
3	1180	5356	5510	
3	4144	5510	5356	
3	1162	5511	5141	
3	1540	5512	5511	
3	1328	5141	5512	
3	5511	5512	5141	
3	1282	5513	5515	
3	1221	5514	5513	
3	1562	5515	5514	
3	5513	5514	5515	
3	1575	5516	5518	
3	1577	5517	5516	
3	1404	5518	5517	
3	5516	5517	5518	
3	1299	5519	5088	
3	1298	5520	5519	
3	1232	5088	5520	
3	5519	5520	5088	
3	1557	5521	4927	
3	1298	5046	5521	
3	1103	4927	5046	
3	5521	5046	4927	
3	1087	5068	5522	
3	1233	4725	5068	
3	252	5522	4725	
3	5068	4725	5522	
3	1233	5069	4637	
3	971	5523	5069	
3	1234	4637	5523	
3	5069	5523	4637	
3	762	4635	4464	
3	1234	5523	4635	
3	971	4464	5523	
3	4635	5523	4464	
3	997	5524	4691	
3	1234	4636	5524	
3	964	4691	4636	
3	5524	4636	4691	
3	1234	5524	4638	
3	997	5525	5524	
3	1235	4638	5525	
3	5524	5525	4638	
3	988	4393	4613	
3	1235	5525	4393	
3	997	4613	5525	
3	4393	5525	4613	
3	1017	4954	4662	
3	1114	4432	4954	
3	1236	4662	4432	
3	4954	4432	4662	
3	939	4663	4773	
3	1236	5083	4663	
3	1015	4773	5083	
3	4663	5083	4773	
3	1114	4778	5527	
3	1074	5526	4778	
3	1340	5527	5526	
3	4778	5526	5527	
3	1385	5528	5530	
3	1237	5529	5528	
3	1346	5530	5529	
3	5528	5529	5530	
3	1365	5531	5532	
3	1363	5002	5531	
3	1185	5532	5002	
3	5531	5002	5532	
3	844	4928	4705	
3	1116	5533	4928	
3	1238	4705	5533	
3	4928	5533	4705	
3	1181	4672	5534	
3	1239	4706	4672	
3	1238	5534	4706	
3	4672	4706	5534	
3	1369	5535	5536	
3	1238	5533	5535	
3	1116	5536	5533	
3	5535	5533	5536	
3	1351	5537	5539	
3	1353	5538	5537	
3	1359	5539	5538	
3	5537	5538	5539	
3	1547	5540	5542	
3	1326	5541	5540	
3	1487	5542	5541	
3	5540	5541	5542	
3	1241	5325	4975	
3	1100	5543	5325	
3	1242	4975	5543	
3	5325	5543	4975	
3	1067	4333	4929	
3	1239	5034	4333	
3	1241	4929	5034	
3	4333	5034	4929	
3	1100	5544	5543	
3	1122	5545	5544	
3	1242	5543	5545	
3	5544	5545	5543	
3	1081	4873	5036	
3	1242	5545	4873	
3	1122	5036	5545	
3	4873	5545	5036	
3	1368	5546	5548	
3	1181	5547	5546	
3	1369	5548	5547	
3	5546	5547	5548	
3	1303	5549	5550	
3	1164	4826	5549	
3	1240	5550	4826	
3	5549	4826	5550	
3	1365	5551	5531	
3	1244	5552	5551	
3	1363	5531	5552	
3	5551	5552	5531	
3	1303	5553	5549	
3	1243	5338	5553	
3	1164	5549	5338	
3	5553	5338	5549	
3	1226	5504	5027	
3	1245	4833	5504	
3	932	5027	4833	
3	5504	4833	5027	
3	934	4832	4875	
3	1245	4890	4832	
3	1051	4875	4890	
3	4832	4890	4875	
3	1247	5108	5554	
3	1246	5500	5108	
3	1097	5554	5500	
3	5108	5500	5554	
3	1121	4987	5110	
3	1166	5502	4987	
3	1246	5110	5502	
3	4987	5502	5110	
3	1097	5104	5554	
3	1224	5555	5104	
3	1247	5554	5555	
3	5104	5555	5554	
3	1249	5280	5494	
3	1247	5555	5280	
3	1224	5494	5555	
3	5280	5555	5494	
3	1314	5556	5558	
3	1249	5557	5556	
3	1261	5558	5557	
3	5556	5557	5558	
3	1059	4988	5179	
3	1251	5559	4988	
3	1167	5179	5559	
3	4988	5559	5179	
3	1257	5495	5561	
3	1224	5560	5495	
3	1258	5561	5560	
3	5495	5560	5561	
3	1308	5562	5564	
3	1307	5563	5562	
3	1252	5564	5563	
3	5562	5563	5564	
3	1167	5559	5288	
3	1251	5565	5559	
3	1254	5288	5565	
3	5559	5565	5288	
3	1256	4903	5566	
3	1255	5289	4903	
3	1254	5566	5289	
3	4903	5289	5566	
3	1054	5284	4989	
3	1248	5567	5284	
3	1251	4989	5567	
3	5284	5567	4989	
3	1058	5499	5278	
3	1304	5568	5499	
3	1248	5278	5568	
3	5499	5568	5278	
3	1680	5569	5571	
3	1376	5570	5569	
3	1156	5571	5570	
3	5569	5570	5571	
3	1305	5572	5574	
3	1306	5573	5572	
3	1256	5574	5573	
3	5572	5573	5574	
3	1253	4984	5575	
3	1257	5561	4984	
3	1258	5575	5561	
3	4984	5561	5575	
3	1310	5576	5578	
3	1165	5577	5576	
3	1307	5578	5577	
3	5576	5577	5578	
3	1304	5579	5568	
3	1251	5567	5579	
3	1248	5568	5567	
3	5579	5567	5568	
3	1306	5580	5573	
3	1250	5581	5580	
3	1256	5573	5581	
3	5580	5581	5573	
3	1170	5075	5582	
3	1168	5287	5075	
3	1255	5582	5287	
3	5075	5287	5582	
3	395	5583	5585	
3	1519	5584	5583	
3	1324	5585	5584	
3	5583	5584	5585	
3	395	5299	5583	
3	1170	5586	5299	
3	1519	5583	5586	
3	5299	5586	5583	
3	1254	5587	5589	
3	1304	5588	5587	
3	1305	5589	5588	
3	5587	5588	5589	
3	1258	5560	5590	
3	1224	5491	5560	
3	1084	5590	5491	
3	5560	5491	5590	
3	1315	5591	5592	
3	1356	2391	5591	
3	1560	5592	2391	
3	5591	2391	5592	
3	1259	5593	5115	
3	1084	4878	5593	
3	1038	5115	4878	
3	5593	4878	5115	
3	1258	5590	5493	
3	1084	5593	5590	
3	1259	5493	5593	
3	5590	5593	5493	
3	1259	5594	5335	
3	1329	5595	5594	
3	1262	5335	5595	
3	5594	5595	5335	
3	1253	5575	5596	
3	1258	5492	5575	
3	1260	5596	5492	
3	5575	5492	5596	
3	1329	5594	5597	
3	1259	5114	5594	
3	1122	5597	5114	
3	5594	5114	5597	
3	1377	5598	5600	
3	1372	5599	5598	
3	1374	5600	5599	
3	5598	5599	5600	
3	1313	5601	5603	
3	1253	5602	5601	
3	1309	5603	5602	
3	5601	5602	5603	
3	1307	5577	5605	
3	1165	5604	5577	
3	1306	5605	5604	
3	5577	5604	5605	
3	1329	5112	5595	
3	1330	5606	5112	
3	1262	5595	5606	
3	5112	5606	5595	
3	1313	5607	5609	
3	1263	5608	5607	
3	1311	5609	5608	
3	5607	5608	5609	
3	1313	5609	5611	
3	1311	5610	5609	
3	1261	5611	5610	
3	5609	5610	5611	
3	1377	5612	5613	
3	1260	5336	5612	
3	1262	5613	5336	
3	5612	5336	5613	
3	1413	5614	5616	
3	1595	5615	5614	
3	1549	5616	5615	
3	5614	5615	5616	
3	1588	5617	5160	
3	950	5618	5617	
3	1264	5160	5618	
3	5617	5618	5160	
3	1045	4887	4858	
3	1143	5619	4887	
3	1265	4858	5619	
3	4887	5619	4858	
3	1266	5183	5620	
3	1265	5619	5183	
3	1143	5620	5619	
3	5183	5619	5620	
3	1274	5621	5116	
3	1143	5301	5621	
3	1125	5116	5301	
3	5621	5301	5116	
3	1266	5185	5623	
3	973	5622	5185	
3	1270	5623	5622	
3	5185	5622	5623	
3	1266	5623	5184	
3	1270	5624	5623	
3	1267	5184	5624	
3	5623	5624	5184	
3	1269	5625	4851	
3	931	5626	5625	
3	1331	4851	5626	
3	5625	5626	4851	
3	1270	5627	5629	
3	1268	5628	5627	
3	1272	5629	5628	
3	5627	5628	5629	
3	1267	5624	5630	
3	1270	5629	5624	
3	1272	5630	5629	
3	5624	5629	5630	
3	1316	5631	5632	
3	1196	5269	5631	
3	1263	5632	5269	
3	5631	5269	5632	
3	1334	5633	5634	
3	976	4350	5633	
3	931	5634	4350	
3	5633	4350	5634	
3	973	5479	5622	
3	1268	5627	5479	
3	1270	5622	5627	
3	5479	5627	5622	
3	1268	5635	5628	
3	1162	5636	5635	
3	1272	5628	5636	
3	5635	5636	5628	
3	1124	5154	5638	
3	1276	5637	5154	
3	1229	5638	5637	
3	5154	5637	5638	
3	1136	5639	5640	
3	1444	5136	5639	
3	1497	5640	5136	
3	5639	5136	5640	
3	1277	4657	5641	
3	1272	5636	4657	
3	1162	5641	5636	
3	4657	5636	5641	
3	1267	5630	5267	
3	1272	5642	5630	
3	1269	5267	5642	
3	5630	5642	5267	
3	1069	2374	5644	
3	1155	5643	2374	
3	1541	5644	5643	
3	2374	5643	5644	
3	1315	5117	5591	
3	1125	5645	5117	
3	1356	5591	5645	
3	5117	5645	5591	
3	1143	5621	5620	
3	1274	5186	5621	
3	1266	5620	5186	
3	5621	5186	5620	
3	1362	5646	5647	
3	1352	5475	5646	
3	1357	5647	5475	
3	5646	5475	5647	
3	1325	5448	5648	
3	1354	4143	5448	
3	1220	5648	4143	
3	5448	4143	5648	
3	1165	5649	5192	
3	1375	5650	5649	
3	1221	5192	5650	
3	5649	5650	5192	
3	1312	5455	5472	
3	1196	5631	5455	
3	1316	5472	5631	
3	5455	5631	5472	
3	1358	5651	5653	
3	1336	5652	5651	
3	1521	5653	5652	
3	5651	5652	5653	
3	1163	4849	5272	
3	1333	5654	4849	
3	250	5272	5654	
3	4849	5654	5272	
3	1334	5271	5633	
3	1163	4713	5271	
3	976	5633	4713	
3	5271	4713	5633	
3	1554	5655	5657	
3	1379	5656	5655	
3	1392	5657	5656	
3	5655	5656	5657	
3	1161	4648	5658	
3	1553	5262	4648	
3	1665	5658	5262	
3	4648	5262	5658	
3	1644	5659	5661	
3	1317	5660	5659	
3	1501	5661	5660	
3	5659	5660	5661	
3	1200	5487	5663	
3	1518	5662	5487	
3	1287	5663	5662	
3	5487	5662	5663	
3	1145	5664	5665	
3	250	5654	5664	
3	1333	5665	5654	
3	5664	5654	5665	
3	1216	5666	5667	
3	1366	5394	5666	
3	1213	5667	5394	
3	5666	5394	5667	
3	1371	5668	5669	
3	1366	5666	5668	
3	1216	5669	5666	
3	5668	5666	5669	
3	1633	5139	4619	
3	1388	5670	5139	
3	1215	4619	5670	
3	5139	5670	4619	
3	1598	5671	5672	
3	1449	4570	5671	
3	1551	5672	4570	
3	5671	4570	5672	
3	1215	5673	4620	
3	1644	5674	5673	
3	1455	4620	5674	
3	5673	5674	4620	
3	969	4703	4769	
3	1283	5162	4703	
3	1013	4769	5162	
3	4703	5162	4769	
3	1015	4548	4774	
3	1283	4704	4548	
3	979	4774	4704	
3	4548	4704	4774	
3	1529	5675	5677	
3	1386	5676	5675	
3	1530	5677	5676	
3	5675	5676	5677	
3	1286	5678	5680	
3	1527	5679	5678	
3	1532	5680	5679	
3	5678	5679	5680	
3	1082	4458	5209	
3	1157	5681	4458	
3	1285	5209	5681	
3	4458	5681	5209	
3	1533	5682	5684	
3	1157	5683	5682	
3	1534	5684	5683	
3	5682	5683	5684	
3	1528	5685	5687	
3	1529	5686	5685	
3	1396	5687	5686	
3	5685	5686	5687	
3	1286	5688	5678	
3	1525	5689	5688	
3	1527	5678	5689	
3	5688	5689	5678	
3	1714	5380	5691	
3	1451	5690	5380	
3	1282	5691	5690	
3	5380	5690	5691	
3	1320	5692	5444	
3	1509	5693	5692	
3	1276	5444	5693	
3	5692	5693	5444	
3	1171	4854	5298	
3	1288	4907	4854	
3	1141	5298	4907	
3	4854	4907	5298	
3	1172	5300	4853	
3	1143	4906	5300	
3	1288	4853	4906	
3	5300	4906	4853	
3	855	4924	4390	
3	1289	5303	4924	
3	1065	4390	5303	
3	4924	5303	4390	
3	1290	4925	5694	
3	868	4607	4925	
3	986	5694	4607	
3	4925	4607	5694	
3	1090	5695	4934	
3	1290	5694	5695	
3	986	4934	5694	
3	5695	5694	4934	
3	1173	5302	4710	
3	1289	4926	5302	
3	1290	4710	4926	
3	5302	4926	4710	
3	1290	5695	4711	
3	1090	5696	5695	
3	1291	4711	5696	
3	5695	5696	4711	
3	1090	5007	5696	
3	1069	5304	5007	
3	1291	5696	5304	
3	5007	5304	5696	
3	1183	5697	4825	
3	1294	5698	5697	
3	1240	4825	5698	
3	5697	5698	4825	
3	1292	5699	5701	
3	1294	5700	5699	
3	1293	5701	5700	
3	5699	5700	5701	
3	1192	5370	5352	
3	1292	5701	5370	
3	1293	5352	5701	
3	5370	5701	5352	
3	1240	5698	5369	
3	1294	5699	5698	
3	1292	5369	5699	
3	5698	5699	5369	
3	1184	5342	5005	
3	1294	5697	5342	
3	1183	5005	5697	
3	5342	5697	5005	
3	1188	5334	5341	
3	1293	5700	5334	
3	1294	5341	5700	
3	5334	5700	5341	
3	1187	5310	5321	
3	1295	5374	5310	
3	1178	5321	5374	
3	5310	5374	5321	
3	1191	5423	5361	
3	1194	5359	5423	
3	1295	5361	5359	
3	5423	5359	5361	
3	1214	5428	5430	
3	1296	5407	5428	
3	1208	5430	5407	
3	5428	5407	5430	
3	1201	5410	5702	
3	1296	5427	5410	
3	1210	5702	5427	
3	5410	5427	5702	
3	1213	5393	5704	
3	1484	5703	5393	
3	1151	5704	5703	
3	5393	5703	5704	
3	1560	5705	5707	
3	1619	5706	5705	
3	1383	5707	5706	
3	5705	5706	5707	
3	1580	5708	5710	
3	1557	5709	5708	
3	1592	5710	5709	
3	5708	5709	5710	
3	1232	5711	5712	
3	1384	5052	5711	
3	1344	5712	5052	
3	5711	5052	5712	
3	1113	4775	5714	
3	612	5713	4775	
3	1299	5714	5713	
3	4775	5713	5714	
3	612	5047	5713	
3	1298	5519	5047	
3	1299	5713	5519	
3	5047	5519	5713	
3	1341	5715	5087	
3	1113	5714	5715	
3	1299	5087	5714	
3	5715	5714	5087	
3	1232	5716	5086	
3	1347	5717	5716	
3	1341	5086	5717	
3	5716	5717	5086	
3	1300	5081	5719	
3	1343	5718	5081	
3	1346	5719	5718	
3	5081	5718	5719	
3	1337	5720	5722	
3	1301	5721	5720	
3	1284	5722	5721	
3	5720	5721	5722	
3	1348	5723	5725	
3	1302	5724	5723	
3	1349	5725	5724	
3	5723	5724	5725	
3	1487	5726	5728	
3	1352	5727	5726	
3	1498	5728	5727	
3	5726	5727	5728	
3	1240	5729	5730	
3	1348	5725	5729	
3	1349	5730	5725	
3	5729	5725	5730	
3	1370	5731	5733	
3	1365	5732	5731	
3	1368	5733	5732	
3	5731	5732	5733	
3	1305	5588	5734	
3	1304	5498	5588	
3	1252	5734	5498	
3	5588	5498	5734	
3	1251	5579	5565	
3	1304	5587	5579	
3	1254	5565	5587	
3	5579	5587	5565	
3	1306	5572	5735	
3	1305	5734	5572	
3	1252	5735	5734	
3	5572	5734	5735	
3	1254	5589	5566	
3	1305	5574	5589	
3	1256	5566	5574	
3	5589	5574	5566	
3	1307	5605	5563	
3	1306	5735	5605	
3	1252	5563	5735	
3	5605	5735	5563	
3	1165	5194	5604	
3	1250	5580	5194	
3	1306	5604	5580	
3	5194	5580	5604	
3	1308	5564	5736	
3	1252	5497	5564	
3	1058	5736	5497	
3	5564	5497	5736	
3	1308	5737	5738	
3	1249	5556	5737	
3	1314	5738	5556	
3	5737	5556	5738	
3	1058	5026	5736	
3	1249	5737	5026	
3	1308	5736	5737	
3	5026	5737	5736	
3	1257	4983	5496	
3	1261	5557	4983	
3	1249	5496	5557	
3	4983	5557	5496	
3	1253	5596	5602	
3	1260	5739	5596	
3	1309	5602	5739	
3	5596	5739	5602	
3	1313	5740	5607	
3	1316	5632	5740	
3	1263	5607	5632	
3	5740	5632	5607	
3	1308	5738	5562	
3	1314	5741	5738	
3	1307	5562	5741	
3	5738	5741	5562	
3	1310	5742	5576	
3	1375	5649	5742	
3	1165	5576	5649	
3	5742	5649	5576	
3	1263	5743	5608	
3	1310	5744	5743	
3	1311	5608	5744	
3	5743	5744	5608	
3	1314	5745	5741	
3	1310	5578	5745	
3	1307	5741	5578	
3	5745	5578	5741	
3	1509	5692	2387	
3	1320	4938	5692	
3	1279	2387	4938	
3	5692	4938	2387	
3	1222	3050	5747	
3	1318	5746	3050	
3	1373	5747	5746	
3	3050	5746	5747	
3	1253	5601	4982	
3	1313	5611	5601	
3	1261	4982	5611	
3	5601	5611	4982	
3	1309	5748	5749	
3	249	5473	5748	
3	1316	5749	5473	
3	5748	5473	5749	
3	1261	5610	5558	
3	1311	5750	5610	
3	1314	5558	5750	
3	5610	5750	5558	
3	1314	5750	5745	
3	1311	5744	5750	
3	1310	5745	5744	
3	5750	5744	5745	
3	1379	5751	5656	
3	1156	5752	5751	
3	1392	5656	5752	
3	5751	5752	5656	
3	1521	1862	5653	
3	1429	5753	1862	
3	1358	5653	5753	
3	1862	5753	5653	
3	1309	5749	5603	
3	1316	5740	5749	
3	1313	5603	5740	
3	5749	5740	5603	
3	1350	5754	5755	
3	1486	5509	5754	
3	1355	5755	5509	
3	5754	5509	5755	
3	1180	5510	5757	
3	1354	5756	5510	
3	1275	5757	5756	
3	5510	5756	5757	
3	1273	5758	5759	
3	1430	5507	5758	
3	1442	5759	5507	
3	5758	5507	5759	
3	1356	5645	4563	
3	1125	5294	5645	
3	395	4563	5294	
3	5645	5294	4563	
3	1156	5570	5760	
3	1376	5058	5570	
3	1630	5760	5058	
3	5570	5058	5760	
3	1155	5761	5384	
3	1463	5063	5761	
3	1647	5384	5063	
3	5761	5063	5384	
3	1594	5762	5764	
3	1545	5763	5762	
3	1455	5764	5763	
3	5762	5763	5764	
3	1625	5765	5767	
3	1697	5766	5765	
3	1213	5767	5766	
3	5765	5766	5767	
3	1357	5474	5769	
3	1326	5768	5474	
3	1374	5769	5768	
3	5474	5768	5769	
3	1379	5770	5772	
3	1145	5771	5770	
3	1680	5772	5771	
3	5770	5771	5772	
3	1339	5773	5466	
3	1320	5446	5773	
3	1461	5466	5446	
3	5773	5446	5466	
3	1321	5774	5776	
3	1378	5775	5774	
3	1518	5776	5775	
3	5774	5775	5776	
3	1635	5777	5779	
3	1574	5778	5777	
3	1319	5779	5778	
3	5777	5778	5779	
3	1574	5777	5781	
3	1635	5780	5777	
3	1542	5781	5780	
3	5777	5780	5781	
3	1145	5782	5065	
3	1544	5783	5782	
3	1647	5065	5783	
3	5782	5783	5065	
3	1250	5784	5785	
3	1324	5584	5784	
3	1519	5785	5584	
3	5784	5584	5785	
3	1625	5786	5788	
3	1271	5787	5786	
3	1230	5788	5787	
3	5786	5787	5788	
3	1219	5789	5791	
3	1278	5790	5789	
3	1336	5791	5790	
3	5789	5790	5791	
3	1380	5792	5383	
3	1199	5793	5792	
3	1155	5383	5793	
3	5792	5793	5383	
3	1598	5794	5796	
3	1539	5795	5794	
3	1579	5796	5795	
3	5794	5795	5796	
3	1498	5727	5797	
3	1352	5646	5727	
3	1362	5797	5646	
3	5727	5646	5797	
3	1229	5637	5188	
3	1276	5693	5637	
3	1509	5188	5693	
3	5637	5693	5188	
3	1231	5240	5798	
3	1574	5781	5240	
3	1542	5798	5781	
3	5240	5781	5798	
3	1213	5704	5799	
3	1151	5177	5704	
3	1271	5799	5177	
3	5704	5177	5799	
3	251	5376	5801	
3	1446	5800	5376	
3	1195	5801	5800	
3	5376	5800	5801	
3	1122	5544	5597	
3	1100	5113	5544	
3	1329	5597	5113	
3	5544	5113	5597	
3	1330	5111	5001	
3	1100	5326	5111	
3	1185	5001	5326	
3	5111	5326	5001	
3	1361	5802	5803	
3	1363	5552	5802	
3	1244	5803	5552	
3	5802	5552	5803	
3	1244	5804	5803	
3	1359	5805	5804	
3	1361	5803	5805	
3	5804	5805	5803	
3	856	4651	4525	
3	1331	5626	4651	
3	931	4525	5626	
3	4651	5626	4525	
3	1332	4852	5806	
3	1331	4650	4852	
3	974	5806	4650	
3	4852	4650	5806	
3	1043	4846	4842	
3	1332	5806	4846	
3	974	4842	5806	
3	4846	5806	4842	
3	1269	4850	5266	
3	1332	4845	4850	
3	1046	5266	4845	
3	4850	4845	5266	
3	1277	5641	4848	
3	1162	5143	5641	
3	1333	4848	5143	
3	5641	5143	4848	
3	1509	2389	5189	
3	1134	5807	2389	
3	1552	5189	5807	
3	2389	5807	5189	
3	931	5625	5634	
3	1269	5808	5625	
3	1334	5634	5808	
3	5625	5808	5634	
3	1272	4656	5642	
3	1334	5808	4656	
3	1269	5642	5808	
3	4656	5808	5642	
3	1628	5809	5477	
3	1404	5810	5809	
3	1297	5477	5810	
3	5809	5810	5477	
3	1578	5467	5811	
3	1320	5773	5467	
3	1339	5811	5773	
3	5467	5773	5811	
3	1586	5812	5814	
3	1325	5813	5812	
3	1107	5814	5813	
3	5812	5813	5814	
3	1537	5815	5817	
3	1543	5816	5815	
3	1573	5817	5816	
3	5815	5816	5817	
3	1301	5720	5243	
3	1337	5091	5720	
3	1146	5243	5091	
3	5720	5091	5243	
3	1284	5818	5820	
3	1524	5819	5818	
3	1534	5820	5819	
3	5818	5819	5820	
3	1375	5821	5650	
3	1562	5514	5821	
3	1221	5650	5514	
3	5821	5514	5650	
3	1643	5822	4414	
3	1027	5145	5822	
3	1556	4414	5145	
3	5822	5145	4414	
3	1404	5809	5824	
3	1628	5823	5809	
3	1547	5824	5823	
3	5809	5823	5824	
3	1577	5825	5517	
3	1297	5810	5825	
3	1404	5517	5810	
3	5825	5810	5517	
3	1113	2328	5085	
3	1340	5526	2328	
3	1074	5085	5526	
3	2328	5526	5085	
3	1300	4956	2330	
3	1114	5527	4956	
3	1340	2330	5527	
3	4956	5527	2330	
3	1298	5826	5520	
3	1384	5711	5826	
3	1232	5520	5711	
3	5826	5711	5520	
3	1113	5715	2329	
3	1341	5082	5715	
3	1300	2329	5082	
3	5715	5082	2329	
3	1386	5827	5829	
3	1345	5828	5827	
3	1394	5829	5828	
3	5827	5828	5829	
3	1237	4955	5529	
3	1300	5719	4955	
3	1346	5529	5719	
3	4955	5719	5529	
3	1347	5830	5832	
3	1344	5831	5830	
3	1342	5832	5831	
3	5830	5831	5832	
3	1342	5833	5835	
3	1345	5834	5833	
3	1343	5835	5834	
3	5833	5834	5835	
3	1399	5836	5838	
3	1344	5837	5836	
3	510	5838	5837	
3	5836	5837	5838	
3	1341	5717	5080	
3	1347	5839	5717	
3	1343	5080	5839	
3	5717	5839	5080	
3	1395	5840	5842	
3	1522	5841	5840	
3	1394	5842	5841	
3	5840	5841	5842	
3	1385	5843	5845	
3	1386	5844	5843	
3	1301	5845	5844	
3	5843	5844	5845	
3	1343	5834	5718	
3	1345	5846	5834	
3	1346	5718	5846	
3	5834	5846	5718	
3	1385	5530	5847	
3	1346	5846	5530	
3	1345	5847	5846	
3	5530	5846	5847	
3	1344	5830	5712	
3	1347	5716	5830	
3	1232	5712	5716	
3	5830	5716	5712	
3	1342	5835	5832	
3	1343	5839	5835	
3	1347	5832	5839	
3	5835	5839	5832	
3	1240	5368	5729	
3	853	5848	5368	
3	1348	5729	5848	
3	5368	5848	5729	
3	1287	5849	5663	
3	1511	5850	5849	
3	1200	5663	5850	
3	5849	5850	5663	
3	1351	5345	5851	
3	1349	5724	5345	
3	1302	5851	5724	
3	5345	5724	5851	
3	1240	5730	5550	
3	1349	5344	5730	
3	1303	5550	5344	
3	5730	5344	5550	
3	1567	5852	5486	
3	1199	5792	5852	
3	1380	5486	5792	
3	5852	5792	5486	
3	1280	5853	5223	
3	1355	5854	5853	
3	1195	5223	5854	
3	5853	5854	5223	
3	1359	5538	5855	
3	1353	5470	5538	
3	1088	5855	5470	
3	5538	5470	5855	
3	1351	5856	5858	
3	1244	5857	5856	
3	1370	5858	5857	
3	5856	5857	5858	
3	1312	5122	5456	
3	1123	5859	5122	
3	1628	5456	5859	
3	5122	5859	5456	
3	853	5371	5860	
3	1192	5404	5371	
3	1212	5860	5404	
3	5371	5404	5860	
3	1351	5851	5537	
3	1302	5861	5851	
3	1353	5537	5861	
3	5851	5861	5537	
3	1275	5405	5757	
3	1192	5351	5405	
3	1180	5757	5351	
3	5405	5351	5757	
3	1541	5862	5864	
3	1321	5863	5862	
3	1452	5864	5863	
3	5862	5863	5864	
3	1498	5865	5386	
3	1088	5469	5865	
3	1485	5386	5469	
3	5865	5469	5386	
3	1501	5866	5867	
3	1302	5723	5866	
3	1348	5867	5723	
3	5866	5723	5867	
3	1387	5868	5870	
3	1360	5869	5868	
3	1364	5870	5869	
3	5868	5869	5870	
3	1213	5799	5767	
3	1271	5786	5799	
3	1625	5767	5786	
3	5799	5786	5767	
3	1221	5871	5193	
3	1451	5872	5871	
3	1250	5193	5872	
3	5871	5872	5193	
3	1217	5873	5874	
3	1635	5779	5873	
3	1319	5874	5779	
3	5873	5779	5874	
3	1376	5569	5876	
3	1680	5875	5569	
3	1540	5876	5875	
3	5569	5875	5876	
3	1321	5877	5774	
3	1322	5878	5877	
3	1378	5774	5878	
3	5877	5878	5774	
3	853	5860	5880	
3	1212	5879	5860	
3	1512	5880	5879	
3	5860	5879	5880	
3	1359	5881	5805	
3	1367	5882	5881	
3	1361	5805	5882	
3	5881	5882	5805	
3	1244	5856	5804	
3	1351	5539	5856	
3	1359	5804	5539	
3	5856	5539	5804	
3	1361	5882	5884	
3	1367	5883	5882	
3	1360	5884	5883	
3	5882	5883	5884	
3	1367	5885	5883	
3	1364	5869	5885	
3	1360	5883	5869	
3	5885	5869	5883	
3	1088	5886	5855	
3	1367	5881	5886	
3	1359	5855	5881	
3	5886	5881	5855	
3	1363	5802	5887	
3	1361	5884	5802	
3	1360	5887	5884	
3	5802	5884	5887	
3	1362	5647	5889	
3	1357	5888	5647	
3	1364	5889	5888	
3	5647	5888	5889	
3	1353	5861	5354	
3	1302	5890	5861	
3	1317	5354	5890	
3	5861	5890	5354	
3	1330	5000	5891	
3	1363	5887	5000	
3	1360	5891	5887	
3	5000	5887	5891	
3	1365	5532	5892	
3	1185	4670	5532	
3	1181	5892	4670	
3	5532	4670	5892	
3	1372	5893	5894	
3	1364	5888	5893	
3	1357	5894	5888	
3	5893	5888	5894	
3	1330	5895	5606	
3	1387	5323	5895	
3	1262	5606	5323	
3	5895	5323	5606	
3	1181	5546	5892	
3	1368	5732	5546	
3	1365	5892	5732	
3	5546	5732	5892	
3	1243	5896	5897	
3	1370	5733	5896	
3	1368	5897	5733	
3	5896	5733	5897	
3	1355	5436	5854	
3	1507	5898	5436	
3	1195	5854	5898	
3	5436	5898	5854	
3	1362	5899	5797	
3	1088	5865	5899	
3	1498	5797	5865	
3	5899	5865	5797	
3	1088	5899	5886	
3	1362	5900	5899	
3	1367	5886	5900	
3	5899	5900	5886	
3	1364	5885	5889	
3	1367	5900	5885	
3	1362	5889	5900	
3	5885	5900	5889	
3	1181	5534	5547	
3	1238	5535	5534	
3	1369	5547	5535	
3	5534	5535	5547	
3	1370	5896	5901	
3	1243	5553	5896	
3	1303	5901	5553	
3	5896	5553	5901	
3	1182	5346	5327	
3	1369	5536	5346	
3	1116	5327	5536	
3	5346	5536	5327	
3	1243	5897	5347	
3	1368	5548	5897	
3	1369	5347	5548	
3	5897	5548	5347	
3	1351	5858	5343	
3	1370	5901	5858	
3	1303	5343	5901	
3	5858	5901	5343	
3	1365	5731	5551	
3	1370	5857	5731	
3	1244	5551	5857	
3	5731	5857	5551	
3	1216	5902	5669	
3	1543	5903	5902	
3	1371	5669	5903	
3	5902	5903	5669	
3	1558	5904	5905	
3	1404	5824	5904	
3	1547	5905	5824	
3	5904	5824	5905	
3	249	5906	5907	
3	1377	5600	5906	
3	1374	5907	5600	
3	5906	5600	5907	
3	1377	5906	5908	
3	249	5748	5906	
3	1309	5908	5748	
3	5906	5748	5908	
3	1501	5909	5661	
3	1512	5119	5909	
3	1644	5661	5119	
3	5909	5119	5661	
3	1513	5910	5911	
3	1217	5874	5910	
3	1319	5911	5874	
3	5910	5874	5911	
3	1372	5894	5599	
3	1357	5769	5894	
3	1374	5599	5769	
3	5894	5769	5599	
3	1486	5754	5913	
3	1350	5912	5754	
3	1107	5913	5912	
3	5754	5912	5913	
3	1287	5914	5915	
3	1231	5263	5914	
3	1553	5915	5263	
3	5914	5263	5915	
3	1487	5541	5726	
3	1326	5476	5541	
3	1352	5726	5476	
3	5541	5476	5726	
3	1281	5916	5917	
3	1445	5270	5916	
3	1196	5917	5270	
3	5916	5270	5917	
3	1375	5742	5919	
3	1310	5918	5742	
3	1445	5919	5918	
3	5742	5918	5919	
3	1260	5612	5739	
3	1377	5908	5612	
3	1309	5739	5908	
3	5612	5908	5739	
3	1262	5322	5613	
3	1372	5598	5322	
3	1377	5613	5598	
3	5322	5598	5613	
3	1278	5920	5790	
3	1566	5921	5920	
3	1336	5790	5921	
3	5920	5921	5790	
3	1212	5406	5399	
3	1275	5922	5406	
3	1517	5399	5922	
3	5406	5922	5399	
3	1326	5540	5923	
3	1547	5823	5540	
3	1628	5923	5823	
3	5540	5823	5923	
3	1745	5924	5925	
3	1574	5242	5924	
3	1453	5925	5242	
3	5924	5242	5925	
3	1392	5752	5927	
3	1156	5926	5752	
3	1383	5927	5926	
3	5752	5926	5927	
3	1323	5928	5929	
3	1371	5903	5928	
3	1543	5929	5903	
3	5928	5903	5929	
3	1338	5930	5932	
3	1567	5931	5930	
3	1217	5932	5931	
3	5930	5931	5932	
3	1374	5768	5934	
3	1326	5933	5768	
3	1123	5934	5933	
3	5768	5933	5934	
3	1381	5935	5937	
3	1679	5936	5935	
3	1600	5937	5936	
3	5935	5936	5937	
3	1563	5938	5940	
3	1634	5939	5938	
3	1562	5940	5939	
3	5938	5939	5940	
3	1604	3051	5443	
3	1222	5941	3051	
3	1496	5443	5941	
3	3051	5941	5443	
3	1325	5942	5944	
3	1601	5943	5942	
3	1520	5944	5943	
3	5942	5943	5944	
3	1580	5945	5708	
3	1571	5946	5945	
3	1557	5708	5946	
3	5945	5946	5708	
3	510	5837	5947	
3	1344	5051	5837	
3	1390	5947	5051	
3	5837	5051	5947	
3	1386	5843	5827	
3	1385	5847	5843	
3	1345	5827	5847	
3	5843	5847	5827	
3	1237	5528	5197	
3	1385	5845	5528	
3	1301	5197	5845	
3	5528	5845	5197	
3	1345	5948	5828	
3	1395	5842	5948	
3	1394	5828	5842	
3	5948	5842	5828	
3	1301	5844	5721	
3	1386	5949	5844	
3	1284	5721	5949	
3	5844	5949	5721	
3	1360	5868	5891	
3	1387	5895	5868	
3	1330	5891	5895	
3	5868	5895	5891	
3	1372	5324	5893	
3	1387	5870	5324	
3	1364	5893	5870	
3	5324	5870	5893	
3	1603	5950	5952	
3	1144	5951	5950	
3	1623	5952	5951	
3	5950	5951	5952	
3	1573	5953	5955	
3	1216	5954	5953	
3	1697	5955	5954	
3	5953	5954	5955	
3	1697	5954	5766	
3	1216	5667	5954	
3	1213	5766	5667	
3	5954	5667	5766	
3	1520	5956	5957	
3	1545	5762	5956	
3	1594	5957	5762	
3	5956	5762	5957	
3	1557	5946	5521	
3	1571	5958	5946	
3	1298	5521	5958	
3	5946	5958	5521	
3	1400	5959	5961	
3	1405	5960	5959	
3	1408	5961	5960	
3	5959	5960	5961	
3	1415	5962	5964	
3	1523	5963	5962	
3	1399	5964	5963	
3	5962	5963	5964	
3	1403	5965	5967	
3	1396	5966	5965	
3	1406	5967	5966	
3	5965	5966	5967	
3	1714	5691	5969	
3	1282	5968	5691	
3	1631	5969	5968	
3	5691	5968	5969	
3	1199	5970	5972	
3	1338	5971	5970	
3	1322	5972	5971	
3	5970	5971	5972	
3	1434	5973	5975	
3	1538	5974	5973	
3	1546	5975	5974	
3	5973	5974	5975	
3	1400	5976	5959	
3	510	5977	5976	
3	1405	5959	5977	
3	5976	5977	5959	
3	1395	5948	5978	
3	1345	5833	5948	
3	1342	5978	5833	
3	5948	5833	5978	
3	1530	5979	5981	
3	1394	5980	5979	
3	1531	5981	5980	
3	5979	5980	5981	
3	1342	5982	5978	
3	1399	5983	5982	
3	1395	5978	5983	
3	5982	5983	5978	
3	1415	5984	5986	
3	1414	5985	5984	
3	1401	5986	5985	
3	5984	5985	5986	
3	1396	5987	5988	
3	1530	5981	5987	
3	1531	5988	5981	
3	5987	5981	5988	
3	1525	4828	5990	
3	1402	5989	4828	
3	1526	5990	5989	
3	4828	5989	5990	
3	1631	5991	2390	
3	1565	5992	5991	
3	1560	2390	5992	
3	5991	5992	2390	
3	1336	5921	5994	
3	1566	5993	5921	
3	1637	5994	5993	
3	5921	5993	5994	
3	1400	5961	5996	
3	1408	5995	5961	
3	1398	5996	5995	
3	5961	5995	5996	
3	1416	5997	5999	
3	1427	5998	5997	
3	1426	5999	5998	
3	5997	5998	5999	
3	1344	5836	5831	
3	1399	5982	5836	
3	1342	5831	5982	
3	5836	5982	5831	
3	1391	6000	6001	
3	1394	5841	6000	
3	1522	6001	5841	
3	6000	5841	6001	
3	510	5976	6003	
3	1400	6002	5976	
3	1415	6003	6002	
3	5976	6002	6003	
3	1390	6004	5947	
3	1405	5977	6004	
3	510	5947	5977	
3	6004	5977	5947	
3	1412	6005	6007	
3	1414	6006	6005	
3	1398	6007	6006	
3	6005	6006	6007	
3	1419	6008	6010	
3	1416	6009	6008	
3	1418	6010	6009	
3	6008	6009	6010	
3	1409	6011	6013	
3	1439	6012	6011	
3	1443	6013	6012	
3	6011	6012	6013	
3	1402	5089	6015	
3	1528	6014	5089	
3	1403	6015	6014	
3	5089	6014	6015	
3	1406	6016	6018	
3	1410	6017	6016	
3	1419	6018	6017	
3	6016	6017	6018	
3	1403	5967	6020	
3	1406	6019	5967	
3	1418	6020	6019	
3	5967	6019	6020	
3	1432	6021	6023	
3	1488	6022	6021	
3	1397	6023	6022	
3	6021	6022	6023	
3	1558	6024	6025	
3	1389	4555	6024	
3	1636	6025	4555	
3	6024	4555	6025	
3	1390	6026	6004	
3	1407	6027	6026	
3	1405	6004	6027	
3	6026	6027	6004	
3	1411	6028	6029	
3	1405	6027	6028	
3	1407	6029	6027	
3	6028	6027	6029	
3	1410	6030	6032	
3	1401	6031	6030	
3	1435	6032	6031	
3	6030	6031	6032	
3	1499	6033	6034	
3	1443	6012	6033	
3	1439	6034	6012	
3	6033	6012	6034	
3	1384	4585	5053	
3	1407	6026	4585	
3	1390	5053	6026	
3	4585	6026	5053	
3	1393	6035	4584	
3	1411	6029	6035	
3	1407	4584	6029	
3	6035	6029	4584	
3	1408	5960	6036	
3	1405	6028	5960	
3	1411	6036	6028	
3	5960	6028	6036	
3	1538	5973	6038	
3	1434	6037	5973	
3	1398	6038	6037	
3	5973	6037	6038	
3	1412	6039	6005	
3	1401	5985	6039	
3	1414	6005	5985	
3	6039	5985	6005	
3	1431	6040	6042	
3	1448	6041	6040	
3	1450	6042	6041	
3	6040	6041	6042	
3	1410	6016	6044	
3	1406	6043	6016	
3	1391	6044	6043	
3	6016	6043	6044	
3	1403	6045	6015	
3	1421	6046	6045	
3	1402	6015	6046	
3	6045	6046	6015	
3	1411	6035	6048	
3	1393	6047	6035	
3	1595	6048	6047	
3	6035	6047	6048	
3	1408	6036	6050	
3	1411	6049	6036	
3	1413	6050	6049	
3	6036	6049	6050	
3	1441	6051	6053	
3	1439	6052	6051	
3	1440	6053	6052	
3	6051	6052	6053	
3	1420	6054	6055	
3	1403	6020	6054	
3	1418	6055	6020	
3	6054	6020	6055	
3	1393	6056	6058	
3	1571	6057	6056	
3	1584	6058	6057	
3	6056	6057	6058	
3	1123	5121	5934	
3	249	5907	5121	
3	1374	5934	5907	
3	5121	5907	5934	
3	1401	6059	5986	
3	1523	5962	6059	
3	1415	5986	5962	
3	6059	5962	5986	
3	1398	6006	5996	
3	1414	6060	6006	
3	1400	5996	6060	
3	6006	6060	5996	
3	510	6003	5838	
3	1415	5964	6003	
3	1399	5838	5964	
3	6003	5964	5838	
3	1400	6060	6002	
3	1414	5984	6060	
3	1415	6002	5984	
3	6060	5984	6002	
3	1416	6061	6063	
3	1425	6062	6061	
3	1420	6063	6062	
3	6061	6062	6063	
3	1494	6064	6065	
3	1420	6062	6064	
3	1425	6065	6062	
3	6064	6062	6065	
3	1373	5264	5747	
3	1444	6066	5264	
3	1222	5747	6066	
3	5264	6066	5747	
3	1526	6067	6069	
3	1417	6068	6067	
3	1492	6069	6068	
3	6067	6068	6069	
3	1419	6010	6018	
3	1418	6019	6010	
3	1406	6018	6019	
3	6010	6019	6018	
3	1420	6055	6063	
3	1418	6009	6055	
3	1416	6063	6009	
3	6055	6009	6063	
3	1454	6070	6072	
3	1434	6071	6070	
3	1447	6072	6071	
3	6070	6071	6072	
3	1419	6073	6075	
3	1437	6074	6073	
3	1427	6075	6074	
3	6073	6074	6075	
3	1424	6076	6077	
3	1494	6065	6076	
3	1425	6077	6065	
3	6076	6065	6077	
3	1420	6078	6080	
3	1417	6079	6078	
3	1421	6080	6079	
3	6078	6079	6080	
3	1420	6080	6054	
3	1421	6045	6080	
3	1403	6054	6045	
3	6080	6045	6054	
3	1478	6081	6083	
3	1158	6082	6081	
3	1480	6083	6082	
3	6081	6082	6083	
3	1422	6084	6086	
3	1535	6085	6084	
3	1527	6086	6085	
3	6084	6085	6086	
3	1525	5688	4829	
3	1286	6087	5688	
3	1524	4829	6087	
3	5688	6087	4829	
3	1425	6088	6090	
3	1426	6089	6088	
3	1428	6090	6089	
3	6088	6089	6090	
3	1409	6091	6092	
3	1442	5506	6091	
3	1428	6092	5506	
3	6091	5506	6092	
3	1136	6093	6095	
3	1495	6094	6093	
3	1496	6095	6094	
3	6093	6094	6095	
3	1481	6096	5254	
3	1515	6097	6096	
3	1477	5254	6097	
3	6096	6097	5254	
3	1426	6088	5999	
3	1425	6061	6088	
3	1416	5999	6061	
3	6088	6061	5999	
3	1423	6098	6099	
3	1424	6077	6098	
3	1425	6099	6077	
3	6098	6077	6099	
3	1427	5997	6075	
3	1416	6008	5997	
3	1419	6075	6008	
3	5997	6008	6075	
3	1425	6090	6099	
3	1428	5459	6090	
3	1423	6099	5459	
3	6090	5459	6099	
3	1419	6100	6073	
3	1436	6101	6100	
3	1437	6073	6101	
3	6100	6101	6073	
3	1437	6102	6103	
3	1441	6053	6102	
3	1440	6103	6053	
3	6102	6053	6103	
3	1426	6104	6089	
3	1409	6092	6104	
3	1428	6089	6092	
3	6104	6092	6089	
3	1409	6013	6091	
3	1443	6105	6013	
3	1442	6091	6105	
3	6013	6105	6091	
3	1488	6106	6108	
3	1430	6107	6106	
3	1429	6108	6107	
3	6106	6107	6108	
3	1586	6109	6111	
3	1350	6110	6109	
3	1689	6111	6110	
3	6109	6110	6111	
3	1631	2392	5969	
3	1356	4562	2392	
3	1714	5969	4562	
3	2392	4562	5969	
3	1230	5787	5438	
3	1271	5176	5787	
3	1516	5438	5176	
3	5787	5176	5438	
3	1419	6112	6100	
3	1435	6113	6112	
3	1436	6100	6113	
3	6112	6113	6100	
3	1538	6038	6114	
3	1398	5995	6038	
3	1408	6114	5995	
3	6038	5995	6114	
3	1429	6107	6115	
3	1430	5758	6107	
3	1273	6115	5758	
3	6107	5758	6115	
3	1325	5648	5813	
3	1220	2380	5648	
3	1107	5813	2380	
3	5648	2380	5813	
3	1268	5480	6116	
3	1376	5876	5480	
3	1540	6116	5876	
3	5480	5876	6116	
3	1136	6095	6117	
3	1496	5941	6095	
3	1222	6117	5941	
3	6095	5941	6117	
3	1435	6031	6118	
3	1401	6039	6031	
3	1412	6118	6039	
3	6031	6039	6118	
3	1522	6119	6001	
3	1410	6044	6119	
3	1391	6001	6044	
3	6119	6044	6001	
3	1435	6118	6113	
3	1412	6120	6118	
3	1436	6113	6120	
3	6118	6120	6113	
3	1419	6017	6112	
3	1410	6032	6017	
3	1435	6112	6032	
3	6017	6032	6112	
3	1454	6121	6122	
3	1412	6007	6121	
3	1398	6122	6007	
3	6121	6007	6122	
3	1438	6123	6124	
3	1448	6040	6123	
3	1431	6124	6040	
3	6123	6040	6124	
3	1426	5998	6126	
3	1427	6125	5998	
3	1440	6126	6125	
3	5998	6125	6126	
3	1438	6127	6128	
3	1437	6101	6127	
3	1436	6128	6101	
3	6127	6101	6128	
3	1436	6129	6128	
3	1447	6130	6129	
3	1438	6128	6130	
3	6129	6130	6128	
3	1448	6131	6133	
3	1434	6132	6131	
3	1	6133	6132	
3	6131	6132	6133	
3	1441	6134	6135	
3	1438	6124	6134	
3	1431	6135	6124	
3	6134	6124	6135	
3	1409	6136	6011	
3	1440	6052	6136	
3	1439	6011	6052	
3	6136	6052	6011	
3	1426	6126	6104	
3	1440	6136	6126	
3	1409	6104	6136	
3	6126	6136	6104	
3	1437	6103	6074	
3	1440	6125	6103	
3	1427	6074	6125	
3	6103	6125	6074	
3	1438	6134	6127	
3	1441	6102	6134	
3	1437	6127	6102	
3	6134	6102	6127	
3	1431	6137	6135	
3	1439	6051	6137	
3	1441	6135	6051	
3	6137	6051	6135	
3	1442	6105	5759	
3	1443	5158	6105	
3	1273	5759	5158	
3	6105	5158	5759	
3	1453	5241	6138	
3	1231	5914	5241	
3	1287	6138	5914	
3	5241	5914	6138	
3	1499	6034	6139	
3	1439	6137	6034	
3	1431	6139	6137	
3	6034	6137	6139	
3	1273	5157	6141	
3	1219	6140	5157	
3	1358	6141	6140	
3	5157	6140	6141	
3	1450	6142	5482	
3	1449	6143	6142	
3	1278	5482	6143	
3	6142	6143	5482	
3	1541	6144	5644	
3	581	4243	6144	
3	1069	5644	4243	
3	6144	4243	5644	
3	1625	5788	6146	
3	1230	6145	5788	
3	1502	6146	6145	
3	5788	6145	6146	
3	1630	5062	6147	
3	1315	5592	5062	
3	1560	6147	5592	
3	5062	5592	6147	
3	1287	5915	5849	
3	1553	5238	5915	
3	1511	5849	5238	
3	5915	5238	5849	
3	1520	5400	5944	
3	1517	5449	5400	
3	1325	5944	5449	
3	5400	5449	5944	
3	1436	6120	6148	
3	1412	6121	6120	
3	1454	6148	6121	
3	6120	6121	6148	
3	1434	6149	6071	
3	1438	6130	6149	
3	1447	6071	6130	
3	6149	6130	6071	
3	1434	6131	6149	
3	1448	6123	6131	
3	1438	6149	6123	
3	6131	6123	6149	
3	1449	6150	4571	
3	1448	6133	6150	
3	1	4571	6133	
3	6150	6133	4571	
3	1434	5975	6132	
3	1546	6151	5975	
3	1	6132	6151	
3	5975	6151	6132	
3	1551	6152	5672	
3	1539	5794	6152	
3	1598	5672	5794	
3	6152	5794	5672	
3	1448	6150	6041	
3	1449	6142	6150	
3	1450	6041	6142	
3	6150	6142	6041	
3	1276	5153	5445	
3	1462	6153	5153	
3	1461	5445	6153	
3	5153	6153	5445	
3	1680	6154	5875	
3	1328	5512	6154	
3	1540	5875	5512	
3	6154	5512	5875	
3	395	5585	4561	
3	1324	5381	5585	
3	1714	4561	5381	
3	5585	5381	4561	
3	1598	5796	6156	
3	1579	6155	5796	
3	1566	6156	6155	
3	5796	6155	6156	
3	1486	5913	5315	
3	1107	5372	5913	
3	1211	5315	5372	
3	5913	5372	5315	
3	1199	5852	5970	
3	1567	5930	5852	
3	1338	5970	5930	
3	5852	5930	5970	
3	1199	5972	6158	
3	1322	6157	5972	
3	1541	6158	6157	
3	5972	6157	6158	
3	1434	6070	6037	
3	1454	6122	6070	
3	1398	6037	6122	
3	6070	6122	6037	
3	1436	6148	6129	
3	1454	6072	6148	
3	1447	6129	6072	
3	6148	6072	6129	
3	1446	6159	5800	
3	1327	5224	6159	
3	1195	5800	5224	
3	6159	5224	5800	
3	1107	5912	5814	
3	1350	6109	5912	
3	1586	5814	6109	
3	5912	6109	5814	
3	1598	6156	5671	
3	1566	6160	6156	
3	1449	5671	6160	
3	6156	6160	5671	
3	1564	6161	6163	
3	1699	6162	6161	
3	1578	6163	6162	
3	6161	6162	6163	
3	1039	4655	4877	
3	1457	4652	4655	
3	923	4877	4652	
3	4655	4652	4877	
3	1085	4839	5292	
3	1457	4654	4839	
3	1059	5292	4654	
3	4839	4654	5292	
3	975	4909	4521	
3	1458	4754	4909	
3	930	4521	4754	
3	4909	4754	4521	
3	1458	4908	5074	
3	1085	6164	4908	
3	1459	5074	6164	
3	4908	6164	5074	
3	1085	5290	6164	
3	1142	6165	5290	
3	1459	6164	6165	
3	5290	6165	6164	
3	1142	5126	6165	
3	1110	5175	5126	
3	1459	6165	5175	
3	5126	5175	6165	
3	1087	5522	4912	
3	252	5505	5522	
3	1460	4912	5505	
3	5522	5505	4912	
3	1324	5784	5379	
3	1250	5872	5784	
3	1451	5379	5872	
3	5784	5872	5379	
3	1379	6166	5770	
3	1544	5782	6166	
3	1145	5770	5782	
3	6166	5782	5770	
3	1479	6167	5440	
3	1502	6145	6167	
3	1230	5440	6145	
3	6167	6145	5440	
3	1502	5265	6168	
3	1373	5403	5265	
3	1576	6168	5403	
3	5265	5403	6168	
3	1145	5665	6169	
3	1333	5142	5665	
3	1328	6169	5142	
3	5665	5142	6169	
3	1106	5190	6170	
3	1433	5152	5190	
3	1161	6170	5152	
3	5190	5152	6170	
3	1520	5957	5398	
3	1594	6171	5957	
3	1212	5398	6171	
3	5957	6171	5398	
3	1321	5776	5863	
3	1518	5488	5776	
3	1452	5863	5488	
3	5776	5488	5863	
3	1628	5859	5923	
3	1123	5933	5859	
3	1326	5923	5933	
3	5859	5933	5923	
3	1109	5038	4748	
3	1465	4973	5038	
3	1006	4748	4973	
3	5038	4973	4748	
3	1466	6172	6173	
3	1465	5040	6172	
3	1118	6173	5040	
3	6172	5040	6173	
3	1465	6172	5100	
3	1466	5451	6172	
3	1138	5100	5451	
3	6172	5451	5100	
3	1147	4971	5167	
3	1466	6173	4971	
3	1118	5167	6173	
3	4971	6173	5167	
3	1468	5205	6174	
3	1467	5199	5205	
3	1149	6174	5199	
3	5205	5199	6174	
3	1214	5429	5207	
3	1138	5450	5429	
3	1467	5207	5450	
3	5429	5450	5207	
3	1154	5259	5203	
3	1468	6174	5259	
3	1149	5203	6174	
3	5259	6174	5203	
3	1214	5206	5453	
3	1468	5219	5206	
3	1160	5453	5219	
3	5206	5219	5453	
3	1154	5232	5260	
3	1470	6175	5232	
3	1469	5260	6175	
3	5232	6175	5260	
3	1514	6176	5247	
3	1476	6177	6176	
3	1159	5247	6177	
3	6176	6177	5247	
3	1472	5230	5214	
3	1154	5226	5230	
3	1153	5214	5226	
3	5230	5226	5214	
3	1491	6178	6180	
3	1505	6179	6178	
3	1515	6180	6179	
3	6178	6179	6180	
3	1469	6175	6182	
3	1470	6181	6175	
3	1476	6182	6181	
3	6175	6181	6182	
3	1497	5135	6183	
3	1502	6167	5135	
3	1479	6183	6167	
3	5135	6167	6183	
3	1153	5221	5215	
3	1137	6184	5221	
3	1474	5215	6184	
3	5221	6184	5215	
3	1159	6185	6186	
3	1470	5231	6185	
3	1472	6186	5231	
3	6185	5231	6186	
3	1503	6187	6188	
3	1471	5229	6187	
3	1475	6188	5229	
3	6187	5229	6188	
3	1159	6177	6185	
3	1476	6181	6177	
3	1470	6185	6181	
3	6177	6181	6185	
3	1489	5212	6189	
3	1474	6184	5212	
3	1137	6189	6184	
3	5212	6184	6189	
3	1472	5252	6186	
3	1477	6190	5252	
3	1159	6186	6190	
3	5252	6190	6186	
3	1475	6191	6188	
3	1476	6192	6191	
3	1503	6188	6192	
3	6191	6192	6188	
3	1490	5227	6193	
3	1471	5377	5227	
3	251	6193	5377	
3	5227	5377	6193	
3	1503	6192	6195	
3	1476	6194	6192	
3	1473	6195	6194	
3	6192	6194	6195	
3	1475	5164	6191	
3	1469	6182	5164	
3	1476	6191	6182	
3	5164	6182	6191	
3	1158	6081	5211	
3	1478	6196	6081	
3	1474	5211	6196	
3	6081	6196	5211	
3	1474	6196	5251	
3	1478	5255	6196	
3	1477	5251	5255	
3	6196	5255	5251	
3	1480	6082	6198	
3	1158	6197	6082	
3	1422	6198	6197	
3	6082	6197	6198	
3	1482	6199	6201	
3	1480	6200	6199	
3	1483	6201	6200	
3	6199	6200	6201	
3	1482	6202	6203	
3	1481	5253	6202	
3	1478	6203	5253	
3	6202	5253	6203	
3	1505	6204	6206	
3	1151	6205	6204	
3	1473	6206	6205	
3	6204	6205	6206	
3	1422	6207	6198	
3	1492	6208	6207	
3	1480	6198	6208	
3	6207	6208	6198	
3	1483	6209	6211	
3	1493	6210	6209	
3	1494	6211	6210	
3	6209	6210	6211	
3	1482	6203	6199	
3	1478	6083	6203	
3	1480	6199	6083	
3	6203	6083	6199	
3	1229	2988	5638	
3	1098	5508	2988	
3	1124	5638	5508	
3	2988	5508	5638	
3	1493	6212	6213	
3	1480	6208	6212	
3	1492	6213	6208	
3	6212	6208	6213	
3	1136	5640	6215	
3	1497	6214	5640	
3	1500	6215	6214	
3	5640	6214	6215	
3	1424	6216	6218	
3	1495	6217	6216	
3	1483	6218	6217	
3	6216	6217	6218	
3	1482	6219	6202	
3	1491	6220	6219	
3	1481	6202	6220	
3	6219	6220	6202	
3	1151	5703	6222	
3	1484	6221	5703	
3	1503	6222	6221	
3	5703	6221	6222	
3	1195	5898	5801	
3	1507	6223	5898	
3	251	5801	6223	
3	5898	6223	5801	
3	250	5664	4692	
3	1145	5064	5664	
3	1463	4692	5064	
3	5664	5064	4692	
3	1630	6147	6224	
3	1560	5707	6147	
3	1383	6224	5707	
3	6147	5707	6224	
3	1318	6225	5746	
3	1432	5401	6225	
3	1373	5746	5401	
3	6225	5401	5746	
3	1665	6226	5658	
3	1106	6170	6226	
3	1161	5658	6170	
3	6226	6170	5658	
3	1445	5916	5919	
3	1281	6227	5916	
3	1375	5919	6227	
3	5916	6227	5919	
3	1215	5670	5385	
3	1388	6228	5670	
3	1498	5385	6228	
3	5670	6228	5385	
3	1604	6229	6230	
3	1430	6106	6229	
3	1488	6230	6106	
3	6229	6106	6230	
3	1318	6231	6225	
3	1488	6021	6231	
3	1432	6225	6021	
3	6231	6021	6225	
3	1148	4772	4741	
3	1489	6189	4772	
3	1137	4741	6189	
3	4772	6189	4741	
3	1536	5248	6233	
3	1535	6232	5248	
3	1158	6233	6232	
3	5248	6232	6233	
3	1490	6193	5432	
3	251	6234	6193	
3	1504	5432	6234	
3	6193	6234	5432	
3	1160	5165	6235	
3	1475	5228	5165	
3	1490	6235	5228	
3	5165	5228	6235	
3	1151	6204	5178	
3	1505	6236	6204	
3	1516	5178	6236	
3	6204	6236	5178	
3	1500	6237	6238	
3	1482	6201	6237	
3	1483	6238	6201	
3	6237	6201	6238	
3	1492	6207	6069	
3	1422	6239	6207	
3	1526	6069	6239	
3	6207	6239	6069	
3	1493	6213	6240	
3	1492	6068	6213	
3	1417	6240	6068	
3	6213	6068	6240	
3	1494	6210	6241	
3	1493	6240	6210	
3	1417	6241	6240	
3	6210	6240	6241	
3	1480	6212	6200	
3	1493	6209	6212	
3	1483	6200	6209	
3	6212	6209	6200	
3	1420	6064	6078	
3	1494	6241	6064	
3	1417	6078	6241	
3	6064	6241	6078	
3	1483	6211	6218	
3	1494	6076	6211	
3	1424	6218	6076	
3	6211	6076	6218	
3	1496	6242	5441	
3	1424	6098	6242	
3	1423	5441	6098	
3	6242	6098	5441	
3	1497	6243	6214	
3	1491	6244	6243	
3	1500	6214	6244	
3	6243	6244	6214	
3	1424	6242	6216	
3	1496	6094	6242	
3	1495	6216	6094	
3	6242	6094	6216	
3	1604	5442	6229	
3	1423	5458	5442	
3	1430	6229	5458	
3	5442	5458	6229	
3	1479	6245	6183	
3	1491	6243	6245	
3	1497	6183	6243	
3	6245	6243	6183	
3	1495	6246	6217	
3	1500	6238	6246	
3	1483	6217	6238	
3	6246	6238	6217	
3	1278	5789	5483	
3	1219	6247	5789	
3	1499	5483	6247	
3	5789	6247	5483	
3	1322	5877	6157	
3	1321	5862	5877	
3	1541	6157	5862	
3	5877	5862	6157	
3	1512	6248	5880	
3	1348	5848	6248	
3	853	5880	5848	
3	6248	5848	5880	
3	1318	3052	6231	
3	1604	6230	3052	
3	1488	6231	6230	
3	3052	6230	6231	
3	1500	6246	6215	
3	1495	6093	6246	
3	1136	6215	6093	
3	6246	6093	6215	
3	1482	6237	6219	
3	1500	6244	6237	
3	1491	6219	6244	
3	6237	6244	6219	
3	1317	6249	5355	
3	1215	5387	6249	
3	1485	5355	5387	
3	6249	5387	5355	
3	1215	6249	5673	
3	1317	5659	6249	
3	1644	5673	5659	
3	6249	5659	5673	
3	1431	6042	6139	
3	1450	5481	6042	
3	1499	6139	5481	
3	6042	5481	6139	
3	1461	6153	5464	
3	1462	5191	6153	
3	1106	5464	5191	
3	6153	5191	5464	
3	1151	6222	6205	
3	1503	6195	6222	
3	1473	6205	6195	
3	6222	6195	6205	
3	1471	6187	5490	
3	1503	6221	6187	
3	1484	5490	6221	
3	6187	6221	5490	
3	1508	5258	5416	
3	1198	5425	5258	
3	1204	5416	5425	
3	5258	5425	5416	
3	1504	6250	6251	
3	1508	5415	6250	
3	1510	6251	5415	
3	6250	5415	6251	
3	1514	6252	6253	
3	1505	6206	6252	
3	1473	6253	6206	
3	6252	6206	6253	
3	1479	6254	6245	
3	1505	6178	6254	
3	1491	6245	6178	
3	6254	6178	6245	
3	1214	5452	5426	
3	1506	5435	5452	
3	1210	5426	5435	
3	5452	5435	5426	
3	1490	5431	6235	
3	1506	5454	5431	
3	1160	6235	5454	
3	5431	5454	6235	
3	1504	6234	6255	
3	251	6223	6234	
3	1507	6255	6223	
3	6234	6223	6255	
3	1511	4915	5850	
3	988	4615	4915	
3	1200	5850	4615	
3	4915	4615	5850	
3	1204	5413	5417	
3	1201	6256	5413	
3	1510	5417	6256	
3	5413	6256	5417	
3	1504	6255	6250	
3	1507	5256	6255	
3	1508	6250	5256	
3	6255	5256	6250	
3	1633	4618	6257	
3	1455	5763	4618	
3	1545	6257	5763	
3	4618	5763	6257	
3	1275	5756	5922	
3	1354	5447	5756	
3	1517	5922	5447	
3	5756	5447	5922	
3	1201	5702	6256	
3	1210	6258	5702	
3	1510	6256	6258	
3	5702	6258	6256	
3	1504	6251	5434	
3	1510	6258	6251	
3	1210	5434	6258	
3	6251	6258	5434	
3	1540	5511	6116	
3	1162	5635	5511	
3	1268	6116	5635	
3	5511	5635	6116	
3	1499	6247	6033	
3	1219	5156	6247	
3	1443	6033	5156	
3	6247	5156	6033	
3	1339	5465	6259	
3	1106	6226	5465	
3	1665	6259	6226	
3	5465	6226	6259	
3	1665	5261	6260	
3	1231	5798	5261	
3	1542	6260	5798	
3	5261	5798	6260	
3	1456	6261	6263	
3	1554	6262	6261	
3	1381	6263	6262	
3	6261	6262	6263	
3	1665	6264	6259	
3	1564	6265	6264	
3	1339	6259	6265	
3	6264	6265	6259	
3	1476	6176	6194	
3	1514	6253	6176	
3	1473	6194	6253	
3	6176	6253	6194	
3	1159	6190	5245	
3	1477	6097	6190	
3	1515	5245	6097	
3	6190	6097	5245	
3	1491	6180	6220	
3	1515	6096	6180	
3	1481	6220	6096	
3	6180	6096	6220	
3	1505	6252	6179	
3	1514	5246	6252	
3	1515	6179	5246	
3	6252	5246	6179	
3	1505	6254	6236	
3	1479	5439	6254	
3	1516	6236	5439	
3	6254	5439	6236	
3	1222	6066	6117	
3	1444	5639	6066	
3	1136	6117	5639	
3	6066	5639	6117	
3	1644	5118	5674	
3	1594	5764	5118	
3	1455	5674	5764	
3	5118	5764	5674	
3	1355	5853	5755	
3	1280	6266	5853	
3	1350	5755	6266	
3	5853	6266	5755	
3	1281	5917	5461	
3	1196	5478	5917	
3	1297	5461	5478	
3	5917	5478	5461	
3	1596	6267	4937	
3	1464	6268	6267	
3	1279	4937	6268	
3	6267	6268	4937	
3	1255	4905	5582	
3	1519	5586	4905	
3	1170	5582	5586	
3	4905	5586	5582	
3	1250	5785	5581	
3	1519	4904	5785	
3	1256	5581	4904	
3	5785	4904	5581	
3	1513	5911	6270	
3	1319	6269	5911	
3	1745	6270	6269	
3	5911	6269	6270	
3	1323	6271	6272	
3	1689	6110	6271	
3	1350	6272	6110	
3	6271	6110	6272	
3	1219	5791	6140	
3	1336	5651	5791	
3	1358	6140	5651	
3	5791	5651	6140	
3	1388	6273	6275	
3	1389	6274	6273	
3	1487	6275	6274	
3	6273	6274	6275	
3	1523	6276	5963	
3	1395	5983	6276	
3	1399	5963	5983	
3	6276	5983	5963	
3	1410	6119	6030	
3	1522	6277	6119	
3	1401	6030	6277	
3	6119	6277	6030	
3	1401	6277	6059	
3	1522	6278	6277	
3	1523	6059	6278	
3	6277	6278	6059	
3	1395	6276	5840	
3	1523	6278	6276	
3	1522	5840	6278	
3	6276	6278	5840	
3	1534	6279	5684	
3	1286	6280	6279	
3	1533	5684	6280	
3	6279	6280	5684	
3	1528	5090	6281	
3	1524	5818	5090	
3	1284	6281	5818	
3	5090	5818	6281	
3	1526	5989	6282	
3	1402	6046	5989	
3	1421	6282	6046	
3	5989	6046	6282	
3	1527	5689	6086	
3	1525	6283	5689	
3	1422	6086	6283	
3	5689	6283	6086	
3	1526	6282	6067	
3	1421	6079	6282	
3	1417	6067	6079	
3	6282	6079	6067	
3	1422	6283	6239	
3	1525	5990	6283	
3	1526	6239	5990	
3	6283	5990	6239	
3	1535	6084	6232	
3	1422	6197	6084	
3	1158	6232	6197	
3	6084	6197	6232	
3	1527	6085	5679	
3	1535	6284	6085	
3	1532	5679	6284	
3	6085	6284	5679	
3	1529	5685	6285	
3	1528	6281	5685	
3	1284	6285	6281	
3	5685	6281	6285	
3	1403	6014	5965	
3	1528	5687	6014	
3	1396	5965	5687	
3	6014	5687	5965	
3	1284	5949	6285	
3	1386	5675	5949	
3	1529	6285	5675	
3	5949	5675	6285	
3	1530	5676	5979	
3	1386	5829	5676	
3	1394	5979	5829	
3	5676	5829	5979	
3	1531	5980	6286	
3	1394	6000	5980	
3	1391	6286	6000	
3	5980	6000	6286	
3	1396	5686	5987	
3	1529	5677	5686	
3	1530	5987	5677	
3	5686	5677	5987	
3	1391	6043	6286	
3	1406	6287	6043	
3	1531	6286	6287	
3	6043	6287	6286	
3	1406	5966	6287	
3	1396	5988	5966	
3	1531	6287	5988	
3	5966	5988	6287	
3	1115	5244	6288	
3	1285	4745	5244	
3	1532	6288	4745	
3	5244	4745	6288	
3	1533	4746	5682	
3	1285	5681	4746	
3	1157	5682	5681	
3	4746	5681	5682	
3	1534	5683	6289	
3	1157	5092	5683	
3	1337	6289	5092	
3	5683	5092	6289	
3	1286	5680	6280	
3	1532	4744	5680	
3	1533	6280	4744	
3	5680	4744	6280	
3	1284	5820	5722	
3	1534	6289	5820	
3	1337	5722	6289	
3	5820	6289	5722	
3	1524	6087	5819	
3	1286	6279	6087	
3	1534	5819	6279	
3	6087	6279	5819	
3	1158	5210	6233	
3	1489	6290	5210	
3	1536	6233	6290	
3	5210	6290	6233	
3	1532	6284	6288	
3	1535	5250	6284	
3	1115	6288	5250	
3	6284	5250	6288	
3	1489	4771	6290	
3	1080	6291	4771	
3	1536	6290	6291	
3	4771	6291	6290	
3	1115	5249	5099	
3	1536	6291	5249	
3	1080	5099	6291	
3	5249	6291	5099	
3	1545	6292	6257	
3	1655	6293	6292	
3	1633	6257	6293	
3	6292	6293	6257	
3	1537	6294	6296	
3	1690	6295	6294	
3	1608	6296	6295	
3	6294	6295	6296	
3	1408	6050	6114	
3	1413	6297	6050	
3	1538	6114	6297	
3	6050	6297	6114	
3	1548	6298	6299	
3	1546	5974	6298	
3	1538	6299	5974	
3	6298	5974	6299	
3	1550	6300	6301	
3	1539	6152	6300	
3	1551	6301	6152	
3	6300	6152	6301	
3	1539	6300	6303	
3	1550	6302	6300	
3	1555	6303	6302	
3	6300	6302	6303	
3	1280	5234	6266	
3	1323	6272	5234	
3	1350	6266	6272	
3	5234	6272	6266	
3	1555	6304	6306	
3	1705	6305	6304	
3	1721	6306	6305	
3	6304	6305	6306	
3	1348	6248	5867	
3	1512	5909	6248	
3	1501	5867	5909	
3	6248	5909	5867	
3	1518	6307	5662	
3	1453	6138	6307	
3	1287	5662	6138	
3	6307	6138	5662	
3	1697	5765	6309	
3	1625	6308	5765	
3	1568	6309	6308	
3	5765	6308	6309	
3	1554	6310	5655	
3	1335	6311	6310	
3	1379	5655	6311	
3	6310	6311	5655	
3	1558	6312	5904	
3	1575	5518	6312	
3	1404	5904	5518	
3	6312	5518	5904	
3	1322	6313	5878	
3	1513	6314	6313	
3	1378	5878	6314	
3	6313	6314	5878	
3	1432	6315	6317	
3	1581	6316	6315	
3	1582	6317	6316	
3	6315	6316	6317	
3	1513	6318	5910	
3	1338	5932	6318	
3	1217	5910	5932	
3	6318	5932	5910	
3	1625	6146	6319	
3	1502	6168	6146	
3	1576	6319	6168	
3	6146	6168	6319	
3	1145	6169	5771	
3	1328	6154	6169	
3	1680	5771	6154	
3	6169	6154	5771	
3	1548	6299	6320	
3	1538	6297	6299	
3	1413	6320	6297	
3	6299	6297	6320	
3	1551	6321	6301	
3	1546	6322	6321	
3	1550	6301	6322	
3	6321	6322	6301	
3	1383	6323	5927	
3	1609	6324	6323	
3	1392	5927	6324	
3	6323	6324	5927	
3	1446	6325	6159	
3	1371	6326	6325	
3	1327	6159	6326	
3	6325	6326	6159	
3	1549	6327	5616	
3	1548	6320	6327	
3	1413	5616	6320	
3	6327	6320	5616	
3	1546	6298	6322	
3	1548	6328	6298	
3	1550	6322	6328	
3	6298	6328	6322	
3	1413	6049	5614	
3	1411	6048	6049	
3	1595	5614	6048	
3	6049	6048	5614	
3	1671	6329	6331	
3	1602	6330	6329	
3	1657	6331	6330	
3	6329	6330	6331	
3	1548	6327	6328	
3	1549	6332	6327	
3	1550	6328	6332	
3	6327	6332	6328	
3	1555	6302	6333	
3	1550	6332	6302	
3	1549	6333	6332	
3	6302	6332	6333	
3	1488	6108	6022	
3	1429	1861	6108	
3	1397	6022	1861	
3	6108	1861	6022	
3	1	6151	4572	
3	1546	6321	6151	
3	1551	4572	6321	
3	6151	6321	4572	
3	1651	6334	6336	
3	1641	6335	6334	
3	1614	6336	6335	
3	6334	6335	6336	
3	581	6144	5066	
3	1541	5864	6144	
3	1452	5066	5864	
3	6144	5864	5066	
3	1602	6337	6330	
3	1606	6338	6337	
3	1657	6330	6338	
3	6337	6338	6330	
3	1689	6339	6111	
3	1601	6340	6339	
3	1586	6111	6340	
3	6339	6340	6111	
3	1561	6341	6342	
3	1636	4554	6341	
3	1708	6342	4554	
3	6341	4554	6342	
3	1366	5668	6343	
3	1371	6325	5668	
3	1446	6343	6325	
3	5668	6325	6343	
3	1606	6344	6345	
3	1549	5615	6344	
3	1595	6345	5615	
3	6344	5615	6345	
3	1602	6346	6347	
3	1555	6333	6346	
3	1549	6347	6333	
3	6346	6333	6347	
3	1587	6348	4800	
3	1139	4861	6348	
3	1083	4800	4861	
3	6348	4861	4800	
3	1140	5174	5171	
3	1597	4723	5174	
3	1556	5171	4723	
3	5174	4723	5171	
3	1588	6349	6351	
3	1590	6350	6349	
3	1135	6351	6350	
3	6349	6350	6351	
3	1298	5958	5826	
3	1571	6352	5958	
3	1384	5826	6352	
3	5958	6352	5826	
3	1631	5968	5991	
3	1282	6353	5968	
3	1565	5991	6353	
3	5968	6353	5991	
3	1566	5920	6160	
3	1278	6143	5920	
3	1449	6160	6143	
3	5920	6143	6160	
3	1623	6354	6356	
3	1464	6355	6354	
3	1626	6356	6355	
3	6354	6355	6356	
3	1655	6357	6359	
3	1621	6358	6357	
3	1617	6359	6358	
3	6357	6358	6359	
3	1579	5795	6360	
3	1539	6303	5795	
3	1555	6360	6303	
3	5795	6303	6360	
3	1323	5929	6361	
3	1543	5815	5929	
3	1537	6361	5815	
3	5929	5815	6361	
3	1620	6362	6364	
3	1561	6363	6362	
3	1585	6364	6363	
3	6362	6363	6364	
3	1544	6365	6367	
3	1335	6366	6365	
3	1382	6367	6366	
3	6365	6366	6367	
3	1544	6166	6365	
3	1379	6311	6166	
3	1335	6365	6311	
3	6166	6311	6365	
3	1371	5928	6326	
3	1323	5233	5928	
3	1327	6326	5233	
3	5928	5233	6326	
3	1637	6368	5994	
3	1614	6369	6368	
3	1336	5994	6369	
3	6368	6369	5994	
3	1629	6370	6372	
3	1682	6371	6370	
3	1679	6372	6371	
3	6370	6371	6372	
3	1335	6310	6373	
3	1554	6261	6310	
3	1456	6373	6261	
3	6310	6261	6373	
3	1561	6374	6363	
3	1599	6375	6374	
3	1585	6363	6375	
3	6374	6375	6363	
3	1577	6376	6377	
3	1634	5938	6376	
3	1563	6377	5938	
3	6376	5938	6377	
3	1699	6378	6162	
3	1687	6379	6378	
3	1578	6162	6379	
3	6378	6379	6162	
3	1432	6023	6315	
3	1397	6380	6023	
3	1581	6315	6380	
3	6023	6380	6315	
3	1690	6294	6381	
3	1537	5817	6294	
3	1573	6381	5817	
3	6294	5817	6381	
3	1647	5783	6382	
3	1544	6367	5783	
3	1382	6382	6367	
3	5783	6367	6382	
3	1487	6274	5542	
3	1389	6383	6274	
3	1547	5542	6383	
3	6274	6383	5542	
3	1576	5402	6384	
3	1432	6317	5402	
3	1582	6384	6317	
3	5402	6317	6384	
3	1568	6308	6385	
3	1625	6319	6308	
3	1576	6385	6319	
3	6308	6319	6385	
3	1699	6161	6387	
3	1564	6386	6161	
3	1635	6387	6386	
3	6161	6386	6387	
3	1645	6388	6390	
3	1610	6389	6388	
3	1565	6390	6389	
3	6388	6389	6390	
3	950	5617	4949	
3	1588	6351	5617	
3	1135	4949	6351	
3	5617	6351	4949	
3	1583	6391	6393	
3	1570	6392	6391	
3	1593	6393	6392	
3	6391	6392	6393	
3	1104	6394	4759	
3	1592	5709	6394	
3	1557	4759	5709	
3	6394	5709	4759	
3	1393	4586	6056	
3	1384	6352	4586	
3	1571	6056	6352	
3	4586	6352	6056	
3	1600	6395	6396	
3	1217	5931	6395	
3	1567	6396	5931	
3	6395	5931	6396	
3	1609	6397	6399	
3	1610	6398	6397	
3	1569	6399	6398	
3	6397	6398	6399	
3	1689	6271	6400	
3	1323	6361	6271	
3	1537	6400	6361	
3	6271	6361	6400	
3	1641	6401	6403	
3	1646	6402	6401	
3	1559	6403	6402	
3	6401	6402	6403	
3	1383	5926	6224	
3	1156	5760	5926	
3	1630	6224	5760	
3	5926	5760	6224	
3	1389	6024	6383	
3	1558	5905	6024	
3	1547	6383	5905	
3	6024	5905	6383	
3	1637	5993	6404	
3	1566	6155	5993	
3	1579	6404	6155	
3	5993	6155	6404	
3	1577	5516	6406	
3	1575	6405	5516	
3	1670	6406	6405	
3	5516	6405	6406	
3	1635	6407	6387	
3	1572	6408	6407	
3	1699	6387	6408	
3	6407	6408	6387	
3	1619	5705	6409	
3	1560	5992	5705	
3	1565	6409	5992	
3	5705	5992	6409	
3	1668	6410	6411	
3	1617	6358	6410	
3	1621	6411	6358	
3	6410	6358	6411	
3	1612	6412	6414	
3	1639	6413	6412	
3	1381	6414	6413	
3	6412	6413	6414	
3	1456	6263	6415	
3	1381	5937	6263	
3	1600	6415	5937	
3	6263	5937	6415	
3	1655	6359	6417	
3	1617	6416	6359	
3	1599	6417	6416	
3	6359	6416	6417	
3	1559	6418	6420	
3	1521	6419	6418	
3	1614	6420	6419	
3	6418	6419	6420	
3	1217	6421	5873	
3	1572	6407	6421	
3	1635	5873	6407	
3	6421	6407	5873	
3	1583	6422	6391	
3	1580	6423	6422	
3	1570	6391	6423	
3	6422	6423	6391	
3	1571	5945	6057	
3	1580	6424	5945	
3	1584	6057	6424	
3	5945	6424	6057	
3	1703	6425	6427	
3	1689	6426	6425	
3	1608	6427	6426	
3	6425	6426	6427	
3	1611	6428	6429	
3	1282	5515	6428	
3	1562	6429	5515	
3	6428	5515	6429	
3	1382	6366	5485	
3	1335	6430	6366	
3	1567	5485	6430	
3	6366	6430	5485	
3	1582	6431	6433	
3	1607	6432	6431	
3	1568	6433	6432	
3	6431	6432	6433	
3	1570	6434	6436	
3	1590	6435	6434	
3	1591	6436	6435	
3	6434	6435	6436	
3	948	6437	6439	
3	1618	6438	6437	
3	1667	6439	6438	
3	6437	6438	6439	
3	1580	6422	6424	
3	1583	6440	6422	
3	1584	6424	6440	
3	6422	6440	6424	
3	1393	6441	6047	
3	1605	6442	6441	
3	1595	6047	6442	
3	6441	6442	6047	
3	1559	6443	6418	
3	1397	1863	6443	
3	1521	6418	1863	
3	6443	1863	6418	
3	1607	6444	6446	
3	1641	6445	6444	
3	1709	6446	6445	
3	6444	6445	6446	
3	1381	6447	6414	
3	1569	6448	6447	
3	1612	6414	6448	
3	6447	6448	6414	
3	1615	6449	6451	
3	1585	6450	6449	
3	1617	6451	6450	
3	6449	6450	6451	
3	1513	6270	6314	
3	1745	6452	6270	
3	1378	6314	6452	
3	6270	6452	6314	
3	1587	4799	4835	
3	1144	5950	4799	
3	1603	4835	5950	
3	4799	5950	4835	
3	1135	6350	5161	
3	1590	6453	6350	
3	1104	5161	6453	
3	6350	6453	5161	
3	1667	6438	6455	
3	1618	6454	6438	
3	1674	6455	6454	
3	6438	6454	6455	
3	1591	6456	6436	
3	1593	6392	6456	
3	1570	6436	6392	
3	6456	6392	6436	
3	1591	6435	6457	
3	1590	6349	6435	
3	1588	6457	6349	
3	6435	6349	6457	
3	1592	6458	5710	
3	1570	6423	6458	
3	1580	5710	6423	
3	6458	6423	5710	
3	1588	5159	6457	
3	1589	6459	5159	
3	1591	6457	6459	
3	5159	6459	6457	
3	1593	6456	6460	
3	1591	6459	6456	
3	1589	6460	6459	
3	6456	6459	6460	
3	1104	6453	6394	
3	1590	6461	6453	
3	1592	6394	6461	
3	6453	6461	6394	
3	1570	6458	6434	
3	1592	6461	6458	
3	1590	6434	6461	
3	6458	6461	6434	
3	1674	6454	6463	
3	1618	6462	6454	
3	949	6463	6462	
3	6454	6462	6463	
3	1606	6464	6466	
3	1583	6465	6464	
3	1638	6466	6465	
3	6464	6465	6466	
3	1564	6163	6265	
3	1578	5811	6163	
3	1339	6265	5811	
3	6163	5811	6265	
3	1027	5822	6468	
3	1643	6467	5822	
3	1659	6468	6467	
3	5822	6467	6468	
3	1605	6441	6469	
3	1393	6058	6441	
3	1584	6469	6058	
3	6441	6058	6469	
3	1605	6470	6442	
3	1606	6345	6470	
3	1595	6442	6345	
3	6470	6345	6442	
3	1382	5484	6382	
3	1380	5382	5484	
3	1647	6382	5382	
3	5484	5382	6382	
3	1607	6471	6444	
3	1646	6401	6471	
3	1641	6444	6401	
3	6471	6401	6444	
3	1139	6348	5173	
3	1587	6472	6348	
3	1597	5173	6472	
3	6348	6472	5173	
3	1130	6473	5196	
3	1279	6268	6473	
3	1464	5196	6268	
3	6473	6268	5196	
3	1655	6292	6357	
3	1545	6474	6292	
3	1621	6357	6474	
3	6292	6474	6357	
3	1498	6228	5728	
3	1388	6275	6228	
3	1487	5728	6275	
3	6228	6275	5728	
3	1610	6397	6476	
3	1609	6475	6397	
3	1619	6476	6475	
3	6397	6475	6476	
3	1325	5812	5942	
3	1586	6340	5812	
3	1601	5942	6340	
3	5812	6340	5942	
3	1464	6267	6355	
3	1596	6477	6267	
3	1626	6355	6477	
3	6267	6477	6355	
3	1397	6443	6380	
3	1559	6478	6443	
3	1581	6380	6478	
3	6443	6478	6380	
3	1392	6324	6479	
3	1609	6399	6324	
3	1569	6479	6399	
3	6324	6399	6479	
3	1607	6480	6432	
3	1573	6481	6480	
3	1568	6432	6481	
3	6480	6481	6432	
3	1600	6482	6395	
3	1572	6421	6482	
3	1217	6395	6421	
3	6482	6421	6395	
3	1675	6483	6485	
3	1727	6484	6483	
3	1711	6485	6484	
3	6483	6484	6485	
3	1614	6419	6369	
3	1521	5652	6419	
3	1336	6369	5652	
3	6419	5652	6369	
3	1695	6486	6488	
3	1710	6487	6486	
3	1724	6488	6487	
3	6486	6487	6488	
3	1155	2373	5761	
3	1218	4693	2373	
3	1463	5761	4693	
3	2373	4693	5761	
3	1622	6489	4834	
3	1597	6472	6489	
3	1587	4834	6472	
3	6489	6472	4834	
3	1584	6440	6469	
3	1583	6490	6440	
3	1605	6469	6490	
3	6440	6490	6469	
3	1606	6337	6344	
3	1602	6347	6337	
3	1549	6344	6347	
3	6337	6347	6344	
3	1605	6490	6470	
3	1583	6464	6490	
3	1606	6470	6464	
3	6490	6464	6470	
3	1667	6491	6439	
3	1589	5050	6491	
3	948	6439	5050	
3	6491	5050	6439	
3	1456	6415	6492	
3	1600	6396	6415	
3	1567	6492	6396	
3	6415	6396	6492	
3	1645	6493	6495	
3	1624	6494	6493	
3	1686	6495	6494	
3	6493	6494	6495	
3	1537	6296	6400	
3	1608	6426	6296	
3	1689	6400	6426	
3	6296	6426	6400	
3	1704	6496	6498	
3	1706	6497	6496	
3	1716	6498	6497	
3	6496	6497	6498	
3	1610	6476	6389	
3	1619	6409	6476	
3	1565	6389	6409	
3	6476	6409	6389	
3	1642	6499	6501	
3	1684	6500	6499	
3	1683	6501	6500	
3	6499	6500	6501	
3	1600	5936	6482	
3	1679	6502	5936	
3	1572	6482	6502	
3	5936	6502	6482	
3	1585	6375	6450	
3	1599	6416	6375	
3	1617	6450	6416	
3	6375	6416	6450	
3	1383	5706	6323	
3	1619	6475	5706	
3	1609	6323	6475	
3	5706	6475	6323	
3	1610	6503	6505	
3	1686	6504	6503	
3	1612	6505	6504	
3	6503	6504	6505	
3	1646	6471	6506	
3	1607	6431	6471	
3	1582	6506	6431	
3	6471	6431	6506	
3	1573	5816	5953	
3	1543	5902	5816	
3	1216	5953	5902	
3	5816	5902	5953	
3	1464	6354	6507	
3	1623	5951	6354	
3	1144	6507	5951	
3	6354	5951	6507	
3	1627	6508	5235	
3	1632	6509	6508	
3	1613	5235	6509	
3	6508	6509	5235	
3	1649	6510	6512	
3	1653	6511	6510	
3	1616	6512	6511	
3	6510	6511	6512	
3	1686	6494	6514	
3	1624	6513	6494	
3	1616	6514	6513	
3	6494	6513	6514	
3	1687	6515	6517	
3	1700	6516	6515	
3	1626	6517	6516	
3	6515	6516	6517	
3	1634	6518	6520	
3	1670	6519	6518	
3	1648	6520	6519	
3	6518	6519	6520	
3	1617	6410	6451	
3	1668	6521	6410	
3	1615	6451	6521	
3	6410	6521	6451	
3	1640	6522	6524	
3	1691	6523	6522	
3	1669	6524	6523	
3	6522	6523	6524	
3	1650	6525	6527	
3	1722	6526	6525	
3	1669	6527	6526	
3	6525	6526	6527	
3	1575	6528	6529	
3	1561	6362	6528	
3	1620	6529	6362	
3	6528	6362	6529	
3	1638	6530	6466	
3	1657	6338	6530	
3	1606	6466	6338	
3	6530	6338	6466	
3	1638	6465	6531	
3	1583	6393	6465	
3	1593	6531	6393	
3	6465	6393	6531	
3	1627	5237	6532	
3	1622	4836	5237	
3	1603	6532	4836	
3	5237	4836	6532	
3	1302	5866	5890	
3	1501	5660	5866	
3	1317	5890	5660	
3	5866	5660	5890	
3	1624	6533	6535	
3	1648	6534	6533	
3	1656	6535	6534	
3	6533	6534	6535	
3	1611	6536	6537	
3	1645	6390	6536	
3	1565	6537	6390	
3	6536	6390	6537	
3	1621	6474	6538	
3	1545	5956	6474	
3	1520	6538	5956	
3	6474	5956	6538	
3	1670	6539	6519	
3	1723	6540	6539	
3	1648	6519	6540	
3	6539	6540	6519	
3	1471	5489	5378	
3	1366	6343	5489	
3	1446	5378	6343	
3	5489	6343	5378	
3	1597	6489	4722	
3	1622	5236	6489	
3	1613	4722	5236	
3	6489	5236	4722	
3	1624	6493	6533	
3	1645	6541	6493	
3	1648	6533	6541	
3	6493	6541	6533	
3	1670	6405	6542	
3	1575	6529	6405	
3	1620	6542	6529	
3	6405	6529	6542	
3	1728	6543	6545	
3	1687	6544	6543	
3	1724	6545	6544	
3	6543	6544	6545	
3	1731	6546	6548	
3	1651	6547	6546	
3	1711	6548	6547	
3	6546	6547	6548	
3	1575	6312	6549	
3	1558	6025	6312	
3	1636	6549	6025	
3	6312	6025	6549	
3	1594	5120	6171	
3	1512	5879	5120	
3	1212	6171	5879	
3	5120	5879	6171	
3	1623	6356	6551	
3	1626	6550	6356	
3	1676	6551	6550	
3	6356	6550	6551	
3	1555	6306	6360	
3	1721	6552	6306	
3	1579	6360	6552	
3	6306	6552	6360	
3	1134	5134	5807	
3	1132	5155	5134	
3	1552	5807	5155	
3	5134	5155	5807	
3	1279	6473	2388	
3	1130	4821	6473	
3	1134	2388	4821	
3	6473	4821	2388	
3	1281	5463	6553	
3	1563	5940	5463	
3	1562	6553	5940	
3	5463	5940	6553	
3	1274	5060	5187	
3	1630	5057	5060	
3	973	5187	5057	
3	5060	5057	5187	
3	1653	6554	6511	
3	1669	6555	6554	
3	1616	6511	6555	
3	6554	6555	6511	
3	1562	5939	6429	
3	1634	6556	5939	
3	1611	6429	6556	
3	5939	6556	6429	
3	1513	6313	6318	
3	1322	5971	6313	
3	1338	6318	5971	
3	6313	5971	6318	
3	1636	6341	6549	
3	1561	6528	6341	
3	1575	6549	6528	
3	6341	6528	6549	
3	1683	6557	6559	
3	1666	6558	6557	
3	1664	6559	6558	
3	6557	6558	6559	
3	1661	6560	6562	
3	1642	6561	6560	
3	1664	6562	6561	
3	6560	6561	6562	
3	1684	6563	6564	
3	1632	6508	6563	
3	1627	6564	6508	
3	6563	6508	6564	
3	1613	6509	4416	
3	1632	6565	6509	
3	1643	4416	6565	
3	6509	6565	4416	
3	1646	6566	6402	
3	1581	6478	6566	
3	1559	6402	6478	
3	6566	6478	6402	
3	1335	6373	6430	
3	1456	6492	6373	
3	1567	6430	6492	
3	6373	6492	6430	
3	1381	6262	6447	
3	1554	6567	6262	
3	1569	6447	6567	
3	6262	6567	6447	
3	1664	6558	6569	
3	1666	6568	6558	
3	1663	6569	6568	
3	6558	6568	6569	
3	1582	6316	6506	
3	1581	6566	6316	
3	1646	6506	6566	
3	6316	6566	6506	
3	1665	6260	6264	
3	1542	6570	6260	
3	1564	6264	6570	
3	6260	6570	6264	
3	1688	6571	6573	
3	1706	6572	6571	
3	1677	6573	6572	
3	6571	6572	6573	
3	1709	6574	6446	
3	1681	6575	6574	
3	1607	6446	6575	
3	6574	6575	6446	
3	1572	6576	6408	
3	1682	6577	6576	
3	1699	6408	6577	
3	6576	6577	6408	
3	1642	6578	6499	
3	1632	6563	6578	
3	1684	6499	6563	
3	6578	6563	6499	
3	1667	6579	6491	
3	1593	6460	6579	
3	1589	6491	6460	
3	6579	6460	6491	
3	1568	6385	6433	
3	1576	6384	6385	
3	1582	6433	6384	
3	6385	6384	6433	
3	1654	6580	6582	
3	1660	6581	6580	
3	1668	6582	6581	
3	6580	6581	6582	
3	1682	6370	6584	
3	1629	6583	6370	
3	1640	6584	6583	
3	6370	6583	6584	
3	1616	6513	6512	
3	1624	6585	6513	
3	1649	6512	6585	
3	6513	6585	6512	
3	1654	6586	6587	
3	1703	6427	6586	
3	1608	6587	6427	
3	6586	6427	6587	
3	1686	6514	6589	
3	1616	6588	6514	
3	1694	6589	6588	
3	6514	6588	6589	
3	1633	6293	6590	
3	1655	6417	6293	
3	1599	6590	6417	
3	6293	6417	6590	
3	1599	6374	6591	
3	1561	6342	6374	
3	1708	6591	6342	
3	6374	6342	6591	
3	1663	6592	6594	
3	1662	6593	6592	
3	1026	6594	6593	
3	6592	6593	6594	
3	1642	6595	6578	
3	1658	6596	6595	
3	1632	6578	6596	
3	6595	6596	6578	
3	1643	6565	6597	
3	1632	6596	6565	
3	1658	6597	6596	
3	6565	6596	6597	
3	1675	6598	6599	
3	1721	6305	6598	
3	1705	6599	6305	
3	6598	6305	6599	
3	1273	6141	6115	
3	1358	5753	6141	
3	1429	6115	5753	
3	6141	5753	6115	
3	1611	6556	6600	
3	1634	6520	6556	
3	1648	6600	6520	
3	6556	6520	6600	
3	1650	6601	6603	
3	1653	6602	6601	
3	1652	6603	6602	
3	6601	6602	6603	
3	1565	6353	6537	
3	1282	6428	6353	
3	1611	6537	6428	
3	6353	6428	6537	
3	1603	6604	6532	
3	1676	6605	6604	
3	1627	6532	6605	
3	6604	6605	6532	
3	1612	6448	6505	
3	1569	6398	6448	
3	1610	6505	6398	
3	6448	6398	6505	
3	1679	6606	6372	
3	1639	6607	6606	
3	1629	6372	6607	
3	6606	6607	6372	
3	1641	6403	6335	
3	1559	6420	6403	
3	1614	6335	6420	
3	6403	6420	6335	
3	1723	6608	6540	
3	1656	6534	6608	
3	1648	6540	6534	
3	6608	6534	6540	
3	1694	6588	6610	
3	1616	6609	6588	
3	1691	6610	6609	
3	6588	6609	6610	
3	1381	6413	5935	
3	1639	6606	6413	
3	1679	5935	6606	
3	6413	6606	5935	
3	1624	6535	6585	
3	1656	6611	6535	
3	1649	6585	6611	
3	6535	6611	6585	
3	1620	6612	6614	
3	1673	6613	6612	
3	1723	6614	6613	
3	6612	6613	6614	
3	1601	6615	5943	
3	1621	6538	6615	
3	1520	5943	6538	
3	6615	6538	5943	
3	1640	6616	6584	
3	1695	6617	6616	
3	1682	6584	6617	
3	6616	6617	6584	
3	1723	6539	6614	
3	1670	6542	6539	
3	1620	6614	6542	
3	6539	6542	6614	
3	1612	6504	6618	
3	1686	6589	6504	
3	1694	6618	6589	
3	6504	6589	6618	
3	1615	6619	6449	
3	1620	6364	6619	
3	1585	6449	6364	
3	6619	6364	6449	
3	1703	6586	6620	
3	1654	6582	6586	
3	1668	6620	6582	
3	6586	6582	6620	
3	1579	6621	6404	
3	1711	6622	6621	
3	1637	6404	6622	
3	6621	6622	6404	
3	1671	6623	6624	
3	1706	6496	6623	
3	1704	6624	6496	
3	6623	6496	6624	
3	1708	4556	5138	
3	1389	6273	4556	
3	1388	5138	6273	
3	4556	6273	5138	
3	1612	6618	6412	
3	1694	6625	6618	
3	1639	6412	6625	
3	6618	6625	6412	
3	1691	6522	6626	
3	1640	6583	6522	
3	1629	6626	6583	
3	6522	6583	6626	
3	1737	6627	6629	
3	1683	6628	6627	
3	1754	6629	6628	
3	6627	6628	6629	
3	1638	6630	6631	
3	1667	6455	6630	
3	1674	6631	6455	
3	6630	6455	6631	
3	1672	6632	6634	
3	1677	6633	6632	
3	1657	6634	6633	
3	6632	6633	6634	
3	1642	6560	6595	
3	1661	6635	6560	
3	1658	6595	6635	
3	6560	6635	6595	
3	1658	6635	6637	
3	1661	6636	6635	
3	1659	6637	6636	
3	6635	6636	6637	
3	1656	6608	6639	
3	1723	6638	6608	
3	1713	6639	6638	
3	6608	6638	6639	
3	1658	6637	6597	
3	1659	6467	6637	
3	1643	6597	6467	
3	6637	6467	6597	
3	1639	6625	6640	
3	1694	6610	6625	
3	1691	6640	6610	
3	6625	6610	6640	
3	1664	6561	6559	
3	1642	6501	6561	
3	1683	6559	6501	
3	6561	6501	6559	
3	1659	6636	6642	
3	1661	6641	6636	
3	1026	6642	6641	
3	6636	6641	6642	
3	1666	6643	6568	
3	1685	6644	6643	
3	1663	6568	6644	
3	6643	6644	6568	
3	1663	6594	6569	
3	1026	6645	6594	
3	1664	6569	6645	
3	6594	6645	6569	
3	1310	5743	5918	
3	1263	5268	5743	
3	1445	5918	5268	
3	5743	5268	5918	
3	1661	6562	6641	
3	1664	6645	6562	
3	1026	6641	6645	
3	6562	6645	6641	
3	1392	6479	5657	
3	1569	6567	6479	
3	1554	5657	6567	
3	6479	6567	5657	
3	1627	6605	6564	
3	1676	6646	6605	
3	1684	6564	6646	
3	6605	6646	6564	
3	1685	6647	6644	
3	1662	6592	6647	
3	1663	6644	6592	
3	6647	6592	6644	
3	1564	6570	6386	
3	1542	5780	6570	
3	1635	6386	5780	
3	6570	5780	6386	
3	1025	6648	6649	
3	1662	6647	6648	
3	1685	6649	6647	
3	6648	6647	6649	
3	1638	6531	6630	
3	1593	6579	6531	
3	1667	6630	6579	
3	6531	6579	6630	
3	1639	6640	6607	
3	1691	6626	6640	
3	1629	6607	6626	
3	6640	6626	6607	
3	1634	6376	6518	
3	1577	6406	6376	
3	1670	6518	6406	
3	6376	6406	6518	
3	1708	5140	6591	
3	1633	6590	5140	
3	1599	6591	6590	
3	5140	6590	6591	
3	1691	6609	6523	
3	1616	6555	6609	
3	1669	6523	6555	
3	6609	6555	6523	
3	1641	6334	6651	
3	1651	6650	6334	
3	1738	6651	6650	
3	6334	6650	6651	
3	1748	6652	6654	
3	1728	6653	6652	
3	1710	6654	6653	
3	6652	6653	6654	
3	1657	6530	6634	
3	1638	6655	6530	
3	1672	6634	6655	
3	6530	6655	6634	
3	1657	6633	6331	
3	1677	6656	6633	
3	1671	6331	6656	
3	6633	6656	6331	
3	1674	6463	6658	
3	949	6657	6463	
3	1693	6658	6657	
3	6463	6657	6658	
3	1672	6659	6632	
3	1688	6573	6659	
3	1677	6632	6573	
3	6659	6573	6632	
3	1673	6660	6662	
3	1726	6661	6660	
3	1713	6662	6661	
3	6660	6661	6662	
3	1683	6500	6628	
3	1684	6663	6500	
3	1754	6628	6663	
3	6500	6663	6628	
3	949	6664	6657	
3	1678	6665	6664	
3	1693	6657	6665	
3	6664	6665	6657	
3	1638	6631	6655	
3	1674	6666	6631	
3	1672	6655	6666	
3	6631	6666	6655	
3	1660	6580	6668	
3	1654	6667	6580	
3	1681	6668	6667	
3	6580	6667	6668	
3	1649	6669	6510	
3	1652	6602	6669	
3	1653	6510	6602	
3	6669	6602	6510	
3	1651	6336	6670	
3	1614	6368	6336	
3	1637	6670	6368	
3	6336	6368	6670	
3	1687	6517	6671	
3	1626	6477	6517	
3	1596	6671	6477	
3	6517	6477	6671	
3	1674	6658	6666	
3	1693	6672	6658	
3	1672	6666	6672	
3	6658	6672	6666	
3	1378	6673	5775	
3	1453	6307	6673	
3	1518	5775	6307	
3	6673	6307	5775	
3	1702	6674	6676	
3	1678	6675	6674	
3	946	6676	6675	
3	6674	6675	6676	
3	1672	6672	6659	
3	1693	6677	6672	
3	1688	6659	6677	
3	6672	6677	6659	
3	1722	6678	6680	
3	1701	6679	6678	
3	1692	6680	6679	
3	6678	6679	6680	
3	1640	6524	6681	
3	1669	6526	6524	
3	1722	6681	6526	
3	6524	6526	6681	
3	1747	6682	6684	
3	1749	6683	6682	
3	1730	6684	6683	
3	6682	6683	6684	
3	1379	5772	5751	
3	1680	5571	5772	
3	1156	5751	5571	
3	5772	5571	5751	
3	1621	6615	6686	
3	1601	6685	6615	
3	1703	6686	6685	
3	6615	6685	6686	
3	1712	6687	6688	
3	1615	6521	6687	
3	1668	6688	6521	
3	6687	6521	6688	
3	1713	6638	6662	
3	1723	6613	6638	
3	1673	6662	6613	
3	6638	6613	6662	
3	1704	6689	6690	
3	1675	6599	6689	
3	1705	6690	6599	
3	6689	6599	6690	
3	1734	6691	6693	
3	1735	6692	6691	
3	1736	6693	6692	
3	6691	6692	6693	
3	1722	6525	6678	
3	1650	6694	6525	
3	1701	6678	6694	
3	6525	6694	6678	
3	1731	6695	6697	
3	1732	6696	6695	
3	1733	6697	6696	
3	6695	6696	6697	
3	1573	6480	6381	
3	1607	6698	6480	
3	1690	6381	6698	
3	6480	6698	6381	
3	1645	6536	6541	
3	1611	6600	6536	
3	1648	6541	6600	
3	6536	6600	6541	
3	1685	6643	6700	
3	1666	6699	6643	
3	1696	6700	6699	
3	6643	6699	6700	
3	1623	6551	5952	
3	1676	6604	6551	
3	1603	5952	6604	
3	6551	6604	5952	
3	1698	6701	6702	
3	1685	6700	6701	
3	1696	6702	6700	
3	6701	6700	6702	
3	1669	6554	6527	
3	1653	6601	6554	
3	1650	6527	6601	
3	6554	6601	6527	
3	1712	6688	6703	
3	1668	6581	6688	
3	1660	6703	6581	
3	6688	6581	6703	
3	1688	6677	6705	
3	1693	6704	6677	
3	1702	6705	6704	
3	6677	6704	6705	
3	1756	6706	6708	
3	1753	6707	6706	
3	1761	6708	6707	
3	6706	6707	6708	
3	1668	6411	6620	
3	1621	6686	6411	
3	1703	6620	6686	
3	6411	6686	6620	
3	1685	6701	6649	
3	1698	3847	6701	
3	1025	6649	3847	
3	6701	3847	6649	
3	1700	6709	6516	
3	1676	6550	6709	
3	1626	6516	6550	
3	6709	6550	6516	
3	1673	6612	6710	
3	1620	6619	6612	
3	1615	6710	6619	
3	6612	6619	6710	
3	1709	6711	6713	
3	1739	6712	6711	
3	1742	6713	6712	
3	6711	6712	6713	
3	1640	6681	6714	
3	1722	6680	6681	
3	1692	6714	6680	
3	6681	6680	6714	
3	1650	6603	6716	
3	1652	6715	6603	
3	1725	6716	6715	
3	6603	6715	6716	
3	1712	6717	6687	
3	1673	6710	6717	
3	1615	6687	6710	
3	6717	6710	6687	
3	1693	6665	6704	
3	1678	6674	6665	
3	1702	6704	6674	
3	6665	6674	6704	
3	1608	6718	6587	
3	1681	6667	6718	
3	1654	6587	6667	
3	6718	6667	6587	
3	1602	6329	6720	
3	1671	6719	6329	
3	1705	6720	6719	
3	6329	6719	6720	
3	1700	6721	6723	
3	1746	6722	6721	
3	1754	6723	6722	
3	6721	6722	6723	
3	1716	6724	6726	
3	1753	6725	6724	
3	1735	6726	6725	
3	6724	6725	6726	
3	1375	6227	5821	
3	1281	6553	6227	
3	1562	5821	6553	
3	6227	6553	5821	
3	1221	5513	5871	
3	1282	5690	5513	
3	1451	5871	5690	
3	5513	5690	5871	
3	1690	6727	6295	
3	1681	6718	6727	
3	1608	6295	6718	
3	6727	6718	6295	
3	1024	6728	6730	
3	1717	6729	6728	
3	1720	6730	6729	
3	6728	6729	6730	
3	1464	6507	5195	
3	1144	4796	6507	
3	1131	5195	4796	
3	6507	4796	5195	
3	1765	6731	6733	
3	1698	6732	6731	
3	1755	6733	6732	
3	6731	6732	6733	
3	1689	6425	6339	
3	1703	6685	6425	
3	1601	6339	6685	
3	6425	6685	6339	
3	1645	6495	6388	
3	1686	6503	6495	
3	1610	6388	6503	
3	6495	6503	6388	
3	1726	6734	6661	
3	1707	6735	6734	
3	1713	6661	6735	
3	6734	6735	6661	
3	1684	6646	6736	
3	1676	6709	6646	
3	1700	6736	6709	
3	6646	6709	6736	
3	1704	6498	6689	
3	1716	6737	6498	
3	1675	6689	6737	
3	6498	6737	6689	
3	1297	5825	5462	
3	1577	6377	5825	
3	1563	5462	6377	
3	5825	6377	5462	
3	1780	6738	6740	
3	1779	6739	6738	
3	1715	6740	6739	
3	6738	6739	6740	
3	1578	6379	5468	
3	1687	6671	6379	
3	1596	5468	6671	
3	6379	6671	5468	
3	1725	6715	6742	
3	1652	6741	6715	
3	1707	6742	6741	
3	6715	6741	6742	
3	1720	6743	6730	
3	1791	6744	6743	
3	1024	6730	6744	
3	6743	6744	6730	
3	1709	6445	6745	
3	1641	6651	6445	
3	1738	6745	6651	
3	6445	6651	6745	
3	1707	6741	6735	
3	1652	6746	6741	
3	1713	6735	6746	
3	6741	6746	6735	
3	1688	6747	6748	
3	1761	6707	6747	
3	1753	6748	6707	
3	6747	6707	6748	
3	1704	6690	6624	
3	1705	6719	6690	
3	1671	6624	6719	
3	6690	6719	6624	
3	1747	6749	6751	
3	1660	6750	6749	
3	1744	6751	6750	
3	6749	6750	6751	
3	1706	6623	6572	
3	1671	6656	6623	
3	1677	6572	6656	
3	6623	6656	6572	
3	1701	6752	6679	
3	1740	6753	6752	
3	1692	6679	6753	
3	6752	6753	6679	
3	1651	6670	6547	
3	1637	6622	6670	
3	1711	6547	6622	
3	6670	6622	6547	
3	1780	6740	6755	
3	1715	6754	6740	
3	944	6755	6754	
3	6740	6754	6755	
3	1649	6611	6669	
3	1656	6756	6611	
3	1652	6669	6756	
3	6611	6756	6669	
3	1666	6557	6757	
3	1683	6627	6557	
3	1737	6757	6627	
3	6557	6627	6757	
3	1729	6758	6760	
3	1758	6759	6758	
3	1701	6760	6759	
3	6758	6759	6760	
3	1729	6761	6763	
3	1707	6762	6761	
3	1730	6763	6762	
3	6761	6762	6763	
3	1572	6502	6576	
3	1679	6371	6502	
3	1682	6576	6371	
3	6502	6371	6576	
3	1727	6483	6764	
3	1675	6737	6483	
3	1716	6764	6737	
3	6483	6737	6764	
3	1724	6765	6488	
3	1682	6617	6765	
3	1695	6488	6617	
3	6765	6617	6488	
3	1701	6766	6760	
3	1725	6767	6766	
3	1729	6760	6767	
3	6766	6767	6760	
3	1690	6698	6727	
3	1607	6575	6698	
3	1681	6727	6575	
3	6698	6575	6727	
3	1656	6639	6756	
3	1713	6746	6639	
3	1652	6756	6746	
3	6639	6746	6756	
3	1711	6768	6485	
3	1721	6598	6768	
3	1675	6485	6598	
3	6768	6598	6485	
3	1697	6309	5955	
3	1568	6481	6309	
3	1573	5955	6481	
3	6309	6481	5955	
3	1511	5239	4914	
3	1228	4716	5239	
3	1108	4914	4716	
3	5239	4716	4914	
3	1756	6708	6770	
3	1761	6769	6708	
3	1769	6770	6769	
3	6708	6769	6770	
3	1541	5643	6158	
3	1155	5793	5643	
3	1199	6158	5793	
3	5643	5793	6158	
3	1695	6771	6486	
3	1692	6772	6771	
3	1710	6486	6772	
3	6771	6772	6486	
3	1755	6773	6733	
3	1776	6774	6773	
3	1765	6733	6774	
3	6773	6774	6733	
3	1717	6775	6777	
3	1718	6776	6775	
3	1719	6777	6776	
3	6775	6776	6777	
3	1717	6777	6729	
3	1719	6778	6777	
3	1720	6729	6778	
3	6777	6778	6729	
3	1755	6779	6781	
3	1696	6780	6779	
3	1737	6781	6780	
3	6779	6780	6781	
3	1698	6782	3845	
3	1719	6776	6782	
3	1718	3845	6776	
3	6782	6776	3845	
3	1666	6757	6699	
3	1737	6780	6757	
3	1696	6699	6780	
3	6757	6780	6699	
3	1783	6783	6784	
3	1791	6743	6783	
3	1720	6784	6743	
3	6783	6743	6784	
3	1711	6621	6768	
3	1579	6552	6621	
3	1721	6768	6552	
3	6621	6552	6768	
3	1705	6304	6720	
3	1555	6346	6304	
3	1602	6720	6346	
3	6304	6346	6720	
3	1699	6785	6378	
3	1724	6544	6785	
3	1687	6378	6544	
3	6785	6544	6378	
3	1692	6771	6714	
3	1695	6616	6771	
3	1640	6714	6616	
3	6771	6616	6714	
3	1769	6786	6788	
3	1780	6787	6786	
3	1782	6788	6787	
3	6786	6787	6788	
3	1724	6487	6545	
3	1710	6653	6487	
3	1728	6545	6653	
3	6487	6653	6545	
3	1729	6767	6761	
3	1725	6742	6767	
3	1707	6761	6742	
3	6767	6742	6761	
3	1699	6577	6785	
3	1682	6765	6577	
3	1724	6785	6765	
3	6577	6765	6785	
3	1701	6694	6766	
3	1650	6716	6694	
3	1725	6766	6716	
3	6694	6716	6766	
3	1673	6717	6660	
3	1712	6789	6717	
3	1726	6660	6789	
3	6717	6789	6660	
3	1730	6790	6791	
3	1726	6789	6790	
3	1712	6791	6789	
3	6790	6789	6791	
3	1734	6792	6794	
3	1731	6793	6792	
3	1727	6794	6793	
3	6792	6793	6794	
3	1711	6484	6548	
3	1727	6793	6484	
3	1731	6548	6793	
3	6484	6793	6548	
3	1748	6795	6652	
3	1746	6796	6795	
3	1728	6652	6796	
3	6795	6796	6652	
3	1700	6515	6797	
3	1687	6543	6515	
3	1728	6797	6543	
3	6515	6543	6797	
3	1726	6790	6734	
3	1730	6762	6790	
3	1707	6734	6762	
3	6790	6762	6734	
3	1746	6721	6796	
3	1700	6797	6721	
3	1728	6796	6797	
3	6721	6797	6796	
3	1739	6711	6798	
3	1709	6745	6711	
3	1738	6798	6745	
3	6711	6745	6798	
3	1712	6703	6799	
3	1660	6749	6703	
3	1747	6799	6749	
3	6703	6749	6799	
3	1727	6764	6794	
3	1716	6800	6764	
3	1734	6794	6800	
3	6764	6800	6794	
3	1651	6546	6801	
3	1731	6697	6546	
3	1733	6801	6697	
3	6546	6697	6801	
3	1731	6792	6695	
3	1734	6802	6792	
3	1732	6695	6802	
3	6792	6802	6695	
3	1732	6803	6696	
3	1743	6804	6803	
3	1733	6696	6804	
3	6803	6804	6696	
3	1743	6805	6807	
3	1736	6806	6805	
3	1741	6807	6806	
3	6805	6806	6807	
3	1709	6713	6574	
3	1742	6808	6713	
3	1681	6574	6808	
3	6713	6808	6574	
3	1706	6809	6497	
3	1753	6724	6809	
3	1716	6497	6724	
3	6809	6724	6497	
3	1734	6800	6691	
3	1716	6726	6800	
3	1735	6691	6726	
3	6800	6726	6691	
3	1741	6810	6812	
3	1735	6811	6810	
3	1756	6812	6811	
3	6810	6811	6812	
3	1732	6802	6813	
3	1734	6693	6802	
3	1736	6813	6693	
3	6802	6693	6813	
3	1741	6806	6810	
3	1736	6692	6806	
3	1735	6810	6692	
3	6806	6692	6810	
3	1733	6804	6815	
3	1743	6814	6804	
3	1759	6815	6814	
3	6804	6814	6815	
3	1740	6816	6753	
3	1710	6772	6816	
3	1692	6753	6772	
3	6816	6772	6753	
3	1755	6732	6779	
3	1698	6702	6732	
3	1696	6779	6702	
3	6732	6702	6779	
3	1651	6801	6650	
3	1733	6817	6801	
3	1738	6650	6817	
3	6801	6817	6650	
3	1739	6798	6818	
3	1738	6817	6798	
3	1733	6818	6817	
3	6798	6817	6818	
3	1736	6805	6813	
3	1743	6803	6805	
3	1732	6813	6803	
3	6805	6803	6813	
3	1742	6819	6820	
3	1744	6750	6819	
3	1660	6820	6750	
3	6819	6750	6820	
3	1740	6752	6821	
3	1701	6759	6752	
3	1758	6821	6759	
3	6752	6759	6821	
3	1719	6782	6822	
3	1698	6731	6782	
3	1765	6822	6731	
3	6782	6731	6822	
3	1753	6706	6725	
3	1756	6811	6706	
3	1735	6725	6811	
3	6706	6811	6725	
3	1763	6823	6825	
3	1758	6824	6823	
3	1767	6825	6824	
3	6823	6824	6825	
3	1744	6819	6826	
3	1742	6712	6819	
3	1739	6826	6712	
3	6819	6712	6826	
3	1660	6668	6820	
3	1681	6808	6668	
3	1742	6820	6808	
3	6668	6808	6820	
3	1764	6827	6828	
3	1759	6814	6827	
3	1743	6828	6814	
3	6827	6814	6828	
3	1749	6829	6683	
3	1751	6830	6829	
3	1730	6683	6830	
3	6829	6830	6683	
3	1759	6831	6815	
3	1739	6818	6831	
3	1733	6815	6818	
3	6831	6818	6815	
3	1752	6832	6833	
3	1744	6826	6832	
3	1739	6833	6826	
3	6832	6826	6833	
3	1574	5924	5778	
3	1745	6269	5924	
3	1319	5778	6269	
3	5924	6269	5778	
3	1453	6673	5925	
3	1378	6452	6673	
3	1745	5925	6452	
3	6673	6452	5925	
3	1746	6795	6835	
3	1748	6834	6795	
3	1750	6835	6834	
3	6795	6834	6835	
3	1762	6836	6837	
3	1746	6835	6836	
3	1750	6837	6835	
3	6836	6835	6837	
3	1749	6682	6838	
3	1747	6751	6682	
3	1744	6838	6751	
3	6682	6751	6838	
3	1730	6791	6684	
3	1712	6799	6791	
3	1747	6684	6799	
3	6791	6799	6684	
3	1710	6816	6654	
3	1740	6839	6816	
3	1748	6654	6839	
3	6816	6839	6654	
3	1750	6834	6840	
3	1748	6839	6834	
3	1740	6840	6839	
3	6834	6839	6840	
3	1751	6829	6842	
3	1749	6841	6829	
3	1752	6842	6841	
3	6829	6841	6842	
3	1729	6763	6843	
3	1730	6830	6763	
3	1751	6843	6830	
3	6763	6830	6843	
3	1758	6758	6844	
3	1729	6843	6758	
3	1751	6844	6843	
3	6758	6843	6844	
3	1765	6845	6822	
3	1720	6778	6845	
3	1719	6822	6778	
3	6845	6778	6822	
3	1749	6838	6841	
3	1744	6832	6838	
3	1752	6841	6832	
3	6838	6832	6841	
3	1758	6823	6821	
3	1763	6846	6823	
3	1740	6821	6846	
3	6823	6846	6821	
3	1760	6847	6848	
3	1743	6807	6847	
3	1741	6848	6807	
3	6847	6807	6848	
3	1775	6849	6851	
3	1764	6850	6849	
3	1770	6851	6850	
3	6849	6850	6851	
3	1706	6571	6809	
3	1688	6748	6571	
3	1753	6809	6748	
3	6571	6748	6809	
3	1761	6747	6852	
3	1688	6705	6747	
3	1702	6852	6705	
3	6747	6705	6852	
3	1700	6723	6736	
3	1754	6663	6723	
3	1684	6736	6663	
3	6723	6663	6736	
3	1754	6722	6854	
3	1746	6853	6722	
3	1757	6854	6853	
3	6722	6853	6854	
3	1737	6629	6855	
3	1754	6854	6629	
3	1757	6855	6854	
3	6629	6854	6855	
3	1757	6856	6855	
3	1755	6781	6856	
3	1737	6855	6781	
3	6856	6781	6855	
3	1766	6857	6858	
3	1756	6770	6857	
3	1769	6858	6770	
3	6857	6770	6858	
3	1760	6848	6860	
3	1741	6859	6848	
3	1766	6860	6859	
3	6848	6859	6860	
3	1762	6861	6836	
3	1757	6853	6861	
3	1746	6836	6853	
3	6861	6853	6836	
3	1772	6862	6864	
3	1771	6863	6862	
3	1776	6864	6863	
3	6862	6863	6864	
3	1751	6842	6866	
3	1752	6865	6842	
3	1775	6866	6865	
3	6842	6865	6866	
3	1750	6840	6867	
3	1740	6846	6840	
3	1763	6867	6846	
3	6840	6846	6867	
3	1764	6828	6868	
3	1743	6847	6828	
3	1760	6868	6847	
3	6828	6847	6868	
3	1752	6833	6869	
3	1739	6831	6833	
3	1759	6869	6831	
3	6833	6831	6869	
3	1766	6859	6857	
3	1741	6812	6859	
3	1756	6857	6812	
3	6859	6812	6857	
3	1782	6870	6872	
3	1785	6871	6870	
3	1766	6872	6871	
3	6870	6871	6872	
3	1779	6873	6739	
3	946	6874	6873	
3	1715	6739	6874	
3	6873	6874	6739	
3	1779	6875	6873	
3	1702	6676	6875	
3	946	6873	6676	
3	6875	6676	6873	
3	1768	6876	6877	
3	1750	6867	6876	
3	1763	6877	6867	
3	6876	6867	6877	
3	1755	6856	6879	
3	1757	6878	6856	
3	1772	6879	6878	
3	6856	6878	6879	
3	1767	6824	6880	
3	1758	6844	6824	
3	1751	6880	6844	
3	6824	6844	6880	
3	1781	6881	6882	
3	1763	6825	6881	
3	1767	6882	6825	
3	6881	6825	6882	
3	1760	6883	6868	
3	1770	6850	6883	
3	1764	6868	6850	
3	6883	6850	6868	
3	1752	6869	6884	
3	1759	6827	6869	
3	1764	6884	6827	
3	6869	6827	6884	
3	1772	6878	6885	
3	1757	6861	6878	
3	1762	6885	6861	
3	6878	6861	6885	
3	1776	6773	6864	
3	1755	6879	6773	
3	1772	6864	6879	
3	6773	6879	6864	
3	1782	6872	6788	
3	1766	6858	6872	
3	1769	6788	6858	
3	6872	6858	6788	
3	1770	6883	6887	
3	1760	6886	6883	
3	1785	6887	6886	
3	6883	6886	6887	
3	1751	6866	6880	
3	1775	6888	6866	
3	1767	6880	6888	
3	6866	6888	6880	
3	1768	6889	6876	
3	1762	6837	6889	
3	1750	6876	6837	
3	6889	6837	6876	
3	1773	6890	6892	
3	1768	6891	6890	
3	1781	6892	6891	
3	6890	6891	6892	
3	1791	6783	6894	
3	1783	6893	6783	
3	1794	6894	6893	
3	6783	6893	6894	
3	1761	6852	6895	
3	1702	6875	6852	
3	1779	6895	6875	
3	6852	6875	6895	
3	1769	6896	6786	
3	1779	6738	6896	
3	1780	6786	6738	
3	6896	6738	6786	
3	1785	6886	6871	
3	1760	6860	6886	
3	1766	6871	6860	
3	6886	6860	6871	
3	1775	6851	6898	
3	1770	6897	6851	
3	1788	6898	6897	
3	6851	6897	6898	
3	1771	6862	6900	
3	1772	6899	6862	
3	1773	6900	6899	
3	6862	6899	6900	
3	1778	6901	6902	
3	1783	6784	6901	
3	1720	6902	6784	
3	6901	6784	6902	
3	1762	6889	6885	
3	1768	6903	6889	
3	1772	6885	6903	
3	6889	6903	6885	
3	1773	6899	6890	
3	1772	6903	6899	
3	1768	6890	6903	
3	6899	6903	6890	
3	1768	6877	6891	
3	1763	6881	6877	
3	1781	6891	6881	
3	6877	6881	6891	
3	1786	6904	6906	
3	1789	6905	6904	
3	1790	6906	6905	
3	6904	6905	6906	
3	1765	6774	6908	
3	1776	6907	6774	
3	1778	6908	6907	
3	6774	6907	6908	
3	1771	6900	6910	
3	1773	6909	6900	
3	1786	6910	6909	
3	6900	6909	6910	
3	1764	6849	6884	
3	1775	6865	6849	
3	1752	6884	6865	
3	6849	6865	6884	
3	1784	6911	6912	
3	1781	6882	6911	
3	1767	6912	6882	
3	6911	6882	6912	
3	1776	6863	6914	
3	1771	6913	6863	
3	1777	6914	6913	
3	6863	6913	6914	
3	1776	6914	6907	
3	1777	6915	6914	
3	1778	6907	6915	
3	6914	6915	6907	
3	1777	6913	6916	
3	1771	6910	6913	
3	1786	6916	6910	
3	6913	6910	6916	
3	1774	6917	6918	
3	1791	6894	6917	
3	1794	6918	6894	
3	6917	6894	6918	
3	1778	6915	6901	
3	1777	6919	6915	
3	1783	6901	6919	
3	6915	6919	6901	
3	1720	6845	6902	
3	1765	6908	6845	
3	1778	6902	6908	
3	6845	6908	6902	
3	1769	6769	6896	
3	1761	6895	6769	
3	1779	6896	6895	
3	6769	6895	6896	
3	1807	6920	6922	
3	1806	6921	6920	
3	1787	6922	6921	
3	6920	6921	6922	
3	1807	6922	6924	
3	1787	6923	6922	
3	941	6924	6923	
3	6922	6923	6924	
3	1784	6912	6925	
3	1767	6888	6912	
3	1775	6925	6888	
3	6912	6888	6925	
3	1781	6911	6927	
3	1784	6926	6911	
3	1798	6927	6926	
3	6911	6926	6927	
3	1806	6920	6929	
3	1807	6928	6920	
3	1833	6929	6928	
3	6920	6928	6929	
3	1795	6930	6932	
3	1797	6931	6930	
3	1793	6932	6931	
3	6930	6931	6932	
3	1777	6916	6933	
3	1786	6906	6916	
3	1790	6933	6906	
3	6916	6906	6933	
3	1790	6934	6935	
3	1794	6893	6934	
3	1783	6935	6893	
3	6934	6893	6935	
3	1770	6887	6937	
3	1785	6936	6887	
3	1792	6937	6936	
3	6887	6936	6937	
3	1801	6938	6939	
3	1798	6926	6938	
3	1784	6939	6926	
3	6938	6926	6939	
3	1802	6940	6942	
3	1839	6941	6940	
3	1836	6942	6941	
3	6940	6941	6942	
3	1788	6943	6898	
3	1784	6925	6943	
3	1775	6898	6925	
3	6943	6925	6898	
3	1781	6927	6892	
3	1798	6944	6927	
3	1773	6892	6944	
3	6927	6944	6892	
3	1789	6904	6945	
3	1786	6909	6904	
3	1773	6945	6909	
3	6904	6909	6945	
3	1837	6946	6948	
3	1796	6947	6946	
3	1832	6948	6947	
3	6946	6947	6948	
3	944	6949	6950	
3	1787	6921	6949	
3	1806	6950	6921	
3	6949	6921	6950	
3	1792	6951	6937	
3	1788	6897	6951	
3	1770	6937	6897	
3	6951	6897	6937	
3	1803	6952	6953	
3	1798	6938	6952	
3	1801	6953	6938	
3	6952	6938	6953	
3	1816	6954	6956	
3	1805	6955	6954	
3	1814	6956	6955	
3	6954	6955	6956	
3	1790	6935	6933	
3	1783	6919	6935	
3	1777	6933	6919	
3	6935	6919	6933	
3	1815	6957	6959	
3	1812	6958	6957	
3	1811	6959	6958	
3	6957	6958	6959	
3	1023	6960	6961	
3	1774	6918	6960	
3	1794	6961	6918	
3	6960	6918	6961	
3	1774	6962	6917	
3	1024	6744	6962	
3	1791	6917	6744	
3	6962	6744	6917	
3	1796	6963	6964	
3	1797	6930	6963	
3	1795	6964	6930	
3	6963	6930	6964	
3	1793	6965	6932	
3	1784	6966	6965	
3	1795	6932	6966	
3	6965	6966	6932	
3	1788	6967	6943	
3	1795	6966	6967	
3	1784	6943	6966	
3	6967	6966	6943	
3	1795	6967	6968	
3	1788	6951	6967	
3	1792	6968	6951	
3	6967	6951	6968	
3	1789	6969	6905	
3	1805	6970	6969	
3	1790	6905	6970	
3	6969	6970	6905	
3	1794	6971	6973	
3	1835	6972	6971	
3	1844	6973	6972	
3	6971	6972	6973	
3	1785	6974	6936	
3	1796	6975	6974	
3	1792	6936	6975	
3	6974	6975	6936	
3	1792	6975	6968	
3	1796	6964	6975	
3	1795	6968	6964	
3	6975	6964	6968	
3	1832	6976	6977	
3	1785	6870	6976	
3	1782	6977	6870	
3	6976	6870	6977	
3	1828	6978	6980	
3	1830	6979	6978	
3	1831	6980	6979	
3	6978	6979	6980	
3	1806	6981	6950	
3	1780	6755	6981	
3	944	6950	6755	
3	6981	6755	6950	
3	1802	6982	6984	
3	1830	6983	6982	
3	1797	6984	6983	
3	6982	6983	6984	
3	1801	6939	6985	
3	1784	6965	6939	
3	1793	6985	6965	
3	6939	6965	6985	
3	1773	6944	6945	
3	1798	6986	6944	
3	1789	6945	6986	
3	6944	6986	6945	
3	1803	6987	6952	
3	1789	6986	6987	
3	1798	6952	6986	
3	6987	6986	6952	
3	1133	6988	6990	
3	1810	6989	6988	
3	1828	6990	6989	
3	6988	6989	6990	
3	1793	6931	6992	
3	1797	6991	6931	
3	1800	6992	6991	
3	6931	6991	6992	
3	1818	6993	6995	
3	1808	6994	6993	
3	1809	6995	6994	
3	6993	6994	6995	
3	1811	6996	6959	
3	1818	6997	6996	
3	1815	6959	6997	
3	6996	6997	6959	
3	1797	6963	6984	
3	1796	6998	6963	
3	1802	6984	6998	
3	6963	6998	6984	
3	1796	6974	6947	
3	1785	6976	6974	
3	1832	6947	6976	
3	6974	6976	6947	
3	1793	6999	6985	
3	1808	7000	6999	
3	1801	6985	7000	
3	6999	7000	6985	
3	1801	7000	7002	
3	1808	7001	7000	
3	1811	7002	7001	
3	7000	7001	7002	
3	1835	7003	6972	
3	1816	7004	7003	
3	1844	6972	7004	
3	7003	7004	6972	
3	1803	7005	6987	
3	1812	7006	7005	
3	1789	6987	7006	
3	7005	7006	6987	
3	1812	6957	7008	
3	1815	7007	6957	
3	1814	7008	7007	
3	6957	7007	7008	
3	1805	6954	7009	
3	1816	7003	6954	
3	1835	7009	7003	
3	6954	7003	7009	
3	1782	6787	7010	
3	1780	6981	6787	
3	1806	7010	6981	
3	6787	6981	7010	
3	1807	6924	7012	
3	941	7011	6924	
3	1849	7012	7011	
3	6924	7011	7012	
3	1838	7013	7014	
3	1837	6948	7013	
3	1832	7014	6948	
3	7013	6948	7014	
3	1793	6992	6999	
3	1800	7015	6992	
3	1808	6999	7015	
3	6992	7015	6999	
3	1809	6994	7016	
3	1808	7015	6994	
3	1800	7016	7015	
3	6994	7015	7016	
3	1800	7017	7016	
3	1810	7018	7017	
3	1809	7016	7018	
3	7017	7018	7016	
3	1820	7019	7021	
3	1822	7020	7019	
3	1814	7021	7020	
3	7019	7020	7021	
3	1828	7022	6990	
3	1824	7023	7022	
3	1133	6990	7023	
3	7022	7023	6990	
3	1803	6953	7024	
3	1801	7002	6953	
3	1811	7024	7002	
3	6953	7002	7024	
3	1803	7024	7005	
3	1811	6958	7024	
3	1812	7005	6958	
3	7024	6958	7005	
3	1789	7006	6969	
3	1812	7025	7006	
3	1805	6969	7025	
3	7006	7025	6969	
3	1810	6988	7027	
3	1133	7026	6988	
3	1825	7027	7026	
3	6988	7026	7027	
3	1825	7028	7030	
3	1813	7029	7028	
3	1819	7030	7029	
3	7028	7029	7030	
3	1812	7008	7025	
3	1814	6955	7008	
3	1805	7025	6955	
3	7008	6955	7025	
3	1815	6997	7032	
3	1818	7031	6997	
3	1819	7032	7031	
3	6997	7031	7032	
3	1819	7033	7032	
3	1820	7034	7033	
3	1815	7032	7034	
3	7033	7034	7032	
3	1808	6993	7001	
3	1818	6996	6993	
3	1811	7001	6996	
3	6993	6996	7001	
3	1790	6970	7035	
3	1805	7009	6970	
3	1835	7035	7009	
3	6970	7009	7035	
3	1820	7021	7034	
3	1814	7007	7021	
3	1815	7034	7007	
3	7021	7007	7034	
3	1804	7036	7038	
3	1829	7037	7036	
3	1823	7038	7037	
3	7036	7037	7038	
3	1810	7039	7018	
3	1819	7040	7039	
3	1809	7018	7040	
3	7039	7040	7018	
3	1817	7041	7042	
3	1828	6980	7041	
3	1831	7042	6980	
3	7041	6980	7042	
3	1819	7031	7040	
3	1818	6995	7031	
3	1809	7040	6995	
3	7031	6995	7040	
3	1820	7033	7044	
3	1819	7043	7033	
3	1821	7044	7043	
3	7033	7043	7044	
3	1821	7043	7045	
3	1819	7029	7043	
3	1813	7045	7029	
3	7043	7029	7045	
3	1820	7044	7019	
3	1821	7046	7044	
3	1822	7019	7046	
3	7044	7046	7019	
3	1804	7038	7048	
3	1823	7047	7038	
3	1826	7048	7047	
3	7038	7047	7048	
3	1821	7049	7046	
3	1823	7050	7049	
3	1822	7046	7050	
3	7049	7050	7046	
3	1821	7051	7049	
3	1826	7047	7051	
3	1823	7049	7047	
3	7051	7047	7049	
3	1816	6956	7052	
3	1814	7020	6956	
3	1822	7052	7020	
3	6956	7020	7052	
3	1023	6961	7054	
3	1794	7053	6961	
3	1851	7054	7053	
3	6961	7053	7054	
3	1816	7052	7055	
3	1822	7050	7052	
3	1823	7055	7050	
3	7052	7050	7055	
3	1830	6978	7057	
3	1828	7056	6978	
3	1800	7057	7056	
3	6978	7056	7057	
3	1828	6989	7056	
3	1810	7017	6989	
3	1800	7056	7017	
3	6989	7017	7056	
3	1810	7027	7039	
3	1825	7030	7027	
3	1819	7039	7030	
3	7027	7030	7039	
3	1821	7045	7051	
3	1813	7058	7045	
3	1826	7051	7058	
3	7045	7058	7051	
3	1804	7059	7036	
3	1827	7060	7059	
3	1829	7036	7060	
3	7059	7060	7036	
3	1817	7061	7041	
3	1824	7022	7061	
3	1828	7041	7022	
3	7061	7022	7041	
3	1842	2722	7063	
3	1844	7062	2722	
3	1847	7063	7062	
3	2722	7062	7063	
3	1816	7055	7064	
3	1823	7037	7055	
3	1829	7064	7037	
3	7055	7037	7064	
3	1797	6983	6991	
3	1830	7057	6983	
3	1800	6991	7057	
3	6983	7057	6991	
3	1830	6982	6979	
3	1802	7065	6982	
3	1831	6979	7065	
3	6982	7065	6979	
3	1836	7066	6942	
3	1831	7065	7066	
3	1802	6942	7065	
3	7066	7065	6942	
3	1799	7067	7068	
3	1817	7042	7067	
3	1831	7068	7042	
3	7067	7042	7068	
3	1806	6929	7010	
3	1833	7069	6929	
3	1782	7010	7069	
3	6929	7069	7010	
3	1831	7066	7068	
3	1836	7070	7066	
3	1799	7068	7070	
3	7066	7070	7068	
3	1838	7071	7073	
3	1833	7072	7071	
3	1843	7073	7072	
3	7071	7072	7073	
3	1832	6977	7074	
3	1782	7069	6977	
3	1833	7074	7069	
3	6977	7069	7074	
3	1844	7004	7075	
3	1816	7064	7004	
3	1829	7075	7064	
3	7004	7064	7075	
3	4	7076	7078	
3	1841	7077	7076	
3	1849	7078	7077	
3	7076	7077	7078	
3	1794	6934	6971	
3	1790	7035	6934	
3	1835	6971	7035	
3	6934	7035	6971	
3	1837	7079	6946	
3	1802	6998	7079	
3	1796	6946	6998	
3	7079	6998	6946	
3	1846	7080	4271	
3	1799	7070	7080	
3	1836	4271	7070	
3	7080	7070	4271	
3	1838	7014	7071	
3	1832	7074	7014	
3	1833	7071	7074	
3	7014	7074	7071	
3	1802	7079	6940	
3	1837	7081	7079	
3	1839	6940	7081	
3	7079	7081	6940	
3	1843	7072	7082	
3	1833	6928	7072	
3	1807	7082	6928	
3	7072	6928	7082	
3	1839	7083	6941	
3	1840	4272	7083	
3	1836	6941	4272	
3	7083	4272	6941	
3	1837	7013	7081	
3	1838	7084	7013	
3	1839	7081	7084	
3	7013	7084	7081	
3	1840	7083	7085	
3	1839	7084	7083	
3	1838	7085	7084	
3	7083	7084	7085	
3	1845	7086	7087	
3	1838	7073	7086	
3	1843	7087	7073	
3	7086	7073	7087	
3	1846	7088	7090	
3	1850	7089	7088	
3	5	7090	7089	
3	7088	7089	7090	
3	1834	7091	7093	
3	1845	7092	7091	
3	1841	7093	7092	
3	7091	7092	7093	
3	1840	7085	7094	
3	1838	7086	7085	
3	1845	7094	7086	
3	7085	7086	7094	
3	1849	7077	7095	
3	1841	7092	7077	
3	1845	7095	7092	
3	7077	7092	7095	
3	1829	7096	7075	
3	1847	7062	7096	
3	1844	7075	7062	
3	7096	7062	7075	
3	1845	7087	7095	
3	1843	7097	7087	
3	1849	7095	7097	
3	7087	7097	7095	
3	1847	7096	7098	
3	1829	7060	7096	
3	1827	7098	7060	
3	7096	7060	7098	
3	1844	2721	6973	
3	1851	7053	2721	
3	1794	6973	7053	
3	2721	7053	6973	
3	1843	7082	7097	
3	1807	7012	7082	
3	1849	7097	7012	
3	7082	7012	7097	
3	1850	7099	7100	
3	1845	7091	7099	
3	1834	7100	7091	
3	7099	7091	7100	
3	1827	7101	7098	
3	7	7102	7101	
3	1847	7098	7102	
3	7101	7102	7098	
3	1850	7088	7103	
3	1846	4273	7088	
3	1840	7103	4273	
3	7088	4273	7103	
3	1842	7063	7104	
3	1847	7102	7063	
3	7	7104	7102	
3	7063	7102	7104	
3	1851	2723	7106	
3	1842	7105	2723	
3	1848	7106	7105	
3	2723	7105	7106	
3	1023	7054	7108	
3	1851	7107	7054	
3	6	7108	7107	
3	7054	7107	7108	
3	4	7078	7109	
3	1849	7011	7078	
3	941	7109	7011	
3	7078	7011	7109	
3	6	7107	7110	
3	1851	7106	7107	
3	1848	7110	7106	
3	7107	7106	7110	
3	1845	7099	7094	
3	1850	7103	7099	
3	1840	7094	7103	
3	7099	7103	7094	
CELL_TYPES 13632
5 5 5 5 5 5 5 5 5 5 5 5 5 5 5 5 5 5 5 5 5 5 5 5 5 5 5 5 5 5 5 5 5 5 5 5 5 5 5 5 5 5 5 5 5 5 5 5 5 5 5 5 5 5 5 5 5 5 5 5 5 5 5 5 5 5 5 5 5 5 5 5 5 5 5 5 5 5 5 5 5 5 5 5 5 5 5 5 5 5 5 5 5 5 5 5 5 5 5 5 5 5 5 5 5 5 5 5 5 5 5 5 5 5 5 5 5 5 5 5 5 5 5 5 5 5 5 5 5 5 5 5 5 5 5 5 5 5 5 5 5 5 5 5 5 5 5 5 5 5 5 5 5 5 5 5 5 5 5 5 5 5 5 5 5 5 5 5 5 5 5 5 5 5 5 5 5 5 5 5 5 5 5 5 5 5 5 5 5 5 5 5 5 5 5 5 5 5 5 5 5 5 5 5 5 5 5 5 5 5 5 5 5 5 5 5 5 5 5 5 5 5 5 5 5 5 5 5 5 5 5 5 5 5 5 5 5 5 5 5 5 5 5 5 5 5 5 5 5 5 5 5 5 5 5 5 5 5 5 5 5 5 5 5 5 5 5 5 5 5 5 5 5 5 5 5 5 5 5 5 5 5 5 5 5 5 5 5 5 5 5 5 5 5 5 5 5 5 5 5 5 5 5 5 5 5 5 5 5 5 5 5 5 5 5 5 5 5 5 5 5 5 5 5 5 5 5 5 5 5 5 5 5 5 5 5 5 5 5 5 5 5 5 5 5 5 5 5 5 5 5 5 5 5 5 5 5 5 5 5 5 5 5 5 5 5 5 5 5 5 5 5 5 5 5 5 5 5 5 5 5 5 5 5 5 5 5 5 5 5 5 5 5 5 5 5 5 5 5 5 5 5 5 5 5 5 5 5 5 5 5 5 5 5 5 5 5 5 5 5 5 5 5 5 5 5 5 5 5 5 5 5 5 5 5 5 5 5 5 5 5 5 5 5 5 5 5 5 5 5 5 5 5 5 5 5 5 5 5 5 5 5 5 5 5 5 5 5 5 5 5 5 5 5 5 5 5 5 5 5 5 5 5 5 5 5 5 5 5 5 5 5 5 5 5 5 5 5 5 5 5 5 5 5 5 5 5 5 5 5 5 5 5 5 5 5 5 5 5 5 5 5 5 5 5 5 5 5 5 5 5 5 5 5 5 5 5 5 5 5 5 5 5 5 5 5 5 5 5 5 5 5 5 5 5 5 5 5 5 5 5 5 5 5 5 5 5 5 5 5 5 5 5 5 5 5 5 5 5 5 5 5 5 5 5 5 5 5 5 5 5 5 5 5 5 5 5 5 5 5 5 5 5 5 5 5 5 5 5 5 5 5 5 5 5 5 5 5 5 5 5 5 5 5 5 5 5 5 5 5 5 5 5 5 5 5 5 5 5 5 5 5 5 5 5 5 5 5 5 5 5 5 5 5 5 5 5 5 5 5 5 5 5 5 5 5 5 5 5 5 5 5 5 5 5 5 5 5 5 5 5 5 5 5 5 5 5 5 5 5 5 5 5 5 5 5 5 5 5 5 5 5 5 5 5 5 5 5 5 5 5 5 5 5 5 5 5 5 5 5 5 5 5 5 5 5 5 5 5 5 5 5 5 5 5 5 5 5 5 5 5 5 5 5 5 5 5 5 5 5 5 5 5 5 5 5 5 5 5 5 5 5 5 5 5 5 5 5 5 5 5 5 5 5 5 5 5 5 5 5 5 5 5 5 5 5 5 5 5 5 5 5 5 5 5 5 5 5 5 5 5 5 5 5 5 5 5 5 5 5 5 5 5 5 5 5 5 5 5 5 5 5 5 5 5 5 5 5 5 5 5 5 5 5 5 5 5 5 5 5 5 5 5 5 5 5 5 5 5 5 5 5 5 5 5 5 5 5 5 5 5 5 5 5 5 5 5 5 5 5 5 5 5 5 5 5 5 5 5 5 5 5 5 5 5 5 5 5 5 5 5 5 5 5 5 5 5 5 5 5 5 5 5 5 5 5 5 5 5 5 5 5 5 5 5 5 5 5 5 5 5 5 5 5 5 5 5 5 5 5 5 5 5 5 5 5 5 5 5 5 5 5 5 5 5 5 5 5 5 5 5 5 5 5 5 5 5 5 5 5 5 5 5 5 5 5 5 5 5 5 5 5 5 5 5 5 5 5 5 5 5 5 5 5 5 5 5 5 5 5 5 5 5 5 5 5 5 5 5 5 5 5 5 5 5 5 5 5 5 5 5 5 5 5 5 5 5 5 5 5 5 5 5 5 5 5 5 5 5 5 5 5 5 5 5 5 5 5 5 5 5 5 5 5 5 5 5 5 5 5 5 5 5 5 5 5 5 5 5 5 5 5 5 5 5 5 5 5 5 5 5 5 5 5 5 5 5 5 5 5 5 5 5 5 5 5 5 5 5 5 5 5 5 5 5 5 5 5 5 5 5 5 5 5 5 5 5 5 5 5 5 5 5 5 5 5 5 5 5 5 5 5 5 5 5 5 5 5 5 5 5 5 5 5 5 5 5 5 5 5 5 5 5 5 5 5 5 5 5 5 5 5 5 5 5 5 5 5 5 5 5 5 5 5 5 5 5 5 5 5 5 5 5 5 5 5 5 5 5 5 5 5 5 5 5 5 5 5 5 5 5 5 5 5 5 5 5 5 5 5 5 5 5 5 5 5 5 5 5 5 5 5 5 5 5 5 5 5 5 5 5 5 5 5 5 5 5 5 5 5 5 5 5 5 5 5 5 5 5 5 5 5 5 5 5 5 5 5 5 5 5 5 5 5 5 5 5 5 5 5 5 5 5 5 5 5 5 5 5 5 5 5 5 5 5 5 5 5 5 5 5 5 5 5 5 5 5 5 5 5 5 5 5 5 5 5 5 5 5 5 5 5 5 5 5 5 5 5 5 5 5 5 5 5 5 5 5 5 5 5 5 5 5 5 5 5 5 5 5 5 5 5 5 5 5 5 5 5 5 5 5 5 5 5 5 5 5 5 5 5 5 5 5 5 5 5 5 5 5 5 5 5 5 5 5 5 5 5 5 5 5 5 5 5 5 5 5 5 5 5 5 5 5 5 5 5 5 5 5 5 5 5 5 5 5 5 5 5 5 5 5 5 5 5 5 5 5 5 5 5 5 5 5 5 5 5 5 5 5 5 5 5 5 5 5 5 5 5 5 5 5 5 5 5 5 5 5 5 5 5 5 5 5 5 5 5 5 5 5 5 5 5 5 5 5 5 5 5 5 5 5 5 5 5 5 5 5 5 5 5 5 5 5 5 5 5 5 5 5 5 5 5 5 5 5 5 5 5 5 5 5 5 5 5 5 5 5 5 5 5 5 5 5 5 5 5 5 5 5 5 5 5 5 5 5 5 5 5 5 5 5 5 5 5 5 5 5 5 5 5 5 5 5 5 5 5 5 5 5 5 5 5 5 5 5 5 5 5 5 5 5 5 5 5 5 5 5 5 5 5 5 5 5 5 5 5 5 5 5 5 5 5 5 5 5 5 5 5 5 5 5 5 5 5 5 5 5 5 5 5 5 5 5 5 5 5 5 5 5 5 5 5 5 5 5 5 5 5 5 5 5 5 5 5 5 5 5 5 5 5 5 5 5 5 5 5 5 5 5 5 5 5 5 5 5 5 5 5 5 5 5 5 5 5 5 5 5 5 5 5 5 5 5 5 5 5 5 5 5 5 5 5 5 5 5 5 5 5 5 5 5 5 5 5 5 5 5 5 5 5 5 5 5 5 5 5 5 5 5 5 5 5 5 5 5 5 5 5 5 5 5 5 5 5 5 5 5 5 5 5 5 5 5 5 5 5 5 5 5 5 5 5 5 5 5 5 5 5 5 5 5 5 5 5 5 5 5 5 5 5 5 5 5 5 5 5 5 5 5 5 5 5 5 5 5 5 5 5 5 5 5 5 5 5 5 5 5 5 5 5 5 5 5 5 5 5 5 5 5 5 5 5 5 5 5 5 5 5 5 5 5 5 5 5 5 5 5 5 5 5 5 5 5 5 5 5 5 5 5 5 5 5 5 5 5 5 5 5 5 5 5 5 5 5 5 5 5 5 5 5 5 5 5 5 5 5 5 5 5 5 5 5 5 5 5 5 5 5 5 5 5 5 5 5 5 5 5 5 5 5 5 5 5 5 5 5 5 5 5 5 5 5 5 5 5 5 5 5 5 5 5 5 5 5 5 5 5 5 5 5 5 5 5 5 5 5 5 5 5 5 5 5 5 5 5 5 5 5 5 5 5 5 5 5 5 5 5 5 5 5 5 5 5 5 5 5 5 5 5 5 5 5 5 5 5 5 5 5 5 5 5 5 5 5 5 5 5 5 5 5 5 5 5 5 5 5 5 5 5 5 5 5 5 5 5 5 5 5 5 5 5 5 5 5 5 5 5 5 5 5 5 5 5 5 5 5 5 5 5 5 5 5 5 5 5 5 5 5 5 5 5 5 5 5 5 5 5 5 5 5 5 5 5 5 5 5 5 5 5 5 5 5 5 5 5 5 5 5 5 5 5 5 5 5 5 5 5 5 5 5 5 5 5 5 5 5 5 5 5 5 5 5 5 5 5 5 5 5 5 5 5 5 5 5 5 5 5 5 5 5 5 5 5 5 5 5 5 5 5 5 5 5 5 5 5 5 5 5 5 5 5 5 5 5 5 5 5 5 5 5 5 5 5 5 5 5 5 5 5 5 5 5 5 5 5 5 5 5 5 5 5 5 5 5 5 5 5 5 5 5 5 5 5 5 5 5 5 5 5 5 5 5 5 5 5 5 5 5 5 5 5 5 5 5 5 5 5 5 5 5 5 5 5 5 5 5 5 5 5 5 5 5 5 5 5 5 5 5 5 5 5 5 5 5 5 5 5 5 5 5 5 5 5 5 5 5 5 5 5 5 5 5 5 5 5 5 5 5 5 5 5 5 5 5 5 5 5 5 5 5 5 5 5 5 5 5 5 5 5 5 5 5 5 5 5 5 5 5 5 5 5 5 5 5 5 5 5 5 5 5 5 5 5 5 5 5 5 5 5 5 5 5 5 5 5 5 5 5 5 5 5 5 5 5 5 5 5 5 5 5 5 5 5 5 5 5 5 5 5 5 5 5 5 5 5 5 5 5 5 5 5 5 5 5 5 5 5 5 5 5 5 5 5 5 5 5 5 5 5 5 5 5 5 5 5 5 5 5 5 5 5 5 5 5 5 5 5 5 5 5 5 5 5 5 5 5 5 5 5 5 5 5 5 5 5 5 5 5 5 5 5 5 5 5 5 5 5 5 5 5 5 5 5 5 5 5 5 5 5 5 5 5 5 5 5 5 5 5 5 5 5 5 5 5 5 5 5 5 5 5 5 5 5 5 5 5 5 5 5 5 5 5 5 5 5 5 5 5 5 5 5 5 5 5 5 5 5 5 5 5 5 5 5 5 5 5 5 5 5 5 5 5 5 5 5 5 5 5 5 5 5 5 5 5 5 5 5 5 5 5 5 5 5 5 5 5 5 5 5 5 5 5 5 5 5 5 5 5 5 5 5 5 5 5 5 5 5 5 5 5 5 5 5 5 5 5 5 5 5 5 5 5 5 5 5 5 5 5 5 5 5 5 5 5 5 5 5 5 5 5 5 5 5 5 5 5 5 5 5 5 5 5 5 5 5 5 5 5 5 5 5 5 5 5 5 5 5 5 5 5 5 5 5 5 5 5 5 5 5 5 5 5 5 5 5 5 5 5 5 5 5 5 5 5 5 5 5 5 5 5 5 5 5 5 5 5 5 5 5 5 5 5 5 5 5 5 5 5 5 5 5 5 5 5 5 5 5 5 5 5 5 5 5 5 5 5 5 5 5 5 5 5 5 5 5 5 5 5 5 5 5 5 5 5 5 5 5 5 5 5 5 5 5 5 5 5 5 5 5 5 5 5 5 5 5 5 5 5 5 5 5 5 5 5 5 5 5 5 5 5 5 5 5 5 5 5 5 5 5 5 5 5 5 5 5 5 5 5 5 5 5 5 5 5 5 5 5 5 5 5 5 5 5 5 5 5 5 5 5 5 5 5 5 5 5 5 5 5 5 5 5 5 5 5 5 5 5 5 5 5 5 5 5 5 5 5 5 5 5 5 5 5 5 5 5 5 5 5 5 5 5 5 5 5 5 5 5 5 5 5 5 5 5 5 5 5 5 5 5 5 5 5 5 5 5 5 5 5 5 5 5 5 5 5 5 5 5 5 5 5 5 5 5 5 5 5 5 5 5 5 5 5 5 5 5 5 5 5 5 5 5 5 5 5 5 5 5 5 5 5 5 5 5 5 5 5 5 5 5 5 5 5 5 5 5 5 5 5 5 5 5 5 5 5 5 5 5 5 5 5 5 5 5 5 5 5 5 5 5 5 5 5 5 5 5 5 5 5 5 5 5 5 5 5 5 5 5 5 5 5 5 5 5 5 5 5 5 5 5 5 5 5 5 5 5 5 5 5 5 5 5 5 5 5 5 5 5 5 5 5 5 5 5 5 5 5 5 5 5 5 5 5 5 5 5 5 5 5 5 5 5 5 5 5 5 5 5 5 5 5 5 5 5 5 5 5 5 5 5 5 5 5 5 5 5 5 5 5 5 5 5 5 5 5 5 5 5 5 5 5 5 5 5 5 5 5 5 5 5 5 5 5 5 5 5 5 5 5 5 5 5 5 5 5 5 5 5 5 5 5 5 5 5 5 5 5 5 5 5 5 5 5 5 5 5 5 5 5 5 5 5 5 5 5 5 5 5 5 5 5 5 5 5 5 5 5 5 5 5 5 5 5 5 5 5 5 5 5 5 5 5 5 5 5 5 5 5 5 5 5 5 5 5 5 5 5 5 5 5 5 5 5 5 5 5 5 5 5 5 5 5 5 5 5 5 5 5 5 5 5 5 5 5 5 5 5 5 5 5 5 5 5 5 5 5 5 5 5 5 5 5 5 5 5 5 5 5 5 5 5 5 5 5 5 5 5 5 5 5 5 5 5 5 5 5 5 5 5 5 5 5 5 5 5 5 5 5 5 5 5 5 5 5 5 5 5 5 5 5 5 5 5 5 5 5 5 5 5 5 5 5 5 5 5 5 5 5 5 5 5 5 5 5 5 5 5 5 5 5 5 5 5 5 5 5 5 5 5 5 5 5 5 5 5 5 5 5 5 5 5 5 5 5 5 5 5 5 5 5 5 5 5 5 5 5 5 5 5 5 5 5 5 5 5 5 5 5 5 5 5 5 5 5 5 5 5 5 5 5 5 5 5 5 5 5 5 5 5 5 5 5 5 5 5 5 5 5 5 5 5 5 5 5 5 5 5 5 5 5 5 5 5 5 5 5 5 5 5 5 5 5 5 5 5 5 5 5 5 5 5 5 5 5 5 5 5 5 5 5 5 5 5 5 5 5 5 5 5 5 5 5 5 5 5 5 5 5 5 5 5 5 5 5 5 5 5 5 5 5 5 5 5 5 5 5 5 5 5 5 5 5 5 5 5 5 5 5 5 5 5 5 5 5 5 5 5 5 5 5 5 5 5 5 5 5 5 5 5 5 5 5 5 5 5 5 5 5 5 5 5 5 5 5 5 5 5 5 5 5 5 5 5 5 5 5 5 5 5 5 5 5 5 5 5 5 5 5 5 5 5 5 5 5 5 5 5 5 5 5 5 5 5 5 5 5 5 5 5 5 5 5 5 5 5 5 5 5 5 5 5 5 5 5 5 5 5 5 5 5 5 5 5 5 5 5 5 5 5 5 5 5 5 5 5 5 5 5 5 5 5 5 5 5 5 5 5 5 5 5 5 5 5 5 5 5 5 5 5 5 5 5 5 5 5 5 5 5 5 5 5 5 5 5 5 5 5 5 5 5 5 5 5 5 5 5 5 5 5 5 5 5 5 5 5 5 5 5 5 5 5 5 5 5 5 5 5 5 5 5 5 5 5 5 5 5 5 5 5 5 5 5 5 5 5 5 5 5 5 5 5 5 5 5 5 5 5 5 5 5 5 5 5 5 5 5 5 5 5 5 5 5 5 5 5 5 5 5 5 5 5 5 5 5 5 5 5 5 5 5 5 5 5 5 5 5 5 5 5 5 5 5 5 5 5 5 5 5 5 5 5 5 5 5 5 5 5 5 5 5 5 5 5 5 5 5 5 5 5 5 5 5 5 5 5 5 5 5 5 5 5 5 5 5 5 5 5 5 5 5 5 5 5 5 5 5 5 5 5 5 5 5 5 5 5 5 5 5 5 5 5 5 5 5 5 5 5 5 5 5 5 5 5 5 5 5 5 5 5 5 5 5 5 5 5 5 5 5 5 5 5 5 5 5 5 5 5 5 5 5 5 5 5 5 5 5 5 5 5 5 5 5 5 5 5 5 5 5 5 5 5 5 5 5 5 5 5 5 5 5 5 5 5 5 5 5 5 5 5 5 5 5 5 5 5 5 5 5 5 5 5 5 5 5 5 5 5 5 5 5 5 5 5 5 5 5 5 5 5 5 5 5 5 5 5 5 5 5 5 5 5 5 5 5 5 5 5 5 5 5 5 5 5 5 5 5 5 5 5 5 5 5 5 5 5 5 5 5 5 5 5 5 5 5 5 5 5 5 5 5 5 5 5 5 5 5 5 5 5 5 5 5 5 5 5 5 5 5 5 5 5 5 5 5 5 5 5 5 5 5 5 5 5 5 5 5 5 5 5 5 5 5 5 5 5 5 5 5 5 5 5 5 5 5 5 5 5 5 5 5 5 5 5 5 5 5 5 5 5 5 5 5 5 5 5 5 5 5 5 5 5 5 5 5 5 5 5 5 5 5 5 5 5 5 5 5 5 5 5 5 5 5 5 5 5 5 5 5 5 5 5 5 5 5 5 5 5 5 5 5 5 5 5 5 5 5 5 5 5 5 5 5 5 5 5 5 5 5 5 5 5 5 5 5 5 5 5 5 5 5 5 5 5 5 5 5 5 5 5 5 5 5 5 5 5 5 5 5 5 5 5 5 5 5 5 5 5 5 5 5 5 5 5 5 5 5 5 5 5 5 5 5 5 5 5 5 5 5 5 5 5 5 5 5 5 5 5 5 5 5 5 5 5 5 5 5 5 5 5 5 5 5 5 5 5 5 5 5 5 5 5 5 5 5 5 5 5 5 5 5 5 5 5 5 5 5 5 5 5 5 5 5 5 5 5 5 5 5 5 5 5 5 5 5 5 5 5 5 5 5 5 5 5 5 5 5 5 5 5 5 5 5 5 5 5 5 5 5 5 5 5 5 5 5 5 5 5 5 5 5 5 5 5 5 5 5 5 5 5 5 5 5 5 5 5 5 5 5 5 5 5 5 5 5 5 5 5 5 5 5 5 5 5 5 5 5 5 5 5 5 5 5 5 5 5 5 5 5 5 5 5 5 5 5 5 5 5 5 5 5 5 5 5 5 5 5 5 5 5 5 5 5 5 5 5 5 5 5 5 5 5 5 5 5 5 5 5 5 5 5 5 5 5 5 5 5 5 5 5 5 5 5 5 5 5 5 5 5 5 5 5 5 5 5 5 5 5 5 5 5 5 5 5 5 5 5 5 5 5 5 5 5 5 5 5 5 5 5 5 5 5 5 5 5 5 5 5 5 5 5 5 5 5 5 5 5 5 5 5 5 5 5 5 5 5 5 5 5 5 5 5 5 5 5 5 5 5 5 5 5 5 5 5 5 5 5 5 5 5 5 5 5 5 5 5 5 5 5 5 5 5 5 5 5 5 5 5 5 5 5 5 5 5 5 5 5 5 5 5 5 5 5 5 5 5 5 5 5 5 5 5 5 5 5 5 5 5 5 5 5 5 5 5 5 5 5 5 5 5 5 5 5 5 5 5 5 5 5 5 5 5 5 5 5 5 5 5 5 5 5 5 5 5 5 5 5 5 5 5 5 5 5 5 5 5 5 5 5 5 5 5 5 5 5 5 5 5 5 5 5 5 5 5 5 5 5 5 5 5 5 5 5 5 5 5 5 5 5 5 5 5 5 5 5 5 5 5 5 5 5 5 5 5 5 5 5 5 5 5 5 5 5 5 5 5 5 5 5 5 5 5 5 5 5 5 5 5 5 5 5 5 5 5 5 5 5 5 5 5 5 5 5 5 5 5 5 5 5 5 5 5 5 5 5 5 5 5 5 5 5 5 5 5 5 5 5 5 5 5 5 5 5 5 5 5 5 5 5 5 5 5 5 5 5 5 5 5 5 5 5 5 5 5 5 5 5 5 5 5 5 5 5 5 5 5 5 5 5 5 5 5 5 5 5 5 5 5 5 5 5 5 5 5 5 5 5 5 5 5 5 5 5 5 5 5 5 5 5 5 5 5 5 5 5 5 5 5 5 5 5 5 5 5 5 5 5 5 5 5 5 5 5 5 5 5 5 5 5 5 5 5 5 5 5 5 5 5 5 5 5 5 5 5 5 5 5 5 5 5 5 5 5 5 5 5 5 5 5 5 5 5 5 5 5 5 5 5 5 5 5 5 5 5 5 5 5 5 5 5 5 5 5 5 5 5 5 5 5 5 5 5 5 5 5 5 5 5 5 5 5 5 5 5 5 5 5 5 5 5 5 5 5 5 5 5 5 5 5 5 5 5 5 5 5 5 5 5 5 5 5 5 5 5 5 5 5 5 5 5 5 5 5 5 5 5 5 5 5 5 5 5 5 5 5 5 5 5 5 5 5 5 5 5 5 5 5 5 5 5 5 5 5 5 5 5 5 5 5 5 5 5 5 5 5 5 5 5 5 5 5 5 5 5 5 5 5 5 5 5 5 5 5 5 5 5 5 5 5 5 5 5 5 5 5 5 5 5 5 5 5 5 5 5 5 5 5 5 5 5 5 5 5 5 5 5 5 5 5 5 5 5 5 5 5 5 5 5 5 5 5 5 5 5 5 5 5 5 5 5 5 5 5 5 5 5 5 5 5 5 5 5 5 5 5 5 5 5 5 5 5 5 5 5 5 5 5 5 5 5 5 5 5 5 5 5 5 5 5 5 5 5 5 5 5 5 5 5 5 5 5 5 5 5 5 5 5 5 5 5 5 5 5 5 5 5 5 5 5 5 5 5 5 5 5 5 5 5 5 5 5 5 5 5 5 5 5 5 5 5 5 5 5 5 5 5 5 5 5 5 5 5 5 5 5 5 5 5 5 5 5 5 5 5 5 5 5 5 5 5 5 5 5 5 5 5 5 5 5 5 5 5 5 5 5 5 5 5 5 5 5 5 5 5 5 5 5 5 5 5 5 5 5 5 5 5 5 5 5 5 5 5 5 5 5 5 5 5 5 5 5 5 5 5 5 5 5 5 5 5 5 5 5 5 5 5 5 5 5 5 5 5 5 5 5 5 5 5 5 5 5 5 5 5 5 5 5 5 5 5 5 5 5 5 5 5 5 5 5 5 5 5 5 5 5 5 5 5 5 5 5 5 5 5 5 5 5 5 5 5 5 5 5 5 5 5 5 5 5 5 5 5 5 5 5 5 5 5 5 5 5 5 5 5 5 5 5 5 5 5 5 5 5 5 5 5 5 5 5 5 5 5 5 5 5 5 5 5 5 5 5 5 5 5 5 5 5 5 5 5 5 5 5 5 5 5 5 5 5 5 5 5 5 5 5 5 5 5 5 5 5 5 5 5 5 5 5 5 5 5 5 5 5 5 5 5 5 5 5 5 5 5 5 5 5 5 5 5 5 5 5 5 5 5 5 5 5 5 5 5 5 5 5 5 5 5 5 5 5 5 5 5 5 5 5 5 5 5 5 5 5 5 5 5 5 5 5 5 5 5 5 5 5 5 5 5 5 5 5 5 5 5 5 5 5 5 5 5 5 5 5 5 5 5 5 5 5 5 5 5 5 5 5 5 5 5 5 5 5 5 5 5 5 5 5 5 5 5 5 5 5 5 5 5 5 5 5 5 5 5 5 5 5 5 5 5 5 5 5 5 5 5 5 5 5 5 5 5 5 5 5 5 5 5 5 5 5 5 5 5 5 5 5 5 5 5 5 5 5 5 5 5 5 5 5 5 5 5 5 5 5 5 5 5 5 5 5 5 5 5 5 5 5 5 5 5 5 5 5 5 5 5 5 5 5 5 5 5 5 5 5 5 5 5 5 5 5 5 5 5 5 5 5 5 5 5 5 5 5 5 5 5 5 5 5 5 5 5 5 5 5 5 5 5 5 5 5 5 5 5 5 5 5 5 5 5 5 5 5 5 5 5 5 5 5 5 5 5 5 5 5 5 5 5 5 5 5 5 5 5 5 5 5 5 5 5 5 5 5 5 5 5 5 5 5 5 5 5 5 5 5 5 5 5 5 5 5 5 5 5 5 5 5 5 5 5 5 5 5 5 5 5 5 5 5 5 5 5 5 5 5 5 5 5 5 5 5 5 5 5 5 5 5 5 5 5 5 5 5 5 5 5 5 5 5 5 5 5 5 5 5 5 5 5 5 5 5 5 5 5 5 5 5 5 5 5 5 5 5 5 5 5 5 5 5 5 5 5 5 5 5 5 5 5 5 5 5 5 5 5 5 5 5 5 5 5 5 5 5 5 5 5 5 5 5 5 5 5 5 5 5 5 5 5 5 5 5 5 5 5 5 5 5 5 5 5 5 5 5 5 5 5 5 5 5 5 5 5 5 5 5 5 5 5 5 5 5 5 5 5 5 5 5 5 5 5 5 5 5 5 5 5 5 5 5 5 5 5 5 5 5 5 5 5 5 5 5 5 5 5 5 5 5 5 5 5 5 5 5 5 5 5 5 5 5 5 5 5 5 5 5 5 5 5 5 5 5 5 5 5 5 5 5 5 5 5 5 5 5 5 5 5 5 5 5 5 5 5 5 5 5 5 5 5 5 5 5 5 5 5 5 5 5 5 5 5 5 5 5 5 5 5 5 5 5 5 5 5 5 5 5 5 5 5 5 5 5 5 5 5 5 5 5 5 5 5 5 5 5 5 5 5 5 5 5 5 5 5 5 5 5 5 5 5 5 5 5 5 5 5 5 5 5 5 5 5 5 5 5 5 5 5 5 5 5 5 5 5 5 5 5 5 5 5 5 5 5 5 5 5 5 5 5 5 5 5 5 5 5 5 5 5 5 5 5 5 5 5 5 5 5 5 5 5 5 5 5 5 5 5 5 5 5 5 5 5 5 5 5 5 5 5 5 5 5 5 5 5 5 5 5 5 5 5 5 5 5 5 5 5 5 5 5 5 5 5 5 5 5 5 5 5 5 5 5 5 5 5 5 5 5 5 5 5 5 5 5 5 5 5 5 5 5 5 5 5 5 5 5 5 5 5 5 5 5 5 5 5 5 5 5 5 5 5 5 5 5 5 5 5 5 5 5 5 5 5 5 5 5 5 5 5 5 5 5 5 5 5 5 5 5 5 5 5 5 5 5 5 5 5 5 5 5 5 5 5 5 5 5 5 5 5 5 5 5 5 5 5 5 5 5 5 5 5 5 5 5 5 5 5 5 5 5 5 5 5 5 5 5 5 5 5 5 5 5 5 5 5 5 5 5 5 5 5 5 5 5 5 5 5 5 5 5 5 5 5 5 5 5 5 5 5 5 5 5 5 5 5 5 5 5 5 5 5 5 5 5 5 5 5 5 5 5 5 5 5 5 5 5 5 5 5 5 5 5 5 5 5 5 5 5 5 5 5 5 5 5 5 5 5 5 5 5 5 5 5 5 5 5 5 5 5 5 5 5 5 5 5 5 5 5 5 5 5 5 5 5 5 5 5 5 5 5 5 5 5 5 5 5 5 5 5 5 5 5 5 5 5 5 5 5 5 5 5 5 5 5 5 5 5 5 5 5 5 5 5 5 5 5 5 5 5 5 5 5 5 5 5 5 5 5 5 5 5 5 5 5 5 5 5 5 5 5 5 5 5 5 5 5 5 5 5 5 5 5 5 5 5 5 5 5 5 5 5 5 5 5 5 5 5 5 5 5 5 5 5 5 5 5 5 5 5 5 5 5 5 5 5 5 5 5 5 5 5 5 5 5 5 5 5 5 5 5 5 5 5 5 5 5 5 5 5 5 5 5 5 5 5 5 5 5 5 5 5 5 5 5 5 5 5 5 5 5 5 5 5 5 5 5 5 5 5 5 5 5 5 5 5 5 5 5 5 5 5 5 5 5 5 5 5 5 5 5 5 5 5 5 5 5 5 5 5 5 5 5 5 5 5 5 5 5 5 5 5 5 5 5 5 5 5 5 5 5 5 5 5 5 5 5 5 5 5 5 5 5 5 5 5 5 5 5 5 5 5 5 5 5 5 5 5 5 5 5 5 5 5 5 5 5 5 5 5 5 5 5 5 5 5 5 5 5 5 5 5 5 5 5 5 5 5 5 5 5 5 5 5 5 5 5 5 5 5 5 5 5 5 5 5 5 5 5 5 5 5 5 5 5 5 5 5 5 5 5 5 5 5 5 5 5 5 5 5 5 5 5 5 5 5 5 5 5 5 5 5 5 5 5 5 5 5 5 5 5 5 5 5 5 5 5 5 5 5 5 5 5 5 5 5 5 5 5 5 5 5 5 5 5 5 5 5 5 5 5 5 5 5 5 5 5 5 5 5 5 5 5 5 5 5 5 5 5 5 5 5 5 5 5 5 5 5 5 5 5 5 5 5 5 5 5 5 5 5 5 5 5 5 5 5 5 5 5 5 5 5 5 5 5 5 5 5 5 5 5 5 5 5 5 5 5 5 5 5 5 5 5 5 5 5 5 5 5 5 5 5 5 5 5 5 5 5 5 5 5 5 5 5 5 5 5 5 5 5 5 5 5 5 5 5 5 5 5 5 5 5 5 5 5 5 5 5 5 5 5 5 5 5 5 5 5 5 5 5 5 5 5 5 5 5 5 5 5 5 5 5 5 5 5 5 5 5 5 5 5 5 5 5 5 5 5 5 5 5 5 5 5 5 5 5 5 5 5 5 5 5 5 5 5 5 5 5 5 5 5 5 5 5 5 5 5 5 5 5 5 5 5 5 5 5 5 5 5 5 5 5 5 5 5 5 5 5 5 5 5 5 5 5 5 5 5 5 5 5 5 5 5 5 5 5 5 5 5 5 5 5 5 5 5 5 5 5 5 5 5 5 5 5 5 5 5 5 5 5 5 5 5 5 5 5 5 5 5 5 5 5 5 5 5 5 5 5 5 5 5 5 5 5 5 5 5 5 5 5 5 5 5 5 5 5 5 5 5 5 5 5 5 5 5 5 5 5 5 5 5 5 5 5 5 5 5 5 5 5 5 5 5 5 5 5 5 5 5 5 5 5 5 5 5 5 5 5 5 5 5 5 5 5 5 5 5 5 5 5 5 5 5 5 5 5 5 5 5 5 5 5 5 5 5 5 5 5 5 5 5 5 5 5 5 5 5 5 5 5 5 5 5 5 5 5 5 5 5 5 5 5 5 5 5 5 5 5 5 5 5 5 5 5 5 5 5 5 5 5 5 5 5 5 5 5 5 5 5 5 5 5 5 5 5 5 5 5 5 5 5 5 5 5 5 5 5 5 5 5 5 5 5 5 5 5 5 5 5 5 5 5 5 5 5 5 5 5 5 5 5 5 5 5 5 5 5 5 5 5 5 5 5 5 5 5 5 5 5 5 5 5 5 5 5 5 5 5 5 5 5 5 5 5 5 5 5 5 5 5 5 5 5 5 5 5 5 5 5 5 5 5 5 5 5 5 5 5 5 5 5 5 5 5 5 5 5 5 5 5 5 5 5 5 5 5 5 5 5 5 5 5 5 5 5 5 5 5 5 5 5 5 5 5 5 5 5 5 5 5 5 5 5 5 5 5 5 5 5 5 5 5 5 5 5 5 5 5 5 5 5 5 5 5 5 5 5 5 5 5 5 5 5 5 5 5 5 5 5 5 5 5 5 5 5 5 5 5 5 5 5 5 5 5 5 5 5 5 5 5 5 5 5 5 5 5 5 5 5 5 5 5 5 5 5 5 5 5 5 5 5 5 5 5 5 5 5 5 5 5 5 5 5 5 5 5 5 5 5 5 5 5 5 5 5 5 5 5 5 5 5 5 5 5 5 5 5 5 5 5 5 5 5 5 5 5 5 5 5 5 5 5 5 5 5 5 5 5 5 5 5 5 5 5 5 5 5 5 5 5 5 5 5 5 5 5 5 5 5 5 5 5 5 5 5 5 5 5 5 5 5 5 5 5 5 5 5 5 5 5 5 5 5 5 5 5 5 5 5 5 5 5 5 5 5 5 5 5 5 5 5 5 5 5 5 5 5 5 5 5 5 5 5 5 5 5 5 5 5 5 5 5 5 5 5 5 5 5 5 5 5 5 5 5 5 5 5 5 5 5 5 5 5 5 5 5 5 5 5 5 5 5 5 5 5 5 5 5 5 5 5 5 5 5 5 5 5 5 5 5 5 5 5 5 5 5 5 5 5 5 5 5 5 5 5 5 5 5 5 5 5 5 5 5 5 5 5 5 5 5 5 5 5 5 5 5 5 5 5 5 5 5 5 5 5 5 5 5 5 5 5 5 5 5 5 5 5 5 5 5 5 5 5 5 5 5 5 5 5 5 5 5 5 5 5 5 5 5 5 5 5 5 5 5 5 5 5 5 5 5 5 5 5 5 5 5 5 5 5 5 5 5 5 5 5 5 5 5 5 5 5 5 5 5 5 5 5 5 5 5 5 5 5 5 5 5 5 5 5 5 5 5 5 5 5 5 5 5 5 5 5 5 5 5 5 5 5 5 5 5 5 5 5 5 5 5 5 5 5 5 5 5 5 5 5 5 5 5 5 5 5 5 5 5 5 5 5 5 5 5 5 5 5 5 5 5 5 5 5 5 5 5 5 5 5 5 5 5 5 5 5 5 5 5 5 5 5 5 5 5 5 5 5 5 5 5 5 5 5 5 5 5 5 5 5 5 5 5 5 5 5 5 5 5 5 5 5 5 5 5 5 5 5 5 5 5 5 5 5 5 5 5 5 5 5 5 5 5 5 5 5 5 5 5 5 5 5 5 5 5 5 5 5 5 5 5 5 5 5 5 5 5 5 5 5 5 5 5 5 5 5 5 5 5 5 5 5 5 5 5 5 5 5 5 5 5 5 5 5 5 5 5 5 5 5 5 5 5 5 5 5 5 5 5 5 5 5 5 5 5 5 5 5 5 5 5 5 5 5 5 5 5 5 5 5 5 5 5 5 5 5 5 5 5 5 5 5 5 5 5 5 5 5 5 5 5 5 5 5 5 5 5 5 5 5 5 5 5 5 5 5 5 5 5 5 5 5 5 5 5 5 5 5 5 5 5 5 5 5 5 5 5 5 5 5 5 5 5 5 5 5 5 5 5 5 5 5 5 5 5 5 5 5 5 5 5 5 5 5 5 5 5 5 5 5 5 5 5 5 5 5 5 5 5 5 5 5 5 5 5 5 5 5 5 5 5 5 5 5 5 5 5 5 5 5 5 5 5 5 5 5 5 5 5 5 5 5 5 5 5 5 5 5 5 5 5 5 5 5 5 5 5 5 5 5 5 5 5 5 5 5 5 5 5 5 5 5 5 5 5 5 5 5 5 5 5 5 5 5 5 5 5 5 5 5 5 5 5 5 5 5 5 5 5 5 5 5 5 5 5 5 5 5 5 5 5 5 5 5 5 5 5 5 5 5 5 5 5 5 5 5 5 5 5 5 5 5 5 5 5 5 5 5 5 5 5 5 5 5 5 5 5 5 5 5 5 5 5 5 5 5 5 5 5 5 5 5 5 5 5 5 5 5 5 5 5 5 5 5 5 5 5 5 5 5 5 5 5 5 5 5 5 5 5 5 5 5 5 5 5 5 5 5 5 5 5 5 5 5 5 5 5 5 5 5 5 5 5 5 5 5 5 5 5 5 5 5 5 5 5 5 5 5 5 5 5 5 5 5 5 5 5 5 5 5 5 5 5 5 5 5 5 5 5 5 5 5 5 5 5 5 5 5 5 5 5 5 5 5 5 5 5 5 5 5 5 5 5 5 5 5 5 5 5 5 5 5 5 5 5 5 5 5 5 5 5 5 5 5 5 5 5 5 5 5 5 5 5 5 5 5 5 5 5 5 5 5 5 5 5 5 5 5 5 5 5 5 5 5 5 5 5 5 5 5 5 5 5 5 5 5 5 5 5 5 5 5 5 5 5 5 5 5 5 5 5 5 5 5 5 5 5 5 5 5 5 5 5 5 5 5 5 5 5 5 5 5 5 5 5 5 5 5 5 5 5 5 5 5 5 5 5 5 5 5 5 5 5 5 5 5 5 5 5 5 5 5 5 5 5 5 5 5 5 5 5 5 5 5 5 5 5 5 5 5 5 5 5 5 5 5 5 5 5 5 5 5 5 5 5 5 5 5 5 5 5 5 5 5 5 5 5 5 5 5 5 5 5 5 5 5 5 5 5 5 5 5 5 5 5 5 5 5 5 5 5 5 5 5 5 5 5 5 5 5 5 5 5 5 5 5 5 5 5 5 5 5 5 5 5 5 5 5 5 5 5 5 5 5 5 5 5 5 5 5 5 5 5 5 5 5 5 5 5 5 5 5 5 5 5 5 5 5 5 5 5 5 5 5 5 5 5 5 5 5 5 5 5 5 5 5 5 5 5 5 5 5 5 5 5 5 5 5 5 5 5 5 5 5 5 5 5 5 5 5 5 5 5 5 5 5 5 5 5 5 5 5 5 5 5 5 5 5 5 5 5 5 5 5 5 5 5 5 5 5 5 5 5 5 5 5 5 5 5 5 5 5 5 5 5 5 5 5 5 5 5 5 5 5 5 5 5 5 5 5 5 5 5 5 5 5 5 5 5 5 5 5 5 5 5 5 5 5 5 5 5 5 5 5 5 5 5 5 5 5 5 5 5 5 5 5 5 5 5 5 5 5 5 5 5 5 5 5 5 5 5 5 5 5 5 5 5 5 5 5 5 5 5 5 5 5 5 5 5 5 5 5 5 5 5 5 5 5 5 5 5 5 5 5 5 5 5 5 5 5 5 5 5 5 5 5 5 5 5 5 5 5 5 5 5 5 5 5 5 5 5 5 5 5 5 5 5 5 5 5 5 5 5 5 5 5 5 5 5 5 5 5 5 5 5 5 5 5 5 5 5 5 5 5 5 5 5 5 5 5 5 5 5 5 5 5 5 5 5 5 5 5 5 5 5 5 5 5 5 5 5 5 5 5 5 5 5 5 5 5 5 5 5 5 5 5 5 5 5 5 5 5 5 5 5 5 5 5 5 5 5 5 5 5 5 5 5 5 5 5 5 5 5 5 5 5 5 5 5 5 5 5 5 5 5 5 5 5 5 5 5 5 5 5 5 5 5 5 5 5 5 5 5 5 5 5 5 5 5 5 5 5 5 5 5 5 5 5 5 5 5 5 5 5 5 5 5 5 5 5 5 5 5 5 5 5 5 5 5 5 5 5 5 5 5 5 5 5 5 5 5 5 5 5 5 5 5 5 5 5 5 5 5 5 5 5 5 5 5 5 5 5 5 5 5 5 5 5 5 5 5 5 5 5 5 5 5 5 5 5 5 5 5 5 5 5 5 5 5 5 5 5 5 5 5 5 5 5 5 5 5 5 5 5 5 5 5 5 5 5 5 5 5 5 5 5 5 5 5 5 5 5 5 5 5 5 5 5 5 5 5 5 5 5 5 5 5 5 5 5 5 5 5 5 5 5 5 5 5 5 5 5 5 5 5 5 5 5 5 5 5 5 5 5 5 5 5 5 5 5 5 5 5 5 5 5 5 5 5 5 5 5 5 5 5 5 5 5 5 5 5 5 5 5 5 5 5 5 5 5 5 5 5 5 5 5 5 5 5 5 5 5 5 5 5 5 5 5 5 5 5 5 5 5 5 5 5 5 5 5 5 5 5 5 5 5 5 5 5 5 5 5 5 5 5 5 5 5 5 5 5 5 5 5 5 5 5 5 5 5 5 5 5 5 5 5 5 5 5 5 5 5 5 5 5 5 5 5 5 5 5 5 5 5 5 5 5 5 5 5 5 5 5 5 5 5 5 5 5 5 5 5 5 5 5 5 5 5 5 5 5 5 5 5 5 5 5 5 5 5 5 5 5 5 5 5 5 5 5 5 5 5 5 5 5 5 5 5 5 5 5 5 5 5 5 5 5 5 5 5 5 5 5 5 5 5 5 5 5 5 5 5 5 5 5 5 5 5 5 5 5 5 5 5 5 5 5 5 5 5 5 5 5 5 5 5 5 5 5 5 5 5 5 5 5 5 5 5 5 5 5 5 5 5 5 5 5 5 5 5 5 5 5 5 5 5 5 5 5 5 5 5 5 5 5 5 5 5 5 5 5 5 5 5 5 5 5 5 5 5 5 5 5 5 5 5 5 5 5 5 5 5 5 5 5 5 5 5 5 5 5 5 5 5 5 5 5 5 5 5 5 5 5 5 5 5 5 5 5 5 5 5 5 5 5 5 5 5 5 5 5 5 5 5 5 5 5 5 5 5 5 5 5 5 5 5 5 5 5 5 5 5 5 5 5 5 5 5 5 5 5 5 5 5 5 5 5 5 5 5 5 5 5 5 5 5 5 5 5 5 5 5 5 5 5 5 5 5 5 5 5 5 5 5 5 5 5 5 5 5 5 5 5 5 5 5 5 5 5 5 5 5 5 5 5 5 5 5 5 5 5 5 5 5 5 5 5 5 5 5 5 5 5 5 5 5 5 5 5 5 5 5 5 5 5 5 5 5 5 5 5 5 5 5 5 5 5 5 5 5 5 5 5 5 5 5 5 5 5 5 5 5 5 5 5 5 5 5 5 5 5 5 5 5 5 5 5 5 5 5 5 5 5 5 5 5 5 5 5 5 5 5 5 5 5 5 5 5 5 5 5 5 5 5 5 5 5 5 5 5 5 5 5 5 5 5 5 5 5 5 5 5 5 5 5 5 5 5 5 5 5 5 5 5 5 5 5 5 5 5 5 5 5 5 5 5 5 5 5 5 5 5 5 5 5 5 5 5 5 5 5 5 5 5 5 5 5 5 5 5 5 5 5 5 5 5 5 5 5 5 5 5 5 5 5 5 5 5 5 5 5 5 5 5 5 5 5 5 5 5 5 5 5 5 5 5 5 5 5 5 5 5 5 5 5 5 5 5 5 5 5 5 5 5 5 5 5 5 5 5 5 5 5 5 5 5 5 5 5 5 5 5 5 5 5 5 5 5 5 5 5 5 5 5 5 5 5 5 5 5 5 5 5 5 5 5 5 5 5 5 5 5 5 5 5 5 5 5 5 5 5 5 5 5 5 5 5 5 5 5 5 5 5 5 5 5 5 5 5 5 5 5 5 5 5 5 5 5 5 5 5 5 5 5 5 5 5 5 5 5 5 5 5 5 5 5 5 5 5 5 5 5 5 5 5 5 5 5 5 5 5 5 5 5 5 5 5 5 5 5 5 5 5 5 5 5 5 5 5 5 5 5 5 5 5 5 5 5 5 5 5 5 5 5 5 5 5 5 5 5 5 5 5 5 5 5 5 5 5 5 5 5 5 5 5 5 5 5 5 5 5 5 5 5 5 5 5 5 5 5 5 5 5 5 5 5 5 5 5 5 5 5 5 5 5 5 5 5 5 5 5 5 5 5 5 5 5 5 5 5 5 5 5 5 5 5 5 5 5 5 5 5 5 5 5 5 5 5 5 5 5 5 5 5 5 5 5 5 5 5 5 5 5 5 5 5 5 5 5 5 5 5 5 5 5 5 5 5 5 5 5 5 5 5 5 5 5 5 5 5 5 5 5 5 5 5 5 5 5 5 5 5 5 5 5 5 5 5 5 5 5 5 5 5 5 5 5 5 5 5 5 5 5 5 5 5 5 5 5 5 5 5 5 5 5 5 5 5 5 5 5 5 5 5 5 5 5 5 5 5 5 5 5 5 5 5 5 5 5 5 5 5 5 5 5 5 5 5 5 5 5 5 5 5 5 5 5 5 5 5 5 5 5 5 5 5 5 5 5 5 5 5 5 5 5 5 5 5 5 5 5 5 5 5 5 5 5 5 5 5 5 5 5 5 5 5 5 5 5 5 5 5 5 5 5 5 5 5 5 5 5 5 5 5 5 5 5 5 5 5 5 5 5 5 5 5 5 5 5 5 5 5 5 5 5 5 5 5 5 5 5 5 5 5 5 5 5 5 5 5 5 5 5 5 5 5 5 5 5 5 5 5 5 5 5 5 5 5 5 5 5 5 5 5 5 5 5 5 5 5 5 5 5 5 5 5 5 5 5 5 5 5 5 5 5 5 5 5 5 5 5 5 5 5 5 5 5 5 5 5 5 5 5 5 5 5 5 5 5 5 5 5 5 5 5 5 5 5 5 5 5 5 5 5 5 5 5 5 5 5 5 5 5 5 5 5 5 5 5 5 5 5 5 5 5 5 5 5 5 5 5 5 5 5 5 5 5 5 5 5 5 5 5 5 5 5 5 5 5 5 5 5 5 5 5 5 5 5 5 5 5 5 5 5 5 5 5 5 5 5 5 5 5 5 5 5 5 5 5 5 5 5 5 5 5 5 5 5 5 5 5 5 5 5 5 5 5 5 5 5 5 5 5 5 5 5 5 5 5 5 5 5 5 5 5 5 5 5 5 5 5 5 5 5 5 5 5 5 5 5 5 5 5 5 5 5 5 5 5 5 5 5 5 5 5 5 5 5 5 5 5 5 5 5 5 5 5 5 5 5 5 5 5 5 5 5 5 5 5 5 5 5 5 5 5 5 5 5 5 5 5 5 5 5 5 5 5 5 5 5 5 5 5 5 5 5 5 5 5 5 5 5 5 5 5 5 5 5 5 5 5 5 5 5 5 5 5 5 5 5 5 5 5 5 5 5 5 5 5 5 5 5 5 5 5 5 5 5 5 5 5 5 5 5 5 5 5 5 5 5 5 5 5 5 5 5 5 5 5 5 5 5 5 5 5 5 5 5 5 5 5 5 5 5 5 5 5 5 5 5 5 5 5 5 5 5 5 5 5 5 5 5 5 5 5 5 5 5 5 5 5 5 5 5 5 5 5 5 5 5 5 5 5 5 5 5 5 5 5 5 5 5 5 5 5 5 5 5 5 5 5 5 5 5 5 5 5 5 5 5 5 5 5 5 5 5 5 5 5 5 5 5 5 5 5 5 5 5 5 5 5 5 5 5 5 5 5 5 5 5 5 5 5 5 5 5 5 5 5 5 5 5 5 5 5 5 5 5 5 5 5 5 5 5 5 5 5 5 5 5 5 5 5 5 5 5 5 5 5 5 5 5 5 5 5 5 5 5 5 5 5 5 5 5 5 5 5 5 5 5 5 5 5 5 5 5 5 5 5 5 5 5 5 5 5 5 5 5 5 5 5 5 5 5 5 5 5 5 5 5 5 5 5 5 5 5 5 5 5 5 5 5 5 5 5 5 5 5 5 5 5 5 5 5 5 5 5 5 5 5 5 5 5 5 5 5 5 5 5 5 5 5 5 5 5 5 5 5 5 5 5 5 5 5 5 5 5 5 5 5 5 5 5 5 5 5 5 5 5 5 5 5 5 5 5 5 5 5 5 5 5 5 5 5 5 5 5 5 5 5 5 5 5 5 5 5 5 5 5 5 5 5 5 5 5 5 5 5 5 5 5 5 5 5 5 5 5 5 5 5 5 5 5 5 5 5 5 5 5 5 5 5 5 5 5 5 5 5 5 5 5 5 5 5 5 5 5 5 5 5 5 5 5 5 5 5 5 5 5 5 5 5 5 5 5 5 5 5 5 5 5 5 5 5 5 5 5 5 5 5 5 5 5 5 5 5 5 5 5 5 5 5 5 5 5 5 5 5 5 5 5 5 5 5 5 5 5 5 5 5 5 5 5 5 5 5 5 5 5 5 5 5 5 5 5 5 5 5 5 5 5 5 5 5 5 5 5 5 5 5 5 5 5 5 5 5 5 5 5 5 5 5 5 5 5 5 5 5 5 5 5 5 5 5 5 5 5 5 5 5 5 5 5 5 5 5 5 5 5 5 5 5 5 5 5 5 5 5 5 5 5 5 5 5 5 5 5 5 5 5 5 5 5 5 5 5 5 5 5 5 5 5 5 5 5 5 5 5 5 5 5 5 5 5 5 5 5 5 5 5 5 5 5 5 5 5 5 5 5 5 5 5 5 5 5 5 5 5 5 5 5 5 5 5 5 5 5 5 5 5 5 5 5 5 5 5 5 5 5 5 5 5 5 5 5 5 5 5 5 5 5 5 5 5 5 5 5 5 5 5 5 5 5 5 5 5 5 5 5 5 5 5 5 5 5 5 5 5 5 5 5 5 5 5 5 5 5 5 5 5 5 5 5 5 5 5 5 5 5 5 5 5 5 5 5 5 5 5 5 5 5 5 5 5 5 5 5 5 5 5 5 5 5 5 5 5 5 5 5 5 5 5 5 5 5 5 5 5 5 5 5 5 5 5 5 5 5 5 5 5 5 5 5 5 5 5 5 5 5 5 5 5 5 5 5 5 5 5 5 5 5 5 5 5 5 5 5 5 5 5 5 5 5 5 5 5 5 5 5 5 5 5 5 5 5 5 5 5 5 5 5 5 5 5 5 5 5 5 5 5 5 5 5 5 5 5 5 5 5 5 5 5 5 5 5 5 5 5 5 5 5 5 5 5 5 5 5 5 5 5 5 5 5 5 5 5 5 5 5 5 5 5 5 5 5 5 5 5 5 5 5 5 5 5 5 5 5 5 5 5 5 5 5 5 5 5 5 5 5 5 5 5 5 5 5 5 5 5 5 5 5 5 5 5 5 5 5 5 5 5 5 5 5 5 5 5 5 5 5 5 5 5 5 5 5 5 5 5 5 5 5 5 5 5 5 5 5 5 5 5 5 5 5 5 5 5 5 5 5 5 5 5 5 5 5 5 5 5 5 5 5 5 5 5 5 5 5 5 5 5 5 5 5 5 5 5 5 5 5 5 5 5 5 5 5 5 5 5 5 5 5 5 5 5 5 5 5 5 5 5 5 5 5 5 5 5 5 5 5 5 5 5 5 5 5 5 5 5 5 5 5 5 5 5 5 5 5 5 5 5 5 5 5 5 5 5 5 5 5 5 5 5 5 5 5 5 5 5 5 5 5 5 5 5 5 5 5 5 5 5 5 5 5 5 5 5 5 5 5 5 5 5 5 5 5 5 5 5 5 5 5 5 5 5 5 5 5 5 5 5 5 5 5 5 5 5 5 5 5 5 5 5 5 5 5 5 5 5 5 5 5 5 5 5 5 5 5 5 5 5 5 5 5 5 5 5 5 5 5 5 5 5 5 5 5 5 5 5 5 5 5 5 5 5 5 5 5 5 5 5 5 5 5 5 5 5 5 5 5 5 5 5 5 5 5 5 5 5 5 5 5 5 5 5 5 5 5 5 5 5 5 5 5 5 5 5 5 5 5 5 5 5 5 5 5 5 5 5 5 5 5 5 5 5 5 5 5 5 5 5 5 5 5 5 5 5 5 5 5 5 5 5 5 5 5 5 5 5 5 5 5 5 5 5 5 5 5 5 5 5 5 5 5 5 5 5 5 5 5 5 5 5 5 5 5 5 5 5 5 5 5 5 5 5 5 5 5 5 5 5 5 5 5 5 5 5 5 5 5 5 5 5 5 5 5 5 5 5 5 5 5 5 5 5 5 5 5 5 5 5 5 5 5 5 5 5 5 5 5 5 5 5 5 5 5 5 5 5 5 5 5 5 5 5 5 5 5 5 5 5 5 5 5 5 5 5 5 5 5 5 5 5 5 5 5 5 5 5 5 5 5 5 5 5 5 5 5 5 5 5 5 5 5 5 5 5 5 5 5 5 5 5 5 5 5 5 5 5 5 5 5 5 5 5 5 5 5 5 5 5 5 5 5 5 5 5 5 5 5 5 5 5 5 5 5 5 5 5 5 5 5 5 5 5 5 5 5 5 5 5 5 5 5 5 5 5 5 5 5 5 5 5 5 5 5 5 5 5 5 5 5 5 5 5 5 5 5 5 5 5 5 5 5 5 5 5 5 5 5 5 5 5 5 5 5 5 5 5 5 5 5 5 5 5 5 5 5 5 5 5 5 5 5 5 5 5 5 5 5 5 5 5 5 5 5 5 5 5 5 5 5 5 5 5 5 5 5 5 5 5 5 5 5 5 5 5 5 5 5 5 5 5 5 5 5 5 5 5 5 5 5 5 5 5 5 5 5 5 5 5 5 5 5 5 5 5 5 5 5 5 5 5 5 5 5 5 5 5 5 5 5 5 5 5 5 5 5 5 5 5 5 5 5 5 5 5 5 5 5 5 5 5 5 5 5 5 5 5 5 5 5 5 5 5 5 5 5 5 5 5 5 5 5 5 5 5 5 5 5 5 5 5 5 5 5 5 5 5 5 5 5 5 5 5 5 5 5 5 5 5 5 5 5 5 5 5 5 5 5 5 5 5 5 5 5 5 5 5 5 5 5 5 5 5 5 5 5 5 5 5 5 5 5 5 5 5 5 5 5 5 5 5 5 5 5 5 5 5 5 5 5 5 5 5 5 5 5 5 5 5 5 5 5 5 5 5 5 5 5 5 5 5 5 5 5 5 5 5 5 5 5 5 5 5 5 5 5 5 5 5 5 5 5 5 5 5 5 5 5 5 5 5 5 5 5 5 5 5 5 5 5 5 5 5 5 5 5 5 5 5 5 5 5 5 5 5 5 5 5 5 5 5 5 5 5 5 5 5 5 5 5 5 5 5 5 5 5 5 5 5 5 5 5 5 5 5 5 5 5 5 5 5 5 5 5 5 5 5 5 5 5 5 5 5 5 5 5 5 5 5 5 5 5 5 5 5 5 5 5 5 5 5 5 5 5 5 5 5 5 5 5 5 5 5 5 5 5 5 5 5 5 5 5 5 5 5 5 5 5 5 5 5 5 5 5 5 5 5 5 5 5 5 5 5 5 5 5 5 5 5 5 5 5 5 5 5 5 5 5 5 5 5 5 5 5 5 5 5 5 5 5 5 5 5 5 5 5 5 5 5 5 5 5 5 5 5 5 5 5 5 5 5 5 5 5 5 5 5 5 5 5 5 5 5 5 5 5 5 5 5 5 5 5 5 5 5 5 5 5 5 5 5 5 5 5 5 5 5 5 5 5 5 5 5 5 5 5 5 5 5 5 5 5 5 5 5 5 5 5 5 5 5 5 5 5 5 5 5 5 5 5 5 5 5 5 5 5 5 5 5 5 5 5 5 5 5 5 5 5 5 5 5 5 5 5 5 5 5 5 5 5 5 5 5 5 5 5 5 5 5 5 5 5 5 5 5 5 5 5 5 5 5 5 5 5 5 5 5 5 5 5 5 5 5 5 5 5 5 5 5 5 5 5 5 5 5 5 5 5 5 5 5 5 5 5 5 5 5 5 5 5 5 5 5 5 5 5 5 5 5 5 5 5 5 5 5 5 5 5 5 5 5 5 5 5 5 5 5 5 5 5 5 5 5 5 5 5 5 5 5 5 5 5 5 5 5 5 5 5 5 5 5 5 5 5 5 5 5 5 5 5 5 5 5 5 5 5 5 5 5 5 5 5 5 5 5 5 5 5 5 5 5 5 5 5 5 5 5 5 5 5 5 5 5 5 5 5 5 5 5 5 5 5 5 5 5 5 5 5 5 5 5 5 5 5 5 5 5 5 5 5 5 5 5 5 5 5 5 5 5 5 5 5 5 5 5 5 5 5 5 5 5 5 5 5 5 5 5 5 5 5 5 5 5 5 5 5 5 5 5 5 5 5 5 5 5 5 5 5 5 5 5 5 5 5 5 5 5 5 5 5 5 5 5 5 5 5 5 5 5 5 5 5 5 5 5 5 5 5 5 5 5 5 5 5 5 5 5 5 5 5 5 5 5 5 5 5 5 5 5 5 5 5 5 5 5 5 5 5 5 5 5 5 5 5 5 5 5 5 5 5 5 5 5 5 5 5 5 5 5 5 5 5 5 5 5 5 5 5 5 5 5 5 5 5 5 5 5 5 5 5 5 5 5 5 5 5 5 5 5 5 5 5 5 5 5 5 5 5 5 5 5 5 5 5 5 5 5 5 5 5 5 5 5 5 5 5 5 5 5 5 5 5 5 5 5 5 5 5 5 5 5 5 5 5 5 5 5 5 5 5 5 5 5 5 5 5 5 5 5 5 5 5 5 5 5 5 5 5 5 5 5 5 5 5 5 5 5 5 5 5 5 5 5 5 5 5 5 5 5 5 5 5 5 5 5 5 5 5 5 5 5 5 5 5 5 5 5 5 5 5 5 5 5 5 5 5 5 5 5 5 5 5 5 5 5 5 5 5 5 5 5 5 5 5 5 5 5 5 5 5 5 5 5 5 5 5 5 5 5 5 5 5 5 5 5 5 5 5 5 5 5 5 5 5 5 5 5 5 5 5 5 5 5 5 5 5 5 5 5 5 5 5 5 5 5 5 5 5 5 5 5 5 5 5 5 5 5 5 5 5 5 5 5 5 5 5 5 5 5 5 5 5 5 5 5 5 5 5 5 5 5 5 5 5 5 5 5 5 5 5 5 5 5 5 5 5 5 5 5 5 5 5 5 5 5 5 5 5 5 5 5 5 5 5 5 5 5 5 5 5 5 5 5 5 5 5 5 5 5 5 5 5 5 5 5 5 5 5 5 5 5 5 5 5 5 5 5 5 5 5 5 5 5 5 5 5 5 5 5 5 5 5 5 5 5 5 5 5 5 5 5 5 5 5 5 5 5 5 5 5 5 5 5 5 5 5 5 5 5 5 5 5 5 5 5 5 5 5 5 5 5 5 5 5 5 5 5 5 5 5 5 5 5 5 5 5 5 5 5 5 5 5 5 5 5 5 5 5 5 5 5 5 5 5 5 5 5 5 5 5 5 5 5 5 5 5 5 5 5 5 5 5 5 5 5 5 5 5 5 5 5 5 5 5 5 5 5 5 5 5 5 5 5 5 5 5 5 5 5 5 5 5 5 5 5 5 5 5 5 5 5 5 5 5 5 5 5 5 5 5 5 5 5 5 5 5 5 5 5 5 5 5 5 5 5 5 5 5 5 5 5 5 5 5 5 5 5 5 5 5 5 5 5 5 5 5 5 5 5 5 5 5 5 5 5 5 5 5 5 5 5 5 5 5 5 5 5 5 5 5 5 5 5 5 5 5 5 5 5 5 5 5 5 5 5 5 5 5 5 5 5 5 5 5 5 5 5 5 5 5 5 5 5 5 5 5 5 5 5 5 5 5 5 5 5 5 5 5 5 5 5 5 5 5 5 5 5 5 5 5 5 5 5 5 5 5 5 5 5 5 5 5 5 5 5 5 5 5 5 5 5 5 5 5 5 5 5 5 5 5 5 5 5 5 5 5 5 5 5 5 5 5 5 5 5 5 5 5 5 5 5 5 5 5 5 5 5 5 5 5 5 5 5 5 5 5 5 5 5 5 5 5 5 5 5 5 5 5 5 5 5 5 5 5 5 5 5 5 5 5 5 5 5 5 5 5 5 5 5 5 5 5 5 5 5 5 5 5 5 5 5 5 5 5 5 5 5 5 5 5 5 5 5 5 5 5 5 5 5 5 5 5 5 5 5 5 5 5 5 5 5 5 5 5 5 5 5 5 5 5 5 5 5 5 5 5 5 5 5 5 5 5 5 5 5 5 5 5 5 5 5 5 5 5 5 5 5 5 5 5 5 5 5 5 5 5 5 5 5 5 5 5 5 5 5 5 5 5 5 5 5 5 5 5 5 5 5 5 5 5 5 5 5 5 5 5 5 5 5 5 5 5 5 5 5 5 5 5 5 5 5 5 5 5 5 5 5 5 5 5 5 5 5 5 5 5 5 5 5 5 5 5 5 5 5 5 5 5 5 5 5 5 5 5 5 5 5 5 5 5 5 5 5 5 5 5 5 5 5 5 5 5 5 5 5 5 5 5 5 5 5 5 5 5 5 5 5 5 5 5 5 5 5 5 5 5 5 5 5 5 5 5 5 5 5 5 5 5 5 5 5 5 5 5 5 5 5 5 5 5 5 5 5 5 5 5 5 5 5 5 5 5 5 5 5 5 5 5 5 5 5 5 5 5 5 5 5 5 5 5 5 5 5 5 5 5 5 5 5 5 5 5 5 5 5 5 5 5 5 5 5 5 5 5 5 5 5 5 5 5 5 5 5 5 5 5 5 5 5 5 5 5 5 5 5 5 5 5 5 5 5 5 5 5 5 5 5 5 5 5 5 5 5 5 5 5 5 5 5 5 5 5 5 5 5 5 5 5 5 5 5 5 5 5 5 5 5 5 5 5 5 5 5 5 5 5 5 5 5 5 5 5 5 5 5 5 5 5 5 5 5 5 5 5 5 5 5 5 5 5 5 5 5 5 5 5 5 5 5 5 5 5 5 5 5 5 5 5 5 5 5 5 5 5 5 5 5 5 5 5 5 5 5 5 5 5 5 5 5 5 5 5 5 5 5 5 5 5 5 5 5 5 5 5 5 5 5 5 5 5 5 5 5 5 5 5 5 5 5 5 5 5 5 5 5 5 5 5 5 5 5 5 5 5 5 5 5 5 5 5 5 5 5 5 5 5 
CELL_DATA 13632
SCALARS Marker double 1
LOOKUP_TABLE default
0 0 0 0 1 1 1 1 2 2 2 2 -1 -1 -1 -1 3 3 3 3 4 4 4 4 5 5 5 5 6 6 6 6 7 7 7 7 8 8 8 8 9 9 9 9 10 10 10 10 11 11 11 11 12 12 12 12 13 13 13 13 14 14 14 14 15 15 15 15 16 16 16 16 17 17 17 17 18 18 18 18 19 19 19 19 20 20 20 20 21 21 21 21 22 22 22 22 23 23 23 23 24 24 24 24 25 25 25 25 26 26 26 26 27 27 27 27 28 28 28 28 29 29 29 29 30 30 30 30 31 31 31 31 32 32 32 32 33 33 33 33 34 34 34 34 35 35 35 35 36 36 36 36 37 37 37 37 38 38 38 38 39 39 39 39 40 40 40 40 41 41 41 41 42 42 42 42 43 43 43 43 44 44 44 44 45 45 45 45 46 46 46 46 47 47 47 47 48 48 48 48 49 49 49 49 50 50 50 50 51 51 51 51 52 52 52 52 53 53 53 53 54 54 54 54 55 55 55 55 56 56 56 56 57 57 57 57 58 58 58 58 59 59 59 59 60 60 60 60 61 61 61 61 62 62 62 62 63 63 63 63 64 64 64 64 65 65 65 65 66 66 66 66 67 67 67 67 68 68 68 68 69 69 69 69 70 70 70 70 71 71 71 71 72 72 72 72 73 73 73 73 74 74 74 74 75 75 75 75 76 76 76 76 77 77 77 77 78 78 78 78 79 79 79 79 80 80 80 80 81 81 81 81 82 82 82 82 83 83 83 83 84 84 84 84 85 85 85 85 86 86 86 86 87 87 87 87 88 88 88 88 89 89 89 89 90 90 90 90 91 91 91 91 92 92 92 92 93 93 93 93 94 94 94 94 95 95 95 95 96 96 96 96 97 97 97 97 98 98 98 98 99 99 99 99 100 100 100 100 101 101 101 101 102 102 102 102 103 103 103 103 104 104 104 104 105 105 105 105 106 106 106 106 107 107 107 107 108 108 108 108 109 109 109 109 110 110 110 110 111 111 111 111 112 112 112 112 113 113 113 113 114 114 114 114 115 115 115 115 116 116 116 116 117 117 117 117 118 118 118 118 -1 -1 -1 -1 119 119 119 119 120 120 120 120 121 121 121 121 122 122 122 122 123 123 123 123 124 124 124 124 125 125 125 125 126 126 126 126 127 127 127 127 128 128 128 128 129 129 129 129 130 130 130 130 131 131 131 131 132 132 132 132 133 133 133 133 134 134 134 134 135 135 135 135 136 136 136 136 137 137 137 137 -1 -1 -1 -1 138 138 138 138 139 139 139 139 140 140 140 140 141 141 141 141 142 142 142 142 143 143 143 143 144 144 144 144 145 145 145 145 146 146 146 146 147 147 147 147 148 148 148 148 149 149 149 149 150 150 150 150 151 151 151 151 152 152 152 152 153 153 153 153 154 154 154 154 155 155 155 155 156 156 156 156 157 157 157 157 158 158 158 158 159 159 159 159 160 160 160 160 161 161 161 161 162 162 162 162 163 163 163 163 164 164 164 164 165 165 165 165 166 166 166 166 167 167 167 167 168 168 168 168 169 169 169 169 170 170 170 170 171 171 171 171 172 172 172 172 173 173 173 173 174 174 174 174 175 175 175 175 176 176 176 176 177 177 177 177 178 178 178 178 179 179 179 179 180 180 180 180 181 181 181 181 182 182 182 182 183 183 183 183 184 184 184 184 185 185 185 185 186 186 186 186 187 187 187 187 188 188 188 188 189 189 189 189 190 190 190 190 191 191 191 191 192 192 192 192 193 193 193 193 194 194 194 194 195 195 195 195 -1 -1 -1 -1 196 196 196 196 197 197 197 197 -1 -1 -1 -1 198 198 198 198 199 199 199 199 -1 -1 -1 -1 -1 -1 -1 -1 200 200 200 200 201 201 201 201 202 202 202 202 203 203 203 203 204 204 204 204 205 205 205 205 206 206 206 206 207 207 207 207 208 208 208 208 209 209 209 209 210 210 210 210 211 211 211 211 212 212 212 212 213 213 213 213 214 214 214 214 215 215 215 215 216 216 216 216 217 217 217 217 218 218 218 218 219 219 219 219 220 220 220 220 221 221 221 221 222 222 222 222 223 223 223 223 224 224 224 224 225 225 225 225 226 226 226 226 227 227 227 227 228 228 228 228 229 229 229 229 230 230 230 230 231 231 231 231 232 232 232 232 233 233 233 233 234 234 234 234 235 235 235 235 236 236 236 236 237 237 237 237 238 238 238 238 239 239 239 239 240 240 240 240 241 241 241 241 242 242 242 242 243 243 243 243 244 244 244 244 245 245 245 245 246 246 246 246 247 247 247 247 248 248 248 248 249 249 249 249 250 250 250 250 251 251 251 251 252 252 252 252 253 253 253 253 254 254 254 254 255 255 255 255 256 256 256 256 257 257 257 257 258 258 258 258 259 259 259 259 260 260 260 260 261 261 261 261 262 262 262 262 263 263 263 263 264 264 264 264 265 265 265 265 266 266 266 266 267 267 267 267 268 268 268 268 269 269 269 269 270 270 270 270 271 271 271 271 272 272 272 272 273 273 273 273 274 274 274 274 275 275 275 275 276 276 276 276 277 277 277 277 278 278 278 278 279 279 279 279 280 280 280 280 281 281 281 281 282 282 282 282 283 283 283 283 284 284 284 284 285 285 285 285 286 286 286 286 287 287 287 287 288 288 288 288 289 289 289 289 290 290 290 290 291 291 291 291 292 292 292 292 293 293 293 293 294 294 294 294 295 295 295 295 296 296 296 296 297 297 297 297 298 298 298 298 299 299 299 299 300 300 300 300 301 301 301 301 302 302 302 302 303 303 303 303 304 304 304 304 305 305 305 305 306 306 306 306 307 307 307 307 308 308 308 308 309 309 309 309 310 310 310 310 311 311 311 311 312 312 312 312 313 313 313 313 314 314 314 314 315 315 315 315 316 316 316 316 317 317 317 317 318 318 318 318 319 319 319 319 320 320 320 320 321 321 321 321 322 322 322 322 323 323 323 323 324 324 324 324 325 325 325 325 326 326 326 326 327 327 327 327 328 328 328 328 329 329 329 329 330 330 330 330 331 331 331 331 332 332 332 332 333 333 333 333 334 334 334 334 335 335 335 335 336 336 336 336 337 337 337 337 338 338 338 338 339 339 339 339 340 340 340 340 341 341 341 341 342 342 342 342 343 343 343 343 344 344 344 344 345 345 345 345 346 346 346 346 347 347 347 347 348 348 348 348 349 349 349 349 350 350 350 350 351 351 351 351 352 352 352 352 353 353 353 353 354 354 354 354 355 355 355 355 356 356 356 356 -1 -1 -1 -1 357 357 357 357 358 358 358 358 359 359 359 359 360 360 360 360 361 361 361 361 362 362 362 362 363 363 363 363 364 364 364 364 365 365 365 365 366 366 366 366 367 367 367 367 368 368 368 368 369 369 369 369 370 370 370 370 371 371 371 371 372 372 372 372 373 373 373 373 374 374 374 374 375 375 375 375 376 376 376 376 377 377 377 377 378 378 378 378 379 379 379 379 380 380 380 380 381 381 381 381 382 382 382 382 383 383 383 383 384 384 384 384 385 385 385 385 386 386 386 386 387 387 387 387 388 388 388 388 389 389 389 389 390 390 390 390 391 391 391 391 392 392 392 392 393 393 393 393 394 394 394 394 395 395 395 395 396 396 396 396 397 397 397 397 398 398 398 398 399 399 399 399 400 400 400 400 401 401 401 401 402 402 402 402 403 403 403 403 404 404 404 404 405 405 405 405 406 406 406 406 407 407 407 407 408 408 408 408 409 409 409 409 410 410 410 410 411 411 411 411 412 412 412 412 413 413 413 413 414 414 414 414 415 415 415 415 416 416 416 416 417 417 417 417 418 418 418 418 419 419 419 419 420 420 420 420 421 421 421 421 422 422 422 422 423 423 423 423 424 424 424 424 425 425 425 425 426 426 426 426 427 427 427 427 428 428 428 428 429 429 429 429 430 430 430 430 431 431 431 431 432 432 432 432 433 433 433 433 434 434 434 434 435 435 435 435 436 436 436 436 437 437 437 437 438 438 438 438 439 439 439 439 440 440 440 440 441 441 441 441 442 442 442 442 -1 -1 -1 -1 443 443 443 443 444 444 444 444 445 445 445 445 446 446 446 446 447 447 447 447 448 448 448 448 449 449 449 449 450 450 450 450 451 451 451 451 452 452 452 452 453 453 453 453 454 454 454 454 455 455 455 455 456 456 456 456 457 457 457 457 458 458 458 458 459 459 459 459 460 460 460 460 461 461 461 461 462 462 462 462 463 463 463 463 464 464 464 464 465 465 465 465 466 466 466 466 467 467 467 467 468 468 468 468 469 469 469 469 470 470 470 470 471 471 471 471 472 472 472 472 473 473 473 473 474 474 474 474 475 475 475 475 476 476 476 476 477 477 477 477 478 478 478 478 479 479 479 479 480 480 480 480 481 481 481 481 482 482 482 482 483 483 483 483 -1 -1 -1 -1 484 484 484 484 485 485 485 485 486 486 486 486 487 487 487 487 488 488 488 488 489 489 489 489 490 490 490 490 491 491 491 491 492 492 492 492 493 493 493 493 494 494 494 494 495 495 495 495 496 496 496 496 497 497 497 497 498 498 498 498 499 499 499 499 500 500 500 500 501 501 501 501 502 502 502 502 503 503 503 503 504 504 504 504 505 505 505 505 506 506 506 506 507 507 507 507 508 508 508 508 509 509 509 509 510 510 510 510 511 511 511 511 512 512 512 512 513 513 513 513 514 514 514 514 515 515 515 515 516 516 516 516 517 517 517 517 518 518 518 518 519 519 519 519 520 520 520 520 -1 -1 -1 -1 521 521 521 521 522 522 522 522 523 523 523 523 524 524 524 524 525 525 525 525 526 526 526 526 527 527 527 527 528 528 528 528 529 529 529 529 530 530 530 530 531 531 531 531 532 532 532 532 533 533 533 533 534 534 534 534 535 535 535 535 536 536 536 536 537 537 537 537 538 538 538 538 539 539 539 539 540 540 540 540 541 541 541 541 542 542 542 542 543 543 543 543 544 544 544 544 545 545 545 545 546 546 546 546 547 547 547 547 548 548 548 548 549 549 549 549 550 550 550 550 551 551 551 551 552 552 552 552 553 553 553 553 554 554 554 554 555 555 555 555 556 556 556 556 557 557 557 557 558 558 558 558 559 559 559 559 560 560 560 560 561 561 561 561 562 562 562 562 563 563 563 563 564 564 564 564 565 565 565 565 566 566 566 566 567 567 567 567 568 568 568 568 569 569 569 569 -1 -1 -1 -1 570 570 570 570 571 571 571 571 572 572 572 572 573 573 573 573 574 574 574 574 575 575 575 575 576 576 576 576 577 577 577 577 578 578 578 578 579 579 579 579 580 580 580 580 581 581 581 581 582 582 582 582 583 583 583 583 584 584 584 584 585 585 585 585 586 586 586 586 587 587 587 587 588 588 588 588 589 589 589 589 590 590 590 590 591 591 591 591 592 592 592 592 593 593 593 593 594 594 594 594 595 595 595 595 596 596 596 596 597 597 597 597 598 598 598 598 599 599 599 599 600 600 600 600 601 601 601 601 602 602 602 602 603 603 603 603 604 604 604 604 605 605 605 605 606 606 606 606 607 607 607 607 608 608 608 608 609 609 609 609 610 610 610 610 611 611 611 611 612 612 612 612 613 613 613 613 614 614 614 614 615 615 615 615 616 616 616 616 617 617 617 617 618 618 618 618 619 619 619 619 620 620 620 620 621 621 621 621 622 622 622 622 623 623 623 623 624 624 624 624 625 625 625 625 626 626 626 626 627 627 627 627 628 628 628 628 629 629 629 629 630 630 630 630 631 631 631 631 632 632 632 632 633 633 633 633 634 634 634 634 635 635 635 635 636 636 636 636 637 637 637 637 638 638 638 638 639 639 639 639 640 640 640 640 641 641 641 641 642 642 642 642 643 643 643 643 644 644 644 644 645 645 645 645 646 646 646 646 647 647 647 647 648 648 648 648 649 649 649 649 650 650 650 650 651 651 651 651 652 652 652 652 653 653 653 653 654 654 654 654 655 655 655 655 656 656 656 656 657 657 657 657 658 658 658 658 659 659 659 659 660 660 660 660 661 661 661 661 662 662 662 662 663 663 663 663 664 664 664 664 665 665 665 665 666 666 666 666 667 667 667 667 668 668 668 668 669 669 669 669 670 670 670 670 671 671 671 671 672 672 672 672 673 673 673 673 674 674 674 674 675 675 675 675 676 676 676 676 -1 -1 -1 -1 677 677 677 677 678 678 678 678 679 679 679 679 680 680 680 680 681 681 681 681 682 682 682 682 683 683 683 683 684 684 684 684 685 685 685 685 686 686 686 686 687 687 687 687 688 688 688 688 689 689 689 689 690 690 690 690 691 691 691 691 692 692 692 692 693 693 693 693 694 694 694 694 695 695 695 695 696 696 696 696 697 697 697 697 698 698 698 698 699 699 699 699 700 700 700 700 701 701 701 701 702 702 702 702 703 703 703 703 704 704 704 704 705 705 705 705 706 706 706 706 707 707 707 707 708 708 708 708 709 709 709 709 710 710 710 710 711 711 711 711 712 712 712 712 713 713 713 713 714 714 714 714 715 715 715 715 716 716 716 716 717 717 717 717 718 718 718 718 719 719 719 719 720 720 720 720 721 721 721 721 722 722 722 722 723 723 723 723 724 724 724 724 725 725 725 725 726 726 726 726 727 727 727 727 728 728 728 728 729 729 729 729 730 730 730 730 731 731 731 731 732 732 732 732 733 733 733 733 734 734 734 734 735 735 735 735 736 736 736 736 737 737 737 737 738 738 738 738 739 739 739 739 740 740 740 740 741 741 741 741 742 742 742 742 743 743 743 743 744 744 744 744 745 745 745 745 746 746 746 746 747 747 747 747 748 748 748 748 749 749 749 749 750 750 750 750 751 751 751 751 752 752 752 752 753 753 753 753 754 754 754 754 755 755 755 755 756 756 756 756 757 757 757 757 758 758 758 758 759 759 759 759 760 760 760 760 761 761 761 761 762 762 762 762 763 763 763 763 764 764 764 764 765 765 765 765 766 766 766 766 767 767 767 767 768 768 768 768 769 769 769 769 770 770 770 770 771 771 771 771 772 772 772 772 773 773 773 773 774 774 774 774 775 775 775 775 776 776 776 776 777 777 777 777 778 778 778 778 779 779 779 779 780 780 780 780 781 781 781 781 782 782 782 782 783 783 783 783 784 784 784 784 785 785 785 785 786 786 786 786 787 787 787 787 788 788 788 788 789 789 789 789 790 790 790 790 791 791 791 791 792 792 792 792 793 793 793 793 794 794 794 794 795 795 795 795 796 796 796 796 797 797 797 797 798 798 798 798 799 799 799 799 800 800 800 800 801 801 801 801 802 802 802 802 803 803 803 803 804 804 804 804 805 805 805 805 806 806 806 806 807 807 807 807 808 808 808 808 809 809 809 809 810 810 810 810 811 811 811 811 812 812 812 812 813 813 813 813 814 814 814 814 815 815 815 815 816 816 816 816 817 817 817 817 818 818 818 818 819 819 819 819 820 820 820 820 821 821 821 821 822 822 822 822 823 823 823 823 824 824 824 824 825 825 825 825 826 826 826 826 827 827 827 827 828 828 828 828 829 829 829 829 830 830 830 830 831 831 831 831 832 832 832 832 833 833 833 833 834 834 834 834 835 835 835 835 836 836 836 836 837 837 837 837 838 838 838 838 839 839 839 839 840 840 840 840 841 841 841 841 842 842 842 842 843 843 843 843 844 844 844 844 845 845 845 845 846 846 846 846 847 847 847 847 848 848 848 848 849 849 849 849 850 850 850 850 851 851 851 851 852 852 852 852 853 853 853 853 854 854 854 854 855 855 855 855 856 856 856 856 857 857 857 857 858 858 858 858 859 859 859 859 860 860 860 860 861 861 861 861 862 862 862 862 863 863 863 863 864 864 864 864 865 865 865 865 866 866 866 866 867 867 867 867 868 868 868 868 869 869 869 869 870 870 870 870 871 871 871 871 872 872 872 872 873 873 873 873 874 874 874 874 875 875 875 875 876 876 876 876 877 877 877 877 878 878 878 878 879 879 879 879 880 880 880 880 881 881 881 881 882 882 882 882 883 883 883 883 884 884 884 884 885 885 885 885 886 886 886 886 887 887 887 887 888 888 888 888 889 889 889 889 890 890 890 890 891 891 891 891 892 892 892 892 893 893 893 893 -1 -1 -1 -1 894 894 894 894 895 895 895 895 896 896 896 896 897 897 897 897 898 898 898 898 899 899 899 899 900 900 900 900 901 901 901 901 902 902 902 902 903 903 903 903 904 904 904 904 905 905 905 905 906 906 906 906 907 907 907 907 908 908 908 908 909 909 909 909 910 910 910 910 911 911 911 911 912 912 912 912 913 913 913 913 914 914 914 914 915 915 915 915 916 916 916 916 917 917 917 917 918 918 918 918 919 919 919 919 920 920 920 920 921 921 921 921 922 922 922 922 923 923 923 923 924 924 924 924 925 925 925 925 926 926 926 926 927 927 927 927 928 928 928 928 929 929 929 929 930 930 930 930 931 931 931 931 932 932 932 932 933 933 933 933 934 934 934 934 935 935 935 935 936 936 936 936 937 937 937 937 938 938 938 938 939 939 939 939 940 940 940 940 941 941 941 941 942 942 942 942 943 943 943 943 944 944 944 944 945 945 945 945 946 946 946 946 947 947 947 947 948 948 948 948 949 949 949 949 950 950 950 950 951 951 951 951 952 952 952 952 953 953 953 953 954 954 954 954 955 955 955 955 956 956 956 956 957 957 957 957 958 958 958 958 959 959 959 959 960 960 960 960 961 961 961 961 962 962 962 962 963 963 963 963 964 964 964 964 965 965 965 965 966 966 966 966 967 967 967 967 968 968 968 968 969 969 969 969 970 970 970 970 971 971 971 971 972 972 972 972 973 973 973 973 974 974 974 974 975 975 975 975 976 976 976 976 977 977 977 977 978 978 978 978 979 979 979 979 980 980 980 980 981 981 981 981 982 982 982 982 983 983 983 983 984 984 984 984 985 985 985 985 986 986 986 986 987 987 987 987 988 988 988 988 989 989 989 989 990 990 990 990 991 991 991 991 992 992 992 992 993 993 993 993 994 994 994 994 995 995 995 995 996 996 996 996 997 997 997 997 998 998 998 998 999 999 999 999 1000 1000 1000 1000 1001 1001 1001 1001 1002 1002 1002 1002 1003 1003 1003 1003 1004 1004 1004 1004 1005 1005 1005 1005 1006 1006 1006 1006 1007 1007 1007 1007 1008 1008 1008 1008 1009 1009 1009 1009 1010 1010 1010 1010 1011 1011 1011 1011 1012 1012 1012 1012 1013 1013 1013 1013 1014 1014 1014 1014 1015 1015 1015 1015 1016 1016 1016 1016 1017 1017 1017 1017 1018 1018 1018 1018 1019 1019 1019 1019 1020 1020 1020 1020 1021 1021 1021 1021 1022 1022 1022 1022 1023 1023 1023 1023 1024 1024 1024 1024 1025 1025 1025 1025 1026 1026 1026 1026 1027 1027 1027 1027 1028 1028 1028 1028 1029 1029 1029 1029 1030 1030 1030 1030 1031 1031 1031 1031 1032 1032 1032 1032 1033 1033 1033 1033 1034 1034 1034 1034 1035 1035 1035 1035 1036 1036 1036 1036 1037 1037 1037 1037 1038 1038 1038 1038 1039 1039 1039 1039 1040 1040 1040 1040 1041 1041 1041 1041 1042 1042 1042 1042 1043 1043 1043 1043 1044 1044 1044 1044 1045 1045 1045 1045 1046 1046 1046 1046 1047 1047 1047 1047 1048 1048 1048 1048 1049 1049 1049 1049 1050 1050 1050 1050 1051 1051 1051 1051 1052 1052 1052 1052 1053 1053 1053 1053 1054 1054 1054 1054 1055 1055 1055 1055 1056 1056 1056 1056 1057 1057 1057 1057 1058 1058 1058 1058 1059 1059 1059 1059 1060 1060 1060 1060 1061 1061 1061 1061 1062 1062 1062 1062 1063 1063 1063 1063 1064 1064 1064 1064 1065 1065 1065 1065 1066 1066 1066 1066 1067 1067 1067 1067 -1 -1 -1 -1 1068 1068 1068 1068 1069 1069 1069 1069 1070 1070 1070 1070 1071 1071 1071 1071 1072 1072 1072 1072 1073 1073 1073 1073 1074 1074 1074 1074 1075 1075 1075 1075 1076 1076 1076 1076 1077 1077 1077 1077 1078 1078 1078 1078 1079 1079 1079 1079 1080 1080 1080 1080 1081 1081 1081 1081 1082 1082 1082 1082 1083 1083 1083 1083 1084 1084 1084 1084 1085 1085 1085 1085 1086 1086 1086 1086 1087 1087 1087 1087 1088 1088 1088 1088 1089 1089 1089 1089 1090 1090 1090 1090 1091 1091 1091 1091 1092 1092 1092 1092 1093 1093 1093 1093 1094 1094 1094 1094 1095 1095 1095 1095 1096 1096 1096 1096 1097 1097 1097 1097 1098 1098 1098 1098 1099 1099 1099 1099 1100 1100 1100 1100 1101 1101 1101 1101 1102 1102 1102 1102 1103 1103 1103 1103 1104 1104 1104 1104 1105 1105 1105 1105 1106 1106 1106 1106 1107 1107 1107 1107 1108 1108 1108 1108 1109 1109 1109 1109 1110 1110 1110 1110 1111 1111 1111 1111 1112 1112 1112 1112 1113 1113 1113 1113 1114 1114 1114 1114 1115 1115 1115 1115 1116 1116 1116 1116 1117 1117 1117 1117 1118 1118 1118 1118 1119 1119 1119 1119 1120 1120 1120 1120 1121 1121 1121 1121 1122 1122 1122 1122 1123 1123 1123 1123 1124 1124 1124 1124 1125 1125 1125 1125 1126 1126 1126 1126 1127 1127 1127 1127 1128 1128 1128 1128 1129 1129 1129 1129 1130 1130 1130 1130 1131 1131 1131 1131 1132 1132 1132 1132 1133 1133 1133 1133 1134 1134 1134 1134 1135 1135 1135 1135 1136 1136 1136 1136 1137 1137 1137 1137 1138 1138 1138 1138 1139 1139 1139 1139 1140 1140 1140 1140 1141 1141 1141 1141 1142 1142 1142 1142 1143 1143 1143 1143 1144 1144 1144 1144 1145 1145 1145 1145 -1 -1 -1 -1 1146 1146 1146 1146 1147 1147 1147 1147 1148 1148 1148 1148 1149 1149 1149 1149 1150 1150 1150 1150 1151 1151 1151 1151 1152 1152 1152 1152 1153 1153 1153 1153 1154 1154 1154 1154 1155 1155 1155 1155 1156 1156 1156 1156 1157 1157 1157 1157 1158 1158 1158 1158 1159 1159 1159 1159 1160 1160 1160 1160 1161 1161 1161 1161 1162 1162 1162 1162 1163 1163 1163 1163 1164 1164 1164 1164 1165 1165 1165 1165 1166 1166 1166 1166 1167 1167 1167 1167 1168 1168 1168 1168 1169 1169 1169 1169 1170 1170 1170 1170 1171 1171 1171 1171 1172 1172 1172 1172 1173 1173 1173 1173 1174 1174 1174 1174 1175 1175 1175 1175 1176 1176 1176 1176 1177 1177 1177 1177 1178 1178 1178 1178 1179 1179 1179 1179 1180 1180 1180 1180 1181 1181 1181 1181 1182 1182 1182 1182 1183 1183 1183 1183 1184 1184 1184 1184 1185 1185 1185 1185 1186 1186 1186 1186 1187 1187 1187 1187 1188 1188 1188 1188 1189 1189 1189 1189 1190 1190 1190 1190 1191 1191 1191 1191 1192 1192 1192 1192 1193 1193 1193 1193 1194 1194 1194 1194 1195 1195 1195 1195 1196 1196 1196 1196 1197 1197 1197 1197 1198 1198 1198 1198 1199 1199 1199 1199 1200 1200 1200 1200 1201 1201 1201 1201 1202 1202 1202 1202 1203 1203 1203 1203 1204 1204 1204 1204 1205 1205 1205 1205 1206 1206 1206 1206 1207 1207 1207 1207 1208 1208 1208 1208 1209 1209 1209 1209 1210 1210 1210 1210 1211 1211 1211 1211 1212 1212 1212 1212 1213 1213 1213 1213 1214 1214 1214 1214 1215 1215 1215 1215 1216 1216 1216 1216 1217 1217 1217 1217 1218 1218 1218 1218 1219 1219 1219 1219 1220 1220 1220 1220 1221 1221 1221 1221 1222 1222 1222 1222 1223 1223 1223 1223 1224 1224 1224 1224 1225 1225 1225 1225 1226 1226 1226 1226 1227 1227 1227 1227 1228 1228 1228 1228 1229 1229 1229 1229 1230 1230 1230 1230 1231 1231 1231 1231 1232 1232 1232 1232 1233 1233 1233 1233 1234 1234 1234 1234 1235 1235 1235 1235 1236 1236 1236 1236 1237 1237 1237 1237 1238 1238 1238 1238 1239 1239 1239 1239 1240 1240 1240 1240 1241 1241 1241 1241 1242 1242 1242 1242 1243 1243 1243 1243 1244 1244 1244 1244 1245 1245 1245 1245 1246 1246 1246 1246 1247 1247 1247 1247 1248 1248 1248 1248 1249 1249 1249 1249 1250 1250 1250 1250 1251 1251 1251 1251 1252 1252 1252 1252 1253 1253 1253 1253 1254 1254 1254 1254 1255 1255 1255 1255 1256 1256 1256 1256 1257 1257 1257 1257 1258 1258 1258 1258 1259 1259 1259 1259 1260 1260 1260 1260 1261 1261 1261 1261 1262 1262 1262 1262 1263 1263 1263 1263 1264 1264 1264 1264 1265 1265 1265 1265 1266 1266 1266 1266 1267 1267 1267 1267 1268 1268 1268 1268 1269 1269 1269 1269 1270 1270 1270 1270 1271 1271 1271 1271 1272 1272 1272 1272 1273 1273 1273 1273 1274 1274 1274 1274 1275 1275 1275 1275 1276 1276 1276 1276 1277 1277 1277 1277 1278 1278 1278 1278 1279 1279 1279 1279 1280 1280 1280 1280 1281 1281 1281 1281 1282 1282 1282 1282 1283 1283 1283 1283 1284 1284 1284 1284 1285 1285 1285 1285 1286 1286 1286 1286 1287 1287 1287 1287 -1 -1 -1 -1 1288 1288 1288 1288 1289 1289 1289 1289 1290 1290 1290 1290 1291 1291 1291 1291 1292 1292 1292 1292 1293 1293 1293 1293 1294 1294 1294 1294 1295 1295 1295 1295 1296 1296 1296 1296 1297 1297 1297 1297 1298 1298 1298 1298 1299 1299 1299 1299 1300 1300 1300 1300 1301 1301 1301 1301 1302 1302 1302 1302 1303 1303 1303 1303 1304 1304 1304 1304 1305 1305 1305 1305 1306 1306 1306 1306 1307 1307 1307 1307 1308 1308 1308 1308 1309 1309 1309 1309 1310 1310 1310 1310 1311 1311 1311 1311 1312 1312 1312 1312 1313 1313 1313 1313 1314 1314 1314 1314 1315 1315 1315 1315 1316 1316 1316 1316 1317 1317 1317 1317 1318 1318 1318 1318 1319 1319 1319 1319 1320 1320 1320 1320 1321 1321 1321 1321 1322 1322 1322 1322 1323 1323 1323 1323 1324 1324 1324 1324 1325 1325 1325 1325 1326 1326 1326 1326 1327 1327 1327 1327 1328 1328 1328 1328 1329 1329 1329 1329 1330 1330 1330 1330 1331 1331 1331 1331 1332 1332 1332 1332 1333 1333 1333 1333 1334 1334 1334 1334 1335 1335 1335 1335 1336 1336 1336 1336 1337 1337 1337 1337 1338 1338 1338 1338 1339 1339 1339 1339 1340 1340 1340 1340 1341 1341 1341 1341 1342 1342 1342 1342 1343 1343 1343 1343 1344 1344 1344 1344 1345 1345 1345 1345 1346 1346 1346 1346 1347 1347 1347 1347 1348 1348 1348 1348 1349 1349 1349 1349 1350 1350 1350 1350 1351 1351 1351 1351 1352 1352 1352 1352 1353 1353 1353 1353 1354 1354 1354 1354 1355 1355 1355 1355 1356 1356 1356 1356 1357 1357 1357 1357 1358 1358 1358 1358 1359 1359 1359 1359 1360 1360 1360 1360 1361 1361 1361 1361 1362 1362 1362 1362 1363 1363 1363 1363 1364 1364 1364 1364 1365 1365 1365 1365 1366 1366 1366 1366 1367 1367 1367 1367 1368 1368 1368 1368 1369 1369 1369 1369 1370 1370 1370 1370 1371 1371 1371 1371 1372 1372 1372 1372 1373 1373 1373 1373 1374 1374 1374 1374 1375 1375 1375 1375 1376 1376 1376 1376 1377 1377 1377 1377 1378 1378 1378 1378 1379 1379 1379 1379 1380 1380 1380 1380 1381 1381 1381 1381 1382 1382 1382 1382 1383 1383 1383 1383 1384 1384 1384 1384 1385 1385 1385 1385 1386 1386 1386 1386 1387 1387 1387 1387 1388 1388 1388 1388 1389 1389 1389 1389 1390 1390 1390 1390 1391 1391 1391 1391 -1 -1 -1 -1 1392 1392 1392 1392 1393 1393 1393 1393 1394 1394 1394 1394 1395 1395 1395 1395 1396 1396 1396 1396 1397 1397 1397 1397 1398 1398 1398 1398 1399 1399 1399 1399 1400 1400 1400 1400 1401 1401 1401 1401 1402 1402 1402 1402 1403 1403 1403 1403 1404 1404 1404 1404 1405 1405 1405 1405 1406 1406 1406 1406 1407 1407 1407 1407 1408 1408 1408 1408 1409 1409 1409 1409 1410 1410 1410 1410 1411 1411 1411 1411 1412 1412 1412 1412 1413 1413 1413 1413 1414 1414 1414 1414 1415 1415 1415 1415 1416 1416 1416 1416 1417 1417 1417 1417 1418 1418 1418 1418 1419 1419 1419 1419 1420 1420 1420 1420 1421 1421 1421 1421 1422 1422 1422 1422 1423 1423 1423 1423 1424 1424 1424 1424 1425 1425 1425 1425 1426 1426 1426 1426 1427 1427 1427 1427 1428 1428 1428 1428 1429 1429 1429 1429 1430 1430 1430 1430 1431 1431 1431 1431 1432 1432 1432 1432 1433 1433 1433 1433 1434 1434 1434 1434 1435 1435 1435 1435 1436 1436 1436 1436 1437 1437 1437 1437 1438 1438 1438 1438 1439 1439 1439 1439 1440 1440 1440 1440 1441 1441 1441 1441 1442 1442 1442 1442 1443 1443 1443 1443 1444 1444 1444 1444 1445 1445 1445 1445 1446 1446 1446 1446 1447 1447 1447 1447 1448 1448 1448 1448 1449 1449 1449 1449 1450 1450 1450 1450 1451 1451 1451 1451 1452 1452 1452 1452 1453 1453 1453 1453 1454 1454 1454 1454 1455 1455 1455 1455 1456 1456 1456 1456 1457 1457 1457 1457 1458 1458 1458 1458 1459 1459 1459 1459 1460 1460 1460 1460 1461 1461 1461 1461 1462 1462 1462 1462 1463 1463 1463 1463 1464 1464 1464 1464 1465 1465 1465 1465 1466 1466 1466 1466 1467 1467 1467 1467 1468 1468 1468 1468 1469 1469 1469 1469 1470 1470 1470 1470 1471 1471 1471 1471 1472 1472 1472 1472 1473 1473 1473 1473 1474 1474 1474 1474 1475 1475 1475 1475 1476 1476 1476 1476 1477 1477 1477 1477 1478 1478 1478 1478 1479 1479 1479 1479 1480 1480 1480 1480 1481 1481 1481 1481 1482 1482 1482 1482 1483 1483 1483 1483 1484 1484 1484 1484 1485 1485 1485 1485 1486 1486 1486 1486 1487 1487 1487 1487 1488 1488 1488 1488 1489 1489 1489 1489 1490 1490 1490 1490 1491 1491 1491 1491 1492 1492 1492 1492 1493 1493 1493 1493 1494 1494 1494 1494 1495 1495 1495 1495 1496 1496 1496 1496 1497 1497 1497 1497 1498 1498 1498 1498 -1 -1 -1 -1 1499 1499 1499 1499 1500 1500 1500 1500 1501 1501 1501 1501 1502 1502 1502 1502 1503 1503 1503 1503 1504 1504 1504 1504 1505 1505 1505 1505 1506 1506 1506 1506 1507 1507 1507 1507 1508 1508 1508 1508 1509 1509 1509 1509 1510 1510 1510 1510 1511 1511 1511 1511 1512 1512 1512 1512 1513 1513 1513 1513 1514 1514 1514 1514 1515 1515 1515 1515 1516 1516 1516 1516 1517 1517 1517 1517 1518 1518 1518 1518 1519 1519 1519 1519 1520 1520 1520 1520 1521 1521 1521 1521 1522 1522 1522 1522 1523 1523 1523 1523 1524 1524 1524 1524 1525 1525 1525 1525 1526 1526 1526 1526 1527 1527 1527 1527 1528 1528 1528 1528 1529 1529 1529 1529 1530 1530 1530 1530 1531 1531 1531 1531 1532 1532 1532 1532 1533 1533 1533 1533 1534 1534 1534 1534 1535 1535 1535 1535 1536 1536 1536 1536 1537 1537 1537 1537 1538 1538 1538 1538 1539 1539 1539 1539 1540 1540 1540 1540 1541 1541 1541 1541 1542 1542 1542 1542 1543 1543 1543 1543 1544 1544 1544 1544 1545 1545 1545 1545 1546 1546 1546 1546 1547 1547 1547 1547 1548 1548 1548 1548 1549 1549 1549 1549 1550 1550 1550 1550 1551 1551 1551 1551 1552 1552 1552 1552 1553 1553 1553 1553 1554 1554 1554 1554 1555 1555 1555 1555 1556 1556 1556 1556 1557 1557 1557 1557 1558 1558 1558 1558 1559 1559 1559 1559 1560 1560 1560 1560 1561 1561 1561 1561 1562 1562 1562 1562 1563 1563 1563 1563 1564 1564 1564 1564 1565 1565 1565 1565 1566 1566 1566 1566 1567 1567 1567 1567 1568 1568 1568 1568 1569 1569 1569 1569 1570 1570 1570 1570 1571 1571 1571 1571 1572 1572 1572 1572 1573 1573 1573 1573 1574 1574 1574 1574 1575 1575 1575 1575 1576 1576 1576 1576 1577 1577 1577 1577 1578 1578 1578 1578 1579 1579 1579 1579 1580 1580 1580 1580 1581 1581 1581 1581 1582 1582 1582 1582 1583 1583 1583 1583 1584 1584 1584 1584 1585 1585 1585 1585 1586 1586 1586 1586 1587 1587 1587 1587 1588 1588 1588 1588 1589 1589 1589 1589 1590 1590 1590 1590 1591 1591 1591 1591 1592 1592 1592 1592 1593 1593 1593 1593 1594 1594 1594 1594 1595 1595 1595 1595 1596 1596 1596 1596 1597 1597 1597 1597 1598 1598 1598 1598 1599 1599 1599 1599 1600 1600 1600 1600 1601 1601 1601 1601 1602 1602 1602 1602 1603 1603 1603 1603 1604 1604 1604 1604 1605 1605 1605 1605 1606 1606 1606 1606 1607 1607 1607 1607 1608 1608 1608 1608 1609 1609 1609 1609 1610 1610 1610 1610 1611 1611 1611 1611 -1 -1 -1 -1 1612 1612 1612 1612 1613 1613 1613 1613 1614 1614 1614 1614 1615 1615 1615 1615 -1 -1 -1 -1 -1 -1 -1 -1 1616 1616 1616 1616 -1 -1 -1 -1 1617 1617 1617 1617 -1 -1 -1 -1 -1 -1 -1 -1 -1 -1 -1 -1 -1 -1 -1 -1 -1 -1 -1 -1 -1 -1 -1 -1 -1 -1 -1 -1 -1 -1 -1 -1 -1 -1 -1 -1 -1 -1 -1 -1 -1 -1 -1 -1 -1 -1 -1 -1 -1 -1 -1 -1 -1 -1 -1 -1 -1 -1 -1 -1 -1 -1 -1 -1 -1 -1 -1 -1 -1 -1 -1 -1 1618 1618 1618 1618 1619 1619 1619 1619 1620 1620 1620 1620 1621 1621 1621 1621 1622 1622 1622 1622 1623 1623 1623 1623 1624 1624 1624 1624 1625 1625 1625 1625 1626 1626 1626 1626 -1 -1 -1 -1 1627 1627 1627 1627 1628 1628 1628 1628 1629 1629 1629 1629 -1 -1 -1 -1 1630 1630 1630 1630 1631 1631 1631 1631 1632 1632 1632 1632 1633 1633 1633 1633 1634 1634 1634 1634 1635 1635 1635 1635 1636 1636 1636 1636 1637 1637 1637 1637 1638 1638 1638 1638 1639 1639 1639 1639 1640 1640 1640 1640 1641 1641 1641 1641 1642 1642 1642 1642 1643 1643 1643 1643 -1 -1 -1 -1 1644 1644 1644 1644 1645 1645 1645 1645 1646 1646 1646 1646 1647 1647 1647 1647 1648 1648 1648 1648 1649 1649 1649 1649 1650 1650 1650 1650 1651 1651 1651 1651 1652 1652 1652 1652 1653 1653 1653 1653 1654 1654 1654 1654 1655 1655 1655 1655 1656 1656 1656 1656 1657 1657 1657 1657 1658 1658 1658 1658 1659 1659 1659 1659 1660 1660 1660 1660 1661 1661 1661 1661 1662 1662 1662 1662 1663 1663 1663 1663 1664 1664 1664 1664 1665 1665 1665 1665 1666 1666 1666 1666 1667 1667 1667 1667 1668 1668 1668 1668 1669 1669 1669 1669 1670 1670 1670 1670 1671 1671 1671 1671 -1 -1 -1 -1 1672 1672 1672 1672 1673 1673 1673 1673 1674 1674 1674 1674 1675 1675 1675 1675 1676 1676 1676 1676 1677 1677 1677 1677 1678 1678 1678 1678 1679 1679 1679 1679 1680 1680 1680 1680 1681 1681 1681 1681 1682 1682 1682 1682 1683 1683 1683 1683 -1 -1 -1 -1 1684 1684 1684 1684 -1 -1 -1 -1 -1 -1 -1 -1 1685 1685 1685 1685 1686 1686 1686 1686 1687 1687 1687 1687 1688 1688 1688 1688 1689 1689 1689 1689 1690 1690 1690 1690 1691 1691 1691 1691 1692 1692 1692 1692 1693 1693 1693 1693 1694 1694 1694 1694 1695 1695 1695 1695 1696 1696 1696 1696 1697 1697 1697 1697 1698 1698 1698 1698 1699 1699 1699 1699 1700 1700 1700 1700 1701 1701 1701 1701 1702 1702 1702 1702 1703 1703 1703 1703 1704 1704 1704 1704 1705 1705 1705 1705 1706 1706 1706 1706 1707 1707 1707 1707 1708 1708 1708 1708 1709 1709 1709 1709 1710 1710 1710 1710 1711 1711 1711 1711 1712 1712 1712 1712 -1 -1 -1 -1 -1 -1 -1 -1 1713 1713 1713 1713 1714 1714 1714 1714 1715 1715 1715 1715 1716 1716 1716 1716 1717 1717 1717 1717 1718 1718 1718 1718 1719 1719 1719 1719 1720 1720 1720 1720 1721 1721 1721 1721 1722 1722 1722 1722 1723 1723 1723 1723 1724 1724 1724 1724 1725 1725 1725 1725 1726 1726 1726 1726 1727 1727 1727 1727 1728 1728 1728 1728 1729 1729 1729 1729 1730 1730 1730 1730 -1 -1 -1 -1 1731 1731 1731 1731 1732 1732 1732 1732 1733 1733 1733 1733 -1 -1 -1 -1 -1 -1 -1 -1 -1 -1 -1 -1 -1 -1 -1 -1 -1 -1 -1 -1 -1 -1 -1 -1 -1 -1 -1 -1 -1 -1 -1 -1 -1 -1 -1 -1 -1 -1 -1 -1 1734 1734 1734 1734 1735 1735 1735 1735 1736 1736 1736 1736 -1 -1 -1 -1 -1 -1 -1 -1 1737 1737 1737 1737 -1 -1 -1 -1 1738 1738 1738 1738 -1 -1 -1 -1 1739 1739 1739 1739 1740 1740 1740 1740 1741 1741 1741 1741 1742 1742 1742 1742 1743 1743 1743 1743 1744 1744 1744 1744 1745 1745 1745 1745 1746 1746 1746 1746 1747 1747 1747 1747 -1 -1 -1 -1 1748 1748 1748 1748 1749 1749 1749 1749 1750 1750 1750 1750 1751 1751 1751 1751 1752 1752 1752 1752 1753 1753 1753 1753 1754 1754 1754 1754 1755 1755 1755 1755 1756 1756 1756 1756 1757 1757 1757 1757 1758 1758 1758 1758 1759 1759 1759 1759 1760 1760 1760 1760 1761 1761 1761 1761 -1 -1 -1 -1 -1 -1 -1 -1 1762 1762 1762 1762 1763 1763 1763 1763 1764 1764 1764 1764 1765 1765 1765 1765 1766 1766 1766 1766 1767 1767 1767 1767 1768 1768 1768 1768 1769 1769 1769 1769 1770 1770 1770 1770 1771 1771 1771 1771 1772 1772 1772 1772 1773 1773 1773 1773 1774 1774 1774 1774 1775 1775 1775 1775 1776 1776 1776 1776 1777 1777 1777 1777 1778 1778 1778 1778 1779 1779 1779 1779 1780 1780 1780 1780 1781 1781 1781 1781 1782 1782 1782 1782 1783 1783 1783 1783 1784 1784 1784 1784 1785 1785 1785 1785 1786 1786 1786 1786 1787 1787 1787 1787 1788 1788 1788 1788 -1 -1 -1 -1 1789 1789 1789 1789 1790 1790 1790 1790 1791 1791 1791 1791 1792 1792 1792 1792 1793 1793 1793 1793 1794 1794 1794 1794 1795 1795 1795 1795 1796 1796 1796 1796 -1 -1 -1 -1 1797 1797 1797 1797 1798 1798 1798 1798 1799 1799 1799 1799 1800 1800 1800 1800 1801 1801 1801 1801 1802 1802 1802 1802 -1 -1 -1 -1 1803 1803 1803 1803 1804 1804 1804 1804 1805 1805 1805 1805 1806 1806 1806 1806 1807 1807 1807 1807 1808 1808 1808 1808 -1 -1 -1 -1 -1 -1 -1 -1 1809 1809 1809 1809 1810 1810 1810 1810 -1 -1 -1 -1 -1 -1 -1 -1 -1 -1 -1 -1 -1 -1 -1 -1 -1 -1 -1 -1 -1 -1 -1 -1 -1 -1 -1 -1 1811 1811 1811 1811 1812 1812 1812 1812 1813 1813 1813 1813 1814 1814 1814 1814 1815 1815 1815 1815 1816 1816 1816 1816 -1 -1 -1 -1 -1 -1 -1 -1 1817 1817 1817 1817 1818 1818 1818 1818 1819 1819 1819 1819 1820 1820 1820 1820 -1 -1 -1 -1 1821 1821 1821 1821 1822 1822 1822 1822 1823 1823 1823 1823 1824 1824 1824 1824 1825 1825 1825 1825 1826 1826 1826 1826 1827 1827 1827 1827 1828 1828 1828 1828 1829 1829 1829 1829 1830 1830 1830 1830 1831 1831 1831 1831 1832 1832 1832 1832 1833 1833 1833 1833 1834 1834 1834 1834 1835 1835 1835 1835 -1 -1 -1 -1 -1 -1 -1 -1 -1 -1 -1 -1 -1 -1 -1 -1 -1 -1 -1 -1 -1 -1 -1 -1 1836 1836 1836 1836 1837 1837 1837 1837 1838 1838 1838 1838 1839 1839 1839 1839 1840 1840 1840 1840 1841 1841 1841 1841 1842 1842 1842 1842 1843 1843 1843 1843 1844 1844 1844 1844 1845 1845 1845 1845 -1 -1 -1 -1 -1 -1 -1 -1 -1 -1 -1 -1 -1 -1 -1 -1 -1 -1 -1 -1 -1 -1 -1 -1 1846 1846 1846 1846 -1 -1 -1 -1 -1 -1 -1 -1 -1 -1 -1 -1 -1 -1 -1 -1 -1 -1 -1 -1 1847 1847 1847 1847 1848 1848 1848 1848 1849 1849 1849 1849 1850 1850 1850 1850 1851 1851 1851 1851 1852 1852 1852 1852 1853 1853 1853 1853 1854 1854 1854 1854 -1 -1 -1 -1 1855 1855 1855 1855 1856 1856 1856 1856 1857 1857 1857 1857 1858 1858 1858 1858 1859 1859 1859 1859 1860 1860 1860 1860 1861 1861 1861 1861 1862 1862 1862 1862 1863 1863 1863 1863 1864 1864 1864 1864 1865 1865 1865 1865 1866 1866 1866 1866 -1 -1 -1 -1 -1 -1 -1 -1 1867 1867 1867 1867 -1 -1 -1 -1 1868 1868 1868 1868 1869 1869 1869 1869 1870 1870 1870 1870 -1 -1 -1 -1 -1 -1 -1 -1 -1 -1 -1 -1 -1 -1 -1 -1 1871 1871 1871 1871 1872 1872 1872 1872 1873 1873 1873 1873 1874 1874 1874 1874 1875 1875 1875 1875 1876 1876 1876 1876 1877 1877 1877 1877 -1 -1 -1 -1 1878 1878 1878 1878 -1 -1 -1 -1 -1 -1 -1 -1 -1 -1 -1 -1 -1 -1 -1 -1 -1 -1 -1 -1 1879 1879 1879 1879 -1 -1 -1 -1 -1 -1 -1 -1 -1 -1 -1 -1 -1 -1 -1 -1 -1 -1 -1 -1 -1 -1 -1 -1 -1 -1 -1 -1 1880 1880 1880 1880 1881 1881 1881 1881 1882 1882 1882 1882 1883 1883 1883 1883 1884 1884 1884 1884 1885 1885 1885 1885 -1 -1 -1 -1 -1 -1 -1 -1 -1 -1 -1 -1 -1 -1 -1 -1 1886 1886 1886 1886 -1 -1 -1 -1 1887 1887 1887 1887 1888 1888 1888 1888 1889 1889 1889 1889 1890 1890 1890 1890 -1 -1 -1 -1 -1 -1 -1 -1 -1 -1 -1 -1 -1 -1 -1 -1 1891 1891 1891 1891 1892 1892 1892 1892 1893 1893 1893 1893 1894 1894 1894 1894 1895 1895 1895 1895 1896 1896 1896 1896 1897 1897 1897 1897 1898 1898 1898 1898 1899 1899 1899 1899 1900 1900 1900 1900 1901 1901 1901 1901 1902 1902 1902 1902 1903 1903 1903 1903 1904 1904 1904 1904 -1 -1 -1 -1 1905 1905 1905 1905 1906 1906 1906 1906 1907 1907 1907 1907 -1 -1 -1 -1 -1 -1 -1 -1 -1 -1 -1 -1 -1 -1 -1 -1 1908 1908 1908 1908 1909 1909 1909 1909 1910 1910 1910 1910 1911 1911 1911 1911 1912 1912 1912 1912 1913 1913 1913 1913 1914 1914 1914 1914 1915 1915 1915 1915 -1 -1 -1 -1 -1 -1 -1 -1 1916 1916 1916 1916 -1 -1 -1 -1 1917 1917 1917 1917 1918 1918 1918 1918 1919 1919 1919 1919 1920 1920 1920 1920 1921 1921 1921 1921 1922 1922 1922 1922 1923 1923 1923 1923 1924 1924 1924 1924 1925 1925 1925 1925 1926 1926 1926 1926 1927 1927 1927 1927 1928 1928 1928 1928 1929 1929 1929 1929 1930 1930 1930 1930 1931 1931 1931 1931 1932 1932 1932 1932 1933 1933 1933 1933 1934 1934 1934 1934 1935 1935 1935 1935 1936 1936 1936 1936 1937 1937 1937 1937 1938 1938 1938 1938 1939 1939 1939 1939 1940 1940 1940 1940 1941 1941 1941 1941 1942 1942 1942 1942 1943 1943 1943 1943 -1 -1 -1 -1 1944 1944 1944 1944 1945 1945 1945 1945 1946 1946 1946 1946 1947 1947 1947 1947 1948 1948 1948 1948 1949 1949 1949 1949 1950 1950 1950 1950 1951 1951 1951 1951 1952 1952 1952 1952 1953 1953 1953 1953 1954 1954 1954 1954 1955 1955 1955 1955 1956 1956 1956 1956 -1 -1 -1 -1 1957 1957 1957 1957 1958 1958 1958 1958 1959 1959 1959 1959 1960 1960 1960 1960 1961 1961 1961 1961 1962 1962 1962 1962 1963 1963 1963 1963 1964 1964 1964 1964 1965 1965 1965 1965 -1 -1 -1 -1 1966 1966 1966 1966 1967 1967 1967 1967 1968 1968 1968 1968 1969 1969 1969 1969 1970 1970 1970 1970 1971 1971 1971 1971 1972 1972 1972 1972 1973 1973 1973 1973 1974 1974 1974 1974 -1 -1 -1 -1 1975 1975 1975 1975 1976 1976 1976 1976 -1 -1 -1 -1 -1 -1 -1 -1 -1 -1 -1 -1 -1 -1 -1 -1 1977 1977 1977 1977 1978 1978 1978 1978 -1 -1 -1 -1 1979 1979 1979 1979 -1 -1 -1 -1 -1 -1 -1 -1 -1 -1 -1 -1 -1 -1 -1 -1 1980 1980 1980 1980 1981 1981 1981 1981 1982 1982 1982 1982 1983 1983 1983 1983 1984 1984 1984 1984 1985 1985 1985 1985 1986 1986 1986 1986 1987 1987 1987 1987 1988 1988 1988 1988 1989 1989 1989 1989 1990 1990 1990 1990 1991 1991 1991 1991 1992 1992 1992 1992 1993 1993 1993 1993 1994 1994 1994 1994 1995 1995 1995 1995 1996 1996 1996 1996 1997 1997 1997 1997 1998 1998 1998 1998 1999 1999 1999 1999 2000 2000 2000 2000 -1 -1 -1 -1 -1 -1 -1 -1 -1 -1 -1 -1 -1 -1 -1 -1 -1 -1 -1 -1 2001 2001 2001 2001 2002 2002 2002 2002 -1 -1 -1 -1 -1 -1 -1 -1 -1 -1 -1 -1 -1 -1 -1 -1 -1 -1 -1 -1 -1 -1 -1 -1 2003 2003 2003 2003 -1 -1 -1 -1 -1 -1 -1 -1 -1 -1 -1 -1 -1 -1 -1 -1 -1 -1 -1 -1 -1 -1 -1 -1 -1 -1 -1 -1 -1 -1 -1 -1 -1 -1 -1 -1 2004 2004 2004 2004 2005 2005 2005 2005 2006 2006 2006 2006 2007 2007 2007 2007 2008 2008 2008 2008 2009 2009 2009 2009 2010 2010 2010 2010 2011 2011 2011 2011 2012 2012 2012 2012 2013 2013 2013 2013 -1 -1 -1 -1 -1 -1 -1 -1 -1 -1 -1 -1 -1 -1 -1 -1 -1 -1 -1 -1 -1 -1 -1 -1 -1 -1 -1 -1 -1 -1 -1 -1 -1 -1 -1 -1 -1 -1 -1 -1 2014 2014 2014 2014 2015 2015 2015 2015 2016 2016 2016 2016 2017 2017 2017 2017 2018 2018 2018 2018 2019 2019 2019 2019 2020 2020 2020 2020 2021 2021 2021 2021 2022 2022 2022 2022 2023 2023 2023 2023 2024 2024 2024 2024 2025 2025 2025 2025 2026 2026 2026 2026 2027 2027 2027 2027 2028 2028 2028 2028 -1 -1 -1 -1 2029 2029 2029 2029 2030 2030 2030 2030 2031 2031 2031 2031 2032 2032 2032 2032 2033 2033 2033 2033 2034 2034 2034 2034 2035 2035 2035 2035 2036 2036 2036 2036 2037 2037 2037 2037 2038 2038 2038 2038 2039 2039 2039 2039 2040 2040 2040 2040 2041 2041 2041 2041 2042 2042 2042 2042 2043 2043 2043 2043 2044 2044 2044 2044 2045 2045 2045 2045 2046 2046 2046 2046 2047 2047 2047 2047 2048 2048 2048 2048 2049 2049 2049 2049 2050 2050 2050 2050 -1 -1 -1 -1 2051 2051 2051 2051 2052 2052 2052 2052 2053 2053 2053 2053 2054 2054 2054 2054 2055 2055 2055 2055 2056 2056 2056 2056 2057 2057 2057 2057 2058 2058 2058 2058 2059 2059 2059 2059 2060 2060 2060 2060 -1 -1 -1 -1 2061 2061 2061 2061 2062 2062 2062 2062 2063 2063 2063 2063 2064 2064 2064 2064 2065 2065 2065 2065 2066 2066 2066 2066 2067 2067 2067 2067 2068 2068 2068 2068 2069 2069 2069 2069 2070 2070 2070 2070 2071 2071 2071 2071 2072 2072 2072 2072 -1 -1 -1 -1 -1 -1 -1 -1 2073 2073 2073 2073 2074 2074 2074 2074 2075 2075 2075 2075 2076 2076 2076 2076 2077 2077 2077 2077 2078 2078 2078 2078 2079 2079 2079 2079 2080 2080 2080 2080 -1 -1 -1 -1 2081 2081 2081 2081 2082 2082 2082 2082 2083 2083 2083 2083 -1 -1 -1 -1 -1 -1 -1 -1 2084 2084 2084 2084 2085 2085 2085 2085 -1 -1 -1 -1 -1 -1 -1 -1 2086 2086 2086 2086 -1 -1 -1 -1 -1 -1 -1 -1 -1 -1 -1 -1 -1 -1 -1 -1 -1 -1 -1 -1 2087 2087 2087 2087 2088 2088 2088 2088 -1 -1 -1 -1 -1 -1 -1 -1 -1 -1 -1 -1 -1 -1 -1 -1 -1 -1 -1 -1 -1 -1 -1 -1 -1 -1 -1 -1 -1 -1 -1 -1 -1 -1 -1 -1 -1 -1 -1 -1 2089 2089 2089 2089 2090 2090 2090 2090 2091 2091 2091 2091 2092 2092 2092 2092 2093 2093 2093 2093 2094 2094 2094 2094 2095 2095 2095 2095 2096 2096 2096 2096 -1 -1 -1 -1 -1 -1 -1 -1 2097 2097 2097 2097 2098 2098 2098 2098 2099 2099 2099 2099 2100 2100 2100 2100 2101 2101 2101 2101 2102 2102 2102 2102 2103 2103 2103 2103 2104 2104 2104 2104 2105 2105 2105 2105 2106 2106 2106 2106 2107 2107 2107 2107 2108 2108 2108 2108 2109 2109 2109 2109 2110 2110 2110 2110 2111 2111 2111 2111 2112 2112 2112 2112 2113 2113 2113 2113 2114 2114 2114 2114 -1 -1 -1 -1 -1 -1 -1 -1 -1 -1 -1 -1 -1 -1 -1 -1 2115 2115 2115 2115 -1 -1 -1 -1 2116 2116 2116 2116 2117 2117 2117 2117 2118 2118 2118 2118 2119 2119 2119 2119 2120 2120 2120 2120 -1 -1 -1 -1 2121 2121 2121 2121 2122 2122 2122 2122 2123 2123 2123 2123 2124 2124 2124 2124 2125 2125 2125 2125 2126 2126 2126 2126 2127 2127 2127 2127 2128 2128 2128 2128 2129 2129 2129 2129 2130 2130 2130 2130 2131 2131 2131 2131 2132 2132 2132 2132 2133 2133 2133 2133 2134 2134 2134 2134 2135 2135 2135 2135 -1 -1 -1 -1 2136 2136 2136 2136 2137 2137 2137 2137 -1 -1 -1 -1 -1 -1 -1 -1 2138 2138 2138 2138 2139 2139 2139 2139 2140 2140 2140 2140 2141 2141 2141 2141 -1 -1 -1 -1 -1 -1 -1 -1 2142 2142 2142 2142 -1 -1 -1 -1 -1 -1 -1 -1 -1 -1 -1 -1 -1 -1 -1 -1 -1 -1 -1 -1 -1 -1 -1 -1 -1 -1 -1 -1 -1 -1 -1 -1 -1 -1 -1 -1 -1 -1 -1 -1 -1 -1 -1 -1 -1 -1 -1 -1 -1 -1 -1 -1 -1 -1 -1 -1 -1 -1 -1 -1 2143 2143 2143 2143 -1 -1 -1 -1 -1 -1 -1 -1 -1 -1 -1 -1 -1 -1 -1 -1 -1 -1 -1 -1 -1 -1 -1 -1 -1 -1 -1 -1 -1 -1 -1 -1 -1 -1 -1 -1 2144 2144 2144 2144 2145 2145 2145 2145 2146 2146 2146 2146 2147 2147 2147 2147 2148 2148 2148 2148 2149 2149 2149 2149 2150 2150 2150 2150 2151 2151 2151 2151 2152 2152 2152 2152 -1 -1 -1 -1 2153 2153 2153 2153 2154 2154 2154 2154 -1 -1 -1 -1 -1 -1 -1 -1 -1 -1 -1 -1 -1 -1 -1 -1 2155 2155 2155 2155 2156 2156 2156 2156 -1 -1 -1 -1 -1 -1 -1 -1 -1 -1 -1 -1 -1 -1 -1 -1 2157 2157 2157 2157 2158 2158 2158 2158 -1 -1 -1 -1 2159 2159 2159 2159 2160 2160 2160 2160 2161 2161 2161 2161 2162 2162 2162 2162 2163 2163 2163 2163 2164 2164 2164 2164 2165 2165 2165 2165 2166 2166 2166 2166 2167 2167 2167 2167 2168 2168 2168 2168 2169 2169 2169 2169 2170 2170 2170 2170 2171 2171 2171 2171 2172 2172 2172 2172 -1 -1 -1 -1 2173 2173 2173 2173 2174 2174 2174 2174 -1 -1 -1 -1 -1 -1 -1 -1 2175 2175 2175 2175 2176 2176 2176 2176 -1 -1 -1 -1 -1 -1 -1 -1 2177 2177 2177 2177 -1 -1 -1 -1 -1 -1 -1 -1 -1 -1 -1 -1 -1 -1 -1 -1 2178 2178 2178 2178 -1 -1 -1 -1 -1 -1 -1 -1 -1 -1 -1 -1 -1 -1 -1 -1 -1 -1 -1 -1 -1 -1 -1 -1 2179 2179 2179 2179 2180 2180 2180 2180 2181 2181 2181 2181 2182 2182 2182 2182 2183 2183 2183 2183 2184 2184 2184 2184 2185 2185 2185 2185 -1 -1 -1 -1 2186 2186 2186 2186 2187 2187 2187 2187 2188 2188 2188 2188 2189 2189 2189 2189 2190 2190 2190 2190 2191 2191 2191 2191 -1 -1 -1 -1 -1 -1 -1 -1 2192 2192 2192 2192 2193 2193 2193 2193 2194 2194 2194 2194 2195 2195 2195 2195 2196 2196 2196 2196 2197 2197 2197 2197 2198 2198 2198 2198 2199 2199 2199 2199 -1 -1 -1 -1 -1 -1 -1 -1 2200 2200 2200 2200 2201 2201 2201 2201 -1 -1 -1 -1 -1 -1 -1 -1 2202 2202 2202 2202 -1 -1 -1 -1 -1 -1 -1 -1 -1 -1 -1 -1 -1 -1 -1 -1 -1 -1 -1 -1 2203 2203 2203 2203 2204 2204 2204 2204 -1 -1 -1 -1 -1 -1 -1 -1 -1 -1 -1 -1 -1 -1 -1 -1 -1 -1 -1 -1 -1 -1 -1 -1 -1 -1 -1 -1 -1 -1 -1 -1 -1 -1 -1 -1 -1 -1 -1 -1 -1 -1 -1 -1 -1 -1 -1 -1 -1 -1 -1 -1 -1 -1 -1 -1 2205 2205 2205 2205 2206 2206 2206 2206 2207 2207 2207 2207 2208 2208 2208 2208 2209 2209 2209 2209 2210 2210 2210 2210 -1 -1 -1 -1 -1 -1 -1 -1 -1 -1 -1 -1 -1 -1 -1 -1 -1 -1 -1 -1 -1 -1 -1 -1 2211 2211 2211 2211 2212 2212 2212 2212 -1 -1 -1 -1 -1 -1 -1 -1 -1 -1 -1 -1 -1 -1 -1 -1 2213 2213 2213 2213 2214 2214 2214 2214 2215 2215 2215 2215 2216 2216 2216 2216 2217 2217 2217 2217 2218 2218 2218 2218 -1 -1 -1 -1 -1 -1 -1 -1 -1 -1 -1 -1 2219 2219 2219 2219 2220 2220 2220 2220 2221 2221 2221 2221 2222 2222 2222 2222 -1 -1 -1 -1 2223 2223 2223 2223 2224 2224 2224 2224 -1 -1 -1 -1 2225 2225 2225 2225 2226 2226 2226 2226 2227 2227 2227 2227 -1 -1 -1 -1 -1 -1 -1 -1 -1 -1 -1 -1 -1 -1 -1 -1 2228 2228 2228 2228 -1 -1 -1 -1 -1 -1 -1 -1 -1 -1 -1 -1 -1 -1 -1 -1 -1 -1 -1 -1 2229 2229 2229 2229 -1 -1 -1 -1 2230 2230 2230 2230 2231 2231 2231 2231 -1 -1 -1 -1 -1 -1 -1 -1 2232 2232 2232 2232 2233 2233 2233 2233 -1 -1 -1 -1 -1 -1 -1 -1 2234 2234 2234 2234 2235 2235 2235 2235 2236 2236 2236 2236 2237 2237 2237 2237 2238 2238 2238 2238 2239 2239 2239 2239 -1 -1 -1 -1 2240 2240 2240 2240 2241 2241 2241 2241 2242 2242 2242 2242 2243 2243 2243 2243 2244 2244 2244 2244 2245 2245 2245 2245 2246 2246 2246 2246 2247 2247 2247 2247 2248 2248 2248 2248 2249 2249 2249 2249 2250 2250 2250 2250 2251 2251 2251 2251 -1 -1 -1 -1 2252 2252 2252 2252 2253 2253 2253 2253 2254 2254 2254 2254 2255 2255 2255 2255 2256 2256 2256 2256 2257 2257 2257 2257 2258 2258 2258 2258 2259 2259 2259 2259 2260 2260 2260 2260 -1 -1 -1 -1 -1 -1 -1 -1 -1 -1 -1 -1 -1 -1 -1 -1 -1 -1 -1 -1 2261 2261 2261 2261 -1 -1 -1 -1 -1 -1 -1 -1 -1 -1 -1 -1 -1 -1 -1 -1 -1 -1 -1 -1 2262 2262 2262 2262 2263 2263 2263 2263 2264 2264 2264 2264 2265 2265 2265 2265 2266 2266 2266 2266 2267 2267 2267 2267 2268 2268 2268 2268 2269 2269 2269 2269 2270 2270 2270 2270 2271 2271 2271 2271 2272 2272 2272 2272 2273 2273 2273 2273 2274 2274 2274 2274 2275 2275 2275 2275 2276 2276 2276 2276 2277 2277 2277 2277 -1 -1 -1 -1 -1 -1 -1 -1 -1 -1 -1 -1 -1 -1 -1 -1 -1 -1 -1 -1 -1 -1 -1 -1 -1 -1 -1 -1 -1 -1 -1 -1 -1 -1 -1 -1 -1 -1 -1 -1 2278 2278 2278 2278 2279 2279 2279 2279 2280 2280 2280 2280 -1 -1 -1 -1 -1 -1 -1 -1 -1 -1 -1 -1 -1 -1 -1 -1 -1 -1 -1 -1 -1 -1 -1 -1 -1 -1 -1 -1 -1 -1 -1 -1 -1 -1 -1 -1 -1 -1 -1 -1 -1 -1 -1 -1 2281 2281 2281 2281 2282 2282 2282 2282 -1 -1 -1 -1 -1 -1 -1 -1 -1 -1 -1 -1 -1 -1 -1 -1 2283 2283 2283 2283 2284 2284 2284 2284 2285 2285 2285 2285 2286 2286 2286 2286 2287 2287 2287 2287 2288 2288 2288 2288 2289 2289 2289 2289 -1 -1 -1 -1 -1 -1 -1 -1 -1 -1 -1 -1 -1 -1 -1 -1 -1 -1 -1 -1 -1 -1 -1 -1 -1 -1 -1 -1 -1 -1 -1 -1 -1 -1 -1 -1 2290 2290 2290 2290 2291 2291 2291 2291 2292 2292 2292 2292 2293 2293 2293 2293 2294 2294 2294 2294 2295 2295 2295 2295 2296 2296 2296 2296 2297 2297 2297 2297 2298 2298 2298 2298 2299 2299 2299 2299 2300 2300 2300 2300 2301 2301 2301 2301 2302 2302 2302 2302 -1 -1 -1 -1 2303 2303 2303 2303 2304 2304 2304 2304 2305 2305 2305 2305 2306 2306 2306 2306 2307 2307 2307 2307 2308 2308 2308 2308 2309 2309 2309 2309 2310 2310 2310 2310 2311 2311 2311 2311 2312 2312 2312 2312 2313 2313 2313 2313 2314 2314 2314 2314 2315 2315 2315 2315 2316 2316 2316 2316 2317 2317 2317 2317 2318 2318 2318 2318 2319 2319 2319 2319 2320 2320 2320 2320 2321 2321 2321 2321 -1 -1 -1 -1 2322 2322 2322 2322 2323 2323 2323 2323 2324 2324 2324 2324 2325 2325 2325 2325 2326 2326 2326 2326 -1 -1 -1 -1 -1 -1 -1 -1 -1 -1 -1 -1 -1 -1 -1 -1 -1 -1 -1 -1 -1 -1 -1 -1 -1 -1 -1 -1 -1 -1 -1 -1 -1 -1 -1 -1 2327 2327 2327 2327 2328 2328 2328 2328 2329 2329 2329 2329 2330 2330 2330 2330 2331 2331 2331 2331 2332 2332 2332 2332 2333 2333 2333 2333 2334 2334 2334 2334 2335 2335 2335 2335 2336 2336 2336 2336 2337 2337 2337 2337 2338 2338 2338 2338 2339 2339 2339 2339 2340 2340 2340 2340 2341 2341 2341 2341 -1 -1 -1 -1 2342 2342 2342 2342 2343 2343 2343 2343 -1 -1 -1 -1 -1 -1 -1 -1 -1 -1 -1 -1 -1 -1 -1 -1 2344 2344 2344 2344 2345 2345 2345 2345 -1 -1 -1 -1 -1 -1 -1 -1 -1 -1 -1 -1 -1 -1 -1 -1 2346 2346 2346 2346 2347 2347 2347 2347 2348 2348 2348 2348 2349 2349 2349 2349 2350 2350 2350 2350 2351 2351 2351 2351 2352 2352 2352 2352 2353 2353 2353 2353 2354 2354 2354 2354 -1 -1 -1 -1 2355 2355 2355 2355 2356 2356 2356 2356 -1 -1 -1 -1 -1 -1 -1 -1 2357 2357 2357 2357 2358 2358 2358 2358 -1 -1 -1 -1 -1 -1 -1 -1 -1 -1 -1 -1 -1 -1 -1 -1 -1 -1 -1 -1 -1 -1 -1 -1 2359 2359 2359 2359 2360 2360 2360 2360 2361 2361 2361 2361 2362 2362 2362 2362 2363 2363 2363 2363 -1 -1 -1 -1 -1 -1 -1 -1 -1 -1 -1 -1 -1 -1 -1 -1 -1 -1 -1 -1 2364 2364 2364 2364 2365 2365 2365 2365 -1 -1 -1 -1 -1 -1 -1 -1 -1 -1 -1 -1 -1 -1 -1 -1 2366 2366 2366 2366 2367 2367 2367 2367 2368 2368 2368 2368 2369 2369 2369 2369 2370 2370 2370 2370 2371 2371 2371 2371 2372 2372 2372 2372 2373 2373 2373 2373 2374 2374 2374 2374 2375 2375 2375 2375 2376 2376 2376 2376 2377 2377 2377 2377 2378 2378 2378 2378 2379 2379 2379 2379 2380 2380 2380 2380 2381 2381 2381 2381 2382 2382 2382 2382 2383 2383 2383 2383 2384 2384 2384 2384 2385 2385 2385 2385 2386 2386 2386 2386 2387 2387 2387 2387 2388 2388 2388 2388 2389 2389 2389 2389 2390 2390 2390 2390 2391 2391 2391 2391 2392 2392 2392 2392 2393 2393 2393 2393 2394 2394 2394 2394 2395 2395 2395 2395 -1 -1 -1 -1 -1 -1 -1 -1 -1 -1 -1 -1 -1 -1 -1 -1 -1 -1 -1 -1 -1 -1 -1 -1 -1 -1 -1 -1 -1 -1 -1 -1 -1 -1 -1 -1 -1 -1 -1 -1 -1 -1 -1 -1 -1 -1 -1 -1 -1 -1 -1 -1 -1 -1 -1 -1 -1 -1 -1 -1 -1 -1 -1 -1 -1 -1 -1 -1 -1 -1 -1 -1 -1 -1 -1 -1 -1 -1 -1 -1 -1 -1 -1 -1 -1 -1 -1 -1 -1 -1 -1 -1 -1 -1 -1 -1 -1 -1 -1 -1 -1 -1 -1 -1 -1 -1 -1 -1 -1 -1 -1 -1 -1 -1 -1 -1 -1 -1 -1 -1 -1 -1 -1 -1 -1 -1 -1 -1 -1 -1 -1 -1 -1 -1 -1 -1 -1 -1 -1 -1 -1 -1 -1 -1 -1 -1 -1 -1 -1 -1 -1 -1 -1 -1 -1 -1 -1 -1 -1 -1 -1 -1 -1 -1 -1 -1 -1 -1 -1 -1 -1 -1 -1 -1 -1 -1 -1 -1 -1 -1 -1 -1 -1 -1 -1 -1 -1 -1 -1 -1 -1 -1 -1 -1 -1 -1 -1 -1 -1 -1 -1 -1 -1 -1 -1 -1 -1 -1 -1 -1 -1 -1 -1 -1 -1 -1 -1 -1 -1 -1 -1 -1 -1 -1 -1 -1 -1 -1 -1 -1 -1 -1 -1 -1 -1 -1 -1 -1 -1 -1 -1 -1 -1 -1 -1 -1 -1 -1 -1 -1 -1 -1 -1 -1 -1 -1 -1 -1 -1 -1 -1 -1 -1 -1 -1 -1 -1 -1 -1 -1 -1 -1 -1 -1 -1 -1 -1 -1 -1 -1 -1 -1 -1 -1 -1 -1 -1 -1 -1 -1 -1 -1 -1 -1 -1 -1 -1 -1 -1 -1 -1 -1 -1 -1 -1 -1 -1 -1 -1 -1 -1 -1 -1 -1 -1 -1 -1 -1 -1 -1 -1 -1 -1 -1 -1 -1 -1 -1 -1 -1 -1 -1 -1 -1 -1 -1 -1 -1 -1 -1 -1 -1 -1 -1 -1 -1 -1 -1 -1 -1 -1 -1 -1 -1 -1 -1 -1 -1 -1 -1 -1 -1 -1 -1 -1 -1 -1 -1 -1 -1 -1 -1 -1 -1 -1 -1 -1 -1 -1 -1 -1 -1 -1 -1 -1 -1 -1 -1 -1 -1 -1 -1 -1 -1 -1 -1 -1 -1 -1 -1 -1 -1 -1 -1 -1 -1 -1 -1 -1 -1 -1 -1 -1 -1 -1 -1 -1 -1 -1 -1 -1 -1 -1 -1 -1 -1 -1 -1 -1 -1 -1 -1 -1 -1 -1 -1 -1 -1 -1 -1 -1 -1 -1 -1 -1 -1 -1 -1 -1 -1 -1 -1 -1 -1 -1 -1 -1 -1 -1 -1 -1 -1 -1 -1 -1 -1 -1 -1 -1 -1 -1 -1 -1 -1 -1 -1 -1 -1 -1 -1 -1 -1 -1 -1 -1 -1 -1 -1 -1 -1 -1 -1 -1 -1 -1 -1 -1 -1 -1 -1 -1 -1 -1 -1 -1 -1 -1 -1 -1 -1 -1 -1 -1 -1 -1 -1 -1 -1 -1 -1 -1 -1 -1 -1 -1 -1 -1 -1 -1 -1 -1 -1 -1 -1 -1 -1 -1 -1 -1 -1 -1 -1 -1 -1 -1 -1 -1 -1 -1 -1 -1 -1 -1 -1 -1 -1 -1 -1 -1 -1 -1 -1 -1 -1 -1 -1 -1 -1 -1 -1 -1 -1 -1 -1 -1 -1 -1 -1 -1 -1 -1 -1 -1 -1 -1 -1 -1 -1 -1 -1 -1 -1 -1 -1 -1 -1 -1 -1 -1 -1 -1 -1 -1 -1 -1 -1 -1 -1 -1 -1 -1 -1 -1 -1 -1 -1 -1 -1 -1 -1 -1 -1 -1 -1 -1 -1 -1 -1 -1 -1 -1 -1 -1 -1 -1 -1 -1 -1 -1 -1 -1 -1 -1 -1 -1 -1 -1 -1 -1 -1 -1 -1 -1 -1 -1 -1 -1 -1 -1 -1 -1 -1 -1 -1 -1 -1 -1 -1 -1 -1 -1 -1 -1 -1 -1 -1 -1 -1 -1 -1 -1 -1 -1 -1 -1 -1 -1 -1 -1 -1 -1 -1 -1 -1 -1 -1 -1 -1 -1 -1 -1 -1 -1 -1 -1 -1 -1 -1 -1 -1 -1 -1 -1 -1 -1 -1 -1 -1 -1 -1 -1 -1 -1 -1 -1 -1 -1 -1 -1 -1 -1 -1 -1 -1 -1 -1 -1 -1 -1 -1 -1 -1 -1 -1 -1 -1 -1 -1 -1 -1 -1 -1 -1 -1 -1 -1 -1 -1 -1 -1 -1 -1 -1 -1 -1 -1 -1 -1 -1 -1 -1 -1 -1 -1 -1 -1 -1 -1 -1 -1 -1 -1 -1 -1 -1 -1 -1 -1 -1 -1 -1 -1 -1 -1 -1 -1 -1 -1 -1 -1 -1 -1 -1 -1 -1 -1 -1 -1 -1 -1 -1 -1 -1 -1 -1 -1 -1 -1 -1 -1 -1 -1 -1 -1 -1 -1 -1 -1 -1 -1 -1 -1 -1 -1 -1 -1 -1 -1 -1 -1 -1 -1 -1 -1 -1 -1 -1 -1 -1 -1 -1 -1 -1 -1 -1 -1 -1 -1 -1 -1 -1 -1 -1 -1 -1 -1 -1 -1 -1 -1 -1 -1 -1 -1 -1 -1 -1 -1 -1 -1 -1 -1 -1 -1 -1 -1 -1 -1 -1 -1 -1 -1 -1 -1 -1 -1 -1 -1 -1 -1 -1 -1 -1 -1 -1 -1 -1 -1 -1 -1 -1 -1 -1 -1 -1 -1 -1 -1 -1 -1 -1 -1 -1 -1 -1 -1 -1 -1 -1 -1 -1 -1 -1 -1 -1 -1 -1 -1 -1 -1 -1 -1 -1 -1 -1 -1 -1 -1 -1 -1 -1 -1 -1 -1 -1 -1 -1 -1 -1 -1 -1 -1 -1 -1 -1 -1 -1 -1 -1 -1 -1 -1 -1 -1 -1 -1 -1 -1 -1 -1 -1 -1 -1 -1 -1 -1 -1 -1 -1 -1 -1 -1 -1 -1 -1 -1 -1 -1 -1 -1 -1 -1 -1 -1 -1 -1 -1 -1 -1 -1 -1 -1 -1 -1 -1 -1 -1 -1 -1 -1 -1 -1 -1 -1 -1 -1 -1 -1 -1 -1 -1 -1 -1 -1 -1 -1 -1 -1 -1 -1 -1 -1 -1 -1 -1 -1 -1 -1 -1 -1 -1 -1 -1 -1 -1 -1 -1 -1 -1 -1 -1 -1 -1 -1 -1 -1 -1 -1 -1 -1 -1 -1 -1 -1 -1 -1 -1 -1 -1 -1 -1 -1 -1 -1 -1 -1 -1 -1 -1 -1 -1 -1 -1 -1 -1 -1 -1 -1 -1 -1 -1 -1 -1 -1 -1 -1 -1 -1 -1 -1 -1 -1 -1 -1 -1 -1 -1 -1 -1 -1 -1 -1 -1 -1 -1 -1 -1 -1 -1 -1 -1 -1 -1 -1 -1 -1 -1 -1 -1 -1 -1 -1 -1 -1 -1 -1 -1 -1 -1 -1 -1 -1 -1 -1 -1 -1 -1 -1 -1 -1 -1 -1 -1 -1 -1 -1 -1 -1 -1 -1 -1 -1 -1 -1 -1 -1 -1 -1 -1 -1 -1 -1 -1 -1 -1 -1 -1 -1 -1 -1 -1 -1 -1 -1 -1 -1 -1 -1 -1 -1 -1 -1 -1 -1 -1 -1 -1 -1 -1 -1 -1 -1 -1 -1 -1 -1 -1 -1 -1 -1 -1 -1 -1 -1 -1 -1 -1 -1 -1 -1 -1 -1 -1 -1 -1 -1 -1 -1 -1 -1 -1 -1 -1 -1 -1 -1 -1 -1 -1 -1 -1 -1 -1 -1 -1 -1 -1 -1 -1 -1 -1 -1 -1 -1 -1 -1 -1 -1 -1 -1 -1 -1 -1 -1 -1 -1 -1 -1 -1 -1 -1 -1 -1 -1 -1 -1 -1 -1 -1 -1 -1 -1 -1 -1 -1 -1 -1 -1 -1 -1 -1 -1 -1 -1 -1 -1 -1 -1 -1 -1 -1 -1 -1 -1 -1 -1 -1 -1 -1 -1 -1 -1 -1 -1 -1 -1 -1 -1 -1 -1 -1 -1 -1 -1 -1 -1 -1 -1 -1 -1 -1 -1 -1 -1 -1 -1 -1 -1 -1 -1 -1 -1 -1 -1 -1 -1 -1 -1 -1 -1 -1 -1 -1 -1 -1 -1 -1 -1 -1 -1 -1 -1 -1 -1 -1 -1 -1 -1 -1 -1 -1 -1 -1 -1 -1 -1 -1 -1 -1 -1 -1 -1 -1 -1 -1 -1 -1 -1 -1 -1 -1 -1 -1 -1 -1 -1 -1 -1 -1 -1 -1 -1 -1 -1 -1 -1 -1 -1 -1 -1 -1 -1 -1 -1 -1 -1 -1 -1 -1 -1 -1 -1 -1 -1 -1 -1 -1 -1 -1 -1 -1 -1 -1 -1 -1 -1 -1 -1 -1 -1 -1 -1 -1 -1 -1 -1 -1 -1 -1 -1 -1 -1 -1 -1 -1 -1 -1 -1 -1 -1 -1 -1 -1 -1 -1 -1 -1 -1 -1 -1 -1 -1 -1 -1 -1 -1 -1 -1 -1 -1 -1 -1 -1 -1 -1 -1 -1 -1 -1 -1 -1 -1 -1 -1 -1 -1 -1 -1 -1 -1 -1 -1 -1 -1 -1 -1 -1 -1 -1 -1 -1 -1 -1 -1 -1 -1 -1 -1 -1 -1 -1 -1 -1 -1 -1 -1 -1 -1 -1 -1 -1 -1 -1 -1 -1 -1 -1 -1 -1 -1 -1 -1 -1 -1 -1 -1 -1 -1 -1 -1 -1 -1 -1 -1 -1 -1 -1 -1 -1 -1 -1 -1 -1 -1 -1 -1 -1 -1 -1 -1 -1 -1 -1 -1 -1 -1 -1 -1 -1 -1 -1 -1 -1 -1 -1 -1 -1 -1 -1 -1 -1 -1 -1 -1 -1 -1 -1 -1 -1 -1 -1 -1 -1 -1 -1 -1 -1 -1 -1 -1 -1 -1 -1 -1 -1 -1 -1 -1 -1 -1 -1 -1 -1 -1 -1 -1 -1 -1 -1 -1 -1 -1 -1 -1 -1 -1 -1 -1 -1 -1 -1 -1 -1 -1 -1 -1 -1 -1 -1 -1 -1 -1 -1 -1 -1 -1 -1 -1 -1 -1 -1 -1 -1 -1 -1 -1 -1 -1 -1 -1 -1 -1 -1 -1 -1 -1 -1 -1 -1 -1 -1 -1 -1 -1 -1 -1 -1 -1 -1 -1 -1 -1 -1 -1 -1 -1 -1 -1 -1 -1 -1 -1 -1 -1 -1 -1 -1 -1 -1 -1 -1 -1 -1 -1 -1 -1 -1 -1 -1 -1 -1 -1 -1 -1 -1 -1 -1 -1 -1 -1 -1 -1 -1 -1 -1 -1 -1 -1 -1 -1 -1 -1 -1 -1 -1 -1 -1 -1 -1 -1 -1 -1 -1 -1 -1 -1 -1 -1 -1 -1 -1 -1 -1 -1 -1 -1 -1 -1 -1 -1 -1 -1 -1 -1 -1 -1 -1 -1 -1 -1 -1 -1 -1 -1 -1 -1 -1 -1 -1 -1 -1 -1 -1 -1 -1 -1 -1 -1 -1 -1 -1 -1 -1 -1 -1 -1 -1 -1 -1 -1 -1 -1 -1 -1 -1 -1 -1 -1 -1 -1 -1 -1 -1 -1 -1 -1 -1 -1 -1 -1 -1 -1 -1 -1 -1 -1 -1 -1 -1 -1 -1 -1 -1 -1 -1 -1 -1 -1 -1 -1 -1 -1 -1 -1 -1 -1 -1 -1 -1 -1 -1 -1 -1 -1 -1 -1 -1 -1 -1 -1 -1 -1 -1 -1 -1 -1 -1 -1 -1 -1 -1 -1 -1 -1 -1 -1 -1 -1 -1 -1 -1 -1 -1 -1 -1 -1 -1 -1 -1 -1 -1 -1 -1 -1 -1 -1 -1 -1 -1 -1 -1 -1 -1 -1 -1 -1 -1 -1 -1 -1 -1 -1 -1 -1 -1 -1 -1 -1 -1 -1 -1 -1 -1 -1 -1 -1 -1 -1 -1 -1 -1 -1 -1 -1 -1 -1 -1 -1 -1 -1 -1 -1 -1 -1 -1 -1 -1 -1 -1 -1 -1 -1 -1 -1 -1 -1 -1 -1 -1 -1 -1 -1 -1 -1 -1 -1 -1 -1 -1 -1 -1 -1 -1 -1 -1 -1 -1 -1 -1 -1 -1 -1 -1 -1 -1 -1 -1 -1 -1 -1 -1 -1 -1 -1 -1 -1 -1 -1 -1 -1 -1 -1 -1 -1 -1 -1 -1 -1 -1 -1 -1 -1 -1 -1 -1 -1 -1 -1 -1 -1 -1 -1 -1 -1 -1 -1 -1 -1 -1 -1 -1 -1 -1 -1 -1 -1 -1 -1 -1 -1 -1 -1 -1 -1 -1 -1 -1 -1 -1 -1 -1 -1 -1 -1 -1 -1 -1 -1 -1 -1 -1 -1 -1 -1 -1 -1 -1 -1 -1 -1 -1 -1 -1 -1 -1 -1 -1 -1 -1 -1 -1 -1 -1 -1 -1 -1 -1 -1 -1 -1 -1 -1 -1 -1 -1 -1 -1 -1 -1 -1 -1 -1 -1 -1 -1 -1 -1 -1 -1 -1 -1 -1 -1 -1 -1 -1 -1 -1 -1 -1 -1 -1 -1 -1 -1 -1 -1 -1 -1 -1 -1 -1 -1 -1 -1 -1 -1 -1 -1 -1 -1 -1 -1 -1 -1 -1 -1 -1 -1 -1 -1 -1 -1 -1 -1 -1 -1 -1 -1 -1 -1 -1 -1 -1 -1 -1 -1 -1 -1 -1 -1 -1 -1 -1 -1 -1 -1 -1 -1 -1 -1 -1 -1 -1 -1 -1 -1 -1 -1 -1 -1 -1 -1 -1 -1 -1 -1 -1 -1 -1 -1 -1 -1 -1 -1 -1 -1 -1 -1 -1 -1 -1 -1 -1 -1 -1 -1 -1 -1 -1 -1 -1 -1 -1 -1 -1 -1 -1 -1 -1 -1 -1 -1 -1 -1 -1 -1 -1 -1 -1 -1 -1 -1 -1 -1 -1 -1 -1 -1 -1 -1 -1 -1 -1 -1 -1 -1 -1 -1 -1 -1 -1 -1 -1 -1 -1 -1 -1 -1 -1 -1 -1 -1 -1 -1 -1 -1 -1 -1 -1 -1 -1 -1 -1 -1 -1 -1 -1 -1 -1 -1 -1 -1 -1 -1 -1 -1 -1 -1 -1 -1 -1 -1 -1 -1 -1 -1 -1 -1 -1 -1 -1 -1 -1 -1 -1 -1 -1 -1 -1 -1 -1 -1 -1 -1 -1 -1 -1 -1 -1 -1 -1 -1 -1 -1 -1 -1 -1 -1 -1 -1 -1 -1 -1 -1 -1 -1 -1 -1 -1 -1 -1 -1 -1 -1 -1 -1 -1 -1 -1 -1 -1 -1 -1 -1 -1 -1 -1 -1 -1 -1 -1 -1 -1 -1 -1 -1 -1 -1 -1 -1 -1 -1 -1 -1 -1 -1 -1 -1 -1 -1 -1 -1 -1 -1 -1 -1 -1 -1 -1 
POINT_DATA 7111
SCALARS ab-pot double 1
LOOKUP_TABLE default
-0.37521650873525 -0.37367620256295 0.38404305432338 0.48719955374805 -0.25584034372017 -0.22892613149157 0.30720574566377 0.28040389560685 -0.37629134161473 -0.37644985031358 -0.37667417190302 -0.37681904181164 -0.37700076772962 -0.3772679080441 -0.37745708618571 -0.37765356438578 -0.37792390670296 -0.37810923273654 -0.37831846241658 -0.37859644023717 -0.37876937103737 -0.37891444632907 -0.37918059045434 -0.37939572627414 -0.37958054323796 -0.37984558313173 -0.38011456422479 -0.38040472174015 -0.38068663100146 -0.38089267202265 -0.38115661216378 -0.38148049570331 -0.38170319818828 -0.38211764621354 -0.38248640551627 -0.38272738253155 -0.382999267431 -0.38337660193968 -0.38359495758398 -0.38393256134643 -0.38438555718951 -0.38470266315037 -0.38501724531313 -0.38544844024835 -0.38581203165028 -0.38610954550816 -0.38660218730871 -0.3870097124887 -0.38730616349653 -0.38776341770206 -0.38819217377458 -0.388474419522 -0.38892127210173 -0.38933576940066 -0.38961156986408 -0.39005638705362 -0.39046530381879 -0.3907564023805 -0.39113616923833 -0.39150376966264 -0.39180960928385 -0.39225006722488 -0.3927024311278 -0.39309952569048 -0.39356505907685 -0.39389800289414 -0.3943670097918 -0.39486718692878 -0.39519778003854 -0.3955470229241 -0.39605775567519 -0.39645695987083 -0.39671751894231 -0.39719883069128 -0.39772832830246 -0.39800135192486 -0.39843887295171 -0.39900682221669 -0.3992781973602 -0.39968765827097 -0.40021672542633 -0.40059708615362 -0.4011491965786 -0.40164600435526 -0.40197721776733 -0.40255364159511 -0.40304993401455 -0.4034511114286 -0.40371648724077 -0.40401206527787 -0.40448586948452 -0.40463142389063 -0.40480967461584 -0.40548102420968 -0.40587242571964 -0.40596949925499 -0.40673784425584 -0.40720184154266 -0.40733013875011 -0.40803608689546 -0.40847307487522 -0.40865731337712 -0.40928132549058 -0.4098326549953 -0.41003739009343 -0.41053669007196 -0.41101972690195 -0.41124832716738 -0.41171557009324 -0.41241022103186 -0.41260065169336 -0.413123503678 -0.41369470261349 -0.41398338944801 -0.41430270253341 -0.41502544518434 -0.41533282228719 -0.41561625961385 -0.4162489875225 -0.41662856768853 -0.41690774520717 -0.41754100474332 -0.41798995504097 -0.41824672904563 -0.41888990752835 -0.41952188043227 -0.41977014228281 -0.42027323670345 -0.42076887773133 -0.42097024442394 -0.42169642807845 -0.42218540336872 -0.42229222256147 -0.42291769068016 -0.42345549104185 -0.42365737616329 -0.42392257492255 -0.42443663377209 -0.42478266956535 -0.42521346812903 -0.42579633707026 -0.42622741573531 -0.42698654912925 -0.42750508493418 -0.42795170714096 -0.4287292188541 -0.42925982740339 -0.42960862422366 -0.43008649788782 -0.43061369595446 -0.43093860183091 -0.43152074442215 -0.43213914421461 -0.43239805697042 -0.43294604016989 -0.43366317322774 -0.43390498535407 -0.43440348674723 -0.43517983666182 -0.4353976662825 -0.43594558935228 -0.43680307086533 -0.43697095759284 -0.43745503376103 -0.43835512334366 -0.43863414688887 -0.43901168196086 -0.43937532002054 -0.43977044938219 -0.44002944750927 -0.4402606463605 -0.44063682811057 -0.44095382103109 -0.44126004508258 -0.44171205198013 -0.4419722778987 -0.44232295465371 -0.44345741188531 -0.44414163405139 -0.44434028872887 -0.44562984249992 -0.44664878763273 -0.44701776499482 -0.44791682104196 -0.44880302221026 -0.44956947579677 -0.45025158615948 -0.45223323388718 -0.45296386420282 -0.45364181842252 -0.4540422910668 -0.4551066633801 -0.45621192352879 -0.456513274026 -0.45718273818524 -0.45861864986019 -0.46042284543206 -0.46083715514747 -0.46224643977002 -0.46307648068272 -0.46400287476069 -0.46815572408293 -0.47272121546507 -0.47305126815848 -0.480174571592 -0.48536770983308 -0.48575488156022 -0.4912495612775 -0.49260803796224 -0.49488593856032 -0.50784596709776 -0.50957563771981 -0.51102466951164 -0.53136411902601 -0.53469313934101 -0.53517185237029 -0.56078375279471 -0.56529317018043 -0.56543851031084 -0.58605660732445 -0.60939345099337 -0.60969755527008 -0.60615641080801 0.66495103566728 0.68316506536887 0.71574679167107 0.9161271517623 -0.94970320530163 -0.88114377179298 -0.85990196120046 0.82704409069021 0.78304627846558 0.76384036497264 0.67231754955236 0.66920703622075 0.66380399690318 0.61391129842854 0.59908916526456 0.58987406067355 0.56927441394204 0.56381049515113 0.54637510933094 0.53519463213603 0.52468714027968 0.5177581279858 0.51357251391037 0.49201504424264 0.48971052283994 0.48922930384454 -0.41587983285319 -0.45700158362166 -0.39109674192384 -0.51562677196442 -0.40640313685806 -0.40335931876918 -0.41770153036322 -0.39626540672507 -0.41411728202957 -0.41025024833423 -0.38285003334986 -0.3774485277461 -0.37820243646739 -0.3913308976855 -0.46082150216709 -0.39293729080224 -0.3879385941358 -0.47301016012387 -0.44903450104789 -0.50426147659531 -0.45585940715386 -0.54320815871874 -0.61166188780776 -0.77744653814693 0.71575554449521 0.56694185601316 -0.42721812871233 -0.42223533322582 -0.43381107476561 -0.42461553164147 -0.43438305546465 0.48970051177465 -0.44219588928707 -0.44112326269169 -0.4059531634838 -0.40773465776853 -0.40279780659881 -0.40037752987356 -0.40436786603602 -0.41965885958773 -0.41815247747239 -0.41670985494929 -0.39533696404767 -0.3978687588657 -0.39662395333706 -0.41549742587376 -0.41379059863699 -0.41143233459688 -0.40989713435672 -0.38480859636025 -0.38379521869249 -0.38257101641893 -0.37852687419656 -0.37848061653566 -0.37895204594843 -0.39169340898106 -0.39062063025841 -0.45754544142137 -0.46209263146947 -0.39381335788925 -0.39233742270687 -0.38911511660406 -0.38832211430691 -0.38715777930497 -0.46509576783696 -0.48586532380638 -0.4759953650617 -0.45253171608195 -0.44976461423737 -0.44748083649263 -0.52411137685112 -0.49369195688519 -0.45438245469457 -0.53501222275794 -0.5654035458354 -0.61031686048207 0.60078963104226 -0.84227125771001 0.77126038622857 0.6467062457871 0.67037565900942 0.58333621910734 0.52567178761406 -0.42590612462835 -0.430337498573 -0.42775270728336 -0.42330601169611 -0.42196323978092 -0.43325775469694 -0.44422443843658 -0.42406630008505 -0.43554009418886 -0.44297665568599 0.49524773130341 -0.43917017999728 -0.44009957611051 -0.43599647985795 -0.43530526941207 -0.40523836112897 -0.40857337294339 -0.40727039618165 -0.40183799204356 -0.39986572365343 -0.40383776825511 -0.42051719211677 -0.41910336482891 -0.4163939288774 -0.3949464016553 -0.39865760807887 -0.39744564915895 -0.41515898569843 -0.41290199801119 -0.41108604709562 -0.3855705621047 -0.38449474257515 -0.38344913607717 -0.38200391645392 -0.37642816715923 -0.39019130016978 -0.45654933024323 -0.39420352544807 -0.38949549499679 -0.3867858584263 -0.46348602849276 -0.4895275313701 -0.45345656873827 -0.44683319906979 -0.51023387307816 -0.56886182399646 0.6814159883081 -0.78024859922019 0.60528848339186 0.59359172801784 0.54071603823655 -0.42540373619441 -0.42945015477646 -0.43177426582065 -0.43082419191383 -0.42359228700135 -0.43475720439639 -0.42376345267174 -0.43504627948855 -0.43721235555861 0.51310062198002 -0.43740402611383 -0.43638970006453 -0.43917834345318 -0.43985057240057 -0.4047076004575 -0.40903262106366 -0.40135326368786 -0.42086261661126 -0.39912122883347 -0.41250510222203 -0.38594742595133 0.58310771654718 0.55351484673496 -0.42900584047571 -0.43229608430975 -0.42392040206022 -0.43956898929571 -0.4384925494909 0.54146093404737 -0.43241407317269 -0.43268649753399 -0.43314931154738 -0.37757256912374 -0.44374430845084 -0.37633128069963 -0.37996995364302 -0.37876703066248 -0.37799374403307 -0.37905225602919 -0.40577515713297 -0.40232366270247 -0.41800611023577 -0.39697865774885 -0.41344221916564 -0.38233707239473 -0.39197638651058 -0.38831819363532 -0.38862606562957 -0.47685203236933 -0.4820782777032 -0.44950446821583 -0.45071756474616 -0.49169792639373 -0.45462636772555 -0.53360136449333 -0.5367282027296 -0.60574725193814 -0.68994772817204 0.65916861325656 0.66508598029812 -0.42835912320749 -0.43668311044393 -0.4059923515896 -0.41007206396427 -0.40701337156621 -0.40726545476158 -0.40270455103778 -0.39945038289784 -0.40361925097715 -0.40385614340746 -0.42185784530864 -0.41854645556296 -0.41598204626751 -0.41619958487144 -0.39458338074339 -0.41473056593041 -0.41493798436043 -0.41355027181665 -0.41079045339006 -0.41089904288631 -0.38419437244053 -0.38439621776732 -0.38319460649651 -0.38325562091092 -0.38243045813629 -0.38159417044229 -0.37712575137909 -0.37538964893666 -0.38979338084772 -0.45633384001512 -0.38632685371906 -0.46279603126132 -0.45386986330988 -0.44628317095473 -0.50850063018295 -0.50929853402152 -0.63878805212639 0.7645431628109 -0.84170651726977 -0.4250315716554 -0.4251410744746 -0.43103859948312 -0.43118048394208 -0.43419626130801 -0.43573155348397 -0.43914760829782 0.51861115284824 0.49749946709905 -0.4356813376167 -0.43985124411932 -0.40458113607976 -0.40466307080377 -0.40957189535086 -0.40091699701464 -0.40109419586922 -0.42133311266881 -0.41214509279435 -0.41234113963847 0.60419516188586 -0.42364250867057 -0.44048235415908 -0.43892049523297 -0.44502534297807 -0.44601042681524 -0.43290874980851 -0.37792354199792 -0.380341886516 -0.37487241910547 -0.41924308822589 -0.39670355536669 -0.39178445340945 -0.48993132883663 -0.45366199173814 -0.45629412514685 -0.57566977514721 -0.64649213457893 -0.42790659458592 -0.40924843022119 -0.39906544884246 -0.4208152757819 -0.4185891110552 -0.39403831470067 -0.38434811275927 -0.38106483837525 -0.37594504732458 -0.38957959976298 -0.38626958159314 -0.46263155193149 -0.44129873511134 -0.58519623863735 -0.78135310423023 -0.40974275149847 -0.40931332113111 -0.40894595378028 -0.40706137163126 0.56501630161984 -0.42366374649123 -0.4408254632807 -0.37934699853185 -0.39740958791184 -0.4946228452406 -0.45622075901109 -0.61352002588371 -0.42906475644071 -0.39972088355788 -0.39461386213666 -0.39433455835787 -0.39469269878563 -0.39495646862002 -0.39517234098792 -0.3839269314368 -0.38083473890702 -0.39009349824895 -0.38957487511331 -0.3899139996133 -0.3902754450639 -0.39052897927026 -0.38677657967462 -0.38592626232022 -0.46354053585059 -0.44006582511124 -0.43726885107251 -0.68083565849392 -0.4444473991449 -0.43831233053547 -0.44294432327849 -0.37615244204789 -0.38058959384942 -0.38551751576836 -0.46386555592718 -0.43691866997991 -0.44072317577063 -0.37922985805583 -0.38066781982226 -0.38595184128997 -0.46566739341532 -0.37734107918146 -0.38636995943265 -0.45842660886458 -0.47023405710095 -0.38569131546183 -0.47170697582797 -0.39579451927329 -0.395797259519 -0.39589042410297 -0.39624122303958 -0.39648313093336 -0.39704791233388 -0.39649339136975 -0.37687608624836 0.61228925489048 -0.39095099974693 -0.39095876622641 -0.45977244244119 -0.4589550337606 -0.39336245981497 -0.39340391370572 -0.42657490350193 -0.42645526164427 -0.422559155849 -0.42270742051062 -0.4378587040629 0.49077073606931 0.49192340178314 -0.42006273481637 -0.42012717225066 -0.41714878954364 -0.4169960958625 -0.38519342904011 -0.37550857631105 -0.37652306606023 -0.38751674199173 -0.38747207152215 -0.44833292565501 -0.5635849358163 -0.55484177294021 0.40604898344597 -0.6149675254345 0.76654689333493 0.70014721026255 -0.42980903727778 -0.42973623015662 -0.44156117492679 -0.43961303361753 -0.40825058514635 -0.4081961921197 -0.40864718098767 -0.40445952898313 -0.41464702092155 -0.39821458576215 -0.39823654341159 -0.38134107865958 0.50792334627096 -0.4468160775274 -0.43788440148844 -0.453323394428 -0.46179558267975 -0.4559517494198 -0.38177074585192 -0.39099805282489 -0.39133887477015 -0.39164702588002 -0.44370833742613 -0.38515434825902 -0.43949926472419 -0.40465564476756 -0.47045931083967 -0.38135225400194 -0.39154726256612 -0.39269994310142 -0.38476012182493 -0.38473216951991 -0.38508190997925 -0.38523001639239 -0.38510462706919 -0.40426672284299 -0.39211484634197 -0.41359803444589 -0.39210548407055 -0.40343167176501 -0.41191965403058 -0.40144303322178 0.48797824778733 -0.37577290775605 0.54585872308532 -0.52471326976476 -0.42420632022726 -0.43173811052262 -0.37970965219191 -0.45204067235928 -0.42110879925748 0.62777386979945 -0.50216211945586 -0.6121396066586 -0.40019202662539 -0.43858569436025 -0.43460471308633 -0.37781336631925 -0.39507695558904 -0.4233990547861 -0.42281410971042 -0.42328252366523 -0.42368242316486 -0.4233975439046 -0.42305916698245 -0.42337792224713 -0.39775721630627 0.4979402057793 -0.42879410435533 -0.44831933308855 -0.39017647689843 -0.38100604575962 -0.39248248125243 -0.41167662628959 0.48781824406367 -0.65352566235417 -0.39972853899295 -0.39445215824221 -0.42465235220471 -0.38132884859916 0.48877482911796 -0.38019956134058 -0.3760428711559 -0.37616258308949 -0.37726779509201 -0.37525568254907 -0.37698151956464 -0.37671349522808 -0.3771157204445 -0.37678125160288 -0.37965302264524 -0.37948362755912 -0.45444623132215 -0.44050695735409 -0.53128470236631 -0.39483707343719 -0.3994213433602 -0.39858255686603 -0.39909857146043 -0.39842632376775 -0.39927566085218 -0.40060171464249 -0.39354562940162 -0.38152332302235 -0.37817815714888 -0.37779982332057 -0.37727814560979 -0.37651330535957 -0.37919862045896 -0.37930557072832 -0.45567785780384 -0.45536752371147 -0.46766630950049 -0.46255760989812 -0.50137418277863 -0.4960872877803 -0.5062747304704 -0.39429361612039 -0.38098194911489 -0.37689914713068 -0.37860683637401 -0.47562074986452 -0.39358723643607 -0.3767762911418 -0.51614550608464 -0.49260873603649 -0.4755965024088 -0.5155443078164 -0.48007623801377 -0.48016526592537 -0.53089982339915 -0.50610424922074 -0.54176847140278 -0.48200448004391 -0.46268429558839 -0.48220800709375 -0.54870627574956 -0.46510046756902 -0.51609397951566 -0.49845868992319 -0.40743537629164 -0.40421384847548 -0.40346651186077 -0.40306219583217 -0.40820940553456 -0.41553252491193 -0.4149025586792 -0.41607030645701 -0.41406249572214 -0.41356614449937 -0.41455787798072 -0.41522535246754 -0.41396718503082 -0.41547164857443 -0.41350047192558 -0.41418029547809 -0.41583582311645 -0.41294576224743 -0.41566063169468 -0.41641431027849 -0.41298744029402 -0.41498930362225 -0.40670312904277 -0.41682831880443 -0.41231783435637 -0.40552509219156 -0.41151738443121 -0.40410863397077 -0.40419836709647 -0.40463717343992 -0.41267957743229 -0.43697450239299 -0.43882301756093 -0.40439250656696 -0.40412973064648 -0.40383337959915 -0.40445546192324 -0.40330101423554 -0.40669073850547 -0.40235271059283 -0.40776702388515 -0.40386471193242 -0.40180834987606 -0.40197432969228 -0.40493798234694 -0.40758408833037 -0.40122660506259 -0.40520365186559 -0.40670563603975 -0.40456842801843 -0.40477758024229 -0.40433271453127 -0.44187213557433 -0.38896032855336 -0.38846174966429 -0.3893193774678 -0.46192273985383 -0.38418622511323 -0.38594366897843 -0.44367960672699 -0.39572554127824 -0.42305359359522 -0.39747518603412 -0.65132254126291 -0.6635140146029 -0.42358332950149 -0.3806415369119 -0.37598303434159 -0.44191327715799 -0.39857213795545 -0.40012850720881 -0.37766410885011 -0.37772672968828 -0.37805530113492 -0.46526847684686 -0.41863833316893 -0.40446057744409 -0.41321646780389 -0.40490587338995 -0.41093795983918 -0.44584231027071 -0.41330409336964 -0.38430858932329 -0.38354953140933 -0.43378914793254 -0.64214470489311 -0.38035299806139 -0.37522312233897 -0.37621002391193 -0.4082097639551 -0.40388225400971 -0.37900604279582 -0.46119383170529 -0.448758623458 -0.41174853232595 -0.46545672231166 -0.38703530015164 -0.45657035306142 -0.4271787163835 -0.39078830420001 0.48995091527867 0.6403504632073 0.50935595863346 -0.62031518067212 -0.43824891704124 -0.46006091584381 -0.40896570494366 -0.40550701913803 -0.39617370536183 -0.40017846685921 -0.41982209567049 -0.40464732876693 -0.4029931621798 -0.43173190284461 -0.46319025255904 -0.38693354909422 -0.38765496004543 -0.45616281576479 -0.44715795957644 -0.38991660944297 -0.39125608219138 0.48730629601374 -0.51869909961903 -0.6148138083367 -0.61638442487123 -0.40998340052629 -0.41244068594121 -0.42010319868395 -0.41109541539771 -0.38774976220487 0.48793203178354 -0.60523227185335 -0.63292670810293 -0.3868723099696 -0.61028144243931 0.50585822289555 0.49862884803246 -0.38206433894023 -0.58908578789614 -0.44309404001265 -0.44075825009602 -0.43928674416118 -0.44233774124749 -0.43220332412315 -0.43139300206961 -0.44132242417406 -0.43360008821627 -0.43115368646726 -0.43178203089423 -0.43037789663977 -0.43212705431258 -0.42986309501114 -0.43071898023425 -0.43272959762048 -0.43090440238183 -0.44706115358312 -0.43398264782183 -0.43982237141691 -0.44191684702003 -0.43589557470292 -0.43238147674244 -0.43939113174338 -0.44162889504142 -0.44030004111477 -0.442333518414 -0.44091384493539 -0.44220577896491 -0.44005928522705 -0.45234230326365 -0.42664794317464 -0.42985081900279 -0.43051757890714 -0.37717536071495 -0.40436367094512 -0.384698415597 -0.37966680558386 -0.38039679659237 -0.3756083769735 -0.28438826612549 -0.37554396003339 -0.3756799256528 -0.31806805598149 -0.37531460351845 -0.34296064706752 -0.37586284544287 -0.36771718654971 -0.35815388923193 -0.37144011206035 -0.3746486440003 -0.37337276115676 -0.3749104149545 -0.37429960272586 -0.37487980868919 -0.37476110003927 -0.37457888854246 -0.37390055247048 -0.37444461211112 -0.37831622858916 -0.45855361515182 0.49414339103859 -0.46914978853857 -0.46835839691135 -0.38870833646315 -0.38879311125625 -0.51194770912508 0.49537895157924 -0.38190326491582 -0.38267221824923 -0.55807994094795 -0.44351415868522 -0.44411669155189 -0.44456467475735 -0.43812443236628 -0.45643324089752 -0.41586395781391 -0.40014515365792 -0.38106376942618 -0.37685877232975 -0.3858727563371 -0.38103645206486 -0.3761386332151 -0.37651050220596 -0.37769014463915 -0.45881896600205 0.49572237435829 -0.46343243888813 -0.38778549691144 -0.57639951010908 -0.58629501130109 -0.38282679234137 -0.37859351869813 -0.45730263843065 0.543500469037 0.49203358039537 -0.46309284332355 -0.38684326104033 -0.40553957385902 -0.4096266107469 -0.38754315403356 -0.40672742736067 -0.40495116844518 -0.38469715150337 -0.38607508937713 -0.39384494917873 -0.39730778383704 -0.42213107306659 -0.44126259037996 -0.43145390926547 -0.3737692465116 -0.44175189558863 -0.3824289274709 -0.38355021372231 -0.38052267529518 -0.37667362752423 -0.3795439421504 -0.61810586294801 0.48854360184927 0.48755975520875 0.48120899700456 0.48948071338616 0.32884890623755 0.3673073607061 0.40225301573623 0.4404678555814 0.46862933426206 0.48546013553397 0.48500569584034 0.48670764468245 0.49275056974561 0.48692200909386 0.48914097150618 0.48652829390541 0.48712320731649 -0.40685871985118 -0.38853499686208 -0.42064835496949 -0.43284794352869 -0.44152057341079 -0.44123930154522 -0.44192968450419 -0.44295061137955 -0.44242663420964 -0.44225820529969 -0.44324426991834 0.48474970367092 -0.4053929148869 -0.4220825880584 -0.43165441054646 -0.42842192722491 -0.43113939912041 -0.42945066210949 -0.43237969005786 0.49657313415383 0.48541060840549 -0.57152598975726 -0.42655352368232 -0.43553732744908 0.44606528898072 -0.51712552802064 -0.53669229995645 0.46937374412365 -0.5256488904095 -0.4603309650272 -0.37549351160409 -0.41469487842719 -0.40267277156736 -0.45760040697385 -0.38993175223067 -0.39498621880787 -0.39726411753218 -0.37301213591751 -0.37781293538924 0.48662892141926 0.48596006361659 0.48617899624793 0.48660835905858 0.48577799916661 -0.38580648646536 -0.41769723615289 -0.38351041749563 0.47217082886007 -0.42078333464105 -0.43905914814938 -0.50145386171064 -0.54716531656155 -0.41219405202376 -0.40371016830987 -0.45808438594724 -0.38957646348521 -0.39583436145743 -0.39955717692863 -0.37478350861616 0.48593232551937 0.48532746097732 -0.42286512143369 -0.51516749225316 -0.50169054256421 -0.41630264278254 -0.39412819288268 -0.3738730319472 -0.37447956178641 -0.37256637358822 -0.45953579951123 -0.50339057841595 -0.396209909083 -0.48019483026824 -0.39248420248664 -0.44136988128127 -0.47800585750391 -0.37242676118211 -0.37683903481764 -0.37875361630644 -0.38461153065995 -0.41149345694422 -0.39098019177972 -0.39163156182822 0.48539387837542 0.48510518325638 -0.42426449006515 -0.41775162659002 -0.41474263457628 -0.51281240310868 -0.4424436083739 0.46481974016937 -0.43865285791628 0.45879450527693 -0.44154634481131 -0.47861394226518 -0.44644254054422 -0.50132098340606 -0.21310459200531 -0.49833286293416 -0.37180232595086 -0.38210137867894 -0.38799128339214 -0.39248957096263 0.48295793164075 0.48406333564659 -0.44146662619266 -0.44039037525265 -0.44222224416929 0.39629562152601 -0.45570120244931 -0.38135046081864 -0.39046768262793 -0.38705385398037 -0.39036397298519 -0.38927057919206 -0.38636356946732 -0.38982922755692 -0.38841698688523 -0.38910438935492 -0.45613958649408 -0.44819116261942 -0.38231101516582 -0.38475283099511 -0.38702332921149 -0.39033023461365 -0.49750767493861 -0.4512642505704 -0.457191958617 -0.4064335384754 -0.42092107841234 -0.42513872975928 -0.43649836556364 -0.43891421765467 -0.43831873882413 -0.43912638081066 -0.4405646839286 -0.44095503753826 -0.45905764919502 -0.40466064642515 -0.40450330742076 -0.39808263250871 -0.40531261903786 -0.40218331486293 -0.40679588946487 -0.40110977485813 -0.41313315625148 -0.40918348213632 -0.40499130153252 -0.40420016774196 -0.41483538028072 -0.40339561352975 -0.40215060404935 -0.40297932321783 -0.40132649051565 -0.40183234804312 -0.39858338981853 -0.4024427513405 -0.39970186979735 -0.39942530507424 -0.39117051000701 -0.41506759586634 -0.39987645603222 -0.39441894415473 -0.4549063140599 -0.45929767898314 -0.39509916848186 -0.39736494250145 -0.3972650195096 -0.39589602978865 -0.39677753900908 -0.39533702973774 -0.39769108028816 -0.39369672241294 -0.39516840189573 -0.39299922219347 -0.39627637555715 -0.40204381416758 -0.3861347128772 -0.39193358813054 -0.40814419620586 -0.38662537456728 -0.45307051618691 -0.45736179919939 -0.37597393781406 -0.39837382506278 -0.42372279894939 -0.38138294739237 -0.42204709253365 -0.42173237702328 -0.42664992367266 -0.42363562415362 -0.51805040941034 -0.49337478089109 -0.5112750525986 -0.38450803394878 -0.46559549300659 -0.37528386828765 -0.50577491702049 -0.47917742471099 -0.47340608787486 -0.3797274372329 -0.37923195520688 -0.41278336140274 -0.41411693990828 -0.40530945054466 -0.41540919738168 -0.41654196376753 -0.40914496008919 -0.41257683509815 -0.42675169936537 -0.4236125005071 -0.42289510748814 -0.43070313928507 -0.42228308503199 -0.43092462196782 -0.43355926665338 -0.42687987667124 -0.41901437692367 -0.43388911104454 -0.43676985051883 -0.43304790973706 -0.42059432928957 -0.41991782385536 -0.41889430504801 -0.41819988972447 -0.41984650891178 -0.41704190136961 -0.41709600763174 -0.36953677385916 -0.44292082769523 -0.44314878636932 -0.4437039838346 -0.44711282447205 -0.44497733735999 -0.44421187744141 -0.38532814977413 -0.44621992136509 -0.37734795470147 -0.44279563757379 -0.40107284499226 -0.50872267780551 -0.45414256859089 -0.37457097159164 -0.49267951035706 -0.39128699574023 -0.41454599842573 -0.43077132261673 -0.38145888639496 -0.38045079318616 -0.38348657996135 -0.38228572156443 -0.46073465747435 -0.44137196744634 -0.45986639750248 -0.4591094209082 -0.45851797021934 -0.40359860379803 -0.40256888644868 -0.40391926388888 -0.40072524124449 -0.39369385915422 -0.41308735443539 -0.37426946046986 -0.375430231992 -0.37784258964839 -0.38014367419258 -0.40800216364248 -0.40812413392871 -0.43067194051286 -0.43053255382301 -0.42715933870484 -0.42252104404704 -0.42364133093064 -0.41737560354331 -0.41805670396208 -0.41864836365888 -0.41514436836572 -0.41802775082704 -0.42064294091892 -0.44267839501063 -0.41645273211394 -0.40818394953933 -0.38070006921153 -0.45356162066023 -0.50346228150819 -0.45588136712232 -0.45496858118862 -0.3896111210285 -0.43512718143815 -0.39793662622625 -0.41367538237616 -0.38993380147692 -0.45309608437276 -0.41720439891163 -0.41595406616158 -0.44596119863348 -0.44403893544996 -0.45597447441387 -0.45359990135112 -0.45333892307919 -0.37460590403024 -0.38118582363906 -0.4540717138342 -0.49700170076674 -0.37783256697123 -0.37645482676928 -0.37650356502133 -0.37717317316162 -0.37508809405965 -0.37785507274365 -0.37822153005827 -0.37610037587681 -0.40570525729996 -0.4074030772394 -0.39300102073862 -0.41008519962505 -0.41313794895342 -0.41031435442196 -0.39973446304094 -0.39283527707842 -0.44039340234202 -0.41458751050274 -0.37649209963394 -0.41225486117301 -0.41483886516723 -0.41363955419201 -0.41359798094668 -0.41435051005971 -0.4148294699088 -0.41311043001685 -0.38775084469512 -0.4136972471881 -0.41165334302349 -0.41139175490471 -0.41092797248012 -0.38840938443852 -0.41579462312042 -0.38180007011844 -0.41530223710953 -0.4178677003296 -0.44695436506181 -0.41666307656144 -0.45491542444867 -0.45269663295812 -0.45476853418308 -0.45034066478054 -0.45443038846725 -0.44538057614566 -0.37375708264456 -0.37893190697191 -0.37913160053924 -0.41577160222202 -0.40936066824062 -0.41041811627747 -0.3741250919464 -0.3778682478573 -0.44875873395345 -0.37185400673679 -0.37803724826158 -0.37694568264853 -0.37923276096847 -0.37854830760927 -0.37432232894968 -0.37586976630257 -0.37460703941662 -0.37621236778793 -0.38096639943552 -0.37978902405277 -0.41155781383389 -0.37372924828354 -0.37843329554243 -0.37316727662299 -0.37324629831901 -0.37772624122587 -0.37726844525824 -0.37234364599357 -0.3755437650213 -0.37161951426251 -0.37524315387918 -0.37551906068058 -0.37869761620036 -0.38135641149386 -0.37889564851443 -0.37751534390204 -0.3800469162843 -0.38078073223057 -0.38300645887379 -0.3798985145222 -0.38100846414924 -0.3797066269814 -0.3783168241544 -0.37770005125866 -0.37880211570616 -0.37789274143222 -0.37881159285251 -0.37565627671954 -0.38052103810897 -0.5093396558561 -0.37401353247262 -0.3765011425327 -0.37598405213743 -0.37671913569987 -0.375500615032 -0.37667891906765 -0.37725060082434 -0.37636141206724 -0.37792579576246 -0.37691157212782 -0.38236594332573 -0.41615655900922 -0.3894238600022 -0.37512295737129 -0.37465493482728 -0.37347454081461 -0.3748324290604 -0.4312607764345 -0.45733329972155 -0.45660729921516 -0.37499727713962 -0.40482143519689 -0.45266828501301 -0.43487570992074 -0.44059194305274 -0.44074262012775 -0.51878056798223 -0.50655352798294 -0.511824213576 -0.45633332019627 -0.46314242843075 -0.39271715177255 -0.39128355352262 -0.39127373827261 -0.39033481792449 -0.38907703894234 -0.3881056836833 -0.3885327214276 -0.38758486750532 -0.38680484996214 -0.38661525226135 -0.38892454209784 -0.38773447456456 -0.38620471654081 -0.38499836485289 -0.38425547557077 -0.3833609161173 -0.38508429095949 -0.38388584318376 -0.38235339581051 -0.38743455152758 -0.41016387211291 -0.39455437410056 -0.41188961532098 -0.37946913799603 -0.38622402207846 -0.39038892889048 -0.38443399450311 -0.3823176938396 -0.38210485767307 -0.38110120265349 -0.38190104708386 -0.38100233158665 -0.38318835751083 -0.41138395311893 -0.37577679616215 -0.38299092957893 -0.40633684218565 -0.38327868489072 -0.38762562343335 -0.39227746089717 -0.38566938517892 -0.39153837344956 -0.39265509308024 -0.39381934263862 -0.50760381155583 -0.39397771311561 -0.46789428313204 -0.40434829393598 -0.45405670502157 -0.38661724704374 -0.38584376045101 -0.38530771516895 -0.4001061348144 -0.45669041231661 -0.43638864058949 -0.39982925730241 -0.37656710262092 -0.37710526716431 -0.3763274315817 -0.38125987167327 -0.38202095882045 -0.38174056167283 -0.38290547596497 -0.38020837676801 -0.37958109947073 -0.37889369995938 -0.37849024631442 -0.38329595677529 -0.3826054007668 -0.38167552733986 -0.38393670706388 -0.3850708205781 -0.38721319060377 -0.37285134640082 -0.37055556366754 -0.44932898327374 -0.4564273566678 -0.47049745526946 -0.38734780544222 -0.45436382609114 -0.40218191731136 -0.37247805992438 -0.41197630719113 -0.37142060359775 -0.36941166164406 -0.37072450814418 -0.37211403263683 -0.50827073162089 -0.47741909204019 -0.45124510776183 -0.36827087928349 0.47244956950098 -0.37290827437181 -0.41055239353006 -0.37733296441778 -0.4433368803991 -0.40686642693727 -0.41949963125255 -0.41317387363203 -0.48034761659962 -0.43950598993483 -0.37262186987998 -0.45356018020909 -0.38315352880403 -0.44792523426392 -0.36999110210951 -0.37246020744774 -0.45167406682965 -0.38497100327361 -0.45712529306467 -0.40945191861578 -0.38235837170262 -0.41131225134116 -0.48842314778257 -0.36976550166198 -0.37110081757513 -0.37931876156578 -0.38091965605692 -0.3688598514058 -0.37083641183794 -0.40264281862572 -0.39492125022341 0.46544637369182 -0.37033659555029 -0.36858701669654 -0.37097519248476 -0.36957466606253 -0.37151715394236 -0.36788210932893 -0.4030794902377 -0.3704269396053 -0.48056786083504 0.47424355867104 -0.37171543649425 -0.40411997006318 -0.45209924357884 -0.39572890785343 -0.36587872569479 0.43862127295549 -0.38022749284388 -0.36990123300515 -0.36748377483432 -0.38092545007702 -0.38729394054649 -0.44568989864113 -0.44370798283721 -0.42707563957206 -0.44649098875628 0.46542227728769 -0.37433818260553 -0.39650453039733 -0.43797146854718 -0.39936261283601 -0.36258655723213 -0.44370747195638 -0.40592472976582 -0.3977365765458 0.46087109791462 -0.36802631263694 -0.43013572492366 -0.3842960963903 -0.43397898313308 0.44573043780688 -0.41359527976965 -0.44934704887275 -0.44478959669879 -0.43874389675989 0.45097920891318 -0.40557696758308 -0.41582593051755 -0.45334571995279 -0.40934333291192 -0.37139942373712 -0.3647487374866 -0.44869107455283 -0.44885611104438 -0.37588455020907 0.43918248989871 0.46443812922141 -0.40567605931143 -0.43483501648778 -0.37891391124315 -0.45527508047268 -0.4220379298432 -0.42715767719336 -0.42394121807294 -0.36984477448788 -0.41570149279672 -0.42960448582504 -0.38722206656878 -0.40190627106511 -0.41904491183954 -0.36319357200238 0.45159361697149 0.45704597442456 -0.38267009919136 0.44507799497558 0.41946763266014 0.42259832058884 0.43115465514779 -0.49004281573496 0.41666294396609 -0.36543239743727 -0.39206397776445 -0.43970896940776 -0.40969257456638 -0.36213494806191 -0.35956053193438 -0.39268991910027 -0.36094157407193 -0.36345398633226 0.3951944646351 -0.3594080407033 -0.35022032368875 -0.45059451154663 -0.45194087019451 -0.38181067496557 -0.44981737572544 0.42103645205543 0.42363976746987 0.41117327819819 -0.441146673307 -0.45822382066774 -0.35404166952561 -0.39150135571281 -0.38436130003525 -0.44704778946172 -0.42896899126787 -0.35512987165949 -0.44541684954221 -0.44033211817121 0.40398587451581 -0.38505528213744 0.39529738455233 -0.46567090889178 -0.37099135984994 -0.4102228322646 -0.34767961868977 -0.39206073769004 -0.36142106345128 -0.36466093404097 -0.35806765367633 -0.39119389859832 -0.4078049975251 -0.37634690072838 -0.42371514097219 -0.36680451675946 -0.38720585753133 -0.40238055149527 -0.43665176407257 -0.3298935663317 -0.3585585355618 0.38138245041136 0.39055113776472 0.38481856634 0.37085802282956 -0.36662265534475 -0.43267082538187 -0.40951802395922 -0.44519189733023 -0.40507481929072 -0.38722772680085 -0.36229715892877 -0.42063339841356 -0.37993347773016 -0.37970102678325 -0.36367208186304 -0.35928570246097 -0.36437925831817 -0.35865873712878 -0.35294652421249 -0.35469591373324 0.40328717129505 -0.3714974774097 -0.37002846857508 -0.39996263000502 -0.34757180424021 -0.37667351227322 -0.35440187996789 -0.37349170622488 -0.45421568080009 -0.32450833503628 -0.37927867176769 -0.39792214643293 -0.37250880523677 -0.35768184317197 -0.36790913201648 -0.36352269774658 -0.3524584014801 0.39122289634859 0.38527722278124 -0.34500361456601 0.37289962389608 -0.37757035142825 -0.360860586825 -0.34174590552207 -0.34547047262935 0.29142180207597 -0.35787966300717 -0.35113949977738 0.3798479346673 -0.33563807415391 -0.35159841062769 -0.27347485464755 -0.33490893159648 -0.33673426359424 0.34447602149294 0.35213516871632 0.31151742837454 0.3442405790873 -0.34770892212827 0.36608947198199 0.35135001624616 0.36476592077738 -0.33782862907431 -0.32509622295927 -0.30799660100289 -0.31893644765453 0.35349161717863 -0.32887642329813 -0.3239431141036 0.33190020616659 -0.29979954594701 -0.33123309438624 0.30118700083287 0.33082664997103 0.35443447487755 -0.32307400038937 -0.29555296040779 0.33450404510533 -0.316909185962 -0.30506957150142 -0.29348211954523 -0.22123938279839 -0.24946435467806 -0.27416577446606 -0.26611678593235 -0.28159420348449 0.23976708175767 0.27604554059533 0.30462147769212 -0.3085951482263 -0.29089191280057 -0.24903300247951 -0.21790443316145 -0.22029680537386 0.19949467486319 0.27768168699749 0.24864858910088 0.28222549687315 0.25489391567732 0.29551134602588 -0.25310257693558 0.17287723115747 0.22888928698758 0.265252929011 0.26432428823189 0.27833091174055 0.27912258442137 -0.25127804976176 0.20192317032129 0.26696216911828 0.28173842884727 -0.26218269929798 0.28916403966067 -0.27742622059971 -0.26516223758231 -0.30321457475372 -0.29776391085509 -0.24784600438179 0.31558860240298 -0.26212007961941 -0.28992217209615 -0.28170122301666 -0.27559863843566 -0.26048552359781 -0.25379056192554 0.29628694416588 -0.2812961241411 0.30690257262447 -0.26271462570378 -0.24047976172658 0.28995960800292 0.30275231428194 -0.27188590251207 -0.23885719740934 0.31272059183582 -0.40339798208292 -0.40326164548097 -0.40320113811747 -0.40590743337016 -0.40595766989604 -0.40592686140132 -0.40281041943131 -0.40267414570563 -0.40291433586611 -0.37822888176426 -0.37723486829795 -0.37755066302659 -0.4155180676965 -0.41524489289058 -0.4152348161172 -0.40112858833003 -0.40125520696624 -0.40103402140178 -0.38442504225141 -0.38458472430045 -0.38465018137387 -0.40309088040898 -0.40214946044519 -0.40243457140345 -0.40226373710527 -0.38459852131507 -0.38475404625199 0.56584533700715 0.63164353051896 -0.59496291662018 -0.40149643211692 -0.40139348183653 -0.45418676314719 -0.45377803104049 -0.45410481154881 -0.40466975092876 -0.40460745738523 -0.40464219209487 -0.53443233862038 -0.53455458264735 -0.53586208888585 -0.40615449407393 -0.40616177582509 -0.40563604769514 -0.40582330236283 -0.4056866870519 -0.49056958932477 -0.48878986314135 -0.48750027093177 -0.39263492923978 -0.39283463492667 -0.3925042380899 -0.40377720951673 -0.4036658871218 -0.40373088586631 -0.38554591276104 -0.38572818149347 -0.38574171638832 -0.40385732593815 -0.40390924902686 -0.40411738569818 -0.4042211402664 -0.39194674043412 -0.39222941541269 -0.39205768792447 -0.37815234148718 -0.37825619100229 -0.37821831567265 -0.40442802978891 -0.40426048159417 -0.42208527798374 -0.42210989713165 -0.42220862585041 -0.43984694804047 -0.4397211880779 -0.43970952103882 -0.53494009367716 -0.53479739225533 -0.53506178770281 -0.39592665861991 -0.39580505193395 -0.39566784132106 0.76570839172648 0.76985194859189 0.7730045690474 -0.39679760995421 -0.39684481841075 -0.39667279217635 -0.39658760339652 -0.39653877679982 -0.38733471992583 -0.38741020635899 -0.38723605875342 -0.40586984164112 -0.39462063598284 -0.39447435251563 -0.39472666289248 -0.37624943448121 -0.37624163713227 -0.3761566423366 -0.39526300630961 -0.39544226933676 -0.39537361639317 -0.39503328801295 -0.39490582929576 -0.39507471874469 -0.41702350110641 -0.41681541590404 -0.41692173208568 0.49500191305574 0.49311168492324 0.49735470205946 -0.41361674826698 -0.41349472591817 -0.41368222401544 -0.41784355852142 -0.41734904076399 -0.41749924215362 -0.40256376404083 -0.39759004265514 -0.39766600890302 -0.3978012215689 -0.400329032327 -0.40050285834822 -0.40040226489081 -0.3999419529531 -0.39977998230404 -0.40003060280575 -0.39719248362637 -0.39742644028529 -0.39720556201238 -0.40758718046705 -0.40759431058525 -0.40775496544866 -0.39793811019748 -0.39786533125906 -0.40587671723552 -0.40599241866363 -0.39810509136385 -0.39832702720676 -0.39822104109625 -0.3984311963797 -0.39854676993305 -0.41809288009587 -0.41793526216377 -0.42424054899675 -0.42434527229947 -0.42399439646431 -0.40013175486782 -0.39745987409561 -0.39732270702981 -0.41272358512837 -0.41301879134089 -0.41285716411712 -0.60293467993958 -0.60914641920947 -0.59645058246194 -0.39368574199978 -0.39384689586621 -0.3937354870035 -0.39451455113324 -0.39463704579503 -0.39445883071837 -0.4149504931404 -0.41508852632896 -0.41488227653172 -0.41518464903087 -0.41525338671503 -0.42190534312357 -0.42164817930501 -0.42162208054211 -0.38178797927461 -0.38185789482178 -0.38164453714928 -0.41532270324306 -0.41540395593628 -0.40883537844585 -0.40916928450896 -0.40895336089041 -0.41421653807398 -0.41413604340595 -0.41404350619599 -0.41735181328497 -0.41722109300953 -0.38241409099486 -0.38245394670919 -0.38252902695987 -0.41655197184033 -0.41666710123784 -0.41651895898786 -0.41630069416433 -0.41647171669388 -0.43709191307818 -0.4370447977053 -0.43725217094196 -0.41555855041713 -0.41547198479954 -0.43446673001713 -0.43457613354035 -0.43430059189147 -0.41805948240965 -0.41786568215365 -0.41676518172569 -0.43553196268198 -0.43535702417052 -0.43548546288268 -0.4040972548648 -0.40383127294272 -0.418199519182 -0.4181207672558 -0.41611991732125 -0.41618957847352 -0.41631911204259 -0.41922148572559 -0.41898178713269 -0.41932711126549 -0.41971956460079 -0.41964442536494 -0.41958464992116 -0.40160257230646 -0.4017513360234 -0.41872204909782 -0.41881925908539 -0.40475563051293 -0.40495913065858 -0.40504852191603 -0.41389698313229 -0.41394476128024 -0.46751971088318 -0.46923013678155 -0.46677249654081 -0.43248701548494 -0.43253627907069 -0.43234846763056 -0.40851917184671 -0.40837086794811 -0.40841015780217 -0.42900249142977 -0.42886647573369 -0.42912825427278 -0.40856409504979 -0.40861842181328 -0.40814243388019 -0.40824887873776 -0.43619232327924 -0.43633863072325 -0.43652550580217 0.48963651191386 0.49018253610053 0.49026552993325 -0.40658749330396 -0.40632894441818 -0.43221336507137 -0.43196627098343 -0.43205370721984 -0.40729797388063 -0.4072703832591 -0.40722933603155 -0.40750918163409 -0.40748235299309 -0.42352071490003 -0.42348942782898 -0.42334900014687 -0.4236246810203 -0.42356119426302 -0.42352293327385 -0.40767993665981 -0.40789506629505 -0.44713277095298 -0.44721264306826 -0.44692498797951 -0.41113544374257 -0.41104955989955 -0.41117233282395 -0.38697466524602 -0.38708551481862 -0.3869007153139 -0.41133277746328 -0.41157475032739 -0.41147257802528 -0.41228121455681 -0.41233493314533 -0.41245267239907 -0.45164508190847 -0.45012096665612 -0.45100415927364 -0.49145385304719 -0.49224034759693 -0.49186762159785 -0.40942271099415 -0.40930506082126 0.67828947096861 0.74372186426639 0.71179170908552 -0.41091074436743 -0.41094315537397 -0.41255676533352 -0.4125120108047 -0.43006641693593 -0.43021651101416 -0.42995118174622 -0.42371060837708 -0.42384297832037 -0.42378350225019 -0.41125150338166 -0.41011983396644 -0.41039307795744 -0.41029075381404 0.58934948499955 0.58389478229947 0.58876496800746 -0.89908571414042 -0.82320596664663 -0.8127136564968 -0.41644323368211 -0.46642775876533 -0.44673443675448 -0.46834066573284 -0.5670652932491 -0.57864754373935 -0.57539096377674 -0.46351998254832 -0.46327267818728 -0.46376169194024 -0.37991389601449 -0.38003506017145 -0.37997227735647 -0.38026757904241 -0.38023931147703 -0.38037063703378 -0.38715681297376 -0.39948238253196 -0.39936644375561 -0.39956547190379 -0.37890631132825 -0.37898195417599 -0.378846428118 -0.4941698298403 -0.49371447294026 -0.49307183714437 -0.37900516170487 -0.3790891321796 -0.37914158964256 -0.37937556305362 -0.37929323073978 -0.37926177895012 0.59291958108538 0.59300626413752 0.57961738329037 -0.61025945855622 -0.60988674162204 -0.61109149049377 -0.37883727035189 -0.37877046485722 -0.40471454810217 -0.38270855834743 -0.38278845121978 -0.38265167886868 -0.40997350098839 -0.41005316968392 -0.3858788620906 -0.38569475320976 -0.38576389494672 -0.38153900098694 -0.38158852974579 -0.46062547761323 -0.46060687691148 -0.46077452596268 -0.37501142489439 -0.37535396532941 -0.37498370617451 -0.38071168653859 -0.38075958366246 -0.38063779800663 -0.40359245027477 -0.40385716865542 -0.40316714953134 -0.3823843614247 -0.38250326181309 -0.3809497475713 -0.38111659993855 -0.38099344938214 -0.39906809678562 -0.39920015444367 -0.39913919604887 -0.4325588308221 -0.43276893628969 -0.43292042996041 -0.38125135370237 -0.38141151317088 -0.38131539441556 -0.37953874223819 -0.37946485873692 -0.37941429459455 -0.52424129919146 -0.53185335176909 -0.53081475631704 -0.39684870172785 -0.39666103477123 -0.37617593620073 -0.37609643313311 -0.37622623605492 -0.4333386068381 -0.43346758809859 -0.43304452459322 -0.37648628399209 -0.376600338419 -0.3765623064856 -0.37723350713803 -0.3771968733397 -0.37730461461901 -0.43319864293187 -0.43296339648586 -0.38968697915388 -0.38964154590442 -0.38953376316876 -0.37661694254972 -0.37669140835723 -0.4148360718398 -0.41505833015831 -0.37599243933708 -0.37591050691723 -0.37585821397608 -0.37742040455291 -0.37735709733874 -0.37751037335176 -0.38992448004659 -0.38998914965671 -0.39012553401722 -0.41374119808357 -0.41357691954472 -0.38222802184846 -0.38230167475915 -0.42561038433788 -0.42549268029454 -0.42530754564983 -0.37751463193154 -0.3776108933017 -0.37755710581456 -0.3888669822251 -0.3884831903508 -0.38872345697867 -0.3783434048126 -0.37839779284267 -0.37805048294518 -0.37809747871288 -0.43635383550888 -0.43681438698521 -0.43622565977863 -0.42407699004081 -0.42444313138139 -0.37677078599969 -0.37684527951955 -0.37675016321813 0.66654374127148 0.69452029896413 0.68304458731803 -0.37694014514044 -0.37690483499875 -0.37739849839406 -0.37745626494044 -0.4238421709029 -0.42390418807514 0.66757849895154 0.66457266423533 0.66585898201555 -0.37719773194734 -0.3771327571779 -0.37706320423096 -0.37868731888498 -0.37867914493187 0.51402630825106 0.51529066775388 0.5158953150591 -0.38985476829249 -0.38974206557357 -0.37733177172734 -0.3773420357867 -0.37784292109972 -0.3914221727497 -0.39132013443216 -0.39123404715633 -0.39188336276235 -0.39171772775103 -0.4099359879687 -0.40986313332944 -0.39069050744714 -0.39061173659976 -0.39054620759002 -0.85268030714801 -0.82202113564621 -0.88104770297722 -0.38840077856068 -0.38833052808358 -0.38825866056916 -0.44769200569389 -0.44749077999601 -0.38923196155485 -0.38912694477576 -0.38902377210125 -0.3884722256848 -0.38855027471644 0.48949913980401 0.48937902463694 -0.56699332500501 -0.56540513822144 -0.38982959523839 -0.38970345658212 -0.46005693477158 -0.45958920535426 -0.45930292319896 -0.39615944876612 -0.39602929471249 -0.3963647366747 -0.39645055212019 -0.39301104823193 -0.39314836656088 -0.39323371355331 -0.39400227168979 -0.39405181348823 -0.45741579155917 -0.45688551609713 -0.4568839787458 -0.45750226250468 -0.45803912076765 -0.45786739579349 -0.39151410562344 -0.39159892216807 -0.39730872477092 -0.39823993779212 -0.3971397730248 -0.39165209151832 -0.39175290999754 -0.39026039409239 -0.39032708599767 -0.50034165672624 -0.49591280279072 -0.50403443243081 -0.44123832167601 -0.44188670428785 -0.43990771834955 -0.39189496496445 -0.39211101172853 -0.3920235034984 -0.38813410700171 -0.38807099798204 -0.42223693867291 -0.42226576262795 -0.39625890118861 -0.38434502288077 -0.38443989103999 -0.38429119738403 -0.39291201008307 -0.38491315816939 -0.38486381487206 -0.38454239485215 -0.38286098588045 -0.38292506654507 0.69513636999608 0.6842482527739 0.70818274452442 -0.38352331661813 -0.38361579020897 -0.38368802452917 -0.37947917226675 -0.38341144122043 -0.38328605435254 -0.38332338182931 -0.38348796868642 -0.47303365175028 -0.47435200552947 -0.47432042398175 -0.37642723195406 -0.37637787978394 -0.37647669187205 -0.38376347994886 -0.38386286689926 0.49086321917876 0.49136652953887 -0.39104432535927 -0.39113696927149 -0.44400107948601 -0.44405038899357 -0.44435269699397 -0.38797595219756 -0.38785275280199 -0.3893105305936 -0.3894168123356 -0.44028480385845 -0.44038276466118 -0.44018155466498 -0.45420902609658 -0.45469879079877 -0.45452687725737 -0.38510317810621 -0.38532266785039 -0.3852339574666 -0.42678253027666 -0.42689691416911 -0.42709312634904 -0.38550794468388 -0.38562997357932 -0.38646720400422 -0.38635448628302 -0.38621635479588 -0.42195312502407 -0.42182439114574 0.69988393881282 0.67123368149407 -0.38680494652353 -0.38669369934381 -0.38753117245824 -0.38764200158238 -0.41000515303145 -0.40988320100738 -0.41016868576899 -0.5000363972239 -0.49921701404291 -0.49420672034481 -0.38500224774087 -0.3933370375492 -0.39346070360387 -0.49202958714767 -0.49275412369218 -0.4909541499066 -0.3970511372959 -0.39476575984812 -0.46295097457135 -0.46314028135002 -0.46149791472497 -0.46212598074673 -0.46170015763294 -0.4177637643831 -0.41762481940545 -0.40714929602128 -0.4071118008522 -0.41340429709507 -0.41327737286558 -0.45656101503179 -0.45684608428547 -0.45678864404961 -0.41383841649337 -0.38260529688697 -0.45703681265413 -0.39085330595993 -0.39094489240974 -0.46600596661321 -0.46457864860582 -0.45642426776264 -0.45643699240869 -0.60834339920991 -0.60759869364625 -0.47174810990885 -0.47047887406428 -0.4273596379312 -0.42749610336836 -0.42762353678043 -0.47842058237429 -0.47915546538189 -0.48107002810166 -0.47619908358798 -0.43736199415708 -0.43722077081177 -0.43710216874748 -0.40536153421751 -0.40513518101748 -0.48545082699759 -0.48566595534304 -0.48557331401712 -0.41939738297169 -0.4876654271562 -0.53889032958337 -0.53977846071102 -0.402496797724 -0.40274968390358 -0.47288399954156 -0.47282888681442 -0.44790738863956 -0.44811788547462 -0.46422180582464 -0.39513941736073 -0.39958589134054 -0.39926647755963 -0.39938736645755 -0.44893832026267 -0.44933455219119 -0.44915886928526 -0.40191179094382 -0.4018125250696 -0.44969474429329 -0.45004779036255 -0.4498694409264 -0.44938551140682 -0.41884786471528 -0.4185711345999 -0.38205924601388 -0.38191801671233 -0.44594587223001 -0.44647375069505 -0.4461492523364 -0.4087852616332 -0.44684172362899 -0.44673272731513 -0.44207502377424 -0.44224156671416 -0.44214312382008 -0.41385455429866 -0.4389156436695 -0.43882982303195 -0.43872238374493 -0.45516220048038 -0.4555553590459 -0.39246046704775 -0.39230337331532 -0.41268182733434 -0.38611245829982 -0.38609314733366 -0.38594031321946 -0.50035617814369 -0.50644142517268 -0.50212380049547 -0.3804347604732 -0.3804153266271 -0.38065788588454 0.57576867890203 0.57488448432124 -0.45275501057725 -0.45260805958484 -0.45240412303956 -0.45319856544469 -0.4535499727609 -0.45332726371844 -0.37964809647584 -0.37959491979262 -0.45300267574737 -0.43953163347493 -0.43933975021118 -0.43936454281035 -0.50937566412026 -0.50982810741231 -0.50916342608494 -0.45603686116158 -0.45569598800308 -0.45020942927892 -0.45050917298333 -0.39183282845105 -0.46141187791366 -0.46031793705855 -0.4840077481322 -0.48297824216658 -0.51060684538713 -0.51027770664396 -0.53422003970837 -0.53895639792989 -0.71547608906273 0.68631658341738 -0.55329399687948 -0.54918581873534 -0.43226706750002 -0.56464169447302 -0.56346794044214 -0.56202534133685 -0.56531356349129 -0.56447432585644 -0.42081642741343 -0.42066337980172 -0.42069762274844 -0.51797983501134 -0.52825223657335 -0.52226676505748 -0.61163321013309 -0.60849867458394 -0.61249526387409 -0.6079261405347 -0.6015789215643 -0.5965586075016 0.53818938479111 0.54048897244703 0.54389690406948 -0.56535019946055 -0.51713632528618 -0.60960034409625 -0.60963241021891 -0.44964390088133 -0.44926000877708 0.62409428713565 0.59544061864544 0.65711592545311 -0.38831831886662 -0.38812121236227 0.66401241223457 0.67046141171347 0.58812037153124 -0.58457309351797 -0.4537459328644 -0.45367801873226 0.64763943690842 0.59675373473327 0.59170382819287 0.59436745959354 0.56669770209137 0.56774798410923 0.56515135947269 -0.46354486271755 -0.46433644021931 -0.4562783627867 -0.45637433794304 0.73343092101926 0.76171710199301 -0.3886325667591 -0.38903785596697 -0.8435362072974 -0.81920951290167 1 -0.79780860312642 -0.47648375227053 -0.47469405712928 -0.51690182667926 -0.51683147308543 0.77835509837561 0.79276572560064 0.78152247607043 -0.79518864507325 -0.82127713923102 0.76925695689102 -0.56291255973078 -0.5644584798492 -0.56832409921228 -0.87166646945132 -0.90044042322528 -0.43139108732695 -0.4313927378976 -0.43174908203389 -0.44682684514504 -0.44658012926497 -0.4465266336697 0.67055578212016 0.66959634609109 -0.43765104909337 -0.43785013664998 -0.43808538228718 0.64619510900068 0.6577581359176 0.6344088736709 0.66757963464811 -0.43696788594256 -0.43681316420912 -0.40310092544215 -0.40339603383322 -0.40305975827987 0.57665358585003 0.58095785706012 0.58710733396081 -0.39889997579596 -0.39883493863564 0.62870914298083 0.60940614019398 -0.40698123832908 -0.40687289791047 0.73648843142002 0.74777016206577 -0.44089102818296 -0.44079501774594 -0.44073325172959 0.55022227683119 0.54708673184176 -0.39495097003219 -0.39482159350483 -0.3948239666686 0.31173553955624 0.30164403945739 0.30418106527793 -0.38877282721507 -0.38869601741733 -0.41985690653354 -0.41990789356259 -0.40358642813418 -0.40353565640317 -0.42639972442415 -0.42661531164783 -0.42923517593265 -0.42935453219834 -0.37699920471318 -0.41058136944536 -0.4105012651479 -0.3904098213636 -0.42553162112545 -0.42565214956445 -0.42529522528338 -0.41609126277032 -0.42114113014821 -0.42092426135123 -0.42107724026928 -0.43048946996181 -0.43034837236404 -0.43330611207161 -0.43309852406573 -0.43346309643826 -0.42039539236522 -0.42051531289341 -0.39215656384918 -0.39188404031511 -0.38386700927636 -0.38414038228206 -0.38406822301557 -0.43184290202109 -0.43163767710411 -0.38957565794379 -0.38975058636704 -0.43386195219724 -0.4337855795983 -0.43373928193026 -0.43355188358789 -0.37639391203609 -0.3763659603323 -0.37630889646044 -0.40226762461878 -0.40206615222979 -0.40253460317231 -0.43100098768068 -0.43105668924732 -0.43088157600898 -0.38655566395839 -0.38654289958318 -0.38678018100557 -0.4305958855417 -0.43071593099904 -0.4307765560767 -0.38426964891903 -0.38322641931876 -0.38336095071125 -0.43456480630665 -0.43429513630333 -0.4201731757314 -0.42002027362948 -0.41083692544741 -0.41099898539663 -0.48197699748934 -0.48405100060155 -0.47936990490054 -0.42258262224605 -0.42242377909385 -0.42273111039072 -0.42454249700302 -0.4242508200739 -0.42460684649365 -0.42471445105991 -0.42512870238058 -0.42520582767437 -0.75807018906196 -0.78855284282746 0.56778311135898 0.56194760786268 -0.4241725965591 -0.42399791256828 -0.43720043228088 -0.43766461374075 -0.42345540003869 -0.42337103592853 -0.42311673499428 -0.42320607165385 -0.43517965644252 -0.43537118715685 -0.4348503228653 -0.44149622097894 -0.44142345986812 -0.44163340699192 -0.53312913022579 -0.5324753618811 -0.39872038913111 -0.42784902518973 -0.42773282384701 -0.41835922756527 -0.41835160464022 -0.42806091213958 -0.42814988170268 -0.42943840399201 -0.42953133857128 -0.40371196812165 -0.40982883821115 -0.42238825387025 -0.40715656540143 -0.4068784875332 -0.4069743947417 -0.42599991491172 -0.42586186401137 -0.42607839261827 -0.42206719775095 -0.42725147836054 -0.42970794492675 -0.42983949316458 -0.4061898094127 -0.39447474838298 -0.39465372126631 -0.38264377962561 -0.45680128686241 -0.45741676500542 -0.45845273651918 -0.44398025601541 -0.44372276830629 -0.45948202315413 -0.46004873939785 -0.4191606222976 -0.41946371976355 -0.44360995401713 -0.44395476008847 -0.44378822247325 -0.3917399716482 -0.45446202790786 -0.45412845823048 -0.4394324848361 -0.4392248424509 -0.46453560713125 -0.4638043087338 -0.46467893566822 -0.44857917395154 -0.44835330927787 -0.44418428291654 -0.45147990684313 -0.45115283094896 -0.73814583040416 -0.70730590643006 -0.66917586237398 -0.43786071830875 -0.43821685711886 -0.43819918787749 -0.41857146152621 -0.41838691678603 0.52612001102592 0.53002541461843 0.53143405592481 -0.39709044903018 -0.39695327850674 0.50464432380896 0.50587008286323 0.51576411754886 0.51851830012279 -0.39428498126411 -0.39413781330762 -0.41078506105329 -0.41065875791768 0.48900954331457 0.4892746652544 -0.38415826444565 -0.38406263087806 0.4868838210603 0.48722678874373 0.48695684416813 0.48986605027079 0.48929135175995 -0.38496001473385 -0.38497534083543 -0.38478761561894 0.49401101674085 0.50297112017668 -0.41466660266655 -0.41451040067371 0.53330262882163 -0.39439696496245 -0.39426992919552 -0.38318986369415 -0.38309730502545 -0.4366100040877 -0.43667818561635 -0.43685468550191 -0.41592738981632 -0.41579303083557 -0.43517977055282 -0.43504694755649 -0.43489975485208 -0.43689015327138 -0.4369461405558 -0.41117828753577 -0.45635088936407 -0.45628019289095 -0.43540792288721 -0.43562661337751 -0.37790466366679 -0.37795873498 -0.37786835295689 -0.43615427259044 -0.43638590392767 -0.38015037918244 -0.38955474426339 -0.3894720828613 -0.43524566424893 -0.43497754361239 0.5417222518735 0.53358416872628 -0.43942659557575 -0.43963956529309 -0.43956678923107 0.60185161610319 0.60680122366962 -0.44068014172994 -0.44065603097809 -0.44048997778472 -0.43924103735107 -0.4390720649394 -0.42086304992188 -0.39980349835542 -0.39964825016088 -0.43841848605869 -0.43856736985939 -0.43849393811031 -0.43581626587102 -0.43601700539252 -0.43530100612331 -0.43868365337012 -0.4388636065585 -0.43866901472516 -0.40675526837112 -0.40655694725041 -0.4356337632004 -0.43587776352181 -0.43575963022526 -0.43981219207311 -0.43994500874843 -0.43989655408098 -0.43478657487052 -0.39764784614567 -0.45605922283666 -0.45606794160924 -0.45586614180469 -0.44429073057144 -0.44456573922214 -0.44465238177701 -0.44179118016273 -0.44172670089734 -0.43811655349014 -0.43792776269325 -0.43763337106884 -0.38652459847426 -0.38630149126045 -0.51196304499055 -0.51353405594891 -0.51293094060679 -0.46265613739685 -0.46251538089399 -0.38603011389758 -0.38596117928161 -0.46273951693735 -0.46306596848557 -0.46312766886645 -0.49068837869631 -0.48972470586626 -0.49275278882017 -0.4531141605822 -0.45354941949672 -0.45395400035413 -0.44423896965809 -0.43753140286123 -0.43730896479728 -0.50859476311416 -0.50820845123291 -0.50854609354208 -0.51003937914289 -0.59151941487797 -0.57170472014716 0.58675559483258 -0.60188221231032 -0.62856815172482 0.85370866319924 0.83676555054556 -0.85268160144374 -0.86104488494894 -0.8178117986627 -0.84578022492885 0.59957744837882 0.606069913145 0.59791192446767 0.55545520471598 0.55888951922972 0.54804525023807 -0.42498944370038 -0.42490325633873 -0.42510451420543 -0.42780120607126 -0.42813459673485 -0.42653051418225 -0.42687860691637 -0.4297724993485 -0.43002781046485 -0.43266797671034 -0.43231517255005 -0.43254797998391 -0.43092652063839 -0.43069453726033 -0.43135143049828 -0.43123133675308 -0.42367862454655 -0.42361559268172 -0.42370242444159 -0.43415460641524 -0.43404386387448 -0.43400173820098 -0.43407090153747 -0.42377220166762 -0.38104453188597 -0.38080595296414 -0.38046977384714 -0.43923262298718 -0.43962815648994 -0.43949384099674 0.52084647583489 0.52166925104169 0.50950447185907 0.50563464665054 -0.43348786032104 -0.44103619540021 -0.44106562459131 -0.44070114684878 -0.43967795145553 -0.44134472661166 -0.44117981625773 -0.43566729066234 -0.43470773343785 -0.43922069293326 -0.4045592728139 -0.4045361958334 -0.40461779479267 -0.40469112607602 -0.40912743093951 -0.40917167752593 -0.40899563823837 -0.40971083505462 -0.40974055444722 -0.40086688019112 -0.40076271178125 -0.40100950581135 -0.40123586485251 -0.42065941991765 -0.42084059812453 -0.42152012990204 -0.39928549485227 -0.39908228834541 -0.41207702671416 -0.41193079480446 -0.41224035982619 -0.41244158912838 -0.38613361872592 -0.38593698327621 -0.38613559769276 0.65391590346203 0.65648162524668 0.66227348447205 0.56067361654343 0.55546375785365 -0.4285352433266 -0.42834533989571 -0.42850905107564 -0.42870812553888 -0.43234851970689 -0.4321012085058 -0.43281504570804 -0.43267140780186 -0.42354328931476 -0.4236640335593 -0.42718906928042 -0.42751995970279 -0.44013592530268 -0.4400658539274 -0.43996717461728 -0.44097615895937 -0.44103571429953 -0.43197071520953 -0.43207763311655 0.51246934193351 0.51929859793569 0.50271882239804 0.52807799601432 -0.43111166558445 -0.43146922225898 -0.44268068423049 -0.44322833335644 -0.44287917977019 -0.43998379085929 -0.43995616918489 -0.44008088267269 -0.44614328444517 -0.44569289453827 -0.44552428499007 -0.37505314756939 -0.37506942727995 -0.37523695849137 -0.37864794594776 -0.37874285404603 -0.37885336892095 -0.37786018917327 -0.37775027993802 -0.37768615728881 -0.37594293047103 -0.37577165015688 -0.3760377349268 -0.44870075443763 -0.44868189116825 -0.44833030320879 -0.37836743267075 -0.37850111175588 -0.38086203602656 -0.38075327713052 -0.37762364710482 -0.37801634427979 -0.3779582634453 -0.37806375845349 -0.37607333701973 -0.3760535803857 -0.37596067212718 -0.37846093353689 -0.37853781550467 -0.37904431800339 -0.37911733126034 -0.40551733539914 -0.40563722523331 -0.40207953341762 -0.40222266977727 -0.41742087835325 -0.41708401096542 -0.42049465259009 -0.42056963373095 -0.42088420781297 -0.39647803439765 -0.41317716517897 -0.41322627411991 -0.38217206446421 -0.38222502411627 -0.39155884359276 -0.38772431569112 -0.38749878015141 -0.38771062981614 -0.390093632702 -0.39023450447922 -0.39005240447045 -0.46546308848166 -0.50498107570054 -0.50122416198067 -0.49847399341922 -0.44536581933927 -0.45520031124189 -0.48790258864757 -0.45288934264357 -0.45226849052238 -0.45644159082722 -0.52969286792601 -0.53602029665936 -0.53899802991845 -0.53482622288854 0.71823154121618 0.69804118975194 0.62773845480644 0.63820264758403 0.61874306612071 0.60335338992542 0.62207979463315 0.59802750368552 0.50161829251463 0.50250305746818 0.50835337932862 -0.42868767611718 -0.44184905872104 -0.44192026779336 -0.44298338709769 -0.44334969728805 -0.44335632235245 -0.40414861752529 -0.40436631781763 -0.41283471618886 -0.41310009727534 -0.41271017037324 -0.40798724722446 -0.40820166004072 -0.40798118014595 -0.41376643835815 -0.41373308008216 -0.41353177530782 -0.40673506425208 -0.40472580606837 -0.40498732540284 -0.40491528180781 -0.40560512665898 -0.40523316463326 -0.40950953522411 -0.40965558628056 -0.40148775371211 -0.41054745122154 -0.41102818840035 -0.41045446867592 -0.39885897148098 -0.40349954986464 -0.40359509697874 -0.40398556056122 -0.40397258830097 -0.40384583928632 -0.40490475743327 -0.41969575772898 -0.41987692032294 -0.42486339676759 -0.42467054792764 -0.41830406098048 -0.41573490448875 -0.41583447503966 -0.41552694273262 -0.41535153440494 -0.41565087378062 -0.3939333631722 -0.39418757520173 -0.39407315493896 -0.41441796625871 -0.41451424079207 -0.41379634932484 -0.41409380915265 -0.41585889200864 -0.41119515768088 -0.41147043646449 -0.40374604519384 -0.40430163948393 -0.41053104748864 -0.40880355210232 -0.4089448384376 -0.40909541047004 -0.41263624700517 -0.38399543923181 -0.38457903676678 -0.38454934984678 -0.38437405023848 -0.38353256358282 -0.38632026742905 -0.38657799276412 -0.38302141745334 -0.38304958220254 -0.38283275849641 -0.38415917482989 -0.38120739810002 -0.38103768814637 -0.3811807486801 -0.38165321274385 -0.38179070367269 -0.38191989464639 -0.38101864673257 -0.38086464348993 -0.38146727950742 -0.37545332108522 -0.37509440516448 -0.37513265632591 -0.37728219177346 -0.37719201464557 -0.44332248849404 -0.37568898680026 -0.37577948574148 -0.38933711782385 -0.3893458503643 -0.45610346560982 -0.45627359963978 -0.46244402510708 -0.46238834193414 -0.45384488619232 -0.44494573197166 -0.50651166304285 -0.50637941946908 -0.48632819386542 -0.47839507005225 -0.48618412469159 -0.60691497056107 -0.60457417976588 -0.6946203856819 0.65229290409178 -0.75614017178984 -0.4248176998697 -0.42379643788018 -0.42902978725251 -0.42927060030304 -0.43380612001095 -0.44110326693332 -0.43496497174067 -0.435248935055 -0.43428233145779 0.52188992103431 0.55843767883508 0.49075655828647 0.49126315589147 -0.43528829394631 -0.43756736152406 -0.43755761485801 -0.43968276044202 -0.43993683384362 -0.43986455485318 -0.44253312063293 -0.44255488377249 -0.40448123251877 -0.40452210910657 -0.40153642395344 -0.40179918859035 -0.40955840934707 -0.4092815637792 -0.40953155918401 -0.40064101112704 -0.40070860999489 -0.39783242931203 -0.39803792427499 -0.39995740250394 -0.40016892690878 -0.40039652590828 -0.42132355615365 -0.42108096470442 -0.41178825694771 -0.41188889246022 -0.40467023524819 -0.4047402514046 -0.40484592078493 -0.41263330648003 -0.41293391808676 -0.42297164168346 -0.42294097675601 -0.42262385807842 -0.43945397302096 -0.43921289809171 -0.43939190268015 -0.44341112383559 -0.44376608460492 -0.43910116128301 -0.43902152085354 -0.44477878302897 -0.43973491900222 -0.43885269930976 -0.43884968140162 -0.43824130915501 -0.44698524661002 -0.44643588349373 -0.44658703899272 -0.44205759913147 -0.44211184539292 -0.44229717215743 -0.37981249624485 -0.3799141843269 -0.38009408205831 -0.37755537679646 -0.37736611706406 -0.37747017403294 -0.37629388974508 -0.38079196831107 -0.37862732703713 -0.37977796905421 -0.37970727429159 -0.41624570171716 -0.41646418438271 -0.41586065993225 -0.42134865663935 -0.39515119037234 -0.3950611183973 -0.39526175992833 -0.40004719219019 -0.39040153637782 -0.39057494449933 -0.390449858235 -0.39361383708525 -0.39371476885294 -0.48003566450297 -0.48447321501636 -0.47176911343671 -0.47097173390177 -0.47254348849393 -0.45089970360048 -0.45403079913136 -0.45455427312964 -0.45613762214219 -0.46195048865035 -0.46235727277404 -0.46215380462709 -0.56104078544797 -0.63931528037159 -0.65009918559164 -0.63142622243227 -0.68393422811781 -0.66535367205939 -0.65257275365218 0.72356033411263 0.74620934652208 0.74393937378936 -0.42395997652545 -0.42389674234511 -0.42369524616317 -0.42933514712187 -0.42943894948745 -0.42890269182814 -0.40822141716314 -0.40840703023081 -0.40861089572543 -0.40874319869001 -0.39659859629857 -0.39675995871469 -0.39687048935067 -0.40067675155517 -0.400297786067 -0.42033292257418 -0.42028411920361 -0.42010495934386 -0.41954917154921 -0.41893537559903 -0.41924098379479 -0.41860317543202 -0.41891003802853 -0.39358993702307 -0.39338365583204 -0.39579647930087 -0.39603524623616 -0.38357880195561 -0.3814779296656 -0.38134763931249 -0.37912688556671 -0.3790723573907 -0.37925387740097 0.65829559777501 0.66200995117449 -0.39059393684558 -0.39048760157935 -0.39089346560809 -0.39095720635698 -0.39114296735635 -0.38573316032309 -0.38697816043361 -0.46196536997893 -0.46145743835358 -0.46687421656342 -0.46890046705923 -0.46785062229041 -0.44141621293696 -0.44161148609908 -0.44173387576989 -0.4556545002588 -0.45542385849411 -0.45503059140427 -0.65919498468588 -0.73261053926715 -0.40964757436799 -0.40944662457254 -0.40841283665827 -0.40698815886378 -0.4067139438609 -0.40580756031764 -0.4053833975657 0.65748450047665 0.6830546579525 0.49770647769312 0.49604238867753 0.49554640548671 -0.42302015747615 -0.4227517926155 -0.42303192358962 -0.42494516575972 -0.42443585535033 -0.43958414091017 -0.43451134207832 -0.37919660630289 -0.37835190264795 -0.37818958366724 -0.39635998730684 -0.39647707183588 -0.39844192612135 -0.39822721632655 -0.47398960229013 -0.47131482801477 -0.4738781005354 -0.49849284044616 -0.50336645215448 -0.55181993035931 -0.56163948197429 -0.62388761146033 -0.42333504707354 -0.42348143645333 -0.42322979632656 -0.43006120651572 -0.43034073344762 -0.39884651126534 -0.39899958738064 -0.39923789638193 -0.39994010120313 -0.39312109027082 -0.39259412544038 -0.39299550597162 -0.39556055018965 -0.39556783394409 -0.39432623788335 -0.39478759079556 -0.39488937742458 -0.39424587640016 -0.39453484308678 -0.3962510605371 -0.38392989191491 -0.38425396765417 -0.38386480115988 -0.38582244392658 -0.38602389209502 -0.38615814315537 -0.38054776390105 -0.38049854205913 -0.38062883098364 -0.38927599764775 -0.39078477139584 -0.39078523839632 -0.38983620211725 -0.39000339091214 -0.39018529574165 -0.39031328853398 -0.38987271302276 -0.39013305007388 -0.39133564313578 -0.39156252704094 -0.38712774538023 -0.38730405456226 -0.38536814339055 -0.38537975049748 -0.38517579957421 -0.4632245402565 -0.44908576239738 -0.44997913315236 -0.44787620411771 -0.44029532226441 -0.43409559764558 -0.61744362865999 -0.66354239814745 -0.65953673273153 -0.67328441044361 -0.44343173170098 -0.44411325143792 -0.43905702383724 -0.44520118248474 -0.4451209231085 -0.44593338628848 -0.4358428278504 -0.44262415559591 -0.43759632041005 -0.37786851853213 -0.37769255389261 -0.3777336017226 -0.38046583359809 -0.38050578695475 -0.38429274041134 -0.38405922637471 -0.3894514756466 -0.38974435881259 -0.50078629578507 -0.50805157708393 -0.49343301424051 -0.44120199844895 -0.4370307808393 -0.44268941158103 -0.44269931791031 -0.44237684301438 -0.42558719581456 -0.42696810581019 -0.42589943241188 -0.38209713755881 -0.38188901249972 -0.38134363428906 -0.38116430974801 -0.38169156188157 -0.38529832093937 -0.38533093409527 -0.38512057591623 -0.38789623720118 -0.47937981114146 -0.46098676525504 -0.37928805645527 -0.38560537554112 -0.38539485060711 -0.38553017587861 -0.38583048635878 -0.48623262728425 -0.4759670073078 -0.48762043150193 -0.5484644014232 -0.54622657512287 -0.46558552825148 -0.38537627020475 -0.38515688431613 -0.38963901213049 -0.39004650372711 -0.46964872617281 -0.39548678323098 -0.39584704594805 -0.39552803610708 -0.39601931070535 -0.3948137700507 -0.39800912326688 -0.39757687740272 -0.39606910696015 -0.39618774654319 -0.39619133926042 -0.39649318418157 -0.39723129871169 -0.39677390489562 -0.39815485585796 -0.39840974255486 -0.39512953845098 -0.39548098940787 -0.40090532234679 -0.40071345092376 -0.37730502426432 -0.37736024671707 -0.44090091863462 -0.44103241354491 -0.38729982723534 -0.38720426984247 -0.38767451641406 -0.37935825869123 -0.39074888095742 -0.3909785705454 -0.39075751893408 -0.39114593583301 -0.45861831948548 -0.4560378522508 -0.45619729596066 -0.46036268749894 -0.39317105001364 -0.39149106366689 -0.39305232961455 -0.3928162433975 -0.42623559666836 -0.4261499589677 -0.425730204764 -0.42414897499606 -0.42244219218714 -0.42229952457352 -0.42229983062691 -0.4214028735531 -0.42197503236016 -0.43144426750487 -0.43173652748854 -0.43144647429008 -0.43851933496369 -0.43876656321044 0.49294060615775 0.4929459867327 0.49195418316706 0.49094409413741 -0.41770869516307 -0.41835803332617 -0.41739533064641 -0.41684476197419 -0.41659010487444 -0.41568707261586 -0.41538197923683 -0.37684487469273 -0.37692869824635 -0.37679739606226 -0.37778981610129 -0.37805030822297 -0.38070566023019 -0.38069335571765 -0.38038843562473 -0.3867053952221 -0.3869015229889 -0.3872599361638 -0.55505054116912 -0.54989494457611 -0.5445891260037 -0.51081445196022 -0.51302145796966 -0.50829142271682 -0.59457846541098 -0.61327680080745 -0.61410801072268 -0.61282638333025 -0.61329036264075 -0.61401750237076 -0.67443769673523 -0.42962820668233 -0.4295866585554 -0.429430220854 -0.42837891578881 -0.44715172992363 -0.44202833249304 -0.40800022335103 -0.40796746156223 -0.40735150568333 -0.40718593416215 -0.40724245259242 -0.4073579585559 -0.40702768193541 -0.40743107617589 -0.40768535433337 -0.40751048502046 -0.40382217012107 -0.40403397523754 -0.40362882993994 -0.40433094579103 -0.4044575650104 -0.40432774980122 -0.40631011718489 -0.39804080485815 -0.39739938442993 -0.3986470354753 -0.38120200505645 -0.38155368602789 0.54468873807452 0.57020322663128 0.53949833672912 -0.43899120193943 -0.44056273695768 -0.44044607844517 -0.44304108524694 -0.46535899103944 -0.46408562007377 -0.45740754852979 -0.45643219768518 -0.4627334792104 -0.46252143266931 -0.45331936755195 -0.45267602436454 -0.45391329290487 -0.45637730908797 -0.38027447621269 -0.38142783215561 -0.38154707706762 -0.39035535139985 -0.39476473784899 -0.39117294078152 -0.39132203732727 -0.39252340405029 -0.44166148312996 -0.44133219059863 -0.44159095100809 -0.44189193190305 -0.44767770083724 -0.44733458364034 -0.4045815748935 -0.40453623682297 -0.40015670936533 -0.40078254776556 -0.40078276057325 -0.48642707612074 -0.49138348136507 -0.37605076609081 -0.38083299270392 -0.39458088650297 -0.39392614791141 -0.39419810122173 -0.39127267923568 -0.3916002839458 -0.39211202391495 -0.39187329747807 -0.39540321541555 -0.39581291308716 -0.38456306493118 -0.38475061117247 -0.38491872251522 -0.38255259121902 -0.38297367079086 -0.38545808941375 -0.3851710305577 -0.38490932044711 -0.3849793156628 -0.38492488233221 -0.38445427513582 -0.38804844963612 -0.38868214045641 -0.38814985115967 -0.40480423521479 -0.40464595201293 -0.40478514135338 -0.4044592220477 -0.40455543547497 -0.40455969494539 -0.39182433450056 -0.39240319599558 -0.41299098305507 -0.41221092725555 -0.41250543600561 -0.40252862068567 -0.40275016737164 -0.40324242734786 -0.39229963740887 -0.39201682271011 -0.39240209715272 -0.40611429362234 -0.4061287365345 -0.40672870722291 -0.4132785017221 -0.4132449482083 -0.37668770208417 -0.3763277921696 -0.37649349588779 -0.41425918354917 -0.4140768692543 -0.41436076720985 -0.40411786625598 -0.40422221011974 -0.4042335877055 -0.41489542852002 -0.41507643783927 -0.41474143297174 0.51039561647802 0.54083322857247 0.39424872565271 0.39613883562541 0.40022191510313 0.52804994834045 -0.50605499397634 -0.5234345525652 -0.52785989258952 -0.52081873484943 -0.42352501017183 -0.4234788757225 -0.42334842224451 -0.43109421885762 -0.43071241393154 -0.43077484729963 -0.4298800661396 -0.43035314793326 -0.43039549505165 -0.3798370971923 -0.45487374217183 -0.42332935372272 0.64521121690927 0.63833542825809 -0.39797682816566 -0.3974204658083 -0.39782891967815 -0.50428837406509 -0.60202157429403 -0.39958699838802 -0.39979772351452 -0.44097761854612 -0.43844529769199 -0.4387591665216 -0.43886328471872 -0.37704850486518 -0.37712461501816 -0.39379663885854 -0.39399920276235 -0.42307352579366 -0.4232179483986 -0.42339683754718 -0.42321517379282 -0.42557726934875 -0.4231251533756 -0.42353320257153 -0.42975736112606 -0.43011195261555 -0.42217109314428 -0.42295597747585 -0.41995684509169 -0.42351915517899 -0.42061222075866 -0.42108004286338 -0.42174634766764 -0.44654673276813 -0.4447283696809 -0.44539844220471 -0.39696512156887 -0.39726905589558 -0.39875085683938 -0.39886922962769 -0.3991919899302 0.52976676241678 -0.42686137135997 -0.42755681622196 -0.42410253144183 -0.42363412895017 -0.38838629018854 -0.38871328114237 -0.38615373702733 -0.37968614705328 -0.39116385496599 -0.39437430171346 -0.39467969457766 -0.4039831314942 -0.40399104345474 -0.4038458730467 -0.39948736545558 -0.39970014937426 -0.39992969813986 0.4985623706176 0.50156668350695 0.48865427725598 0.48834654029236 0.63404920652405 -0.6406665327425 -0.6303401948053 -0.39884979061987 -0.39926299153292 -0.39941582059065 -0.39347975929593 -0.42797323556723 -0.38082407802494 -0.38451916964546 0.49122928758781 0.49016750695831 0.48925414109366 0.48838355940863 0.4879471088912 -0.37933204965185 -0.37942553614418 -0.37910630363932 -0.3811562925013 -0.38124705356121 -0.3747148744059 -0.37705416301184 -0.37541377879585 -0.3752167477584 -0.37541792482807 -0.37670594420501 -0.37683948932965 -0.37664938907163 -0.37688315905963 -0.37674675884639 -0.37657439028748 -0.37694728249488 -0.37660352543524 -0.37647013823737 -0.37702820182772 -0.37708653096844 -0.37683902379217 -0.37620822713508 -0.37856292896656 -0.37839046955543 -0.37878294732479 -0.37939555592378 -0.37926751122948 -0.3795667831641 -0.45447963523 -0.45516726217829 -0.44041129771312 -0.44035910804192 -0.45591364056656 -0.45624886240326 -0.45591654263421 -0.49985157799787 -0.49678667986417 -0.49457303195215 -0.52336978580221 -0.51189137586041 -0.52013495753651 -0.46920559500396 -0.46409489178352 -0.47040353519045 -0.46893116831349 -0.39957871549893 -0.39763036432896 -0.39801427006199 -0.39852074329767 -0.39610453617374 -0.40551975239752 -0.4060737774086 -0.39679057152314 -0.39677508915496 -0.40406999358038 -0.40422912235242 -0.41180497457312 -0.41138150096698 -0.41149983205767 -0.40367637969821 -0.39304974122536 -0.39357760935082 -0.39392735517701 -0.38099778362903 -0.3846990867237 -0.37799083039001 -0.37890228621605 -0.37719623396243 -0.37773262816995 -0.37744988364993 -0.37749885673744 -0.377231789756 -0.37947849840503 -0.37624615265834 -0.37609512653178 -0.37636352211443 -0.37700895830366 -0.37846483726626 -0.37833003846454 -0.37818858468708 -0.3788042901478 -0.3794306859768 -0.44892231867597 -0.4486632763656 -0.46032233611512 -0.45919477386006 -0.45559194508803 -0.45582373998457 -0.46609763647229 -0.46427059263291 -0.47108414496391 -0.4719720621663 -0.50971856667368 -0.39374987368595 -0.39431873450051 -0.45997494543043 -0.4604298025136 -0.45876077015696 -0.48950271423924 -0.49455157497218 -0.4819295065167 -0.47397004243739 -0.39496435630411 -0.37966608820679 -0.37993663383019 -0.38127887731256 -0.3810165090039 -0.37664365363674 -0.37785722638374 -0.37769826042569 -0.3778915426911 -0.37811676397568 -0.37792621636256 -0.49405926229701 -0.51716228151588 -0.52411222794983 -0.39182732560481 -0.39189702746317 -0.39251717719839 -0.37702130042881 -0.3768391416996 -0.48484243394543 -0.49265904474498 -0.47458535172461 -0.47844849432164 -0.53165552860721 -0.48570271271308 -0.46129192860326 -0.46218033847093 -0.46387235446078 -0.4703826043563 -0.58492613888028 -0.53702003884157 -0.465535799365 -0.47063031791684 -0.53642689267552 -0.54122196653597 -0.52462140871835 -0.47555004610363 -0.46192520061496 -0.46122879133719 -0.46053040887275 -0.46307767235107 -0.55841741966801 -0.57747734232854 -0.53291745948937 -0.4823786245687 -0.49486626368355 -0.5120951524105 -0.50681941433121 -0.46872048860477 -0.50161143714511 -0.4760305432411 -0.46901418004051 -0.64001685317673 -0.62238366386093 -0.62360183994331 -0.4152840039219 -0.41527945909193 -0.41466363561677 -0.41338916437653 -0.4136986156876 -0.41387713048464 -0.40317352749405 -0.40347788677508 -0.40358343876421 -0.40284115670666 -0.40270327173874 -0.40298712231524 -0.40215549090783 -0.40455075557301 -0.4063251773543 -0.40514650676077 -0.41449415148401 -0.41612424254109 -0.41630996573875 -0.41601549513741 -0.41453648384269 -0.41473400844443 -0.41693083624756 -0.41669800145187 -0.41664343471402 -0.41522474922648 -0.41518846774233 -0.41494681085754 -0.41401817083594 -0.41378468335103 -0.41506191090257 -0.41192730726439 -0.41387831590439 -0.41340871781612 -0.41431568938679 -0.41351948096058 -0.41533363274733 -0.41557449620824 -0.4157693446706 -0.41595947427206 -0.41324494132836 -0.41322435182952 -0.39907515359805 -0.39972179336353 -0.39903372741606 -0.41623927872595 -0.41232584480286 -0.4126389790052 -0.4129661808408 -0.42256055682577 -0.42261511150726 -0.42309128773455 -0.41265930182974 -0.41459160537157 -0.41294101736952 -0.41255862203927 -0.41344286392191 -0.41396100482315 -0.41413239425579 -0.41575994816389 -0.41514484234628 -0.41442442240307 -0.41480915145662 -0.4119291268916 -0.40436538020232 -0.40436412227124 -0.40435672689894 -0.40445283581964 -0.40447481593392 -0.4014657712362 -0.40284481988779 -0.40151362607805 -0.41130688553967 -0.40910310360117 -0.40952919254757 -0.40857835675816 -0.40880350813391 -0.40843224271082 -0.40420466062408 -0.40451416615921 -0.40463562922205 -0.40480341198404 -0.4074896784809 -0.40790194596802 -0.4071559049365 -0.40461203647086 -0.40477487983073 -0.41206818597459 -0.41217325390788 -0.41091189930404 -0.4112271097074 -0.44027554731612 -0.45059618405056 -0.40426617901541 -0.40364036665753 -0.40357744568738 -0.40338311496943 -0.41314027111638 -0.40429681949316 -0.40418745471415 -0.40439668965398 -0.40451311372133 -0.40182107183369 -0.40159134189678 -0.40244685727353 -0.40230087660143 -0.40433046351257 -0.40492067560978 -0.40789189262755 -0.40822078217227 -0.40143316669025 -0.40115462068274 -0.40036076639339 -0.39936939688172 -0.39931062812523 -0.40019907170316 -0.41051182503046 -0.41002257266553 -0.40168355131675 -0.39890652488232 -0.39849495740604 -0.40129129380269 -0.40714140476005 -0.40519783335101 -0.40522261345116 -0.40455492453664 -0.40464458432566 -0.40454448565035 -0.40103319901386 -0.44650569380732 -0.38755823281492 -0.38799479400518 -0.38913705245586 -0.38665856078894 -0.38698527593649 -0.39104422754935 -0.39139679373998 -0.38889009631359 -0.38900406383081 -0.38859761007233 -0.4575286820866 -0.45820910910158 -0.45791082040002 -0.4587501748661 -0.38374857840956 -0.38341044288333 -0.38452566582693 -0.38489774851648 -0.39033501300103 -0.39059500223763 -0.43409225298808 -0.43418037999238 -0.43370825326809 -0.39526891971115 -0.39549971226351 -0.39596745191967 -0.39635011234265 -0.6487192884661 -0.6590598734558 -0.65054014133165 0.59747963885228 0.5911559746411 -0.64911929321223 -0.44715189357025 -0.44761140108949 -0.42493003389448 -0.38050372111887 -0.38028206282386 -0.38080944586122 -0.37649187249499 -0.25074921861222 -0.26191021342005 -0.25013782020785 -0.4400450938398 -0.43984176979102 -0.43251892750018 -0.43243202488687 -0.43283778661904 -0.41230088104839 -0.39972161890756 -0.40443101626379 -0.37697423185141 -0.38066476707679 -0.3780139167977 -0.46324084778111 -0.41994803438189 -0.42045676172183 -0.41183732899963 -0.40519232823269 -0.41160245094278 -0.41198313594185 -0.41237466458174 -0.44585136495432 -0.44695484706903 -0.44799866098758 -0.440539838432 -0.44030536976654 -0.41141184244181 -0.40614907758013 -0.4067073867383 -0.38228043499974 -0.38235791695131 -0.38276076072453 -0.38592305781499 -0.38528915858147 -0.38529829968532 -0.382251203812 -0.3814630008396 -0.38172112439968 -0.43193166041936 -0.4321736866048 -0.43196760018231 -0.43317272647117 -0.43324990697356 -0.62229613070108 -0.61751361070134 -0.59772231723043 -0.59487568223809 -0.61814367346014 -0.37812991262948 -0.37846654737198 -0.37800416837098 -0.3777644136129 -0.37820671014814 -0.37538520282052 -0.37557453353655 -0.3757658943209 -0.37561012312454 -0.37583364425178 -0.37579439417642 -0.40160858188704 -0.41372161105528 -0.41439977529347 -0.41401017945455 -0.37865134665268 -0.38000206559613 -0.47464271338826 -0.46762488443732 -0.46429363118702 -0.46584020594687 -0.44196577560144 -0.44212371554944 -0.44179155964578 -0.43824559742319 -0.46235488776201 -0.47263394259545 -0.38642176665293 -0.38806039763364 -0.45441188525328 -0.45466642913345 -0.43208584316964 -0.43160908921169 -0.43193202525667 -0.38770843150449 -0.38809528899345 0.48758298812683 0.48753903075827 -0.57820022138921 -0.49245891496332 -0.62440099930655 -0.63378084617356 0.48781658566539 0.48836023771816 0.48700807482429 -0.61489056460367 -0.61701967874159 -0.61604724743571 -0.44060592669847 -0.46032519288784 -0.45893428560186 -0.46000769975441 -0.45934468507238 -0.4085756800518 -0.42139351933815 -0.42134943145626 -0.42212454096347 -0.40524948147645 -0.40553178594473 -0.39494063682469 -0.39440150222868 -0.40749846773735 -0.40517174924951 -0.40570363638152 -0.40586013403199 -0.41937070616812 -0.40610788106825 -0.40478089219358 -0.45648278050614 -0.46154652831106 -0.46074466762653 -0.47219808993891 -0.47824909771153 -0.46833355388087 -0.38931092731607 -0.38735031981808 -0.38728834536181 -0.38734278237587 -0.45313903390865 -0.42359217608246 -0.42329329838426 -0.43159657636132 -0.43195174311239 -0.43175853264635 -0.38822469152008 -0.38823593809266 -0.38778003623814 -0.38876832126038 -0.38932643011457 -0.38921470704076 -0.38936854026805 0.48758493727516 0.48827258839985 0.48784849171944 0.46839454734312 0.46976376930507 0.46580389963926 -0.63347878005849 -0.61434010969403 -0.60232269892402 -0.59656763915924 -0.59178113731333 -0.61716215709737 -0.40986374216344 -0.4090571032106 -0.40892420402466 -0.37718256086827 -0.37726740603419 -0.37677636469631 -0.39797048367662 -0.39725195603239 -0.39791393654177 -0.37922318193266 -0.37900232340173 -0.37949029777612 -0.41727533921088 -0.41632438781823 -0.41679254476791 -0.41040251828857 -0.38642484162068 -0.38691110198004 -0.38729063632539 0.48883357930246 -0.51925499165593 -0.5168151860262 -0.52239943544207 0.50166325722127 0.49617029079908 0.48300207439456 -0.38635038194363 -0.60548424807539 -0.57909371550504 -0.56505848517913 -0.54345539147618 -0.55996104096841 0.50421758093712 -0.38297874054422 -0.38238622507123 -0.38289647642211 0.492932131557 0.49514105255521 0.49381978309931 -0.38199196241656 -0.38310277777536 -0.54446643650098 -0.43580404230398 -0.43113082333556 -0.43134140081268 -0.44210837966912 -0.43339025832806 -0.43379345331235 -0.44193767426548 -0.43156002867348 -0.43127080733336 -0.43106397399757 -0.43080385672705 -0.43642484106183 -0.43053602992669 -0.43093151039024 -0.43225229935171 -0.42930416009137 -0.43030037478876 -0.43251824852034 -0.43320440510656 -0.42791061822702 -0.43220366229606 -0.43144069404765 -0.43199558391954 -0.44295842363327 -0.44228485423413 -0.44285838461192 -0.4436870669811 -0.44515633437946 -0.44017850142224 -0.44046693276108 -0.44060419402508 -0.44150150111135 -0.43593323806433 -0.43693591054612 -0.43710643904328 -0.43119330054065 -0.43075187095295 -0.43097930179191 -0.44137625326372 -0.44146595752522 -0.4416306073397 -0.43817421558862 -0.440826938781 -0.4410169338924 -0.44108242576446 -0.44287853531796 -0.43915646821845 -0.43972005026171 -0.44128216041148 -0.44192999665021 -0.44217537732995 -0.44184810761896 -0.4420630070394 -0.44145907200018 -0.4426995482289 -0.44244270938478 -0.43912481274695 -0.43413350063584 -0.43269672925759 -0.43386633639552 -0.44989952996546 -0.44253203186393 -0.44313832812949 -0.4233021689412 -0.42292904423542 -0.43022976613509 -0.42838388072968 -0.42870196654073 -0.42133692607777 -0.42206891260361 -0.43155142396589 -0.432036491582 -0.37636199397039 -0.37664625762485 -0.40949295624466 -0.38317718609786 -0.38533094098244 -0.38538741885403 -0.38467125437342 -0.37880321992046 -0.37904782101098 -0.3792821775611 -0.37961575484717 -0.38097245892707 -0.38093995904464 -0.38141564757686 -0.37550044614145 -0.37539978968241 -0.37546869327499 -0.40858472484718 -0.40988199545428 -0.40911897474099 -0.37558597460259 -0.37562702205096 -0.37549869927243 -0.37528430082388 -0.43781678165315 -0.43897258657362 -0.43974682475487 -0.37465958680352 -0.37467783162432 -0.37489266639478 -0.37582135422269 -0.37606882239218 -0.37641260352141 -0.37279178624468 -0.37358107580674 -0.37289283636267 -0.37618244253379 -0.3750834222982 -0.37511085149602 -0.37454921944419 -0.37411327851514 -0.37420519237115 -0.37499101700216 -0.37498985608269 -0.37318928737559 -0.37345565974996 -0.37363726700834 -0.37251398761187 -0.3734691900604 -0.37280919752947 -0.37464172814819 -0.3743249427693 -0.37417135287114 -0.37443865107661 -0.3741001064736 -0.37423928080712 -0.37478330222213 -0.3749041363654 -0.37472888579216 -0.3746698244408 -0.37453077841493 -0.3738366768891 -0.37451000299224 -0.37339443219632 -0.37383700924067 -0.37417206397788 -0.37772107126895 -0.37743454595301 -0.45682724649559 -0.45687857768583 -0.45939928513046 0.49709184087985 0.49660744553014 -0.4660371445179 -0.46130602705224 -0.46134639770822 -0.4636842160613 -0.4594445328938 -0.46121941228732 -0.38733852385028 -0.38829965285283 -0.40528595782978 -0.40685432988631 -0.40650586267424 -0.63177623730637 -0.60475693124609 -0.61718002618771 0.49018333682386 0.48639418996463 0.48945060763714 0.48666909123954 0.49576252732554 0.48399941275617 -0.38105949744294 -0.38146586813043 -0.38391672728688 -0.38356354977909 -0.38236161500569 -0.48848047782869 -0.47475525851068 -0.49969791512597 -0.47696728023307 -0.49173252613149 -0.44205245103366 -0.44414091979619 -0.44172415266294 -0.4417383908591 -0.44156682797429 -0.44234822108851 -0.44202990049689 -0.48438317300221 -0.48841102017163 -0.49620014182207 -0.44510281124038 -0.44772026949421 -0.43355047182043 -0.43433694878434 -0.43528683491332 -0.43387684656418 -0.4491544495975 -0.45048943721844 -0.45385427110731 -0.45764576819984 -0.45806645547462 -0.37996429397389 -0.37965505095094 -0.38005536315067 -0.40352166747747 -0.40320881908869 -0.40405735810704 -0.39002156858881 -0.39073884207478 -0.39026177217973 -0.41398807212273 -0.41448991366771 -0.41362239108789 -0.40496721537059 -0.40522185415428 -0.37600562259011 -0.38296177768628 -0.38319548356867 -0.38262878047369 -0.38862397985726 -0.38943322432484 -0.38877149270028 -0.38072642991051 -0.37551407731848 -0.37608982146273 -0.37575737112647 -0.37993673979084 -0.45965125141419 0.49842707194541 0.49656278264046 -0.4632051698067 -0.46515732208253 -0.45673680899454 -0.45685816827317 -0.45711493502428 -0.3863580718578 -0.38686795694365 0.54471697441028 0.48917188637289 0.4904652216732 -0.54436882964714 -0.5778624640831 -0.59644218943871 -0.38168249966715 -0.38126761622199 -0.41305649426194 -0.41344983257396 -0.4191085648381 -0.42047264117437 -0.41890443753067 -0.45911281287006 -0.45880725927751 -0.45877335583307 -0.45690465306377 -0.45721813905014 -0.50165862176417 -0.4879940335516 -0.50463755776407 -0.58294184551729 0.4862703015063 0.48666724461546 0.48629736076809 0.46962853980289 0.4742393652855 -0.46180333346441 -0.51245851035527 -0.49273028429106 -0.38599544928726 -0.38645430300503 -0.41071867493896 -0.40823460584134 -0.40817188017323 -0.40679155520964 -0.41052953369534 -0.41163061726572 -0.38526578155263 -0.3847173688877 -0.38995338271747 -0.40618980555853 -0.4055015035257 -0.40607392071092 -0.38753261579111 -0.38828102488921 -0.387780099028 -0.38294871210987 -0.38340031871427 -0.38304574009303 -0.39300112346817 -0.39313952184165 -0.39867235126661 -0.39554738865698 -0.39654064061795 -0.39601723119275 -0.44075461205718 -0.44034942221016 -0.44138421393986 -0.43104971720771 -0.37340842410294 -0.37321810914529 -0.37274207503093 -0.37498759999478 -0.44125083684195 -0.4431273706158 -0.44282415276348 -0.38407846075595 -0.38412967191011 -0.3835433393422 0.47815167954679 0.47286171101602 -0.38219888418314 -0.38642363317468 -0.38602304757046 -0.38664507623308 -0.38048051666395 -0.38079171076633 -0.37616446022379 -0.3767744797467 -0.37723603636391 -0.37827550169013 -0.3786920664939 -0.60403775514369 0.48842909218882 0.48797184025799 0.49585727327518 0.48745647058761 0.4852087949951 0.48516306605563 0.48508806190194 0.49268078982752 0.49134007745195 0.49374126396624 0.48775185721556 0.48848613660894 0.48719371309923 0.48711537519873 -0.41387803943307 -0.38302820830079 0.38998741595153 0.44323479531897 0.44922973088783 0.46904261997642 0.48660957255711 0.48695763873674 0.48705714535339 0.48712752497277 0.48667456233934 0.48754048191019 0.48678364500024 0.48611631040445 0.48624184842108 0.48594341174013 0.49063834360783 0.48948399401218 0.48852081281085 0.485852099156 0.4854880515212 0.48560956007124 0.48427357658932 0.48352140709262 0.48338177041917 -0.49115757026016 -0.48893555014236 0.49397523935029 0.48938063055514 -0.40517320694993 -0.40515403443213 -0.4059117949064 -0.38111832009502 -0.38149563516216 -0.38163573427843 -0.41813787321483 -0.4225685517361 -0.42871357878383 -0.42675271955147 0.46366940614727 0.45167195401231 0.45214323995251 -0.44108504804243 -0.43654766134271 -0.43694474791656 -0.43864283534092 -0.44266896470167 -0.44373578271165 -0.44179210435016 -0.44156936552638 -0.44364302606468 -0.44344068029849 -0.45579514144339 -0.45513205216755 -0.45661292412006 -0.44452989385024 -0.4456073804507 -0.44500354004834 -0.44115247952744 -0.44098255090599 -0.44080519618805 -0.44129364406728 -0.44305113169949 -0.44262835188859 -0.4433289423277 -0.44356841715075 0.4802511638154 0.48387051807403 0.47996039401937 0.46812216031922 0.47578789548475 0.47133790242578 -0.40450110427887 -0.40419118729539 -0.40458516713822 -0.40496761876241 -0.40500459178259 -0.41620050264882 -0.41712545281479 -0.43074611456424 -0.42950380373234 -0.42985108252381 -0.43261859483088 -0.42076372093572 -0.42141267730007 -0.43168721377839 -0.43096814717436 -0.43033739827878 -0.42890902823384 -0.42256131655528 -0.44181050453009 -0.44191519535196 -0.44224873617738 -0.42598625736871 -0.42679592631105 -0.42756844514184 0.47778554857021 -0.53250142381886 0.45994405997248 -0.46799019073888 -0.48293461702301 -0.48908320491466 -0.5506021203024 -0.55930005502506 -0.51971877879837 -0.42807150468615 -0.4266498061867 -0.42796287314246 -0.43488486237165 -0.43476664886628 -0.43651892476355 -0.44185142832993 -0.44141873953685 -0.43987298900663 -0.43940144087414 -0.55466391032786 0.48016862654306 -0.53282934869528 -0.52218250503877 -0.47349819755413 -0.46604881618794 -0.53526060782105 -0.47240406840121 -0.44048290158724 -0.52004984161526 -0.52584455287699 -0.58072926082602 -0.51405169027124 -0.45996066337183 -0.46047338781501 -0.4596087979916 -0.45943982929126 -0.37369242732824 -0.41240885372642 -0.41505454989409 -0.41562463442279 -0.39834993533741 -0.39992226093524 -0.40482652955655 -0.45845839163486 -0.45766187277672 -0.4921185656797 -0.48725244026121 -0.49926854303041 -0.38410562073604 -0.3905640196284 -0.39543583662754 -0.39455543420854 -0.39496374712597 -0.39557186963933 -0.39473828562112 -0.40226292233533 -0.40109243206828 -0.40071605238369 -0.37163369743859 -0.3721302794922 -0.37193018994934 -0.37240538686838 -0.37272277584389 -0.37915230647807 -0.37852914846949 -0.37830589469406 0.48566851634993 0.48558590259678 0.48540481468246 0.48627172866159 0.48625497378649 0.48594919742473 0.48605521125998 0.48637653141007 0.4866589487771 0.48541083271003 0.48561971383623 0.48565762405997 -0.39015503143952 -0.39054872532742 -0.39088062457742 -0.39402913873958 -0.39327267674086 -0.39341927733134 -0.41597298602482 -0.3818693642958 -0.38183299049577 -0.38679049094676 -0.39354052900708 0.48502827869803 0.4850305465082 -0.41945112488346 -0.42021997992778 -0.41978466210329 -0.42542811862779 -0.42593064060048 -0.42473454088231 -0.43452829747302 -0.4329881367998 -0.4409013135124 -0.51437602885422 -0.51234643900071 -0.51481274731845 -0.51400697302255 -0.50983395095944 -0.50036784091278 -0.56195548822655 -0.51816811141862 -0.52059508718366 -0.41512853719638 -0.41541680052975 -0.41461304655379 -0.42548285003938 -0.40476416097406 -0.40458381557884 -0.45743925577691 -0.45796789599193 -0.45769951280581 -0.38657377827011 -0.38595037994109 -0.39045889394107 -0.38977527183374 -0.39657678045323 -0.39634298735704 -0.3960223286697 -0.39704982211003 -0.39957246765006 -0.39874042941027 -0.39890759102388 -0.37381885625799 -0.37427304804231 0.48577376727601 0.48558132675645 0.48524172179373 -0.42329348388003 -0.42425207564097 -0.425074629601 -0.51619439166237 -0.47379962690889 -0.50145675193484 0.46078633205207 0.47485477305924 -0.46462848172457 -0.41476479534 -0.41511934646414 -0.41775383062393 -0.41911646920039 -0.39263928371172 -0.3920670385994 -0.39216626702644 -0.39390309148455 -0.39453652477288 -0.37279277938413 -0.37317676833824 -0.37498573469079 -0.37439071171907 -0.37489290795021 -0.36909359111693 -0.36861092036243 -0.36823246444775 -0.3746059809245 -0.37441687123415 -0.37394493107544 -0.51127227314793 -0.51532953347064 -0.51441206530942 -0.44445630195128 -0.44569099732798 -0.44557636395108 -0.44376710511991 -0.44294276752103 -0.44364612343558 -0.45577235349764 -0.45599474159271 -0.45544729656795 -0.4579106538308 -0.45839932327925 -0.53541309385261 -0.53186232331605 -0.39115278683549 -0.39170105872447 -0.39130993820293 -0.4410093313767 -0.44065927464099 -0.43906713765303 -0.43978567810688 -0.43980965059892 -0.27175812952831 -0.37290521835317 -0.37681613351788 -0.37750976260614 -0.3771413244433 -0.38012325956083 -0.37985988110008 -0.37732586108729 -0.37586434021961 -0.37594218761025 -0.37536447862953 -0.38058236419669 -0.38073763682987 -0.38127594555693 -0.38174327145995 -0.4080650071578 -0.40936718589642 -0.40539525871354 -0.40603655332037 -0.40606902833923 -0.38905723932679 -0.38520350930598 -0.39261646381486 -0.39330150504648 0.48460724659775 0.48445362733807 -0.42232695246865 -0.42245044284801 -0.42189282379228 0.48486720496436 -0.42328557535208 -0.42353714359827 -0.42394954993571 -0.41615629429342 -0.41653658668413 -0.41676551943202 -0.41838207358233 -0.41981816972259 -0.44262862128472 -0.44247919826836 -0.40430907060064 -0.4049952927604 -0.40370258591821 -0.41530033649086 -0.41493879946638 -0.41551029772329 -0.44140976123631 -0.4409663811201 -0.44088482183152 0.44170384895943 0.4264606955144 0.3778600704963 0.40073525743226 0.43466021894932 -0.44374771197273 0.45313056481549 -0.50010560460766 -0.38324641786738 -0.38277716952362 -0.38282755987883 -0.40859173247104 -0.40748562926347 -0.406708563504 -0.45238940628975 -0.45481178020429 -0.45382793200768 0.47822039690233 0.47114520860329 0.47447747650522 -0.50853320635519 -0.50650959063865 -0.51020863518677 -0.50974770484767 -0.50459219732813 -0.50384505788048 -0.51012316716123 -0.51072700232592 -0.50563686429767 -0.37644628847708 -0.37665619215818 -0.37713296297777 -0.36945038222109 -0.36995005845435 -0.37218161096902 -0.38194055491041 -0.38730795982005 -0.38900358567416 -0.38963335821566 -0.3897045302609 -0.39104060244206 -0.39924105589549 -0.39860564631752 -0.39799688462205 0.47818406268528 0.48399786436076 0.47841289359189 0.47918114809181 -0.44104527213617 -0.38532282454963 -0.38584451896183 -0.38583375286992 -0.43614686978326 -0.4373186871521 -0.43702835454745 -0.4275198906088 -0.4430450075974 -0.44334320324501 -0.44360100388442 -0.44299204458013 -0.44348441234002 -0.50917781430876 -0.50827441012043 -0.50619404647178 -0.50809277353988 -0.42224596025035 -0.4273309281084 -0.42582298635259 -0.45986532305307 -0.47226955913542 -0.37968377613937 -0.38035139086828 -0.39082148151597 -0.39128288991963 -0.39082162357044 -0.3894703351518 -0.38973246350171 -0.39010063079415 -0.39080553401854 -0.39114132803068 -0.39160250971174 -0.38408105921827 -0.38351034255978 -0.38548557477909 -0.38567174367109 -0.38643446827497 -0.38986157143705 -0.38800368050262 -0.38750570994443 -0.38710566967189 -0.38955535494996 -0.38970618682812 -0.39033122521193 -0.38884557402679 -0.38821814103787 -0.38911558153765 -0.39123014301097 -0.39055086547851 -0.39058548273923 -0.3887678778162 -0.38946835438214 -0.38964951593875 -0.38874019338682 -0.38834028362358 -0.38784907819231 -0.38860339203973 -0.38977518048067 -0.39045603770803 0.45674676183811 0.4645248532408 0.45295452118047 -0.47187156824309 -0.4784101611831 -0.46076186936313 -0.45960547378185 -0.45660401113782 -0.38073822808699 -0.38404866713478 -0.38643022000015 -0.38623134248088 -0.38682172728682 -0.38449896039452 -0.3848476704847 -0.38428448392318 -0.38642129488685 -0.38688930506227 -0.38504748598179 -0.38564135127186 -0.38560031123373 -0.39324389381357 -0.393532760652 -0.39413172398859 -0.38972157068105 -0.38909426698915 -0.4777670898276 -0.48441058300668 -0.47061121968419 -0.38208832404519 -0.38253291472628 -0.4440390695313 -0.44412835183323 -0.41663520069337 -0.41604707419689 -0.41554458341144 -0.455912744792 -0.45718680086814 -0.45738256995808 -0.40795616974898 -0.40799265732382 -0.40918575883476 -0.40687678702426 -0.42864198875145 -0.43007508103129 -0.42262235205153 -0.4386466159925 -0.4395449224556 -0.43939911829721 -0.43157066470795 -0.43779635389954 -0.43667219959478 -0.43774840873923 -0.43510543647402 -0.43543331165903 -0.43977589198086 -0.43863129007722 -0.43721315715799 -0.44006748932769 -0.4406842159107 -0.44160378508639 -0.44046946328575 -0.44010708624056 -0.44098847423779 -0.43905010067813 -0.44162476023765 -0.44218893059332 -0.45943931338009 -0.46014373364997 -0.45803470756053 -0.40409559066703 -0.40278461688132 -0.40354513251323 -0.40292995136027 -0.40666353808061 -0.40142582152758 -0.40101392291162 -0.40033612638693 -0.39534913883018 -0.39449907914334 -0.39540987994679 -0.40488417994031 -0.40359897051067 -0.40379331767576 -0.40317855920256 -0.40278699897135 -0.40217130880012 -0.41641812990469 -0.41636664061803 -0.41580637736636 -0.41586321976396 -0.41554108930226 -0.41036603210643 -0.40215636522431 -0.40258957488417 -0.40174671901574 -0.40195982824799 -0.4012089694147 -0.40184099726641 -0.40276640556451 -0.41789401688787 -0.41760230956758 -0.41860935245112 -0.4077559523924 -0.40435371478682 -0.40396190577813 -0.40344588427435 -0.40405586224322 -0.4091306238809 -0.40779205974712 -0.40873572529779 -0.41031293686283 -0.41026192714606 -0.40277100498388 -0.40200502039309 -0.40085365746082 -0.40178144605479 -0.40249722199739 -0.41025534290359 -0.40926274716369 -0.4092343452394 -0.40041860125294 -0.40049523171557 -0.40104783425907 -0.40006210269279 -0.40039271307877 -0.39965304955714 -0.39855755721913 -0.39734591375224 -0.39681395019023 -0.39813694733647 -0.39722804733495 -0.40373305525877 -0.40462841097885 -0.40446286377478 -0.40302831019859 -0.40316376508559 -0.39626320023603 -0.39718853343523 -0.40146173560032 -0.39664832536934 -0.39026201774584 -0.38977642900812 -0.38897864428991 -0.43338455925165 -0.43408590551093 -0.43579527099294 -0.45502092842866 -0.45539647096686 -0.45565182947032 -0.4097975555822 -0.41081962870246 -0.409177582197 -0.39979711078173 -0.3984404883268 -0.39813019587291 -0.39704999677909 -0.38760089368077 -0.38678787290693 -0.38693380355339 -0.39790012741966 -0.39856361542805 -0.45800105284685 -0.40095412220427 -0.40107782930244 -0.39996752206363 -0.38116224188468 -0.38142897182673 -0.38208757706286 -0.40223489056498 -0.40176145861944 -0.40154558868432 -0.39368930618523 -0.39445111230579 -0.39441073304219 -0.39436928459116 -0.39516350780579 -0.3962121772247 -0.39553273568549 -0.3962004608506 -0.39391126761968 -0.3948467083096 -0.39492132388774 -0.39697590855005 -0.39599953322774 -0.3961815915027 -0.39309388483254 -0.39524761866865 -0.39902815439123 -0.39612053985724 -0.39516709834806 -0.3924397862737 -0.3933635708203 -0.39280761834623 -0.39220789339278 -0.39283632272152 -0.3909742215485 -0.39131577705942 -0.39190338020647 -0.39266189536544 -0.39226939923159 -0.39275766478134 -0.3936255482253 -0.38490739929948 -0.38477988431005 -0.38438849513914 -0.38044741674938 -0.38007138391524 -0.38061895460328 -0.50583711373464 -0.50757785312071 -0.50501764994734 -0.39992030255461 -0.39883935058793 -0.39902690795598 -0.39188190570916 -0.39189038192229 -0.39173813470808 -0.39114690593075 -0.39092819885645 -0.41512612018652 -0.41437948509739 -0.41434475824244 -0.37936007838911 -0.37934702909497 -0.3788161005997 -0.41383012555633 -0.41308190290791 -0.41375600606829 -0.50509740810587 -0.50025999728909 -0.50193965220506 -0.49604046008816 -0.48664338173991 -0.41119022489296 -0.41126568667689 -0.5123715551984 -0.41578844477048 -0.41617220739387 -0.41416005417099 -0.41385839940667 -0.41344122635681 -0.41333844592519 -0.41404045998533 -0.44535870388771 -0.4468573980901 -0.37530243229439 -0.37470704022896 -0.37517496875436 -0.45453214186873 -0.45388954901661 -0.4541365765299 -0.45785633812886 -0.45693567258324 -0.38814658417246 -0.38798203985185 -0.42125483570947 -0.41901882199179 -0.41943268831412 -0.42199330560642 -0.42116309091697 -0.42145096454243 -0.42688326586213 -0.42870784955968 -0.42876059235765 -0.42320251128146 -0.42367778445586 -0.42434263054232 -0.42437332487182 -0.42511753350108 -0.51917116243044 -0.37836504162877 -0.37836901386685 -0.51406658639572 -0.39368495330852 -0.40042009697842 -0.45052179296497 -0.45159783505869 -0.42737467691793 -0.42156070822105 -0.42482274041343 -0.41040981610776 -0.41144214683058 -0.41047655905944 -0.37484342624966 -0.37477821809331 -0.373578094101 -0.52951882955586 -0.52826947285942 -0.47062652580404 -0.46856904490328 -0.37782722287303 -0.37828796132181 -0.37908786679746 -0.37872684189003 -0.37857573659111 -0.41373760418187 -0.41396905181939 -0.41213462370773 -0.41296076863445 -0.41209331535246 -0.41144425102737 -0.4102216432603 -0.41127518620951 -0.41118786919671 -0.41281380773855 -0.41277422781974 -0.41195015341286 -0.41642779711507 -0.41699136896803 -0.41714270802752 -0.41239555951162 -0.41227418792915 -0.4115225436592 -0.40728622452991 -0.40669621563092 -0.41284743026655 -0.41345908624127 -0.40865320402371 -0.42286707763784 -0.42231140202036 -0.42152132818694 -0.42106501839027 -0.42025340758484 -0.43506789197517 -0.42081862191829 -0.4202647610995 -0.42312220738151 -0.42464951370209 -0.42528286658667 -0.43377271429365 -0.43345478013215 -0.4321536906733 -0.43070066455367 -0.44918217881421 -0.4478303721953 -0.44996707324171 -0.42884382557703 -0.4302510616189 -0.43189413121473 -0.41947850286875 -0.41952425205214 -0.42171537156118 -0.42022219264039 -0.43206837617519 -0.42908606231425 -0.43186032689023 -0.43807274345034 -0.43762962382891 -0.435744653401 -0.43722715869808 -0.43773763398882 -0.43236153254013 -0.43062638895613 -0.43219906570056 -0.42036451643627 -0.4418466371166 -0.44299594295917 -0.41980849796069 -0.41798479493233 -0.41718074375547 -0.41861900823426 -0.41749749785826 -0.41621624594652 -0.4155751230879 -0.41596005435129 -0.41852516507201 -0.41816754584004 -0.41771937177234 -0.42412819784301 -0.42495562804538 -0.41649322455925 -0.41754448934077 -0.41785626425542 -0.41835211417038 -0.41925247251224 -0.418921837956 -0.41739526681554 -0.41691382034138 -0.37102222766263 -0.36992453679949 -0.37051211900095 -0.37089908069549 -0.37046280766643 -0.44247712088043 -0.44267543004899 -0.44259630636298 -0.44420918257022 -0.44365716403612 -0.44402300495451 -0.44857285502289 -0.44887810074855 -0.44551550419112 -0.44644809950738 -0.44515483252959 -0.4450950282636 -0.41575929200538 -0.41678677017135 -0.45488632545581 -0.45274290037934 -0.4490509770129 -0.44952249424632 -0.51017667245205 -0.51202599905542 -0.38223956785642 -0.38264237943636 -0.45264027001365 -0.44591153321872 -0.45625148903413 -0.4570774338708 -0.44150644640544 -0.41338600961084 -0.41409278611132 -0.39816766983193 -0.41923647482142 -0.42049721319087 -0.37554277165789 -0.37558011594319 -0.37653894607168 -0.45644966186243 -0.4518119968534 -0.45067958961832 -0.45021750507291 -0.49353850372155 -0.4069424689416 -0.4072625667217 -0.40600772057722 -0.45795972697549 -0.45971586183949 -0.45622314297756 -0.45591614463236 -0.38719657295615 -0.3863913179705 -0.38808127776057 -0.38749857293103 -0.40876471148873 -0.3725918705445 -0.37192097213881 -0.40697107916382 -0.40522981786692 -0.37935299590985 -0.37901336870912 -0.37923860468355 -0.38259321794548 -0.38310605052374 -0.38278930651164 -0.3828926752776 -0.38246317458205 -0.38199964945088 -0.38213725029237 -0.37989180686429 -0.37940948647103 -0.37972300899586 -0.38215867832246 -0.3824639661116 -0.43098736175343 -0.43382481977983 -0.50581593892418 -0.50825671658581 -0.45891831458256 -0.45852632011941 -0.45829835994819 -0.40446379087893 -0.40459880684069 -0.40376184281233 -0.40325344497357 -0.40308164928871 -0.39404039047006 -0.3868973422632 -0.38625962606512 -0.44342630454858 -0.44459009084899 -0.4441987180903 -0.37201098205305 -0.37220786452492 -0.37131486509006 -0.3745136726713 -0.37519199974577 -0.37547994230936 -0.37612428912659 -0.37665434684147 -0.37569159651185 -0.37628058729546 -0.37769680701662 -0.37803430990306 -0.38065632432589 -0.3802973957297 -0.38082428869803 -0.40684562207267 -0.40771711454093 -0.4065704189076 -0.41251635303688 -0.4123372599125 -0.41165819830724 -0.40552847029151 -0.40633582477721 -0.41202311345721 -0.41239382158305 -0.41128892563252 -0.42877063687135 -0.42714589506164 -0.42508840418955 -0.4229932787062 -0.42210698969192 -0.41781504359343 -0.41722358514561 -0.42161844968618 -0.41784852735152 -0.41758969445297 -0.41833761867522 -0.41935237590639 -0.38125255202146 -0.38160033591304 -0.41660628065286 -0.41690844647115 -0.41964279137074 -0.45088893059158 -0.44874410046111 -0.37718838363112 -0.3937755134541 -0.39293129961091 -0.40040706296611 -0.40108659751548 -0.37807511452436 -0.37764060445705 -0.44631785126809 -0.45621857943076 -0.4026603802639 -0.40347876477413 -0.40392292730048 -0.38468143617427 -0.38560578622714 -0.38520431818809 -0.41448608107321 -0.41494150187991 -0.45392634577916 -0.45377349542757 -0.45243343652056 -0.5010826106638 -0.45538649823368 -0.45577004932521 -0.45614243026976 -0.45570651240759 -0.45366128807478 -0.45329145584481 -0.46236295934231 -0.46245160491767 -0.45495921417501 -0.45485015376762 -0.43305843487315 -0.43355156790448 -0.38481446704524 -0.38491799109938 -0.38441267012047 -0.37526799470129 -0.37460264829396 -0.37529770571019 -0.4548359994259 -0.45548723345785 -0.37113435937716 -0.37017435101566 -0.37074213071367 -0.41251197997292 -0.46819570336846 -0.38573312401256 -0.39026022430595 -0.39114507491719 -0.41399888645538 -0.41311381578863 -0.4124212626025 -0.4129416129262 -0.44430643485129 -0.5040985705024 -0.44994441669605 -0.4125207545123 -0.41234032745361 -0.49254361589387 -0.39643025213999 -0.39710683767541 -0.39557395831165 -0.38730834994192 -0.38613982151637 -0.38608110570694 -0.38084811854457 -0.38147416268734 -0.38106143481458 -0.41839210083452 0.46661485107891 -0.41277851909952 -0.41177220349551 -0.41215132828365 -0.37402592031299 -0.37849084197155 -0.3779445472149 -0.37858942987437 -0.37559429262725 -0.37579133050315 -0.37630351724642 -0.37717865302582 -0.37751490817886 -0.37684013102889 -0.37547758442304 -0.37498348024901 -0.37537048071813 -0.37663444986345 -0.37702486628605 -0.37757494122198 -0.3774909656354 -0.37903065134242 -0.37964533806312 -0.37953652908447 -0.37804114737418 -0.37839542406269 -0.40478379377007 -0.46372391045892 -0.46226370656694 -0.40905128985319 -0.45419585246103 -0.39205725997948 -0.39197854375612 -0.4122378947849 -0.41132843283805 -0.41176988636676 -0.41051509488339 -0.41418824616473 -0.40296405429831 -0.40916908932496 -0.45613835055679 -0.4565589269646 -0.4567568724103 -0.41181055636337 -0.40717823763752 -0.40602268150554 -0.41529540263677 -0.41485344174676 -0.41529496924034 -0.42768456584393 -0.43094142397198 -0.45305753285037 -0.45333483228649 -0.45079827929192 -0.44812601567246 -0.45539053678075 -0.45495850887032 -0.40313764277213 -0.40410769235795 -0.41297941656021 -0.41367755044962 -0.41426264960497 -0.41423442673801 -0.41426005701733 -0.41293585105529 -0.41460705682497 -0.4147283530175 -0.41420069674636 -0.40810229687334 -0.41539622117285 -0.41312486626943 -0.4152990689746 -0.41517596038605 -0.41589670601459 -0.4100758191512 -0.41041720623906 -0.39191465123985 -0.4128974560954 -0.41366019397202 -0.40951822195168 -0.38699037126786 -0.38788865485325 -0.41106973938359 -0.41124761826065 -0.41628939566818 -0.41559177513693 -0.41702204283154 -0.40528765255983 -0.4535389269881 -0.45378871373464 -0.39459315175538 -0.39539826420439 -0.46256936359145 -0.46676398084751 -0.41526964280102 -0.41479099674955 -0.41711149360573 -0.4167398111753 -0.37359307873481 -0.37360959991273 -0.40058808757343 -0.41366639214467 -0.4547483702157 -0.45530196737331 -0.44679466753055 -0.44707439662326 -0.38899411625645 -0.3884311808361 -0.45382600651004 -0.4533055042897 -0.45353566599521 -0.41422546938725 -0.41503767717682 -0.45092818489343 -0.45146357637583 -0.45198944766291 -0.41410798813528 -0.41757127597658 -0.41633123801082 -0.38119974580366 -0.39684731812103 -0.39779584280736 -0.39886952964789 -0.37177427460001 -0.37269574649157 -0.37449785673828 -0.37740273679024 -0.37978811774541 0.42769313395251 -0.21233878855697 0.40559900821843 -0.38581519457934 -0.38583217321163 -0.38503633460047 -0.40098573973285 -0.40144392299744 -0.37336238595858 -0.37416540706809 -0.37348977169023 -0.37392731209358 -0.37592378700322 -0.37609793683301 -0.37569613031962 -0.3795067261622 -0.37883852521458 -0.37910885438472 -0.43521051171483 -0.43764582664851 -0.4544741772821 -0.45449705231606 -0.45495361201834 -0.37342913362878 -0.37266706253658 -0.37324407333757 -0.37474322279293 -0.37430255684022 -0.37672440491256 -0.37846531264022 -0.37826136080206 -0.37869357317174 -0.37618876390917 -0.3764075581992 -0.37538309494719 -0.37572867870775 -0.37586300956536 -0.3790612626129 -0.3788616522347 -0.38134842129273 -0.38188665683011 -0.43933075841848 -0.4415298340844 -0.37203600782812 -0.37299469120285 -0.3737798942783 -0.37446953914539 -0.37819949063651 -0.37800735014956 -0.37851317698657 -0.37795345031222 -0.37748615869513 -0.37506579603289 -0.37519317242381 -0.37392869502902 -0.37539286179777 -0.37478857802522 -0.37493356515226 -0.37809901057361 -0.37880149506351 -0.37820679878436 -0.3771994999034 -0.37679928720458 -0.37732148332263 -0.38000540713336 -0.38038261141338 -0.37785088054198 -0.37739159180882 -0.37798475329241 -0.37866213164302 -0.37934964262522 -0.38000190305964 -0.37901626964441 -0.37952982822678 -0.41049644638637 -0.40995243859738 -0.37364607632845 -0.37344749524035 -0.37303492400563 -0.37275841866665 -0.3767380920536 -0.37635614154999 -0.37688797592098 -0.37634081283804 -0.37623043988697 -0.37210425288779 -0.37279282026271 -0.37417291198235 -0.37358627383742 -0.37588296086701 -0.37515356712017 -0.37474644740701 -0.37524610952841 -0.37814753313923 -0.37757187738217 -0.38027999774346 -0.38087726229513 -0.37114619698344 -0.37138472601107 -0.37198339555402 -0.37243013262433 -0.37652144090833 -0.37696750923747 -0.3768043237126 -0.37991901094524 -0.37946512968627 -0.37216769103927 -0.3716488435476 -0.3713435804791 -0.37627091092126 -0.37492312896094 -0.37919740959725 -0.37988863782822 -0.37937714661427 -0.38056881462325 -0.38040756366771 -0.38187612277835 -0.38155429336804 -0.38183770027165 -0.38202785050703 -0.37450904874069 -0.3745679586892 -0.37506050179331 -0.37712558179459 -0.37720797984926 -0.37760970018275 -0.38106169669167 -0.38035298843629 -0.38070151753054 -0.38106654598413 -0.38042111437769 -0.38488806254696 -0.38406627543209 -0.3841718667085 -0.383479980327 -0.38341862926889 -0.38295993060859 -0.38177256816035 -0.37900800905456 -0.37856303281846 -0.37926253920283 -0.37782928359742 -0.37826086821005 -0.38200480149481 -0.38145167168791 -0.38154916915457 -0.38546536813966 -0.38602874008498 -0.38045562681989 -0.37981138318332 -0.37675036360888 -0.37634906745885 -0.37654344083086 -0.37698424296009 -0.37802612455829 -0.3774157271732 -0.37914915853966 -0.37836035487287 -0.37867602231476 -0.39398833926087 -0.39228878052151 -0.39319854845219 -0.3770034058634 -0.37624730384377 -0.37305044972739 -0.37762575734435 -0.44819487493245 -0.38174421925257 -0.37602223923355 -0.37718637134062 -0.37576165057289 -0.37527344825326 -0.37465752607115 -0.37508199295985 -0.37558192559539 -0.37747900517276 -0.37778103450731 -0.37610944351775 -0.37574777535007 -0.37555494268804 -0.37531131690679 -0.37433654762972 -0.37385019016683 -0.37416343632058 -0.37592895412965 -0.37601026400776 -0.37749022317788 -0.37616501930546 -0.45840551867225 -0.37572060529607 -0.37623661646204 -0.37692384855199 -0.37414958616245 -0.37402257088323 -0.45736524179608 -0.38389394435478 -0.38379420112682 -0.44387440234587 -0.37548849891326 -0.37475084834977 -0.37406812816764 -0.37307578434919 -0.37133320166916 -0.50886039401754 -0.45280897238753 -0.37117977350657 -0.37217175618147 -0.4556580769228 -0.4556173806357 -0.38967601397895 -0.37305979059312 -0.47137116272549 -0.47743128223285 -0.48582639899373 -0.43995562386228 -0.44052316629681 -0.45373488891608 -0.3837712715809 -0.38283079647866 -0.45477614119927 -0.50158397101992 -0.40254158403855 -0.39199002874255 -0.39147188955003 -0.39035071972303 -0.38859296103544 -0.38717388784985 -0.38738172429808 -0.38505188343678 -0.38576143794336 -0.38513365197568 -0.38792281510323 -0.38840484599786 -0.38371933668014 -0.38730876711563 -0.38756219936299 -0.3873074938464 -0.38808159574568 -0.38827407346162 -0.38709524939267 -0.38661606813848 -0.38832919620279 -0.38768385175481 -0.39074561232355 -0.38726877601619 -0.38721570271659 -0.3858026226948 -0.38386908824919 -0.38319081975497 -0.3836292804514 -0.38286687966449 -0.38311437167903 -0.38448244516768 -0.38444493339349 -0.38602115681058 -0.38658653824046 -0.38623482207945 -0.38266915763863 -0.38283414737144 -0.38223259575002 -0.38160440284576 -0.38172237265825 -0.38273169836182 -0.38221471206421 -0.38309583796915 -0.38254709331116 -0.38145369999031 -0.38213272967243 -0.3816810325851 -0.38416562261648 -0.38476197733974 -0.38753177174698 -0.38699196092183 -0.3918677545777 -0.44518124489906 -0.38062081188027 -0.49717177626763 -0.41620553127639 -0.41037205380846 -0.37951787747058 -0.37985553454957 -0.38008516551065 -0.38434593221589 -0.38492264183644 -0.39170663028643 -0.39035872505607 -0.38548998924231 -0.38344120698431 -0.38267512340567 -0.38237214715627 -0.38172749030861 -0.38123443258149 -0.38101122265175 -0.38380881641254 -0.38370778818999 -0.38435080416986 -0.38244306377729 -0.37588080525478 -0.4050288769732 -0.40819501435417 -0.39303675390477 -0.39312880580713 -0.38614180874736 -0.38671310143053 -0.38495591477113 -0.39248058852805 -0.39456216982612 -0.40385518468406 -0.39348352592867 -0.49467111109618 -0.48014545712177 -0.45199247103028 -0.45083363870522 -0.45163343067472 -0.48566084554981 -0.48943802668188 -0.39213989021129 -0.47653997908173 -0.47981951897446 -0.45382860983463 -0.45413242770963 -0.39062207360032 -0.3913017642512 -0.40989343979003 -0.41114515209929 -0.41065331808177 -0.37663829220129 -0.37666234050197 -0.37671575197655 -0.38197806203282 -0.38245011076451 -0.38033278057117 -0.38126159108523 -0.38250691368724 -0.38361737992718 -0.38002083911541 -0.37818047959438 -0.37846205407804 -0.38394851340281 -0.3814299652177 -0.38564330648328 -0.38543906087907 -0.40209350995186 -0.40373112150168 -0.38574108586091 -0.38554091951597 -0.3872642047149 -0.37223179537107 -0.3719482680777 -0.37213390175303 -0.3706480741071 -0.37141738009053 -0.36949442658265 -0.3694052112004 -0.36644990592673 -0.36564598982137 -0.36746515473789 -0.45651418573788 -0.38374656131907 -0.38409813269521 -0.45233130984612 -0.45316109407199 -0.40998500136686 -0.45448991301975 -0.45446282708881 -0.37993005017374 -0.38011476724862 -0.38073819772558 -0.45407395196955 -0.38331896547185 -0.3715218059519 -0.37230205686871 -0.37159769142002 -0.44561191703956 -0.44715531766445 -0.38891288282994 -0.38913957320477 -0.37040950269058 -0.37107659825266 -0.36399212699376 -0.36454029224779 -0.36268984236395 -0.37006987565263 -0.36886526870361 -0.37278775975794 -0.37514822980075 -0.37209569457635 -0.36669067059125 -0.36531764278539 -0.3936248452828 -0.39536017402227 -0.40815421476193 -0.40737507827401 -0.38855542448631 -0.36844348495492 -0.36894769772348 -0.36707889435889 -0.3676334622055 0.47646200138829 -0.37065331240284 -0.37140070416174 -0.37106384340548 -0.37310720731632 -0.43533012805587 -0.43091067864404 -0.45038528068703 -0.42006120229063 -0.3997793927071 -0.39864420214815 -0.40072791657359 -0.36903206595233 -0.38841482879356 -0.40633672579003 -0.40481273772332 -0.40401792851288 -0.45391378460845 -0.45390379214119 -0.45439563184648 -0.37285953735899 -0.37450691555932 -0.44960996808775 -0.45015321231974 -0.44989980764915 -0.45297534825869 -0.40549377683258 -0.40347015479915 -0.41180710576508 -0.41215074699376 -0.46563725531022 -0.4728244827308 -0.37894331050808 -0.38470415235965 -0.45482908545653 -0.41119652783111 -0.38165161094528 -0.38276843152274 -0.46884857802955 -0.46066159326407 -0.43996623789883 -0.44192774059043 -0.43705365071176 -0.36943507023295 -0.36894536741016 -0.36836536954768 -0.37205294922429 -0.4525436038881 -0.45275980019615 -0.44471854954216 -0.44562478503089 -0.44686812678853 -0.38932191101337 -0.37739827889817 -0.37817766019998 -0.37665057525361 -0.37059972965278 -0.40947733134653 -0.41032711881875 -0.45235576403412 -0.45217921307621 -0.44192997401901 -0.39557373014978 -0.39503679824529 -0.44771793521537 -0.44936985379508 -0.44848905152716 -0.45234257153319 -0.40178661620548 -0.40303746995939 -0.37696489669405 -0.37545844571479 -0.37582153612781 -0.45230006404709 -0.36998769764864 -0.37053970018277 -0.37097289025967 -0.39188444293237 -0.38939321309318 -0.38967434449209 -0.42875819212463 -0.42332416898722 -0.45353595854216 -0.38097049658329 -0.38208014511578 -0.38202406491097 -0.37049640413685 -0.37027246690999 -0.36977607790131 -0.36498812404406 -0.36406448203068 -0.36652591772072 -0.36984441048092 -0.37086980804906 -0.37016280572078 -0.37795381987264 -0.37834712269816 -0.37625385809794 -0.37867307254443 -0.44936275575663 -0.44718584209907 -0.3997340820569 -0.40097859530233 -0.3982733059658 -0.45452292121068 -0.37176726555281 -0.36181334964235 -0.36314420138597 -0.36874657674746 -0.36996975468797 -0.37075550359532 -0.36906795948888 -0.36821132285047 -0.37124348569944 -0.36032164306103 -0.35958893903682 -0.36818736071493 -0.3668067348614 -0.36610966376452 0.46136307417635 0.46234313198789 -0.37037248338543 -0.36870233217926 -0.37993296347299 0.47259414818528 -0.48810599307079 -0.39998226477385 -0.44468663433996 -0.44379014925447 -0.46236035577838 -0.37832958065811 -0.44838838104662 -0.38291965867132 -0.38405801998496 -0.45182562933191 -0.36290550861949 -0.36452123705722 -0.36512560692855 -0.43279716440095 -0.43380932504837 -0.44219542251282 0.46908017006553 -0.36937974962624 -0.36701670964629 -0.45308703363764 -0.43251953785873 -0.43578409789048 -0.4380612369073 -0.35973619688467 -0.35838080459655 -0.36000844626776 0.43532875316219 0.42338436630251 0.43019177124671 -0.45111148109945 -0.44258438824964 -0.44440716925029 -0.44527968936663 -0.37991575306749 -0.42802445184118 0.45005047764508 0.4577888314889 -0.42847452780376 -0.43420260129343 -0.43260581396675 -0.43425869200111 -0.4395578137298 -0.42648292964952 -0.40722539242246 -0.45448018732833 -0.41247898970904 -0.41577853530792 -0.41940502041655 -0.39442128801846 -0.44890280578103 -0.4456899043837 -0.44878731168033 -0.42902591897121 -0.43718954134073 -0.43169160701067 -0.40852014195644 -0.40777671480083 -0.36396901657142 -0.36631546055194 0.44350719703464 -0.42633156714444 -0.42072179432197 -0.42485325003904 -0.43117301274591 -0.43304693996935 -0.39888341611059 -0.41048995994157 -0.41567972895327 -0.42792811575354 -0.4082253247698 -0.43577996311414 -0.45212758494718 -0.43479907124342 -0.36669178155479 -0.36836603131024 -0.36528965834242 -0.40943186164105 -0.36760211512675 0.36257956361653 -0.36817873547061 -0.41657573327169 -0.43455034396183 -0.43946372724294 -0.4214553325467 0.41958804257907 0.42386442124163 0.42786082105869 0.44312609467608 0.4357352669526 0.43803334964273 0.438945242854 0.43361181859129 0.45837495162923 -0.37913553252239 -0.44957956117185 0.42059596160073 0.42764183681091 -0.47727206310669 -0.35607799509871 -0.35876836758019 -0.35668586927173 -0.37900856349831 -0.38149547724922 -0.45071631357648 -0.45221481468593 0.44481625485853 -0.36668983019314 -0.38496712428508 -0.38711516573926 -0.38967769181023 -0.44902680440131 -0.44924107706356 -0.42891145529793 -0.38963485791084 -0.38736526550511 -0.44234196235887 -0.44334644899158 -0.40489487963469 -0.40596807358124 0.42169005912772 0.42751949068897 0.43093654130331 0.44589033234872 0.45230417855372 0.45791688262818 -0.36502802826089 -0.36408345571438 -0.42442664218391 -0.42714638894707 -0.4227569055016 -0.42022941354225 0.41499823305307 0.42960662581517 -0.45000468335205 -0.44934647423349 -0.41416441607768 -0.444350328437 -0.44647838397128 -0.42312038311767 -0.40053298296959 -0.4021214875997 -0.40632486360456 -0.39674769922784 -0.44396486461694 -0.44608197577659 -0.44611541867862 -0.40060656153229 -0.3922739803562 -0.36831105328894 -0.36906827471811 -0.36008412025734 -0.36180297589063 -0.44727380482301 -0.44909023294435 0.4113295022266 0.41022394517233 0.40073292855246 -0.36510820049938 -0.3628718786447 -0.35951066219432 -0.36128476844469 -0.36136747869008 0.44862586526674 0.45090035193522 0.45524508599147 -0.40668751541573 -0.41142018980877 -0.44790699633954 0.44329984452785 0.44702137672105 0.41437686386737 0.41695628926687 0.43725756850792 0.41697098921293 0.41546033181886 0.40995804720142 0.40745054983059 -0.37076355742369 -0.37373148966815 -0.40842408159408 -0.42395445819067 -0.41204578778396 -0.36210697668688 -0.36077387055313 -0.35670914474639 -0.35798287125021 -0.3567786238062 -0.38935786468957 -0.38911871850851 -0.39766274879192 0.40637007235505 -0.35409575629809 -0.35271862908423 -0.36028981907118 -0.38441230006136 -0.38226086011089 -0.42174492206428 -0.3707010956259 -0.46944739294161 -0.35735034635342 -0.45541919384475 -0.34905187612018 -0.34652109250058 -0.34540374320319 -0.35465714874827 -0.42136932132229 -0.42100355974274 -0.43156359439998 -0.44120956024746 -0.3758359290655 -0.37619929127444 -0.37966049056246 -0.39392389548705 -0.39483640777678 -0.39136406426619 -0.38993858844545 -0.36244540319813 -0.3630292296392 -0.35575836542435 -0.35388675138851 -0.35668718520276 -0.41765095447368 -0.36148126696191 -0.36181938976304 -0.36414637648831 -0.38261171639365 0.41009807450184 0.40824766517676 0.40282408619825 0.39988367630996 -0.38528621195011 -0.351324034238 -0.35085111270883 -0.34870302514427 -0.34894583066748 -0.3454376096231 -0.32785239425602 -0.39461644671168 -0.37321606784165 -0.3732344154264 -0.37659178548059 -0.43807669891489 -0.41112977429881 -0.41476021492844 -0.39016604124028 -0.38437074777685 -0.36340106325898 -0.36529471362843 -0.3540749080784 0.34313939326258 0.36598542086202 -0.35547055584733 -0.35281643179658 -0.35574780901212 -0.38314552842745 0.37373094383152 0.3769705657967 0.36991986110976 0.38781507807585 0.39365290835885 0.38349183217215 -0.38687624258418 -0.39746411205582 0.39047266413824 -0.3609728821632 -0.33128862414817 -0.33397156459489 -0.32774491652312 -0.40436848955579 -0.39887821966576 0.36218777508904 0.3611122457173 -0.37403718030333 -0.40965269788693 -0.34968191753521 -0.35337439370737 -0.38112856726145 -0.37797440329697 -0.37648389313597 -0.40814903308118 -0.41401801148567 -0.32392913683147 -0.32185452866687 -0.41768254367094 0.4109029452417 -0.37871807724344 -0.39023263195834 -0.39002909123018 -0.38193567312601 -0.38223588437161 -0.37968144248585 -0.36042192757574 -0.44812829379313 -0.40841435109972 -0.38684565426738 -0.36674932880083 -0.34008546700625 -0.33987854398706 -0.43507096977385 -0.42777893754447 0.37502135889551 0.37390299129356 0.38585403273709 0.38812834082039 0.38370150996922 0.3773342454861 0.39494505557792 0.40454471030057 0.39355682772568 0.38988193513881 0.35516758889815 0.36163414399537 -0.454094733505 -0.33009282998772 -0.32254755245021 -0.32666110554239 -0.38729709555858 -0.38328030592458 -0.38325927794889 -0.36112757831584 -0.3630244883733 -0.36047939201631 -0.37953650681974 -0.385605909716 -0.41196519270061 -0.37093014811169 -0.38314246646864 -0.3586852428132 -0.36718368664393 -0.35903234091574 -0.35688739628478 -0.3592344435665 -0.35466874085103 -0.35106134812537 -0.35101434596048 -0.37923540376483 -0.35523668596091 -0.35030484518576 -0.34889831879236 -0.34645243474668 -0.35696345738064 -0.35766751904252 -0.36277175357475 -0.41217637028676 -0.36784963449748 -0.36728359896703 -0.37519073052345 -0.37927334661494 -0.39054548700358 0.38318837101138 -0.3715152253767 -0.36348847857112 -0.35593460635209 -0.3717190597102 -0.35592061288222 -0.35307296281898 -0.36995556058882 -0.37355561744438 -0.36529551204597 -0.36797524375878 -0.36686961519381 -0.37797896531408 -0.35758344164989 -0.18953212203461 -0.31802649375093 -0.37324129152418 -0.40169091920537 -0.38308856181538 -0.36712841258763 -0.36560018235093 -0.37400626310114 -0.37188802733863 0.37543356031225 -0.37715325770603 -0.3478521834422 -0.34482509742863 -0.35002706893133 -0.34365645470471 -0.34239447033341 -0.34672010401662 0.34665167787968 0.38031182254273 0.38981996179868 0.38386647878726 -0.3403219954991 -0.33563987587196 -0.34141019374651 -0.33893328537232 0.34504367252901 0.34821161945536 0.35614368379681 0.36172052554386 -0.35556809023087 -0.35668094535417 -0.36199596498222 -0.34650317281542 -0.36241019226734 -0.32226941328281 -0.32997959745594 -0.32699631024991 -0.3405307149737 -0.33625468706669 -0.34263980322134 -0.32424656547598 -0.3336926384544 0.35954735517994 0.37060442238635 -0.36243319490705 -0.33273211064543 -0.33553841144447 -0.33956605879726 -0.35715585177751 0.34106165025906 -0.33242349308045 -0.33046369752319 -0.35130770417496 -0.2183067221672 0.29156521328098 -0.30582769742338 0.19320290753198 0.34258678870934 0.3435752560712 -0.34167258291763 -0.33665361312427 -0.3341877478287 -0.33870055359781 0.32825967455998 0.33139282537236 0.35892242843326 0.36910918578206 0.32007187946388 0.31730492949845 0.32208329330989 0.33315813971745 0.3662035521328 0.37197842662087 0.32618133245467 0.33846344866847 -0.32202847729216 -0.33534662774645 0.34958665153196 0.35784263112899 0.35846191839817 0.3425222825723 0.35030352065749 0.34183980576201 0.35349862044113 -0.29934523889727 -0.30435907825407 -0.29564459099439 -0.29185447166903 -0.28798280611713 -0.3373456397958 -0.30084848485087 -0.27273675931244 -0.29469694237624 -0.30350159564373 -0.30331709833407 -0.29550028460757 -0.30982806942409 0.3404221288815 0.3363056922049 0.34298045809336 -0.32395768105097 -0.32966758065223 -0.25680383043008 -0.3005064010319 -0.27906244376343 -0.26879362289417 -0.27149895855857 -0.33131417204685 0.2571811500261 0.30593829836765 -0.29733302512131 -0.3049704675963 -0.29659343169128 -0.30820380638886 -0.313368579747 -0.32736078687765 0.20475162341735 -0.20820573852138 0.29991350126646 0.2930719096747 0.2908770691031 0.26531772835952 0.25426846271548 0.24019737275408 0.33603250578063 0.33394077589222 0.35478102460935 -0.30025643556579 -0.31075784246156 -0.31212811903029 -0.32666226630415 -0.32430713300341 -0.32014278684653 0.30543338725776 0.31757743784692 0.32678012177612 0.31206281541094 0.31869213008515 -0.31454855221879 -0.31374034401427 -0.31310638623198 -0.31123332705802 -0.270168618865 -0.27114640941995 -0.26481854879448 -0.31627566375467 -0.28018774833241 -0.28518506791259 -0.2880153276286 -0.28700044294261 0.27599116949981 0.27857542187936 -0.21578116028323 -0.24962378488678 -0.24440331347184 -0.28691913733561 -0.28321805228157 -0.20883047529213 -0.23447034234656 -0.17905645469095 0.18745677767458 0.23159881452688 -0.29269077882774 -0.27677884967604 -0.25747548189768 -0.21239557230655 -0.21484833115813 0.30530972399273 0.30365833298537 0.26652052845444 0.28865764335819 0.27125904017318 0.28119310944906 0.31194620325074 -0.31412862221529 -0.27839463607242 -0.28097191990918 -0.28615998953464 -0.29195127745531 -0.26520990900262 -0.254264635474 -0.2514022820209 -0.21973645952575 0.27281728642021 0.28036391243646 0.2737961569455 -0.25653937061301 -0.23688042007935 0.22118062687712 0.29384668761605 -0.12936671749595 -0.11934521777862 0.23226614217041 0.24101178305348 0.21432334909857 0.21412763036507 0.24070429176571 0.25017659767117 0.26115252522376 0.32331292682392 0.28220599335152 0.28525635595874 0.27720177702144 0.11026824483591 0.16754438528148 -0.25761768183818 -0.25917491468748 0.25226718221463 0.264725404098 0.25632679449718 0.271324729725 0.27254548995322 0.2722904748421 0.27302024147916 0.27901127497294 0.26566648031082 0.28771172957275 0.32266371414386 0.32151321442743 0.28656007036353 -0.26966166166677 -0.27939919564652 0.259443746682 0.28049582743598 0.28484096797039 -0.25256088972558 0.29743458429274 0.29398849015292 0.29235849551505 -0.27330383261315 -0.26430957685117 -0.25216035623598 -0.25701158391905 -0.30773388578454 -0.25566893422989 -0.2898367851876 -0.28919343171771 -0.2820508596358 -0.30102352737964 0.29770196038467 -0.25537954127928 -0.26246667582407 -0.26401711421897 -0.28623838296047 -0.24532834184899 -0.28247639340594 -0.28630814718584 -0.26787145882787 -0.27909740047889 -0.27074090167711 -0.27208375910773 -0.2716878501422 -0.24058467638753 -0.23401355783911 -0.23497341536339 -0.25504280200916 -0.25873911726955 -0.25120629442264 -0.26235406898812 -0.26783838743236 0.29037509516246 -0.27675131605296 0.28558236692834 -0.25048988469974 -0.24357454462651 0.28167637466042 0.28452991879534 -0.24944228751989 0.28614207394362 0.29994921651966 0.3075665966035 0.31070974210593 0.31623017691249 -0.26928941172226 0.30553805596606 
SCALARS mn-pot double 1
LOOKUP_TABLE default
0.4110287487142 0.40922413708927 -0.53617860891265 -0.52445426468844 0.28092721477705 0.25181247263942 -0.34406818196323 -0.31421594671291 0.41222836626144 0.41240534086368 0.4126557735979 0.41281756555276 0.41302048935385 0.4133188237146 0.41353013171309 0.41374958591101 0.41405163504753 0.41425872513518 0.41449252539301 0.41480322431437 0.41499659289285 0.41515883956803 0.415456461499 0.41569709379735 0.41590390934224 0.41620052871757 0.41650158598513 0.41682638757132 0.41714210890291 0.4173729098994 0.41766866825644 0.41803160719071 0.41828122477498 0.4187458008577 0.4191593086115 0.41942956543791 0.41973452709616 0.42015781156785 0.42040280471069 0.4207816475186 0.4212900035043 0.42164591196471 0.42199898672071 0.42248306628587 0.42289124687602 0.4232252903236 0.42377846596701 0.42423606522764 0.42456895764926 0.42508247795487 0.42556399904301 0.42588099574518 0.42638293796948 0.4268485523806 0.42715840201721 0.4276582385787 0.42811777015793 0.42844493265358 0.42887186259985 0.42928524721357 0.42962919313773 0.43012474480591 0.43063363420144 0.43108043478172 0.43160447214393 0.43197930335142 0.43250737684094 0.43307057455109 0.4334428724916 0.43383622304405 0.43441150591701 0.43486118636365 0.43515473853654 0.43569710374841 0.43629373319286 0.43660136887503 0.43709444074938 0.43773447597012 0.43804029586155 0.4385018249141 0.43909818283451 0.43952687772084 0.44014910397084 0.44070889302921 0.44108205504196 0.44173143604406 0.44229044601347 0.44274230567874 0.4430414013036 0.44337486332225 0.44390959495284 0.44407412714275 0.4442760252883 0.44503669410974 0.44548019098104 0.44559025669195 0.44646180889616 0.44698799435253 0.4471335394088 0.44793463587854 0.44843050983534 0.44863966222141 0.44934812938002 0.4499739232265 0.45020635731624 0.45077334296196 0.45132193669212 0.45158170696755 0.45211294603942 0.45290271761928 0.45311930436007 0.4537143964712 0.45436471154549 0.45469355978457 0.45505755652862 0.45588162704827 0.45623222097172 0.4565558254593 0.45727870391145 0.45771258458707 0.45803199068277 0.4587570031682 0.45927114102928 0.45956544307573 0.46030309206998 0.4610278958127 0.46131280925734 0.46189073797729 0.46246042497261 0.46269208150063 0.46352789882684 0.46409066955736 0.46421380456019 0.46493598508376 0.46555715684073 0.46579072812249 0.46609872874739 0.46669693479669 0.46709986386481 0.46760200517448 0.46828159308729 0.46878412740809 0.46966880950675 0.47027288561556 0.47079317173566 0.47169885233188 0.47231686034016 0.47272331870743 0.47328084520585 0.47389631730835 0.47427588313019 0.47495653774856 0.47567980512088 0.47598290706191 0.4766252855067 0.47746622359743 0.47775002846673 0.4783361024991 0.47924916092695 0.47950557539889 0.48015147568477 0.48116208999123 0.4813601429325 0.48193244917958 0.48299703574025 0.4833274332524 0.48377657199233 0.48421035265887 0.48468478077325 0.48499881660119 0.48528290519295 0.48574851968703 0.48614455888222 0.48653155948656 0.48710735022803 0.48744407441504 0.48790799885497 0.48941919198496 0.49033351858473 0.49060057804842 0.49233617935346 0.49370335412753 0.49419958786393 0.49541446928458 0.49661941551059 0.49767031367004 0.49861110042859 0.50133954003101 0.50234573787597 0.50329096452685 0.5038805336508 0.50557025068253 0.50739375444296 0.50800457709859 0.50956748733135 0.51289853753957 0.51699303193375 0.51790645251339 0.52104146038029 0.52297895439049 0.52515666440265 0.53441298566189 0.54366882720146 0.54432389497318 0.55774102600312 0.56664298984472 0.56729600176498 0.5765468401785 0.57878450903944 0.58252698942038 0.60241504776495 0.6050009744295 0.60720737754508 0.63658710297903 0.64125351370876 0.64205868059127 0.68659136497845 0.6944059428039 0.69542710765642 0.78858065385659 0.86710079724916 0.93396739266181 -0.90669360333317 0.93958511600206 -1 -0.92528171918183 -0.88371887377939 -0.73566366055188 -0.72906188597279 -0.70720209980271 -0.67255075204239 -0.67228981133337 -0.66893595313759 -0.63133259750372 -0.63050811035742 -0.62786357593406 -0.59113214747233 -0.58168554173292 -0.5754688003729 -0.56173138208085 -0.5583656538896 -0.54842103489728 -0.54292867945422 -0.5383819184959 -0.53562741140153 -0.53399167901923 -0.52659507825966 -0.52579372806752 -0.52558087597993 0.45677909076295 0.50622169814038 0.42875281350539 -0.55166525932168 0.44608215540957 0.44263886320382 0.45894069953808 0.43464535009818 0.45484612357956 0.45044806942572 0.41956710388593 0.41352046878585 0.41436285059927 0.42909076374289 0.51785255238812 0.43089780547994 0.42527916824939 0.54426815034282 0.4969325192229 0.59727427301972 0.50665641382094 0.65620379114029 0.80173473983821 -0.76849187893316 -0.65120717657253 -0.56033743016301 0.46993877944679 0.46414826387894 0.47764010587499 0.46690512029847 0.47831273942443 -0.52583741533606 0.48773430774777 0.48635704599875 0.44557174534076 0.44759255722564 0.44200646512121 0.43927941015288 0.44377613063267 0.46118503296633 0.45945738613209 0.45780548061798 0.43359957480634 0.43645194925897 0.43504930018587 0.4564200281499 0.45447390125987 0.45179083715122 0.45004713541114 0.42176474258337 0.4206274497951 0.4192541751689 0.4147254329209 0.41467377666282 0.41520077350039 0.42949848028709 0.42829227152685 0.5103684275235 0.52068236952561 0.43188393324806 0.43022283339944 0.42660057144122 0.42570991023428 0.42440229001061 0.52765791125391 0.56758192408619 0.55010408631165 0.50174550029541 0.49793813843466 0.49482270277241 0.62671546934965 0.58062857303855 0.50437675405049 0.64179458660741 0.69455558488299 0.8341291371313 -0.86757994435596 -0.72858634540615 -0.67338270905625 -0.61814310540398 -0.63115400257759 -0.57106284073334 -0.53887740863638 0.4684097062265 0.47357400127777 0.47056147358037 0.46538422570821 0.46383496341525 0.47699092332591 0.49044500488438 0.46626584032352 0.47967430091849 0.48877610707045 -0.52791389980098 0.48396477289587 0.48508352421049 0.48021225219866 0.4793970615589 0.44476161133467 0.44854439306695 0.44706578268052 0.44092522526823 0.43870253200119 0.44317813369559 0.46217104428484 0.46054780522798 0.45744427906327 0.43315974869395 0.43734091867899 0.43597520604315 0.45603386963923 0.45346216936863 0.45139727387107 0.42262009812565 0.42141252547815 0.42023916900329 0.41861828197288 0.4123811228773 0.42780980298697 0.50801864056664 0.43232327482787 0.42702796514105 0.42398467207262 0.52393612355838 0.5737723480761 0.50302475328281 0.49395109072909 0.60606743207431 0.71274221009389 -0.90497468369925 -0.69216347978365 -0.58612074052117 -0.57821251993722 -0.5455785531665 0.46782390734105 0.47253871126174 0.47525320211145 0.4741422670992 0.46571527369233 0.47875231455607 0.46591367320296 0.47909307368299 0.48164629852395 -0.53388425888879 0.48187353343028 0.48067530247981 0.48361126216618 0.48478095432961 0.44416034375973 0.44906579709294 0.44037906519558 0.46256827096107 0.43786339011968 0.45301061210081 0.42304323650696 -0.57137780899991 -0.55230123852158 0.47202110764128 0.47586362395046 0.46609563092832 0.48444114076896 0.48315982426891 -0.54610856742838 0.47600235907606 0.47632105900069 0.47686411818489 0.41365909464635 0.48980116227019 0.41227294636231 0.41633967840248 0.41499396660229 0.41412966325595 0.41531292840592 0.44536995948115 0.44147236992727 0.45928944008896 0.43544896573277 0.45407717415161 0.41899182909457 0.42981677354745 0.42570531855837 0.42605130071369 0.55175587957774 0.56111620956595 0.49757509592536 0.49925277347765 0.57736084819614 0.50461994903147 0.63972382321189 0.64462845143347 0.81045661674965 -0.70832831305091 -0.63447764765829 -0.62912902472325 0.47126788736268 0.48102216563376 0.44561613866732 0.45024579701454 0.44677426755508 0.44706019274458 0.44190143191554 0.43823435039582 0.44293173556417 0.44319848530463 0.46371366974539 0.45990914608573 0.45697360618382 0.45722184213845 0.43275096944184 0.45554534399286 0.45578160184011 0.45420008103115 0.45106151357071 0.45118478940016 0.42107542755868 0.42130165710262 0.41995362615695 0.42002188870876 0.41909638347696 0.41815896989347 0.41316005764039 0.41122094359933 0.42736266488672 0.50757800686583 0.42346923516358 0.52230773500385 0.50360694887582 0.49321292856769 0.60347081830828 0.60508315165567 -0.7776712562056 -0.88869250567573 -0.71790905115371 0.46738995220199 0.46751781661288 0.474393199509 0.47455869159923 0.47809251285841 0.47990108683321 0.48393639192056 -0.53599962886386 -0.52944685524063 0.47984015633488 0.48478041694868 0.44401719751954 0.44410957229112 0.44967795686715 0.43988743325591 0.44008716406684 0.46310973872291 0.4526012622072 0.45282406210504 -0.58678432321014 0.46577306593466 0.4855561247611 0.48366727498899 0.49152347970837 0.492846918654 0.47658294310441 0.41405118708721 0.41675602849671 0.41061137785849 0.46070785108599 0.43513889044518 0.42960070490956 0.57457301512779 0.50329078095775 0.5069956834382 0.70471633103403 -0.69373146023331 0.47074131948797 0.44931081530849 0.43780044512287 0.46251381529912 0.45995798889063 0.43213692841875 0.42124784322834 0.41756575239007 0.41184177715855 0.42712215204295 0.42340478891059 0.5218774735142 0.48657083466545 -0.84764441015063 -0.70897172282312 0.44987193297859 0.449384461893 0.44896740982133 0.44682872532071 -0.56226002404773 0.46579628066055 0.48598272404084 0.41564258354774 0.43593446854228 0.58232101775404 0.50714389902104 0.73040599739666 0.47209016941852 0.43853920315877 0.43278507873448 0.43247071438918 0.43287399939613 0.43317099934637 0.43341392735772 0.42077501480233 0.41730800566053 0.42769961652074 0.42711707914892 0.42749808760294 0.42790424301667 0.42818902328016 0.42397410051198 0.42301937296138 0.52403694281416 0.48503733161067 0.48171244643417 -0.74641214133376 0.49074491970432 0.48294722356753 0.48872663414469 0.41207329209633 0.4170334171112 0.42256036548698 0.52471793648097 0.4812988139894 0.48583639859035 0.41551152990047 0.41712092996067 0.4230479418924 0.52891724721272 0.41340053878054 0.42351723905689 0.50853913002997 0.53872307683589 0.42275520242988 0.54172648277386 0.43411496399591 0.43411792575886 0.43422255292812 0.43461796984544 0.43489036534743 0.43552670442502 0.43490156790975 0.41288124362702 -0.60940719327264 0.42866365339962 0.42867224104775 0.51551512780216 0.51331874780037 0.43137636944737 0.43142278535985 0.46918925455444 0.46905039039065 0.46452189068952 0.4646925361739 0.4824099373367 -0.5262757585822 -0.527003071839 0.46164882301947 0.46172272058965 0.45830783387176 0.45813265367268 0.42219674815074 0.41134856186703 0.41248707750681 0.4248054175464 0.42475510015547 0.49597677121764 0.69037212775792 0.67255999508879 -0.76476540586138 0.70928574197869 -0.67193824581028 -0.67792498641694 0.47295714110668 0.47287259115706 0.48691217567902 0.48449216185732 0.44817802256272 0.44811628500801 0.44862822192156 0.44387745960249 0.45544450398843 0.4368416588917 0.4368663321681 0.41787531992139 -0.53326174619106 0.49392816450955 0.48244063904243 0.50257709686534 0.51990576157754 0.50632323805564 0.41835665560998 0.42871597544032 0.42909951036285 0.42944575748502 0.48975116047945 0.42215277772629 0.48435890007622 0.44409896274483 0.53915809755263 0.41788771307408 0.42933288968487 0.43063023711407 0.42171019273 0.42167854750358 0.42207131501909 0.42223740944544 0.42209621221304 0.4436604184555 0.42997209008612 0.45425110982851 0.42996112217849 0.44271968569137 0.45234336039462 0.44048014225542 -0.52490825233118 0.4116496521438 -0.54911463323005 0.6276448239032 0.46642793912293 0.475211444747 0.4160483552632 0.50103733858847 0.46285098872061 -0.60883196600867 0.59435767298436 0.70806462284536 0.43907029479891 0.48327026106944 0.47857491169095 0.41392812263851 0.4333058988704 0.4654908288392 0.46481407058499 0.46535499819891 0.46581708119462 0.46548628364035 0.46509433354824 0.46546285047496 0.43632602671636 -0.53043865178308 0.47177641385388 0.49595372012252 0.42779241608874 0.41749968524868 0.43038430053124 0.45206780185482 -0.52513472827477 -0.71896319380289 0.43854776415007 0.43260259673175 0.46694859140036 0.41786126864219 -0.52535389526637 0.41659645005761 0.41195098488014 0.41208461412457 0.41331865828278 0.41107228160184 0.41299896634824 0.41269969518628 0.41314878355118 0.41277531699367 0.41598482579699 0.41579542860304 0.50425045834362 0.48558340487905 0.63638461404315 0.43303430700701 0.43820148635548 0.43725605107815 0.43783758268191 0.43707965876963 0.43803710114203 0.43953214943037 0.43158161586272 0.41807888848798 0.41433562534055 0.4139128838158 0.41333004905695 0.41247609659307 0.41547629525256 0.41559614262288 0.50566183419913 0.50545715084254 0.53326897999293 0.52060905107675 0.59428230797149 0.58551485852949 0.60088435350287 0.4324233242948 0.41747233756944 0.41290689178033 0.4148145808152 0.55003944301902 0.43162676771807 0.41276956341351 0.6155519752595 0.57933489943352 0.55015283155937 0.61502692919622 0.55810191473228 0.55876874576321 0.63622727303776 0.60123120520283 0.65131548789506 0.56120445619227 0.52027356541389 0.5608955231425 0.65868657990255 0.52675304098568 0.6139212408002 0.57814587007504 0.44725297808103 0.44359948310549 0.44275952003269 0.44230411043245 0.44813126968569 0.45645979246825 0.45573976816271 0.45707246710528 0.45478341782202 0.45421721392223 0.4553475182302 0.45610875471926 0.45467428771555 0.45638882694749 0.4541430075487 0.45491592101471 0.45680555879684 0.45351173292429 0.45660274218184 0.45746651680957 0.45355866194802 0.45583747404527 0.4464215561111 0.45793867787036 0.45279714020576 0.44508526979068 0.45188726811472 0.44348251637526 0.44358300420488 0.44407748247362 0.45320660886725 0.48136782130374 0.48355164455601 0.44380302633386 0.44350650008969 0.44317259252402 0.44387232973802 0.44257309324779 0.44640830748675 0.44150518402709 0.44762923904059 0.44320763658196 0.44089191855403 0.44107894597133 0.44441728431221 0.44742160821056 0.44023645125224 0.44472166571293 0.44642501688899 0.44400108920484 0.44423819747879 0.44373510649563 0.48731225820235 0.4264263999301 0.42586604034794 0.42682925629697 0.51997538106285 0.42106575011773 0.4230377447181 0.48969959711317 0.43403617555076 0.46508776756532 0.43600780154681 -0.69574434134461 -0.7082871901303 0.46570235484761 0.41709123708021 0.41188414340461 0.48735813516351 0.43724328867758 0.43899865253439 0.41376116520962 0.41383086420292 0.41419815859179 0.52670927043285 0.46001330531414 0.44387902554393 0.45381842900475 0.44438239865408 0.45122880970516 0.49261903110328 0.45391381448752 0.42120255129107 0.42035107116824 0.47761552455427 -0.68897694930032 0.41676761944421 0.41103608652034 0.41213736317944 0.44813161857066 0.4431786196339 0.41526046144315 0.51588213663793 0.49651842845254 0.45214800531511 0.52662673872823 0.42426440453318 0.50681268095381 0.46989492256575 0.4284794239273 -0.52604545217603 -0.66721498029445 -0.53811416816404 0.66968097549761 0.48287435439539 0.51320650690329 0.44898986063259 0.44506305514257 0.43454023138683 0.43905453763058 0.46137206865609 0.44408795827946 0.44222403290223 0.47520476867659 0.52023776288043 0.42414963628702 0.42496013801345 0.50632144546809 0.4943859624438 0.42749897035083 0.42900340429579 -0.52453022122153 -0.68689210032417 0.70690844387058 0.6862977021577 0.450145015908 0.45293616707451 0.46169350463208 0.45140716643428 0.42506574362461 -0.52488831567132 -0.67738822893844 -0.65149365186557 0.42407933180062 -0.63617003630682 -0.53356110592037 -0.53150656258893 0.41868546396988 0.67225354741675 0.48892074846091 0.48585207841989 0.48410296639647 0.48790936738863 0.47575625427208 0.47480897963745 0.48655395764596 0.47739504704354 0.47452843278368 0.47526530881726 0.47362184706078 0.47566778913023 0.47302180043887 0.47402103175993 0.47637480181227 0.47423916257736 0.4942488063023 0.47784836308389 0.48473776563467 0.487342252337 0.48009748165527 0.47597141447543 0.48422396512936 0.48692370242606 0.48530204789886 0.48788587162433 0.48603237042107 0.48767651137602 0.48501491216253 0.50111483035414 0.46928327024162 0.4730107474338 0.47379399213695 0.4132148926586 0.44376553831095 0.42163847626482 0.41599981039324 0.41681538574706 0.41146599803031 0.31152137709656 0.41139406473285 0.41154569086477 0.34805334144482 0.41113775223707 0.37530605777345 0.41174950929661 0.40267855999952 0.39207023662839 0.40681946214614 0.4103942684136 0.40897257017734 0.41068688399239 0.41000593734137 0.41065294723135 0.41052067211889 0.41031737859369 0.40956083672871 0.41016735080549 0.41448935622322 0.51140108244596 -0.52844767111786 0.5347118736736 0.53016582760081 0.42614184948562 0.42623373563643 -0.56231588411364 -0.53146895113584 0.41850390578439 0.41936699119575 0.57199309004485 0.48942355838267 0.48946864539375 0.49079620862823 0.48273269515056 0.50642379954931 0.45682996700024 0.43901388386865 0.41756209694127 0.41286076549133 0.42295498266088 0.41753270049981 0.41205658538302 0.41247247215162 0.41378922341499 0.51042097559977 -0.52973401602836 0.5079474008813 0.42510362458274 -0.63401686755813 -0.6308301511721 0.41953947357519 0.41479833764594 0.50756990220554 -0.61999652016957 -0.52742537321039 0.51720338236918 0.42404348968436 0.44509783021117 0.44973903146017 0.4248263078077 0.44644775445965 0.4444300008678 0.42163122818671 0.42317520095847 0.43191373836544 0.43581799616708 0.46402372077446 0.48645775648004 0.47488386938317 0.40941368661419 0.48706679017805 0.41909096359628 0.42035042279733 0.41695363311221 0.4126523726765 0.41586129757135 -0.66769091448748 -0.52528275459416 -0.52473326469241 -0.5286659140007 -0.52605061897506 -0.36929127923082 -0.41272455471037 -0.45208378183342 -0.48883189915182 -0.51230717416017 -0.52335604026849 -0.52305428993174 -0.52427946559619 -0.52872549112169 -0.52621429281487 -0.52672127028451 -0.52478510957297 -0.52903240676663 0.44659445804201 0.42593627685168 0.46231281737803 0.476530098884 0.48677723170741 0.48642633678185 0.4872972848069 0.48862014992101 0.48793087099273 0.48770705833464 0.48899473874322 -0.52514026650411 0.44492849460946 0.46396645716041 0.47512363418116 0.47136822443101 0.47453266375937 0.4725774085452 0.47599451401128 -0.53534407253804 -0.53385544779242 -0.62000709918079 0.46920410492081 0.47969475599922 -0.56192797257393 -0.56461558715291 -0.58844351527054 -0.54373508876761 -0.57302563227017 0.51339412092914 0.41133495169938 0.45549459521732 0.44185689775967 0.50719561922132 0.42751092801235 0.43319994733951 0.43576489082967 0.408570397137 0.41392440576882 -0.52411975419145 -0.52371566386274 -0.52382153890454 -0.52409402915067 -0.52397397382079 0.42286445633052 0.45892804450184 0.42030191419467 -0.52719989678801 0.46246520757749 0.48383440881965 -0.56784882364677 -0.58687122398277 0.45258423345852 0.44302235990369 0.50866088329802 0.42710286434957 0.43415468343473 0.4383417159821 0.4105433608788 -0.52366461094545 -0.52326999261047 0.46487474733367 -0.56365434319794 -0.5618965692555 0.45731660727344 0.43222781551639 0.40952748549552 0.41020154333119 0.40807142427712 0.50948227424061 -0.54596095919036 0.43449622960788 0.47343975534892 0.43038209388633 0.48659020461525 -0.55086308238005 0.40791840833587 0.41283319080822 0.41497507341926 0.42152497813018 0.45185628987974 0.42868658007191 0.42941572563934 -0.52344420858903 -0.52312085987759 0.4665192458152 0.4589795452059 0.45546016080948 -0.56063542800403 0.48738805137768 -0.53567199373075 -0.54977969550245 -0.53197946708873 -0.54470160782056 -0.54658623268175 -0.53866168499074 -0.55843240348611 0.20547781520858 -0.5539771307279 0.40722231509579 0.41863832495669 0.42531313348769 0.43037309093328 -0.52338356650074 -0.52268456459899 0.48670774828672 0.48540856078155 0.48763249871135 -0.5278350518973 0.50306302636737 0.41787826682666 0.42810168653555 0.42426798108812 0.42797187686873 0.42675067849489 0.42342220904827 0.42737423885807 0.42578161142744 0.42654744962294 0.50358869838395 0.49260461761534 0.41895182520973 0.42166286757356 0.42419198758122 0.4279155559798 -0.52941856376651 0.49832676538386 0.50720317467751 0.44610103128584 0.46259821755113 0.4675354321168 0.48082220433771 0.48365722446471 0.48296122917437 0.48385672536608 0.4856102087464 0.48601681757355 0.51059989193817 0.44409882720841 0.44391754053049 0.4366310757974 0.44483303624683 0.44128579762636 0.44651914311694 0.44004585856349 0.45371090497554 0.44923272110581 0.4444627197185 0.44356899843445 0.45564181091882 0.4426608364969 0.44125543113491 0.44218246253083 0.44030700319423 0.44090273842593 0.43721851621802 0.44155114657412 0.43845724754346 0.4381589172381 0.42882199195189 0.45581628945827 0.4386894734891 0.43249954944884 0.50039191732844 0.50418698913798 0.43329706353755 0.43585125880892 0.43574876968407 0.43418119181122 0.43520795078872 0.43358738322715 0.43620053309302 0.43173136778192 0.4333874137439 0.43092545984341 0.43459411175162 0.44107648259832 0.42314345316925 0.42973340923755 0.44794699635498 0.42367174195902 0.49550686608907 0.50679548364016 0.41175768267234 0.43694390986162 0.46556268313054 0.41782069680578 0.46392559227693 0.4635643734769 0.46930762966958 0.46576916167018 -0.56845159546669 -0.50491453582999 -0.55978572883256 0.42132574249839 0.46784914634844 0.41108674728947 0.46062603054678 0.52818643016707 0.51131103951144 0.41606460358858 0.41550592950477 0.45331854103334 0.45483294427679 0.44481322922927 0.45630388944351 0.45759860983702 0.44918219771901 0.45305634345149 0.46941358822333 0.46574982313197 0.46491691736526 0.47404669223611 0.46421250807861 0.47415335978795 0.47738313421296 0.46959253169478 0.4604153934385 0.47777002440235 0.48112704253644 0.47677184200643 0.46224775953652 0.46146327501288 0.46028368527848 0.45947438246234 0.46138161179029 0.45814244209023 0.45817946370804 0.40470114833597 0.48855525334876 0.48877948758935 0.48958831967692 0.493410193287 0.49130947906707 0.49010744814816 0.4222460569079 0.49291494940248 0.41329574967603 0.48778682319924 0.43999040882786 -0.55600251901265 0.5030035711235 0.41019405891988 -0.54650547409007 0.42893856874053 0.45517396129167 0.47313789388922 0.41800364664477 0.41685634423457 0.42026774983181 0.41890926413793 0.49477735533258 0.48657799837729 0.51257448402798 0.51084724877906 0.50945476078605 0.4428696221925 0.44170732426168 0.4432428311827 0.43963793797392 0.43171862538452 0.45349938624593 0.40996057275738 0.41125643151567 0.41395189269605 0.41652201120162 0.44784045578142 0.44801129520704 0.47401768989262 0.47385175608021 0.46989381632608 0.46450301563023 0.46580876835772 0.45851455682744 0.45928966682014 0.45998756889021 0.45591942051082 0.45926818535333 0.46230966774761 0.48709123568445 0.45743760691155 0.4480250820069 0.41704142907435 0.49587176880201 -0.54913626122914 0.50193449092335 0.50011979500991 0.42702562386898 0.47891817982913 0.43642406000833 0.45423210107277 0.42741297767618 0.5000844448007 0.45834154794713 0.45690470159782 0.49264351891938 0.49005928968595 0.50467351315156 0.50264960723766 0.497444509649 0.41020197697387 0.41768759352956 0.49814067749955 -0.53663329162409 0.41394416552085 0.41239814071884 0.41244172833769 0.41319700719693 0.41086054611621 0.41395359986425 0.41437097340157 0.4119965106314 0.44524087798633 0.44717866233393 0.43086162047527 0.45022077517976 0.45363018081482 0.45045640925194 0.43847757621066 0.43069829577313 0.4844220500351 0.45530157041705 0.41232126608946 0.45267312957138 0.45561943642226 0.45425508651585 0.45417668502395 0.45507609550015 0.45559431202352 0.45367604332128 0.42496408284001 0.45430704151089 0.45202770812835 0.45173688808785 0.45119542789188 0.42568778014915 0.45669724772794 0.41827348468139 0.45611740103072 0.45898514493135 0.49207092409951 0.4576941173328 0.49934999576132 0.49780371310375 0.5002266377291 0.49216247795837 0.49949282414158 0.48903098968231 0.4093777755726 0.41516359681873 0.41537948986185 0.45668209228635 0.44929639692404 0.45046875418879 0.40978080269131 0.4139508368314 0.49244037659023 0.40725001573968 0.41414774911047 0.41292893792221 0.41547957185551 0.41459881602514 0.40997326963154 0.41172648074955 0.41030371374857 0.41209484767403 0.41741803873105 0.41609411422232 0.45174652359909 0.40933099550753 0.41457696761156 0.4087106295484 0.40878100308527 0.41374340919825 0.41327340150296 0.40778354444405 0.41133870122295 0.40696265361179 0.41100988189298 0.4113263919254 0.41485288063831 0.41784041803874 0.41508530073534 0.41353754369151 0.41637005431283 0.41720145345119 0.41970287643639 0.41617206040779 0.41742671431334 0.41597279765262 0.41441487470601 0.41373273625024 0.41494586647432 0.41388821165305 0.41493918971068 0.41143220316554 0.4168163750089 -0.55133319608608 0.40961510196573 0.41240920760145 0.41182208454681 0.41263577122065 0.41127062986364 0.41257365370531 0.41322149397394 0.41222713746552 0.4139558239754 0.41282101743111 0.41892370585204 0.45707020229877 0.42685152423082 0.41085616480389 0.41031524489429 0.4089832587472 0.41050227760426 0.47420700743007 0.50506195432157 0.49697590102342 0.41072094928292 0.4441725225006 0.49549204356755 0.47891115191946 0.48564640774834 0.48582816755399 -0.56487615233673 -0.55279471918922 -0.55889417027785 0.50428403041745 -0.53520338064346 0.43063794282404 0.42901580146788 0.42899692823942 0.42793118836209 0.4265057591771 0.42541400913522 0.42586303849682 0.42483435144382 0.42393043782092 0.42375196454634 0.42632171357467 0.42498547466957 0.42327689242421 0.42192483972524 0.42105399159083 0.42008733003238 0.42201111831473 0.42066427827162 0.41894299166485 0.42462687072611 0.45026444421411 0.43263767789022 0.4521796531047 0.41565666788537 0.42332515021108 0.42796897300421 0.42126833245214 0.4189213282292 0.41867475408337 0.41754344352412 0.41842359068218 0.41740739636305 0.41985676159282 0.45163365212321 0.41155386746206 0.41964757484399 0.44594052018671 0.41994061696413 0.42485059371014 0.43009823084273 0.42265169375798 0.42927489714997 0.43051025490805 0.4318335261028 -0.55587795895113 0.43202168427116 0.48863031321416 0.44368522579429 0.49760627213226 0.42372619505836 0.42285979643612 0.4222355492143 0.43888173806137 0.50156905667088 0.48058394714456 0.43853405994578 0.41237891952822 0.41309941837203 0.41223190365726 0.41775642258563 0.4186036776864 0.41828013730471 0.4195994245492 0.4165746604218 0.41587654108185 0.41510550292341 0.41464902302301 0.42004513265334 0.41927491166606 0.41823105773946 0.42075689458712 0.42203192827843 0.42427773765413 0.40832734908189 0.40572921246392 0.49538526598133 0.50392171262142 0.34164833465229 0.4244662331078 0.499964128697 0.44116069777874 0.40789695584986 0.452254922158 0.40672739127018 0.40449390092432 0.40593689171183 0.40747510940058 -0.55889717246305 -0.36993464807023 0.49465875057953 0.40319106593778 -0.51573057771715 0.40844725943263 0.45059859142705 0.41319773438243 0.48720480282335 0.44636691589351 0.46055032282007 0.45355171981069 -0.49073817487066 0.48223488137305 0.40800509573015 0.4973118056166 0.41974333974241 0.49044172155877 0.40519839933188 0.40793842923051 0.49229870835826 0.42176754273754 0.49041320495047 0.4493022736866 0.41887937273542 0.45141412787935 -0.52127516398916 0.40481865278255 0.40642869402046 0.41543751626999 0.41722665276184 0.40392826257627 0.40612533425977 0.44153304789632 0.43300819205403 -0.52127226004974 0.40559028228062 0.4036436488662 0.40629873616478 0.40473967151931 0.40689888745056 0.40285328004012 0.44222031211692 0.40564612945371 -0.53131829507913 -0.51900894153529 0.40701267277087 0.44327832774705 0.49404182461667 0.43387893360164 0.40055754661736 -0.51789477496177 0.4165253081569 0.40507445624021 0.40237299032401 0.41715779214391 0.42428878106821 0.48869338584764 0.48584960335757 0.46838813793168 0.48784604228018 -0.51322105190053 0.4098445685541 0.43440639569139 0.47762394693444 0.43783476473807 0.39698267029212 0.48680518456915 0.44522733959519 0.43608152665267 -0.51589282511025 -0.52035593432575 0.46977893246729 0.42106741697977 -0.5151509502166 -0.50875764751509 0.45412016517744 0.48974665051008 0.4893613374431 0.48210423606107 -0.50346150722898 0.44499123527962 0.45619621872815 0.49356340518788 0.44921286992513 0.40659295426465 0.39935881994332 0.48949211314993 0.48913783581708 0.4114896807818 -0.49259686383012 -0.50981045109382 0.44517038033162 0.47600623324527 0.41494498040007 0.50159094320697 0.46208337862567 0.46565646212369 0.45922657590578 0.40474759986721 0.45234927003143 0.46741761392391 0.424078567689 0.44079804802281 0.45766990674713 0.39759925439566 -0.50032392769572 -0.50302925270725 0.41865340299536 -0.49404336912777 -0.46889244327729 -0.47376916761908 -0.48310489520756 -0.51579888643213 -0.47013864060084 0.40013700374004 0.42947198756245 0.47832428270876 0.44948589529175 0.39638970713671 0.39359195573249 0.42964923422138 0.39515067297475 0.39777759318248 -0.5077445723816 0.39338967076963 0.38330299392197 0.49139861169967 0.49768565674186 0.41800865787829 0.49024068394447 -0.47949200347756 -0.49341551271375 -0.4619967418025 0.48210909707633 -0.48919238958681 0.38745822580069 0.42911303000909 0.42101406125903 0.48730034734913 0.45398035063766 0.38871205732273 0.4860307406803 0.46309590430151 -0.45728753345128 0.42190123039288 -0.44603772083495 0.38716033825948 -0.48401190154917 0.43792393496849 0.38047931136662 0.42964990957742 0.39555809626072 0.39916717473641 0.39186478035022 0.42592236681411 0.44748636719564 0.41184725419345 0.40803846237426 0.40145913322108 0.42342420134409 0.43928020194174 0.48031930146609 0.36097190060916 0.39232977026566 -0.42915365005302 -0.43949225656824 -0.43338602391316 -0.4178130325899 0.40131924329253 0.46672090213267 0.44823204697233 0.40105878450924 0.43860826875571 0.42286116607418 0.39642888224947 -0.43388524597728 0.41161456284516 0.41375407149432 0.39786474577252 0.39289604860935 0.39845012700623 0.39232775854803 0.38603845956249 0.38784159069161 -0.46227973083217 0.40644153992581 0.40449648596589 0.39974837739853 0.37995456127985 0.41201564236308 0.38728239044302 0.40802998722646 0.49736894065521 -0.44296765155795 0.41423402068087 -0.37407444491249 0.40615475607988 -0.38183988777006 0.39953615547571 0.39648893887861 0.38562468988985 -0.47028759254686 -0.44136258635046 0.3773251643438 -0.44554066757892 0.40025334370515 0.39418170227001 0.37321778400785 0.37797485418705 -0.41913204732907 0.32684726043212 0.38314050949398 -0.42984567559921 0.36687215531571 0.37256957898532 -0.38029642544877 0.36631575884987 0.36714734057828 -0.40110501129672 -0.41736181385458 -0.37844982210199 -0.38697984411002 0.37823634063496 -0.4190596793639 -0.40086169821619 -0.41372670828238 0.36963509115486 0.35567538402142 -0.27216831116808 0.34875315327555 -0.39915113501072 0.35554367341864 0.35370584049374 -0.38492216552748 0.32818996770991 0.36036709894665 -0.35593428104252 -0.37758628937342 -0.39892211955587 0.35212617824286 0.31690062484084 -0.37636194965324 0.34494727640019 0.33281403551716 0.31960309843849 -0.30992619606054 0.27306843915318 0.29531523097348 0.22056359026632 0.30737124685105 -0.31548705678332 -0.31292255679637 -0.349710945417 0.33768850764611 0.31850046145964 0.22550969333521 -0.11275908613396 0.19905635789304 -0.2879913601383 -0.32856567615389 -0.28879065416926 -0.32669324092409 -0.30521366241055 -0.33638475250187 0.27613298586897 -0.26756244172232 -0.2796617057724 -0.30939594365446 -0.30528739309502 -0.31989834697579 -0.31808021783233 0.27351315492225 -0.25371526468152 -0.30484263512104 -0.31724475960967 0.28532722552377 -0.32675416862958 0.30221815363948 0.28941360028808 0.33138027996318 0.3257844135865 0.2721847803956 -0.35813097230468 0.28672177848101 0.31677884003232 0.30823054286154 0.3013632294552 0.28533918147493 0.27868362201793 -0.33224813472292 0.30804026302073 -0.34562537507915 0.28802832614134 0.2639144712508 -0.32641892931705 -0.3397466359007 0.29803642237931 0.26242938649459 -0.3513229647191 0.44268244453588 0.44252889792739 0.44246073951919 0.44551987723438 0.44557684262529 0.44554189798261 0.44202067387003 0.4418671766917 0.44213771846211 0.41425322343513 0.41313929704541 0.41348061460653 0.45644347749926 0.45613175032633 0.45612010557248 0.44012588755111 0.44026856591316 0.44001931125889 0.42133424996249 0.42151344767261 0.42158695940193 0.44233654758706 0.44127611155486 0.44159730536892 0.44140485142184 0.42152902151592 0.42170355278052 -0.67504979494449 -0.67699907230317 -0.68248879289491 0.44054037532837 0.44042437389924 0.50403656412345 0.50346265956964 0.50389835410427 0.44411750705861 0.44404699792065 0.44408627730967 0.64092455732286 0.64145337559184 0.64349424528706 0.44580011204841 0.44580838456844 0.44521232853409 0.44542452028297 0.44526970889479 0.57545265592953 0.5724877305757 0.57032362274205 0.43055757419236 0.43078234629765 0.43041062679428 0.44310987082117 0.44298433523894 0.44305758910299 0.42259235294613 0.42279693534288 0.42281222005285 0.44320026385962 0.44325883007313 0.44349352677758 0.44361072895193 0.4297831372458 0.43010116068911 0.42990809212755 0.41430688082763 0.41442294063463 0.41438059008847 0.44384422654165 0.44365519984801 0.46397542058403 0.46400377884075 0.46411743472523 0.48477604643908 0.48462452448975 0.48460977533588 0.64163621245366 0.64141883289813 0.64186160230879 0.43426382862429 0.43412685974794 0.43397230051511 -0.67008211654321 -0.67094860670737 -0.67208121160984 0.43524496084831 0.43529817207133 0.43510433891036 0.43500836278461 0.43495335074025 0.42460099486753 0.42468579298839 0.42449022241511 0.44547727451473 0.43279294884334 0.43262822933815 0.43291232964116 0.41218157391983 0.41217286751591 0.4120779826127 0.43351632033184 0.43371822314411 0.43364091156181 0.43325762284447 0.43311408129132 0.43330427387942 0.45816447148031 0.45792631094647 0.45804792573696 -0.52841556337566 -0.52732540572752 -0.52895452357746 0.45427590579355 0.45413691332554 0.45435042652825 0.45910329933141 0.45853691780859 0.45870871599641 0.4417428422001 0.4361379213966 0.43622349929447 0.43637585908225 0.43922475821747 0.43942067511387 0.43930729956457 0.43878847733439 0.4386058938069 0.43888839706803 0.43568987639159 0.43595352024059 0.43570466181622 0.44742521167013 0.44743328606569 0.44761558019428 0.43653010247619 0.43644809484507 0.44548507529954 0.445616268703 0.43671827175361 0.43696838537612 0.43684894341719 0.43708576713773 0.43721603327146 0.45938903017582 0.45920845006303 0.46646839781013 0.46659048671632 0.46618200385532 0.4390023911497 0.43599126084174 0.43583668928762 0.45325918700163 0.45359518466523 0.45341125419991 0.74144881298557 0.79217958961157 0.76291139333249 0.4317403140296 0.43192174831748 0.43179633779301 0.43267339182677 0.43281136918425 0.43261069365078 0.45579611099039 0.45595354744634 0.45571836581419 0.45606318144624 0.45614157847985 0.46376834175768 0.46347236750296 0.46344232412845 0.41837620908371 0.41845461198558 0.41821546236315 0.45622062134206 0.45631338990717 0.44884185404539 0.44922094371866 0.44897581201824 0.45495931280982 0.45486755348647 0.45476206721484 0.45854034264507 0.45839070262881 0.41907821041022 0.41912288586978 0.41920710025679 0.45762493298674 0.45775663544771 0.45758724705083 0.45733759411295 0.457533046817 0.48150334246112 0.48144805881316 0.48169296633761 0.45648989818917 0.45639107011297 0.47841063169151 0.47853922404918 0.47821509889776 0.45935080274192 0.45912877642945 0.45786884650346 0.47966389721364 0.47945776810449 0.47960928988063 0.44347056453459 0.44317066290449 0.45951132044455 0.45942102067435 0.45713119527036 0.45721074098357 0.45735882198161 0.46068338864322 0.46040844585919 0.4608044934278 0.46125474065683 0.4611684935862 0.46109990757109 0.44065997788349 0.44082757246811 0.46011055485278 0.46022199869106 0.44421478287769 0.44444526053357 0.4445466169176 0.45459510387638 0.45464951862221 0.53303052896768 0.53665977536636 0.53142365097529 0.47608726100496 0.47614490187096 0.47592485282389 0.44848283980298 0.44831451972751 0.44835911992728 0.47201713133896 0.47185873446703 0.47216362691999 0.44853382412043 0.44859551340285 0.44805530004547 0.44817608612291 0.48044285456633 0.48061579625333 0.48083576862246 -0.52577575038975 -0.52599801596064 -0.526087391993 0.4462912898338 0.44599804300344 0.47576668668713 0.47547767112678 0.47558003982111 0.44709704757796 0.4470657371298 0.44701918414844 0.4473367262674 0.44730627470205 0.46563180453728 0.46559606274073 0.46543354075374 0.46575283264843 0.46567936898682 0.46563509833423 0.44753052574245 0.44777461663311 0.49435406931755 0.49446219224526 0.49407452548407 0.45145340732005 0.45135582503596 0.45149532691596 0.42419667426864 0.42432117258345 0.42411366737021 0.45167769956377 0.45195282299561 0.45183666781537 0.4527560403835 0.45281710628393 0.45295098560635 0.50052911705005 0.49842858176296 0.499643426781 0.57689855282196 0.57819418555537 0.57756075119696 0.44950861604076 0.4493750758702 -0.68486857950945 -0.67661571138724 -0.6843578058716 0.45119814124327 0.45123494731551 0.45306937347989 0.45301846370182 0.47325752495454 0.4734326581008 0.47312293578352 0.46585242088989 0.46600615217095 0.46593706537975 0.45158528599938 0.45029998215423 0.45061026659929 0.45049407162825 -0.57548775768144 -0.57162887566019 -0.57484792185192 -0.69098934003725 -0.7009078057898 -0.68352192489775 0.45750070153886 -0.54307738191982 -0.54190777148391 -0.54613024717521 0.70657654719059 0.7638535266608 0.75407976558195 0.52402312954429 0.52343909148445 0.5245896153261 0.41627696467153 0.41641259059666 0.41634237691213 0.41667280080468 0.41664121248046 0.41678823809001 0.42440124280706 0.43827043276248 0.43813975200004 0.43836408753212 0.41514971120283 0.41523431304564 0.41508275525554 0.58137311657111 0.58061013606931 0.5795666267566 0.41526022087287 0.41535410629469 0.41541282162678 0.41567454139554 0.41558242962052 0.4155472702097 -0.57840149126582 -0.57989821907725 -0.56994136728414 0.85001974280311 0.86773017378784 0.82087105121203 0.41507255084021 0.41499781532325 0.44416825102386 0.41940842509712 0.41949805201209 0.41934465343328 0.45013381773 0.45022429390467 0.42296627278037 0.42275957132319 0.42283716646059 0.41809716429948 0.41815272176613 0.51744908284847 0.51738914318304 0.51776363713121 0.410798944529 0.41118142273999 0.4107683171386 0.41717016136023 0.41722382251677 0.41708741354341 0.44289913808478 0.44319831509735 0.44242100988319 0.41904479615376 0.41917813080031 0.41743683349567 0.41762379862994 0.41748582472188 0.43780352074769 0.43795233913202 0.4378836426001 0.47617165332008 0.47641812368466 0.47659550574923 0.41777480038028 0.4179542796029 0.41784657224065 0.41585711547564 0.41577444937377 0.41571786776458 0.62693020800523 0.63764690681583 0.63612668873027 0.43530249196048 0.4350910423049 0.41209951992725 0.41201077046787 0.41215566550765 0.47708690893137 0.47723772298429 0.4767416209836 0.41244601015116 0.41257334936284 0.41253088643315 0.41328039577708 0.41323946978407 0.41335979742347 0.47692174544006 0.4766457337341 0.42724307680809 0.42719205929119 0.42707093067205 0.412591889465 0.41267503004591 0.45566555656623 0.45591898637168 0.41189468405522 0.41180323126055 0.41174486033702 0.41348911959458 0.41341837826729 0.41358958651235 0.42751000196044 0.4275826441676 0.42773593237303 0.45441765347844 0.4542305779408 0.41886957111469 0.41895216070173 0.46806482385375 0.4679275795103 0.46771171377384 0.41359438917746 0.41370192059308 0.41364182088653 0.42632187971406 0.42589074778386 0.42616057610387 0.41452040534476 0.41458120354609 0.41419307492048 0.4142455688803 0.4806352146234 0.48117793198636 0.48048317572682 0.46627751050907 0.46670413696184 0.41276366662413 0.41284685550494 0.41274061603848 -0.63249245832542 -0.64124780755972 -0.64276514510704 0.4129527860026 0.41291336738541 0.4134646852062 0.41352918744962 0.46600492910708 0.4660772369149 -0.62996655918036 -0.62843778346053 -0.6290597534157 0.41324044714273 0.41316788479214 0.41309020956397 0.4149048002649 0.41489571211969 -0.5341857134185 -0.53466651178504 -0.534912771778 0.42743159793046 0.42730491445473 0.41338408452483 0.4133938992983 0.41395411377537 0.42919345434306 0.42907870455898 0.42898190969871 0.42971163877635 0.42952549276591 0.45009122282434 0.45000852276954 0.4283708525795 0.42828233446494 0.42820867534807 -0.76319786117675 -0.7466807928024 -0.73387226915853 0.42579827834499 0.4257193820122 0.42563866203002 0.49510976504873 0.49483838312264 0.42673191086672 0.42661397752484 0.4264980460511 0.42587850585212 0.42596619124263 -0.52570439781779 -0.52565912507576 0.70172897267591 0.69496112087792 0.4274033861184 0.4272616412886 0.51616255751575 0.51511576753637 0.51446343443301 0.43452604093748 0.43437940136197 0.43475728574021 0.434853933351 0.43098086938402 0.43113537578312 0.43123148233103 0.43209665679679 0.43215247684672 0.50685119550223 0.50550006312403 0.50543200653752 0.51029448615896 0.51155278907416 0.51114799306508 0.42929680883671 0.42939224290895 0.43573904259239 0.43680100273467 0.43555673775314 0.42945204839678 0.42956542169435 0.42788749672465 0.42796243083391 -0.55128570785464 -0.55044625863889 -0.5552968965905 0.48484476564759 0.48584538639362 0.4836577408477 0.4297252038535 0.42996824823917 0.42986980862459 0.42549875043348 0.42542790022537 0.46415003516879 0.46418329446854 0.43463808344579 0.42124449386287 0.4213509821861 0.42118410523947 0.43086935673198 0.42188214754165 0.42182674709282 0.42146604039125 0.41957941810755 0.41965128806623 -0.94168017135606 -0.93740728684374 -0.92296124880219 0.42032241122206 0.4204261350636 0.42050721688448 0.41579049026451 0.42019689306604 0.4200562278045 0.4200980854309 0.42028275564696 0.54429411983269 0.54692779019216 0.546852370247 0.41238007713078 0.41232497676559 0.41243529721356 0.42059191149684 0.42070341565134 -0.52622155838642 -0.52641282019072 0.42876859768154 0.42887272298064 0.49014490482491 0.4902106859796 0.49061784645202 0.42532117138899 0.42518279686443 0.42682013868861 0.42693958595461 0.48531162221141 0.48543353994831 0.48518517564728 0.50413084324809 0.50490501633929 0.50464140807512 0.42209545331238 0.42234185468107 0.42224227265439 0.46943112226262 0.46956451553465 0.46979302326187 0.42254984806033 0.42268687766614 0.42362687975313 0.42350032713527 0.42334520745924 0.46382332684741 0.46367516919886 -0.64080429932043 -0.6311562799953 0.42400614101501 0.4238812149045 0.42482165002014 0.42494611126893 0.45016979858593 0.45003139570084 0.45035547789861 0.59089549258627 0.589550064186 0.58155079329964 0.42198212683356 0.431347791038 0.43148698757038 0.57804917792768 0.57917174135061 0.57619441846706 0.43553054765126 0.43295633176497 0.52268156450469 0.52311895983773 0.51936843836441 0.52077946300241 0.51975743002555 0.45901212081953 0.45885293836752 0.44692841893009 0.44688588439118 0.45403404832242 0.45388953894547 0.50809356585515 0.50876004255207 0.50864894294171 0.45452839028578 0.41929264014309 0.50915694743489 0.42855385159203 0.42865681684286 0.52973536526128 0.52648937721468 0.50779671150871 0.50777836647453 -0.93331038718197 0.804821066344 0.5417620457363 0.53922101737962 0.47010350308173 0.47026257883837 0.47041090426677 0.55460147076089 0.55595270720102 0.55933493661243 0.55046822152336 0.48182241772847 0.48165537245858 0.48151525182368 0.44490128087507 0.44464486000869 0.56680250669028 0.56716197221393 0.5669850758875 0.46088503870661 0.57065441837984 0.64864651545042 0.65002275105316 0.4416674204503 0.44195226209283 0.54398901068306 0.54388590682474 0.49539967649729 0.49568648034014 0.52565250230406 0.43337710412258 0.43838707054215 0.43802705019567 0.4381632691658 0.49680358106989 0.49734672769509 0.49710661011805 0.44100834864385 0.44089650296034 0.49784248925351 0.49832950593799 0.49808353374605 0.49741534635724 0.46025475903116 0.45993741946828 0.41868034046234 0.41852193334414 0.492760410267 0.49346852168274 0.49303324038565 0.44878495836805 0.4939624504907 0.49381601989979 0.48757799381685 0.48779867161897 0.48766919207009 0.45454670124707 0.48366193701139 0.48355984893247 0.48343215613486 0.50556960771814 0.50626171180342 0.43036152920147 0.43018463943427 0.45321164350609 0.42322832677508 0.42320672108741 0.42303508439377 0.59126193772329 0.60041368992341 0.59395524595059 0.41685986824114 0.41683797282632 0.41710969738452 -0.56614684996623 -0.56541291696224 0.50205578659255 0.50185463164396 0.50157337856113 0.50267001963405 0.50315961803758 0.50285023342253 0.41597948411063 0.41591995439511 0.50239443488815 0.48439716987165 0.48416765816707 0.48419669020973 0.60476906954376 0.60539923444229 0.60439779225587 0.50704854463601 0.50652527218124 0.49855204817119 0.49896632387113 0.42965528753914 0.51916285917706 0.51673046501109 0.56438146773323 0.56262763067959 0.6065900088153 0.60606437157316 0.64057138814533 0.64912080761573 -0.69308504088092 -0.68226755621096 0.67446753875282 0.66795702907856 0.47582949674793 0.69277971245959 0.69085150246603 0.6883643804133 0.69447446128808 0.69216498188444 0.46251510994717 0.46233913640405 0.46237849507212 0.61779659634179 0.63241008462236 0.62400247113432 0.79207913232458 0.82241255619304 0.77996553255743 0.83947127993628 0.83107634433005 0.8093455101798 -0.5443395538052 -0.54544315185209 -0.54714865350731 0.69469293560847 0.6165919410377 0.86062174434206 0.88137005474758 0.49777014606951 0.49724027589235 -0.82486799540686 -0.83640036184163 -0.90010906322752 0.42570557706038 0.42548419238428 -0.91191517041864 0.96346410937415 0.79295811681948 -0.74400974940018 0.50343708316314 0.50333396617993 -0.88983506151003 -0.58020898344099 -0.57677645120293 -0.57856285675143 -0.5601514983621 -0.56080336933958 -0.55919807696231 0.52406317584126 0.5259069025684 0.50738488942513 0.50755630059554 -0.8960229241292 -0.90670996280414 0.42605834326462 0.42651366156842 -0.71271790150317 -0.70654408848643 -0.84343513811124 -0.85845011501761 0.55104353868277 0.54762257817216 0.61637625078686 0.61637504004245 -0.67252769090051 -0.6724188916107 -0.67264293277911 -0.70329221042755 -0.71521593666204 -0.67276432472569 0.687520967888 0.68787055059688 0.69812149043141 -0.72952129696742 -0.73159460994243 0.47480514809439 0.47480735119905 0.47522396458028 0.49394262635574 0.49361130313691 0.49353964357835 -0.6309219143766 -0.63069511727769 0.48216501973726 0.48240083566578 0.48267856378182 -0.61406544706995 -0.62431645411363 -0.60645850485217 -0.6302369387343 0.48135790207625 0.48117497406409 0.44234782745814 0.44268018340741 0.44230147923078 -0.56645191384055 -0.56927090803799 -0.57356940525302 0.43761405573793 0.43754078219851 -0.6036551322366 -0.58838705947049 0.44673782035343 0.44661496218411 -0.65408599200809 -0.66191344054443 0.48606547131351 0.48594552436235 0.48586828910468 -0.55047277471567 -0.54881137775533 0.43316485722304 0.43301917741299 0.43302180132027 -0.35045444740471 -0.33895158110109 -0.34138015845719 0.42621617492021 0.42612990474406 0.46141240847719 0.46147099540788 0.44289477268696 0.44283754955178 0.46898500449109 0.46923623395598 0.47228823995179 0.47242721497859 0.41301873444206 0.45082405024941 0.45073306363364 0.42805536431964 0.4679731631787 0.46811357658857 0.46769745422491 0.45709827022223 0.46288877457521 0.46263917087577 0.46281525263921 0.47375132694072 0.4735865591343 0.4770475638453 0.47680413342975 0.47723166393076 0.46203110770989 0.46216896314608 0.43001941818873 0.42971281453302 0.42070791409675 0.42101465042028 0.42093378217326 0.47533336260925 0.47509334415374 0.42711786023275 0.42731437916786 0.47769957608765 0.47760981693478 0.4775555903857 0.47733593290015 0.41234287910047 0.41231170055434 0.41224796055049 0.44140930420472 0.441182382156 0.44171003885838 0.47434886699062 0.47441392348024 0.47420925280989 0.42372617744173 0.42371177794587 0.42397823753688 0.47387565483627 0.47401573427682 0.47408652597565 0.42115985547521 0.41998924348123 0.42014016259632 0.47852619741123 0.47820902365181 0.46177574416634 0.46160009140033 0.4511142768213 0.45129834793601 0.56099070191011 0.56449035371319 0.55636227202733 0.46454905489887 0.46436564669255 0.46472050092992 0.46682015815903 0.46648066042868 0.46689510210474 0.46702038640621 0.4675031728247 0.46759312878636 -0.74155980262605 -0.72493076313645 -0.56146048373433 -0.55753835668111 0.46638964026831 0.4661863445223 0.48163377497373 0.48218226355415 0.46555689437611 0.46545950729422 0.46516580079137 0.4652690322691 0.47925123400706 0.47947601788239 0.47886308861059 0.48683180686267 0.48673860533301 0.48700612955399 0.63901436354019 0.63812739821482 0.43741170773789 0.47067357963365 0.47053818068951 0.45969441208991 0.45968569439775 0.47092051441309 0.47102406910291 0.47252491082668 0.47263324801561 0.44303614637791 0.44996962984059 0.46432462540884 0.44693669598524 0.4466212880688 0.44673004266988 0.46851891563247 0.46835801234055 0.46861043967718 0.46395468180191 0.46997745824545 0.47283915636849 0.47299258907077 0.44584014461426 0.43262850385631 0.43283004475769 0.41933570802231 0.50844259461352 0.50966808013674 0.51230951792785 0.4901171318218 0.48977146514424 0.5147111344165 0.51599322423063 0.46061339256639 0.46096105218773 0.48962237410589 0.49008319559475 0.48986066822163 0.42955077933623 0.50444639328683 0.50398834925915 0.48427736295189 0.48402963843551 0.52634526840148 0.52461910286542 0.52663625767646 0.49631336448789 0.49600665799906 0.49039078208899 0.50030406426717 0.49985410165575 -0.76011829695113 -0.82544071260936 -0.80757548493944 0.48241245707091 0.48283368009431 0.48281269804203 0.45993785544438 0.45972620458789 -0.53899112710031 -0.54062972224238 -0.54125866452595 0.43557496337402 0.43542039738585 -0.53089538037868 -0.53117472357901 -0.53490090972502 -0.53593375465007 0.43241500966063 0.43224931422237 0.45105540062207 0.45091196195244 -0.52547226238948 -0.52562116579336 0.42103492848596 0.4209276007753 -0.52426327138199 -0.52447371849924 -0.52431270662984 -0.52595891539994 -0.5256537019926 0.42193460258483 0.42195188068077 0.42174113814764 -0.52729502620188 -0.53007588192999 0.45547247333508 0.45529436101336 -0.5421210405444 0.43254107351 0.43239800162458 0.41994832724 0.41984449331166 0.48093471914322 0.48101531197603 0.48122302526968 0.45691124485785 0.4567577293427 0.4792497689786 0.47909313270511 0.47892024764474 0.48126475085917 0.48133092670429 0.45150204734738 0.50765439768207 0.50750769932561 0.4795182517963 0.47977591217075 0.41403012756965 0.41409055096591 0.41398956253176 0.48039759071446 0.48067055780079 0.4165416351856 0.42709455006562 0.42700168444868 0.4793266677326 0.47901134356976 -0.54613486577475 -0.54232805220563 0.48427188973025 0.48452734414524 0.48443994111543 -0.58356299081783 -0.58660474328577 0.48580024639632 0.48577160811738 0.48556435494772 0.48405005503721 0.4838482915307 0.46256872778102 0.43863236434811 0.43845738683475 0.48307203356146 0.48324830854999 0.48316124602202 0.47999904302742 0.48023594273428 0.47939282677173 0.48338626560354 0.48359984359413 0.48336886215046 0.4464815522794 0.44625659122306 0.47978523460411 0.48007283487081 0.47993304649522 0.48473502255253 0.48489577380609 0.48483711012782 0.47878671791118 0.43620299878147 0.50667069543002 0.50695296826406 0.50646069081086 0.49053392131211 0.49090461156779 0.49102131940581 0.48720866277957 0.48712440475746 0.48271493550078 0.48249173866728 0.48214342265661 0.42369114673822 0.42344069885634 -0.56128926306425 -0.56296652222041 -0.56151067605227 0.52199684358121 0.52166850157407 0.42313609669204 0.42305869517888 0.52215739016167 0.52291079749736 0.52307672403108 0.57569098861788 0.57414504576704 0.5790833125984 0.50254246573999 0.50314592948256 0.50374213777211 0.49046415193493 0.48202333745621 0.48176083552493 0.60352254615089 0.60296675171195 0.60372944923924 0.60600042407651 0.78209308951783 0.71040842987497 -0.86109685695357 -0.8357217148665 -0.82623864753892 -0.88971581874255 -0.89869076077119 -0.71876752087889 -0.72427071816475 -0.72006022022688 -0.72331889016661 -0.58228289770796 -0.58726530401461 -0.58158998316695 -0.55339143396293 -0.55539343966153 -0.54937018074873 0.46734081563869 0.46724036559297 0.46747505670912 0.4706182070538 0.47100657147524 0.46913776718309 0.46954344359082 0.47291466373714 0.4732126234524 0.47630022975527 0.47588686189172 0.47616001606035 0.47426199876171 0.47399104567666 0.47475853369886 0.47461808809393 0.46581526105503 0.46574211568027 0.46584271129965 0.4780434016429 0.4779132614421 0.47786393934832 0.47794553711166 0.46592344050319 0.41743456760939 0.41717369122916 0.41679024212817 0.48403651383477 0.4845054734159 0.48434739160095 -0.53684162881782 -0.53717551990167 -0.53288409732903 -0.53153240604465 0.47726107134927 0.48619470048732 0.48624822938433 0.48579565029761 0.48457314654835 0.48663714889022 0.48642952808335 0.47982334577576 0.47869464045163 0.48402613566066 0.44399251358945 0.44396642331126 0.44405854469721 0.44414156657553 0.44917343611679 0.44922366261886 0.44902381091543 0.44983565386282 0.44986939637906 0.43983094486329 0.43971354673267 0.43999170338653 0.4402467923488 0.46233454867507 0.4625429674625 0.46332499388338 0.4380485108155 0.43781947712355 0.45252390574625 0.45235764511046 0.4527095468632 0.4529383595134 0.42325227994437 0.42303147188577 0.42325445624522 -0.62542145895693 -0.62459291717637 -0.63026219289582 -0.55647568434595 -0.55349743084991 0.47147295044828 0.47125172162072 0.47144296457366 0.4716745673589 0.47592528057269 0.47563584647793 0.47647169345887 0.47630325598364 0.46565723028863 0.46579743855743 0.46990544857327 0.47029063020627 0.48512932524008 0.48504310815409 0.484922155243 0.48617165733666 0.48624741049897 0.4754837726974 0.47560858390768 -0.53401847951434 -0.53664574245619 -0.53131906783085 -0.54024616611789 0.47447838899403 0.47489638429729 0.48838369584491 0.4891133459871 0.48864879343469 0.48494166586772 0.48490617149328 0.48505886609949 0.49302539075294 0.49242090052846 0.49219430387007 0.41084639495139 0.41086447952041 0.41105147064942 0.41486081148672 0.41496687238039 0.41509047991332 0.41398037085566 0.41385761549543 0.41378595049624 0.41183922551162 0.41164791324488 0.41194490288712 0.4964743406258 0.49645129108461 0.49597135718858 0.41454723963943 0.41469667007797 0.41733851249077 0.41721671752935 0.41371607341647 0.41415493136684 0.41409000233025 0.41420787558345 0.41198497366313 0.41196292973069 0.41185920909441 0.41465177583755 0.41473771521771 0.41530406031938 0.41538571273629 0.44507777246637 0.44521356433087 0.44119734529114 0.44135862995505 0.45861933464852 0.45823353622637 0.46214505142042 0.46223109826927 0.46259294378955 0.43488484832884 0.45377540342791 0.45383123611527 0.41880680445048 0.41886611103799 0.42934705011098 0.42503852569905 0.42478518718679 0.42502308921394 0.42769993667983 0.42785830514989 0.4276536747713 0.52847928941124 0.59933395523405 0.59335733661612 0.58954124509198 0.49198153949365 0.50552648255497 0.5711144251743 0.5022083462474 0.50136917402032 0.50758228708939 0.63446287256807 0.64327252469796 0.64776758673059 0.64177534771035 -0.84941934654066 -0.87501700955705 -0.60429261881722 -0.61402007419224 -0.5993044395524 -0.58989328957467 -0.61090897894983 -0.59122941575945 -0.53194595779396 -0.53170144846061 -0.53377837514576 0.4716505669295 0.4872836160343 0.48737575129878 0.48878250008875 0.48927173433698 0.48928271686578 0.44352808879365 0.44377401644374 0.45338421039993 0.45368647417825 0.45324293893958 0.44787912827612 0.44812248209697 0.44787226268098 0.45444546308005 0.45440777894896 0.45417839657838 0.446458646918 0.44418014182834 0.44447620534497 0.4443950500437 0.44517696739467 0.44475547981749 0.44960721289265 0.44977302729955 0.44053063430932 0.4507851729434 0.45133107635247 0.45067978642517 0.4375678061765 0.44279683419956 0.44290441962961 0.44334378943517 0.44332932973207 0.44318650645214 0.44438350047899 0.46122725623943 0.46143533231533 0.46719394865775 0.466969184919 0.45963107930519 0.45669125445577 0.45680484809102 0.45645290117267 0.45625228961788 0.45659392853692 0.43201892902201 0.43230511890514 0.43217641387034 0.45518892409759 0.45529858425094 0.4544802812557 0.45481928070286 0.45683254079008 0.45152113452633 0.45183406272855 0.44307074837931 0.44369713015759 0.45076692610491 0.44880574413107 0.44896615129784 0.44913708966404 0.45315974638158 0.42085215632673 0.42150689605602 0.42147366732743 0.42127688126751 0.42033267690304 0.42346158847394 0.42375099430822 0.41975934416061 0.41979086344337 0.41954757038483 0.4210356343532 0.41772544379253 0.41753524494162 0.41769548320084 0.41822471721011 0.41837864096364 0.4185237094524 0.41751409564856 0.41734151123479 0.41801674921264 0.41129118293358 0.41089092715099 0.41093258819269 0.41333469275567 0.41323400899283 0.48923332866518 0.41155597925122 0.41165697747722 0.42684987064357 0.42685977503292 0.50710684416965 0.50711057687151 0.52148716107307 0.52133516447553 0.50358370653046 0.4914163380933 0.60058849869247 0.60052134642756 0.56901464908743 0.55518738777516 0.56914227148991 -0.72697302745894 -0.81267664217412 -0.72555165972161 -0.87476872864867 -0.70965441636014 0.46714066571579 0.46595106770346 0.47204917203567 0.47232968864477 0.47763484007925 0.4863329526739 0.47900318558654 0.47933444037994 0.47819809364578 -0.53731997722295 -0.55681401972415 -0.5263912959905 -0.52657471181973 0.47937676015086 0.48206541913544 0.48205409780248 0.48457348273026 0.48487779677689 0.48479413439393 0.48818379745033 0.4882089109047 0.44390422320413 0.44395026472484 0.44058555666918 0.44088164398315 0.44966264086651 0.44934841913327 0.44963219747857 0.43957638785889 0.43965258756388 0.43641095123035 0.43664255070734 0.43880578456715 0.43904425543739 0.43930083764751 0.46309874643742 0.46281956477914 0.45219554495057 0.45230989746245 0.44411647510533 0.44419516226681 0.44431510139402 0.45315630401603 0.45349840464338 0.4649977970535 0.46496272352267 0.46459641018462 0.48430227985981 0.48401447750623 0.48422733396634 0.48935009151409 0.48982668952786 0.4838820018954 0.48378703827022 0.49119150915914 0.48463938744059 0.48358717219865 0.48358295543767 0.48286425842527 0.4941549844695 0.49341792016059 0.49362039862748 0.48754959131124 0.48761415612188 0.48786294333758 0.41616336408241 0.41627705492283 0.41647850543795 0.41363976688801 0.4134283647801 0.4135445269937 0.41223120617048 0.41726008744104 0.41483777516579 0.41612482950609 0.41604571691305 0.45727170214168 0.4575223892086 0.4568321207285 0.46312761833606 0.43339032428525 0.43328877063608 0.43351478561617 0.43890705062562 0.42804587699919 0.42824082549258 0.4281003033015 0.4316592275627 0.43177269309936 0.55764905248394 0.56537159908785 0.54181530386868 0.54022507118036 0.54338528082245 0.49948779551494 0.50374850421876 0.50444789959095 0.50667394357475 0.5201658562289 0.52113187956186 0.52074727319396 0.68474627511832 -0.70300447755098 -0.74405316007364 -0.71723741210467 -0.69987241507361 -0.70125506139028 -0.69559256826035 -0.66656372919292 -0.6646609719993 -0.6745086693135 0.46614066083669 0.46606727628454 0.46583232322005 0.4724064783159 0.47252657377131 0.47190196176444 0.44814492130762 0.44835558406428 0.4485870149482 0.44873721113297 0.43502055799053 0.4352022528563 0.43532689760429 0.43961669832252 0.439189523492 0.46195920124473 0.461903183874 0.46169728102531 0.46105888206785 0.46035454698315 0.46070491241673 0.45997393272229 0.46032594798977 0.43163242195651 0.43140013181292 0.43411712192518 0.4343860497866 0.42038443780789 0.41802862505037 0.41788261979375 0.4153962907161 0.41533521778506 0.41553822484147 -0.68272150288155 -0.67301642458327 0.42826165264687 0.42814178120025 0.4285980612271 0.42867057393284 0.42887940016834 0.42280244406517 0.42420053567088 0.52035042230325 0.5192113116178 0.53156882686123 0.53594173247939 0.53372804713508 0.48672405450837 0.48696868551647 0.4871307045224 0.50586954973055 0.50568219828252 0.50509741435354 -0.77678302676281 -0.70056980565033 0.44976387334142 0.4495357737206 0.44836218477696 0.4467455884699 0.44643455158525 0.44540626841509 0.44492503697873 -0.655540288441 -0.66028881478529 -0.52982813836044 -0.5294776839647 -0.52887386677573 0.46505286176557 0.46474304972874 0.4650653985017 0.46728975488305 0.46669561348377 0.48445859179095 0.47846422394271 0.4154743693854 0.41452983188926 0.41434845362508 0.43475170018078 0.43488369642931 0.4370978246539 0.43685586673183 0.54627257677652 0.54094008747422 0.54609653755935 0.58858371298836 0.59602782866645 0.66518486873444 0.67755204096583 -0.74331898992153 0.46541362451448 0.46558320051486 0.46529120470875 0.47325194228165 0.47357805876668 0.43755363160106 0.43772608519852 0.4379947565061 0.43878629745185 0.43110396955283 0.43051061914398 0.43096202811544 0.43385136186166 0.43385962227471 0.43246116283841 0.43298077207693 0.43309529830476 0.43237048738026 0.43269592871302 0.43462913266894 0.42077771991833 0.42114153875912 0.42070493857904 0.42290255182898 0.4231286324363 0.42327949613443 0.41698658334661 0.41693145991487 0.41707732720722 0.42678103538849 0.42847671429137 0.42847730177331 0.42741048096346 0.42759845765409 0.427802861708 0.42794661272937 0.42745130998867 0.42774386656489 0.42909600952716 0.42935106699882 0.42436843404245 0.42456649770386 0.42239282439588 0.42240590061953 0.42217691829751 0.52324220696699 0.49698595966685 0.49819546976127 0.49535553661048 0.48532317686168 0.47797514016172 0.68546744968484 -0.73644119672408 -0.71734338654081 -0.72543662477485 0.48937020586028 0.49029129575439 0.48382976737906 0.49175957171264 0.49165066936122 0.49274269647863 0.48003080980605 0.48829568374114 0.48210305995879 0.41398972820038 0.41379314019326 0.41383900920864 0.41689481676462 0.41693951218239 0.42118541634914 0.42092336506564 0.42697796734965 0.42730678373726 0.59366402357514 0.60429862296489 0.58220675372383 0.48645350061675 0.48143262663871 0.4883716416129 0.48839139761611 0.48795342428505 0.46804259264067 0.469653080897 0.46840411054755 0.41872261085972 0.41848936774409 0.41787796022686 0.41767695441541 0.41826803188525 0.42231427251745 0.42235096344799 0.42211480302027 0.42523144603088 -0.54889828471931 -0.54733427120398 0.4155766475416 0.42265887919735 0.422422205691 0.42257373600421 0.42291110900674 0.56954983154952 0.55085877660528 0.57221042696732 0.66161463743479 0.65660993473806 0.52864226666525 0.42240170619838 0.42215540229262 0.42718778760074 0.42764574950216 0.53749694116482 0.43376816039053 0.43417387324669 0.43381446049619 0.43436801957782 0.43300998094298 0.43660999338229 0.43612290558403 0.43442397450248 0.43455754030564 0.43456140640189 0.43490153246223 0.43573347620369 0.43521781529278 0.43677409073945 0.43706142541032 0.43336546911146 0.43376119360941 0.43987437159459 0.4396580815636 0.41336027721565 0.41342196688775 0.48607234380551 0.48623971088293 0.42455718636382 0.42444735357651 0.4249765909198 0.41565516067817 0.42843624724605 0.42869432297061 0.42844575795083 0.42888262405915 0.51287402983547 0.50631930192642 0.50660391020297 0.5166140844052 0.43116079324975 0.42927051815846 0.43102694201078 0.43076139296564 0.46879379399816 0.46869421215647 0.46820499197843 0.46636112406055 0.46438680045193 0.46422229434678 0.46422240791232 0.46318982283543 0.46384792013223 0.47486825115566 0.47520987060974 0.47487054198559 0.48319162346037 0.48348455836151 -0.52709712852606 -0.52763393375527 -0.52719185525889 -0.5265544820981 0.45894727844504 0.45969243109171 0.45858906341358 0.45795969379023 0.45766821557448 0.45663600207745 0.45628774182492 0.41284638651782 0.41293999179752 0.41279337539634 0.41390181562102 0.4141928013409 0.417161731102 0.41714859535865 0.41680674301974 0.42389391730241 0.42411430862519 0.42451678392292 0.67648180387555 0.6664691941374 0.65647246204971 0.60773899560164 0.61084477124088 0.60371389391419 0.75379529450886 0.7572250839415 0.72271689127654 0.71374799975414 0.70882584265068 0.71606337434185 -0.70975627649018 0.4727462411576 0.47269795397749 0.47251585896418 0.47129202377292 0.49437925622705 0.48751491324069 0.44789391659813 0.44785671901261 0.44715782287878 0.44696999696529 0.44703412059399 0.44716514308837 0.4467905081245 0.44724804594961 0.44753654234766 0.44733816712842 0.44315930878488 0.44339807097281 0.44294184210117 0.44373218271223 0.44387496930535 0.44372881975124 0.4459765584681 0.43664581916295 0.4359227770658 0.43732892323255 0.41771946044635 0.41811342282636 -0.54801413823571 -0.57831444670455 -0.55017006388046 0.48375165312941 0.48565636252731 0.48551204445206 0.48885306983261 0.52784095835683 0.52488657160014 0.50927556815279 0.50693658627066 0.52197375909399 0.52102165408655 0.50275461226452 0.50181616842342 0.50343848493043 0.50657089827731 0.41668046148764 0.41797204792161 0.41810590008971 0.42799368346651 0.43295444337303 0.4289127813304 0.42908027182633 0.43043186742851 0.4870237557716 0.48659441211416 0.48690828639493 0.4873350254334 0.49508562392939 0.49462457820107 0.44401655884639 0.44396580765818 0.43903027755556 0.43973566848713 0.43973612893722 0.56897922405335 0.57713210712457 0.41195979013183 0.41730589064555 0.43274632669612 0.43200899180827 0.43231460369388 0.42902446796898 0.42939288762218 0.42996871579203 0.42970010878123 0.43367323222774 0.43413495967863 0.42148883609874 0.4216993985711 0.4218881779296 0.4192331411269 0.41970540566329 0.42249340889644 0.42217099404679 0.42187749495314 0.42195597348235 0.42189466945209 0.42136661036921 0.42539182319675 0.42610556883868 0.42550945298077 0.44426647412569 0.44408769878949 0.44424453730412 0.44387730050102 0.44398572987035 0.44399075636306 0.42964469315437 0.43029641955283 0.45355938486102 0.4526735640581 0.453007142712 0.44170327118397 0.44195263373171 0.44250686970889 0.43017911062666 0.42986072844795 0.43029496208243 0.44575398861358 0.44576993550517 0.44645093043135 0.45388983906499 0.4538519232924 0.41267005711911 0.41226816107265 0.41245282705223 0.45500703675485 0.45479873467072 0.45512227150288 0.44349302173618 0.4436105120856 0.44362346472498 0.45573240581932 0.45593925431647 0.45555719890872 -0.53655209864988 -0.54839608833541 -0.44372180560745 -0.44553284733453 -0.45014364863509 -0.5406997067293 0.600209355361 0.62589166405541 0.632050734075 0.6221656529896 0.46563466982902 0.46558202820609 0.46543038202672 0.47445855630577 0.4740122863185 0.47408562688864 0.47304295516945 0.47359599847165 0.47364401389746 0.41619097801192 0.5048103737846 0.46540971328023 -0.62323364831099 -0.62693919776209 0.43657307556331 0.43594562232167 0.4364059151719 0.5977143427524 0.71454637426873 0.43838825125936 0.43862577267188 0.48616083143804 0.48310419657471 0.48347570315703 0.48359914461654 0.41307374966169 0.41315876206297 0.43186456569971 0.43209242918029 0.4651149384187 0.4652775759002 0.46548498273702 0.46527485519182 0.46802739308814 0.46517219731336 0.46564349973811 0.47289773658858 0.47331170154452 0.46407264021253 0.46497652408353 0.46152694643892 0.46562693130447 0.46227935544296 0.46281551934666 0.46358307477487 0.49356184245757 0.4911188642087 0.49201469990069 0.43543305113459 0.43577572187086 0.43744556356516 0.43757890703396 0.43794282681734 -0.54197870064948 0.46952433693334 0.47033455476412 0.46630765514277 0.46576092268376 0.42578159954754 0.42614874495393 0.42327409290615 0.4160219814956 0.42890167621879 0.43251459320753 0.43285830238415 0.44334129017531 0.44335037695675 0.44318678459384 0.43827583724947 0.43851570192799 0.43877454225909 -0.53101329431985 -0.53233303575308 -0.52528137989149 -0.52511480081209 -0.64322856181613 -0.68741720010803 -0.61350644974004 0.43755719151054 0.43802295723242 0.43819521096788 0.43150786969096 0.47082055013795 0.4172957687731 0.42143921403986 -0.52685492460686 -0.52627850131859 -0.52567972452457 -0.52514191928607 -0.52489223277317 0.4156251746241 0.41573001229735 0.41537284633655 0.41766779924648 0.41776932714687 0.41046754619406 0.41308009796807 0.41124885688024 0.41102900274087 0.41125346171226 0.41269117260192 0.41284031640642 0.41262806440182 0.41288912023629 0.41273682293223 0.41254437470311 0.41296070085767 0.41257689175032 0.41242794631875 0.41305088977812 0.41311610230438 0.41283969326391 0.41213555297002 0.41476564312312 0.41457282996093 0.41501159023579 0.4156968523956 0.41555361336426 0.41588840813975 0.50409319948814 0.50510384351113 0.48545634767396 0.48538254766314 0.50587227046522 0.50629403419153 0.50598954458436 0.59105328947235 0.58603216702573 0.5828148217564 0.62579673310731 0.60984427291814 0.62115378075386 0.53651850819568 0.52390034526826 0.53909462783194 0.53579425624477 0.43837886506633 0.43618290214715 0.43661549200892 0.43718624427237 0.43446330871046 0.44507845488076 0.44570685718255 0.43523589469834 0.4352177401068 0.44343879493278 0.4436178388608 0.4522133693482 0.45173225391911 0.45186642376068 0.44299591126981 0.43102217789073 0.4316168879401 0.43201115017575 0.41749027330648 0.42164090406881 0.41412629620903 0.41514489966628 0.41323864456223 0.41383776514239 0.41352155983516 0.4135764522129 0.41327811977089 0.41578957678442 0.41217785972395 0.41200921045968 0.41230881066541 0.4130295385296 0.41465566991653 0.4145051810638 0.4143469257321 0.41503513297873 0.41573597683747 0.49677444290323 0.49640932166793 0.51615473927896 0.51350272354291 0.50564614733429 0.5059682502403 0.52943954372693 0.52460005453251 0.5405330271483 0.54235504748085 0.6064344704553 0.43180837489538 0.43244905801431 0.51425087037306 0.51622641003348 0.51116991796837 0.57561533667728 0.58377024563968 0.56121109050653 0.54636300069215 0.43317846319637 0.41599925870405 0.41630196154657 0.41780465990327 0.41751075098395 0.41262156352725 0.41397687824243 0.41379920143977 0.41401509548786 0.41426693918843 0.41405402433048 0.58151701876531 0.61718187431745 0.62686219258743 0.42964658751326 0.4297228849879 0.43042152037186 0.41304258874475 0.41283942741366 0.55765617027379 0.57405942715214 0.54463969929628 0.5557349355815 0.63711632414573 0.56754048950979 0.51698611463231 0.51913454847314 0.52381742131689 0.53896326426698 0.68924205751221 0.64434672535149 0.52717324938667 0.5393779663505 0.64136529958528 0.64932593960634 0.62682282916609 0.54939063256731 0.51809109488127 0.51635593730332 0.51434446547553 0.52092545894385 0.64008116771391 0.66999361422054 0.62998206610089 0.56237270755705 0.58354767093842 0.60922271717743 0.59661103147159 0.53533652105335 0.59290554939807 0.549207648024 0.53317004229843 -0.68365704947156 -0.6380265894347 -0.66067754178841 0.45616695597787 0.45616424029151 0.45546129860323 0.45401536852621 0.45436729300081 0.45457101549959 0.44242951016233 0.44277211467362 0.44289103618865 0.44205528127591 0.44189999190279 0.44221966314339 0.44128303879772 0.44398016760063 0.44599354898838 0.44465608701461 0.45527549472417 0.45713499945963 0.45734767889632 0.45701120283329 0.45532211331818 0.45554797875454 0.45805721333986 0.45779128931286 0.45772790313786 0.45610657901229 0.45606578046711 0.45578966281409 0.45473268029888 0.45446680162867 0.45592193732163 0.45235341627251 0.45457109737601 0.45403650167332 0.4550717595755 0.45416486924431 0.45622988048139 0.45650537993842 0.45672867330121 0.45694635759931 0.4538523544761 0.45382873412247 0.43773431192547 0.43847179598752 0.43769605099041 0.4572660252524 0.4528065043852 0.4531625558463 0.4535347553616 0.46451906764851 0.46458115972188 0.4651309405181 0.45318542868432 0.45538435359883 0.45350447340892 0.45306972010288 0.45407307938356 0.45466202567284 0.45485889533528 0.45671382487039 0.45601307280375 0.45519263909542 0.45563073797705 0.45235526196824 0.4437714704866 0.44377021951695 0.44376242455896 0.44387059978533 0.44389568689682 0.44049972217605 0.44205427560069 0.44055684740681 0.45164776989722 0.44914584039638 0.44962955823104 0.44855009425759 0.44880570372928 0.44838421889009 0.4435896297823 0.44393644711734 0.44407282434164 0.44426357704707 0.44731426776312 0.44778226353476 0.44693563020147 0.44405003708389 0.44423395328943 0.45251276198041 0.45263183275324 0.45119931664957 0.45155730500128 0.48529589562308 0.49896506564748 0.44366041348235 0.44295527351697 0.44288435934942 0.44266556941057 0.45373041714751 0.44369448022658 0.44357121623981 0.44380711251539 0.44393846463798 0.44090620683749 0.4406474789363 0.44161086469224 0.44144570560578 0.44373111543425 0.44439845424176 0.44777089472477 0.44814416253196 0.44046916093199 0.44015529069482 0.4392605191307 0.43814230630032 0.43807473777017 0.43907647725749 0.45074500865979 0.45018957581212 0.44075127404838 0.43762068439269 0.43715667161299 0.44030937086382 0.44691936405198 0.44471205196562 0.44474089782448 0.44398412263122 0.44408534984592 0.44397279378649 0.44001845122279 0.49351019056329 0.42485172201698 0.42534197562575 0.42662470799038 0.42384109839818 0.42420800818927 0.4287662670124 0.42916276388676 0.42634709332109 0.42647459261388 0.4260181316548 0.50895220446082 0.50861505709572 0.50771927620896 0.50963167613635 0.42057467957314 0.42019535528036 0.42144547729191 0.4218632011383 0.42796955689949 0.42826080275646 0.47797280809262 0.47807549010757 0.4775211729051 0.43352132302716 0.43378078026679 0.43430828605968 0.43473963595142 -0.69427600620135 -0.70060994501534 -0.69794671213547 -0.64820226870541 -0.61994184289447 -0.69981088040221 0.49437437917262 0.49499229086381 0.46727716964802 0.41693667056557 0.41668855402884 0.41727921002992 0.41245201613527 0.27470941023345 0.28669833115644 0.27420310565491 0.48500056329496 0.48475801541961 0.47612640764866 0.47602539548287 0.47650056486966 0.4527763902347 0.43853974220737 0.4438440700989 0.41299046120029 0.41711690156206 0.41415162634225 0.5210790091964 0.46151614058981 0.46210119460981 0.45224933499017 0.44470751787687 0.45198375187337 0.45241638709601 0.45286146213078 0.49258526097537 0.49405479934348 0.49550471562086 0.4855889935701 0.48531239290936 0.45176613212363 0.44579137353319 0.4464257228026 0.41892724503826 0.41901363450813 0.41946591025056 0.42301322534482 0.422302294157 0.42231097997404 0.41889521022082 0.41801055989496 0.41830021034568 0.4754387515293 0.47572193922787 0.47548044563953 0.47689400298511 0.47698346704805 0.65109874607601 0.68570023260119 -0.65168838027165 -0.65844796014813 -0.6744283853045 0.41428037458837 0.41465694726124 0.41414035860603 0.41387132270309 0.41436527079991 0.41121691998292 0.41142821424397 0.41164176526724 0.41146785044661 0.41171734343706 0.41167360056588 0.44066554931511 0.45438618853361 0.45515658460495 0.45471606187365 0.41486389615729 0.41637489215027 0.54737949456289 0.5316396444486 0.52341669473571 0.5267444840495 0.4873828605636 0.48761096218639 0.48715876730178 0.48286779826114 0.5185937020008 0.5434164479267 0.42357475972204 0.42541537249132 0.50388135031691 0.50415863165232 0.4756225255843 0.47506389216891 0.47544383755106 0.42501981796945 0.42545415104545 -0.52468147547437 -0.52465679841201 -0.68995273733692 -0.65510692816884 -0.68480991303963 -0.68310200135896 -0.52643813048312 -0.52791981864737 -0.52754360521078 0.70948322246711 0.69232344610509 0.6922184889345 0.48570016000473 0.514565937261 0.50899969624272 0.51161451546249 0.51082003814728 0.44854706363457 0.46317286589253 0.46312081412907 0.46401532723213 0.44476943168387 0.44509008192695 0.43314984444109 0.43254086915035 0.44732391611302 0.44467051947224 0.44527169300948 0.44545231511766 0.46085304867127 0.4457436701923 0.44423920419987 0.50657574688237 0.51620262531106 0.51457482007917 0.49678487860091 0.49511069249963 0.50899163141213 0.42681858596357 0.42461741396845 0.42454825511358 0.4246096304841 0.50223391182408 0.46571520731428 0.46536751802087 0.4750475336366 0.47546310445497 0.47523647551073 0.42559777840765 0.42561150420575 0.42509872977102 0.42620771675138 0.42683444316072 0.42670259385956 0.42687910755425 -0.52469169352747 -0.52510160475745 -0.52486330296143 -0.51287250896596 -0.51481219006446 -0.51171901083977 -0.69126387343403 0.69701433814901 0.68940585879761 0.63335448272088 0.47071545057864 0.56524824865704 0.45000880975436 0.44909358108993 0.44894240601721 0.41322155404265 0.41331706356152 0.41276801184607 0.43656498894951 0.43575326871083 0.43649969084468 0.41550026522354 0.41525133924639 0.41579727128777 0.4584477659957 0.45735948893533 0.4578916084566 0.45062014415975 0.42357746928351 0.42412375424537 0.42454963029948 -0.52540801563308 -0.56739393106977 -0.56616895860121 -0.57125113859436 -0.53644834379051 -0.55375441305471 -0.54984485099946 0.42349227442395 0.68536414242432 0.63460128955686 -0.60597722091652 -0.58673413784329 -0.6049282447967 -0.53489810387394 0.41970657348828 0.41903991244895 0.41961080114276 -0.52787472306217 -0.52917366033546 -0.5285428926741 0.4186038851065 0.41984989614464 0.59806047410179 0.47998797060893 0.47450294622871 0.47474976275456 0.48760061846384 0.47715099347645 0.47762379259652 0.48738148478572 0.47500399708346 0.47466569656046 0.47442421967535 0.47412079628411 0.48072059839951 0.4738068919804 0.47426902359497 0.4758156625996 0.47237220843453 0.4735321702638 0.47612896940506 0.4769355649911 0.47075154860754 0.47577086655875 0.47487913689016 0.47553214771568 0.48872592496652 0.48780251952429 0.48857509302782 0.48968823404526 0.49166668031153 0.48515648765753 0.48549859395256 0.48566333202268 0.48677244615888 0.48014980454125 0.48132931290164 0.48152639535571 0.47457768150541 0.47406357592088 0.47433070350129 0.48659565219217 0.48670718243156 0.48691427662514 0.48278925759874 0.48593078536381 0.48616165460683 0.48623636871106 0.48857347908245 0.48394706883687 0.48461337741491 0.4864920956552 0.48731593595302 0.48760996751279 0.48719040216447 0.48746293563201 0.48670511674695 0.48828867382308 0.48795924345442 0.48391138354201 0.47804416577045 0.47635947041113 0.47773481728098 0.49795778326328 0.4880883387856 0.48889524717916 0.46538159812587 0.46494572107592 0.47345535096879 0.47130500365908 0.47167895306313 0.46310564132385 0.46395054642563 0.47500023739115 0.47556871644761 0.41230686957001 0.41262423205011 0.44958840304194 0.4199329503066 0.42233615497031 0.42240461720435 0.42159737249796 0.41503327006641 0.41530630158002 0.41556893310346 0.41594223490143 0.41745797918306 0.41741976005944 0.41795340047353 0.41134557245288 0.4112331378143 0.41130996052776 0.44836137931724 0.44984197473515 0.44898576328931 0.4114405320894 0.4114860951847 0.41134332121871 0.41110409340246 0.48182715984007 0.48287326936403 0.48399600075081 0.41040721544068 0.41042745074533 0.41066720127024 0.41170171634654 0.41197708950537 0.41236176148716 0.40822635114004 0.40911030731835 0.40834688092102 0.41210623822911 0.41088000287176 0.41091045093596 0.41028374112515 0.40979760985253 0.40989971996077 0.41077715308143 0.41077586830563 0.40876801246774 0.40906479196577 0.40926738856333 0.40798387173028 0.40905214420008 0.40831769520746 0.41038397542352 0.41003163429553 0.40985906550212 0.4101610011209 0.40978343805411 0.40993858282893 0.41054482653438 0.41068019490979 0.41048464151045 0.41041884787858 0.41026376701379 0.40948973595641 0.41024043928612 0.40899620039006 0.4094897402275 0.40986350104895 0.41382420647126 0.41350407867583 0.50691343974352 0.50711179952588 0.51172312178536 -0.53058629070213 -0.5300184220107 0.52608603193799 0.51298732233191 0.50903008454046 0.51217960874571 0.50683127653715 0.50597218693647 0.42460226658574 0.42568026352242 0.44467985927524 0.44646234988403 0.44608524386221 -0.67909075707433 -0.65168516058979 -0.66196866871712 -0.53126958810969 -0.53136920035466 -0.52885443391272 -0.53762470852243 -0.53317690737739 -0.54047525807531 0.41755798358853 0.41801315665575 0.42076226956364 0.42036618535747 0.41901872774736 0.55211682814143 0.53220339302849 0.51445044551388 0.51899135350462 0.4974603445063 0.487465399127 0.49024733110559 0.48703479581543 0.48705785890432 0.48683909534898 0.48782532342864 0.48741820357674 -0.46672171850098 -0.49872828113496 -0.52111299136549 0.49150691264964 0.49505770693743 0.47734916452277 0.47827223653421 0.47939763333677 0.47773701987979 0.4968070677204 0.49841600377977 0.50283638483036 0.50873885304868 0.50895172800772 0.41633144645171 0.41598472111992 0.41643239107703 0.44281478416769 0.44245909366521 0.44341727263578 0.42760165489834 0.42841108474744 0.42787608332932 0.45468031600151 0.45525330196816 0.45426864860546 0.44444923875669 0.44473704996448 0.41190853474054 0.41968941575985 0.4199527580068 0.41931633357379 0.42602397708426 0.42693782914252 0.42619407360244 0.41718436261838 0.41135646744711 0.41199908535943 0.4116311709906 0.41630125524568 0.51191498617125 -0.53356118393428 -0.5314401330335 0.51885912456297 0.52202586965337 0.50541321008165 0.50556853869384 0.50638118478321 0.42349925388445 0.4240729636977 -0.59050770207633 -0.52575340538056 -0.52659831640723 -0.63373709405697 -0.63027740216948 -0.6454916098954 0.41825545533965 0.41778993360322 0.45363058177351 0.45407515478748 0.4605456215404 0.46211501638705 0.46031567375463 0.51080204153879 0.51013706227576 0.50999443973025 0.50691995082113 0.50732189449573 -0.50681652908795 -0.44946018012694 -0.53202410787991 -0.62950246821565 -0.52390269665893 -0.52417764625751 -0.52396303352978 -0.5161166114426 -0.51765211516025 0.51582194309862 -0.51954847520233 0.45601561176416 0.42308953443673 0.42360398884546 0.45097865123076 0.44815804673478 0.44808785622451 0.44651944190624 0.45076320240543 0.45201308295699 0.42227154146639 0.42165713191042 0.42753803108556 0.44583531196283 0.44505313319757 0.44570231926521 0.42480192674914 0.42564509911899 0.42508594484685 0.41965784251715 0.42016674483806 0.41977099572538 0.43096552404169 0.43111948621084 0.43735325399483 0.43383346956272 0.43495214968811 0.43436247815852 0.48584037540578 0.48535876337491 0.48660748083731 0.47441551692755 0.40900741022197 0.40879751470371 0.40826500167681 0.41076942269667 0.48644100117601 0.48884700820762 0.48844538025051 0.42094105285855 0.42100038931355 0.4203409722847 -0.53249328867727 -0.53550315711257 0.41883432217642 0.42355878788974 0.42310368289655 0.42380360177767 0.41690790740767 0.41725619752411 0.41208029311886 0.41276328325975 0.41328019085556 0.41444094629388 0.41490750978704 -0.64194853200841 -0.52533187105249 -0.52496803562115 -0.53068965912099 -0.52464470927148 -0.52319023392957 -0.52316131399219 -0.5231098161772 -0.5282389364466 -0.5275015024506 -0.52906009223523 -0.52496798098001 -0.52551517687491 -0.52465060916012 -0.52450350352412 -0.53778555233454 -0.53278607880419 -0.53200679932677 -0.52832761498244 -0.52432919053853 -0.52434722876213 -0.52409829672271 -0.52432160278151 -0.52440078904153 -0.52497200870332 -0.52447955734747 -0.52572656882869 -0.5254368787674 -0.52431808150683 -0.52410878200193 -0.5238113225086 -0.52763404912241 -0.52645582010631 -0.52592743634161 -0.5249224538936 -0.52441447874384 -0.52564197606216 -0.52747336881364 -0.52655286431735 -0.52886453128417 -0.55302751893562 -0.55007218203533 -0.53001420752874 -0.53310244250833 0.44468036981261 0.4446424301918 0.44550325993539 0.41759314719234 0.41801298028283 0.4181748539337 0.45943707177311 0.46452736784998 0.47169843590941 0.46940954004981 -0.5188171252837 -0.52004056216651 -0.51677173680701 0.48623825119794 0.48087804664349 0.48134701850375 0.48334487173606 0.48823835435064 0.48967349490024 0.48711640803399 0.48683699945606 0.48952711143747 0.48926551828901 0.50524425327489 0.50394287371344 0.50596439260382 0.49071183458004 0.49216201532902 0.49135605947719 0.48628372164427 0.48610781674543 0.48587385408939 0.48649473673783 0.48873260681966 0.48817932539256 0.48909034577501 0.48941500503303 -0.5245673315714 -0.5241100918739 -0.52605453443431 -0.52934697258118 -0.52800562418073 -0.53054649253551 0.44391957721973 0.44356684394165 0.44401182659175 0.44444489320248 0.44448820489729 0.45721149427425 0.45826986044077 0.47406669936358 0.47262192658927 0.47303281195496 0.47625519776741 0.46244381965658 0.46319257210635 0.4751795334208 0.47434711041865 0.47360566566529 0.47194081243101 0.46451944631227 0.48713679249691 0.48725728440619 0.48768220287519 0.46852303465051 0.46947201199858 0.47036962067654 -0.59258894119314 -0.60546117207429 -0.55060297478137 -0.55089026717115 -0.55466487427137 -0.55421299917513 -0.5978324212608 -0.61392579144222 -0.58688434290898 0.47096814086062 0.4693124875672 0.47084677799614 0.4789155726235 0.47873530227675 0.48079239047241 0.4871664557581 0.48664431980185 0.48479488332045 0.48423835387868 -0.60469181882556 -0.53791670819138 -0.57552879239614 -0.56865592072955 0.48266399690107 0.49911740443295 -0.58419962759842 -0.56730048552677 -0.55686368811744 -0.57744027820594 -0.57722837407652 -0.61179674145331 -0.56463308093101 0.51289465182864 0.5140533598571 0.5120601116282 0.51159481170981 0.40932255501022 0.45289603168274 0.45590212299215 0.45655325132255 0.43698532844808 0.43875854587705 0.44428769093687 0.50955700800947 0.50805924931621 -0.53951436908293 -0.53943775938246 -0.54831604882909 0.42096857779141 0.42822356059864 0.43370602334204 0.43271208966468 0.4331715636331 0.43385563994886 0.43291385192429 0.44139193490264 0.44007426757765 0.43964633179237 0.40703493374514 0.40758802156634 0.40736525428965 0.40789421348209 0.40824814826439 0.4154221400669 0.4147196356188 0.4144723015371 -0.52349261021593 -0.52343993507441 -0.52332001484855 -0.52388557127261 -0.52387136525602 -0.52368281546915 -0.52374263838318 -0.52394708758049 -0.52412367350025 -0.52334778752026 -0.52347224017417 -0.5235569942369 0.42774551905855 0.42818631650652 0.42856434516432 0.4321187752502 0.43126655709965 0.43142887196152 0.45694771789573 0.4184617455559 0.41841757307827 0.42397973751221 -0.5399925610141 -0.52306935360483 -0.52307117703539 0.46092189887534 0.46181443162151 0.46130872073041 0.46788013392022 0.46846434615795 0.46706584590214 0.47851407334242 0.47671189286203 0.48601617872699 -0.56165490267728 -0.55978023808542 -0.5625584392372 -0.57007864432647 -0.56503205344753 -0.56402224995961 -0.55574989387813 -0.56488798842385 -0.56808979096667 0.45596229275106 0.45629839711394 0.45538206831816 0.4679490759129 0.44420961282979 0.44400219526577 0.50757189150764 0.50820704189104 0.50768281089004 0.42373212845891 0.42303078919653 0.4281019283491 0.42733094067994 0.43499070338865 0.43472416519729 0.43435820294742 0.43551945236306 0.43831847971347 0.437379891428 0.43756137789676 0.40946816054634 0.40997455556863 -0.52356076674155 -0.52366170608411 -0.52321183663819 0.46538882761705 0.46651377603663 0.46744930422582 -0.56416659338088 -0.55461356590994 -0.55987531661063 -0.53398161236842 -0.53179926098359 -0.5563841059708 0.45556984908251 0.45596930615214 0.45898823839147 0.46054984255479 0.4305535661041 0.42990939256478 0.43001759049573 0.43196922767535 0.43268166995913 0.40832505800018 0.40875250678109 0.41076566471562 0.41009950318854 0.41065898158691 0.40420798950626 0.40367165358316 0.4032507728141 0.41031995453415 0.410112637375 0.4095836572577 -0.55686283385304 -0.56214077629475 -0.55856611976616 0.48936866846774 0.49047259549206 0.49088091553185 0.4885512061177 0.48768558774328 0.48812413316426 0.50284215007228 0.50364962570337 0.50233085826629 0.50684783864413 0.50719017327339 -0.548678482359 0.51130264819239 0.42888426932122 0.42949919515185 0.42905567298245 0.48614766882966 0.48572707144622 0.48381857510393 0.48466080573499 0.48471236324408 -0.54825382317862 0.40845150134557 0.41279998150895 0.41357674588951 0.41316663503588 0.41650703990114 0.41621006902476 0.41337873014851 0.41173678894638 0.41182683168766 0.41118007902071 0.41699076124122 0.41716937688584 0.41779184573804 0.41831378085134 0.44796371071912 0.44944320738272 0.44492908532633 0.44565575894494 0.44569482805534 0.42652121065386 0.422188473887 0.43052042458808 0.43129228060716 -0.52377783089506 -0.52345321594471 0.4642524288031 0.46439268094485 0.46374831506547 -0.52315299973873 0.46537032068141 0.46566790658775 0.46614779420325 0.45714280924975 0.45757360163211 0.45784247317276 0.45969904107911 0.46135330556383 0.48758586621565 0.48714251743276 0.44361701001994 0.44440896095393 0.44294016194879 0.45610687839849 0.45568421821533 0.45634731739114 0.48664002858469 0.48609943825832 0.48600077433029 -0.5429403375017 -0.54208225009576 -0.54124674600035 -0.53831749268456 -0.53454078758712 -0.54689036646353 -0.5311846047088 -0.55624209068956 0.41991346974076 0.41939029349421 0.41943795273063 0.44840168824188 0.44716260258132 0.44625911964343 0.49952627028828 0.50273219963696 0.50178742106825 -0.51899459084374 -0.5142793791851 -0.51640950733722 -0.56269768501732 -0.56022148655456 -0.55942845293893 -0.56040725848728 -0.53940688919193 -0.54211556288783 -0.55734943033875 -0.55835115086598 -0.55900658309834 0.41229338523097 0.41252123301491 0.41306212781884 0.40460401097743 0.40516076617568 0.40764389119331 0.41854343197153 0.42455797400755 0.42641707134168 0.42712540320059 0.42721156313022 0.42874852790846 0.43796718483454 0.43725364971021 0.43656070120272 -0.51935547114586 -0.52301743594756 -0.52144647959383 -0.5206943838084 0.48619307713584 0.42224646784837 0.42283264254093 0.42282662692102 0.48041102504665 0.48178507414949 0.48144527829238 0.47032012501086 0.48868524976996 0.48907576281222 0.48909415402227 0.48830962156053 0.48864108184746 -0.55756853891064 -0.55744616717865 -0.54900307049706 -0.55346695389512 0.4640302906232 0.46984141430644 0.46824592736191 -0.5376265655375 -0.54067143397922 0.41600950557615 0.41675848133816 0.42848730837684 0.42901126227304 0.42849152938776 0.42696500920532 0.42725770226906 0.42767761096314 0.42846553174778 0.42884024758204 0.4293638786833 0.42093727042448 0.42029836452035 0.42249079774621 0.42269345083502 0.42355549779184 0.42741763464617 0.42531124656093 0.4247549084721 0.42429955438348 0.42706861270927 0.42721879298747 0.42792204443823 0.42626828081366 0.42556330509709 0.42656936611494 0.42888207278134 0.42811618762602 0.42814768331047 0.42617271518343 0.42692467077357 0.42713706505243 0.4261057827655 0.42568587047604 0.42512851358342 0.42597893740552 0.42722260105025 0.42799021261256 -0.51109283528317 -0.51464472750874 -0.51257338721788 0.46159034236037 0.41957252492465 0.48307257276613 0.49019908561489 0.49420633331489 0.41719010003102 0.42089594842216 0.42352206169183 0.42329390271677 0.4239608092995 0.42138893062873 0.42178587725155 0.4211526774004 0.42352744860702 0.42404933899419 0.42197507325605 0.42264039310189 0.42259940753844 0.43117957982624 0.43150011417644 0.43218093026646 0.42724147532865 0.42653079830569 -0.45044732749345 -0.48906196429651 0.4424454053115 0.41860474156125 0.41909959869462 0.49005032813093 0.49016201325186 0.45763652989634 0.45695700126498 0.45636442344913 0.5055942190932 0.50691358183058 0.50726228773804 0.44783804123104 0.44787629305009 0.44923232034895 0.44661311467255 0.47164286578346 0.47331023645322 0.46460421993782 0.48334472300387 0.48440436644618 0.48423408243997 0.47505527245398 0.48234370524616 0.48102144541773 0.48227894518105 0.47919169815805 0.47957037136833 0.48467986342509 0.48333001642721 0.48166261226697 0.4847924365132 0.48530011522127 0.48662017611647 0.48550155511441 0.4850054113219 0.48612250573395 0.48363298170465 0.48684672903349 0.48735447230099 0.51152550943672 0.5131228516209 0.50826899899128 0.44345702380422 0.4419708730438 0.44283310328239 0.44213858300412 0.44636579345161 0.44043333426037 0.43997273236072 0.43920384219911 0.43354853689576 0.43258292461725 0.43360986127332 0.44434807104383 0.44288605594353 0.44310950424923 0.44241183907243 0.44197052661012 0.44127571159936 0.45741967718005 0.45736553383001 0.45671641573829 0.4568185030757 0.4564463312818 0.45057585657436 0.4412485375075 0.44174332914135 0.44078750921464 0.44102066699298 0.44016654704305 0.44087850082457 0.44193648928393 0.45912760762807 0.45878601350907 0.45995106910687 0.447603794572 0.44374567972215 0.44330311375353 0.44270857424745 0.44340180055928 0.44914620970883 0.44762760750643 0.44869017946261 0.45051377499221 0.4504523159917 0.44196195353734 0.44109451429372 0.43979560689411 0.44080416445599 0.44161978571611 0.45037924787111 0.44925605668063 0.44921306107166 0.43926580032111 0.43936092634004 0.43999753554229 0.43888391218906 0.43925171880421 0.43842673372302 0.43720444926161 0.43583520797396 0.43521403663077 0.43670949498896 0.43568679645114 0.44301591278449 0.44403309263547 0.44385118114004 0.44221906466763 0.44236605020758 0.43456848986942 0.43562276455522 0.44047013521302 0.43503678726676 0.42780434943472 0.42726441642101 0.42635776820242 0.47679423482656 0.47740061642738 0.47951969207078 0.50091715469731 0.50175406089308 0.50246546632917 0.44982760532369 0.45100049423902 0.4491321497835 0.43860684812737 0.4370790483567 0.43673321515195 0.4355109801799 0.4248050264178 0.42388905130256 0.42404338829371 0.43643102990383 0.43718579509657 0.50491690128728 0.43982568943598 0.43998200161977 0.4387084649093 0.41754700248779 0.41783546258376 0.41858607625453 0.44130493307616 0.44077492574798 0.44051916855419 0.43171833300268 0.43257571167652 0.43253470728322 0.43247713756842 0.43337608336768 0.43455183641968 0.43377927132106 0.43454402790385 0.43194212081137 0.43299506844912 0.43308397373872 0.43538863824458 0.43432787802183 0.43452852602497 0.43105296456236 0.43348182505763 0.43771584613533 0.4344269928359 0.43335162071171 0.43029941656521 0.43134141212573 0.43071910271842 0.43004933991447 0.43075646616207 0.42863396825022 0.42901381123734 0.4296814929697 0.43053870638227 0.43010085494095 0.43061868903834 0.4315973578437 0.42178015717271 0.42164270980761 0.42119757816582 0.41678625012965 0.41635831454637 0.41697101773151 -0.55239373067194 -0.55434895101012 -0.55110842094745 0.43867984254304 0.43745543552236 0.43765892281215 0.42968530125464 0.42969864791093 0.42950674558251 0.42884147909473 0.4285882747154 0.45589182575986 0.45503104751645 0.45498235263306 0.41556137239964 0.41555518358706 0.4149531812395 0.45435123367293 0.45347127365182 0.45424484219012 -0.54977073272119 -0.54172992784274 -0.54548073352365 -0.53671327870789 -0.52935821617324 0.45143691758031 0.45153319482518 -0.5519736053844 0.45666655160431 0.45711488301224 0.45480011678675 0.45446061318254 0.45396993979301 0.45380755574885 0.45461468209184 0.49103523768652 0.49245321912555 0.41102557261683 0.41035435849446 0.41087515468658 0.49970406776034 0.49813484443146 0.49868839515149 0.50280335738859 0.50331555126406 0.42541924820292 0.42524302898612 0.46301041118066 0.46042245768104 0.46090326150349 0.46387126933252 0.4629063093927 0.46324328580496 0.46959572507978 0.47172691265108 0.47178507650798 0.46526936086774 0.46582221449068 0.46660408402213 0.46663658731262 0.4675043180771 -0.56052195537831 0.4144520700907 0.41444786063543 -0.56218040951953 0.43165686319866 0.43925952239659 0.49715766472055 0.49816735229224 0.46954812110092 0.46299365840254 0.46645556291031 0.45038831477126 0.45158941975597 0.45049083399876 0.41060119857453 0.41052549339347 0.409191880279 -0.56799683352461 0.55150704987834 0.52247876458605 0.51557128646659 0.41393936447721 0.41445378190047 0.41534162621656 0.41493854685434 0.41476613408588 0.45438415477158 0.45465379516604 0.45258315894254 0.45351772683645 0.45253406549893 0.4517986156432 0.45036430847006 0.45155388794896 0.45146722483461 0.45322994413544 0.45319536481852 0.45223700710578 0.4574640353102 0.45810628202799 0.45828394058391 0.45287172306764 0.45273717333647 0.45188254130428 0.44706496541553 0.44638871844724 0.45337076693731 0.45406037106267 0.44861837997776 0.46488073406339 0.46423704382538 0.46333177012499 0.46279713012988 0.46185577174109 0.47914806288985 0.46250611092963 0.46186500165407 0.46520584056399 0.46698902710868 0.46772835066659 0.47763508202044 0.47725654239327 0.47574079829457 0.47404829217693 0.49456906480986 0.49263537960268 0.49500487735912 0.47187515912581 0.47350301017076 0.47543375288464 0.46095393216366 0.46098501237561 0.46355006893733 0.46181602674618 0.4756449142535 0.47208927074014 0.47531743608387 0.48263803504082 0.48192178961757 0.47974204685103 0.48134774868619 0.48218675800403 0.47598890199342 0.47396498725482 0.47579766449393 0.46198053022926 0.48611202318415 0.48712731096841 0.46133908775522 0.45923737035539 0.45830835584722 0.45995801894057 0.45868318537865 0.45718056407131 0.45643822589104 0.45687946816212 0.4598469608006 0.45943314325098 0.45891142640422 0.466355538237 0.46733664530619 0.45751731045747 0.4587041224884 0.45906497929032 0.45964392515275 0.46069122521412 0.46030706960787 0.45854231380792 0.45798902622947 0.40630340378086 0.4050761907173 0.40572401585361 0.40621694887459 0.40573148939092 0.48796583308979 0.48818161389216 0.48788241030649 0.48985306291022 0.48940029790166 0.489947829005 0.49611711292072 0.4965380264411 0.49153337957624 0.49289180960747 0.49142763411432 0.49142473310019 0.45662699962959 0.4578223585045 0.50434652438836 0.50158155455346 0.49571699705903 0.49676683274972 -0.55801938958775 -0.5601337681539 0.41878779186353 0.41924462689596 0.5006115726153 0.492530653989 0.50372862700724 0.5057355886721 0.48595354789419 0.45392442221066 0.45473866522187 0.43669864952499 0.46060636483289 0.46194476371715 0.41125435572314 0.41128318431014 0.41236101131178 0.50534100927936 0.49594477810167 0.4949601202789 0.49380629729823 -0.52301691825351 0.44661186034057 0.44698550637248 0.44555714183203 0.49986502827109 0.50021514869359 0.50441581221393 0.50402106462564 0.42432781007881 0.42342068162559 0.4253274918658 0.42465828713262 0.44863635063229 0.40799420347925 0.40725111593351 0.44662801169073 0.44465027815785 0.41562435219833 0.41524341545068 0.41549232365352 0.41925170814566 0.41982832526464 0.41947540764276 0.41960284467187 0.41911907468369 0.41859866969449 0.41874929079597 0.41622233253783 0.41568096629245 0.41602976579181 0.418762556865 0.41910233736302 0.47365632334246 0.47681373581695 -0.55276815528199 -0.55590887403456 0.51055206834389 0.50956971649522 0.5090374878608 0.44386235037823 0.44401016457906 0.4430597596679 0.44248562337608 0.44228590753661 0.43210141427482 0.42402247709528 0.42329507189769 0.48686725118333 0.48796526612622 0.48793594543417 0.40744502481059 0.40766749781595 0.40667061096762 0.41022452097859 0.41098057998615 0.41131443881889 0.41203317020035 0.41262420083831 0.411540997229 0.4122007872603 0.41378325458306 0.41416407345394 0.41709525236832 0.41668962800743 0.41727871767252 0.44653162792594 0.4475264638469 0.44622832046408 0.45290786000228 0.45271806300579 0.451931607693 0.44505178392362 0.44597294007224 0.45243982945329 0.45286547901236 0.45160978162813 0.47179889252922 0.46989802343628 0.46749645191685 0.46504839528115 0.46401846864513 0.4590262290636 0.45833347451308 0.46344987845401 0.45901849686086 0.45874948686322 0.45962258162352 0.46080595761576 0.41766009197722 0.41805719720548 0.45762183951501 0.45796981666898 0.46114532691727 0.49572266841839 0.49287759168331 0.4131000256592 0.43174756298884 0.4307954099798 0.43923766796413 0.44001299335701 0.41411207937117 0.41363009382399 0.49079849592181 0.50388014455997 0.44172475269812 0.44264059835451 0.44316535430131 0.4214909736884 0.4225349740319 0.42209265615897 0.4551714702737 0.45570512622989 0.4999123581369 0.50026704247162 0.49794712206607 -0.54488763162463 0.5006046971916 0.50051904657501 0.50188688600024 0.48969398392218 0.49581281364801 0.49467636494249 0.46435067033899 0.47196486498435 0.50140119455408 0.50082560763922 0.47657048374781 0.47722184348044 0.42165956464505 0.42178569227994 0.42120886539695 0.41097072923416 0.4102145965657 0.41098878587271 0.50033462615059 0.50191703897703 0.40636963197453 0.40528991140309 0.40591735688029 0.45292841235102 0.43966397825974 0.42269665780999 0.42779498164321 0.42880059654581 0.45467006317779 0.45366207434278 0.45287132720501 0.45345748786441 0.49043247277675 -0.55680188330532 0.49790168005737 0.45286867107258 0.45264179370366 -0.52925902021758 0.43471742498775 0.43549836416316 0.4337625561436 0.42440428942209 0.42309453618964 0.42300973916861 0.41729838851257 0.41800106737425 0.41754162824774 0.45946951434075 -0.51101579775869 0.4531780324993 0.45200693577542 0.45240138572005 0.40968375654955 0.41466368285884 0.41404911562339 0.41476917862217 0.41142857381637 0.41164596623582 0.41222093088298 0.41319677298205 0.41357628782194 0.41282144061454 0.41129213205062 0.41073974116398 0.41116814921479 0.41259403874175 0.41301363050498 0.41362765333584 0.41353770518692 0.41527049438925 0.41595943208368 0.4158411868653 0.4141656481792 0.41456069612793 0.44419828729802 0.49258202856762 0.50010147169006 0.44903938621335 0.49875789865663 0.42981413580226 0.42973273475421 0.45264451959712 0.4516351958609 0.45214596109581 0.45071831343176 0.4548128603767 0.44212866040063 0.4491608144882 0.50294217959319 0.50339146980094 0.50437919558835 0.45213386025405 0.44690043365844 0.44559290974259 0.4561390670766 0.45562917358893 0.45613168492144 0.47010605246373 0.4740154157472 0.49465232200131 0.49574884409894 0.4967011961949 0.49365492125908 0.50096895425627 0.49979915282845 0.44231427451685 0.4434239149927 0.45349356630518 0.45429172814456 0.45495686886341 0.45493139216265 0.45494642519275 0.45343427217738 0.45536202906061 0.45547104391941 0.45487029379342 0.44794369345959 0.45626152417055 0.45369719772801 0.45613031107716 0.45598186040831 0.45683240463742 0.45023417971689 0.45062554910973 0.42966842074545 0.45338176768841 0.45425656518396 0.44959440264661 0.42407338306865 0.42508872703242 0.45118885323232 0.45140741289411 0.4572575301198 0.45644865332442 0.45810693631228 0.44475049768016 0.4964797677807 0.49671863144545 0.43266493367418 0.43358526716512 0.4856450676462 0.47727915328898 0.45602789044047 0.45547897839787 0.45818518566955 0.45772430902917 0.40909556429514 0.40909869417025 0.43943472471284 0.45421191268822 0.4959697954611 0.49737985928785 0.4908444017262 0.49074624152292 0.42633850141508 0.425691180007 0.49779649687021 0.49649000689484 0.49673351195262 0.45486454690337 0.45580645705559 0.49215144066213 0.49280942766801 0.49390509689575 0.45447129280541 0.45827022929068 0.45702616440722 0.41762220837741 0.43516964903 0.43622536278368 0.43746440792909 0.40717654049376 0.40820614060515 0.41019505529272 0.41344395268151 0.41611433991752 -0.52218230427487 -0.52475124489867 -0.51903492565876 0.42273967112697 0.42277701301457 0.4218614501014 0.43982503614582 0.44036479677136 0.40894653187438 0.40981434150881 0.40905835367227 0.40954292327468 0.41177969902634 0.41197852211248 0.41152847990508 0.41578228341392 0.41503442365173 0.41533284447918 0.47811910615221 0.48114845491174 0.49924177031109 0.49907776292502 0.50033066867307 0.40896755530612 0.40811491256335 0.40875391786037 0.41046164234052 0.40997300401186 0.41268522653486 0.41462638665796 0.41439577298613 0.41487906712388 0.41208652544383 0.41232742310458 0.41117045921172 0.41155331698162 0.41170765790514 0.41529039332635 0.41506442396491 0.4178434546195 0.41844860833235 0.48238722620352 0.48475043469118 0.40732840940131 0.40838785913528 0.40937223569482 0.41014411293134 0.41429348724095 0.41407264619715 0.41464071280126 0.41405017474254 0.41352442111099 0.41081806838101 0.41096611071856 0.40955765834921 0.41117369943681 0.4104981017963 0.41065645815394 0.4141868830071 0.41497467411031 0.41431275605806 0.41315499789495 0.41270202952253 0.41328515290593 0.41634201178731 0.4167614882827 0.41392511096677 0.41340535828966 0.41406903601132 0.41482864002462 0.41559789950897 0.41624439610863 0.41513655008303 0.41570182527057 0.45054657546566 0.44991023312532 0.40924549900618 0.40901998620906 0.40855540410941 0.4082503706622 0.41268147979371 0.41225145344171 0.41284485716053 0.412183558023 0.41206669355364 0.40752284908417 0.40827994738107 0.40979997875081 0.40914949766006 0.4117223150756 0.41087135789924 0.41041198204846 0.41096922882462 0.41426032992899 0.41361608416541 0.41664229613097 0.41731396998149 0.40645434071311 0.40671388699356 0.40737527206031 0.40786851056906 0.41240190129339 0.41290070196303 0.41272237143615 0.41623347261428 0.41572074664109 0.40760642865312 0.40703228544193 0.40668596168678 0.41216462644823 0.41065460771018 0.41540765878268 0.41618499545524 0.41561684364133 0.41695092079237 0.41676212501398 0.41837397131044 0.41806687481876 0.41838153749187 0.41859934823304 0.41017208456765 0.41023521252321 0.41078901564324 0.41309608410884 0.41318237721191 0.41363755504891 0.41749298840207 0.41669456704481 0.4171049483441 0.41751870971159 0.41679395858853 0.4218081739425 0.42088571312576 0.42099716839974 0.42023932902862 0.42017531577575 0.41965574499896 0.41833250216992 0.4151895325816 0.41468452519004 0.41546863157228 0.41385339988462 0.41434083705847 0.41853510806563 0.41791546300786 0.41801973623583 0.42243695281148 0.42307358018362 0.41680180038968 0.41608259995999 0.41268040491821 0.41222616155286 0.41243506585598 0.41292801106291 0.41408438478932 0.41338501517939 0.41530805867154 0.41442315133651 0.41476668538981 0.43196587056216 0.43003175560022 0.43104655658356 0.41296795895088 0.4121209791916 0.40855609806504 0.41359826618955 0.49429539553349 0.41823191519368 0.41187365032901 0.41318598725988 0.41157797692679 0.4110331299298 0.41034459994034 0.4107977168695 0.41135550838958 0.41348129339847 0.41381510280529 0.41195261700045 0.4115525921845 0.41134068216786 0.41106293584576 0.40996806718958 0.40942580823355 0.40976722609242 0.41174658280715 0.41183125708365 0.4134845763362 0.41199996091396 0.49629159795993 0.41149776296151 0.41204367646503 0.41281293414998 0.40973823933447 0.40958852582264 0.50609960054345 0.42063369083298 0.42051176797421 0.48800206434546 0.41126904155959 0.41043583638341 0.4096530744148 0.40855905267806 0.40660020619893 -0.55563366272501 0.4991492552744 0.40639557829603 0.40751256256122 0.50191885607428 0.50203929233891 0.4271291841347 0.40850756408245 -0.43598609360222 -0.48322638808134 -0.51273962412206 0.4848924844712 0.48556683893375 0.49913814587056 0.4205021934062 0.419424279736 0.50200223627308 -0.54103260434612 0.44162628912509 0.42981533394238 0.42923206335549 0.42795312043637 0.42596161454956 0.42435350854148 0.42459194620713 0.42196014077757 0.42276141479018 0.42205804671073 0.42520297849304 0.42574456508159 0.4204523476246 0.42453894928406 0.42480032539146 0.42451715550681 0.42535956429106 0.42558498030644 0.42430503611755 0.42373674183353 0.42565314618379 0.42492252383295 0.42836413056242 0.4244569807641 0.42439099620802 0.42283366537601 0.42067089161207 0.41990337376619 0.42038264075037 0.41952621063773 0.41979755753392 0.42133462244101 0.42129779160235 0.42304231263571 0.42367908182477 0.42328836466774 0.41932012252295 0.41949850967933 0.41881293593248 0.4181106032342 0.41823763599068 0.41937959926556 0.41880196729848 0.41975931860883 0.41914406964367 0.41792393065454 0.4186896377415 0.41818488974817 0.42097290826013 0.42164305770494 0.424740708567 0.42413335577556 0.42962231832232 0.48928076337853 0.41694086802395 -0.53362878589962 0.45707316304623 0.45046459093322 0.41573019781704 0.41609932224938 0.41634954570844 0.42121133038932 0.42185974928655 0.42944783652586 0.42794144153451 0.42244534191375 0.42015918092292 0.41929877003863 0.41898989264226 0.41825407217093 0.41769838164036 0.41742378778765 0.4205599219776 0.42045251336722 0.42116822255289 0.41903218998504 0.41166209680972 0.44446567565787 0.44802157237032 0.43095275313426 0.43106141284266 0.42318725296495 0.42383068257112 0.42184537314953 0.43032063873292 0.43268642691397 0.443047980004 0.43146806709044 -0.53040293869205 -0.47868849849223 0.49512772748395 0.49333539306192 0.49390255468023 -0.50710289953777 -0.51990202036931 0.42989568740837 -0.53490511256548 -0.5409537972345 0.49654433941005 0.49750766399292 0.42814547110449 0.42893863441241 0.44988756882803 0.45131409830938 0.45076931533024 0.41258238170985 0.41260104230791 0.41266495276766 0.41856735318284 0.41909725648694 0.4167192321404 0.4177417949943 0.41914570090239 0.42040227738608 0.41637187283663 0.41430127731006 0.41461341928885 0.42077907095385 0.41795860677029 0.42267384460264 0.42244866494242 0.44103637374125 0.44288306009399 0.42259409979127 0.42233080701913 0.42429884127278 0.40764092136588 0.40731098492224 0.40752487134995 0.40584241353364 0.40670391188488 0.4045600109705 0.40445080251454 0.40116028347375 0.40024820609868 0.40227635248093 0.49950574759167 0.42043070359522 0.42081501321091 0.49607372548591 0.49789293870207 0.4499307626904 0.49881192518084 0.49843436157136 0.4161387283491 0.41632682204369 0.41704232291926 0.49792435696825 0.41996381511997 0.40684709818924 0.40769301311632 0.40691269510233 0.48895530588704 0.4904479530166 0.42626565442747 0.42651405772672 0.40560295878244 0.40633681284036 0.39845631840735 0.39908308865288 0.3970239233231 0.40521773822978 0.40387020790576 0.40802942567282 0.41071117865678 0.40730008090693 0.40147644518639 0.3999613890464 0.43150617831951 0.43348415127166 0.44784608713385 0.44697222202885 0.42587147073822 0.40342925570733 0.40400044341304 0.40187923010028 0.4025116786432 -0.52262204236725 0.4059417460664 0.40677397938025 0.4063998849766 0.40865650864431 0.47795116968561 -0.52682251227993 -0.52476550972787 -0.51874942267213 0.43839105035986 0.43706708390884 0.43942608065032 0.40402126735874 0.42565605555926 0.44572635780241 0.44401903075629 0.44307319929956 0.4987934855288 0.49846388283871 0.49971503479117 0.40820817232465 0.41006393030122 0.4900429386091 0.49069990365029 0.49044817609052 0.4962892820449 0.44482338289973 0.44250820735386 0.45193935044229 0.4523787393777 -0.47737241129898 -0.50569968274476 0.41502943800137 0.42143582071812 0.50047635055809 0.45136018785403 0.41806777476713 0.41932579304108 0.34369933333922 0.46170524337705 0.48170924915508 0.48448579284843 0.47895384443438 0.4045745264541 0.4040352058237 0.40338507318253 0.40749775481848 0.49475862361529 0.49547237888355 0.48727266007968 0.48794636120419 0.48965440534657 0.42665514583458 0.41321602154738 0.41413136673361 0.41239278636799 0.40572622694753 0.44929024536232 0.4502549633719 0.49305716106742 0.49107885277577 0.48486904685916 0.43349389013348 0.43294272946604 0.48880802960102 0.4905960723197 0.49010752024592 0.49461629134269 0.44061065522394 0.44206546139198 0.41280575891086 0.41111837797045 0.41150439823473 0.49368463039157 0.4051864495449 0.40580659931656 0.40628208164766 0.429502605498 0.42669746241503 0.42696475288877 0.47055341416993 0.46454007863233 0.4973293832428 0.41724877159333 0.41849876490869 0.41847030608634 0.40576353816913 0.40551629663176 0.40496165278325 0.39964772331541 0.39862145831743 0.40135432608349 0.40502235145551 0.40615318913163 0.4053588726402 0.41391360944286 0.41425523736652 0.41183107079736 0.41454840158613 0.49159379456143 0.48909442803176 0.43816960263433 0.43965479682857 0.43652317787318 0.49826814703086 0.40718097149535 0.39612308914925 0.39759534404092 0.40381668179903 0.40518086720584 0.40604998496619 0.40417735248324 0.40322325218243 0.40659592294389 0.39447148252236 0.39365776867827 0.40316896356785 0.40164519235545 0.40085922349212 -0.50679274987098 -0.50748529192577 0.40560414029158 0.40373426562452 0.41606670413888 -0.52018272719826 -0.54705716840917 0.43864810422185 0.48773216039922 0.48641739725342 -0.5230887824667 0.41432132673623 0.49148633755875 0.41943016243062 0.42075040114988 0.49318941764671 0.3971380384525 0.39890918075389 0.39961469480693 0.43934236831549 0.41105147379573 0.44843871529499 -0.51773305406344 0.40450081963946 0.40189763146795 0.49627999107279 0.47292351866664 0.47609727171807 0.47911903833364 0.39370212509756 0.39217606230576 0.39396518331764 -0.49391574959571 -0.48596179598482 -0.48626451662849 0.49201303570779 0.48409946901294 0.48564480633144 0.48711102275928 0.41608450402647 -0.53205622974678 -0.50607692478127 -0.5083856275236 0.46667559398277 0.47301594228941 0.47165391530143 0.47391825130459 0.47978250385617 -0.49002762535478 -0.49707264532526 -0.50712445416299 0.45249217850791 0.45561945363482 0.45968173676148 0.43209261092969 0.48920219679147 0.48564112245833 0.48905987951443 0.46383199037465 0.47395799504948 0.46843492597109 0.44824444326089 0.44736066896472 0.39847756681705 0.40110628004741 -0.51268120310128 0.46622382462654 0.46001925752076 0.46401130343319 0.47246594052686 0.47496411701211 0.43742456991537 0.44983281573787 0.45500857384518 0.46843856544152 0.44784066098644 -0.46086130803336 -0.44396587625935 -0.40796115372437 0.40122794184962 0.40315294124439 0.39972127825434 0.44929564072969 -0.51172689910235 -0.51359122390447 0.40305093267423 0.45739220257393 0.47268865418586 0.47870562856267 0.46223342290622 -0.47490034691849 -0.476642816156 -0.48219723414543 -0.49372023362713 -0.48805341148893 -0.48853633628918 -0.49908472957586 -0.50108797776386 -0.50672846229219 0.41521336911753 0.49248866047381 -0.47256681469005 -0.47881898642801 -0.47090128367748 0.38968902286413 0.3926622716735 0.3903791290843 0.41484368808059 0.41773409417437 0.49124627646946 0.48058927609934 -0.49791466705513 0.40153111206734 0.42140390546719 0.42376757456003 0.42681265224718 0.4893502089306 0.48959450999459 0.4680586763184 0.42685915685546 0.42431040038337 0.48255976017345 0.4841301601527 0.44418885488591 0.44538934346035 -0.47170605905675 -0.47723621888041 -0.48091220241842 -0.49674503743649 -0.50220081239769 -0.50509024202396 0.39953622301986 0.398502600818 0.46504297497953 0.46384256620013 0.45994797772066 0.45634824211071 -0.51285083095496 -0.50878277579071 0.4907452394299 0.48985021646712 0.45279285137124 0.48443611350811 0.48686734732117 0.46167055269335 0.43883945090581 0.44013541623409 0.44533366462732 0.43499864666582 0.47771320805631 0.47590885676784 0.4871197736176 0.43913585337373 0.42981138603869 0.40316867892656 0.40398641333257 0.39410714851169 0.39600281566635 0.48800927818788 0.48943579773054 -0.4705117544449 -0.47641770190501 -0.46648164504028 0.39976928813494 0.39728473166375 0.39352074569913 0.39547570307114 0.39558468532534 -0.49737285641121 -0.49828363271278 -0.50203042862218 0.44453647976749 0.44916952989017 0.48838837437826 -0.49172325866785 -0.49471665360011 -0.46622652551653 -0.46788506352543 -0.48677704007068 -0.49949184224129 -0.46558614470343 -0.45982148558704 -0.45748982123285 0.40570411058901 0.40901308054446 -0.40414966257822 -0.34683429861048 0.30705914319632 0.39642112059938 0.39489243647886 0.39046807898495 0.39187075419205 0.39049851971401 0.4255692100663 0.42494454345253 0.43470316922363 -0.48207527723468 0.38758189985215 0.38605749988405 0.39441660158253 0.42092450376027 0.41838436888315 0.45935649769943 0.40576241479621 -0.51233451574014 0.39115808624704 0.49885044933422 0.38200831352814 0.37922505392074 0.37798943700545 0.38816734206758 0.45175298714031 0.44853354615515 0.46245015895343 0.47809187046668 0.41011095031029 0.41006694817185 0.41425498646988 0.4318004950494 0.43279318994659 0.42835811555246 0.42683765544943 0.39667728521352 0.39734872104082 0.38913257170674 0.3870174559545 0.39009518851841 0.44934250738419 0.39538162928746 0.39565996963125 0.39830171032601 0.41904860088531 -0.46354821819871 -0.46014234855587 -0.45368713323765 -0.45166422190213 0.42144954329445 0.38450319057273 0.38395924371422 0.38144082259725 0.38177975758827 0.37788003740939 -0.49661280954182 0.43209491442232 0.40820476384807 0.40811607383748 0.41203163275891 0.47043919574867 0.44631560422523 0.44898535229627 0.42678149240281 0.42094477509037 0.39778220478205 0.39989117145187 -0.46126604467834 -0.45999116594806 -0.47678155814049 0.38893440184829 0.38596383749935 0.38917754142633 0.41958337265341 -0.42032405242247 -0.42428151501821 -0.41608968462916 -0.43811514603806 -0.44601959414924 -0.43582385647468 0.42214637090291 0.43327077181755 -0.49221185234104 0.3950148065527 0.36245639413915 0.36542989985817 0.35860597651249 0.4399410185786 0.43313810616077 -0.40778606005142 -0.40614134821792 0.40926877368725 0.44652236235722 0.38263046086389 0.38668411567778 0.41665126293736 0.4132061325901 0.41124418577739 0.42678548824767 0.4269157566746 0.35445005351949 0.35217225583841 0.45534124270272 -0.46689171768657 0.40843069227027 0.4144624059495 0.42003230678164 0.41467149295648 0.41642481170993 0.41271629127538 0.39437320159664 0.46093261028596 0.43965809696903 0.41880066643215 0.40143094002736 0.37202477074619 0.37173533550847 0.45998311412758 0.44089213804968 -0.42954114535313 -0.42537445423968 -0.43417672384768 -0.43683831879025 -0.43176900488474 -0.42515277245973 -0.44971199531281 -0.46011204021963 -0.45108358401837 -0.43945980598773 -0.40012986046004 -0.40820667105859 0.3957422118725 0.36110120441722 0.35280722723242 0.35723279131598 0.42326302954053 0.41808295681108 0.41842625377835 0.39505280740139 0.39719413274095 0.39437939125665 -0.42371503103179 -0.44287005177042 -0.46747244380443 0.4056699602882 0.41869295500343 0.39241824582144 0.40168220982747 0.39268251757011 0.39013769442886 0.39268094698292 0.38770381719602 0.38381296193632 0.38365979336458 0.41500649333238 0.38871366230986 0.38304674887585 0.38159501525715 0.37883260054999 0.39033687621982 0.39078563874172 0.39649578470206 0.40890499279837 0.40234019250234 0.40157452226036 0.41017995254967 0.41490036567924 0.40527286628937 -0.43235860165554 0.37793143835908 0.38599219196581 0.36438904584553 0.40624605121735 0.38855127748411 0.38556432215257 0.40260488691583 0.40617790271356 0.39915541760486 0.40163616487089 0.40061835400085 -0.37992532541623 -0.41349308610163 -0.42953755085269 -0.4074904036516 0.40739379955724 0.36510736322351 0.20559581204102 0.40034535836876 0.39816321398732 0.40574416408305 0.40257048946571 -0.42375573105891 0.36254454848565 0.37998810624802 0.37677222387312 0.3813833100037 0.37480363500584 0.37296796655222 0.37939152344777 -0.44624206858882 -0.45684428558057 -0.45508916032525 -0.44502589547442 0.37209451999041 0.36701334108644 0.37319195564088 0.37033672189319 -0.43402476533509 -0.40856199876226 -0.41078292011119 -0.41951226387555 0.38720210149097 0.38781492346786 -0.2842231842563 0.3782766559111 0.39562640723772 0.35218284859451 0.36048587244488 0.35749528327476 0.37262578409926 0.3679410797868 0.37492580062085 -0.38202830175356 -0.34448989950521 -0.42953687009276 -0.431244529002 0.39234411183317 0.22828345791461 0.33222618082311 0.37054943334426 0.38963941346282 -0.41964627740914 0.36297929144565 0.36060841740328 0.38140417512208 -0.39944676239894 -0.38141451049912 -0.33861832609417 -0.35599347130828 -0.38633166765101 -0.38681089930634 0.37383228367865 0.36829692556655 0.36398962381169 0.36846451294775 -0.39628978689813 -0.39191206774 -0.40605596473659 -0.41686722530867 -0.40531135420641 -0.37087240313824 -0.37112599587287 -0.3821272188672 -0.41683099204825 -0.42150243437695 -0.3838335009311 -0.39289664090803 0.32984576363637 0.35805904557238 -0.40186711870832 -0.40913166930983 -0.40774687348836 -0.39370064226854 -0.39373422745243 -0.38409559222266 -0.40085010187609 0.32764912737455 0.33312503720818 0.32367502487462 0.3195869297676 0.31539299992233 0.36613470889474 0.29281790843474 -0.30285312340825 0.32255800779579 0.33208544878477 0.33028496142631 0.32135229059914 0.33621863159215 -0.38841451767658 -0.37995341240634 -0.3892632281902 0.35343013372437 0.3593507317564 -0.25119047418889 0.31087320001509 0.30489412684651 0.29395165140631 0.29665701734408 0.35965113397196 -0.34843670967864 -0.3658205135017 0.32464259986591 0.33302989864739 0.32409197528922 0.33731283140759 0.34291604053253 0.35651909010281 -0.31468209172875 -0.280251972446 -0.34257983146192 -0.33792702989409 -0.33314242687732 -0.31618387942244 -0.31265333273312 -0.2993555953763 -0.3775171745945 -0.37510466948836 -0.39871223880788 0.32728521885382 0.33866778568859 0.33539163342407 0.35478290410236 0.35284007424789 0.3486511064658 -0.35378556666837 -0.36356575393347 -0.36905972683691 -0.35221044884866 -0.35920704146185 0.34326471771697 0.34212353565651 0.34203567745037 0.34022034160545 0.29417146247766 0.29566820753587 0.2886557808852 0.34604772848016 0.30555544117835 0.31059882442998 0.31404188493883 0.29830695523661 -0.34378111854947 -0.33872809209665 0.2013859612149 0.26541112146089 0.26088977981958 0.31203161379475 0.30435392158512 -0.22513792140614 0.18416410080335 -0.23537193764668 -0.27763599774343 -0.29040398081927 0.31938079941519 0.288063192348 0.22605032118329 -0.24003666421662 -0.26045878138422 -0.3470596839752 -0.3433245737403 -0.32431973639268 -0.34136656085701 -0.31776856003305 -0.32814457764052 -0.35553311525501 0.34363645919427 0.30505819808371 0.30779984471726 0.31290175896447 0.31925055527907 0.27665501669863 0.26192963396553 0.26240963155002 0.17224184775857 -0.31542416589353 -0.32318310218693 -0.31804775455647 0.27921072003632 0.2519042528566 -0.30153191941853 -0.34115106065067 -0.20514619702345 -0.21733240523635 -0.27527376302217 -0.28482050438519 -0.26579804833891 -0.27533221948581 -0.29156953433391 -0.29640405169283 -0.30780167370302 -0.36744483916024 -0.31951024382035 -0.3234903000885 -0.31498952618141 -0.2393692516625 -0.25534485905632 0.28070693566091 0.28280797794339 -0.29592861607231 -0.30712188645342 -0.29682489072934 -0.3125515421542 -0.31099165239944 -0.30959781019609 -0.31277792675101 -0.31908475022346 -0.30484745759015 -0.32888413963994 -0.36265852514056 -0.36096173519953 -0.32651115200932 0.2923987253185 0.30391923402525 -0.29816739380894 -0.31660179829751 -0.32128835903358 0.27525372958505 -0.3349682594631 -0.33025695614149 -0.33131656111253 0.29828979179025 0.28881794234744 0.27559753607818 0.28091140721915 0.33658339149335 0.27973211490021 0.31710607381119 0.31654012223371 0.30874504836546 0.32918580941712 -0.33605337260055 0.28042605071815 0.28794109163729 0.28963946474085 0.31259477249177 0.26890375185374 0.30875432970537 0.31350222007808 0.29316968611868 0.30528285040396 0.29637937884511 0.29800143266859 0.29767572330576 0.26415386402213 0.25722358657654 0.25817860315109 0.27984661434971 0.28388391456542 0.27585318098223 0.28750235751562 0.29361458560004 -0.32737506509662 0.30321519725299 -0.32152213109948 0.27488703590065 0.26753269241705 -0.31640155994102 -0.3196330032786 0.2736501641391 -0.32135598972797 -0.33645756543837 -0.34526105070532 -0.34846577932004 -0.35468144449117 0.29529350437363 -0.34257592575195 
