Line11_DD_5m_L11a.bin
      5.0000
11
0
Type of resistivity data (1=resistance,0=resistivity)
0
4263
2
0
4     10.000      0.261     15.000      0.518      5.000      0.130      0.000      0.000     389.8267 
4     10.000      0.261     15.000      0.518      5.000      0.130      0.000      0.000     219.1364 
4     15.000      0.518     20.000      0.779     10.000      0.261      5.000      0.130     387.6373 
4     15.000      0.518     20.000      0.779     10.000      0.261      5.000      0.130     242.1527 
4     20.000      0.779     25.000      1.251     15.000      0.518     10.000      0.261     226.2456 
4     20.000      0.779     25.000      1.251     15.000      0.518     10.000      0.261     293.0833 
4     25.000      1.251     30.000      1.731     20.000      0.779     15.000      0.518     321.5941 
4     25.000      1.251     30.000      1.731     20.000      0.779     15.000      0.518     278.9376 
4     30.000      1.731     35.000      2.415     25.000      1.251     20.000      0.779     289.0052 
4     30.000      1.731     35.000      2.415     25.000      1.251     20.000      0.779     328.8465 
4     35.000      2.415     40.000      3.092     30.000      1.731     25.000      1.251     357.4771 
4     35.000      2.415     40.000      3.092     30.000      1.731     25.000      1.251     234.8862 
4     40.000      3.092     45.000      3.679     35.000      2.415     30.000      1.731     394.0679 
4     40.000      3.092     45.000      3.679     35.000      2.415     30.000      1.731     251.3899 
4     45.000      3.679     50.000      4.267     40.000      3.092     35.000      2.415     286.8752 
4     45.000      3.679     50.000      4.267     40.000      3.092     35.000      2.415     385.5036 
4     50.000      4.267     55.000      4.857     45.000      3.679     40.000      3.092     293.7326 
4     50.000      4.267     55.000      4.857     45.000      3.679     40.000      3.092     377.3625 
4     55.000      4.857     60.000      5.360     50.000      4.267     45.000      3.679     278.0423 
4     55.000      4.857     60.000      5.360     50.000      4.267     45.000      3.679     618.8846 
4     60.000      5.360     65.000      5.284     55.000      4.857     50.000      4.267     289.3840 
4     60.000      5.360     65.000      5.284     55.000      4.857     50.000      4.267     490.4099 
4     65.000      5.284     70.000      5.285     60.000      5.360     55.000      4.857     730.4326 
4     65.000      5.284     70.000      5.285     60.000      5.360     55.000      4.857     235.0002 
4     70.000      5.285     75.000      5.691     65.000      5.284     60.000      5.360     269.9341 
4     70.000      5.285     75.000      5.691     65.000      5.284     60.000      5.360     721.7052 
4     75.000      5.691     80.000      6.130     70.000      5.285     65.000      5.284     577.6927 
4     80.000      6.130     85.000      6.766     75.000      5.691     70.000      5.285     769.6443 
4     80.000      6.130     85.000      6.766     75.000      5.691     70.000      5.285     381.2520 
4     85.000      6.766     90.000      7.374     80.000      6.130     75.000      5.691     615.9960 
4     85.000      6.766     90.000      7.374     80.000      6.130     75.000      5.691     570.6779 
4     90.000      7.374     95.000      7.834     85.000      6.766     80.000      6.130     366.9085 
4     90.000      7.374     95.000      7.834     85.000      6.766     80.000      6.130     492.2618 
4     95.000      7.834    100.000      8.228     90.000      7.374     85.000      6.766     479.8513 
4     95.000      7.834    100.000      8.228     90.000      7.374     85.000      6.766     731.5079 
4    100.000      8.228    105.000      8.278     95.000      7.834     90.000      7.374     414.7270 
4    100.000      8.228    105.000      8.278     95.000      7.834     90.000      7.374     721.7203 
4    105.000      8.278    110.000      8.351    100.000      8.228     95.000      7.834     420.7136 
4    105.000      8.278    110.000      8.351    100.000      8.228     95.000      7.834     578.1291 
4    110.000      8.351    115.000      8.550    105.000      8.278    100.000      8.228     771.5293 
4    110.000      8.351    115.000      8.550    105.000      8.278    100.000      8.228     405.2523 
4    115.000      8.550    120.000      8.816    110.000      8.351    105.000      8.278     569.5176 
4    115.000      8.550    120.000      8.816    110.000      8.351    105.000      8.278     443.4641 
4    120.000      8.816    125.000      9.468    115.000      8.550    110.000      8.351     366.3948 
4    120.000      8.816    125.000      9.468    115.000      8.550    110.000      8.351     431.7350 
4    125.000      9.468    130.000     10.168    120.000      8.816    115.000      8.550     480.2829 
4    125.000      9.468    130.000     10.168    120.000      8.816    115.000      8.550     365.2422 
4    130.000     10.168    135.000     11.084    125.000      9.468    120.000      8.816     414.2802 
4    130.000     10.168    135.000     11.084    125.000      9.468    120.000      8.816     547.6993 
4    135.000     11.084    140.000     12.081    130.000     10.168    125.000      9.468     401.1666 
4    135.000     11.084    140.000     12.081    130.000     10.168    125.000      9.468     421.0208 
4    140.000     12.081    145.000     13.307    135.000     11.084    130.000     10.168     331.5929 
4    140.000     12.081    145.000     13.307    135.000     11.084    130.000     10.168     405.2824 
4    145.000     13.307    150.000     14.565    140.000     12.081    135.000     11.084     444.9014 
4    145.000     13.307    150.000     14.565    140.000     12.081    135.000     11.084     389.7532 
4    150.000     14.565    155.000     15.894    145.000     13.307    140.000     12.081     430.9103 
4    150.000     14.565    155.000     15.894    145.000     13.307    140.000     12.081     383.6111 
4    155.000     15.894    160.000     16.714    150.000     14.565    145.000     13.307     365.6917 
4    155.000     15.894    160.000     16.714    150.000     14.565    145.000     13.307     354.7185 
4    160.000     16.714    165.000     16.724    155.000     15.894    150.000     14.565     443.2332 
4    160.000     16.714    165.000     16.724    155.000     15.894    150.000     14.565     547.7615 
4    165.000     16.724    170.000     17.326    160.000     16.714    155.000     15.894     401.5511 
4    165.000     16.724    170.000     17.326    160.000     16.714    155.000     15.894     505.1870 
4    170.000     17.326    175.000     18.726    165.000     16.724    160.000     16.714     332.0688 
4    170.000     17.326    175.000     18.726    165.000     16.724    160.000     16.714     496.6434 
4    175.000     18.726    180.000     20.156    170.000     17.326    165.000     16.724     396.0612 
4    175.000     18.726    180.000     20.156    170.000     17.326    165.000     16.724     530.6508 
4    180.000     20.156    185.000     21.617    175.000     18.726    170.000     17.326     382.7157 
4    180.000     20.156    185.000     21.617    175.000     18.726    170.000     17.326     942.1469 
4    185.000     21.617    190.000     22.557    180.000     20.156    175.000     18.726     364.2903 
4    185.000     21.617    190.000     22.557    180.000     20.156    175.000     18.726     356.2349 
4    190.000     22.557    195.000     23.140    185.000     21.617    180.000     20.156    1071.5416 
4    190.000     22.557    195.000     23.140    185.000     21.617    180.000     20.156     438.1494 
4    195.000     23.140    200.000     23.823    190.000     22.557    185.000     21.617     563.1126 
4    195.000     23.140    200.000     23.823    190.000     22.557    185.000     21.617     478.1388 
4    200.000     23.823    205.000     24.571    195.000     23.140    190.000     22.557     548.2186 
4    200.000     23.823    205.000     24.571    195.000     23.140    190.000     22.557     411.4707 
4    205.000     24.571    210.000     25.179    200.000     23.823    195.000     23.140     642.7284 
4    210.000     25.179    215.000     25.710    205.000     24.571    200.000     23.823     597.4423 
4    210.000     25.179    215.000     25.710    205.000     24.571    200.000     23.823     607.3459 
4    215.000     25.710    220.000     26.485    210.000     25.179    205.000     24.571     364.4232 
4    215.000     25.710    220.000     26.485    210.000     25.179    205.000     24.571     357.2189 
4    220.000     26.485    225.000     27.421    215.000     25.710    210.000     25.179     479.5487 
4    220.000     26.485    225.000     27.421    215.000     25.710    210.000     25.179    1107.8110 
4    225.000     27.421    230.000     28.124    220.000     26.485    215.000     25.710     412.1352 
4    225.000     27.421    230.000     28.124    220.000     26.485    215.000     25.710     563.2483 
4    230.000     28.124    235.000     28.728    225.000     27.421    220.000     26.485     149.2913 
4    230.000     28.124    235.000     28.728    225.000     27.421    220.000     26.485     549.9933 
4    235.000     28.728    240.000     29.380    230.000     28.124    225.000     27.421     120.3063 
4    235.000     28.728    240.000     29.380    230.000     28.124    225.000     27.421     644.9960 
4    240.000     29.380    245.000     30.049    235.000     28.728    230.000     28.124     609.8199 
4    240.000     29.380    245.000     30.049    235.000     28.728    230.000     28.124     122.9161 
4    245.000     30.049    250.000     30.452    240.000     29.380    235.000     28.728     142.7222 
4    245.000     30.049    250.000     30.452    240.000     29.380    235.000     28.728     354.7599 
4    250.000     30.452    255.000     30.756    245.000     30.049    240.000     29.380     219.6426 
4    250.000     30.452    255.000     30.756    245.000     30.049    240.000     29.380     481.5044 
4    255.000     30.756    260.000     31.019    250.000     30.452    245.000     30.049     412.2106 
4    255.000     30.756    260.000     31.019    250.000     30.452    245.000     30.049     363.7587 
4    260.000     31.019    265.000     31.269    255.000     30.756    250.000     30.452     417.0436 
4    260.000     31.019    265.000     31.269    255.000     30.756    250.000     30.452     149.4525 
4    265.000     31.269    270.000     32.669    260.000     31.019    255.000     30.756     120.3205 
4    265.000     31.269    270.000     32.669    260.000     31.019    255.000     30.756     372.3051 
4    270.000     32.669    275.000     34.364    265.000     31.269    260.000     31.019     122.9189 
4    270.000     32.669    275.000     34.364    265.000     31.269    260.000     31.019     388.8202 
4    275.000     34.364    280.000     35.486    270.000     32.669    265.000     31.269     142.7072 
4    275.000     34.364    280.000     35.486    270.000     32.669    265.000     31.269     257.4670 
4    280.000     35.486    285.000     36.550    275.000     34.364    270.000     32.669     218.5832 
4    280.000     35.486    285.000     36.550    275.000     34.364    270.000     32.669     173.2934 
4    285.000     36.550    290.000     36.795    280.000     35.486    275.000     34.364     363.0924 
4    285.000     36.550    290.000     36.795    280.000     35.486    275.000     34.364     123.5918 
4    290.000     36.795    295.000     36.983    285.000     36.550    280.000     35.486     111.3076 
4    290.000     36.795    295.000     36.983    285.000     36.550    280.000     35.486     415.4772 
4    295.000     36.983    300.000     37.471    290.000     36.795    285.000     36.550     104.6367 
4    295.000     36.983    300.000     37.471    290.000     36.795    285.000     36.550     372.4493 
4    300.000     37.471    305.000     37.970    295.000     36.983    290.000     36.795     387.1002 
4    300.000     37.471    305.000     37.970    295.000     36.983    290.000     36.795     134.5152 
4    305.000     37.970    310.000     38.086    300.000     37.471    295.000     36.983     257.3521 
4    305.000     37.970    310.000     38.086    300.000     37.471    295.000     36.983     147.5213 
4    310.000     38.086    315.000     38.185    305.000     37.970    300.000     37.471     174.7165 
4    310.000     38.086    315.000     38.185    305.000     37.970    300.000     37.471     172.9136 
4    315.000     38.185    320.000     38.413    310.000     38.086    305.000     37.970     164.6707 
4    315.000     38.185    320.000     38.413    310.000     38.086    305.000     37.970     123.6701 
4    320.000     38.413    325.000     38.647    315.000     38.185    310.000     38.086     187.7859 
4    320.000     38.413    325.000     38.647    315.000     38.185    310.000     38.086     111.4800 
4    325.000     38.647    330.000     39.464    320.000     38.413    315.000     38.185     271.6909 
4    325.000     38.647    330.000     39.464    320.000     38.413    315.000     38.185     104.7366 
4    330.000     39.464    335.000     40.289    325.000     38.647    320.000     38.413     338.7529 
4    330.000     39.464    335.000     40.289    325.000     38.647    320.000     38.413     135.0137 
4    335.000     40.289    340.000     41.889    330.000     39.464    325.000     38.647     147.5524 
4    335.000     40.289    340.000     41.889    330.000     39.464    325.000     38.647     399.7812 
4    340.000     41.889    345.000     43.449    335.000     40.289    330.000     39.464     174.7476 
4    340.000     41.889    345.000     43.449    335.000     40.289    330.000     39.464     608.7332 
4    345.000     43.449    350.000     44.470    340.000     41.889    335.000     40.289     892.5576 
4    345.000     43.449    350.000     44.470    340.000     41.889    335.000     40.289     144.5327 
4    350.000     44.470    355.000     45.382    345.000     43.449    340.000     41.889     159.2137 
4    350.000     44.470    355.000     45.382    345.000     43.449    340.000     41.889     791.0913 
4      0.000      0.000     45.000      3.679      5.000      0.130     10.000      0.261     286.3211 
4      0.000      0.000     45.000      3.679     35.000      2.415     40.000      3.092     342.7004 
4      0.000      0.000     45.000      3.679      5.000      0.130     10.000      0.261     349.8801 
4      0.000      0.000     45.000      3.679     35.000      2.415     40.000      3.092     296.4006 
4      5.000      0.130     50.000      4.267     10.000      0.261     15.000      0.518     232.7859 
4      5.000      0.130     50.000      4.267     40.000      3.092     45.000      3.679     272.2031 
4      5.000      0.130     50.000      4.267     40.000      3.092     45.000      3.679     383.0148 
4      5.000      0.130     50.000      4.267     10.000      0.261     15.000      0.518     358.4576 
4     10.000      0.261     55.000      4.857     15.000      0.518     20.000      0.779     249.3887 
4     10.000      0.261     55.000      4.857     45.000      3.679     50.000      4.267     267.6720 
4     10.000      0.261     55.000      4.857     15.000      0.518     20.000      0.779     357.7787 
4     10.000      0.261     55.000      4.857     45.000      3.679     50.000      4.267     516.5129 
4     15.000      0.518     60.000      5.360     50.000      4.267     55.000      4.857     273.8975 
4     15.000      0.518     60.000      5.360     50.000      4.267     55.000      4.857     489.0771 
4     15.000      0.518     60.000      5.360     20.000      0.779     25.000      1.251     232.9751 
4     15.000      0.518     60.000      5.360     20.000      0.779     25.000      1.251     286.0299 
4     20.000      0.779     65.000      5.284     55.000      4.857     60.000      5.360     771.5908 
4     20.000      0.779     65.000      5.284     25.000      1.251     30.000      1.731     260.6342 
4     20.000      0.779     65.000      5.284     25.000      1.251     30.000      1.731     295.3402 
4     20.000      0.779     65.000      5.284     55.000      4.857     60.000      5.360     230.3283 
4     25.000      1.251     70.000      5.285     60.000      5.360     65.000      5.284     688.3017 
4     25.000      1.251     70.000      5.285     60.000      5.360     65.000      5.284     241.0461 
4     25.000      1.251     70.000      5.285     30.000      1.731     35.000      2.415     319.0949 
4     25.000      1.251     70.000      5.285     30.000      1.731     35.000      2.415     260.7520 
4     30.000      1.731     75.000      5.691     65.000      5.284     70.000      5.285     564.2116 
4     30.000      1.731     75.000      5.691     35.000      2.415     40.000      3.092     227.1913 
4     30.000      1.731     75.000      5.691     35.000      2.415     40.000      3.092     360.9454 
4     30.000      1.731     75.000      5.691     65.000      5.284     70.000      5.285     295.6150 
4     35.000      2.415     80.000      6.130     40.000      3.092     45.000      3.679     356.8809 
4     35.000      2.415     80.000      6.130     40.000      3.092     45.000      3.679     246.0358 
4     40.000      3.092     85.000      6.766     75.000      5.691     80.000      6.130     471.9185 
4     40.000      3.092     85.000      6.766     45.000      3.679     50.000      4.267     355.4807 
4     40.000      3.092     85.000      6.766     75.000      5.691     80.000      6.130     517.7687 
4     40.000      3.092     85.000      6.766     45.000      3.679     50.000      4.267     255.8720 
4     45.000      3.679     90.000      7.374     80.000      6.130     85.000      6.766     350.3763 
4     45.000      3.679     90.000      7.374     50.000      4.267     55.000      4.857     285.1606 
4     45.000      3.679     90.000      7.374     50.000      4.267     55.000      4.857     307.2354 
4     45.000      3.679     90.000      7.374     80.000      6.130     85.000      6.766     488.5754 
4     50.000      4.267     95.000      7.834     55.000      4.857     60.000      5.360     537.8549 
4     50.000      4.267     95.000      7.834     85.000      6.766     90.000      7.374     466.3671 
4     50.000      4.267     95.000      7.834     55.000      4.857     60.000      5.360     260.4013 
4     50.000      4.267     95.000      7.834     85.000      6.766     90.000      7.374     771.3452 
4     55.000      4.857    100.000      8.228     90.000      7.374     95.000      7.834     687.7072 
4     55.000      4.857    100.000      8.228     60.000      5.360     65.000      5.284     424.3776 
4     55.000      4.857    100.000      8.228     90.000      7.374     95.000      7.834     403.9292 
4     55.000      4.857    100.000      8.228     60.000      5.360     65.000      5.284     260.4128 
4     60.000      5.360    105.000      8.278     65.000      5.284     70.000      5.285     226.7758 
4     60.000      5.360    105.000      8.278     95.000      7.834    100.000      8.228     563.6601 
4     60.000      5.360    105.000      8.278     65.000      5.284     70.000      5.285     601.0081 
4     60.000      5.360    105.000      8.278     95.000      7.834    100.000      8.228     399.8610 
4     65.000      5.284    110.000      8.351    100.000      8.228    105.000      8.278     408.8976 
4     65.000      5.284    110.000      8.351     70.000      5.285     75.000      5.691     246.0285 
4     65.000      5.284    110.000      8.351     70.000      5.285     75.000      5.691     705.3281 
4     65.000      5.284    110.000      8.351    100.000      8.228    105.000      8.278     657.4431 
4     70.000      5.285    115.000      8.550    105.000      8.278    110.000      8.351     471.2124 
4     70.000      5.285    115.000      8.550     75.000      5.691     80.000      6.130     596.6875 
4     70.000      5.285    115.000      8.550     75.000      5.691     80.000      6.130     265.6646 
4     70.000      5.285    115.000      8.550    105.000      8.278    110.000      8.351     438.7522 
4     75.000      5.691    120.000      8.816    110.000      8.351    115.000      8.550     391.6445 
4     75.000      5.691    120.000      8.816     80.000      6.130     85.000      6.766     305.2462 
4     75.000      5.691    120.000      8.816    110.000      8.351    115.000      8.550     349.0969 
4     75.000      5.691    120.000      8.816     80.000      6.130     85.000      6.766     731.3419 
4     80.000      6.130    125.000      9.468     85.000      6.766     90.000      7.374     564.6381 
4     80.000      6.130    125.000      9.468    115.000      8.550    120.000      8.816     402.7959 
4     80.000      6.130    125.000      9.468     85.000      6.766     90.000      7.374     536.2394 
4     80.000      6.130    125.000      9.468    115.000      8.550    120.000      8.816     464.7079 
4     85.000      6.766    130.000     10.168    120.000      8.816    125.000      9.468     403.0022 
4     85.000      6.766    130.000     10.168     90.000      7.374     95.000      7.834     423.2729 
4     85.000      6.766    130.000     10.168     90.000      7.374     95.000      7.834     357.9121 
4     85.000      6.766    130.000     10.168    120.000      8.816    125.000      9.468     583.9053 
4     90.000      7.374    135.000     11.084     95.000      7.834    100.000      8.228     599.1196 
4     90.000      7.374    135.000     11.084    125.000      9.468    130.000     10.168     440.1354 
4     90.000      7.374    135.000     11.084    125.000      9.468    130.000     10.168     398.2812 
4     90.000      7.374    135.000     11.084     95.000      7.834    100.000      8.228     417.9708 
4     95.000      7.834    140.000     12.081    100.000      8.228    105.000      8.278     406.2375 
4     95.000      7.834    140.000     12.081    100.000      8.228    105.000      8.278     702.7388 
4     95.000      7.834    140.000     12.081    130.000     10.168    135.000     11.084     414.4819 
4     95.000      7.834    140.000     12.081    130.000     10.168    135.000     11.084     407.2651 
4    100.000      8.228    145.000     13.307    105.000      8.278    110.000      8.351     594.6104 
4    100.000      8.228    145.000     13.307    135.000     11.084    140.000     12.081     486.7767 
4    100.000      8.228    145.000     13.307    105.000      8.278    110.000      8.351     413.9511 
4    100.000      8.228    145.000     13.307    135.000     11.084    140.000     12.081     437.7337 
4    105.000      8.278    150.000     14.565    110.000      8.351    115.000      8.550     388.6088 
4    105.000      8.278    150.000     14.565    140.000     12.081    145.000     13.307     477.6653 
4    105.000      8.278    150.000     14.565    110.000      8.351    115.000      8.550     730.2354 
4    105.000      8.278    150.000     14.565    140.000     12.081    145.000     13.307     390.9055 
4    110.000      8.351    155.000     15.894    115.000      8.550    120.000      8.816     563.0310 
4    110.000      8.351    155.000     15.894    145.000     13.307    150.000     14.565     402.3155 
4    110.000      8.351    155.000     15.894    145.000     13.307    150.000     14.565     476.9580 
4    110.000      8.351    155.000     15.894    115.000      8.550    120.000      8.816     444.8776 
4    115.000      8.550    160.000     16.714    120.000      8.816    125.000      9.468     474.6430 
4    115.000      8.550    160.000     16.714    150.000     14.565    155.000     15.894     582.9565 
4    115.000      8.550    160.000     16.714    150.000     14.565    155.000     15.894     583.4443 
4    115.000      8.550    160.000     16.714    120.000      8.816    125.000      9.468     357.5815 
4    120.000      8.816    165.000     16.724    155.000     15.894    160.000     16.714     660.2380 
4    120.000      8.816    165.000     16.724    125.000      9.468    130.000     10.168     416.6919 
4    120.000      8.816    165.000     16.724    155.000     15.894    160.000     16.714     439.7289 
4    120.000      8.816    165.000     16.724    125.000      9.468    130.000     10.168     380.4845 
4    125.000      9.468    170.000     17.326    130.000     10.168    135.000     11.084     530.1123 
4    125.000      9.468    170.000     17.326    160.000     16.714    165.000     16.724     655.3235 
4    125.000      9.468    170.000     17.326    130.000     10.168    135.000     11.084     405.5392 
4    125.000      9.468    170.000     17.326    160.000     16.714    165.000     16.724     414.1118 
4    130.000     10.168    175.000     18.726    165.000     16.724    170.000     17.326     737.1851 
4    130.000     10.168    175.000     18.726    135.000     11.084    140.000     12.081     473.9623 
4    130.000     10.168    175.000     18.726    135.000     11.084    140.000     12.081     413.7042 
4    130.000     10.168    175.000     18.726    165.000     16.724    170.000     17.326     486.7779 
4    135.000     11.084    180.000     20.156    170.000     17.326    175.000     18.726     853.9597 
4    135.000     11.084    180.000     20.156    140.000     12.081    145.000     13.307     388.2387 
4    135.000     11.084    180.000     20.156    170.000     17.326    175.000     18.726     477.1242 
4    135.000     11.084    180.000     20.156    140.000     12.081    145.000     13.307     405.4100 
4    140.000     12.081    185.000     21.617    145.000     13.307    150.000     14.565     443.9027 
4    140.000     12.081    185.000     21.617    145.000     13.307    150.000     14.565     421.9037 
4    140.000     12.081    185.000     21.617    175.000     18.726    180.000     20.156     517.0923 
4    140.000     12.081    185.000     21.617    175.000     18.726    180.000     20.156     475.7253 
4    145.000     13.307    190.000     22.557    180.000     20.156    185.000     21.617     578.8538 
4    145.000     13.307    190.000     22.557    150.000     14.565    155.000     15.894     474.3779 
4    145.000     13.307    190.000     22.557    150.000     14.565    155.000     15.894     442.2763 
4    145.000     13.307    190.000     22.557    180.000     20.156    185.000     21.617    1275.1838 
4    150.000     14.565    195.000     23.140    185.000     21.617    190.000     22.557     615.0594 
4    150.000     14.565    195.000     23.140    185.000     21.617    190.000     22.557     658.0522 
4    150.000     14.565    195.000     23.140    155.000     15.894    160.000     16.714     428.9166 
4    150.000     14.565    195.000     23.140    155.000     15.894    160.000     16.714     378.6506 
4    155.000     15.894    200.000     23.823    190.000     22.557    195.000     23.140     631.7350 
4    155.000     15.894    200.000     23.823    160.000     16.714    165.000     16.724     528.5999 
4    155.000     15.894    200.000     23.823    160.000     16.714    165.000     16.724     485.3534 
4    155.000     15.894    200.000     23.823    190.000     22.557    195.000     23.140     607.9706 
4    160.000     16.714    205.000     24.571    195.000     23.140    200.000     23.823     632.0881 
4    160.000     16.714    205.000     24.571    165.000     16.724    170.000     17.326     575.7768 
4    160.000     16.714    205.000     24.571    195.000     23.140    200.000     23.823     735.1796 
4    160.000     16.714    205.000     24.571    165.000     16.724    170.000     17.326     473.1464 
4    165.000     16.724    210.000     25.179    200.000     23.823    205.000     24.571     598.2642 
4    165.000     16.724    210.000     25.179    170.000     17.326    175.000     18.726     611.7270 
4    165.000     16.724    210.000     25.179    200.000     23.823    205.000     24.571     719.5067 
4    165.000     16.724    210.000     25.179    170.000     17.326    175.000     18.726     404.9489 
4    170.000     17.326    215.000     25.710    175.000     18.726    180.000     20.156     697.8965 
4    170.000     17.326    215.000     25.710    175.000     18.726    180.000     20.156     423.6618 
4    170.000     17.326    215.000     25.710    205.000     24.571    210.000     25.179     457.2721 
4    170.000     17.326    215.000     25.710    205.000     24.571    210.000     25.179     518.2643 
4    175.000     18.726    220.000     26.485    180.000     20.156    185.000     21.617     440.6972 
4    175.000     18.726    220.000     26.485    180.000     20.156    185.000     21.617    1203.7833 
4    175.000     18.726    220.000     26.485    210.000     25.179    215.000     25.710    1263.8473 
4    180.000     20.156    225.000     27.421    215.000     25.710    220.000     26.485     614.1767 
4    180.000     20.156    225.000     27.421    185.000     21.617    190.000     22.557     428.8565 
4    180.000     20.156    225.000     27.421    215.000     25.710    220.000     26.485     422.6183 
4    180.000     20.156    225.000     27.421    185.000     21.617    190.000     22.557     466.0674 
4    185.000     21.617    230.000     28.124    190.000     22.557    195.000     23.140     482.7194 
4    185.000     21.617    230.000     28.124    190.000     22.557    195.000     23.140     879.9547 
4    185.000     21.617    230.000     28.124    220.000     26.485    225.000     27.421     599.3337 
4    190.000     22.557    235.000     28.728    195.000     23.140    200.000     23.823     737.2841 
4    190.000     22.557    235.000     28.728    195.000     23.140    200.000     23.823     560.2604 
4    190.000     22.557    235.000     28.728    225.000     27.421    230.000     28.124     624.7712 
4    195.000     23.140    240.000     29.380    200.000     23.823    205.000     24.571     731.0743 
4    195.000     23.140    240.000     29.380    200.000     23.823    205.000     24.571     607.2815 
4    200.000     23.823    245.000     30.049    205.000     24.571    210.000     25.179     781.4241 
4    200.000     23.823    245.000     30.049    205.000     24.571    210.000     25.179     594.8002 
4    205.000     24.571    250.000     30.452    240.000     29.380    245.000     30.049     494.8463 
4    205.000     24.571    250.000     30.452    210.000     25.179    215.000     25.710     652.4886 
4    205.000     24.571    250.000     30.452    240.000     29.380    245.000     30.049     242.4693 
4    205.000     24.571    250.000     30.452    210.000     25.179    215.000     25.710    1194.4658 
4    210.000     25.179    255.000     30.756    215.000     25.710    220.000     26.485     404.0875 
4    210.000     25.179    255.000     30.756    215.000     25.710    220.000     26.485     449.7975 
4    210.000     25.179    255.000     30.756    245.000     30.049    250.000     30.452     335.0329 
4    210.000     25.179    255.000     30.756    245.000     30.049    250.000     30.452     453.3604 
4    215.000     25.710    260.000     31.019    220.000     26.485    225.000     27.421     507.7996 
4    215.000     25.710    260.000     31.019    250.000     30.452    255.000     30.756     361.1159 
4    215.000     25.710    260.000     31.019    250.000     30.452    255.000     30.756     236.6854 
4    215.000     25.710    260.000     31.019    220.000     26.485    225.000     27.421     902.0563 
4    220.000     26.485    265.000     31.269    255.000     30.756    260.000     31.019     343.7960 
4    220.000     26.485    265.000     31.269    255.000     30.756    260.000     31.019     185.9814 
4    220.000     26.485    265.000     31.269    225.000     27.421    230.000     28.124     452.9115 
4    220.000     26.485    265.000     31.269    225.000     27.421    230.000     28.124     739.6287 
4    225.000     27.421    270.000     32.669    260.000     31.019    265.000     31.269     356.0655 
4    225.000     27.421    270.000     32.669    230.000     28.124    235.000     28.728     735.1395 
4    225.000     27.421    270.000     32.669    230.000     28.124    235.000     28.728     208.5889 
4    225.000     27.421    270.000     32.669    260.000     31.019    265.000     31.269     155.3649 
4    230.000     28.124    275.000     34.364    235.000     28.728    240.000     29.380     779.3311 
4    230.000     28.124    275.000     34.364    235.000     28.728    240.000     29.380     200.0909 
4    230.000     28.124    275.000     34.364    265.000     31.269    270.000     32.669     266.9010 
4    230.000     28.124    275.000     34.364    265.000     31.269    270.000     32.669     169.8778 
4    235.000     28.728    280.000     35.486    240.000     29.380    245.000     30.049     230.3435 
4    235.000     28.728    280.000     35.486    270.000     32.669    275.000     34.364     240.9284 
4    235.000     28.728    280.000     35.486    240.000     29.380    245.000     30.049     651.7097 
4    235.000     28.728    280.000     35.486    270.000     32.669    275.000     34.364     224.3382 
4    240.000     29.380    285.000     36.550    245.000     30.049    250.000     30.452     401.8635 
4    240.000     29.380    285.000     36.550    245.000     30.049    250.000     30.452     222.3150 
4    240.000     29.380    285.000     36.550    275.000     34.364    280.000     35.486     229.4068 
4    240.000     29.380    285.000     36.550    275.000     34.364    280.000     35.486     333.8499 
4    245.000     30.049    290.000     36.795    250.000     30.452    255.000     30.756     508.4572 
4    245.000     30.049    290.000     36.795    250.000     30.452    255.000     30.756     237.2496 
4    245.000     30.049    290.000     36.795    280.000     35.486    285.000     36.550     198.7175 
4    245.000     30.049    290.000     36.795    280.000     35.486    285.000     36.550     359.7139 
4    250.000     30.452    295.000     36.983    255.000     30.756    260.000     31.019     452.1077 
4    250.000     30.452    295.000     36.983    255.000     30.756    260.000     31.019     324.9679 
4    250.000     30.452    295.000     36.983    285.000     36.550    290.000     36.795     150.8162 
4    250.000     30.452    295.000     36.983    285.000     36.550    290.000     36.795     343.0971 
4    255.000     30.756    300.000     37.471    290.000     36.795    295.000     36.983     185.3323 
4    255.000     30.756    300.000     37.471    260.000     31.019    265.000     31.269     359.0636 
4    255.000     30.756    300.000     37.471    290.000     36.795    295.000     36.983     356.0267 
4    255.000     30.756    300.000     37.471    260.000     31.019    265.000     31.269     208.7012 
4    260.000     31.019    305.000     37.970    265.000     31.269    270.000     32.669     332.0791 
4    260.000     31.019    305.000     37.970    265.000     31.269    270.000     32.669     199.9102 
4    265.000     31.269    310.000     38.086    270.000     32.669    275.000     34.364     229.8563 
4    265.000     31.269    310.000     38.086    270.000     32.669    275.000     34.364     358.2671 
4    270.000     32.669    315.000     38.185    275.000     34.364    280.000     35.486     221.9274 
4    270.000     32.669    315.000     38.185    275.000     34.364    280.000     35.486     289.5455 
4    275.000     34.364    320.000     38.413    310.000     38.086    315.000     38.185     199.3951 
4    275.000     34.364    320.000     38.413    280.000     35.486    285.000     36.550     214.7355 
4    275.000     34.364    320.000     38.413    310.000     38.086    315.000     38.185     241.7516 
4    275.000     34.364    320.000     38.413    280.000     35.486    285.000     36.550     236.1558 
4    280.000     35.486    325.000     38.647    315.000     38.185    320.000     38.413     299.1652 
4    280.000     35.486    325.000     38.647    285.000     36.550    290.000     36.795     322.9799 
4    280.000     35.486    325.000     38.647    285.000     36.550    290.000     36.795     153.9999 
4    280.000     35.486    325.000     38.647    315.000     38.185    320.000     38.413     150.6463 
4    285.000     36.550    330.000     39.464    320.000     38.413    325.000     38.647     186.1149 
4    285.000     36.550    330.000     39.464    290.000     36.795    295.000     36.983     175.8807 
4    285.000     36.550    330.000     39.464    320.000     38.413    325.000     38.647     340.7663 
4    285.000     36.550    330.000     39.464    290.000     36.795    295.000     36.983     356.9421 
4    290.000     36.795    335.000     40.289    325.000     38.647    330.000     39.464     223.2523 
4    290.000     36.795    335.000     40.289    325.000     38.647    330.000     39.464     400.5374 
4    290.000     36.795    335.000     40.289    295.000     36.983    300.000     37.471     202.2634 
4    290.000     36.795    335.000     40.289    295.000     36.983    300.000     37.471     330.1754 
4    295.000     36.983    340.000     41.889    330.000     39.464    335.000     40.289     563.1457 
4    295.000     36.983    340.000     41.889    300.000     37.471    305.000     37.970     357.4881 
4    295.000     36.983    340.000     41.889    300.000     37.471    305.000     37.970     217.0681 
4    300.000     37.471    345.000     43.449    305.000     37.970    310.000     38.086     214.1155 
4    300.000     37.471    345.000     43.449    305.000     37.970    310.000     38.086     289.6231 
4    300.000     37.471    345.000     43.449    335.000     40.289    340.000     41.889     268.6700 
4    300.000     37.471    345.000     43.449    335.000     40.289    340.000     41.889     757.0657 
4    305.000     37.970    350.000     44.470    310.000     38.086    315.000     38.185     236.4688 
4    305.000     37.970    350.000     44.470    310.000     38.086    315.000     38.185     214.4304 
4    305.000     37.970    350.000     44.470    340.000     41.889    345.000     43.449     702.6490 
4    305.000     37.970    350.000     44.470    340.000     41.889    345.000     43.449     239.4603 
4    310.000     38.086    355.000     45.382    315.000     38.185    320.000     38.413     231.7424 
4    310.000     38.086    355.000     45.382    345.000     43.449    350.000     44.470     909.5988 
4    310.000     38.086    355.000     45.382    315.000     38.185    320.000     38.413     153.9769 
4    310.000     38.086    355.000     45.382    345.000     43.449    350.000     44.470     298.7114 
4     15.000      0.518     20.000      0.779      5.000      0.130      0.000      0.000     305.5928 
4     15.000      0.518     20.000      0.779      5.000      0.130      0.000      0.000     217.1507 
4     20.000      0.779     25.000      1.251     10.000      0.261      5.000      0.130     222.0063 
4     20.000      0.779     25.000      1.251     10.000      0.261      5.000      0.130     268.8550 
4     25.000      1.251     30.000      1.731     15.000      0.518     10.000      0.261     230.3906 
4     25.000      1.251     30.000      1.731     15.000      0.518     10.000      0.261     217.7614 
4     30.000      1.731     35.000      2.415     20.000      0.779     15.000      0.518     216.3439 
4     30.000      1.731     35.000      2.415     20.000      0.779     15.000      0.518     317.2719 
4     35.000      2.415     40.000      3.092     25.000      1.251     20.000      0.779     306.6144 
4     35.000      2.415     40.000      3.092     25.000      1.251     20.000      0.779     217.2336 
4     40.000      3.092     45.000      3.679     30.000      1.731     25.000      1.251     284.0779 
4     40.000      3.092     45.000      3.679     30.000      1.731     25.000      1.251     208.9172 
4     45.000      3.679     50.000      4.267     35.000      2.415     30.000      1.731     305.9735 
4     45.000      3.679     50.000      4.267     35.000      2.415     30.000      1.731     230.6205 
4     50.000      4.267     55.000      4.857     40.000      3.092     35.000      2.415     269.0699 
4     50.000      4.267     55.000      4.857     40.000      3.092     35.000      2.415     215.2996 
4     55.000      4.857     60.000      5.360     45.000      3.679     40.000      3.092     217.8669 
4     55.000      4.857     60.000      5.360     45.000      3.679     40.000      3.092     515.5203 
4     60.000      5.360     65.000      5.284     50.000      4.267     45.000      3.679     215.6653 
4     60.000      5.360     65.000      5.284     50.000      4.267     45.000      3.679     371.7472 
4     65.000      5.284     70.000      5.285     55.000      4.857     50.000      4.267     217.2449 
4     65.000      5.284     70.000      5.285     55.000      4.857     50.000      4.267     528.3945 
4     70.000      5.285     75.000      5.691     60.000      5.360     55.000      4.857     182.4109 
4     70.000      5.285     75.000      5.691     60.000      5.360     55.000      4.857    1045.1664 
4     75.000      5.691     80.000      6.130     65.000      5.284     60.000      5.360     781.2689 
4     80.000      6.130     85.000      6.766     70.000      5.285     65.000      5.284     774.0117 
4     80.000      6.130     85.000      6.766     70.000      5.285     65.000      5.284     215.3562 
4     85.000      6.766     90.000      7.374     75.000      5.691     70.000      5.285     530.5999 
4     85.000      6.766     90.000      7.374     75.000      5.691     70.000      5.285     637.3902 
4     90.000      7.374     95.000      7.834     80.000      6.130     75.000      5.691     326.8814 
4     90.000      7.374     95.000      7.834     80.000      6.130     75.000      5.691     366.9782 
4     95.000      7.834    100.000      8.228     85.000      6.766     80.000      6.130     310.7726 
4     95.000      7.834    100.000      8.228     85.000      6.766     80.000      6.130     526.9544 
4    100.000      8.228    105.000      8.278     90.000      7.374     85.000      6.766     473.9985 
4    100.000      8.228    105.000      8.278     90.000      7.374     85.000      6.766    1045.2268 
4    105.000      8.278    110.000      8.351     95.000      7.834     90.000      7.374     414.5281 
4    105.000      8.278    110.000      8.351     95.000      7.834     90.000      7.374     781.0125 
4    110.000      8.351    115.000      8.550    100.000      8.228     95.000      7.834     353.8665 
4    110.000      8.351    115.000      8.550    100.000      8.228     95.000      7.834     774.6338 
4    115.000      8.550    120.000      8.816    105.000      8.278    100.000      8.228     439.1607 
4    115.000      8.550    120.000      8.816    105.000      8.278    100.000      8.228     637.6353 
4    120.000      8.816    125.000      9.468    110.000      8.351    105.000      8.278     487.7662 
4    120.000      8.816    125.000      9.468    110.000      8.351    105.000      8.278     325.7053 
4    125.000      9.468    130.000     10.168    115.000      8.550    110.000      8.351     280.8245 
4    125.000      9.468    130.000     10.168    115.000      8.550    110.000      8.351     311.2213 
4    130.000     10.168    135.000     11.084    120.000      8.816    115.000      8.550     473.7949 
4    130.000     10.168    135.000     11.084    120.000      8.816    115.000      8.550     423.8323 
4    135.000     11.084    140.000     12.081    125.000      9.468    120.000      8.816     414.6148 
4    135.000     11.084    140.000     12.081    125.000      9.468    120.000      8.816     551.0479 
4    140.000     12.081    145.000     13.307    130.000     10.168    125.000      9.468     372.2636 
4    140.000     12.081    145.000     13.307    130.000     10.168    125.000      9.468     354.2473 
4    145.000     13.307    150.000     14.565    135.000     11.084    130.000     10.168     443.2058 
4    145.000     13.307    150.000     14.565    135.000     11.084    130.000     10.168     372.5577 
4    150.000     14.565    155.000     15.894    140.000     12.081    135.000     11.084     439.7601 
4    150.000     14.565    155.000     15.894    140.000     12.081    135.000     11.084     486.8011 
4    155.000     15.894    160.000     16.714    145.000     13.307    140.000     12.081     410.3661 
4    155.000     15.894    160.000     16.714    145.000     13.307    140.000     12.081     280.9187 
4    160.000     16.714    165.000     16.724    150.000     14.565    145.000     13.307     423.6362 
4    160.000     16.714    165.000     16.724    150.000     14.565    145.000     13.307     422.0076 
4    165.000     16.724    170.000     17.326    155.000     15.894    150.000     14.565     559.8205 
4    165.000     16.724    170.000     17.326    155.000     15.894    150.000     14.565     551.3382 
4    170.000     17.326    175.000     18.726    160.000     16.714    155.000     15.894     661.0690 
4    170.000     17.326    175.000     18.726    160.000     16.714    155.000     15.894     372.3730 
4    175.000     18.726    180.000     20.156    165.000     16.724    160.000     16.714     746.6950 
4    175.000     18.726    180.000     20.156    165.000     16.724    160.000     16.714     372.5351 
4    180.000     20.156    185.000     21.617    170.000     17.326    165.000     16.724    1449.5044 
4    180.000     20.156    185.000     21.617    170.000     17.326    165.000     16.724     439.9713 
4    185.000     21.617    190.000     22.557    175.000     18.726    170.000     17.326     405.6010 
4    185.000     21.617    190.000     22.557    175.000     18.726    170.000     17.326     480.7089 
4    190.000     22.557    195.000     23.140    180.000     20.156    175.000     18.726     419.7118 
4    190.000     22.557    195.000     23.140    180.000     20.156    175.000     18.726     562.3275 
4    195.000     23.140    200.000     23.823    185.000     21.617    180.000     20.156     566.2029 
4    195.000     23.140    200.000     23.823    185.000     21.617    180.000     20.156    1354.6874 
4    200.000     23.823    205.000     24.571    190.000     22.557    185.000     21.617     706.2024 
4    200.000     23.823    205.000     24.571    190.000     22.557    185.000     21.617     967.0878 
4    205.000     24.571    210.000     25.179    195.000     23.140    190.000     22.557     852.1319 
4    205.000     24.571    210.000     25.179    195.000     23.140    190.000     22.557     821.9199 
4    210.000     25.179    215.000     25.710    200.000     23.823    195.000     23.140     625.9862 
4    210.000     25.179    215.000     25.710    200.000     23.823    195.000     23.140    2826.2837 
4    215.000     25.710    220.000     26.485    205.000     24.571    200.000     23.823     477.4442 
4    215.000     25.710    220.000     26.485    205.000     24.571    200.000     23.823     394.3930 
4    220.000     26.485    225.000     27.421    210.000     25.179    205.000     24.571     528.0024 
4    220.000     26.485    225.000     27.421    210.000     25.179    205.000     24.571     563.2436 
4    225.000     27.421    230.000     28.124    215.000     25.710    210.000     25.179    1355.3999 
4    225.000     27.421    230.000     28.124    215.000     25.710    210.000     25.179     542.5769 
4    230.000     28.124    235.000     28.728    220.000     26.485    215.000     25.710     709.2598 
4    230.000     28.124    235.000     28.728    220.000     26.485    215.000     25.710     255.0910 
4    235.000     28.728    240.000     29.380    225.000     27.421    220.000     26.485     806.4669 
4    235.000     28.728    240.000     29.380    225.000     27.421    220.000     26.485     225.2334 
4    240.000     29.380    245.000     30.049    230.000     28.124    225.000     27.421     222.0327 
4    240.000     29.380    245.000     30.049    230.000     28.124    225.000     27.421     611.1705 
4    245.000     30.049    250.000     30.452    235.000     28.728    230.000     28.124     184.0320 
4    245.000     30.049    250.000     30.452    235.000     28.728    230.000     28.124     393.2281 
4    250.000     30.452    255.000     30.756    240.000     29.380    235.000     28.728     154.5173 
4    250.000     30.452    255.000     30.756    240.000     29.380    235.000     28.728     525.9139 
4    255.000     30.756    260.000     31.019    245.000     30.049    240.000     29.380     543.0104 
4    255.000     30.756    260.000     31.019    245.000     30.049    240.000     29.380     175.2933 
4    260.000     31.019    265.000     31.269    250.000     30.452    245.000     30.049     255.0609 
4    260.000     31.019    265.000     31.269    250.000     30.452    245.000     30.049     183.7605 
4    265.000     31.269    270.000     32.669    255.000     30.756    250.000     30.452     182.7238 
4    265.000     31.269    270.000     32.669    255.000     30.756    250.000     30.452     225.4708 
4    270.000     32.669    275.000     34.364    260.000     31.019    255.000     30.756     223.6651 
4    270.000     32.669    275.000     34.364    260.000     31.019    255.000     30.756     222.2061 
4    275.000     34.364    280.000     35.486    265.000     31.269    260.000     31.019     223.0506 
4    275.000     34.364    280.000     35.486    265.000     31.269    260.000     31.019     184.7294 
4    280.000     35.486    285.000     36.550    270.000     32.669    265.000     31.269     154.7285 
4    280.000     35.486    285.000     36.550    270.000     32.669    265.000     31.269     173.5177 
4    285.000     36.550    290.000     36.795    275.000     34.364    270.000     32.669     175.0596 
4    285.000     36.550    290.000     36.795    275.000     34.364    270.000     32.669     132.5011 
4    290.000     36.795    295.000     36.983    280.000     35.486    275.000     34.364     185.0838 
4    290.000     36.795    295.000     36.983    280.000     35.486    275.000     34.364     210.4251 
4    295.000     36.983    300.000     37.471    285.000     36.550    280.000     35.486     215.3788 
4    295.000     36.983    300.000     37.471    285.000     36.550    280.000     35.486     182.9463 
4    300.000     37.471    305.000     37.970    290.000     36.795    285.000     36.550     153.7558 
4    300.000     37.471    305.000     37.970    290.000     36.795    285.000     36.550     223.5670 
4    305.000     37.970    310.000     38.086    295.000     36.983    290.000     36.795     165.8120 
4    305.000     37.970    310.000     38.086    295.000     36.983    290.000     36.795     222.7867 
4    310.000     38.086    315.000     38.185    300.000     37.471    295.000     36.983     213.3996 
4    310.000     38.086    315.000     38.185    300.000     37.471    295.000     36.983     173.2802 
4    315.000     38.185    320.000     38.413    305.000     37.970    300.000     37.471     253.9601 
4    315.000     38.185    320.000     38.413    305.000     37.970    300.000     37.471     132.5275 
4    320.000     38.413    325.000     38.647    310.000     38.086    305.000     37.970     465.7461 
4    320.000     38.413    325.000     38.647    310.000     38.086    305.000     37.970     210.8474 
4    325.000     38.647    330.000     39.464    315.000     38.185    310.000     38.086     274.4985 
4    325.000     38.647    330.000     39.464    315.000     38.185    310.000     38.086     215.4090 
4    330.000     39.464    335.000     40.289    320.000     38.413    315.000     38.185     229.9005 
4    330.000     39.464    335.000     40.289    320.000     38.413    315.000     38.185     153.7483 
4    335.000     40.289    340.000     41.889    325.000     38.647    320.000     38.413     212.0990 
4    335.000     40.289    340.000     41.889    325.000     38.647    320.000     38.413     166.2945 
4    340.000     41.889    345.000     43.449    330.000     39.464    325.000     38.647     213.9274 
4    340.000     41.889    345.000     43.449    330.000     39.464    325.000     38.647     307.8246 
4    345.000     43.449    350.000     44.470    335.000     40.289    330.000     39.464     508.3537 
4    345.000     43.449    350.000     44.470    335.000     40.289    330.000     39.464     253.5868 
4    350.000     44.470    355.000     45.382    340.000     41.889    335.000     40.289     569.5845 
4    350.000     44.470    355.000     45.382    340.000     41.889    335.000     40.289     578.5683 
4     20.000      0.779     30.000      1.731     10.000      0.261      0.000      0.000     222.0685 
4     20.000      0.779     30.000      1.731     10.000      0.261      0.000      0.000     243.1234 
4     30.000      1.731     40.000      3.092     20.000      0.779     10.000      0.261     295.8231 
4     30.000      1.731     40.000      3.092     20.000      0.779     10.000      0.261     200.5517 
4     40.000      3.092     50.000      4.267     30.000      1.731     20.000      0.779     268.5572 
4     40.000      3.092     50.000      4.267     30.000      1.731     20.000      0.779     209.3714 
4     50.000      4.267     60.000      5.360     40.000      3.092     30.000      1.731     244.3958 
4     50.000      4.267     60.000      5.360     40.000      3.092     30.000      1.731     227.1635 
4     60.000      5.360     70.000      5.285     50.000      4.267     40.000      3.092     201.2152 
4     60.000      5.360     70.000      5.285     50.000      4.267     40.000      3.092     348.5321 
4     70.000      5.285     80.000      6.130     60.000      5.360     50.000      4.267     893.1335 
4     70.000      5.285     80.000      6.130     60.000      5.360     50.000      4.267     212.0688 
4     80.000      6.130     90.000      7.374     70.000      5.285     60.000      5.360     721.0709 
4     80.000      6.130     90.000      7.374     70.000      5.285     60.000      5.360     227.2597 
4     90.000      7.374    100.000      8.228     80.000      6.130     70.000      5.285     349.4161 
4     90.000      7.374    100.000      8.228     80.000      6.130     70.000      5.285     311.2325 
4    100.000      8.228    110.000      8.351     90.000      7.374     80.000      6.130     893.4595 
4    100.000      8.228    110.000      8.351     90.000      7.374     80.000      6.130     415.9399 
4    110.000      8.351    120.000      8.816    100.000      8.228     90.000      7.374     359.3065 
4    110.000      8.351    120.000      8.816    100.000      8.228     90.000      7.374     722.8409 
4    120.000      8.816    130.000     10.168    110.000      8.351    100.000      8.228     308.9763 
4    120.000      8.816    130.000     10.168    110.000      8.351    100.000      8.228     436.0619 
4    130.000     10.168    140.000     12.081    120.000      8.816    110.000      8.351     405.9327 
4    130.000     10.168    140.000     12.081    120.000      8.816    110.000      8.351     412.3623 
4    140.000     12.081    150.000     14.565    130.000     10.168    120.000      8.816     354.7430 
4    140.000     12.081    150.000     14.565    130.000     10.168    120.000      8.816     442.3161 
4    150.000     14.565    160.000     16.714    140.000     12.081    130.000     10.168     431.1346 
4    150.000     14.565    160.000     16.714    140.000     12.081    130.000     10.168     481.8832 
4    160.000     16.714    170.000     17.326    150.000     14.565    140.000     12.081     401.9857 
4    160.000     16.714    170.000     17.326    150.000     14.565    140.000     12.081     523.1732 
4    170.000     17.326    180.000     20.156    160.000     16.714    150.000     14.565     440.1654 
4    170.000     17.326    180.000     20.156    160.000     16.714    150.000     14.565     848.0226 
4    180.000     20.156    190.000     22.557    170.000     17.326    160.000     16.714     478.3603 
4    180.000     20.156    190.000     22.557    170.000     17.326    160.000     16.714    1269.4630 
4    190.000     22.557    200.000     23.823    180.000     20.156    170.000     17.326     634.4817 
4    190.000     22.557    200.000     23.823    180.000     20.156    170.000     17.326     525.9949 
4    200.000     23.823    210.000     25.179    190.000     22.557    180.000     20.156    1133.3390 
4    200.000     23.823    210.000     25.179    190.000     22.557    180.000     20.156     857.1798 
4    210.000     25.179    220.000     26.485    200.000     23.823    190.000     22.557     571.3112 
4    210.000     25.179    220.000     26.485    200.000     23.823    190.000     22.557    1724.4855 
4    220.000     26.485    230.000     28.124    210.000     25.179    200.000     23.823     633.1981 
4    220.000     26.485    230.000     28.124    210.000     25.179    200.000     23.823     526.5435 
4    230.000     28.124    240.000     29.380    220.000     26.485    210.000     25.179    1133.6368 
4    230.000     28.124    240.000     29.380    220.000     26.485    210.000     25.179     302.8521 
4    240.000     29.380    250.000     30.452    230.000     28.124    220.000     26.485     294.8523 
4    240.000     29.380    250.000     30.452    230.000     28.124    220.000     26.485     572.5232 
4    250.000     30.452    260.000     31.019    240.000     29.380    230.000     28.124     525.3484 
4    250.000     30.452    260.000     31.019    240.000     29.380    230.000     28.124     159.4578 
4    260.000     31.019    270.000     32.669    250.000     30.452    240.000     29.380     302.9520 
4    260.000     31.019    270.000     32.669    250.000     30.452    240.000     29.380     182.3299 
4    270.000     32.669    280.000     35.486    260.000     31.019    250.000     30.452     295.5064 
4    270.000     32.669    280.000     35.486    260.000     31.019    250.000     30.452     229.2898 
4    280.000     35.486    290.000     36.795    270.000     32.669    260.000     31.019     180.5693 
4    280.000     35.486    290.000     36.795    270.000     32.669    260.000     31.019     159.5087 
4    290.000     36.795    300.000     37.471    280.000     35.486    270.000     32.669     268.9172 
4    290.000     36.795    300.000     37.471    280.000     35.486    270.000     32.669     182.7955 
4    300.000     37.471    310.000     38.086    290.000     36.795    280.000     35.486     213.6503 
4    300.000     37.471    310.000     38.086    290.000     36.795    280.000     35.486     229.0673 
4    310.000     38.086    320.000     38.413    300.000     37.471    290.000     36.795     180.2809 
4    310.000     38.086    320.000     38.413    300.000     37.471    290.000     36.795     244.4599 
4    320.000     38.413    330.000     39.464    310.000     38.086    300.000     37.471     269.0831 
4    320.000     38.413    330.000     39.464    310.000     38.086    300.000     37.471     409.1598 
4    330.000     39.464    340.000     41.889    320.000     38.413    310.000     38.086     213.4995 
4    330.000     39.464    340.000     41.889    320.000     38.413    310.000     38.086     238.6184 
4    340.000     41.889    350.000     44.470    330.000     39.464    320.000     38.413     290.4999 
4    340.000     41.889    350.000     44.470    330.000     39.464    320.000     38.413     244.7106 
4     20.000      0.779     25.000      1.251      5.000      0.130      0.000      0.000     205.3942 
4     20.000      0.779     25.000      1.251      5.000      0.130      0.000      0.000     237.0897 
4     25.000      1.251     30.000      1.731     10.000      0.261      5.000      0.130     211.8219 
4     25.000      1.251     30.000      1.731     10.000      0.261      5.000      0.130     235.5818 
4     30.000      1.731     35.000      2.415     15.000      0.518     10.000      0.261     240.6240 
4     30.000      1.731     35.000      2.415     15.000      0.518     10.000      0.261     178.8634 
4     35.000      2.415     40.000      3.092     20.000      0.779     15.000      0.518     316.6631 
4     35.000      2.415     40.000      3.092     20.000      0.779     15.000      0.518     197.1004 
4     40.000      3.092     45.000      3.679     25.000      1.251     20.000      0.779     256.2786 
4     40.000      3.092     45.000      3.679     25.000      1.251     20.000      0.779     217.2883 
4     45.000      3.679     50.000      4.267     30.000      1.731     25.000      1.251     250.2090 
4     45.000      3.679     50.000      4.267     30.000      1.731     25.000      1.251     196.8082 
4     50.000      4.267     55.000      4.857     35.000      2.415     30.000      1.731     175.6496 
4     50.000      4.267     55.000      4.857     35.000      2.415     30.000      1.731     236.9766 
4     55.000      4.857     60.000      5.360     40.000      3.092     35.000      2.415     293.2237 
4     55.000      4.857     60.000      5.360     40.000      3.092     35.000      2.415     211.1904 
4     60.000      5.360     65.000      5.284     45.000      3.679     40.000      3.092     179.5043 
4     60.000      5.360     65.000      5.284     45.000      3.679     40.000      3.092     325.3622 
4     65.000      5.284     70.000      5.285     50.000      4.267     45.000      3.679     196.7988 
4     65.000      5.284     70.000      5.285     50.000      4.267     45.000      3.679     350.0551 
4     70.000      5.285     75.000      5.691     55.000      4.857     50.000      4.267     638.7549 
4     70.000      5.285     75.000      5.691     55.000      4.857     50.000      4.267     224.3003 
4     75.000      5.691     80.000      6.130     60.000      5.360     55.000      4.857     945.3901 
4     80.000      6.130     85.000      6.766     65.000      5.284     60.000      5.360     175.9323 
4     80.000      6.130     85.000      6.766     65.000      5.284     60.000      5.360     848.6541 
4     85.000      6.766     90.000      7.374     70.000      5.285     65.000      5.284     292.9787 
4     85.000      6.766     90.000      7.374     70.000      5.285     65.000      5.284     534.3284 
4     90.000      7.374     95.000      7.834     75.000      5.691     70.000      5.285     345.3144 
4     90.000      7.374     95.000      7.834     75.000      5.691     70.000      5.285     337.3034 
4     95.000      7.834    100.000      8.228     80.000      6.130     75.000      5.691     349.1974 
4     95.000      7.834    100.000      8.228     80.000      6.130     75.000      5.691     252.1034 
4    100.000      8.228    105.000      8.278     85.000      6.766     80.000      6.130     639.3110 
4    100.000      8.228    105.000      8.278     85.000      6.766     80.000      6.130     296.3716 
4    105.000      8.278    110.000      8.351     90.000      7.374     85.000      6.766     945.6540 
4    105.000      8.278    110.000      8.351     90.000      7.374     85.000      6.766     435.3776 
4    110.000      8.351    115.000      8.550     95.000      7.834     90.000      7.374     333.1659 
4    110.000      8.351    115.000      8.550     95.000      7.834     90.000      7.374     848.5316 
4    115.000      8.550    120.000      8.816    100.000      8.228     95.000      7.834     533.5178 
4    115.000      8.550    120.000      8.816    100.000      8.228     95.000      7.834     378.6876 
4    120.000      8.816    125.000      9.468    105.000      8.278    100.000      8.228     461.5597 
4    120.000      8.816    125.000      9.468    105.000      8.278    100.000      8.228     344.5981 
4    125.000      9.468    130.000     10.168    110.000      8.351    105.000      8.278     252.1976 
4    125.000      9.468    130.000     10.168    110.000      8.351    105.000      8.278     320.8477 
4    130.000     10.168    135.000     11.084    115.000      8.550    110.000      8.351     322.9023 
4    130.000     10.168    135.000     11.084    115.000      8.550    110.000      8.351     296.1360 
4    135.000     11.084    140.000     12.081    120.000      8.816    115.000      8.550     439.2983 
4    135.000     11.084    140.000     12.081    120.000      8.816    115.000      8.550     435.4247 
4    140.000     12.081    145.000     13.307    125.000      9.468    120.000      8.816     332.8172 
4    140.000     12.081    145.000     13.307    125.000      9.468    120.000      8.816     543.4327 
4    145.000     13.307    150.000     14.565    130.000     10.168    125.000      9.468     423.1725 
4    145.000     13.307    150.000     14.565    130.000     10.168    125.000      9.468     371.9771 
4    150.000     14.565    155.000     15.894    135.000     11.084    130.000     10.168     470.9562 
4    150.000     14.565    155.000     15.894    135.000     11.084    130.000     10.168     452.7946 
4    155.000     15.894    160.000     16.714    140.000     12.081    135.000     11.084     537.9098 
4    155.000     15.894    160.000     16.714    140.000     12.081    135.000     11.084     320.9985 
4    160.000     16.714    165.000     16.724    145.000     13.307    140.000     12.081     517.2695 
4    160.000     16.714    165.000     16.724    145.000     13.307    140.000     12.081     322.0258 
4    165.000     16.724    170.000     17.326    150.000     14.565    145.000     13.307     440.4858 
4    165.000     16.724    170.000     17.326    150.000     14.565    145.000     13.307     646.9827 
4    170.000     17.326    175.000     18.726    155.000     15.894    150.000     14.565     543.4515 
4    170.000     17.326    175.000     18.726    155.000     15.894    150.000     14.565     865.0721 
4    175.000     18.726    180.000     20.156    160.000     16.714    155.000     15.894     422.5316 
4    175.000     18.726    180.000     20.156    160.000     16.714    155.000     15.894    1073.6331 
4    180.000     20.156    185.000     21.617    165.000     16.724    160.000     16.714    1744.7338 
4    180.000     20.156    185.000     21.617    165.000     16.724    160.000     16.714     472.0023 
4    185.000     21.617    190.000     22.557    170.000     17.326    165.000     16.724     625.0984 
4    185.000     21.617    190.000     22.557    170.000     17.326    165.000     16.724     535.5724 
4    190.000     22.557    195.000     23.140    175.000     18.726    170.000     17.326     628.8118 
4    190.000     22.557    195.000     23.140    175.000     18.726    170.000     17.326     531.0014 
4    195.000     23.140    200.000     23.823    180.000     20.156    175.000     18.726     654.8901 
4    195.000     23.140    200.000     23.823    180.000     20.156    175.000     18.726     728.8275 
4    200.000     23.823    205.000     24.571    185.000     21.617    180.000     20.156    1885.6437 
4    200.000     23.823    205.000     24.571    185.000     21.617    180.000     20.156     845.9115 
4    205.000     24.571    210.000     25.179    190.000     22.557    185.000     21.617     887.1921 
4    205.000     24.571    210.000     25.179    190.000     22.557    185.000     21.617     796.1958 
4    210.000     25.179    215.000     25.710    195.000     23.140    190.000     22.557    1491.8104 
4    210.000     25.179    215.000     25.710    195.000     23.140    190.000     22.557     662.8164 
4    215.000     25.710    220.000     26.485    200.000     23.823    195.000     23.140     413.5498 
4    215.000     25.710    220.000     26.485    200.000     23.823    195.000     23.140     636.5872 
4    220.000     26.485    225.000     27.421    205.000     24.571    200.000     23.823     533.7629 
4    220.000     26.485    225.000     27.421    205.000     24.571    200.000     23.823     628.9814 
4    225.000     27.421    230.000     28.124    210.000     25.179    205.000     24.571     727.7719 
4    225.000     27.421    230.000     28.124    210.000     25.179    205.000     24.571     524.1213 
4    230.000     28.124    235.000     28.728    215.000     25.710    210.000     25.179    1885.9546 
4    230.000     28.124    235.000     28.728    215.000     25.710    210.000     25.179     324.1558 
4    235.000     28.728    240.000     29.380    220.000     26.485    215.000     25.710     892.4699 
4    235.000     28.728    240.000     29.380    220.000     26.485    215.000     25.710     337.6427 
4    240.000     29.380    245.000     30.049    225.000     27.421    220.000     26.485     700.6569 
4    240.000     29.380    245.000     30.049    225.000     27.421    220.000     26.485     391.8257 
4    245.000     30.049    250.000     30.452    230.000     28.124    225.000     27.421     297.8889 
4    245.000     30.049    250.000     30.452    230.000     28.124    225.000     27.421     410.0815 
4    250.000     30.452    255.000     30.756    235.000     28.728    230.000     28.124     535.2614 
4    250.000     30.452    255.000     30.756    235.000     28.728    230.000     28.124     173.7929 
4    255.000     30.756    260.000     31.019    240.000     29.380    235.000     28.728     519.9650 
4    255.000     30.756    260.000     31.019    240.000     29.380    235.000     28.728     158.5248 
4    260.000     31.019    265.000     31.269    245.000     30.049    240.000     29.380     177.3555 
4    260.000     31.019    265.000     31.269    245.000     30.049    240.000     29.380     324.4574 
4    265.000     31.269    270.000     32.669    250.000     30.452    245.000     30.049     337.6144 
4    265.000     31.269    270.000     32.669    250.000     30.452    245.000     30.049     169.8439 
4    270.000     32.669    275.000     34.364    255.000     30.756    250.000     30.452     208.6646 
4    270.000     32.669    275.000     34.364    255.000     30.756    250.000     30.452     392.6457 
4    275.000     34.364    280.000     35.486    260.000     31.019    255.000     30.756     298.5110 
4    275.000     34.364    280.000     35.486    260.000     31.019    255.000     30.756     248.3429 
4    280.000     35.486    285.000     36.550    265.000     31.269    260.000     31.019     173.7269 
4    280.000     35.486    285.000     36.550    265.000     31.269    260.000     31.019     219.8329 
4    285.000     36.550    290.000     36.795    270.000     32.669    265.000     31.269     158.3740 
4    285.000     36.550    290.000     36.795    270.000     32.669    265.000     31.269     153.1715 
4    290.000     36.795    295.000     36.983    275.000     34.364    270.000     32.669     177.6382 
4    290.000     36.795    295.000     36.983    275.000     34.364    270.000     32.669     232.0380 
4    295.000     36.983    300.000     37.471    280.000     35.486    275.000     34.364     381.6375 
4    295.000     36.983    300.000     37.471    280.000     35.486    275.000     34.364     170.3623 
4    300.000     37.471    305.000     37.970    285.000     36.550    280.000     35.486     207.2414 
4    300.000     37.471    305.000     37.970    285.000     36.550    280.000     35.486     312.3089 
4    305.000     37.970    310.000     38.086    290.000     36.795    285.000     36.550     186.6106 
4    305.000     37.970    310.000     38.086    290.000     36.795    285.000     36.550     247.9753 
4    310.000     38.086    315.000     38.185    295.000     36.983    290.000     36.795     229.4368 
4    310.000     38.086    315.000     38.185    295.000     36.983    290.000     36.795     218.8528 
4    315.000     38.185    320.000     38.413    300.000     37.471    295.000     36.983     153.1338 
4    315.000     38.185    320.000     38.413    300.000     37.471    295.000     36.983     308.2279 
4    320.000     38.413    325.000     38.647    305.000     37.970    300.000     37.471     340.8942 
4    320.000     38.413    325.000     38.647    305.000     37.970    300.000     37.471     232.5187 
4    325.000     38.647    330.000     39.464    310.000     38.086    305.000     37.970     340.3382 
4    325.000     38.647    330.000     39.464    310.000     38.086    305.000     37.970     381.8732 
4    330.000     39.464    335.000     40.289    315.000     38.185    310.000     38.086     312.0450 
4    330.000     39.464    335.000     40.289    315.000     38.185    310.000     38.086     260.5291 
4    335.000     40.289    340.000     41.889    320.000     38.413    315.000     38.185     223.6029 
4    335.000     40.289    340.000     41.889    320.000     38.413    315.000     38.185     186.8556 
4    340.000     41.889    345.000     43.449    325.000     38.647    320.000     38.413     230.0400 
4    340.000     41.889    345.000     43.449    325.000     38.647    320.000     38.413     208.3159 
4    345.000     43.449    350.000     44.470    330.000     39.464    325.000     38.647     307.9169 
4    345.000     43.449    350.000     44.470    330.000     39.464    325.000     38.647     329.0096 
4    350.000     44.470    355.000     45.382    335.000     40.289    330.000     39.464     349.2163 
4    350.000     44.470    355.000     45.382    335.000     40.289    330.000     39.464     342.0629 
4      0.000      0.000     45.000      3.679     10.000      0.261     15.000      0.518     256.6136 
4      0.000      0.000     45.000      3.679     30.000      1.731     35.000      2.415     217.7173 
4      0.000      0.000     45.000      3.679     10.000      0.261     15.000      0.518     261.5765 
4      0.000      0.000     45.000      3.679     30.000      1.731     35.000      2.415     287.5436 
4      5.000      0.130     50.000      4.267     15.000      0.518     20.000      0.779     265.7856 
4      5.000      0.130     50.000      4.267     35.000      2.415     40.000      3.092     273.7799 
4      5.000      0.130     50.000      4.267     15.000      0.518     20.000      0.779     306.2933 
4      5.000      0.130     50.000      4.267     35.000      2.415     40.000      3.092     232.9555 
4     10.000      0.261     55.000      4.857     20.000      0.779     25.000      1.251     246.4669 
4     10.000      0.261     55.000      4.857     20.000      0.779     25.000      1.251     277.1182 
4     10.000      0.261     55.000      4.857     40.000      3.092     45.000      3.679     241.2566 
4     10.000      0.261     55.000      4.857     40.000      3.092     45.000      3.679     397.5181 
4     15.000      0.518     60.000      5.360     25.000      1.251     30.000      1.731     255.8863 
4     15.000      0.518     60.000      5.360     45.000      3.679     50.000      4.267     252.2874 
4     15.000      0.518     60.000      5.360     45.000      3.679     50.000      4.267     346.8554 
4     15.000      0.518     60.000      5.360     25.000      1.251     30.000      1.731     230.3908 
4     20.000      0.779     65.000      5.284     50.000      4.267     55.000      4.857     487.7532 
4     20.000      0.779     65.000      5.284     50.000      4.267     55.000      4.857     250.6612 
4     20.000      0.779     65.000      5.284     30.000      1.731     35.000      2.415     303.9661 
4     20.000      0.779     65.000      5.284     30.000      1.731     35.000      2.415     213.5643 
4     25.000      1.251     70.000      5.285     55.000      4.857     60.000      5.360     225.1162 
4     25.000      1.251     70.000      5.285     35.000      2.415     40.000      3.092     320.1031 
4     25.000      1.251     70.000      5.285     55.000      4.857     60.000      5.360     838.2190 
4     25.000      1.251     70.000      5.285     35.000      2.415     40.000      3.092     216.4259 
4     30.000      1.731     75.000      5.691     40.000      3.092     45.000      3.679     232.9539 
4     30.000      1.731     75.000      5.691     60.000      5.360     65.000      5.284     189.1211 
4     30.000      1.731     75.000      5.691     60.000      5.360     65.000      5.284     626.0864 
4     30.000      1.731     75.000      5.691     40.000      3.092     45.000      3.679     280.7797 
4     35.000      2.415     80.000      6.130     45.000      3.679     50.000      4.267     228.2203 
4     35.000      2.415     80.000      6.130     45.000      3.679     50.000      4.267     306.4236 
4     35.000      2.415     80.000      6.130     65.000      5.284     70.000      5.285     536.2255 
4     35.000      2.415     80.000      6.130     65.000      5.284     70.000      5.285     233.4487 
4     40.000      3.092     85.000      6.766     50.000      4.267     55.000      4.857     225.1377 
4     40.000      3.092     85.000      6.766     70.000      5.285     75.000      5.691     460.4781 
4     40.000      3.092     85.000      6.766     50.000      4.267     55.000      4.857     276.2094 
4     40.000      3.092     85.000      6.766     70.000      5.285     75.000      5.691     390.9785 
4     45.000      3.679     90.000      7.374     55.000      4.857     60.000      5.360     230.1550 
4     45.000      3.679     90.000      7.374     75.000      5.691     80.000      6.130     347.2331 
4     45.000      3.679     90.000      7.374     75.000      5.691     80.000      6.130     304.5186 
4     45.000      3.679     90.000      7.374     55.000      4.857     60.000      5.360     494.7646 
4     50.000      4.267     95.000      7.834     80.000      6.130     85.000      6.766     326.8671 
4     50.000      4.267     95.000      7.834     80.000      6.130     85.000      6.766     486.5031 
4     50.000      4.267     95.000      7.834     60.000      5.360     65.000      5.284     213.3284 
4     50.000      4.267     95.000      7.834     60.000      5.360     65.000      5.284     314.9209 
4     55.000      4.857    100.000      8.228     65.000      5.284     70.000      5.285     216.0350 
4     55.000      4.857    100.000      8.228     85.000      6.766     90.000      7.374     458.4313 
4     55.000      4.857    100.000      8.228     65.000      5.284     70.000      5.285     390.9323 
4     55.000      4.857    100.000      8.228     85.000      6.766     90.000      7.374     837.5313 
4     60.000      5.360    105.000      8.278     90.000      7.374     95.000      7.834     393.5481 
4     60.000      5.360    105.000      8.278     70.000      5.285     75.000      5.691     697.0837 
4     60.000      5.360    105.000      8.278     90.000      7.374     95.000      7.834     625.1743 
4     60.000      5.360    105.000      8.278     70.000      5.285     75.000      5.691     232.4822 
4     65.000      5.284    110.000      8.351     95.000      7.834    100.000      8.228     535.7604 
4     65.000      5.284    110.000      8.351     75.000      5.691     80.000      6.130     226.3219 
4     65.000      5.284    110.000      8.351     95.000      7.834    100.000      8.228     371.7323 
4     65.000      5.284    110.000      8.351     75.000      5.691     80.000      6.130     637.6053 
4     70.000      5.285    115.000      8.550    100.000      8.228    105.000      8.278     460.1268 
4     70.000      5.285    115.000      8.550     80.000      6.130     85.000      6.766     692.0203 
4     70.000      5.285    115.000      8.550     80.000      6.130     85.000      6.766     225.0767 
4     70.000      5.285    115.000      8.550    100.000      8.228    105.000      8.278     431.1711 
4     75.000      5.691    120.000      8.816    105.000      8.278    110.000      8.351     300.8372 
4     75.000      5.691    120.000      8.816     85.000      6.766     90.000      7.374     567.4689 
4     75.000      5.691    120.000      8.816     85.000      6.766     90.000      7.374     447.3049 
4     75.000      5.691    120.000      8.816    105.000      8.278    110.000      8.351     436.4704 
4     80.000      6.130    125.000      9.468     90.000      7.374     95.000      7.834     347.4442 
4     80.000      6.130    125.000      9.468     90.000      7.374     95.000      7.834     314.0715 
4     80.000      6.130    125.000      9.468    110.000      8.351    115.000      8.550     325.8362 
4     80.000      6.130    125.000      9.468    110.000      8.351    115.000      8.550     342.1169 
4     85.000      6.766    130.000     10.168     95.000      7.834    100.000      8.228     390.1686 
4     85.000      6.766    130.000     10.168     95.000      7.834    100.000      8.228     320.7200 
4     85.000      6.766    130.000     10.168    115.000      8.550    120.000      8.816     457.6116 
4     85.000      6.766    130.000     10.168    115.000      8.550    120.000      8.816     485.0764 
4     90.000      7.374    135.000     11.084    120.000      8.816    125.000      9.468     654.3362 
4     90.000      7.374    135.000     11.084    120.000      8.816    125.000      9.468     391.6513 
4     90.000      7.374    135.000     11.084    100.000      8.228    105.000      8.278     405.7153 
4     90.000      7.374    135.000     11.084    100.000      8.228    105.000      8.278     693.2721 
4     95.000      7.834    140.000     12.081    125.000      9.468    130.000     10.168     370.5201 
4     95.000      7.834    140.000     12.081    105.000      8.278    110.000      8.351     413.4209 
4     95.000      7.834    140.000     12.081    105.000      8.278    110.000      8.351     635.0027 
4     95.000      7.834    140.000     12.081    125.000      9.468    130.000     10.168     514.4493 
4    100.000      8.228    145.000     13.307    130.000     10.168    135.000     11.084     429.3568 
4    100.000      8.228    145.000     13.307    130.000     10.168    135.000     11.084     567.8071 
4    100.000      8.228    145.000     13.307    110.000      8.351    115.000      8.550     689.1058 
4    100.000      8.228    145.000     13.307    110.000      8.351    115.000      8.550     370.3799 
4    105.000      8.278    150.000     14.565    115.000      8.550    120.000      8.816     567.5910 
4    105.000      8.278    150.000     14.565    135.000     11.084    140.000     12.081     436.6320 
4    105.000      8.278    150.000     14.565    135.000     11.084    140.000     12.081     668.0224 
4    105.000      8.278    150.000     14.565    115.000      8.550    120.000      8.816     465.9820 
4    110.000      8.351    155.000     15.894    140.000     12.081    145.000     13.307     340.5384 
4    110.000      8.351    155.000     15.894    140.000     12.081    145.000     13.307     650.9913 
4    110.000      8.351    155.000     15.894    120.000      8.816    125.000      9.468     580.2629 
4    110.000      8.351    155.000     15.894    120.000      8.816    125.000      9.468     346.1313 
4    115.000      8.550    160.000     16.714    145.000     13.307    150.000     14.565     483.6926 
4    115.000      8.550    160.000     16.714    125.000      9.468    130.000     10.168     422.1542 
4    115.000      8.550    160.000     16.714    145.000     13.307    150.000     14.565     695.8615 
4    115.000      8.550    160.000     16.714    125.000      9.468    130.000     10.168     320.8091 
4    120.000      8.816    165.000     16.724    130.000     10.168    135.000     11.084     535.4092 
4    120.000      8.816    165.000     16.724    150.000     14.565    155.000     15.894     855.5370 
4    120.000      8.816    165.000     16.724    130.000     10.168    135.000     11.084     406.8418 
4    120.000      8.816    165.000     16.724    150.000     14.565    155.000     15.894     655.1873 
4    125.000      9.468    170.000     17.326    135.000     11.084    140.000     12.081     412.7398 
4    125.000      9.468    170.000     17.326    155.000     15.894    160.000     16.714     946.6414 
4    125.000      9.468    170.000     17.326    155.000     15.894    160.000     16.714     513.4614 
4    125.000      9.468    170.000     17.326    135.000     11.084    140.000     12.081     643.3334 
4    130.000     10.168    175.000     18.726    140.000     12.081    145.000     13.307     370.2331 
4    130.000     10.168    175.000     18.726    160.000     16.714    165.000     16.724     569.9083 
4    130.000     10.168    175.000     18.726    140.000     12.081    145.000     13.307     572.7551 
4    130.000     10.168    175.000     18.726    160.000     16.714    165.000     16.724     953.3674 
4    135.000     11.084    180.000     20.156    165.000     16.724    170.000     17.326     666.9338 
4    135.000     11.084    180.000     20.156    145.000     13.307    150.000     14.565     568.6432 
4    135.000     11.084    180.000     20.156    165.000     16.724    170.000     17.326    1128.5187 
4    135.000     11.084    180.000     20.156    145.000     13.307    150.000     14.565     464.6246 
4    140.000     12.081    185.000     21.617    150.000     14.565    155.000     15.894     577.5381 
4    140.000     12.081    185.000     21.617    170.000     17.326    175.000     18.726     648.6641 
4    140.000     12.081    185.000     21.617    170.000     17.326    175.000     18.726     736.1696 
4    140.000     12.081    185.000     21.617    150.000     14.565    155.000     15.894     573.7875 
4    145.000     13.307    190.000     22.557    155.000     15.894    160.000     16.714     583.5961 
4    145.000     13.307    190.000     22.557    155.000     15.894    160.000     16.714     421.8227 
4    145.000     13.307    190.000     22.557    175.000     18.726    180.000     20.156     690.6364 
4    145.000     13.307    190.000     22.557    175.000     18.726    180.000     20.156     832.3193 
4    150.000     14.565    195.000     23.140    160.000     16.714    165.000     16.724     531.7723 
4    150.000     14.565    195.000     23.140    180.000     20.156    185.000     21.617    1706.7594 
4    150.000     14.565    195.000     23.140    160.000     16.714    165.000     16.724     595.8013 
4    150.000     14.565    195.000     23.140    180.000     20.156    185.000     21.617     851.8062 
4    155.000     15.894    200.000     23.823    165.000     16.724    170.000     17.326     746.7238 
4    155.000     15.894    200.000     23.823    185.000     21.617    190.000     22.557     730.1133 
4    155.000     15.894    200.000     23.823    185.000     21.617    190.000     22.557     992.5524 
4    155.000     15.894    200.000     23.823    165.000     16.724    170.000     17.326     640.3119 
4    160.000     16.714    205.000     24.571    190.000     22.557    195.000     23.140     950.4860 
4    160.000     16.714    205.000     24.571    170.000     17.326    175.000     18.726     855.8521 
4    160.000     16.714    205.000     24.571    170.000     17.326    175.000     18.726     569.9858 
4    160.000     16.714    205.000     24.571    190.000     22.557    195.000     23.140     736.0823 
4    165.000     16.724    210.000     25.179    175.000     18.726    180.000     20.156     987.2415 
4    165.000     16.724    210.000     25.179    195.000     23.140    200.000     23.823    1482.2666 
4    165.000     16.724    210.000     25.179    195.000     23.140    200.000     23.823     652.3339 
4    165.000     16.724    210.000     25.179    175.000     18.726    180.000     20.156     569.6873 
4    170.000     17.326    215.000     25.710    200.000     23.823    205.000     24.571     732.4900 
4    170.000     17.326    215.000     25.710    200.000     23.823    205.000     24.571     637.4321 
4    170.000     17.326    215.000     25.710    180.000     20.156    185.000     21.617     572.7287 
4    170.000     17.326    215.000     25.710    180.000     20.156    185.000     21.617    1723.5002 
4    175.000     18.726    220.000     26.485    185.000     21.617    190.000     22.557     600.7113 
4    175.000     18.726    220.000     26.485    205.000     24.571    210.000     25.179     827.5445 
4    175.000     18.726    220.000     26.485    185.000     21.617    190.000     22.557     583.3405 
4    180.000     20.156    225.000     27.421    190.000     22.557    195.000     23.140     594.6649 
4    180.000     20.156    225.000     27.421    210.000     25.179    215.000     25.710    1706.4197 
4    180.000     20.156    225.000     27.421    210.000     25.179    215.000     25.710     562.3164 
4    180.000     20.156    225.000     27.421    190.000     22.557    195.000     23.140     668.0273 
4    185.000     21.617    230.000     28.124    215.000     25.710    220.000     26.485     729.3232 
4    185.000     21.617    230.000     28.124    195.000     23.140    200.000     23.823     749.1433 
4    185.000     21.617    230.000     28.124    195.000     23.140    200.000     23.823    1036.7760 
4    190.000     22.557    235.000     28.728    220.000     26.485    225.000     27.421     402.6211 
4    190.000     22.557    235.000     28.728    200.000     23.823    205.000     24.571     895.1277 
4    190.000     22.557    235.000     28.728    220.000     26.485    225.000     27.421     735.7903 
4    190.000     22.557    235.000     28.728    200.000     23.823    205.000     24.571    1079.6306 
4    195.000     23.140    240.000     29.380    225.000     27.421    230.000     28.124     310.4496 
4    195.000     23.140    240.000     29.380    205.000     24.571    210.000     25.179    1046.3289 
4    195.000     23.140    240.000     29.380    225.000     27.421    230.000     28.124     643.4637 
4    195.000     23.140    240.000     29.380    205.000     24.571    210.000     25.179     982.1236 
4    200.000     23.823    245.000     30.049    230.000     28.124    235.000     28.728     225.2845 
4    200.000     23.823    245.000     30.049    230.000     28.124    235.000     28.728     642.4527 
4    200.000     23.823    245.000     30.049    210.000     25.179    215.000     25.710     758.1421 
4    200.000     23.823    245.000     30.049    210.000     25.179    215.000     25.710    2005.1128 
4    205.000     24.571    250.000     30.452    215.000     25.710    220.000     26.485     490.4482 
4    205.000     24.571    250.000     30.452    215.000     25.710    220.000     26.485     592.4548 
4    205.000     24.571    250.000     30.452    235.000     28.728    240.000     29.380     236.0876 
4    210.000     25.179    255.000     30.756    240.000     29.380    245.000     30.049     313.1957 
4    210.000     25.179    255.000     30.756    220.000     26.485    225.000     27.421     667.2966 
4    210.000     25.179    255.000     30.756    220.000     26.485    225.000     27.421     575.7453 
4    210.000     25.179    255.000     30.756    240.000     29.380    245.000     30.049     479.6665 
4    215.000     25.710    260.000     31.019    245.000     30.049    250.000     30.452     438.1593 
4    215.000     25.710    260.000     31.019    245.000     30.049    250.000     30.452     302.6664 
4    215.000     25.710    260.000     31.019    225.000     27.421    230.000     28.124    1059.9014 
4    215.000     25.710    260.000     31.019    225.000     27.421    230.000     28.124     524.9276 
4    220.000     26.485    265.000     31.269    250.000     30.452    255.000     30.756     408.6692 
4    220.000     26.485    265.000     31.269    250.000     30.452    255.000     30.756     282.0381 
4    220.000     26.485    265.000     31.269    230.000     28.124    235.000     28.728     310.1296 
4    220.000     26.485    265.000     31.269    230.000     28.124    235.000     28.728    1094.7584 
4    225.000     27.421    270.000     32.669    235.000     28.728    240.000     29.380     341.6484 
4    225.000     27.421    270.000     32.669    255.000     30.756    260.000     31.019     307.5220 
4    225.000     27.421    270.000     32.669    235.000     28.728    240.000     29.380    1046.5220 
4    225.000     27.421    270.000     32.669    255.000     30.756    260.000     31.019     312.8807 
4    230.000     28.124    275.000     34.364    240.000     29.380    245.000     30.049     424.6133 
4    230.000     28.124    275.000     34.364    240.000     29.380    245.000     30.049     762.0807 
4    230.000     28.124    275.000     34.364    260.000     31.019    265.000     31.269     225.9937 
4    230.000     28.124    275.000     34.364    260.000     31.019    265.000     31.269     304.0271 
4    235.000     28.728    280.000     35.486    265.000     31.269    270.000     32.669     282.8216 
4    235.000     28.728    280.000     35.486    245.000     30.049    250.000     30.452     488.7791 
4    235.000     28.728    280.000     35.486    265.000     31.269    270.000     32.669     236.1767 
4    235.000     28.728    280.000     35.486    245.000     30.049    250.000     30.452     364.6864 
4    240.000     29.380    285.000     36.550    250.000     30.452    255.000     30.756     273.2604 
4    240.000     29.380    285.000     36.550    270.000     32.669    275.000     34.364     319.5589 
4    240.000     29.380    285.000     36.550    250.000     30.452    255.000     30.756     572.9183 
4    240.000     29.380    285.000     36.550    270.000     32.669    275.000     34.364     312.5838 
4    245.000     30.049    290.000     36.795    275.000     34.364    280.000     35.486     303.4729 
4    245.000     30.049    290.000     36.795    275.000     34.364    280.000     35.486     419.2448 
4    245.000     30.049    290.000     36.795    255.000     30.756    260.000     31.019     264.4562 
4    245.000     30.049    290.000     36.795    255.000     30.756    260.000     31.019     525.0298 
4    250.000     30.452    295.000     36.983    260.000     31.019    265.000     31.269     269.2640 
4    250.000     30.452    295.000     36.983    280.000     35.486    285.000     36.550     280.4729 
4    250.000     30.452    295.000     36.983    280.000     35.486    285.000     36.550     353.4346 
4    250.000     30.452    295.000     36.983    260.000     31.019    265.000     31.269     309.3528 
4    255.000     30.756    300.000     37.471    265.000     31.269    270.000     32.669     341.7474 
4    255.000     30.756    300.000     37.471    265.000     31.269    270.000     32.669     271.7661 
4    255.000     30.756    300.000     37.471    285.000     36.550    290.000     36.795     307.3538 
4    255.000     30.756    300.000     37.471    285.000     36.550    290.000     36.795     234.6065 
4    260.000     31.019    305.000     37.970    270.000     32.669    275.000     34.364     424.0163 
4    260.000     31.019    305.000     37.970    290.000     36.795    295.000     36.983     280.6016 
4    260.000     31.019    305.000     37.970    290.000     36.795    295.000     36.983     302.7818 
4    260.000     31.019    305.000     37.970    270.000     32.669    275.000     34.364     324.4112 
4    265.000     31.269    310.000     38.086    295.000     36.983    300.000     37.471     363.2663 
4    265.000     31.269    310.000     38.086    295.000     36.983    300.000     37.471     282.1981 
4    265.000     31.269    310.000     38.086    275.000     34.364    280.000     35.486     360.6966 
4    265.000     31.269    310.000     38.086    275.000     34.364    280.000     35.486     364.4439 
4    270.000     32.669    315.000     38.185    280.000     35.486    285.000     36.550     272.4934 
4    270.000     32.669    315.000     38.185    280.000     35.486    285.000     36.550     299.0543 
4    270.000     32.669    315.000     38.185    300.000     37.471    305.000     37.970     319.2356 
4    270.000     32.669    315.000     38.185    300.000     37.471    305.000     37.970     398.5505 
4    275.000     34.364    320.000     38.413    285.000     36.550    290.000     36.795     213.0761 
4    275.000     34.364    320.000     38.413    305.000     37.970    310.000     38.086     416.5794 
4    275.000     34.364    320.000     38.413    305.000     37.970    310.000     38.086     508.4540 
4    275.000     34.364    320.000     38.413    285.000     36.550    290.000     36.795     263.1961 
4    280.000     35.486    325.000     38.647    310.000     38.086    315.000     38.185     353.1179 
4    280.000     35.486    325.000     38.647    310.000     38.086    315.000     38.185     380.6388 
4    280.000     35.486    325.000     38.647    290.000     36.795    295.000     36.983     269.0612 
4    280.000     35.486    325.000     38.647    290.000     36.795    295.000     36.983     297.6920 
4    285.000     36.550    330.000     39.464    295.000     36.983    300.000     37.471     381.3513 
4    285.000     36.550    330.000     39.464    295.000     36.983    300.000     37.471     270.2751 
4    285.000     36.550    330.000     39.464    315.000     38.185    320.000     38.413     233.4042 
4    285.000     36.550    330.000     39.464    315.000     38.185    320.000     38.413     356.5320 
4    290.000     36.795    335.000     40.289    320.000     38.413    325.000     38.647     281.6258 
4    290.000     36.795    335.000     40.289    300.000     37.471    305.000     37.970     324.3980 
4    290.000     36.795    335.000     40.289    300.000     37.471    305.000     37.970     368.0032 
4    290.000     36.795    335.000     40.289    320.000     38.413    325.000     38.647     332.1268 
4    295.000     36.983    340.000     41.889    325.000     38.647    330.000     39.464     405.7482 
4    295.000     36.983    340.000     41.889    305.000     37.970    310.000     38.086     360.3585 
4    295.000     36.983    340.000     41.889    305.000     37.970    310.000     38.086     337.5036 
4    295.000     36.983    340.000     41.889    325.000     38.647    330.000     39.464     363.2168 
4    300.000     37.471    345.000     43.449    310.000     38.086    315.000     38.185     353.9492 
4    300.000     37.471    345.000     43.449    330.000     39.464    335.000     40.289     478.9442 
4    300.000     37.471    345.000     43.449    330.000     39.464    335.000     40.289     398.8870 
4    300.000     37.471    345.000     43.449    310.000     38.086    315.000     38.185     299.7173 
4    305.000     37.970    350.000     44.470    315.000     38.185    320.000     38.413     212.9573 
4    305.000     37.970    350.000     44.470    315.000     38.185    320.000     38.413     382.5124 
4    305.000     37.970    350.000     44.470    335.000     40.289    340.000     41.889     517.8272 
4    305.000     37.970    350.000     44.470    335.000     40.289    340.000     41.889     508.7031 
4    310.000     38.086    355.000     45.382    320.000     38.413    325.000     38.647     297.7761 
4    310.000     38.086    355.000     45.382    320.000     38.413    325.000     38.647     481.5699 
4    310.000     38.086    355.000     45.382    340.000     41.889    345.000     43.449     380.4276 
4    310.000     38.086    355.000     45.382    340.000     41.889    345.000     43.449     553.5106 
4      0.000      0.000     90.000      7.374     70.000      5.285     80.000      6.130     320.8839 
4      0.000      0.000     90.000      7.374     10.000      0.261     20.000      0.779     310.1668 
4      0.000      0.000     90.000      7.374     70.000      5.285     80.000      6.130     353.8907 
4      0.000      0.000     90.000      7.374     10.000      0.261     20.000      0.779     283.1514 
4      5.000      0.130     95.000      7.834     15.000      0.518     25.000      1.251     275.8994 
4      5.000      0.130     95.000      7.834     15.000      0.518     25.000      1.251     304.7797 
4      5.000      0.130     95.000      7.834     75.000      5.691     85.000      6.766     468.9204 
4      5.000      0.130     95.000      7.834     75.000      5.691     85.000      6.766     321.2989 
4     10.000      0.261    100.000      8.228     80.000      6.130     90.000      7.374     770.9666 
4     10.000      0.261    100.000      8.228     80.000      6.130     90.000      7.374     439.3231 
4     10.000      0.261    100.000      8.228     20.000      0.779     30.000      1.731     269.0625 
4     10.000      0.261    100.000      8.228     20.000      0.779     30.000      1.731     267.6538 
4     15.000      0.518    105.000      8.278     25.000      1.251     35.000      2.415     282.6478 
4     15.000      0.518    105.000      8.278     25.000      1.251     35.000      2.415     226.2280 
4     15.000      0.518    105.000      8.278     85.000      6.766     95.000      7.834     441.0278 
4     15.000      0.518    105.000      8.278     85.000      6.766     95.000      7.834     705.8801 
4     20.000      0.779    110.000      8.351     90.000      7.374    100.000      8.228     405.1479 
4     20.000      0.779    110.000      8.351     30.000      1.731     40.000      3.092     216.3941 
4     20.000      0.779    110.000      8.351     90.000      7.374    100.000      8.228     575.3248 
4     20.000      0.779    110.000      8.351     30.000      1.731     40.000      3.092     331.0891 
4     25.000      1.251    115.000      8.550     35.000      2.415     45.000      3.679     329.9631 
4     25.000      1.251    115.000      8.550     35.000      2.415     45.000      3.679     228.7504 
4     25.000      1.251    115.000      8.550     95.000      7.834    105.000      8.278     452.8781 
4     25.000      1.251    115.000      8.550     95.000      7.834    105.000      8.278     454.3571 
4     30.000      1.731    120.000      8.816     40.000      3.092     50.000      4.267     230.2270 
4     30.000      1.731    120.000      8.816     40.000      3.092     50.000      4.267     310.0370 
4     30.000      1.731    120.000      8.816    100.000      8.228    110.000      8.351     476.8057 
4     30.000      1.731    120.000      8.816    100.000      8.228    110.000      8.351     320.4496 
4     35.000      2.415    125.000      9.468     45.000      3.679     55.000      4.857     304.0214 
4     35.000      2.415    125.000      9.468    105.000      8.278    115.000      8.550     321.1157 
4     35.000      2.415    125.000      9.468    105.000      8.278    115.000      8.550     396.5978 
4     35.000      2.415    125.000      9.468     45.000      3.679     55.000      4.857     224.5208 
4     40.000      3.092    130.000     10.168     50.000      4.267     60.000      5.360     260.2563 
4     40.000      3.092    130.000     10.168     50.000      4.267     60.000      5.360     267.3311 
4     40.000      3.092    130.000     10.168    110.000      8.351    120.000      8.816     438.9106 
4     40.000      3.092    130.000     10.168    110.000      8.351    120.000      8.816     488.7495 
4     45.000      3.679    135.000     11.084    115.000      8.550    125.000      9.468     656.5289 
4     45.000      3.679    135.000     11.084    115.000      8.550    125.000      9.468     440.4514 
4     45.000      3.679    135.000     11.084     55.000      4.857     65.000      5.284     413.3232 
4     45.000      3.679    135.000     11.084     55.000      4.857     65.000      5.284     225.7730 
4     50.000      4.267    140.000     12.081     60.000      5.360     70.000      5.285     216.2376 
4     50.000      4.267    140.000     12.081    120.000      8.816    130.000     10.168     636.6198 
4     50.000      4.267    140.000     12.081     60.000      5.360     70.000      5.285     319.4000 
4     50.000      4.267    140.000     12.081    120.000      8.816    130.000     10.168     405.2778 
4     55.000      4.857    145.000     13.307    125.000      9.468    135.000     11.084     627.0614 
4     55.000      4.857    145.000     13.307    125.000      9.468    135.000     11.084     454.4239 
4     55.000      4.857    145.000     13.307     65.000      5.284     75.000      5.691     434.9916 
4     55.000      4.857    145.000     13.307     65.000      5.284     75.000      5.691     229.7902 
4     60.000      5.360    150.000     14.565    130.000     10.168    140.000     12.081     721.4443 
4     60.000      5.360    150.000     14.565    130.000     10.168    140.000     12.081     476.8421 
4     60.000      5.360    150.000     14.565     70.000      5.285     80.000      6.130     230.2962 
4     60.000      5.360    150.000     14.565     70.000      5.285     80.000      6.130     700.1909 
4     65.000      5.284    155.000     15.894     75.000      5.691     85.000      6.766     223.1534 
4     65.000      5.284    155.000     15.894    135.000     11.084    145.000     13.307     396.3600 
4     65.000      5.284    155.000     15.894     75.000      5.691     85.000      6.766     690.2940 
4     65.000      5.284    155.000     15.894    135.000     11.084    145.000     13.307     756.2493 
4     70.000      5.285    160.000     16.714     80.000      6.130     90.000      7.374     259.6411 
4     70.000      5.285    160.000     16.714    140.000     12.081    150.000     14.565     487.5532 
4     70.000      5.285    160.000     16.714     80.000      6.130     90.000      7.374     666.1904 
4     70.000      5.285    160.000     16.714    140.000     12.081    150.000     14.565     791.8682 
4     75.000      5.691    165.000     16.724     85.000      6.766     95.000      7.834     505.0442 
4     75.000      5.691    165.000     16.724     85.000      6.766     95.000      7.834     389.2913 
4     75.000      5.691    165.000     16.724    145.000     13.307    155.000     15.894     931.9855 
4     75.000      5.691    165.000     16.724    145.000     13.307    155.000     15.894     644.5233 
4     80.000      6.130    170.000     17.326    150.000     14.565    160.000     16.714    1057.1149 
4     80.000      6.130    170.000     17.326    150.000     14.565    160.000     16.714     636.6161 
4     80.000      6.130    170.000     17.326     90.000      7.374    100.000      8.228     325.8123 
4     80.000      6.130    170.000     17.326     90.000      7.374    100.000      8.228     319.3066 
4     85.000      6.766    175.000     18.726     95.000      7.834    105.000      8.278     433.8753 
4     85.000      6.766    175.000     18.726     95.000      7.834    105.000      8.278     307.4235 
4     85.000      6.766    175.000     18.726    155.000     15.894    165.000     16.724    1087.9728 
4     85.000      6.766    175.000     18.726    155.000     15.894    165.000     16.724     624.3326 
4     90.000      7.374    180.000     20.156    160.000     16.714    170.000     17.326     722.2281 
4     90.000      7.374    180.000     20.156    100.000      8.228    110.000      8.351     699.8621 
4     90.000      7.374    180.000     20.156    160.000     16.714    170.000     17.326    1169.2570 
4     90.000      7.374    180.000     20.156    100.000      8.228    110.000      8.351     385.9098 
4     95.000      7.834    185.000     21.617    105.000      8.278    115.000      8.550     368.6772 
4     95.000      7.834    185.000     21.617    105.000      8.278    115.000      8.550     690.0865 
4     95.000      7.834    185.000     21.617    165.000     16.724    175.000     18.726     759.2072 
4     95.000      7.834    185.000     21.617    165.000     16.724    175.000     18.726     736.7538 
4    100.000      8.228    190.000     22.557    110.000      8.351    120.000      8.816     359.9499 
4    100.000      8.228    190.000     22.557    170.000     17.326    180.000     20.156     786.3659 
4    100.000      8.228    190.000     22.557    110.000      8.351    120.000      8.816     665.5328 
4    100.000      8.228    190.000     22.557    170.000     17.326    180.000     20.156     792.9650 
4    105.000      8.278    195.000     23.140    175.000     18.726    185.000     21.617     930.6096 
4    105.000      8.278    195.000     23.140    115.000      8.550    125.000      9.468     504.5637 
4    105.000      8.278    195.000     23.140    175.000     18.726    185.000     21.617    1365.9530 
4    105.000      8.278    195.000     23.140    115.000      8.550    125.000      9.468     442.3843 
4    110.000      8.351    200.000     23.823    120.000      8.816    130.000     10.168     453.6474 
4    110.000      8.351    200.000     23.823    180.000     20.156    190.000     22.557    1087.0822 
4    110.000      8.351    200.000     23.823    120.000      8.816    130.000     10.168     326.1606 
4    110.000      8.351    200.000     23.823    180.000     20.156    190.000     22.557    1098.3927 
4    115.000      8.550    205.000     24.571    185.000     21.617    195.000     23.140    1084.1776 
4    115.000      8.550    205.000     24.571    125.000      9.468    135.000     11.084     307.8312 
4    115.000      8.550    205.000     24.571    185.000     21.617    195.000     23.140     706.9818 
4    115.000      8.550    205.000     24.571    125.000      9.468    135.000     11.084     366.6571 
4    120.000      8.816    210.000     25.179    190.000     22.557    200.000     23.823     597.0418 
4    120.000      8.816    210.000     25.179    130.000     10.168    140.000     12.081     443.7723 
4    120.000      8.816    210.000     25.179    190.000     22.557    200.000     23.823    1488.5029 
4    120.000      8.816    210.000     25.179    130.000     10.168    140.000     12.081     385.8236 
4    125.000      9.468    215.000     25.710    195.000     23.140    205.000     24.571     732.4539 
4    125.000      9.468    215.000     25.710    135.000     11.084    145.000     13.307     520.6448 
4    125.000      9.468    215.000     25.710    135.000     11.084    145.000     13.307     368.8799 
4    130.000     10.168    220.000     26.485    140.000     12.081    150.000     14.565     360.4109 
4    130.000     10.168    220.000     26.485    140.000     12.081    150.000     14.565     477.8224 
4    130.000     10.168    220.000     26.485    200.000     23.823    210.000     25.179     617.1195 
4    130.000     10.168    220.000     26.485    200.000     23.823    210.000     25.179     785.9825 
4    135.000     11.084    225.000     27.421    145.000     13.307    155.000     15.894     491.7706 
4    135.000     11.084    225.000     27.421    205.000     24.571    215.000     25.710     579.9257 
4    135.000     11.084    225.000     27.421    205.000     24.571    215.000     25.710    1365.0977 
4    135.000     11.084    225.000     27.421    145.000     13.307    155.000     15.894     443.4823 
4    140.000     12.081    230.000     28.124    210.000     25.179    220.000     26.485     443.2105 
4    140.000     12.081    230.000     28.124    150.000     14.565    160.000     16.714     453.2979 
4    140.000     12.081    230.000     28.124    150.000     14.565    160.000     16.714     548.0825 
4    140.000     12.081    230.000     28.124    210.000     25.179    220.000     26.485    1087.1865 
4    145.000     13.307    235.000     28.728    215.000     25.710    225.000     27.421     407.0031 
4    145.000     13.307    235.000     28.728    155.000     15.894    165.000     16.724     365.3103 
4    145.000     13.307    235.000     28.728    215.000     25.710    225.000     27.421     709.4921 
4    145.000     13.307    235.000     28.728    155.000     15.894    165.000     16.724     568.8616 
4    150.000     14.565    240.000     29.380    160.000     16.714    170.000     17.326     443.1923 
4    150.000     14.565    240.000     29.380    160.000     16.714    170.000     17.326     648.9676 
4    150.000     14.565    240.000     29.380    220.000     26.485    230.000     28.124     597.1510 
4    150.000     14.565    240.000     29.380    220.000     26.485    230.000     28.124     350.7057 
4    155.000     15.894    245.000     30.049    165.000     16.724    175.000     18.726     518.5434 
4    155.000     15.894    245.000     30.049    165.000     16.724    175.000     18.726     810.4099 
4    155.000     15.894    245.000     30.049    225.000     27.421    235.000     28.728     544.4802 
4    155.000     15.894    245.000     30.049    225.000     27.421    235.000     28.728     248.8816 
4    160.000     16.714    250.000     30.452    170.000     17.326    180.000     20.156     998.4224 
4    160.000     16.714    250.000     30.452    230.000     28.124    240.000     29.380     211.5263 
4    160.000     16.714    250.000     30.452    230.000     28.124    240.000     29.380     615.3408 
4    160.000     16.714    250.000     30.452    170.000     17.326    180.000     20.156     476.5376 
4    165.000     16.724    255.000     30.756    175.000     18.726    185.000     21.617     488.1974 
4    165.000     16.724    255.000     30.756    175.000     18.726    185.000     21.617    1388.1796 
4    165.000     16.724    255.000     30.756    235.000     28.728    245.000     30.049     246.5302 
4    165.000     16.724    255.000     30.756    235.000     28.728    245.000     30.049     580.4196 
4    170.000     17.326    260.000     31.019    240.000     29.380    250.000     30.452     442.5650 
4    170.000     17.326    260.000     31.019    180.000     20.156    190.000     22.557    1454.6820 
4    170.000     17.326    260.000     31.019    240.000     29.380    250.000     30.452     271.2901 
4    170.000     17.326    260.000     31.019    180.000     20.156    190.000     22.557     547.8871 
4    175.000     18.726    265.000     31.269    245.000     30.049    255.000     30.756     412.3598 
4    175.000     18.726    265.000     31.269    185.000     21.617    195.000     23.140     572.1314 
4    175.000     18.726    265.000     31.269    185.000     21.617    195.000     23.140     689.3767 
4    175.000     18.726    265.000     31.269    245.000     30.049    255.000     30.756     271.2027 
4    180.000     20.156    270.000     32.669    190.000     22.557    200.000     23.823     774.4791 
4    180.000     20.156    270.000     32.669    190.000     22.557    200.000     23.823     646.5215 
4    180.000     20.156    270.000     32.669    250.000     30.452    260.000     31.019     297.9731 
4    180.000     20.156    270.000     32.669    250.000     30.452    260.000     31.019     348.4939 
4    185.000     21.617    275.000     34.364    255.000     30.756    265.000     31.269     251.0534 
4    185.000     21.617    275.000     34.364    195.000     23.140    205.000     24.571    1247.1705 
4    185.000     21.617    275.000     34.364    195.000     23.140    205.000     24.571     814.9805 
4    185.000     21.617    275.000     34.364    255.000     30.756    265.000     31.269     303.5664 
4    190.000     22.557    280.000     35.486    260.000     31.019    270.000     32.669     209.2308 
4    190.000     22.557    280.000     35.486    200.000     23.823    210.000     25.179     992.9795 
4    190.000     22.557    280.000     35.486    200.000     23.823    210.000     25.179    1222.7988 
4    190.000     22.557    280.000     35.486    260.000     31.019    270.000     32.669     300.9105 
4    195.000     23.140    285.000     36.550    205.000     24.571    215.000     25.710    1044.9478 
4    195.000     23.140    285.000     36.550    205.000     24.571    215.000     25.710    1397.2211 
4    200.000     23.823    290.000     36.795    210.000     25.179    220.000     26.485    1803.3798 
4    200.000     23.823    290.000     36.795    210.000     25.179    220.000     26.485     732.2549 
4    200.000     23.823    290.000     36.795    270.000     32.669    280.000     35.486     268.5820 
4    200.000     23.823    290.000     36.795    270.000     32.669    280.000     35.486     437.3878 
4    205.000     24.571    295.000     36.983    215.000     25.710    225.000     27.421     559.2073 
4    205.000     24.571    295.000     36.983    215.000     25.710    225.000     27.421     691.4223 
4    205.000     24.571    295.000     36.983    275.000     34.364    285.000     36.550     440.2367 
4    205.000     24.571    295.000     36.983    275.000     34.364    285.000     36.550     271.2112 
4    210.000     25.179    300.000     37.471    220.000     26.485    230.000     28.124     768.2779 
4    210.000     25.179    300.000     37.471    220.000     26.485    230.000     28.124     589.8785 
4    210.000     25.179    300.000     37.471    280.000     35.486    290.000     36.795     296.5365 
4    210.000     25.179    300.000     37.471    280.000     35.486    290.000     36.795     319.2144 
4    215.000     25.710    305.000     37.970    225.000     27.421    235.000     28.728    1260.3579 
4    215.000     25.710    305.000     37.970    225.000     27.421    235.000     28.728     498.7471 
4    215.000     25.710    305.000     37.970    285.000     36.550    295.000     36.983     308.9365 
4    215.000     25.710    305.000     37.970    285.000     36.550    295.000     36.983     287.9973 
4    220.000     26.485    310.000     38.086    230.000     28.124    240.000     29.380     367.8655 
4    220.000     26.485    310.000     38.086    230.000     28.124    240.000     29.380    1217.7139 
4    220.000     26.485    310.000     38.086    290.000     36.795    300.000     37.471     361.5442 
4    220.000     26.485    310.000     38.086    290.000     36.795    300.000     37.471     300.1801 
4    225.000     27.421    315.000     38.185    235.000     28.728    245.000     30.049    1051.5021 
4    225.000     27.421    315.000     38.185    295.000     36.983    305.000     37.970     420.6467 
4    225.000     27.421    315.000     38.185    235.000     28.728    245.000     30.049     438.2081 
4    230.000     28.124    320.000     38.413    300.000     37.471    310.000     38.086     436.9474 
4    230.000     28.124    320.000     38.413    240.000     29.380    250.000     30.452     729.6014 
4    230.000     28.124    320.000     38.413    240.000     29.380    250.000     30.452     461.1759 
4    230.000     28.124    320.000     38.413    300.000     37.471    310.000     38.086     476.2646 
4    235.000     28.728    325.000     38.647    305.000     37.970    315.000     38.185     442.9084 
4    235.000     28.728    325.000     38.647    305.000     37.970    315.000     38.185     392.7989 
4    235.000     28.728    325.000     38.647    245.000     30.049    255.000     30.756     361.1972 
4    235.000     28.728    325.000     38.647    245.000     30.049    255.000     30.756     559.9971 
4    240.000     29.380    330.000     39.464    310.000     38.086    320.000     38.413     320.2239 
4    240.000     29.380    330.000     39.464    310.000     38.086    320.000     38.413     356.3039 
4    240.000     29.380    330.000     39.464    250.000     30.452    260.000     31.019     591.3586 
4    240.000     29.380    330.000     39.464    250.000     30.452    260.000     31.019     271.1518 
4    245.000     30.049    335.000     40.289    255.000     30.756    265.000     31.269     252.4365 
4    245.000     30.049    335.000     40.289    315.000     38.185    325.000     38.647     289.5285 
4    245.000     30.049    335.000     40.289    255.000     30.756    265.000     31.269     497.4088 
4    245.000     30.049    335.000     40.289    315.000     38.185    325.000     38.647     343.2112 
4    250.000     30.452    340.000     41.889    260.000     31.019    270.000     32.669     253.1767 
4    250.000     30.452    340.000     41.889    320.000     38.413    330.000     39.464     388.3594 
4    250.000     30.452    340.000     41.889    260.000     31.019    270.000     32.669     367.7211 
4    250.000     30.452    340.000     41.889    320.000     38.413    330.000     39.464     361.9240 
4    255.000     30.756    345.000     43.449    265.000     31.269    275.000     34.364     275.1957 
4    255.000     30.756    345.000     43.449    265.000     31.269    275.000     34.364     437.6257 
4    255.000     30.756    345.000     43.449    325.000     38.647    335.000     40.289     420.4841 
4    260.000     31.019    350.000     44.470    270.000     32.669    280.000     35.486     460.6639 
4    260.000     31.019    350.000     44.470    270.000     32.669    280.000     35.486     327.3545 
4    260.000     31.019    350.000     44.470    330.000     39.464    340.000     41.889     500.1145 
4    260.000     31.019    350.000     44.470    330.000     39.464    340.000     41.889     501.9272 
4    265.000     31.269    355.000     45.382    335.000     40.289    345.000     43.449     541.4785 
4    265.000     31.269    355.000     45.382    275.000     34.364    285.000     36.550     361.4362 
4    265.000     31.269    355.000     45.382    335.000     40.289    345.000     43.449     393.0926 
4    265.000     31.269    355.000     45.382    275.000     34.364    285.000     36.550     326.0635 
4     25.000      1.251     30.000      1.731      5.000      0.130      0.000      0.000     230.0777 
4     25.000      1.251     30.000      1.731      5.000      0.130      0.000      0.000     194.3389 
4     30.000      1.731     35.000      2.415     10.000      0.261      5.000      0.130     180.6730 
4     30.000      1.731     35.000      2.415     10.000      0.261      5.000      0.130     265.7033 
4     35.000      2.415     40.000      3.092     15.000      0.518     10.000      0.261     171.7006 
4     35.000      2.415     40.000      3.092     15.000      0.518     10.000      0.261     259.7280 
4     40.000      3.092     45.000      3.679     20.000      0.779     15.000      0.518     312.8838 
4     40.000      3.092     45.000      3.679     20.000      0.779     15.000      0.518     286.4567 
4     45.000      3.679     50.000      4.267     25.000      1.251     20.000      0.779     198.0523 
4     45.000      3.679     50.000      4.267     25.000      1.251     20.000      0.779     243.8379 
4     50.000      4.267     55.000      4.857     30.000      1.731     25.000      1.251     213.0000 
4     50.000      4.267     55.000      4.857     30.000      1.731     25.000      1.251     179.4289 
4     55.000      4.857     60.000      5.360     35.000      2.415     30.000      1.731     194.0185 
4     55.000      4.857     60.000      5.360     35.000      2.415     30.000      1.731     250.2656 
4     60.000      5.360     65.000      5.284     40.000      3.092     35.000      2.415     181.0500 
4     60.000      5.360     65.000      5.284     40.000      3.092     35.000      2.415     191.9073 
4     65.000      5.284     70.000      5.285     45.000      3.679     40.000      3.092     171.4556 
4     65.000      5.284     70.000      5.285     45.000      3.679     40.000      3.092     267.0228 
4     70.000      5.285     75.000      5.691     50.000      4.267     45.000      3.679     275.6371 
4     70.000      5.285     75.000      5.691     50.000      4.267     45.000      3.679     405.6990 
4     75.000      5.691     80.000      6.130     55.000      4.857     50.000      4.267     194.5651 
4     75.000      5.691     80.000      6.130     55.000      4.857     50.000      4.267     524.8659 
4     80.000      6.130     85.000      6.766     60.000      5.360     55.000      4.857     178.1283 
4     80.000      6.130     85.000      6.766     60.000      5.360     55.000      4.857     946.4927 
4     85.000      6.766     90.000      7.374     65.000      5.284     60.000      5.360     245.2139 
4     85.000      6.766     90.000      7.374     65.000      5.284     60.000      5.360     557.7018 
4     90.000      7.374     95.000      7.834     70.000      5.285     65.000      5.284     192.2843 
4     90.000      7.374     95.000      7.834     70.000      5.285     65.000      5.284     280.1987 
4     95.000      7.834    100.000      8.228     75.000      5.691     70.000      5.285     263.1021 
4     95.000      7.834    100.000      8.228     75.000      5.691     70.000      5.285     268.4931 
4    100.000      8.228    105.000      8.278     80.000      6.130     75.000      5.691     234.2623 
4    100.000      8.228    105.000      8.278     80.000      6.130     75.000      5.691     405.4728 
4    105.000      8.278    110.000      8.351     85.000      6.766     80.000      6.130     280.3871 
4    105.000      8.278    110.000      8.351     85.000      6.766     80.000      6.130     524.9224 
4    110.000      8.351    115.000      8.550     90.000      7.374     85.000      6.766     350.2436 
4    110.000      8.351    115.000      8.550     90.000      7.374     85.000      6.766     946.7190 
4    115.000      8.550    120.000      8.816     95.000      7.834     90.000      7.374     556.1750 
4    115.000      8.550    120.000      8.816     95.000      7.834     90.000      7.374     352.3359 
4    120.000      8.816    125.000      9.468    100.000      8.228     95.000      7.834     409.4500 
4    120.000      8.816    125.000      9.468    100.000      8.228     95.000      7.834     279.0300 
4    125.000      9.468    130.000     10.168    105.000      8.278    100.000      8.228     320.8006 
4    125.000      9.468    130.000     10.168    105.000      8.278    100.000      8.228     263.3094 
4    130.000     10.168    135.000     11.084    110.000      8.351    105.000      8.278     377.8017 
4    130.000     10.168    135.000     11.084    110.000      8.351    105.000      8.278     233.5837 
4    135.000     11.084    140.000     12.081    115.000      8.550    110.000      8.351     367.6418 
4    135.000     11.084    140.000     12.081    115.000      8.550    110.000      8.351     280.8395 
4    140.000     12.081    145.000     13.307    120.000      8.816    115.000      8.550     350.1494 
4    140.000     12.081    145.000     13.307    120.000      8.816    115.000      8.550     457.6861 
4    145.000     13.307    150.000     14.565    125.000      9.468    120.000      8.816     606.3337 
4    145.000     13.307    150.000     14.565    125.000      9.468    120.000      8.816     352.9391 
4    150.000     14.565    155.000     15.894    130.000     10.168    125.000      9.468     424.3978 
4    150.000     14.565    155.000     15.894    130.000     10.168    125.000      9.468     529.0316 
4    155.000     15.894    160.000     16.714    135.000     11.084    130.000     10.168     323.4018 
4    155.000     15.894    160.000     16.714    135.000     11.084    130.000     10.168     573.5165 
4    160.000     16.714    165.000     16.724    140.000     12.081    135.000     11.084     672.8349 
4    160.000     16.714    165.000     16.724    140.000     12.081    135.000     11.084     378.0279 
4    165.000     16.724    170.000     17.326    145.000     13.307    140.000     12.081     367.8680 
4    165.000     16.724    170.000     17.326    145.000     13.307    140.000     12.081     787.7418 
4    170.000     17.326    175.000     18.726    150.000     14.565    145.000     13.307     454.1046 
4    170.000     17.326    175.000     18.726    150.000     14.565    145.000     13.307     955.2201 
4    175.000     18.726    180.000     20.156    155.000     15.894    150.000     14.565     610.7067 
4    175.000     18.726    180.000     20.156    155.000     15.894    150.000     14.565    1298.6213 
4    180.000     20.156    185.000     21.617    160.000     16.714    155.000     15.894     530.8412 
4    180.000     20.156    185.000     21.617    160.000     16.714    155.000     15.894    2291.3899 
4    185.000     21.617    190.000     22.557    165.000     16.724    160.000     16.714     574.2517 
4    185.000     21.617    190.000     22.557    165.000     16.724    160.000     16.714     691.1378 
4    190.000     22.557    195.000     23.140    170.000     17.326    165.000     16.724     767.3277 
4    190.000     22.557    195.000     23.140    170.000     17.326    165.000     16.724     678.6594 
4    195.000     23.140    200.000     23.823    175.000     18.726    170.000     17.326     787.1198 
4    195.000     23.140    200.000     23.823    175.000     18.726    170.000     17.326     819.3337 
4    200.000     23.823    205.000     24.571    180.000     20.156    175.000     18.726    1091.3138 
4    200.000     23.823    205.000     24.571    180.000     20.156    175.000     18.726     938.7079 
4    205.000     24.571    210.000     25.179    185.000     21.617    180.000     20.156    2256.7065 
4    205.000     24.571    210.000     25.179    185.000     21.617    180.000     20.156    1291.7412 
4    210.000     25.179    215.000     25.710    190.000     22.557    185.000     21.617     660.0737 
4    210.000     25.179    215.000     25.710    190.000     22.557    185.000     21.617    2824.6438 
4    215.000     25.710    220.000     26.485    195.000     23.140    190.000     22.557     428.7897 
4    215.000     25.710    220.000     26.485    195.000     23.140    190.000     22.557     688.5177 
4    220.000     26.485    225.000     27.421    200.000     23.823    195.000     23.140     769.0995 
4    220.000     26.485    225.000     27.421    200.000     23.823    195.000     23.140     520.4363 
4    225.000     27.421    230.000     28.124    205.000     24.571    200.000     23.823     814.4893 
4    225.000     27.421    230.000     28.124    205.000     24.571    200.000     23.823     509.7297 
4    230.000     28.124    235.000     28.728    210.000     25.179    205.000     24.571     338.2365 
4    230.000     28.124    235.000     28.728    210.000     25.179    205.000     24.571    1092.4448 
4    235.000     28.728    240.000     29.380    215.000     25.710    210.000     25.179     430.8632 
4    235.000     28.728    240.000     29.380    215.000     25.710    210.000     25.179    2246.9802 
4    240.000     29.380    245.000     30.049    220.000     26.485    215.000     25.710     640.6776 
4    240.000     29.380    245.000     30.049    220.000     26.485    215.000     25.710     549.0499 
4    245.000     30.049    250.000     30.452    225.000     27.421    220.000     26.485     423.3045 
4    245.000     30.049    250.000     30.452    225.000     27.421    220.000     26.485     464.2646 
4    250.000     30.452    255.000     30.756    230.000     28.124    225.000     27.421     520.3043 
4    250.000     30.452    255.000     30.756    230.000     28.124    225.000     27.421     256.1843 
4    255.000     30.756    260.000     31.019    235.000     28.728    230.000     28.124     508.4102 
4    255.000     30.756    260.000     31.019    235.000     28.728    230.000     28.124     166.6678 
4    260.000     31.019    265.000     31.269    240.000     29.380    235.000     28.728     336.9924 
4    260.000     31.019    265.000     31.269    240.000     29.380    235.000     28.728     164.3870 
4    265.000     31.269    270.000     32.669    245.000     30.049    240.000     29.380     205.5356 
4    265.000     31.269    270.000     32.669    245.000     30.049    240.000     29.380     431.2778 
4    270.000     32.669    275.000     34.364    250.000     30.452    245.000     30.049     237.0332 
4    270.000     32.669    275.000     34.364    250.000     30.452    245.000     30.049     549.8981 
4    275.000     34.364    280.000     35.486    255.000     30.756    250.000     30.452     465.4521 
4    275.000     34.364    280.000     35.486    255.000     30.756    250.000     30.452     260.9909 
4    280.000     35.486    285.000     36.550    260.000     31.019    255.000     30.756     258.2955 
4    280.000     35.486    285.000     36.550    260.000     31.019    255.000     30.756     255.5057 
4    285.000     36.550    290.000     36.795    265.000     31.269    260.000     31.019     188.7594 
4    285.000     36.550    290.000     36.795    265.000     31.269    260.000     31.019     166.5547 
4    290.000     36.795    295.000     36.983    270.000     32.669    265.000     31.269     165.1598 
4    290.000     36.795    295.000     36.983    270.000     32.669    265.000     31.269     255.4869 
4    295.000     36.983    300.000     37.471    275.000     34.364    270.000     32.669     407.4897 
4    295.000     36.983    300.000     37.471    275.000     34.364    270.000     32.669     206.7419 
4    300.000     37.471    305.000     37.970    280.000     35.486    275.000     34.364     520.0593 
4    300.000     37.471    305.000     37.970    280.000     35.486    275.000     34.364     235.7137 
4    305.000     37.970    310.000     38.086    285.000     36.550    280.000     35.486     260.7271 
4    305.000     37.970    310.000     38.086    285.000     36.550    280.000     35.486     372.2222 
4    310.000     38.086    315.000     38.185    290.000     36.795    285.000     36.550     241.4440 
4    310.000     38.086    315.000     38.185    290.000     36.795    285.000     36.550     258.4463 
4    315.000     38.185    320.000     38.413    295.000     36.983    290.000     36.795     188.7029 
4    315.000     38.185    320.000     38.413    295.000     36.983    290.000     36.795     303.9868 
4    320.000     38.413    325.000     38.647    300.000     37.471    295.000     36.983     384.4367 
4    320.000     38.413    325.000     38.647    300.000     37.471    295.000     36.983     255.8827 
4    325.000     38.647    330.000     39.464    305.000     37.970    300.000     37.471     416.4244 
4    325.000     38.647    330.000     39.464    305.000     37.970    300.000     37.471     408.3002 
4    330.000     39.464    335.000     40.289    310.000     38.086    305.000     37.970     519.6257 
4    330.000     39.464    335.000     40.289    310.000     38.086    305.000     37.970     320.1220 
4    335.000     40.289    340.000     41.889    315.000     38.185    310.000     38.086     372.3353 
4    335.000     40.289    340.000     41.889    315.000     38.185    310.000     38.086     267.3810 
4    340.000     41.889    345.000     43.449    320.000     38.413    315.000     38.185     247.1742 
4    340.000     41.889    345.000     43.449    320.000     38.413    315.000     38.185     241.9906 
4    345.000     43.449    350.000     44.470    325.000     38.647    320.000     38.413     303.7417 
4    345.000     43.449    350.000     44.470    325.000     38.647    320.000     38.413     293.1294 
4    350.000     44.470    355.000     45.382    330.000     39.464    325.000     38.647     384.9645 
4    350.000     44.470    355.000     45.382    330.000     39.464    325.000     38.647     339.9140 
4     30.000      1.731     40.000      3.092     10.000      0.261      0.000      0.000     278.6190 
4     30.000      1.731     40.000      3.092     10.000      0.261      0.000      0.000     178.2339 
4     40.000      3.092     50.000      4.267     20.000      0.779     10.000      0.261     267.4450 
4     40.000      3.092     50.000      4.267     20.000      0.779     10.000      0.261     199.8430 
4     50.000      4.267     60.000      5.360     30.000      1.731     20.000      0.779     217.0866 
4     50.000      4.267     60.000      5.360     30.000      1.731     20.000      0.779     202.9042 
4     60.000      5.360     70.000      5.285     40.000      3.092     30.000      1.731     177.6759 
4     60.000      5.360     70.000      5.285     40.000      3.092     30.000      1.731     181.6042 
4     70.000      5.285     80.000      6.130     50.000      4.267     40.000      3.092     201.5168 
4     70.000      5.285     80.000      6.130     50.000      4.267     40.000      3.092     357.4554 
4     80.000      6.130     90.000      7.374     60.000      5.360     50.000      4.267     218.8283 
4     80.000      6.130     90.000      7.374     60.000      5.360     50.000      4.267     698.7455 
4     90.000      7.374    100.000      8.228     70.000      5.285     60.000      5.360     263.7354 
4     90.000      7.374    100.000      8.228     70.000      5.285     60.000      5.360     181.5212 
4    100.000      8.228    110.000      8.351     80.000      6.130     70.000      5.285     237.6552 
4    100.000      8.228    110.000      8.351     80.000      6.130     70.000      5.285     357.5082 
4    110.000      8.351    120.000      8.816     90.000      7.374     80.000      6.130     699.2507 
4    110.000      8.351    120.000      8.816     90.000      7.374     80.000      6.130     324.9060 
4    120.000      8.816    130.000     10.168    100.000      8.228     90.000      7.374     264.0521 
4    120.000      8.816    130.000     10.168    100.000      8.228     90.000      7.374     373.8998 
4    130.000     10.168    140.000     12.081    110.000      8.351    100.000      8.228     404.1571 
4    130.000     10.168    140.000     12.081    110.000      8.351    100.000      8.228     237.6401 
4    140.000     12.081    150.000     14.565    120.000      8.816    110.000      8.351     445.2793 
4    140.000     12.081    150.000     14.565    120.000      8.816    110.000      8.351     325.1775 
4    150.000     14.565    160.000     16.714    130.000     10.168    120.000      8.816     653.2879 
4    150.000     14.565    160.000     16.714    130.000     10.168    120.000      8.816     376.4332 
4    160.000     16.714    170.000     17.326    140.000     12.081    130.000     10.168     403.3202 
4    160.000     16.714    170.000     17.326    140.000     12.081    130.000     10.168     807.7637 
4    170.000     17.326    180.000     20.156    150.000     14.565    140.000     12.081    1165.0835 
4    170.000     17.326    180.000     20.156    150.000     14.565    140.000     12.081     446.1615 
4    180.000     20.156    190.000     22.557    160.000     16.714    150.000     14.565    1841.7750 
4    180.000     20.156    190.000     22.557    160.000     16.714    150.000     14.565     652.7149 
4    190.000     22.557    200.000     23.823    170.000     17.326    160.000     16.714     859.9996 
4    190.000     22.557    200.000     23.823    170.000     17.326    160.000     16.714     814.2103 
4    200.000     23.823    210.000     25.179    180.000     20.156    170.000     17.326    1163.1156 
4    200.000     23.823    210.000     25.179    180.000     20.156    170.000     17.326    1184.3552 
4    210.000     25.179    220.000     26.485    190.000     22.557    180.000     20.156    1866.2946 
4    210.000     25.179    220.000     26.485    190.000     22.557    180.000     20.156     949.5652 
4    220.000     26.485    230.000     28.124    200.000     23.823    190.000     22.557     864.1768 
4    220.000     26.485    230.000     28.124    200.000     23.823    190.000     22.557     501.8883 
4    230.000     28.124    240.000     29.380    210.000     25.179    200.000     23.823     401.9178 
4    230.000     28.124    240.000     29.380    210.000     25.179    200.000     23.823    1197.2560 
4    240.000     29.380    250.000     30.452    220.000     26.485    210.000     25.179     621.4321 
4    240.000     29.380    250.000     30.452    220.000     26.485    210.000     25.179     951.5406 
4    250.000     30.452    260.000     31.019    230.000     28.124    220.000     26.485     293.0352 
4    250.000     30.452    260.000     31.019    230.000     28.124    220.000     26.485     502.0919 
4    260.000     31.019    270.000     32.669    240.000     29.380    230.000     28.124     401.1940 
4    260.000     31.019    270.000     32.669    240.000     29.380    230.000     28.124     170.3698 
4    270.000     32.669    280.000     35.486    250.000     30.452    240.000     29.380     283.2410 
4    270.000     32.669    280.000     35.486    250.000     30.452    240.000     29.380     622.3822 
4    280.000     35.486    290.000     36.795    260.000     31.019    250.000     30.452     293.7590 
4    280.000     35.486    290.000     36.795    260.000     31.019    250.000     30.452     242.7974 
4    290.000     36.795    300.000     37.471    270.000     32.669    260.000     31.019     336.6908 
4    290.000     36.795    300.000     37.471    270.000     32.669    260.000     31.019     170.2869 
4    300.000     37.471    310.000     38.086    280.000     35.486    270.000     32.669     282.6906 
4    300.000     37.471    310.000     38.086    280.000     35.486    270.000     32.669     545.8152 
4    310.000     38.086    320.000     38.413    290.000     36.795    280.000     35.486     349.0561 
4    310.000     38.086    320.000     38.413    290.000     36.795    280.000     35.486     242.4430 
4    320.000     38.413    330.000     39.464    300.000     37.471    290.000     36.795     337.3166 
4    320.000     38.413    330.000     39.464    300.000     37.471    290.000     36.795     399.1506 
4    330.000     39.464    340.000     41.889    310.000     38.086    300.000     37.471     545.7701 
4    330.000     39.464    340.000     41.889    310.000     38.086    300.000     37.471     345.8139 
4    340.000     41.889    350.000     44.470    320.000     38.413    310.000     38.086     349.5914 
4    340.000     41.889    350.000     44.470    320.000     38.413    310.000     38.086     316.0316 
4     30.000      1.731     35.000      2.415      5.000      0.130      0.000      0.000     255.8450 
4     30.000      1.731     35.000      2.415      5.000      0.130      0.000      0.000     171.7619 
4     35.000      2.415     40.000      3.092     10.000      0.261      5.000      0.130     308.9866 
4     35.000      2.415     40.000      3.092     10.000      0.261      5.000      0.130     177.7325 
4     40.000      3.092     45.000      3.679     15.000      0.518     10.000      0.261     466.9930 
4     40.000      3.092     45.000      3.679     15.000      0.518     10.000      0.261     248.7529 
4     45.000      3.679     50.000      4.267     20.000      0.779     15.000      0.518     288.0071 
4     45.000      3.679     50.000      4.267     20.000      0.779     15.000      0.518      98.3334 
4     50.000      4.267     55.000      4.857     25.000      1.251     20.000      0.779     194.5887 
4     50.000      4.267     55.000      4.857     25.000      1.251     20.000      0.779     216.1290 
4     55.000      4.857     60.000      5.360     30.000      1.731     25.000      1.251     181.1631 
4     55.000      4.857     60.000      5.360     30.000      1.731     25.000      1.251     248.5880 
4     60.000      5.360     65.000      5.284     35.000      2.415     30.000      1.731     173.3452 
4     60.000      5.360     65.000      5.284     35.000      2.415     30.000      1.731     170.8712 
4     65.000      5.284     70.000      5.285     40.000      3.092     35.000      2.415     179.5467 
4     65.000      5.284     70.000      5.285     40.000      3.092     35.000      2.415     180.4044 
4     70.000      5.285     75.000      5.691     45.000      3.679     40.000      3.092     237.8013 
4     70.000      5.285     75.000      5.691     45.000      3.679     40.000      3.092     338.5757 
4     75.000      5.691     80.000      6.130     50.000      4.267     45.000      3.679     117.3997 
4     75.000      5.691     80.000      6.130     50.000      4.267     45.000      3.679     359.2914 
4     80.000      6.130     85.000      6.766     55.000      4.857     50.000      4.267     517.9246 
4     80.000      6.130     85.000      6.766     55.000      4.857     50.000      4.267     193.0383 
4     85.000      6.766     90.000      7.374     60.000      5.360     55.000      4.857     256.9666 
4     85.000      6.766     90.000      7.374     60.000      5.360     55.000      4.857     649.9704 
4     90.000      7.374     95.000      7.834     65.000      5.284     60.000      5.360     177.4026 
4     90.000      7.374     95.000      7.834     65.000      5.284     60.000      5.360     298.2000 
4     95.000      7.834    100.000      8.228     70.000      5.285     65.000      5.284     180.2065 
4     95.000      7.834    100.000      8.228     70.000      5.285     65.000      5.284     221.3739 
4    100.000      8.228    105.000      8.278     75.000      5.691     70.000      5.285     250.0723 
4    100.000      8.228    105.000      8.278     75.000      5.691     70.000      5.285     337.7181 
4    105.000      8.278    110.000      8.351     80.000      6.130     75.000      5.691     226.9487 
4    105.000      8.278    110.000      8.351     80.000      6.130     75.000      5.691     358.3678 
4    110.000      8.351    115.000      8.550     85.000      6.766     80.000      6.130     518.6832 
4    110.000      8.351    115.000      8.550     85.000      6.766     80.000      6.130     241.5288 
4    115.000      8.550    120.000      8.816     90.000      7.374     85.000      6.766     652.8073 
4    115.000      8.550    120.000      8.816     90.000      7.374     85.000      6.766     386.5054 
4    120.000      8.816    125.000      9.468     95.000      7.834     90.000      7.374     406.7923 
4    120.000      8.816    125.000      9.468     95.000      7.834     90.000      7.374     296.6826 
4    125.000      9.468    130.000     10.168    100.000      8.228     95.000      7.834     307.7991 
4    125.000      9.468    130.000     10.168    100.000      8.228     95.000      7.834     221.8687 
4    130.000     10.168    135.000     11.084    105.000      8.278    100.000      8.228     396.0386 
4    130.000     10.168    135.000     11.084    105.000      8.278    100.000      8.228     250.1053 
4    135.000     11.084    140.000     12.081    110.000      8.351    105.000      8.278     430.5097 
4    135.000     11.084    140.000     12.081    110.000      8.351    105.000      8.278     226.8167 
4    140.000     12.081    145.000     13.307    115.000      8.550    110.000      8.351     241.1659 
4    140.000     12.081    145.000     13.307    115.000      8.550    110.000      8.351     367.8350 
4    145.000     13.307    150.000     14.565    120.000      8.816    115.000      8.550     508.8532 
4    145.000     13.307    150.000     14.565    120.000      8.816    115.000      8.550     386.3405 
4    150.000     14.565    155.000     15.894    125.000      9.468    120.000      8.816     750.4810 
4    150.000     14.565    155.000     15.894    125.000      9.468    120.000      8.816     405.0440 
4    155.000     15.894    160.000     16.714    130.000     10.168    125.000      9.468     305.5560 
4    155.000     15.894    160.000     16.714    130.000     10.168    125.000      9.468     634.4996 
4    160.000     16.714    165.000     16.724    135.000     11.084    130.000     10.168     383.1738 
4    160.000     16.714    165.000     16.724    135.000     11.084    130.000     10.168     704.9592 
4    165.000     16.724    170.000     17.326    140.000     12.081    135.000     11.084    1008.1072 
4    165.000     16.724    170.000     17.326    140.000     12.081    135.000     11.084     429.1573 
4    170.000     17.326    175.000     18.726    145.000     13.307    140.000     12.081    1116.8314 
4    170.000     17.326    175.000     18.726    145.000     13.307    140.000     12.081     375.8837 
4    175.000     18.726    180.000     20.156    150.000     14.565    145.000     13.307    1363.3413 
4    175.000     18.726    180.000     20.156    150.000     14.565    145.000     13.307     514.9228 
4    180.000     20.156    185.000     21.617    155.000     15.894    150.000     14.565     746.8854 
4    180.000     20.156    185.000     21.617    155.000     15.894    150.000     14.565    2592.1296 
4    185.000     21.617    190.000     22.557    160.000     16.714    155.000     15.894     629.6176 
4    185.000     21.617    190.000     22.557    160.000     16.714    155.000     15.894     860.7555 
4    190.000     22.557    195.000     23.140    165.000     16.724    160.000     16.714     706.6416 
4    190.000     22.557    195.000     23.140    165.000     16.724    160.000     16.714     806.4264 
4    195.000     23.140    200.000     23.823    170.000     17.326    165.000     16.724     982.7734 
4    195.000     23.140    200.000     23.823    170.000     17.326    165.000     16.724    1016.0241 
4    200.000     23.823    205.000     24.571    175.000     18.726    170.000     17.326    1198.2427 
4    200.000     23.823    205.000     24.571    175.000     18.726    170.000     17.326    1143.4188 
4    205.000     24.571    210.000     25.179    180.000     20.156    175.000     18.726    1258.1796 
4    205.000     24.571    210.000     25.179    180.000     20.156    175.000     18.726    1353.5112 
4    210.000     25.179    215.000     25.710    185.000     21.617    180.000     20.156    2591.0740 
4    210.000     25.179    215.000     25.710    185.000     21.617    180.000     20.156    2207.6035 
4    215.000     25.710    220.000     26.485    190.000     22.557    185.000     21.617     434.9630 
4    215.000     25.710    220.000     26.485    190.000     22.557    185.000     21.617     872.6307 
4    220.000     26.485    225.000     27.421    195.000     23.140    190.000     22.557     805.6017 
4    220.000     26.485    225.000     27.421    195.000     23.140    190.000     22.557     513.3064 
4    225.000     27.421    230.000     28.124    200.000     23.823    195.000     23.140     988.1832 
4    225.000     27.421    230.000     28.124    200.000     23.823    195.000     23.140     481.8371 
4    230.000     28.124    235.000     28.728    205.000     24.571    200.000     23.823     367.2412 
4    230.000     28.124    235.000     28.728    205.000     24.571    200.000     23.823    1201.7723 
4    235.000     28.728    240.000     29.380    210.000     25.179    205.000     24.571     470.7865 
4    235.000     28.728    240.000     29.380    210.000     25.179    205.000     24.571    1258.6414 
4    240.000     29.380    245.000     30.049    215.000     25.710    210.000     25.179    3081.0588 
4    240.000     29.380    245.000     30.049    215.000     25.710    210.000     25.179     699.4835 
4    245.000     30.049    250.000     30.452    220.000     26.485    215.000     25.710     605.5373 
4    245.000     30.049    250.000     30.452    220.000     26.485    215.000     25.710     455.8105 
4    250.000     30.452    255.000     30.756    225.000     27.421    220.000     26.485     513.9661 
4    250.000     30.452    255.000     30.756    225.000     27.421    220.000     26.485     384.1964 
4    255.000     30.756    260.000     31.019    230.000     28.124    225.000     27.421     242.6174 
4    255.000     30.756    260.000     31.019    230.000     28.124    225.000     27.421     480.9134 
4    260.000     31.019    265.000     31.269    235.000     28.728    230.000     28.124     161.5360 
4    260.000     31.019    265.000     31.269    235.000     28.728    230.000     28.124     367.6700 
4    265.000     31.269    270.000     32.669    240.000     29.380    235.000     28.728     468.8073 
4    265.000     31.269    270.000     32.669    240.000     29.380    235.000     28.728     180.8662 
4    270.000     32.669    275.000     34.364    245.000     30.049    240.000     29.380     702.1224 
4    270.000     32.669    275.000     34.364    245.000     30.049    240.000     29.380     297.2433 
4    275.000     34.364    280.000     35.486    250.000     30.452    245.000     30.049     302.2573 
4    275.000     34.364    280.000     35.486    250.000     30.452    245.000     30.049     606.1970 
4    280.000     35.486    285.000     36.550    255.000     30.756    250.000     30.452     262.6073 
4    280.000     35.486    285.000     36.550    255.000     30.756    250.000     30.452     385.1860 
4    285.000     36.550    290.000     36.795    260.000     31.019    255.000     30.756     239.0548 
4    285.000     36.550    290.000     36.795    260.000     31.019    255.000     30.756     213.5560 
4    290.000     36.795    295.000     36.983    265.000     31.269    260.000     31.019     301.1358 
4    290.000     36.795    295.000     36.983    265.000     31.269    260.000     31.019     160.1505 
4    295.000     36.983    300.000     37.471    270.000     32.669    265.000     31.269     423.4506 
4    295.000     36.983    300.000     37.471    270.000     32.669    265.000     31.269     179.2828 
4    300.000     37.471    305.000     37.970    275.000     34.364    270.000     32.669     531.3831 
4    300.000     37.471    305.000     37.970    275.000     34.364    270.000     32.669     292.2953 
4    305.000     37.970    310.000     38.086    280.000     35.486    275.000     34.364     300.7729 
4    305.000     37.970    310.000     38.086    280.000     35.486    275.000     34.364     586.1741 
4    310.000     38.086    315.000     38.185    285.000     36.550    280.000     35.486     261.2878 
4    310.000     38.086    315.000     38.185    285.000     36.550    280.000     35.486     463.0016 
4    315.000     38.185    320.000     38.413    290.000     36.795    285.000     36.550     213.3911 
4    315.000     38.185    320.000     38.413    290.000     36.795    285.000     36.550     302.1254 
4    320.000     38.413    325.000     38.647    295.000     36.983    290.000     36.795     356.2896 
4    320.000     38.413    325.000     38.647    295.000     36.983    290.000     36.795     301.8615 
4    325.000     38.647    330.000     39.464    300.000     37.471    295.000     36.983     423.3186 
4    325.000     38.647    330.000     39.464    300.000     37.471    295.000     36.983     458.3175 
4    330.000     39.464    335.000     40.289    305.000     37.970    300.000     37.471     531.2842 
4    330.000     39.464    335.000     40.289    305.000     37.970    300.000     37.471     387.3301 
4    335.000     40.289    340.000     41.889    310.000     38.086    305.000     37.970     586.9327 
4    335.000     40.289    340.000     41.889    310.000     38.086    305.000     37.970     325.3810 
4    340.000     41.889    345.000     43.449    315.000     38.185    310.000     38.086     461.5502 
4    340.000     41.889    345.000     43.449    315.000     38.185    310.000     38.086     300.3111 
4    345.000     43.449    350.000     44.470    320.000     38.413    315.000     38.185     382.9759 
4    345.000     43.449    350.000     44.470    320.000     38.413    315.000     38.185     302.4883 
4    350.000     44.470    355.000     45.382    325.000     38.647    320.000     38.413     341.4456 
4    350.000     44.470    355.000     45.382    325.000     38.647    320.000     38.413     355.6958 
4      0.000      0.000     45.000      3.679     15.000      0.518     20.000      0.779     302.0884 
4      0.000      0.000     45.000      3.679     25.000      1.251     30.000      1.731     240.0787 
4      0.000      0.000     45.000      3.679     15.000      0.518     20.000      0.779     297.5779 
4      0.000      0.000     45.000      3.679     25.000      1.251     30.000      1.731     269.7021 
4      5.000      0.130     50.000      4.267     20.000      0.779     25.000      1.251     262.8921 
4      5.000      0.130     50.000      4.267     30.000      1.731     35.000      2.415     276.2806 
4      5.000      0.130     50.000      4.267     30.000      1.731     35.000      2.415     217.6693 
4      5.000      0.130     50.000      4.267     20.000      0.779     25.000      1.251     279.2319 
4     10.000      0.261     55.000      4.857     25.000      1.251     30.000      1.731     241.4332 
4     10.000      0.261     55.000      4.857     35.000      2.415     40.000      3.092     281.6339 
4     10.000      0.261     55.000      4.857     25.000      1.251     30.000      1.731     269.2336 
4     10.000      0.261     55.000      4.857     35.000      2.415     40.000      3.092     243.5040 
4     15.000      0.518     60.000      5.360     30.000      1.731     35.000      2.415     209.9598 
4     15.000      0.518     60.000      5.360     30.000      1.731     35.000      2.415     287.8651 
4     15.000      0.518     60.000      5.360     40.000      3.092     45.000      3.679     261.2468 
4     15.000      0.518     60.000      5.360     40.000      3.092     45.000      3.679     295.1894 
4     20.000      0.779     65.000      5.284     35.000      2.415     40.000      3.092     214.2494 
4     20.000      0.779     65.000      5.284     35.000      2.415     40.000      3.092     321.2611 
4     20.000      0.779     65.000      5.284     45.000      3.679     50.000      4.267     319.6858 
4     20.000      0.779     65.000      5.284     45.000      3.679     50.000      4.267     280.7049 
4     25.000      1.251     70.000      5.285     40.000      3.092     45.000      3.679     258.4759 
4     25.000      1.251     70.000      5.285     50.000      4.267     55.000      4.857     438.1310 
4     25.000      1.251     70.000      5.285     50.000      4.267     55.000      4.857     273.3994 
4     25.000      1.251     70.000      5.285     40.000      3.092     45.000      3.679     297.8095 
4     30.000      1.731     75.000      5.691     45.000      3.679     50.000      4.267     248.3887 
4     30.000      1.731     75.000      5.691     45.000      3.679     50.000      4.267     310.4630 
4     30.000      1.731     75.000      5.691     55.000      4.857     60.000      5.360     288.7725 
4     30.000      1.731     75.000      5.691     55.000      4.857     60.000      5.360     650.2181 
4     35.000      2.415     80.000      6.130     60.000      5.360     65.000      5.284     219.1907 
4     35.000      2.415     80.000      6.130     50.000      4.267     55.000      4.857     279.6116 
4     35.000      2.415     80.000      6.130     60.000      5.360     65.000      5.284     482.5648 
4     35.000      2.415     80.000      6.130     50.000      4.267     55.000      4.857     257.6869 
4     40.000      3.092     85.000      6.766     55.000      4.857     60.000      5.360     365.0028 
4     40.000      3.092     85.000      6.766     65.000      5.284     70.000      5.285     243.1781 
4     40.000      3.092     85.000      6.766     55.000      4.857     60.000      5.360     240.2026 
4     40.000      3.092     85.000      6.766     65.000      5.284     70.000      5.285     340.7407 
4     45.000      3.679     90.000      7.374     60.000      5.360     65.000      5.284     210.0595 
4     45.000      3.679     90.000      7.374     60.000      5.360     65.000      5.284     284.1463 
4     45.000      3.679     90.000      7.374     70.000      5.285     75.000      5.691     292.5316 
4     45.000      3.679     90.000      7.374     70.000      5.285     75.000      5.691     333.1309 
4     50.000      4.267     95.000      7.834     65.000      5.284     70.000      5.285     283.8285 
4     50.000      4.267     95.000      7.834     75.000      5.691     80.000      6.130     318.5440 
4     50.000      4.267     95.000      7.834     65.000      5.284     70.000      5.285     214.8122 
4     50.000      4.267     95.000      7.834     75.000      5.691     80.000      6.130     286.7072 
4     55.000      4.857    100.000      8.228     70.000      5.285     75.000      5.691     429.6918 
4     55.000      4.857    100.000      8.228     80.000      6.130     85.000      6.766     360.3174 
4     55.000      4.857    100.000      8.228     70.000      5.285     75.000      5.691     259.1464 
4     55.000      4.857    100.000      8.228     80.000      6.130     85.000      6.766     438.0421 
4     60.000      5.360    105.000      8.278     85.000      6.766     90.000      7.374     462.5816 
4     60.000      5.360    105.000      8.278     75.000      5.691     80.000      6.130     245.4697 
4     60.000      5.360    105.000      8.278     85.000      6.766     90.000      7.374     648.2362 
4     60.000      5.360    105.000      8.278     75.000      5.691     80.000      6.130     519.9031 
4     65.000      5.284    110.000      8.351     80.000      6.130     85.000      6.766     602.1976 
4     65.000      5.284    110.000      8.351     90.000      7.374     95.000      7.834     481.5496 
4     65.000      5.284    110.000      8.351     80.000      6.130     85.000      6.766     257.2749 
4     65.000      5.284    110.000      8.351     90.000      7.374     95.000      7.834     374.9823 
4     70.000      5.285    115.000      8.550     85.000      6.766     90.000      7.374     364.3969 
4     70.000      5.285    115.000      8.550     95.000      7.834    100.000      8.228     340.8000 
4     70.000      5.285    115.000      8.550     95.000      7.834    100.000      8.228     382.5329 
4     70.000      5.285    115.000      8.550     85.000      6.766     90.000      7.374     522.3239 
4     75.000      5.691    120.000      8.816    100.000      8.228    105.000      8.278     321.4872 
4     75.000      5.691    120.000      8.816     90.000      7.374     95.000      7.834     271.5036 
4     75.000      5.691    120.000      8.816    100.000      8.228    105.000      8.278     411.9974 
4     75.000      5.691    120.000      8.816     90.000      7.374     95.000      7.834     364.9436 
4     80.000      6.130    125.000      9.468     95.000      7.834    100.000      8.228     281.9274 
4     80.000      6.130    125.000      9.468    105.000      8.278    110.000      8.351     396.2554 
4     80.000      6.130    125.000      9.468    105.000      8.278    110.000      8.351     285.5600 
4     80.000      6.130    125.000      9.468     95.000      7.834    100.000      8.228     324.1424 
4     85.000      6.766    130.000     10.168    110.000      8.351    115.000      8.550     360.3066 
4     85.000      6.766    130.000     10.168    100.000      8.228    105.000      8.278     362.0299 
4     85.000      6.766    130.000     10.168    110.000      8.351    115.000      8.550     386.5559 
4     85.000      6.766    130.000     10.168    100.000      8.228    105.000      8.278     429.3148 
4     90.000      7.374    135.000     11.084    105.000      8.278    110.000      8.351     417.3803 
4     90.000      7.374    135.000     11.084    105.000      8.278    110.000      8.351     515.7077 
4     90.000      7.374    135.000     11.084    115.000      8.550    120.000      8.816     519.9758 
4     90.000      7.374    135.000     11.084    115.000      8.550    120.000      8.816     459.2452 
4     95.000      7.834    140.000     12.081    120.000      8.816    125.000      9.468     372.9843 
4     95.000      7.834    140.000     12.081    110.000      8.351    115.000      8.550     384.0839 
4     95.000      7.834    140.000     12.081    110.000      8.351    115.000      8.550     599.9437 
4     95.000      7.834    140.000     12.081    120.000      8.816    125.000      9.468     713.5715 
4    100.000      8.228    145.000     13.307    115.000      8.550    120.000      8.816     490.7132 
4    100.000      8.228    145.000     13.307    125.000      9.468    130.000     10.168     379.9909 
4    100.000      8.228    145.000     13.307    125.000      9.468    130.000     10.168     603.5924 
4    100.000      8.228    145.000     13.307    115.000      8.550    120.000      8.816     518.7344 
4    105.000      8.278    150.000     14.565    120.000      8.816    125.000      9.468     367.5098 
4    105.000      8.278    150.000     14.565    130.000     10.168    135.000     11.084     700.0698 
4    105.000      8.278    150.000     14.565    120.000      8.816    125.000      9.468     666.7330 
4    105.000      8.278    150.000     14.565    130.000     10.168    135.000     11.084     412.3610 
4    110.000      8.351    155.000     15.894    125.000      9.468    130.000     10.168     545.9855 
4    110.000      8.351    155.000     15.894    125.000      9.468    130.000     10.168     323.7169 
4    110.000      8.351    155.000     15.894    135.000     11.084    140.000     12.081     813.8430 
4    110.000      8.351    155.000     15.894    135.000     11.084    140.000     12.081     395.0194 
4    115.000      8.550    160.000     16.714    130.000     10.168    135.000     11.084     360.6162 
4    115.000      8.550    160.000     16.714    140.000     12.081    145.000     13.307     798.8818 
4    115.000      8.550    160.000     16.714    130.000     10.168    135.000     11.084     623.9042 
4    115.000      8.550    160.000     16.714    140.000     12.081    145.000     13.307     385.2014 
4    120.000      8.816    165.000     16.724    135.000     11.084    140.000     12.081     745.5322 
4    120.000      8.816    165.000     16.724    145.000     13.307    150.000     14.565     521.5565 
4    120.000      8.816    165.000     16.724    135.000     11.084    140.000     12.081     419.0876 
4    120.000      8.816    165.000     16.724    145.000     13.307    150.000     14.565     889.3517 
4    125.000      9.468    170.000     17.326    140.000     12.081    145.000     13.307     766.8807 
4    125.000      9.468    170.000     17.326    150.000     14.565    155.000     15.894     714.5543 
4    125.000      9.468    170.000     17.326    150.000     14.565    155.000     15.894    1059.6169 
4    125.000      9.468    170.000     17.326    140.000     12.081    145.000     13.307     384.7194 
4    130.000     10.168    175.000     18.726    145.000     13.307    150.000     14.565     771.3131 
4    130.000     10.168    175.000     18.726    155.000     15.894    160.000     16.714    1127.4161 
4    130.000     10.168    175.000     18.726    155.000     15.894    160.000     16.714     605.2781 
4    130.000     10.168    175.000     18.726    145.000     13.307    150.000     14.565     491.9519 
4    135.000     11.084    180.000     20.156    160.000     16.714    165.000     16.724     699.5905 
4    135.000     11.084    180.000     20.156    150.000     14.565    155.000     15.894     840.6983 
4    135.000     11.084    180.000     20.156    160.000     16.714    165.000     16.724    1095.9644 
4    135.000     11.084    180.000     20.156    150.000     14.565    155.000     15.894     665.9818 
4    140.000     12.081    185.000     21.617    155.000     15.894    160.000     16.714     737.8147 
4    140.000     12.081    185.000     21.617    155.000     15.894    160.000     16.714     543.4138 
4    140.000     12.081    185.000     21.617    165.000     16.724    170.000     17.326     808.8641 
4    140.000     12.081    185.000     21.617    165.000     16.724    170.000     17.326     898.3914 
4    145.000     13.307    190.000     22.557    170.000     17.326    175.000     18.726     806.1901 
4    145.000     13.307    190.000     22.557    160.000     16.714    165.000     16.724     624.5128 
4    145.000     13.307    190.000     22.557    160.000     16.714    165.000     16.724     740.6826 
4    145.000     13.307    190.000     22.557    170.000     17.326    175.000     18.726     951.0624 
4    150.000     14.565    195.000     23.140    175.000     18.726    180.000     20.156    1071.6672 
4    150.000     14.565    195.000     23.140    175.000     18.726    180.000     20.156     886.4892 
4    150.000     14.565    195.000     23.140    165.000     16.724    170.000     17.326     739.8531 
4    150.000     14.565    195.000     23.140    165.000     16.724    170.000     17.326     902.4279 
4    155.000     15.894    200.000     23.823    170.000     17.326    175.000     18.726     765.2731 
4    155.000     15.894    200.000     23.823    180.000     20.156    185.000     21.617    1047.3379 
4    155.000     15.894    200.000     23.823    170.000     17.326    175.000     18.726    1039.3053 
4    155.000     15.894    200.000     23.823    180.000     20.156    185.000     21.617    2052.9995 
4    160.000     16.714    205.000     24.571    175.000     18.726    180.000     20.156     770.8741 
4    160.000     16.714    205.000     24.571    185.000     21.617    190.000     22.557     760.5580 
4    160.000     16.714    205.000     24.571    185.000     21.617    190.000     22.557    1128.2025 
4    160.000     16.714    205.000     24.571    175.000     18.726    180.000     20.156    1188.0417 
4    165.000     16.724    210.000     25.179    190.000     22.557    195.000     23.140    1037.8296 
4    165.000     16.724    210.000     25.179    180.000     20.156    185.000     21.617    2005.9805 
4    165.000     16.724    210.000     25.179    180.000     20.156    185.000     21.617     836.8072 
4    165.000     16.724    210.000     25.179    190.000     22.557    195.000     23.140     695.0208 
4    170.000     17.326    215.000     25.710    185.000     21.617    190.000     22.557     735.6120 
4    170.000     17.326    215.000     25.710    195.000     23.140    200.000     23.823     901.8570 
4    170.000     17.326    215.000     25.710    195.000     23.140    200.000     23.823     710.4182 
4    170.000     17.326    215.000     25.710    185.000     21.617    190.000     22.557     695.5944 
4    175.000     18.726    220.000     26.485    190.000     22.557    195.000     23.140     737.5804 
4    175.000     18.726    220.000     26.485    200.000     23.823    205.000     24.571     946.0834 
4    180.000     20.156    225.000     27.421    205.000     24.571    210.000     25.179    1064.8330 
4    180.000     20.156    225.000     27.421    195.000     23.140    200.000     23.823     842.0878 
4    180.000     20.156    225.000     27.421    205.000     24.571    210.000     25.179     837.3538 
4    180.000     20.156    225.000     27.421    195.000     23.140    200.000     23.823     906.5963 
4    185.000     21.617    230.000     28.124    210.000     25.179    215.000     25.710    2049.6360 
4    185.000     21.617    230.000     28.124    200.000     23.823    205.000     24.571    1030.8580 
4    190.000     22.557    235.000     28.728    215.000     25.710    220.000     26.485     761.5975 
4    190.000     22.557    235.000     28.728    215.000     25.710    220.000     26.485     565.9283 
4    190.000     22.557    235.000     28.728    205.000     24.571    210.000     25.179    1127.9681 
4    190.000     22.557    235.000     28.728    205.000     24.571    210.000     25.179    1184.7915 
4    195.000     23.140    240.000     29.380    220.000     26.485    225.000     27.421     537.1477 
4    195.000     23.140    240.000     29.380    210.000     25.179    215.000     25.710    2004.4618 
4    195.000     23.140    240.000     29.380    220.000     26.485    225.000     27.421     703.8182 
4    195.000     23.140    240.000     29.380    210.000     25.179    215.000     25.710     846.3127 
4    200.000     23.823    245.000     30.049    225.000     27.421    230.000     28.124     715.5238 
4    200.000     23.823    245.000     30.049    225.000     27.421    230.000     28.124     396.5758 
4    200.000     23.823    245.000     30.049    215.000     25.710    220.000     26.485     573.0669 
4    200.000     23.823    245.000     30.049    215.000     25.710    220.000     26.485     699.5905 
4    205.000     24.571    250.000     30.452    230.000     28.124    235.000     28.728     270.4454 
4    205.000     24.571    250.000     30.452    220.000     26.485    225.000     27.421     592.4227 
4    210.000     25.179    255.000     30.756    225.000     27.421    230.000     28.124     841.1479 
4    210.000     25.179    255.000     30.756    235.000     28.728    240.000     29.380     320.2701 
4    210.000     25.179    255.000     30.756    225.000     27.421    230.000     28.124     501.6432 
4    210.000     25.179    255.000     30.756    235.000     28.728    240.000     29.380     832.9807 
4    215.000     25.710    260.000     31.019    230.000     28.124    235.000     28.728     337.0408 
4    215.000     25.710    260.000     31.019    230.000     28.124    235.000     28.728    1311.7594 
4    215.000     25.710    260.000     31.019    240.000     29.380    245.000     30.049     441.8955 
4    220.000     26.485    265.000     31.269    235.000     28.728    240.000     29.380     408.3918 
4    220.000     26.485    265.000     31.269    235.000     28.728    240.000     29.380    1205.4883 
4    220.000     26.485    265.000     31.269    245.000     30.049    250.000     30.452     580.4424 
4    220.000     26.485    265.000     31.269    245.000     30.049    250.000     30.452     416.3625 
4    225.000     27.421    270.000     32.669    250.000     30.452    255.000     30.756     365.8645 
4    225.000     27.421    270.000     32.669    240.000     29.380    245.000     30.049     557.5753 
4    225.000     27.421    270.000     32.669    240.000     29.380    245.000     30.049     869.6916 
4    225.000     27.421    270.000     32.669    250.000     30.452    255.000     30.756     544.7145 
4    230.000     28.124    275.000     34.364    255.000     30.756    260.000     31.019     398.0407 
4    230.000     28.124    275.000     34.364    245.000     30.049    250.000     30.452     577.0253 
4    230.000     28.124    275.000     34.364    255.000     30.756    260.000     31.019     364.5342 
4    230.000     28.124    275.000     34.364    245.000     30.049    250.000     30.452     490.0965 
4    235.000     28.728    280.000     35.486    250.000     30.452    255.000     30.756     355.8850 
4    235.000     28.728    280.000     35.486    260.000     31.019    265.000     31.269     268.0003 
4    235.000     28.728    280.000     35.486    260.000     31.019    265.000     31.269     350.5910 
4    235.000     28.728    280.000     35.486    250.000     30.452    255.000     30.756     590.1904 
4    240.000     29.380    285.000     36.550    265.000     31.269    270.000     32.669     319.2765 
4    240.000     29.380    285.000     36.550    255.000     30.756    260.000     31.019     325.8280 
4    240.000     29.380    285.000     36.550    265.000     31.269    270.000     32.669     354.4551 
4    240.000     29.380    285.000     36.550    255.000     30.756    260.000     31.019     498.3580 
4    245.000     30.049    290.000     36.795    270.000     32.669    275.000     34.364     451.2261 
4    245.000     30.049    290.000     36.795    260.000     31.019    265.000     31.269     335.6056 
4    245.000     30.049    290.000     36.795    270.000     32.669    275.000     34.364     441.3893 
4    245.000     30.049    290.000     36.795    260.000     31.019    265.000     31.269     337.6036 
4    250.000     30.452    295.000     36.983    265.000     31.269    270.000     32.669     349.6324 
4    250.000     30.452    295.000     36.983    275.000     34.364    280.000     35.486     414.6822 
4    250.000     30.452    295.000     36.983    265.000     31.269    270.000     32.669     406.7384 
4    250.000     30.452    295.000     36.983    275.000     34.364    280.000     35.486     556.2881 
4    255.000     30.756    300.000     37.471    270.000     32.669    275.000     34.364     415.1480 
4    255.000     30.756    300.000     37.471    280.000     35.486    285.000     36.550     365.8995 
4    255.000     30.756    300.000     37.471    280.000     35.486    285.000     36.550     445.1376 
4    255.000     30.756    300.000     37.471    270.000     32.669    275.000     34.364     557.8364 
4    260.000     31.019    305.000     37.970    285.000     36.550    290.000     36.795     362.9751 
4    260.000     31.019    305.000     37.970    285.000     36.550    290.000     36.795     290.9160 
4    260.000     31.019    305.000     37.970    275.000     34.364    280.000     35.486     478.6064 
4    260.000     31.019    305.000     37.970    275.000     34.364    280.000     35.486     489.6468 
4    265.000     31.269    310.000     38.086    280.000     35.486    285.000     36.550     401.3959 
4    265.000     31.269    310.000     38.086    280.000     35.486    285.000     36.550     355.2629 
4    265.000     31.269    310.000     38.086    290.000     36.795    295.000     36.983     366.4192 
4    265.000     31.269    310.000     38.086    290.000     36.795    295.000     36.983     349.5569 
4    270.000     32.669    315.000     38.185    295.000     36.983    300.000     37.471     478.3936 
4    270.000     32.669    315.000     38.185    295.000     36.983    300.000     37.471     354.3797 
4    270.000     32.669    315.000     38.185    285.000     36.550    290.000     36.795     325.4349 
4    270.000     32.669    315.000     38.185    285.000     36.550    290.000     36.795     275.6882 
4    275.000     34.364    320.000     38.413    290.000     36.795    295.000     36.983     332.7216 
4    275.000     34.364    320.000     38.413    300.000     37.471    305.000     37.970     517.5792 
4    275.000     34.364    320.000     38.413    290.000     36.795    295.000     36.983     364.5585 
4    275.000     34.364    320.000     38.413    300.000     37.471    305.000     37.970     447.7066 
4    280.000     35.486    325.000     38.647    305.000     37.970    310.000     38.086     497.1544 
4    280.000     35.486    325.000     38.647    305.000     37.970    310.000     38.086     555.1733 
4    280.000     35.486    325.000     38.647    295.000     36.983    300.000     37.471     507.2927 
4    280.000     35.486    325.000     38.647    295.000     36.983    300.000     37.471     349.6700 
4    285.000     36.550    330.000     39.464    310.000     38.086    315.000     38.185     440.8992 
4    285.000     36.550    330.000     39.464    300.000     37.471    305.000     37.970     523.9315 
4    285.000     36.550    330.000     39.464    310.000     38.086    315.000     38.185     463.4702 
4    285.000     36.550    330.000     39.464    300.000     37.471    305.000     37.970     412.2048 
4    290.000     36.795    335.000     40.289    315.000     38.185    320.000     38.413     292.4401 
4    290.000     36.795    335.000     40.289    315.000     38.185    320.000     38.413     443.3416 
4    290.000     36.795    335.000     40.289    305.000     37.970    310.000     38.086     459.3125 
4    290.000     36.795    335.000     40.289    305.000     37.970    310.000     38.086     478.7410 
4    295.000     36.983    340.000     41.889    310.000     38.086    315.000     38.185     450.4721 
4    295.000     36.983    340.000     41.889    320.000     38.413    325.000     38.647     366.1849 
4    295.000     36.983    340.000     41.889    320.000     38.413    325.000     38.647     420.9241 
4    295.000     36.983    340.000     41.889    310.000     38.086    315.000     38.185     399.3278 
4    300.000     37.471    345.000     43.449    315.000     38.185    320.000     38.413     474.4460 
4    300.000     37.471    345.000     43.449    325.000     38.647    330.000     39.464     480.6583 
4    300.000     37.471    345.000     43.449    315.000     38.185    320.000     38.413     277.0292 
4    300.000     37.471    345.000     43.449    325.000     38.647    330.000     39.464     480.5506 
4    305.000     37.970    350.000     44.470    320.000     38.413    325.000     38.647     364.3458 
4    305.000     37.970    350.000     44.470    330.000     39.464    335.000     40.289     452.5024 
4    305.000     37.970    350.000     44.470    320.000     38.413    325.000     38.647     470.3395 
4    305.000     37.970    350.000     44.470    330.000     39.464    335.000     40.289     516.2463 
4    310.000     38.086    355.000     45.382    335.000     40.289    340.000     41.889     462.4577 
4    310.000     38.086    355.000     45.382    325.000     38.647    330.000     39.464     495.2909 
4    310.000     38.086    355.000     45.382    335.000     40.289    340.000     41.889     496.6966 
4    310.000     38.086    355.000     45.382    325.000     38.647    330.000     39.464     506.7057 
4     40.000      3.092     60.000      5.360     20.000      0.779      0.000      0.000     277.2883 
4     40.000      3.092     60.000      5.360     20.000      0.779      0.000      0.000     214.4099 
4     50.000      4.267     70.000      5.285     30.000      1.731     10.000      0.261     222.9714 
4     50.000      4.267     70.000      5.285     30.000      1.731     10.000      0.261     201.2454 
4     60.000      5.360     80.000      6.130     40.000      3.092     20.000      0.779     202.8514 
4     60.000      5.360     80.000      6.130     40.000      3.092     20.000      0.779     174.0794 
4     70.000      5.285     90.000      7.374     50.000      4.267     30.000      1.731     309.7510 
4     70.000      5.285     90.000      7.374     50.000      4.267     30.000      1.731     213.5692 
4     80.000      6.130    100.000      8.228     60.000      5.360     40.000      3.092     223.4954 
4     80.000      6.130    100.000      8.228     60.000      5.360     40.000      3.092     495.4568 
4     90.000      7.374    110.000      8.351     70.000      5.285     50.000      4.267     266.8192 
4     90.000      7.374    110.000      8.351     70.000      5.285     50.000      4.267     202.9230 
4    100.000      8.228    120.000      8.816     80.000      6.130     60.000      5.360     232.6412 
4    100.000      8.228    120.000      8.816     80.000      6.130     60.000      5.360     312.6613 
4    110.000      8.351    130.000     10.168     90.000      7.374     70.000      5.285     495.6453 
4    110.000      8.351    130.000     10.168     90.000      7.374     70.000      5.285     329.5242 
4    120.000      8.816    140.000     12.081    100.000      8.228     80.000      6.130     265.6279 
4    120.000      8.816    140.000     12.081    100.000      8.228     80.000      6.130     411.0410 
4    130.000     10.168    150.000     14.565    110.000      8.351     90.000      7.374     435.0101 
4    130.000     10.168    150.000     14.565    110.000      8.351     90.000      7.374     234.5903 
4    140.000     12.081    160.000     16.714    120.000      8.816    100.000      8.228     328.1783 
4    140.000     12.081    160.000     16.714    120.000      8.816    100.000      8.228     500.6065 
4    150.000     14.565    170.000     17.326    130.000     10.168    110.000      8.351     729.4439 
4    150.000     14.565    170.000     17.326    130.000     10.168    110.000      8.351     421.1481 
4    160.000     16.714    180.000     20.156    140.000     12.081    120.000      8.816    1081.2482 
4    160.000     16.714    180.000     20.156    140.000     12.081    120.000      8.816     434.5464 
4    170.000     17.326    190.000     22.557    150.000     14.565    130.000     10.168     504.7835 
4    170.000     17.326    190.000     22.557    150.000     14.565    130.000     10.168    1535.2134 
4    180.000     20.156    200.000     23.823    160.000     16.714    140.000     12.081    1669.3469 
4    180.000     20.156    200.000     23.823    160.000     16.714    140.000     12.081     730.6955 
4    190.000     22.557    210.000     25.179    170.000     17.326    150.000     14.565    1110.3972 
4    190.000     22.557    210.000     25.179    170.000     17.326    150.000     14.565    1083.2576 
4    200.000     23.823    220.000     26.485    180.000     20.156    160.000     16.714    1532.9325 
4    200.000     23.823    220.000     26.485    180.000     20.156    160.000     16.714    1162.5161 
4    210.000     25.179    230.000     28.124    190.000     22.557    170.000     17.326    1685.2181 
4    210.000     25.179    230.000     28.124    190.000     22.557    170.000     17.326     904.4620 
4    220.000     26.485    240.000     29.380    200.000     23.823    180.000     20.156    1103.6566 
4    220.000     26.485    240.000     29.380    200.000     23.823    180.000     20.156     563.5791 
4    230.000     28.124    250.000     30.452    210.000     25.179    190.000     22.557    1167.2098 
4    230.000     28.124    250.000     30.452    210.000     25.179    190.000     22.557     528.2437 
4    240.000     29.380    260.000     31.019    220.000     26.485    200.000     23.823     903.2745 
4    240.000     29.380    260.000     31.019    220.000     26.485    200.000     23.823     633.1905 
4    250.000     30.452    270.000     32.669    230.000     28.124    210.000     25.179     345.1768 
4    250.000     30.452    270.000     32.669    230.000     28.124    210.000     25.179     565.4000 
4    260.000     31.019    280.000     35.486    240.000     29.380    220.000     26.485     239.4723 
4    260.000     31.019    280.000     35.486    240.000     29.380    220.000     26.485     529.3671 
4    270.000     32.669    290.000     36.795    250.000     30.452    230.000     28.124     279.8518 
4    270.000     32.669    290.000     36.795    250.000     30.452    230.000     28.124     633.1905 
4    280.000     35.486    300.000     37.471    260.000     31.019    240.000     29.380     302.9011 
4    280.000     35.486    300.000     37.471    260.000     31.019    240.000     29.380     345.4332 
4    290.000     36.795    310.000     38.086    270.000     32.669    250.000     30.452     418.8560 
4    290.000     36.795    310.000     38.086    270.000     32.669    250.000     30.452     239.4158 
4    300.000     37.471    320.000     38.413    280.000     35.486    260.000     31.019     596.0079 
4    300.000     37.471    320.000     38.413    280.000     35.486    260.000     31.019     279.4371 
4    310.000     38.086    330.000     39.464    290.000     36.795    270.000     32.669     302.9991 
4    310.000     38.086    330.000     39.464    290.000     36.795    270.000     32.669     495.7961 
4    320.000     38.413    340.000     41.889    300.000     37.471    280.000     35.486     419.3159 
4    320.000     38.413    340.000     41.889    300.000     37.471    280.000     35.486     419.7984 
4    330.000     39.464    350.000     44.470    310.000     38.086    290.000     36.795     596.3170 
4    330.000     39.464    350.000     44.470    310.000     38.086    290.000     36.795     403.5049 
4      0.000      0.000     45.000      3.679     20.000      0.779     25.000      1.251     277.3524 
4      0.000      0.000     45.000      3.679     20.000      0.779     25.000      1.251     279.8217 
4      5.000      0.130     50.000      4.267     25.000      1.251     30.000      1.731     271.3048 
4      5.000      0.130     50.000      4.267     25.000      1.251     30.000      1.731     240.6397 
4     10.000      0.261     55.000      4.857     30.000      1.731     35.000      2.415     224.6773 
4     10.000      0.261     55.000      4.857     30.000      1.731     35.000      2.415     287.8327 
4     15.000      0.518     60.000      5.360     35.000      2.415     40.000      3.092     301.8976 
4     15.000      0.518     60.000      5.360     35.000      2.415     40.000      3.092     217.1877 
4     20.000      0.779     65.000      5.284     40.000      3.092     45.000      3.679     291.2288 
4     20.000      0.779     65.000      5.284     40.000      3.092     45.000      3.679     271.1980 
4     25.000      1.251     70.000      5.285     45.000      3.679     50.000      4.267     288.6527 
4     25.000      1.251     70.000      5.285     45.000      3.679     50.000      4.267     302.6139 
4     30.000      1.731     75.000      5.691     50.000      4.267     55.000      4.857     330.4201 
4     30.000      1.731     75.000      5.691     50.000      4.267     55.000      4.857     288.0589 
4     35.000      2.415     80.000      6.130     55.000      4.857     60.000      5.360     240.7120 
4     35.000      2.415     80.000      6.130     55.000      4.857     60.000      5.360     486.6924 
4     40.000      3.092     85.000      6.766     60.000      5.360     65.000      5.284     225.7611 
4     40.000      3.092     85.000      6.766     60.000      5.360     65.000      5.284     312.7833 
4     45.000      3.679     90.000      7.374     65.000      5.284     70.000      5.285     257.9405 
4     45.000      3.679     90.000      7.374     65.000      5.284     70.000      5.285     216.2547 
4     50.000      4.267     95.000      7.834     70.000      5.285     75.000      5.691     273.7490 
4     50.000      4.267     95.000      7.834     70.000      5.285     75.000      5.691     331.2684 
4     55.000      4.857    100.000      8.228     75.000      5.691     80.000      6.130     338.8082 
4     55.000      4.857    100.000      8.228     75.000      5.691     80.000      6.130     288.3165 
4     60.000      5.360    105.000      8.278     80.000      6.130     85.000      6.766     474.5030 
4     60.000      5.360    105.000      8.278     80.000      6.130     85.000      6.766     328.5918 
4     65.000      5.284    110.000      8.351     85.000      6.766     90.000      7.374     486.2997 
4     65.000      5.284    110.000      8.351     85.000      6.766     90.000      7.374     485.6242 
4     70.000      5.285    115.000      8.550     90.000      7.374     95.000      7.834     378.6247 
4     70.000      5.285    115.000      8.550     90.000      7.374     95.000      7.834     313.0723 
4     75.000      5.691    120.000      8.816     95.000      7.834    100.000      8.228     255.7759 
4     75.000      5.691    120.000      8.816     95.000      7.834    100.000      8.228     359.1752 
4     80.000      6.130    125.000      9.468    100.000      8.228    105.000      8.278     329.3740 
4     80.000      6.130    125.000      9.468    100.000      8.228    105.000      8.278     372.9950 
4     85.000      6.766    130.000     10.168    105.000      8.278    110.000      8.351     408.9662 
4     85.000      6.766    130.000     10.168    105.000      8.278    110.000      8.351     337.9066 
4     90.000      7.374    135.000     11.084    110.000      8.351    115.000      8.550     399.7739 
4     90.000      7.374    135.000     11.084    110.000      8.351    115.000      8.550     471.9269 
4     95.000      7.834    140.000     12.081    115.000      8.550    120.000      8.816     485.2065 
4     95.000      7.834    140.000     12.081    115.000      8.550    120.000      8.816     521.5358 
4    100.000      8.228    145.000     13.307    120.000      8.816    125.000      9.468     722.2145 
4    100.000      8.228    145.000     13.307    120.000      8.816    125.000      9.468     376.2842 
4    105.000      8.278    150.000     14.565    125.000      9.468    130.000     10.168     621.2939 
4    105.000      8.278    150.000     14.565    125.000      9.468    130.000     10.168     364.0100 
4    110.000      8.351    155.000     15.894    130.000     10.168    135.000     11.084     721.3034 
4    110.000      8.351    155.000     15.894    130.000     10.168    135.000     11.084     371.2703 
4    115.000      8.550    160.000     16.714    135.000     11.084    140.000     12.081     826.8075 
4    115.000      8.550    160.000     16.714    135.000     11.084    140.000     12.081     408.6458 
4    120.000      8.816    165.000     16.724    140.000     12.081    145.000     13.307     400.3332 
4    120.000      8.816    165.000     16.724    140.000     12.081    145.000     13.307     846.0309 
4    125.000      9.468    170.000     17.326    145.000     13.307    150.000     14.565     923.5811 
4    125.000      9.468    170.000     17.326    145.000     13.307    150.000     14.565     520.3734 
4    130.000     10.168    175.000     18.726    150.000     14.565    155.000     15.894     725.9717 
4    130.000     10.168    175.000     18.726    150.000     14.565    155.000     15.894    1032.9934 
4    135.000     11.084    180.000     20.156    155.000     15.894    160.000     16.714    1062.7034 
4    135.000     11.084    180.000     20.156    155.000     15.894    160.000     16.714     620.5117 
4    140.000     12.081    185.000     21.617    160.000     16.714    165.000     16.724     813.7259 
4    140.000     12.081    185.000     21.617    160.000     16.714    165.000     16.724     716.9554 
4    145.000     13.307    190.000     22.557    165.000     16.724    170.000     17.326     827.6934 
4    145.000     13.307    190.000     22.557    165.000     16.724    170.000     17.326     967.9373 
4    150.000     14.565    195.000     23.140    170.000     17.326    175.000     18.726    1057.9847 
4    150.000     14.565    195.000     23.140    170.000     17.326    175.000     18.726     838.9026 
4    155.000     15.894    200.000     23.823    175.000     18.726    180.000     20.156     918.4384 
4    155.000     15.894    200.000     23.823    175.000     18.726    180.000     20.156    1220.6156 
4    160.000     16.714    205.000     24.571    180.000     20.156    185.000     21.617    2133.2451 
4    160.000     16.714    205.000     24.571    180.000     20.156    185.000     21.617    1033.0939 
4    165.000     16.724    210.000     25.179    185.000     21.617    190.000     22.557    1122.3999 
4    165.000     16.724    210.000     25.179    185.000     21.617    190.000     22.557     712.3687 
4    170.000     17.326    215.000     25.710    190.000     22.557    195.000     23.140     808.8313 
4    170.000     17.326    215.000     25.710    190.000     22.557    195.000     23.140     721.9223 
4    175.000     18.726    220.000     26.485    195.000     23.140    200.000     23.823     971.4182 
4    180.000     20.156    225.000     27.421    200.000     23.823    205.000     24.571    1053.1498 
4    180.000     20.156    225.000     27.421    200.000     23.823    205.000     24.571    1010.6096 
4    185.000     21.617    230.000     28.124    205.000     24.571    210.000     25.179    1216.0100 
4    190.000     22.557    235.000     28.728    210.000     25.179    215.000     25.710     850.8344 
4    190.000     22.557    235.000     28.728    210.000     25.179    215.000     25.710    2204.0911 
4    195.000     23.140    240.000     29.380    215.000     25.710    220.000     26.485     613.4808 
4    195.000     23.140    240.000     29.380    215.000     25.710    220.000     26.485     712.9500 
4    200.000     23.823    245.000     30.049    220.000     26.485    225.000     27.421     727.4169 
4    200.000     23.823    245.000     30.049    220.000     26.485    225.000     27.421     592.0080 
4    205.000     24.571    250.000     30.452    225.000     27.421    230.000     28.124     452.0657 
4    210.000     25.179    255.000     30.756    230.000     28.124    235.000     28.728     317.6244 
4    210.000     25.179    255.000     30.756    230.000     28.124    235.000     28.728    1011.0368 
4    215.000     25.710    260.000     31.019    235.000     28.728    240.000     29.380    1156.1941 
4    215.000     25.710    260.000     31.019    235.000     28.728    240.000     29.380     390.0224 
4    220.000     26.485    265.000     31.269    240.000     29.380    245.000     30.049     871.1008 
4    220.000     26.485    265.000     31.269    240.000     29.380    245.000     30.049     549.7850 
4    225.000     27.421    270.000     32.669    245.000     30.049    250.000     30.452     511.1780 
4    225.000     27.421    270.000     32.669    245.000     30.049    250.000     30.452     626.9174 
4    230.000     28.124    275.000     34.364    250.000     30.452    255.000     30.756     597.0691 
4    230.000     28.124    275.000     34.364    250.000     30.452    255.000     30.756     401.6055 
4    235.000     28.728    280.000     35.486    255.000     30.756    260.000     31.019     368.9769 
4    235.000     28.728    280.000     35.486    255.000     30.756    260.000     31.019     448.1325 
4    240.000     29.380    285.000     36.550    260.000     31.019    265.000     31.269     364.0603 
4    240.000     29.380    285.000     36.550    260.000     31.019    265.000     31.269     317.2663 
4    245.000     30.049    290.000     36.795    265.000     31.269    270.000     32.669     396.7800 
4    245.000     30.049    290.000     36.795    265.000     31.269    270.000     32.669     390.3618 
4    250.000     30.452    295.000     36.983    270.000     32.669    275.000     34.364     485.4232 
4    250.000     30.452    295.000     36.983    270.000     32.669    275.000     34.364     546.7596 
4    255.000     30.756    300.000     37.471    275.000     34.364    280.000     35.486     563.4290 
4    255.000     30.756    300.000     37.471    275.000     34.364    280.000     35.486     511.2754 
4    260.000     31.019    305.000     37.970    280.000     35.486    285.000     36.550     400.6599 
4    260.000     31.019    305.000     37.970    280.000     35.486    285.000     36.550     457.4065 
4    265.000     31.269    310.000     38.086    285.000     36.550    290.000     36.795     368.2543 
4    265.000     31.269    310.000     38.086    285.000     36.550    290.000     36.795     311.2470 
4    270.000     32.669    315.000     38.185    290.000     36.795    295.000     36.983     364.0006 
4    270.000     32.669    315.000     38.185    290.000     36.795    295.000     36.983     394.9987 
4    275.000     34.364    320.000     38.413    295.000     36.983    300.000     37.471     528.6861 
4    275.000     34.364    320.000     38.413    295.000     36.983    300.000     37.471     393.7390 
4    280.000     35.486    325.000     38.647    300.000     37.471    305.000     37.970     484.3676 
4    280.000     35.486    325.000     38.647    300.000     37.471    305.000     37.970     577.2676 
4    285.000     36.550    330.000     39.464    305.000     37.970    310.000     38.086     527.5488 
4    285.000     36.550    330.000     39.464    305.000     37.970    310.000     38.086     559.2852 
4    290.000     36.795    335.000     40.289    310.000     38.086    315.000     38.185     458.0348 
4    290.000     36.795    335.000     40.289    310.000     38.086    315.000     38.185     493.6982 
4    295.000     36.983    340.000     41.889    315.000     38.185    320.000     38.413     493.1264 
4    295.000     36.983    340.000     41.889    315.000     38.185    320.000     38.413     309.1422 
4    300.000     37.471    345.000     43.449    320.000     38.413    325.000     38.647     484.7729 
4    300.000     37.471    345.000     43.449    320.000     38.413    325.000     38.647     397.7822 
4    305.000     37.970    350.000     44.470    325.000     38.647    330.000     39.464     520.4519 
4    305.000     37.970    350.000     44.470    325.000     38.647    330.000     39.464     527.0461 
4    310.000     38.086    355.000     45.382    330.000     39.464    335.000     40.289     464.9149 
4    310.000     38.086    355.000     45.382    330.000     39.464    335.000     40.289     576.6865 
4     35.000      2.415     40.000      3.092      5.000      0.130      0.000      0.000     322.2671 
4     35.000      2.415     40.000      3.092      5.000      0.130      0.000      0.000     180.7672 
4     40.000      3.092     45.000      3.679     10.000      0.261      5.000      0.130     289.2276 
4     40.000      3.092     45.000      3.679     10.000      0.261      5.000      0.130       2.7445 
4     45.000      3.679     50.000      4.267     15.000      0.518     10.000      0.261     256.5048 
4     50.000      4.267     55.000      4.857     20.000      0.779     15.000      0.518     194.2258 
4     50.000      4.267     55.000      4.857     20.000      0.779     15.000      0.518     260.3048 
4     55.000      4.857     60.000      5.360     25.000      1.251     20.000      0.779     314.7197 
4     55.000      4.857     60.000      5.360     25.000      1.251     20.000      0.779     187.6813 
4     60.000      5.360     65.000      5.284     30.000      1.731     25.000      1.251     193.3814 
4     60.000      5.360     65.000      5.284     30.000      1.731     25.000      1.251     163.9836 
4     65.000      5.284     70.000      5.285     35.000      2.415     30.000      1.731     168.8920 
4     65.000      5.284     70.000      5.285     35.000      2.415     30.000      1.731     174.8560 
4     70.000      5.285     75.000      5.691     40.000      3.092     35.000      2.415     369.5569 
4     70.000      5.285     75.000      5.691     40.000      3.092     35.000      2.415     219.9819 
4     75.000      5.691     80.000      6.130     45.000      3.679     40.000      3.092     249.0102 
4     75.000      5.691     80.000      6.130     45.000      3.679     40.000      3.092     100.5435 
4     80.000      6.130     85.000      6.766     50.000      4.267     45.000      3.679     339.8952 
4     80.000      6.130     85.000      6.766     50.000      4.267     45.000      3.679     203.7788 
4     85.000      6.766     90.000      7.374     55.000      4.857     50.000      4.267     315.0892 
4     85.000      6.766     90.000      7.374     55.000      4.857     50.000      4.267     367.9207 
4     90.000      7.374     95.000      7.834     60.000      5.360     55.000      4.857     186.5201 
4     90.000      7.374     95.000      7.834     60.000      5.360     55.000      4.857     368.1846 
4     95.000      7.834    100.000      8.228     65.000      5.284     60.000      5.360     231.9626 
4     95.000      7.834    100.000      8.228     65.000      5.284     60.000      5.360     164.4586 
4    100.000      8.228    105.000      8.278     70.000      5.285     65.000      5.284     210.0067 
4    100.000      8.228    105.000      8.278     70.000      5.285     65.000      5.284     221.7236 
4    105.000      8.278    110.000      8.351     75.000      5.691     70.000      5.285     242.8878 
4    105.000      8.278    110.000      8.351     75.000      5.691     70.000      5.285     250.2769 
4    110.000      8.351    115.000      8.550     80.000      6.130     75.000      5.691     345.4897 
4    110.000      8.351    115.000      8.550     80.000      6.130     75.000      5.691     199.3454 
4    115.000      8.550    120.000      8.816     85.000      6.766     80.000      6.130     287.0637 
4    115.000      8.550    120.000      8.816     85.000      6.766     80.000      6.130     361.6928 
4    120.000      8.816    125.000      9.468     90.000      7.374     85.000      6.766     358.2622 
4    120.000      8.816    125.000      9.468     90.000      7.374     85.000      6.766     480.9728 
4    125.000      9.468    130.000     10.168     95.000      7.834     90.000      7.374     232.4376 
4    125.000      9.468    130.000     10.168     95.000      7.834     90.000      7.374     326.8061 
4    130.000     10.168    135.000     11.084    100.000      8.228     95.000      7.834     382.3293 
4    130.000     10.168    135.000     11.084    100.000      8.228     95.000      7.834     209.5317 
4    135.000     11.084    140.000     12.081    105.000      8.278    100.000      8.228     244.0490 
4    135.000     11.084    140.000     12.081    105.000      8.278    100.000      8.228     446.1916 
4    140.000     12.081    145.000     13.307    110.000      8.351    105.000      8.278     198.5537 
4    140.000     12.081    145.000     13.307    110.000      8.351    105.000      8.278     463.0808 
4    145.000     13.307    150.000     14.565    115.000      8.550    110.000      8.351     435.9525 
4    145.000     13.307    150.000     14.565    115.000      8.550    110.000      8.351     290.4943 
4    150.000     14.565    155.000     15.894    120.000      8.816    115.000      8.550     484.2979 
4    150.000     14.565    155.000     15.894    120.000      8.816    115.000      8.550     610.5447 
4    155.000     15.894    160.000     16.714    125.000      9.468    120.000      8.816     321.4226 
4    155.000     15.894    160.000     16.714    125.000      9.468    120.000      8.816     879.0302 
4    160.000     16.714    165.000     16.724    130.000     10.168    125.000      9.468     391.3017 
4    160.000     16.714    165.000     16.724    130.000     10.168    125.000      9.468     747.9805 
4    165.000     16.724    170.000     17.326    135.000     11.084    130.000     10.168    1029.4497 
4    165.000     16.724    170.000     17.326    135.000     11.084    130.000     10.168     458.5418 
4    170.000     17.326    175.000     18.726    140.000     12.081    135.000     11.084     458.3835 
4    170.000     17.326    175.000     18.726    140.000     12.081    135.000     11.084    1403.1233 
4    175.000     18.726    180.000     20.156    145.000     13.307    140.000     12.081    1511.5309 
4    175.000     18.726    180.000     20.156    145.000     13.307    140.000     12.081     422.5467 
4    180.000     20.156    185.000     21.617    150.000     14.565    145.000     13.307    2647.4351 
4    180.000     20.156    185.000     21.617    150.000     14.565    145.000     13.307     605.0557 
4    185.000     21.617    190.000     22.557    155.000     15.894    150.000     14.565     951.5482 
4    185.000     21.617    190.000     22.557    155.000     15.894    150.000     14.565     878.8191 
4    190.000     22.557    195.000     23.140    160.000     16.714    155.000     15.894     966.2207 
4    190.000     22.557    195.000     23.140    160.000     16.714    155.000     15.894     753.2056 
4    195.000     23.140    200.000     23.823    165.000     16.724    160.000     16.714    1040.0054 
4    195.000     23.140    200.000     23.823    165.000     16.724    160.000     16.714    1008.7604 
4    200.000     23.823    205.000     24.571    170.000     17.326    165.000     16.724    1406.3955 
4    200.000     23.823    205.000     24.571    170.000     17.326    165.000     16.724    1404.5482 
4    205.000     24.571    210.000     25.179    175.000     18.726    170.000     17.326    1317.4105 
4    205.000     24.571    210.000     25.179    175.000     18.726    170.000     17.326    1506.7808 
4    210.000     25.179    215.000     25.710    180.000     20.156    175.000     18.726    2661.1047 
4    215.000     25.710    220.000     26.485    185.000     21.617    180.000     20.156     982.1599 
4    220.000     26.485    225.000     27.421    190.000     22.557    185.000     21.617     514.9623 
4    220.000     26.485    225.000     27.421    190.000     22.557    185.000     21.617     976.9875 
4    225.000     27.421    230.000     28.124    195.000     23.140    190.000     22.557     462.9753 
4    225.000     27.421    230.000     28.124    195.000     23.140    190.000     22.557    1004.8020 
4    230.000     28.124    235.000     28.728    200.000     23.823    195.000     23.140     361.6928 
4    230.000     28.124    235.000     28.728    200.000     23.823    195.000     23.140    1408.7706 
4    235.000     28.728    240.000     29.380    205.000     24.571    200.000     23.823    1342.9027 
4    235.000     28.728    240.000     29.380    205.000     24.571    200.000     23.823     528.4737 
4    240.000     29.380    245.000     30.049    210.000     25.179    205.000     24.571     774.9505 
4    245.000     30.049    250.000     30.452    215.000     25.710    210.000     25.179     733.5192 
4    250.000     30.452    255.000     30.756    220.000     26.485    215.000     25.710     471.1560 
4    250.000     30.452    255.000     30.756    220.000     26.485    215.000     25.710     528.2626 
4    255.000     30.756    260.000     31.019    225.000     27.421    220.000     26.485     333.6145 
4    255.000     30.756    260.000     31.019    225.000     27.421    220.000     26.485     460.9169 
4    260.000     31.019    265.000     31.269    230.000     28.124    225.000     27.421     361.4289 
4    260.000     31.019    265.000     31.269    230.000     28.124    225.000     27.421     239.3517 
4    265.000     31.269    270.000     32.669    235.000     28.728    230.000     28.124     183.6701 
4    265.000     31.269    270.000     32.669    235.000     28.728    230.000     28.124     529.4764 
4    270.000     32.669    275.000     34.364    240.000     29.380    235.000     28.728     254.9214 
4    270.000     32.669    275.000     34.364    240.000     29.380    235.000     28.728     775.7422 
4    275.000     34.364    280.000     35.486    245.000     30.049    240.000     29.380     361.4817 
4    275.000     34.364    280.000     35.486    245.000     30.049    240.000     29.380     734.5220 
4    280.000     35.486    285.000     36.550    250.000     30.452    245.000     30.049     471.5254 
4    280.000     35.486    285.000     36.550    250.000     30.452    245.000     30.049     297.1972 
4    285.000     36.550    290.000     36.795    255.000     30.756    250.000     30.452     338.6285 
4    285.000     36.550    290.000     36.795    255.000     30.756    250.000     30.452     213.9651 
4    290.000     36.795    295.000     36.983    260.000     31.019    255.000     30.756     328.8644 
4    290.000     36.795    295.000     36.983    260.000     31.019    255.000     30.756     233.3877 
4    295.000     36.983    300.000     37.471    265.000     31.269    260.000     31.019     479.2311 
4    295.000     36.983    300.000     37.471    265.000     31.269    260.000     31.019     186.7840 
4    300.000     37.471    305.000     37.970    270.000     32.669    265.000     31.269     532.6960 
4    300.000     37.471    305.000     37.970    270.000     32.669    265.000     31.269     255.5547 
4    305.000     37.970    310.000     38.086    275.000     34.364    270.000     32.669     363.5928 
4    305.000     37.970    310.000     38.086    275.000     34.364    270.000     32.669     578.4552 
4    310.000     38.086    315.000     38.185    280.000     35.486    275.000     34.364     685.5432 
4    310.000     38.086    315.000     38.185    280.000     35.486    275.000     34.364     294.0833 
4    315.000     38.185    320.000     38.413    285.000     36.550    280.000     35.486     213.8595 
4    315.000     38.185    320.000     38.413    285.000     36.550    280.000     35.486     543.5156 
4    320.000     38.413    325.000     38.647    290.000     36.795    285.000     36.550     329.1811 
4    320.000     38.413    325.000     38.647    290.000     36.795    285.000     36.550     338.0479 
4    325.000     38.647    330.000     39.464    295.000     36.983    290.000     36.795     484.4562 
4    325.000     38.647    330.000     39.464    295.000     36.983    290.000     36.795     414.5244 
4    330.000     39.464    335.000     40.289    300.000     37.471    295.000     36.983     531.4821 
4    330.000     39.464    335.000     40.289    300.000     37.471    295.000     36.983     415.3160 
4    335.000     40.289    340.000     41.889    305.000     37.970    300.000     37.471     578.7719 
4    335.000     40.289    340.000     41.889    305.000     37.970    300.000     37.471     383.9127 
4    340.000     41.889    345.000     43.449    310.000     38.086    305.000     37.970     373.1986 
4    340.000     41.889    345.000     43.449    310.000     38.086    305.000     37.970     688.0239 
4    345.000     43.449    350.000     44.470    315.000     38.185    310.000     38.086     417.4799 
4    345.000     43.449    350.000     44.470    315.000     38.185    310.000     38.086     546.1018 
4    350.000     44.470    355.000     45.382    320.000     38.413    315.000     38.185     339.2619 
4    350.000     44.470    355.000     45.382    320.000     38.413    315.000     38.185     453.0529 
4     40.000      3.092     50.000      4.267     10.000      0.261      0.000      0.000     189.0422 
4     40.000      3.092     50.000      4.267     10.000      0.261      0.000      0.000     316.8610 
4     50.000      4.267     60.000      5.360     20.000      0.779     10.000      0.261     242.6880 
4     50.000      4.267     60.000      5.360     20.000      0.779     10.000      0.261     240.1433 
4     60.000      5.360     70.000      5.285     30.000      1.731     20.000      0.779     166.3473 
4     60.000      5.360     70.000      5.285     30.000      1.731     20.000      0.779     204.1972 
4     70.000      5.285     80.000      6.130     40.000      3.092     30.000      1.731     217.5239 
4     70.000      5.285     80.000      6.130     40.000      3.092     30.000      1.731     186.0640 
4     80.000      6.130     90.000      7.374     50.000      4.267     40.000      3.092     322.5536 
4     80.000      6.130     90.000      7.374     50.000      4.267     40.000      3.092     243.4986 
4     90.000      7.374    100.000      8.228     60.000      5.360     50.000      4.267     205.1209 
4     90.000      7.374    100.000      8.228     60.000      5.360     50.000      4.267     301.1216 
4    100.000      8.228    110.000      8.351     70.000      5.285     60.000      5.360     220.5964 
4    100.000      8.228    110.000      8.351     70.000      5.285     60.000      5.360     217.5804 
4    110.000      8.351    120.000      8.816     80.000      6.130     70.000      5.285     230.4924 
4    110.000      8.351    120.000      8.816     80.000      6.130     70.000      5.285     321.7054 
4    120.000      8.816    130.000     10.168     90.000      7.374     80.000      6.130     423.9454 
4    120.000      8.816    130.000     10.168     90.000      7.374     80.000      6.130     301.1782 
4    130.000     10.168    140.000     12.081    100.000      8.228     90.000      7.374     220.1063 
4    130.000     10.168    140.000     12.081    100.000      8.228     90.000      7.374     429.5814 
4    140.000     12.081    150.000     14.565    110.000      8.351    100.000      8.228     482.6052 
4    140.000     12.081    150.000     14.565    110.000      8.351    100.000      8.228     230.0777 
4    150.000     14.565    160.000     16.714    120.000      8.816    110.000      8.351     421.4195 
4    150.000     14.565    160.000     16.714    120.000      8.816    110.000      8.351     596.5884 
4    160.000     16.714    170.000     17.326    130.000     10.168    120.000      8.816     999.0076 
4    160.000     16.714    170.000     17.326    130.000     10.168    120.000      8.816     427.4702 
4    170.000     17.326    180.000     20.156    140.000     12.081    130.000     10.168    1544.8342 
4    170.000     17.326    180.000     20.156    140.000     12.081    130.000     10.168     523.4710 
4    180.000     20.156    190.000     22.557    150.000     14.565    140.000     12.081     595.0994 
4    180.000     20.156    190.000     22.557    150.000     14.565    140.000     12.081    2032.5665 
4    190.000     22.557    200.000     23.823    160.000     16.714    150.000     14.565    1102.4163 
4    190.000     22.557    200.000     23.823    160.000     16.714    150.000     14.565    1007.3769 
4    200.000     23.823    210.000     25.179    170.000     17.326    160.000     16.714    1444.4980 
4    200.000     23.823    210.000     25.179    170.000     17.326    160.000     16.714    1539.8391 
4    210.000     25.179    220.000     26.485    180.000     20.156    170.000     17.326     898.9354 
4    210.000     25.179    220.000     26.485    180.000     20.156    170.000     17.326    2040.4080 
4    220.000     26.485    230.000     28.124    190.000     22.557    180.000     20.156    1103.6980 
4    220.000     26.485    230.000     28.124    190.000     22.557    180.000     20.156     842.4244 
4    230.000     28.124    240.000     29.380    200.000     23.823    190.000     22.557    1428.7587 
4    230.000     28.124    240.000     29.380    200.000     23.823    190.000     22.557     413.7666 
4    240.000     29.380    250.000     30.452    210.000     25.179    200.000     23.823     820.0311 
4    240.000     29.380    250.000     30.452    210.000     25.179    200.000     23.823     914.3920 
4    250.000     30.452    260.000     31.019    220.000     26.485    210.000     25.179     482.1151 
4    250.000     30.452    260.000     31.019    220.000     26.485    210.000     25.179     846.8351 
4    260.000     31.019    270.000     32.669    230.000     28.124    220.000     26.485     284.8168 
4    260.000     31.019    270.000     32.669    230.000     28.124    220.000     26.485     413.6346 
4    270.000     32.669    280.000     35.486    240.000     29.380    230.000     28.124     270.6042 
4    270.000     32.669    280.000     35.486    240.000     29.380    230.000     28.124     820.6154 
4    280.000     35.486    290.000     36.795    250.000     30.452    240.000     29.380     484.7352 
4    280.000     35.486    290.000     36.795    250.000     30.452    240.000     29.380     291.2256 
4    290.000     36.795    300.000     37.471    260.000     31.019    250.000     30.452     395.6711 
4    290.000     36.795    300.000     37.471    260.000     31.019    250.000     30.452     283.5539 
4    300.000     37.471    310.000     38.086    270.000     32.669    260.000     31.019     563.9599 
4    300.000     37.471    310.000     38.086    270.000     32.669    260.000     31.019     269.8314 
4    310.000     38.086    320.000     38.413    280.000     35.486    270.000     32.669     715.9061 
4    310.000     38.086    320.000     38.413    280.000     35.486    270.000     32.669     290.9052 
4    320.000     38.413    330.000     39.464    290.000     36.795    280.000     35.486     395.4825 
4    320.000     38.413    330.000     39.464    290.000     36.795    280.000     35.486     466.5077 
4    330.000     39.464    340.000     41.889    300.000     37.471    290.000     36.795     406.7357 
4    330.000     39.464    340.000     41.889    300.000     37.471    290.000     36.795     562.5650 
4    340.000     41.889    350.000     44.470    310.000     38.086    300.000     37.471     716.9617 
4    340.000     41.889    350.000     44.470    310.000     38.086    300.000     37.471     473.9909 
4     40.000      3.092     45.000      3.679      5.000      0.130      0.000      0.000      32.8548 
4     40.000      3.092     45.000      3.679      5.000      0.130      0.000      0.000     293.9513 
4     45.000      3.679     50.000      4.267     10.000      0.261      5.000      0.130     280.1760 
4     45.000      3.679     50.000      4.267     10.000      0.261      5.000      0.130     319.3643 
4     50.000      4.267     55.000      4.857     15.000      0.518     10.000      0.261     236.4752 
4     50.000      4.267     55.000      4.857     15.000      0.518     10.000      0.261     177.2575 
4     55.000      4.857     60.000      5.360     20.000      0.779     15.000      0.518     222.1458 
4     55.000      4.857     60.000      5.360     20.000      0.779     15.000      0.518     305.5890 
4     60.000      5.360     65.000      5.284     25.000      1.251     20.000      0.779     221.8291 
4     60.000      5.360     65.000      5.284     25.000      1.251     20.000      0.779     168.7073 
4     65.000      5.284     70.000      5.285     30.000      1.731     25.000      1.251     175.5157 
4     65.000      5.284     70.000      5.285     30.000      1.731     25.000      1.251     176.9408 
4     70.000      5.285     75.000      5.691     35.000      2.415     30.000      1.731     225.0750 
4     75.000      5.691     80.000      6.130     40.000      3.092     35.000      2.415     207.3413 
4     80.000      6.130     85.000      6.766     45.000      3.679     40.000      3.092     330.1311 
4     80.000      6.130     85.000      6.766     45.000      3.679     40.000      3.092     189.6868 
4     85.000      6.766     90.000      7.374     50.000      4.267     45.000      3.679     300.2847 
4     85.000      6.766     90.000      7.374     50.000      4.267     45.000      3.679     366.3110 
4     90.000      7.374     95.000      7.834     55.000      4.857     50.000      4.267     242.8087 
4     90.000      7.374     95.000      7.834     55.000      4.857     50.000      4.267     224.5208 
4     95.000      7.834    100.000      8.228     60.000      5.360     55.000      4.857     321.2643 
4     95.000      7.834    100.000      8.228     60.000      5.360     55.000      4.857     185.6493 
4    100.000      8.228    105.000      8.278     65.000      5.284     60.000      5.360     226.9750 
4    100.000      8.228    105.000      8.278     65.000      5.284     60.000      5.360     227.2125 
4    105.000      8.278    110.000      8.351     70.000      5.285     65.000      5.284     209.0831 
4    105.000      8.278    110.000      8.351     70.000      5.285     65.000      5.284     210.2706 
4    110.000      8.351    115.000      8.550     75.000      5.691     70.000      5.285     220.3249 
4    110.000      8.351    115.000      8.550     75.000      5.691     70.000      5.285     322.6893 
4    115.000      8.550    120.000      8.816     80.000      6.130     75.000      5.691     256.8214 
4    120.000      8.816    125.000      9.468     85.000      6.766     80.000      6.130     173.5365 
4    120.000      8.816    125.000      9.468     85.000      6.766     80.000      6.130     389.5864 
4    125.000      9.468    130.000     10.168     90.000      7.374     85.000      6.766     414.4452 
4    125.000      9.468    130.000     10.168     90.000      7.374     85.000      6.766     467.7253 
4    130.000     10.168    135.000     11.084     95.000      7.834     90.000      7.374     193.9619 
4    130.000     10.168    135.000     11.084     95.000      7.834     90.000      7.374     431.0705 
4    135.000     11.084    140.000     12.081    100.000      8.228     95.000      7.834     457.1168 
4    135.000     11.084    140.000     12.081    100.000      8.228     95.000      7.834     208.9247 
4    140.000     12.081    145.000     13.307    105.000      8.278    100.000      8.228     473.5838 
4    140.000     12.081    145.000     13.307    105.000      8.278    100.000      8.228     203.9371 
4    145.000     13.307    150.000     14.565    110.000      8.351    105.000      8.278     411.6743 
4    145.000     13.307    150.000     14.565    110.000      8.351    105.000      8.278     485.1423 
4    150.000     14.565    155.000     15.894    115.000      8.550    110.000      8.351     493.6133 
4    150.000     14.565    155.000     15.894    115.000      8.550    110.000      8.351     281.2844 
4    155.000     15.894    160.000     16.714    120.000      8.816    115.000      8.550     695.9670 
4    155.000     15.894    160.000     16.714    120.000      8.816    115.000      8.550     421.2537 
4    160.000     16.714    165.000     16.724    125.000      9.468    120.000      8.816     372.3277 
4    160.000     16.714    165.000     16.724    125.000      9.468    120.000      8.816    1004.7228 
4    165.000     16.724    170.000     17.326    130.000     10.168    125.000      9.468     455.0584 
4    165.000     16.724    170.000     17.326    130.000     10.168    125.000      9.468    1082.2284 
4    170.000     17.326    175.000     18.726    135.000     11.084    130.000     10.168     614.4239 
4    170.000     17.326    175.000     18.726    135.000     11.084    130.000     10.168    1356.0709 
4    175.000     18.726    180.000     20.156    140.000     12.081    135.000     11.084     480.9464 
4    175.000     18.726    180.000     20.156    140.000     12.081    135.000     11.084    1794.4249 
4    180.000     20.156    185.000     21.617    145.000     13.307    140.000     12.081     429.2496 
4    180.000     20.156    185.000     21.617    145.000     13.307    140.000     12.081    2865.1738 
4    185.000     21.617    190.000     22.557    150.000     14.565    145.000     13.307     765.0809 
4    185.000     21.617    190.000     22.557    150.000     14.565    145.000     13.307     965.2179 
4    190.000     22.557    195.000     23.140    155.000     15.894    150.000     14.565    1060.5363 
4    190.000     22.557    195.000     23.140    155.000     15.894    150.000     14.565     808.3066 
4    195.000     23.140    200.000     23.823    160.000     16.714    155.000     15.894    1182.0593 
4    195.000     23.140    200.000     23.823    160.000     16.714    155.000     15.894    1099.8037 
4    200.000     23.823    205.000     24.571    165.000     16.724    160.000     16.714    1403.2551 
4    200.000     23.823    205.000     24.571    165.000     16.724    160.000     16.714    1348.7875 
4    205.000     24.571    210.000     25.179    170.000     17.326    165.000     16.724    1786.3497 
4    205.000     24.571    210.000     25.179    170.000     17.326    165.000     16.724    1514.0906 
4    210.000     25.179    215.000     25.710    175.000     18.726    170.000     17.326    2906.4998 
4    210.000     25.179    215.000     25.710    175.000     18.726    170.000     17.326     989.6808 
4    215.000     25.710    220.000     26.485    180.000     20.156    175.000     18.726     966.8804 
4    220.000     26.485    225.000     27.421    185.000     21.617    180.000     20.156    1104.8705 
4    220.000     26.485    225.000     27.421    185.000     21.617    180.000     20.156    1486.9359 
4    225.000     27.421    230.000     28.124    190.000     22.557    185.000     21.617    1193.3805 
4    225.000     27.421    230.000     28.124    190.000     22.557    185.000     21.617     443.6582 
4    230.000     28.124    235.000     28.728    195.000     23.140    190.000     22.557    1413.2303 
4    230.000     28.124    235.000     28.728    195.000     23.140    190.000     22.557     348.6565 
4    235.000     28.728    240.000     29.380    200.000     23.823    195.000     23.140     511.9012 
4    235.000     28.728    240.000     29.380    200.000     23.823    195.000     23.140    1492.7943 
4    240.000     29.380    245.000     30.049    205.000     24.571    200.000     23.823     872.1161 
4    240.000     29.380    245.000     30.049    205.000     24.571    200.000     23.823   10692.4482 
4    245.000     30.049    250.000     30.452    210.000     25.179    205.000     24.571    3447.7722 
4    245.000     30.049    250.000     30.452    210.000     25.179    205.000     24.571     803.2399 
4    250.000     30.452    255.000     30.756    215.000     25.710    210.000     25.179     565.2605 
4    250.000     30.452    255.000     30.756    215.000     25.710    210.000     25.179    1468.0148 
4    255.000     30.756    260.000     31.019    220.000     26.485    215.000     25.710     347.7065 
4    255.000     30.756    260.000     31.019    220.000     26.485    215.000     25.710     404.1533 
4    260.000     31.019    265.000     31.269    225.000     27.421    220.000     26.485     325.3810 
4    260.000     31.019    265.000     31.269    225.000     27.421    220.000     26.485     347.5481 
4    265.000     31.269    270.000     32.669    230.000     28.124    225.000     27.421     511.4261 
4    265.000     31.269    270.000     32.669    230.000     28.124    225.000     27.421     243.3629 
4    270.000     32.669    275.000     34.364    235.000     28.728    230.000     28.124     881.2205 
4    270.000     32.669    275.000     34.364    235.000     28.728    230.000     28.124     238.6919 
4    275.000     34.364    280.000     35.486    240.000     29.380    235.000     28.728     807.1983 
4    275.000     34.364    280.000     35.486    240.000     29.380    235.000     28.728     307.9641 
4    280.000     35.486    285.000     36.550    245.000     30.049    240.000     29.380     343.1939 
4    280.000     35.486    285.000     36.550    245.000     30.049    240.000     29.380     571.9898 
4    285.000     36.550    290.000     36.795    250.000     30.452    245.000     30.049     240.9878 
4    285.000     36.550    290.000     36.795    250.000     30.452    245.000     30.049     403.4408 
4    290.000     36.795    295.000     36.983    255.000     30.756    250.000     30.452     320.3143 
4    290.000     36.795    295.000     36.983    255.000     30.756    250.000     30.452     336.3854 
4    295.000     36.983    300.000     37.471    260.000     31.019    255.000     30.756     508.9720 
4    295.000     36.983    300.000     37.471    260.000     31.019    255.000     30.756     256.9798 
4    300.000     37.471    305.000     37.970    265.000     31.269    260.000     31.019     235.5252 
4    300.000     37.471    305.000     37.970    265.000     31.269    260.000     31.019     580.4608 
4    305.000     37.970    310.000     38.086    270.000     32.669    265.000     31.269     308.6765 
4    305.000     37.970    310.000     38.086    270.000     32.669    265.000     31.269     561.6188 
4    310.000     38.086    315.000     38.185    275.000     34.364    270.000     32.669     343.9064 
4    310.000     38.086    315.000     38.185    275.000     34.364    270.000     32.669     668.5749 
4    315.000     38.185    320.000     38.413    280.000     35.486    275.000     34.364     794.0564 
4    315.000     38.185    320.000     38.413    280.000     35.486    275.000     34.364     238.2961 
4    320.000     38.413    325.000     38.647    285.000     36.550    280.000     35.486     595.4235 
4    320.000     38.413    325.000     38.647    285.000     36.550    280.000     35.486     320.9476 
4    325.000     38.647    330.000     39.464    290.000     36.795    285.000     36.550     387.5280 
4    325.000     38.647    330.000     39.464    290.000     36.795    285.000     36.550     505.4094 
4    330.000     39.464    335.000     40.289    295.000     36.983    290.000     36.795     380.7987 
4    330.000     39.464    335.000     40.289    295.000     36.983    290.000     36.795     578.3232 
4    335.000     40.289    340.000     41.889    300.000     37.471    295.000     36.983     562.9646 
4    335.000     40.289    340.000     41.889    300.000     37.471    295.000     36.983     432.2580 
4    340.000     41.889    345.000     43.449    305.000     37.970    300.000     37.471     422.1245 
4    340.000     41.889    345.000     43.449    305.000     37.970    300.000     37.471     668.0208 
4    345.000     43.449    350.000     44.470    310.000     38.086    305.000     37.970     805.2983 
4    345.000     43.449    350.000     44.470    310.000     38.086    305.000     37.970     521.1638 
4    350.000     44.470    355.000     45.382    315.000     38.185    310.000     38.086     596.2944 
4    350.000     44.470    355.000     45.382    315.000     38.185    310.000     38.086     518.5513 
4      0.000      0.000     90.000      7.374     60.000      5.360     70.000      5.285     319.5556 
4      0.000      0.000     90.000      7.374     20.000      0.779     30.000      1.731     352.1135 
4      0.000      0.000     90.000      7.374     60.000      5.360     70.000      5.285     260.6578 
4      0.000      0.000     90.000      7.374     20.000      0.779     30.000      1.731     312.2589 
4      5.000      0.130     95.000      7.834     65.000      5.284     75.000      5.691     332.9020 
4      5.000      0.130     95.000      7.834     25.000      1.251     35.000      2.415     363.9887 
4      5.000      0.130     95.000      7.834     25.000      1.251     35.000      2.415     266.5162 
4      5.000      0.130     95.000      7.834     65.000      5.284     75.000      5.691     302.2243 
4     10.000      0.261    100.000      8.228     30.000      1.731     40.000      3.092     397.0282 
4     10.000      0.261    100.000      8.228     70.000      5.285     80.000      6.130     365.3511 
4     10.000      0.261    100.000      8.228     70.000      5.285     80.000      6.130     346.2484 
4     10.000      0.261    100.000      8.228     30.000      1.731     40.000      3.092     246.5758 
4     15.000      0.518    105.000      8.278     35.000      2.415     45.000      3.679     394.3761 
4     15.000      0.518    105.000      8.278     75.000      5.691     85.000      6.766     382.9462 
4     15.000      0.518    105.000      8.278     75.000      5.691     85.000      6.766     409.2135 
4     15.000      0.518    105.000      8.278     35.000      2.415     45.000      3.679     265.2495 
4     20.000      0.779    110.000      8.351     80.000      6.130     90.000      7.374     491.3999 
4     20.000      0.779    110.000      8.351     40.000      3.092     50.000      4.267     389.3390 
4     20.000      0.779    110.000      8.351     40.000      3.092     50.000      4.267     270.5043 
4     20.000      0.779    110.000      8.351     80.000      6.130     90.000      7.374     551.0234 
4     25.000      1.251    115.000      8.550     45.000      3.679     55.000      4.857     268.0765 
4     25.000      1.251    115.000      8.550     85.000      6.766     95.000      7.834     458.0108 
4     25.000      1.251    115.000      8.550     45.000      3.679     55.000      4.857     367.7129 
4     25.000      1.251    115.000      8.550     85.000      6.766     95.000      7.834     519.2077 
4     30.000      1.731    120.000      8.816     90.000      7.374    100.000      8.228     491.8980 
4     30.000      1.731    120.000      8.816     90.000      7.374    100.000      8.228     319.0938 
4     30.000      1.731    120.000      8.816     50.000      4.267     60.000      5.360     326.7434 
4     30.000      1.731    120.000      8.816     50.000      4.267     60.000      5.360     312.2754 
4     35.000      2.415    125.000      9.468     55.000      4.857     65.000      5.284     342.3560 
4     35.000      2.415    125.000      9.468     95.000      7.834    105.000      8.278     497.6839 
4     35.000      2.415    125.000      9.468     95.000      7.834    105.000      8.278     332.0707 
4     35.000      2.415    125.000      9.468     55.000      4.857     65.000      5.284     265.6355 
4     40.000      3.092    130.000     10.168    100.000      8.228    110.000      8.351     345.4535 
4     40.000      3.092    130.000     10.168     60.000      5.360     70.000      5.285     245.3454 
4     40.000      3.092    130.000     10.168     60.000      5.360     70.000      5.285     278.3222 
4     40.000      3.092    130.000     10.168    100.000      8.228    110.000      8.351     550.4957 
4     45.000      3.679    135.000     11.084    105.000      8.278    115.000      8.550     570.0270 
4     45.000      3.679    135.000     11.084     65.000      5.284     75.000      5.691     259.8562 
4     45.000      3.679    135.000     11.084    105.000      8.278    115.000      8.550     382.2271 
4     45.000      3.679    135.000     11.084     65.000      5.284     75.000      5.691     328.4389 
4     50.000      4.267    140.000     12.081    110.000      8.351    120.000      8.816     491.2812 
4     50.000      4.267    140.000     12.081    110.000      8.351    120.000      8.816     639.2662 
4     50.000      4.267    140.000     12.081     70.000      5.285     80.000      6.130     270.0029 
4     50.000      4.267    140.000     12.081     70.000      5.285     80.000      6.130     384.3943 
4     55.000      4.857    145.000     13.307     75.000      5.691     85.000      6.766     265.2397 
4     55.000      4.857    145.000     13.307    115.000      8.550    125.000      9.468     519.4881 
4     55.000      4.857    145.000     13.307    115.000      8.550    125.000      9.468     901.6987 
4     55.000      4.857    145.000     13.307     75.000      5.691     85.000      6.766     445.1591 
4     60.000      5.360    150.000     14.565     80.000      6.130     90.000      7.374     329.1184 
4     60.000      5.360    150.000     14.565     80.000      6.130     90.000      7.374     587.4144 
4     60.000      5.360    150.000     14.565    120.000      8.816    130.000     10.168     493.5869 
4     60.000      5.360    150.000     14.565    120.000      8.816    130.000     10.168     966.1943 
4     65.000      5.284    155.000     15.894    125.000      9.468    135.000     11.084     978.5380 
4     65.000      5.284    155.000     15.894     85.000      6.766     95.000      7.834     341.5676 
4     65.000      5.284    155.000     15.894     85.000      6.766     95.000      7.834     489.7242 
4     65.000      5.284    155.000     15.894    125.000      9.468    135.000     11.084     497.7334 
4     70.000      5.285    160.000     16.714    130.000     10.168    140.000     12.081     547.7313 
4     70.000      5.285    160.000     16.714    130.000     10.168    140.000     12.081    1157.6063 
4     70.000      5.285    160.000     16.714     90.000      7.374    100.000      8.228     276.1846 
4     70.000      5.285    160.000     16.714     90.000      7.374    100.000      8.228     372.2552 
4     75.000      5.691    165.000     16.724    135.000     11.084    145.000     13.307    1247.3666 
4     75.000      5.691    165.000     16.724     95.000      7.834    105.000      8.278     363.8831 
4     75.000      5.691    165.000     16.724    135.000     11.084    145.000     13.307     544.0434 
4     75.000      5.691    165.000     16.724     95.000      7.834    105.000      8.278     313.3409 
4     80.000      6.130    170.000     17.326    100.000      8.228    110.000      8.351     372.2783 
4     80.000      6.130    170.000     17.326    100.000      8.228    110.000      8.351     384.2326 
4     80.000      6.130    170.000     17.326    140.000     12.081    150.000     14.565     639.4180 
4     80.000      6.130    170.000     17.326    140.000     12.081    150.000     14.565    1273.6768 
4     85.000      6.766    175.000     18.726    145.000     13.307    155.000     15.894    1382.9320 
4     85.000      6.766    175.000     18.726    105.000      8.278    115.000      8.550     370.5894 
4     85.000      6.766    175.000     18.726    105.000      8.278    115.000      8.550     441.5207 
4     85.000      6.766    175.000     18.726    145.000     13.307    155.000     15.894     897.3213 
4     90.000      7.374    180.000     20.156    150.000     14.565    160.000     16.714    1426.2139 
4     90.000      7.374    180.000     20.156    110.000      8.351    120.000      8.816     587.9883 
4     90.000      7.374    180.000     20.156    110.000      8.351    120.000      8.816     420.7028 
4     90.000      7.374    180.000     20.156    150.000     14.565    160.000     16.714     968.0449 
4     95.000      7.834    185.000     21.617    155.000     15.894    165.000     16.724     986.3360 
4     95.000      7.834    185.000     21.617    115.000      8.550    125.000      9.468     492.8678 
4     95.000      7.834    185.000     21.617    155.000     15.894    165.000     16.724     950.8884 
4     95.000      7.834    185.000     21.617    115.000      8.550    125.000      9.468     502.8661 
4    100.000      8.228    190.000     22.557    160.000     16.714    170.000     17.326     997.4327 
4    100.000      8.228    190.000     22.557    120.000      8.816    130.000     10.168     533.9957 
4    100.000      8.228    190.000     22.557    160.000     16.714    170.000     17.326    1155.5381 
4    100.000      8.228    190.000     22.557    120.000      8.816    130.000     10.168     372.2618 
4    105.000      8.278    195.000     23.140    125.000      9.468    135.000     11.084     363.4642 
4    105.000      8.278    195.000     23.140    165.000     16.724    175.000     18.726    1042.7103 
4    105.000      8.278    195.000     23.140    125.000      9.468    135.000     11.084     509.7966 
4    105.000      8.278    195.000     23.140    165.000     16.724    175.000     18.726    1247.9669 
4    110.000      8.351    200.000     23.823    130.000     10.168    140.000     12.081     371.1864 
4    110.000      8.351    200.000     23.823    170.000     17.326    180.000     20.156    1274.3397 
4    110.000      8.351    200.000     23.823    170.000     17.326    180.000     20.156    1066.8170 
4    110.000      8.351    200.000     23.823    130.000     10.168    140.000     12.081     579.6625 
4    115.000      8.550    205.000     24.571    135.000     11.084    145.000     13.307     577.8053 
4    115.000      8.550    205.000     24.571    135.000     11.084    145.000     13.307     370.5761 
4    115.000      8.550    205.000     24.571    175.000     18.726    185.000     21.617    1513.3616 
4    115.000      8.550    205.000     24.571    175.000     18.726    185.000     21.617    1382.1931 
4    120.000      8.816    210.000     25.179    180.000     20.156    190.000     22.557    1518.5603 
4    120.000      8.816    210.000     25.179    140.000     12.081    150.000     14.565     564.6931 
4    120.000      8.816    210.000     25.179    180.000     20.156    190.000     22.557    1041.4106 
4    120.000      8.816    210.000     25.179    140.000     12.081    150.000     14.565     418.7104 
4    125.000      9.468    215.000     25.710    145.000     13.307    155.000     15.894     648.5486 
4    125.000      9.468    215.000     25.710    185.000     21.617    195.000     23.140     951.7197 
4    125.000      9.468    215.000     25.710    145.000     13.307    155.000     15.894     504.1163 
4    125.000      9.468    215.000     25.710    185.000     21.617    195.000     23.140     597.3500 
4    130.000     10.168    220.000     26.485    190.000     22.557    200.000     23.823     688.2053 
4    130.000     10.168    220.000     26.485    150.000     14.565    160.000     16.714     535.8726 
4    130.000     10.168    220.000     26.485    190.000     22.557    200.000     23.823    1005.3199 
4    130.000     10.168    220.000     26.485    150.000     14.565    160.000     16.714     699.4537 
4    135.000     11.084    225.000     27.421    155.000     15.894    165.000     16.724     513.7583 
4    135.000     11.084    225.000     27.421    155.000     15.894    165.000     16.724     733.8260 
4    135.000     11.084    225.000     27.421    195.000     23.140    205.000     24.571     778.8198 
4    135.000     11.084    225.000     27.421    195.000     23.140    205.000     24.571    1047.2394 
4    140.000     12.081    230.000     28.124    200.000     23.823    210.000     25.179     817.5792 
4    140.000     12.081    230.000     28.124    200.000     23.823    210.000     25.179    1063.2280 
4    140.000     12.081    230.000     28.124    160.000     16.714    170.000     17.326     578.8477 
4    140.000     12.081    230.000     28.124    160.000     16.714    170.000     17.326     872.0898 
4    145.000     13.307    235.000     28.728    205.000     24.571    215.000     25.710     805.6149 
4    145.000     13.307    235.000     28.728    205.000     24.571    215.000     25.710    1501.3049 
4    145.000     13.307    235.000     28.728    165.000     16.724    175.000     18.726    1078.4185 
4    145.000     13.307    235.000     28.728    165.000     16.724    175.000     18.726     576.5056 
4    150.000     14.565    240.000     29.380    170.000     17.326    180.000     20.156    1291.3346 
4    150.000     14.565    240.000     29.380    170.000     17.326    180.000     20.156     567.3090 
4    150.000     14.565    240.000     29.380    210.000     25.179    220.000     26.485     730.1347 
4    150.000     14.565    240.000     29.380    210.000     25.179    220.000     26.485    1043.4822 
4    155.000     15.894    245.000     30.049    175.000     18.726    185.000     21.617    1898.2672 
4    155.000     15.894    245.000     30.049    215.000     25.710    225.000     27.421     591.9896 
4    155.000     15.894    245.000     30.049    215.000     25.710    225.000     27.421     583.4296 
4    155.000     15.894    245.000     30.049    175.000     18.726    185.000     21.617     645.1840 
4    160.000     16.714    250.000     30.452    220.000     26.485    230.000     28.124     472.6305 
4    160.000     16.714    250.000     30.452    180.000     20.156    190.000     22.557     702.5677 
4    160.000     16.714    250.000     30.452    220.000     26.485    230.000     28.124     687.2156 
4    160.000     16.714    250.000     30.452    180.000     20.156    190.000     22.557    1862.0708 
4    165.000     16.724    255.000     30.756    225.000     27.421    235.000     28.728     784.6486 
4    165.000     16.724    255.000     30.756    185.000     21.617    195.000     23.140     735.9766 
4    165.000     16.724    255.000     30.756    225.000     27.421    235.000     28.728     329.1184 
4    170.000     17.326    260.000     31.019    230.000     28.124    240.000     29.380     815.1085 
4    170.000     17.326    260.000     31.019    190.000     22.557    200.000     23.823     873.0596 
4    170.000     17.326    260.000     31.019    230.000     28.124    240.000     29.380     312.5723 
4    175.000     18.726    265.000     31.269    235.000     28.728    245.000     30.049     825.1266 
4    175.000     18.726    265.000     31.269    195.000     23.140    205.000     24.571    1248.2208 
4    175.000     18.726    265.000     31.269    235.000     28.728    245.000     30.049     413.6040 
4    175.000     18.726    265.000     31.269    195.000     23.140    205.000     24.571    1093.3911 
4    180.000     20.156    270.000     32.669    200.000     23.823    210.000     25.179    1272.1198 
4    180.000     20.156    270.000     32.669    240.000     29.380    250.000     30.452     464.1133 
4    180.000     20.156    270.000     32.669    240.000     29.380    250.000     30.452     720.6378 
4    180.000     20.156    270.000     32.669    200.000     23.823    210.000     25.179    1412.6696 
4    185.000     21.617    275.000     34.364    205.000     24.571    215.000     25.710    1897.2941 
4    185.000     21.617    275.000     34.364    245.000     30.049    255.000     30.756     430.3547 
4    190.000     22.557    280.000     35.486    210.000     25.179    220.000     26.485    1924.6235 
4    190.000     22.557    280.000     35.486    250.000     30.452    260.000     31.019     434.0921 
4    190.000     22.557    280.000     35.486    250.000     30.452    260.000     31.019     458.8618 
4    190.000     22.557    280.000     35.486    210.000     25.179    220.000     26.485    1003.0800 
4    195.000     23.140    285.000     36.550    215.000     25.710    225.000     27.421     888.9922 
4    195.000     23.140    285.000     36.550    255.000     30.756    265.000     31.269     465.3041 
4    195.000     23.140    285.000     36.550    215.000     25.710    225.000     27.421     760.7531 
4    195.000     23.140    285.000     36.550    255.000     30.756    265.000     31.269     329.8342 
4    200.000     23.823    290.000     36.795    260.000     31.019    270.000     32.669     535.7242 
4    200.000     23.823    290.000     36.795    220.000     26.485    230.000     28.124     718.2298 
4    200.000     23.823    290.000     36.795    260.000     31.019    270.000     32.669     308.3863 
4    205.000     24.571    295.000     36.983    225.000     27.421    235.000     28.728     545.0462 
4    205.000     24.571    295.000     36.983    265.000     31.269    275.000     34.364     629.4922 
4    205.000     24.571    295.000     36.983    265.000     31.269    275.000     34.364     413.1620 
4    205.000     24.571    295.000     36.983    225.000     27.421    235.000     28.728    1245.2059 
4    210.000     25.179    300.000     37.471    230.000     28.124    240.000     29.380    1391.6769 
4    210.000     25.179    300.000     37.471    270.000     32.669    280.000     35.486     460.2242 
4    210.000     25.179    300.000     37.471    230.000     28.124    240.000     29.380     485.6371 
4    210.000     25.179    300.000     37.471    270.000     32.669    280.000     35.486     746.9712 
4    215.000     25.710    305.000     37.970    275.000     34.364    285.000     36.550     433.1750 
4    215.000     25.710    305.000     37.970    275.000     34.364    285.000     36.550     709.2112 
4    215.000     25.710    305.000     37.970    235.000     28.728    245.000     30.049     664.6165 
4    215.000     25.710    305.000     37.970    235.000     28.728    245.000     30.049    1502.3142 
4    220.000     26.485    310.000     38.086    240.000     29.380    250.000     30.452     761.3929 
4    220.000     26.485    310.000     38.086    280.000     35.486    290.000     36.795     518.2280 
4    220.000     26.485    310.000     38.086    280.000     35.486    290.000     36.795     433.4026 
4    225.000     27.421    315.000     38.185    285.000     36.550    295.000     36.983     468.9789 
4    225.000     27.421    315.000     38.185    285.000     36.550    295.000     36.983     468.9525 
4    225.000     27.421    315.000     38.185    245.000     30.049    255.000     30.756     777.5300 
4    225.000     27.421    315.000     38.185    245.000     30.049    255.000     30.756     631.5176 
4    230.000     28.124    320.000     38.413    290.000     36.795    300.000     37.471     533.6889 
4    230.000     28.124    320.000     38.413    250.000     30.452    260.000     31.019     714.3373 
4    230.000     28.124    320.000     38.413    250.000     30.452    260.000     31.019     478.2844 
4    230.000     28.124    320.000     38.413    290.000     36.795    300.000     37.471     579.2502 
4    235.000     28.728    325.000     38.647    295.000     36.983    305.000     37.970     637.6367 
4    235.000     28.728    325.000     38.647    295.000     36.983    305.000     37.970     630.1948 
4    235.000     28.728    325.000     38.647    255.000     30.756    265.000     31.269     545.0627 
4    235.000     28.728    325.000     38.647    255.000     30.756    265.000     31.269     408.2206 
4    240.000     29.380    330.000     39.464    300.000     37.471    310.000     38.086     607.1569 
4    240.000     29.380    330.000     39.464    260.000     31.019    270.000     32.669     486.7323 
4    240.000     29.380    330.000     39.464    300.000     37.471    310.000     38.086     752.5690 
4    240.000     29.380    330.000     39.464    260.000     31.019    270.000     32.669     391.6019 
4    245.000     30.049    335.000     40.289    305.000     37.970    315.000     38.185     577.2215 
4    245.000     30.049    335.000     40.289    265.000     31.269    275.000     34.364     438.6739 
4    245.000     30.049    335.000     40.289    265.000     31.269    275.000     34.364     662.4196 
4    245.000     30.049    335.000     40.289    305.000     37.970    315.000     38.185     706.4106 
4    250.000     30.452    340.000     41.889    270.000     32.669    280.000     35.486     521.0682 
4    250.000     30.452    340.000     41.889    310.000     38.086    320.000     38.413     573.2333 
4    250.000     30.452    340.000     41.889    270.000     32.669    280.000     35.486     761.0663 
4    250.000     30.452    340.000     41.889    310.000     38.086    320.000     38.413     518.3005 
4    255.000     30.756    345.000     43.449    275.000     34.364    285.000     36.550     632.2433 
4    255.000     30.756    345.000     43.449    315.000     38.185    325.000     38.647     469.0316 
4    255.000     30.756    345.000     43.449    275.000     34.364    285.000     36.550     521.9160 
4    255.000     30.756    345.000     43.449    315.000     38.185    325.000     38.647     565.9169 
4    260.000     31.019    350.000     44.470    320.000     38.413    330.000     39.464     575.4039 
4    260.000     31.019    350.000     44.470    280.000     35.486    290.000     36.795     417.9583 
4    260.000     31.019    350.000     44.470    320.000     38.413    330.000     39.464     571.4422 
4    260.000     31.019    350.000     44.470    280.000     35.486    290.000     36.795     475.5432 
4    265.000     31.269    355.000     45.382    285.000     36.550    295.000     36.983     388.3626 
4    265.000     31.269    355.000     45.382    325.000     38.647    335.000     40.289     638.1578 
4    265.000     31.269    355.000     45.382    325.000     38.647    335.000     40.289     569.7269 
4    265.000     31.269    355.000     45.382    285.000     36.550    295.000     36.983     409.0914 
4      0.000      0.000    180.000     20.156     20.000      0.779     40.000      3.092     403.2782 
4      0.000      0.000    180.000     20.156    140.000     12.081    160.000     16.714     981.7067 
4      0.000      0.000    180.000     20.156    140.000     12.081    160.000     16.714    1511.9501 
4      0.000      0.000    180.000     20.156     20.000      0.779     40.000      3.092     284.1220 
4      5.000      0.130    185.000     21.617     25.000      1.251     45.000      3.679     405.6830 
4      5.000      0.130    185.000     21.617    145.000     13.307    165.000     16.724    1122.0205 
4      5.000      0.130    185.000     21.617    145.000     13.307    165.000     16.724    1034.1628 
4      5.000      0.130    185.000     21.617     25.000      1.251     45.000      3.679     242.0519 
4     10.000      0.261    190.000     22.557    150.000     14.565    170.000     17.326    1288.8014 
4     10.000      0.261    190.000     22.557     30.000      1.731     50.000      4.267     238.4241 
4     10.000      0.261    190.000     22.557    150.000     14.565    170.000     17.326    1068.6157 
4     10.000      0.261    190.000     22.557     30.000      1.731     50.000      4.267     419.8301 
4     15.000      0.518    195.000     23.140     35.000      2.415     55.000      4.857     405.0302 
4     15.000      0.518    195.000     23.140    155.000     15.894    175.000     18.726    1361.9103 
4     15.000      0.518    195.000     23.140     35.000      2.415     55.000      4.857     240.0257 
4     15.000      0.518    195.000     23.140    155.000     15.894    175.000     18.726    1082.1683 
4     20.000      0.779    200.000     23.823    160.000     16.714    180.000     20.156    1086.6721 
4     20.000      0.779    200.000     23.823    160.000     16.714    180.000     20.156    1444.1141 
4     20.000      0.779    200.000     23.823     40.000      3.092     60.000      5.360     267.8394 
4     20.000      0.779    200.000     23.823     40.000      3.092     60.000      5.360     376.4229 
4     30.000      1.731    210.000     25.179     50.000      4.267     70.000      5.285     284.3987 
4     30.000      1.731    210.000     25.179    170.000     17.326    190.000     22.557     962.5850 
4     30.000      1.731    210.000     25.179     50.000      4.267     70.000      5.285     274.0273 
4     30.000      1.731    210.000     25.179    170.000     17.326    190.000     22.557    1576.2697 
4     40.000      3.092    220.000     26.485    180.000     20.156    200.000     23.823    1077.3661 
4     40.000      3.092    220.000     26.485    180.000     20.156    200.000     23.823     756.5974 
4     40.000      3.092    220.000     26.485     60.000      5.360     80.000      6.130     258.0190 
4     40.000      3.092    220.000     26.485     60.000      5.360     80.000      6.130     239.3511 
4     50.000      4.267    230.000     28.124     70.000      5.285     90.000      7.374     268.4631 
4     50.000      4.267    230.000     28.124    190.000     22.557    210.000     25.179    1087.3127 
4     50.000      4.267    230.000     28.124    190.000     22.557    210.000     25.179     718.4900 
4     50.000      4.267    230.000     28.124     70.000      5.285     90.000      7.374     347.6070 
4     60.000      5.360    240.000     29.380    200.000     23.823    220.000     26.485     775.4958 
4     60.000      5.360    240.000     29.380     80.000      6.130    100.000      8.228     455.7973 
4     60.000      5.360    240.000     29.380    200.000     23.823    220.000     26.485     959.1902 
4     60.000      5.360    240.000     29.380     80.000      6.130    100.000      8.228     273.9861 
4     70.000      5.285    250.000     30.452    210.000     25.179    230.000     28.124     514.5722 
4     70.000      5.285    250.000     30.452     90.000      7.374    110.000      8.351     294.3016 
4     70.000      5.285    250.000     30.452     90.000      7.374    110.000      8.351     257.4851 
4     70.000      5.285    250.000     30.452    210.000     25.179    230.000     28.124     753.4647 
4     80.000      6.130    260.000     31.019    220.000     26.485    240.000     29.380     366.6680 
4     80.000      6.130    260.000     31.019    100.000      8.228    120.000      8.816     286.6311 
4     80.000      6.130    260.000     31.019    100.000      8.228    120.000      8.816     346.6557 
4     80.000      6.130    260.000     31.019    220.000     26.485    240.000     29.380     714.1852 
4     90.000      7.374    270.000     32.669    230.000     28.124    250.000     30.452     405.6393 
4     90.000      7.374    270.000     32.669    110.000      8.351    130.000     10.168     376.1900 
4     90.000      7.374    270.000     32.669    230.000     28.124    250.000     30.452     786.3210 
4     90.000      7.374    270.000     32.669    110.000      8.351    130.000     10.168     456.6054 
4    100.000      8.228    280.000     35.486    120.000      8.816    140.000     12.081     475.1787 
4    100.000      8.228    280.000     35.486    120.000      8.816    140.000     12.081     293.7338 
4    100.000      8.228    280.000     35.486    240.000     29.380    260.000     31.019     511.9272 
4    100.000      8.228    280.000     35.486    240.000     29.380    260.000     31.019     459.2917 
4    105.000      8.278    285.000     36.550    245.000     30.049    265.000     31.269     483.7543 
4    105.000      8.278    285.000     36.550    245.000     30.049    265.000     31.269     408.4930 
4    105.000      8.278    285.000     36.550    125.000      9.468    145.000     13.307     482.8006 
4    105.000      8.278    285.000     36.550    125.000      9.468    145.000     13.307     283.8575 
4    110.000      8.351    290.000     36.795    250.000     30.452    270.000     32.669     553.2524 
4    110.000      8.351    290.000     36.795    130.000     10.168    150.000     14.565     533.2547 
4    110.000      8.351    290.000     36.795    130.000     10.168    150.000     14.565     285.5974 
4    110.000      8.351    290.000     36.795    250.000     30.452    270.000     32.669     365.4984 
4    115.000      8.550    295.000     36.983    135.000     11.084    155.000     15.894     546.7734 
4    115.000      8.550    295.000     36.983    255.000     30.756    275.000     34.364     647.3976 
4    115.000      8.550    295.000     36.983    135.000     11.084    155.000     15.894     323.5156 
4    115.000      8.550    295.000     36.983    255.000     30.756    275.000     34.364     379.8032 
4    120.000      8.816    300.000     37.471    140.000     12.081    160.000     16.714     591.7870 
4    120.000      8.816    300.000     37.471    260.000     31.019    280.000     35.486     405.9160 
4    120.000      8.816    300.000     37.471    140.000     12.081    160.000     16.714     375.4353 
4    120.000      8.816    300.000     37.471    260.000     31.019    280.000     35.486     733.9111 
4    130.000     10.168    310.000     38.086    150.000     14.565    170.000     17.326     782.4481 
4    130.000     10.168    310.000     38.086    150.000     14.565    170.000     17.326     473.7955 
4    130.000     10.168    310.000     38.086    270.000     32.669    290.000     36.795     643.7213 
4    130.000     10.168    310.000     38.086    270.000     32.669    290.000     36.795     459.3014 
4    140.000     12.081    320.000     38.413    160.000     16.714    180.000     20.156     526.2612 
4    140.000     12.081    320.000     38.413    160.000     16.714    180.000     20.156    1105.6337 
4    140.000     12.081    320.000     38.413    280.000     35.486    300.000     37.471     552.1920 
4    140.000     12.081    320.000     38.413    280.000     35.486    300.000     37.471     579.0254 
4    150.000     14.565    330.000     39.464    170.000     17.326    190.000     22.557    1581.3558 
4    150.000     14.565    330.000     39.464    170.000     17.326    190.000     22.557     589.9379 
4    150.000     14.565    330.000     39.464    290.000     36.795    310.000     38.086     604.7548 
4    150.000     14.565    330.000     39.464    290.000     36.795    310.000     38.086     731.8508 
4    160.000     16.714    340.000     41.889    300.000     37.471    320.000     38.413     618.1521 
4    160.000     16.714    340.000     41.889    180.000     20.156    200.000     23.823    1717.8818 
4    160.000     16.714    340.000     41.889    180.000     20.156    200.000     23.823     793.6711 
4    160.000     16.714    340.000     41.889    300.000     37.471    320.000     38.413     646.4561 
4    170.000     17.326    350.000     44.470    310.000     38.086    330.000     39.464     576.1912 
4    170.000     17.326    350.000     44.470    310.000     38.086    330.000     39.464     605.5774 
4    170.000     17.326    350.000     44.470    190.000     22.557    210.000     25.179    1096.8396 
4    170.000     17.326    350.000     44.470    190.000     22.557    210.000     25.179    1268.7455 
4     45.000      3.679     50.000      4.267      5.000      0.130      0.000      0.000     311.3570 
4     50.000      4.267     55.000      4.857     10.000      0.261      5.000      0.130     358.0662 
4     50.000      4.267     55.000      4.857     10.000      0.261      5.000      0.130     267.7014 
4     55.000      4.857     60.000      5.360     15.000      0.518     10.000      0.261     206.4026 
4     55.000      4.857     60.000      5.360     15.000      0.518     10.000      0.261     337.2563 
4     60.000      5.360     65.000      5.284     20.000      0.779     15.000      0.518     252.4333 
4     60.000      5.360     65.000      5.284     20.000      0.779     15.000      0.518     212.2837 
4     65.000      5.284     70.000      5.285     25.000      1.251     20.000      0.779     237.7306 
4     65.000      5.284     70.000      5.285     25.000      1.251     20.000      0.779     161.6161 
4     70.000      5.285     75.000      5.691     30.000      1.731     25.000      1.251     255.6000 
4     70.000      5.285     75.000      5.691     30.000      1.731     25.000      1.251     167.4971 
4     75.000      5.691     80.000      6.130     35.000      2.415     30.000      1.731     205.6109 
4     80.000      6.130     85.000      6.766     40.000      3.092     35.000      2.415     248.9272 
4     80.000      6.130     85.000      6.766     40.000      3.092     35.000      2.415     236.8258 
4     85.000      6.766     90.000      7.374     45.000      3.679     40.000      3.092     339.4051 
4     85.000      6.766     90.000      7.374     45.000      3.679     40.000      3.092     194.5274 
4     90.000      7.374     95.000      7.834     50.000      4.267     45.000      3.679      54.2867 
4     90.000      7.374     95.000      7.834     50.000      4.267     45.000      3.679     250.8499 
4     95.000      7.834    100.000      8.228     55.000      4.857     50.000      4.267     234.5639 
4     95.000      7.834    100.000      8.228     55.000      4.857     50.000      4.267     208.7777 
4    100.000      8.228    105.000      8.278     60.000      5.360     55.000      4.857     254.2428 
4    100.000      8.228    105.000      8.278     60.000      5.360     55.000      4.857     320.8571 
4    105.000      8.278    110.000      8.351     65.000      5.284     60.000      5.360     238.9747 
4    105.000      8.278    110.000      8.351     65.000      5.284     60.000      5.360     200.2954 
4    110.000      8.351    115.000      8.550     70.000      5.285     65.000      5.284     207.6467 
4    110.000      8.351    115.000      8.550     70.000      5.285     65.000      5.284     247.0046 
4    115.000      8.550    120.000      8.816     75.000      5.691     70.000      5.285     269.6241 
4    120.000      8.816    125.000      9.468     80.000      6.130     75.000      5.691     214.7719 
4    120.000      8.816    125.000      9.468     80.000      6.130     75.000      5.691     351.7327 
4    125.000      9.468    130.000     10.168     85.000      6.766     80.000      6.130       3.2798 
4    125.000      9.468    130.000     10.168     85.000      6.766     80.000      6.130     351.5065 
4    130.000     10.168    135.000     11.084     90.000      7.374     85.000      6.766     547.2780 
4    130.000     10.168    135.000     11.084     90.000      7.374     85.000      6.766     361.9115 
4    135.000     11.084    140.000     12.081     95.000      7.834     90.000      7.374     473.4254 
4    135.000     11.084    140.000     12.081     95.000      7.834     90.000      7.374     244.8557 
4    140.000     12.081    145.000     13.307    100.000      8.228     95.000      7.834     228.0042 
4    140.000     12.081    145.000     13.307    100.000      8.228     95.000      7.834     485.0745 
4    145.000     13.307    150.000     14.565    105.000      8.278    100.000      8.228     529.4086 
4    145.000     13.307    150.000     14.565    105.000      8.278    100.000      8.228      50.8938 
4    150.000     14.565    155.000     15.894    110.000      8.351    105.000      8.278     495.3663 
4    150.000     14.565    155.000     15.894    110.000      8.351    105.000      8.278     588.8978 
4    155.000     15.894    160.000     16.714    115.000      8.550    110.000      8.351     333.1848 
4    155.000     15.894    160.000     16.714    115.000      8.550    110.000      8.351     558.2485 
4    160.000     16.714    165.000     16.724    120.000      8.816    115.000      8.550     808.3066 
4    160.000     16.714    165.000     16.724    120.000      8.816    115.000      8.550     639.7916 
4    165.000     16.724    170.000     17.326    125.000      9.468    120.000      8.816    1393.3591 
4    165.000     16.724    170.000     17.326    125.000      9.468    120.000      8.816     454.7644 
4    170.000     17.326    175.000     18.726    130.000     10.168    125.000      9.468    1370.5135 
4    170.000     17.326    175.000     18.726    130.000     10.168    125.000      9.468     284.8922 
4    175.000     18.726    180.000     20.156    135.000     11.084    130.000     10.168    1752.5564 
4    175.000     18.726    180.000     20.156    135.000     11.084    130.000     10.168     538.4564 
4    180.000     20.156    185.000     21.617    140.000     12.081    135.000     11.084    3244.0840 
4    180.000     20.156    185.000     21.617    140.000     12.081    135.000     11.084     685.3699 
4    185.000     21.617    190.000     22.557    145.000     13.307    140.000     12.081     460.3062 
4    185.000     21.617    190.000     22.557    145.000     13.307    140.000     12.081    1043.2098 
4    190.000     22.557    195.000     23.140    150.000     14.565    145.000     13.307    1090.4845 
4    190.000     22.557    195.000     23.140    150.000     14.565    145.000     13.307    1070.5793 
4    195.000     23.140    200.000     23.823    155.000     15.894    150.000     14.565    1395.0557 
4    195.000     23.140    200.000     23.823    155.000     15.894    150.000     14.565    1328.5544 
4    200.000     23.823    205.000     24.571    160.000     16.714    155.000     15.894    1639.3459 
4    200.000     23.823    205.000     24.571    160.000     16.714    155.000     15.894    1383.5198 
4    205.000     24.571    210.000     25.179    165.000     16.724    160.000     16.714    1483.2716 
4    205.000     24.571    210.000     25.179    165.000     16.724    160.000     16.714    1747.4670 
4    210.000     25.179    215.000     25.710    170.000     17.326    165.000     16.724    3261.8403 
4    210.000     25.179    215.000     25.710    170.000     17.326    165.000     16.724    1169.5396 
4    215.000     25.710    220.000     26.485    175.000     18.726    170.000     17.326     986.5480 
4    215.000     25.710    220.000     26.485    175.000     18.726    170.000     17.326     781.1633 
4    220.000     26.485    225.000     27.421    180.000     20.156    175.000     18.726    1057.3469 
4    220.000     26.485    225.000     27.421    180.000     20.156    175.000     18.726     892.7903 
4    225.000     27.421    230.000     28.124    185.000     21.617    180.000     20.156    1257.0769 
4    225.000     27.421    230.000     28.124    185.000     21.617    180.000     20.156    1192.3853 
4    230.000     28.124    235.000     28.728    190.000     22.557    185.000     21.617    1649.7509 
4    230.000     28.124    235.000     28.728    190.000     22.557    185.000     21.617     336.3515 
4    235.000     28.728    240.000     29.380    195.000     23.140    190.000     22.557    1539.7072 
4    235.000     28.728    240.000     29.380    195.000     23.140    190.000     22.557     484.9614 
4    240.000     29.380    245.000     30.049    200.000     23.823    195.000     23.140     831.9440 
4    245.000     30.049    250.000     30.452    205.000     24.571    200.000     23.823     867.2303 
4    250.000     30.452    255.000     30.756    210.000     25.179    205.000     24.571     902.5168 
4    250.000     30.452    255.000     30.756    210.000     25.179    205.000     24.571     667.0481 
4    255.000     30.756    260.000     31.019    215.000     25.710    210.000     25.179    1318.8280 
4    255.000     30.756    260.000     31.019    215.000     25.710    210.000     25.179     501.3605 
4    260.000     31.019    265.000     31.269    220.000     26.485    215.000     25.710     391.6561 
4    260.000     31.019    265.000     31.269    220.000     26.485    215.000     25.710     289.6423 
4    265.000     31.269    270.000     32.669    225.000     27.421    220.000     26.485     483.4911 
4    265.000     31.269    270.000     32.669    225.000     27.421    220.000     26.485     374.5784 
4    270.000     32.669    275.000     34.364    230.000     28.124    225.000     27.421     837.5989 
4    270.000     32.669    275.000     34.364    230.000     28.124    225.000     27.421     319.2738 
4    275.000     34.364    280.000     35.486    235.000     28.728    230.000     28.124     876.2782 
4    275.000     34.364    280.000     35.486    235.000     28.728    230.000     28.124     292.8090 
4    280.000     35.486    285.000     36.550    240.000     29.380    235.000     28.728     295.6364 
4    280.000     35.486    285.000     36.550    240.000     29.380    235.000     28.728     666.4826 
4    285.000     36.550    290.000     36.795    245.000     30.049    240.000     29.380     495.7056 
4    285.000     36.550    290.000     36.795    245.000     30.049    240.000     29.380     275.5051 
4    290.000     36.795    295.000     36.983    250.000     30.452    245.000     30.049     362.0246 
4    290.000     36.795    295.000     36.983    250.000     30.452    245.000     30.049     390.5251 
4    295.000     36.983    300.000     37.471    255.000     30.756    250.000     30.452     485.8661 
4    295.000     36.983    300.000     37.471    255.000     30.756    250.000     30.452     359.7626 
4    300.000     37.471    305.000     37.970    260.000     31.019    255.000     30.756     607.4458 
4    300.000     37.471    305.000     37.970    260.000     31.019    255.000     30.756     316.6725 
4    305.000     37.970    310.000     38.086    265.000     31.269    260.000     31.019     608.5768 
4    305.000     37.970    310.000     38.086    265.000     31.269    260.000     31.019     290.5471 
4    310.000     38.086    315.000     38.185    270.000     32.669    265.000     31.269     614.2316 
4    310.000     38.086    315.000     38.185    270.000     32.669    265.000     31.269     295.9757 
4    315.000     38.185    320.000     38.413    275.000     34.364    270.000     32.669     735.9244 
4    315.000     38.185    320.000     38.413    275.000     34.364    270.000     32.669     278.7849 
4    320.000     38.413    325.000     38.647    280.000     35.486    275.000     34.364     354.2208 
4    320.000     38.413    325.000     38.647    280.000     35.486    275.000     34.364     842.4621 
4    325.000     38.647    330.000     39.464    285.000     36.550    280.000     35.486     665.4647 
4    325.000     38.647    330.000     39.464    285.000     36.550    280.000     35.486     485.3007 
4    330.000     39.464    335.000     40.289    290.000     36.795    285.000     36.550     356.3697 
4    330.000     39.464    335.000     40.289    290.000     36.795    285.000     36.550     608.4637 
4    335.000     40.289    340.000     41.889    295.000     36.983    290.000     36.795     608.1243 
4    335.000     40.289    340.000     41.889    295.000     36.983    290.000     36.795     383.5131 
4    340.000     41.889    345.000     43.449    300.000     37.471    295.000     36.983     477.4969 
4    340.000     41.889    345.000     43.449    300.000     37.471    295.000     36.983     631.7617 
4    345.000     43.449    350.000     44.470    305.000     37.970    300.000     37.471     724.3884 
4    345.000     43.449    350.000     44.470    305.000     37.970    300.000     37.471     706.6321 
4    350.000     44.470    355.000     45.382    310.000     38.086    305.000     37.970     645.1072 
4    350.000     44.470    355.000     45.382    310.000     38.086    305.000     37.970     832.0571 
4     50.000      4.267     60.000      5.360     10.000      0.261      0.000      0.000     283.0826 
4     50.000      4.267     60.000      5.360     10.000      0.261      0.000      0.000     283.3465 
4     60.000      5.360     70.000      5.285     20.000      0.779     10.000      0.261     212.3214 
4     60.000      5.360     70.000      5.285     20.000      0.779     10.000      0.261     245.2327 
4     70.000      5.285     80.000      6.130     30.000      1.731     20.000      0.779     274.8265 
4     70.000      5.285     80.000      6.130     30.000      1.731     20.000      0.779     184.1979 
4     80.000      6.130     90.000      7.374     40.000      3.092     30.000      1.731     242.5184 
4     80.000      6.130     90.000      7.374     40.000      3.092     30.000      1.731     280.4437 
4     90.000      7.374    100.000      8.228     50.000      4.267     40.000      3.092     244.3279 
4     90.000      7.374    100.000      8.228     50.000      4.267     40.000      3.092     213.1131 
4    100.000      8.228    110.000      8.351     60.000      5.360     50.000      4.267     302.2715 
4    100.000      8.228    110.000      8.351     60.000      5.360     50.000      4.267     277.1262 
4    110.000      8.351    120.000      8.816     70.000      5.285     60.000      5.360     234.6770 
4    110.000      8.351    120.000      8.816     70.000      5.285     60.000      5.360     258.8044 
4    120.000      8.816    130.000     10.168     80.000      6.130     70.000      5.285     358.2924 
4    120.000      8.816    130.000     10.168     80.000      6.130     70.000      5.285     215.0357 
4    130.000     10.168    140.000     12.081     90.000      7.374     80.000      6.130     535.8175 
4    130.000     10.168    140.000     12.081     90.000      7.374     80.000      6.130     292.8467 
4    140.000     12.081    150.000     14.565    100.000      8.228     90.000      7.374     507.3923 
4    140.000     12.081    150.000     14.565    100.000      8.228     90.000      7.374     255.3738 
4    150.000     14.565    160.000     16.714    110.000      8.351    100.000      8.228     349.6592 
4    150.000     14.565    160.000     16.714    110.000      8.351    100.000      8.228     626.2199 
4    160.000     16.714    170.000     17.326    120.000      8.816    110.000      8.351     832.0571 
4    160.000     16.714    170.000     17.326    120.000      8.816    110.000      8.351     541.9624 
4    170.000     17.326    180.000     20.156    130.000     10.168    120.000      8.816    1690.7675 
4    170.000     17.326    180.000     20.156    130.000     10.168    120.000      8.816     430.3354 
4    180.000     20.156    190.000     22.557    140.000     12.081    130.000     10.168     556.5897 
4    180.000     20.156    190.000     22.557    140.000     12.081    130.000     10.168    2370.2939 
4    190.000     22.557    200.000     23.823    150.000     14.565    140.000     12.081     842.2736 
4    190.000     22.557    200.000     23.823    150.000     14.565    140.000     12.081    1212.1772 
4    200.000     23.823    210.000     25.179    160.000     16.714    150.000     14.565    1693.0294 
4    200.000     23.823    210.000     25.179    160.000     16.714    150.000     14.565    1710.4087 
4    210.000     25.179    220.000     26.485    170.000     17.326    160.000     16.714    1021.5328 
4    210.000     25.179    220.000     26.485    170.000     17.326    160.000     16.714    2375.5342 
4    220.000     26.485    230.000     28.124    180.000     20.156    170.000     17.326    1207.9927 
4    220.000     26.485    230.000     28.124    180.000     20.156    170.000     17.326     817.5052 
4    230.000     28.124    240.000     29.380    190.000     22.557    180.000     20.156     619.3587 
4    230.000     28.124    240.000     29.380    190.000     22.557    180.000     20.156    1698.3451 
4    240.000     29.380    250.000     30.452    200.000     23.823    190.000     22.557     802.9911 
4    240.000     29.380    250.000     30.452    200.000     23.823    190.000     22.557     980.5540 
4    250.000     30.452    260.000     31.019    210.000     25.179    200.000     23.823     768.1948 
4    250.000     30.452    260.000     31.019    210.000     25.179    200.000     23.823     599.2274 
4    260.000     31.019    270.000     32.669    220.000     26.485    210.000     25.179     619.9619 
4    260.000     31.019    270.000     32.669    220.000     26.485    210.000     25.179     442.7761 
4    270.000     32.669    280.000     35.486    230.000     28.124    220.000     26.485     428.2996 
4    270.000     32.669    280.000     35.486    230.000     28.124    220.000     26.485     811.9634 
4    280.000     35.486    290.000     36.795    240.000     29.380    230.000     28.124     606.8803 
4    280.000     35.486    290.000     36.795    240.000     29.380    230.000     28.124     256.5048 
4    290.000     36.795    300.000     37.471    250.000     30.452    240.000     29.380     445.2642 
4    290.000     36.795    300.000     37.471    250.000     30.452    240.000     29.380     444.4725 
4    300.000     37.471    310.000     38.086    260.000     31.019    250.000     30.452     585.8065 
4    300.000     37.471    310.000     38.086    260.000     31.019    250.000     30.452     428.7897 
4    310.000     38.086    320.000     38.413    270.000     32.669    260.000     31.019     256.7686 
4    310.000     38.086    320.000     38.413    270.000     32.669    260.000     31.019     671.0065 
4    320.000     38.413    330.000     39.464    280.000     35.486    270.000     32.669     445.3019 
4    320.000     38.413    330.000     39.464    280.000     35.486    270.000     32.669     848.4562 
4    330.000     39.464    340.000     41.889    290.000     36.795    280.000     35.486     589.2371 
4    330.000     39.464    340.000     41.889    290.000     36.795    280.000     35.486     455.4807 
4    340.000     41.889    350.000     44.470    300.000     37.471    290.000     36.795     672.5145 
4    340.000     41.889    350.000     44.470    300.000     37.471    290.000     36.795     544.6391 
4     60.000      5.360     90.000      7.374     30.000      1.731      0.000      0.000     277.3655 
4     60.000      5.360     90.000      7.374     30.000      1.731      0.000      0.000     210.4402 
4     70.000      5.285    100.000      8.228     40.000      3.092     10.000      0.261     227.2069 
4     70.000      5.285    100.000      8.228     40.000      3.092     10.000      0.261     271.0208 
4     80.000      6.130    110.000      8.351     50.000      4.267     20.000      0.779     268.0576 
4     80.000      6.130    110.000      8.351     50.000      4.267     20.000      0.779     274.1762 
4     90.000      7.374    120.000      8.816     60.000      5.360     30.000      1.731     272.6381 
4     90.000      7.374    120.000      8.816     60.000      5.360     30.000      1.731     273.7012 
4    100.000      8.228    130.000     10.168     70.000      5.285     40.000      3.092     268.5948 
4    100.000      8.228    130.000     10.168     70.000      5.285     40.000      3.092     277.6257 
4    110.000      8.351    140.000     12.081     80.000      6.130     50.000      4.267     274.9170 
4    110.000      8.351    140.000     12.081     80.000      6.130     50.000      4.267     326.5685 
4    120.000      8.816    150.000     14.565     90.000      7.374     60.000      5.360     271.8803 
4    120.000      8.816    150.000     14.565     90.000      7.374     60.000      5.360     458.3326 
4    130.000     10.168    160.000     16.714    100.000      8.228     70.000      5.285     526.5472 
4    130.000     10.168    160.000     16.714    100.000      8.228     70.000      5.285     280.9225 
4    140.000     12.081    170.000     17.326    110.000      8.351     80.000      6.130     623.0023 
4    140.000     12.081    170.000     17.326    110.000      8.351     80.000      6.130     328.4799 
4    150.000     14.565    180.000     20.156    120.000      8.816     90.000      7.374     801.2720 
4    150.000     14.565    180.000     20.156    120.000      8.816     90.000      7.374     455.4316 
4    160.000     16.714    190.000     22.557    130.000     10.168    100.000      8.228     524.8564 
4    160.000     16.714    190.000     22.557    130.000     10.168    100.000      8.228    1306.6757 
4    170.000     17.326    200.000     23.823    140.000     12.081    110.000      8.351     626.0051 
4    170.000     17.326    200.000     23.823    140.000     12.081    110.000      8.351    1748.1342 
4    180.000     20.156    210.000     25.179    150.000     14.565    120.000      8.816    1926.0250 
4    180.000     20.156    210.000     25.179    150.000     14.565    120.000      8.816     798.5520 
4    190.000     22.557    220.000     26.485    160.000     16.714    130.000     10.168    1302.4911 
4    190.000     22.557    220.000     26.485    160.000     16.714    130.000     10.168    1392.2791 
4    200.000     23.823    230.000     28.124    170.000     17.326    140.000     12.081    1742.9995 
4    200.000     23.823    230.000     28.124    170.000     17.326    140.000     12.081    1330.6581 
4    210.000     25.179    240.000     29.380    180.000     20.156    150.000     14.565     881.2940 
4    210.000     25.179    240.000     29.380    180.000     20.156    150.000     14.565    1925.0072 
4    220.000     26.485    250.000     30.452    190.000     22.557    160.000     16.714     805.0720 
4    220.000     26.485    250.000     30.452    190.000     22.557    160.000     16.714    1390.0115 
4    230.000     28.124    260.000     31.019    200.000     23.823    170.000     17.326    1329.0634 
4    230.000     28.124    260.000     31.019    200.000     23.823    170.000     17.326     640.1309 
4    240.000     29.380    270.000     32.669    210.000     25.179    180.000     20.156     877.5618 
4    240.000     29.380    270.000     32.669    210.000     25.179    180.000     20.156     741.5396 
4    250.000     30.452    280.000     35.486    220.000     26.485    190.000     22.557     802.3634 
4    250.000     30.452    280.000     35.486    220.000     26.485    190.000     22.557     561.0419 
4    260.000     31.019    290.000     36.795    230.000     28.124    200.000     23.823     646.2891 
4    260.000     31.019    290.000     36.795    230.000     28.124    200.000     23.823     467.4482 
4    270.000     32.669    300.000     37.471    240.000     29.380    210.000     25.179     744.4463 
4    270.000     32.669    300.000     37.471    240.000     29.380    210.000     25.179     398.8660 
4    280.000     35.486    310.000     38.086    250.000     30.452    220.000     26.485     396.2874 
4    280.000     35.486    310.000     38.086    250.000     30.452    220.000     26.485     560.1089 
4    290.000     36.795    320.000     38.413    260.000     31.019    230.000     28.124     493.3306 
4    290.000     36.795    320.000     38.413    260.000     31.019    230.000     28.124     466.3456 
4    300.000     37.471    330.000     39.464    270.000     32.669    240.000     29.380     624.9815 
4    300.000     37.471    330.000     39.464    270.000     32.669    240.000     29.380     396.9547 
4    310.000     38.086    340.000     41.889    280.000     35.486    250.000     30.452     395.8803 
4    310.000     38.086    340.000     41.889    280.000     35.486    250.000     30.452     720.9673 
4    320.000     38.413    350.000     44.470    290.000     36.795    260.000     31.019     639.4693 
4    320.000     38.413    350.000     44.470    290.000     36.795    260.000     31.019     493.4776 
4     60.000      5.360     80.000      6.130     20.000      0.779      0.000      0.000     213.0301 
4     60.000      5.360     80.000      6.130     20.000      0.779      0.000      0.000     284.2362 
4     70.000      5.285     90.000      7.374     30.000      1.731     10.000      0.261     333.0038 
4     70.000      5.285     90.000      7.374     30.000      1.731     10.000      0.261     227.3709 
4     80.000      6.130    100.000      8.228     40.000      3.092     20.000      0.779     249.7189 
4     80.000      6.130    100.000      8.228     40.000      3.092     20.000      0.779     268.3121 
4     90.000      7.374    110.000      8.351     50.000      4.267     30.000      1.731     220.5398 
4     90.000      7.374    110.000      8.351     50.000      4.267     30.000      1.731     283.1957 
4    100.000      8.228    120.000      8.816     60.000      5.360     40.000      3.092     284.2965 
4    100.000      8.228    120.000      8.816     60.000      5.360     40.000      3.092     336.1555 
4    110.000      8.351    130.000     10.168     70.000      5.285     50.000      4.267     309.2232 
4    110.000      8.351    130.000     10.168     70.000      5.285     50.000      4.267     269.4280 
4    120.000      8.816    140.000     12.081     80.000      6.130     60.000      5.360     221.4446 
4    120.000      8.816    140.000     12.081     80.000      6.130     60.000      5.360     394.2422 
4    130.000     10.168    150.000     14.565     90.000      7.374     70.000      5.285     279.0036 
4    130.000     10.168    150.000     14.565     90.000      7.374     70.000      5.285     540.4092 
4    140.000     12.081    160.000     16.714    100.000      8.228     80.000      6.130     611.2685 
4    140.000     12.081    160.000     16.714    100.000      8.228     80.000      6.130     317.0495 
4    150.000     14.565    170.000     17.326    110.000      8.351     90.000      7.374     714.3077 
4    150.000     14.565    170.000     17.326    110.000      8.351     90.000      7.374     385.0286 
4    160.000     16.714    180.000     20.156    120.000      8.816    100.000      8.228    1013.7593 
4    160.000     16.714    180.000     20.156    120.000      8.816    100.000      8.228     544.9331 
4    170.000     17.326    190.000     22.557    130.000     10.168    110.000      8.351     592.4039 
4    170.000     17.326    190.000     22.557    130.000     10.168    110.000      8.351    1807.4463 
4    180.000     20.156    200.000     23.823    140.000     12.081    120.000      8.816    2071.1289 
4    180.000     20.156    200.000     23.823    140.000     12.081    120.000      8.816     718.2435 
4    190.000     22.557    210.000     25.179    150.000     14.565    130.000     10.168    1561.3011 
4    190.000     22.557    210.000     25.179    150.000     14.565    130.000     10.168     930.7006 
4    200.000     23.823    220.000     26.485    160.000     16.714    140.000     12.081    1804.4453 
4    200.000     23.823    220.000     26.485    160.000     16.714    140.000     12.081    1545.1660 
4    210.000     25.179    230.000     28.124    170.000     17.326    150.000     14.565    2073.9336 
4    210.000     25.179    230.000     28.124    170.000     17.326    150.000     14.565    1017.7403 
4    220.000     26.485    240.000     29.380    180.000     20.156    160.000     16.714    1554.2139 
4    220.000     26.485    240.000     29.380    180.000     20.156    160.000     16.714     749.6091 
4    230.000     28.124    250.000     30.452    190.000     22.557    170.000     17.326    1538.8928 
4    230.000     28.124    250.000     30.452    190.000     22.557    170.000     17.326     758.6117 
4    240.000     29.380    260.000     31.019    200.000     23.823    180.000     20.156     801.8602 
4    240.000     29.380    260.000     31.019    200.000     23.823    180.000     20.156     996.3271 
4    250.000     30.452    270.000     32.669    210.000     25.179    190.000     22.557     581.6521 
4    250.000     30.452    270.000     32.669    210.000     25.179    190.000     22.557     737.5002 
4    260.000     31.019    280.000     35.486    220.000     26.485    200.000     23.823     590.1118 
4    260.000     31.019    280.000     35.486    220.000     26.485    200.000     23.823     779.0446 
4    270.000     32.669    290.000     36.795    230.000     28.124    210.000     25.179     799.7490 
4    270.000     32.669    290.000     36.795    230.000     28.124    210.000     25.179     498.8648 
4    280.000     35.486    300.000     37.471    240.000     29.380    220.000     26.485     360.8408 
4    280.000     35.486    300.000     37.471    240.000     29.380    220.000     26.485     580.5513 
4    290.000     36.795    310.000     38.086    250.000     30.452    230.000     28.124     588.9053 
4    290.000     36.795    310.000     38.086    250.000     30.452    230.000     28.124     475.2953 
4    300.000     37.471    320.000     38.413    260.000     31.019    240.000     29.380     617.2701 
4    300.000     37.471    320.000     38.413    260.000     31.019    240.000     29.380     494.7179 
4    310.000     38.086    330.000     39.464    270.000     32.669    250.000     30.452     678.8554 
4    310.000     38.086    330.000     39.464    270.000     32.669    250.000     30.452     365.7266 
4    320.000     38.413    340.000     41.889    280.000     35.486    260.000     31.019     475.1747 
4    320.000     38.413    340.000     41.889    280.000     35.486    260.000     31.019     776.8882 
4    330.000     39.464    350.000     44.470    290.000     36.795    270.000     32.669     648.8771 
4    330.000     39.464    350.000     44.470    290.000     36.795    270.000     32.669     617.9940 
4     60.000      5.360     70.000      5.285     10.000      0.261      0.000      0.000     174.9616 
4     60.000      5.360     70.000      5.285     10.000      0.261      0.000      0.000     252.3484 
4     70.000      5.285     80.000      6.130     20.000      0.779     10.000      0.261     340.2910 
4     70.000      5.285     80.000      6.130     20.000      0.779     10.000      0.261     189.4098 
4     80.000      6.130     90.000      7.374     30.000      1.731     20.000      0.779     260.5291 
4     80.000      6.130     90.000      7.374     30.000      1.731     20.000      0.779     351.7704 
4     90.000      7.374    100.000      8.228     40.000      3.092     30.000      1.731     218.0422 
4     90.000      7.374    100.000      8.228     40.000      3.092     30.000      1.731     250.7651 
4    100.000      8.228    110.000      8.351     50.000      4.267     40.000      3.092     346.2286 
4    100.000      8.228    110.000      8.351     50.000      4.267     40.000      3.092     219.4937 
4    110.000      8.351    120.000      8.816     60.000      5.360     50.000      4.267     328.1519 
4    110.000      8.351    120.000      8.816     60.000      5.360     50.000      4.267     328.8116 
4    120.000      8.816    130.000     10.168     70.000      5.285     60.000      5.360     205.0455 
4    120.000      8.816    130.000     10.168     70.000      5.285     60.000      5.360     343.0619 
4    130.000     10.168    140.000     12.081     80.000      6.130     70.000      5.285     236.8447 
4    130.000     10.168    140.000     12.081     80.000      6.130     70.000      5.285     446.2444 
4    140.000     12.081    150.000     14.565     90.000      7.374     80.000      6.130     651.8836 
4    140.000     12.081    150.000     14.565     90.000      7.374     80.000      6.130     285.3351 
4    150.000     14.565    160.000     16.714    100.000      8.228     90.000      7.374     322.2143 
4    150.000     14.565    160.000     16.714    100.000      8.228     90.000      7.374     645.3522 
4    160.000     16.714    170.000     17.326    110.000      8.351    100.000      8.228     852.3769 
4    160.000     16.714    170.000     17.326    110.000      8.351    100.000      8.228     463.1996 
4    170.000     17.326    180.000     20.156    120.000      8.816    110.000      8.351     640.7341 
4    170.000     17.326    180.000     20.156    120.000      8.816    110.000      8.351    1335.7644 
4    180.000     20.156    190.000     22.557    130.000     10.168    120.000      8.816     765.5558 
4    180.000     20.156    190.000     22.557    130.000     10.168    120.000      8.816    2466.5491 
4    190.000     22.557    200.000     23.823    140.000     12.081    130.000     10.168    1484.9962 
4    190.000     22.557    200.000     23.823    140.000     12.081    130.000     10.168     686.6516 
4    200.000     23.823    210.000     25.179    150.000     14.565    140.000     12.081    1316.1702 
4    200.000     23.823    210.000     25.179    150.000     14.565    140.000     12.081    1836.4369 
4    210.000     25.179    220.000     26.485    160.000     16.714    150.000     14.565    2474.3342 
4    210.000     25.179    220.000     26.485    160.000     16.714    150.000     14.565    1167.2021 
4    220.000     26.485    230.000     28.124    170.000     17.326    160.000     16.714    1483.4789 
4    220.000     26.485    230.000     28.124    170.000     17.326    160.000     16.714     885.9574 
4    230.000     28.124    240.000     29.380    180.000     20.156    170.000     17.326     581.8198 
4    230.000     28.124    240.000     29.380    180.000     20.156    170.000     17.326    1833.1381 
4    240.000     29.380    250.000     30.452    190.000     22.557    180.000     20.156    1071.2767 
4    240.000     29.380    250.000     30.452    190.000     22.557    180.000     20.156    1152.7540 
4    250.000     30.452    260.000     31.019    200.000     23.823    190.000     22.557     918.2184 
4    250.000     30.452    260.000     31.019    200.000     23.823    190.000     22.557     542.1038 
4    260.000     31.019    270.000     32.669    210.000     25.179    200.000     23.823     574.8926 
4    260.000     31.019    270.000     32.669    210.000     25.179    200.000     23.823     606.8238 
4    270.000     32.669    280.000     35.486    220.000     26.485    210.000     25.179     653.4010 
4    270.000     32.669    280.000     35.486    220.000     26.485    210.000     25.179    1066.7905 
4    280.000     35.486    290.000     36.795    230.000     28.124    220.000     26.485     539.2010 
4    280.000     35.486    290.000     36.795    230.000     28.124    220.000     26.485     403.4936 
4    290.000     36.795    300.000     37.471    240.000     29.380    230.000     28.124     368.1318 
4    290.000     36.795    300.000     37.471    240.000     29.380    230.000     28.124     615.0045 
4    300.000     37.471    310.000     38.086    250.000     30.452    240.000     29.380     622.7233 
4    300.000     37.471    310.000     38.086    250.000     30.452    240.000     29.380     647.1995 
4    310.000     38.086    320.000     38.413    260.000     31.019    250.000     30.452     639.4146 
4    310.000     38.086    320.000     38.413    260.000     31.019    250.000     30.452     402.5700 
4    320.000     38.413    330.000     39.464    270.000     32.669    260.000     31.019     371.1006 
4    320.000     38.413    330.000     39.464    270.000     32.669    260.000     31.019     724.5204 
4    330.000     39.464    340.000     41.889    280.000     35.486    270.000     32.669     621.1400 
4    330.000     39.464    340.000     41.889    280.000     35.486    270.000     32.669     774.9901 
4    340.000     41.889    350.000     44.470    290.000     36.795    280.000     35.486     632.1576 
4    340.000     41.889    350.000     44.470    290.000     36.795    280.000     35.486     619.0948 
4      0.000      0.000     90.000      7.374     50.000      4.267     60.000      5.360     384.1055 
4      0.000      0.000     90.000      7.374     50.000      4.267     60.000      5.360     423.0487 
4      0.000      0.000     90.000      7.374     30.000      1.731     40.000      3.092     468.8315 
4      0.000      0.000     90.000      7.374     30.000      1.731     40.000      3.092     292.5020 
4      5.000      0.130     95.000      7.834     35.000      2.415     45.000      3.679     471.6267 
4      5.000      0.130     95.000      7.834     35.000      2.415     45.000      3.679     297.7153 
4      5.000      0.130     95.000      7.834     55.000      4.857     65.000      5.284     423.9050 
4      5.000      0.130     95.000      7.834     55.000      4.857     65.000      5.284     332.9424 
4     10.000      0.261    100.000      8.228     40.000      3.092     50.000      4.267     468.8477 
4     10.000      0.261    100.000      8.228     60.000      5.360     70.000      5.285     355.3411 
4     10.000      0.261    100.000      8.228     40.000      3.092     50.000      4.267     316.6402 
4     10.000      0.261    100.000      8.228     60.000      5.360     70.000      5.285     313.9474 
4     15.000      0.518    105.000      8.278     65.000      5.284     75.000      5.691     394.1065 
4     15.000      0.518    105.000      8.278     45.000      3.679     55.000      4.857     303.9679 
4     15.000      0.518    105.000      8.278     45.000      3.679     55.000      4.857     451.9908 
4     15.000      0.518    105.000      8.278     65.000      5.284     75.000      5.691     329.0755 
4     20.000      0.779    110.000      8.351     70.000      5.285     80.000      6.130     425.2406 
4     20.000      0.779    110.000      8.351     50.000      4.267     60.000      5.360     394.6343 
4     20.000      0.779    110.000      8.351     50.000      4.267     60.000      5.360     405.4270 
4     20.000      0.779    110.000      8.351     70.000      5.285     80.000      6.130     358.5132 
4     25.000      1.251    115.000      8.550     75.000      5.691     85.000      6.766     352.5513 
4     25.000      1.251    115.000      8.550     55.000      4.857     65.000      5.284     326.9752 
4     25.000      1.251    115.000      8.550     75.000      5.691     85.000      6.766     476.8399 
4     25.000      1.251    115.000      8.550     55.000      4.857     65.000      5.284     429.2959 
4     30.000      1.731    120.000      8.816     60.000      5.360     70.000      5.285     353.2730 
4     30.000      1.731    120.000      8.816     80.000      6.130     90.000      7.374     599.0496 
4     30.000      1.731    120.000      8.816     80.000      6.130     90.000      7.374     422.7848 
4     30.000      1.731    120.000      8.816     60.000      5.360     70.000      5.285     291.7911 
4     35.000      2.415    125.000      9.468     85.000      6.766     95.000      7.834     421.7992 
4     35.000      2.415    125.000      9.468     85.000      6.766     95.000      7.834     594.1703 
4     35.000      2.415    125.000      9.468     65.000      5.284     75.000      5.691     381.3319 
4     35.000      2.415    125.000      9.468     65.000      5.284     75.000      5.691     305.4436 
4     40.000      3.092    130.000     10.168     90.000      7.374    100.000      8.228     354.1778 
4     40.000      3.092    130.000     10.168     70.000      5.285     80.000      6.130     315.5523 
4     40.000      3.092    130.000     10.168     90.000      7.374    100.000      8.228     553.7407 
4     40.000      3.092    130.000     10.168     70.000      5.285     80.000      6.130     409.1754 
4     45.000      3.679    135.000     11.084     75.000      5.691     85.000      6.766     310.3929 
4     45.000      3.679    135.000     11.084     95.000      7.834    105.000      8.278     544.4183 
4     45.000      3.679    135.000     11.084     75.000      5.691     85.000      6.766     444.8280 
4     45.000      3.679    135.000     11.084     95.000      7.834    105.000      8.278     392.6093 
4     50.000      4.267    140.000     12.081    100.000      8.228    110.000      8.351     425.2245 
4     50.000      4.267    140.000     12.081    100.000      8.228    110.000      8.351     631.4332 
4     50.000      4.267    140.000     12.081     80.000      6.130     90.000      7.374     528.4231 
4     50.000      4.267    140.000     12.081     80.000      6.130     90.000      7.374     406.6442 
4     55.000      4.857    145.000     13.307     85.000      6.766     95.000      7.834     518.9014 
4     55.000      4.857    145.000     13.307    105.000      8.278    115.000      8.550     476.7053 
4     55.000      4.857    145.000     13.307    105.000      8.278    115.000      8.550     636.9534 
4     55.000      4.857    145.000     13.307     85.000      6.766     95.000      7.834     429.5114 
4     60.000      5.360    150.000     14.565    110.000      8.351    120.000      8.816     739.2742 
4     60.000      5.360    150.000     14.565    110.000      8.351    120.000      8.816     600.6330 
4     60.000      5.360    150.000     14.565     90.000      7.374    100.000      8.228     467.9375 
4     60.000      5.360    150.000     14.565     90.000      7.374    100.000      8.228     353.3161 
4     65.000      5.284    155.000     15.894     95.000      7.834    105.000      8.278     382.6083 
4     65.000      5.284    155.000     15.894    115.000      8.550    125.000      9.468    1046.3550 
4     65.000      5.284    155.000     15.894     95.000      7.834    105.000      8.278     474.3302 
4     65.000      5.284    155.000     15.894    115.000      8.550    125.000      9.468     594.0357 
4     70.000      5.285    160.000     16.714    100.000      8.228    110.000      8.351     506.3260 
4     70.000      5.285    160.000     16.714    120.000      8.816    130.000     10.168    1154.1637 
4     70.000      5.285    160.000     16.714    100.000      8.228    110.000      8.351     408.9654 
4     70.000      5.285    160.000     16.714    120.000      8.816    130.000     10.168     553.3960 
4     75.000      5.691    165.000     16.724    125.000      9.468    135.000     11.084     549.1091 
4     75.000      5.691    165.000     16.724    125.000      9.468    135.000     11.084    1184.5923 
4     75.000      5.691    165.000     16.724    105.000      8.278    115.000      8.550     505.9652 
4     75.000      5.691    165.000     16.724    105.000      8.278    115.000      8.550     435.4678 
4     80.000      6.130    170.000     17.326    110.000      8.351    120.000      8.816     528.5308 
4     80.000      6.130    170.000     17.326    110.000      8.351    120.000      8.816     561.6090 
4     80.000      6.130    170.000     17.326    130.000     10.168    140.000     12.081     633.0543 
4     80.000      6.130    170.000     17.326    130.000     10.168    140.000     12.081    1363.5768 
4     85.000      6.766    175.000     18.726    135.000     11.084    145.000     13.307     632.3488 
4     85.000      6.766    175.000     18.726    115.000      8.550    125.000      9.468     513.5427 
4     85.000      6.766    175.000     18.726    135.000     11.084    145.000     13.307    1379.6366 
4     85.000      6.766    175.000     18.726    115.000      8.550    125.000      9.468     754.2784 
4     90.000      7.374    180.000     20.156    120.000      8.816    130.000     10.168     810.2078 
4     90.000      7.374    180.000     20.156    140.000     12.081    150.000     14.565    1310.5127 
4     90.000      7.374    180.000     20.156    120.000      8.816    130.000     10.168     472.0468 
4     90.000      7.374    180.000     20.156    140.000     12.081    150.000     14.565     742.0101 
4     95.000      7.834    185.000     21.617    125.000      9.468    135.000     11.084     693.2490 
4     95.000      7.834    185.000     21.617    125.000      9.468    135.000     11.084     481.1591 
4     95.000      7.834    185.000     21.617    145.000     13.307    155.000     15.894    1056.9161 
4     95.000      7.834    185.000     21.617    145.000     13.307    155.000     15.894    1029.5358 
4    100.000      8.228    190.000     22.557    150.000     14.565    160.000     16.714    1067.0841 
4    100.000      8.228    190.000     22.557    150.000     14.565    160.000     16.714    1152.2896 
4    100.000      8.228    190.000     22.557    130.000     10.168    140.000     12.081     501.6513 
4    100.000      8.228    190.000     22.557    130.000     10.168    140.000     12.081     786.1234 
4    105.000      8.278    195.000     23.140    155.000     15.894    165.000     16.724    1185.0447 
4    105.000      8.278    195.000     23.140    135.000     11.084    145.000     13.307     505.9221 
4    105.000      8.278    195.000     23.140    155.000     15.894    165.000     16.724    1036.4401 
4    105.000      8.278    195.000     23.140    135.000     11.084    145.000     13.307     791.0512 
4    110.000      8.351    200.000     23.823    140.000     12.081    150.000     14.565     757.9083 
4    110.000      8.351    200.000     23.823    160.000     16.714    170.000     17.326    1079.8103 
4    110.000      8.351    200.000     23.823    140.000     12.081    150.000     14.565     560.6989 
4    110.000      8.351    200.000     23.823    160.000     16.714    170.000     17.326    1364.2609 
4    115.000      8.550    205.000     24.571    165.000     16.724    175.000     18.726    1077.2522 
4    115.000      8.550    205.000     24.571    145.000     13.307    155.000     15.894     756.7235 
4    115.000      8.550    205.000     24.571    165.000     16.724    175.000     18.726    1381.7748 
4    115.000      8.550    205.000     24.571    145.000     13.307    155.000     15.894     754.9139 
4    120.000      8.816    210.000     25.179    170.000     17.326    180.000     20.156    1301.2817 
4    120.000      8.816    210.000     25.179    170.000     17.326    180.000     20.156    1012.3720 
4    120.000      8.816    210.000     25.179    150.000     14.565    160.000     16.714     760.5796 
4    120.000      8.816    210.000     25.179    150.000     14.565    160.000     16.714     805.5708 
4    125.000      9.468    215.000     25.710    175.000     18.726    185.000     21.617    1031.0331 
4    125.000      9.468    215.000     25.710    155.000     15.894    165.000     16.724     694.4607 
4    125.000      9.468    215.000     25.710    155.000     15.894    165.000     16.724     828.6911 
4    125.000      9.468    215.000     25.710    175.000     18.726    185.000     21.617    1456.5698 
4    130.000     10.168    220.000     26.485    160.000     16.714    170.000     17.326     935.5466 
4    130.000     10.168    220.000     26.485    180.000     20.156    190.000     22.557    1077.5430 
4    130.000     10.168    220.000     26.485    160.000     16.714    170.000     17.326     791.4067 
4    130.000     10.168    220.000     26.485    180.000     20.156    190.000     22.557    1249.6771 
4    135.000     11.084    225.000     27.421    165.000     16.724    175.000     18.726    1111.5691 
4    135.000     11.084    225.000     27.421    185.000     21.617    195.000     23.140     738.2617 
4    135.000     11.084    225.000     27.421    165.000     16.724    175.000     18.726     802.1509 
4    135.000     11.084    225.000     27.421    185.000     21.617    195.000     23.140    1042.2081 
4    140.000     12.081    230.000     28.124    170.000     17.326    180.000     20.156     754.8278 
4    140.000     12.081    230.000     28.124    190.000     22.557    200.000     23.823     869.3792 
4    140.000     12.081    230.000     28.124    190.000     22.557    200.000     23.823    1082.8317 
4    140.000     12.081    230.000     28.124    170.000     17.326    180.000     20.156    1303.9639 
4    145.000     13.307    235.000     28.728    195.000     23.140    205.000     24.571    1093.2312 
4    145.000     13.307    235.000     28.728    175.000     18.726    185.000     21.617    1922.9724 
4    145.000     13.307    235.000     28.728    175.000     18.726    185.000     21.617     750.4655 
4    145.000     13.307    235.000     28.728    195.000     23.140    205.000     24.571    1065.8508 
4    150.000     14.565    240.000     29.380    200.000     23.823    210.000     25.179    1230.7629 
4    150.000     14.565    240.000     29.380    180.000     20.156    190.000     22.557    1835.4136 
4    150.000     14.565    240.000     29.380    200.000     23.823    210.000     25.179    1000.0767 
4    150.000     14.565    240.000     29.380    180.000     20.156    190.000     22.557     765.6043 
4    155.000     15.894    245.000     30.049    205.000     24.571    215.000     25.710    1020.6819 
4    155.000     15.894    245.000     30.049    185.000     21.617    195.000     23.140     819.7457 
4    155.000     15.894    245.000     30.049    185.000     21.617    195.000     23.140     920.8170 
4    155.000     15.894    245.000     30.049    205.000     24.571    215.000     25.710    1403.0963 
4    160.000     16.714    250.000     30.452    190.000     22.557    200.000     23.823     939.8066 
4    160.000     16.714    250.000     30.452    210.000     25.179    220.000     26.485    1245.8695 
4    160.000     16.714    250.000     30.452    190.000     22.557    200.000     23.823    1148.7834 
4    160.000     16.714    250.000     30.452    210.000     25.179    220.000     26.485     846.9590 
4    165.000     16.724    255.000     30.756    195.000     23.140    205.000     24.571    1115.9421 
4    165.000     16.724    255.000     30.756    215.000     25.710    225.000     27.421     748.6182 
4    170.000     17.326    260.000     31.019    200.000     23.823    210.000     25.179    1298.7236 
4    170.000     17.326    260.000     31.019    220.000     26.485    230.000     28.124     866.7295 
4    175.000     18.726    265.000     31.269    205.000     24.571    215.000     25.710    1949.5503 
4    175.000     18.726    265.000     31.269    225.000     27.421    235.000     28.728     469.7525 
4    175.000     18.726    265.000     31.269    225.000     27.421    235.000     28.728    1132.7721 
4    175.000     18.726    265.000     31.269    205.000     24.571    215.000     25.710    1334.8071 
4    180.000     20.156    270.000     32.669    230.000     28.124    240.000     29.380    1206.0538 
4    180.000     20.156    270.000     32.669    210.000     25.179    220.000     26.485    1018.3876 
4    180.000     20.156    270.000     32.669    230.000     28.124    240.000     29.380     444.1817 
4    180.000     20.156    270.000     32.669    210.000     25.179    220.000     26.485    1818.4974 
4    185.000     21.617    275.000     34.364    235.000     28.728    245.000     30.049     578.3313 
4    190.000     22.557    280.000     35.486    240.000     29.380    250.000     30.452     639.4416 
4    190.000     22.557    280.000     35.486    220.000     26.485    230.000     28.124     829.9513 
4    195.000     23.140    285.000     36.550    225.000     27.421    235.000     28.728     583.6415 
4    195.000     23.140    285.000     36.550    245.000     30.049    255.000     30.756     570.9854 
4    200.000     23.823    290.000     36.795    250.000     30.452    260.000     31.019     594.1595 
4    200.000     23.823    290.000     36.795    230.000     28.124    240.000     29.380     540.9122 
4    205.000     24.571    295.000     36.983    235.000     28.728    245.000     30.049     736.3175 
4    205.000     24.571    295.000     36.983    255.000     30.756    265.000     31.269     647.7300 
4    205.000     24.571    295.000     36.983    255.000     30.756    265.000     31.269     470.5549 
4    205.000     24.571    295.000     36.983    235.000     28.728    245.000     30.049    1317.5193 
4    210.000     25.179    300.000     37.471    240.000     29.380    250.000     30.452     997.1792 
4    210.000     25.179    300.000     37.471    260.000     31.019    270.000     32.669     440.4064 
4    210.000     25.179    300.000     37.471    240.000     29.380    250.000     30.452     847.0883 
4    210.000     25.179    300.000     37.471    260.000     31.019    270.000     32.669     680.3774 
4    215.000     25.710    305.000     37.970    245.000     30.049    255.000     30.756     737.4916 
4    220.000     26.485    310.000     38.086    270.000     32.669    280.000     35.486     636.7919 
4    220.000     26.485    310.000     38.086    250.000     30.452    260.000     31.019     622.1053 
4    220.000     26.485    310.000     38.086    270.000     32.669    280.000     35.486     891.3255 
4    225.000     27.421    315.000     38.185    275.000     34.364    285.000     36.550     862.8196 
4    225.000     27.421    315.000     38.185    275.000     34.364    285.000     36.550     573.8989 
4    225.000     27.421    315.000     38.185    255.000     30.756    265.000     31.269     592.3446 
4    225.000     27.421    315.000     38.185    255.000     30.756    265.000     31.269     587.5084 
4    230.000     28.124    320.000     38.413    280.000     35.486    290.000     36.795     636.2156 
4    230.000     28.124    320.000     38.413    260.000     31.019    270.000     32.669     539.6089 
4    230.000     28.124    320.000     38.413    260.000     31.019    270.000     32.669     577.1088 
4    230.000     28.124    320.000     38.413    280.000     35.486    290.000     36.795     590.6105 
4    235.000     28.728    325.000     38.647    265.000     31.269    275.000     34.364     613.1437 
4    235.000     28.728    325.000     38.647    285.000     36.550    295.000     36.983     651.0152 
4    235.000     28.728    325.000     38.647    285.000     36.550    295.000     36.983     561.5336 
4    235.000     28.728    325.000     38.647    265.000     31.269    275.000     34.364     739.3065 
4    240.000     29.380    330.000     39.464    270.000     32.669    280.000     35.486     711.7053 
4    240.000     29.380    330.000     39.464    290.000     36.795    300.000     37.471     686.9263 
4    240.000     29.380    330.000     39.464    270.000     32.669    280.000     35.486     847.6322 
4    240.000     29.380    330.000     39.464    290.000     36.795    300.000     37.471     692.3065 
4    245.000     30.049    335.000     40.289    295.000     36.983    305.000     37.970     793.2486 
4    245.000     30.049    335.000     40.289    295.000     36.983    305.000     37.970     755.3932 
4    245.000     30.049    335.000     40.289    275.000     34.364    285.000     36.550     714.6998 
4    245.000     30.049    335.000     40.289    275.000     34.364    285.000     36.550     735.0035 
4    250.000     30.452    340.000     41.889    280.000     35.486    290.000     36.795     621.7499 
4    250.000     30.452    340.000     41.889    300.000     37.471    310.000     38.086     795.7906 
4    250.000     30.452    340.000     41.889    300.000     37.471    310.000     38.086     892.8550 
4    250.000     30.452    340.000     41.889    280.000     35.486    290.000     36.795     556.5844 
4    255.000     30.756    345.000     43.449    305.000     37.970    315.000     38.185     773.6073 
4    255.000     30.756    345.000     43.449    285.000     36.550    295.000     36.983     516.7902 
4    255.000     30.756    345.000     43.449    285.000     36.550    295.000     36.983     588.0739 
4    255.000     30.756    345.000     43.449    305.000     37.970    315.000     38.185     863.3258 
4    260.000     31.019    350.000     44.470    290.000     36.795    300.000     37.471     571.5778 
4    260.000     31.019    350.000     44.470    290.000     36.795    300.000     37.471     677.2430 
4    260.000     31.019    350.000     44.470    310.000     38.086    320.000     38.413     630.0868 
4    260.000     31.019    350.000     44.470    310.000     38.086    320.000     38.413     764.8827 
4    265.000     31.269    355.000     45.382    315.000     38.185    325.000     38.647     563.0362 
4    265.000     31.269    355.000     45.382    295.000     36.983    305.000     37.970     794.0995 
4    265.000     31.269    355.000     45.382    295.000     36.983    305.000     37.970     614.3555 
4    265.000     31.269    355.000     45.382    315.000     38.185    325.000     38.647     729.4617 
4      0.000      0.000    330.000     39.464     30.000      1.731     60.000      5.360     289.5746 
4      0.000      0.000    330.000     39.464    270.000     32.669    300.000     37.471     826.9099 
4      0.000      0.000    330.000     39.464     30.000      1.731     60.000      5.360     487.1570 
4      0.000      0.000    330.000     39.464    270.000     32.669    300.000     37.471     748.7216 
4     10.000      0.261    340.000     41.889     40.000      3.092     70.000      5.285     414.0912 
4     10.000      0.261    340.000     41.889    280.000     35.486    310.000     38.086     889.9556 
4     10.000      0.261    340.000     41.889    280.000     35.486    310.000     38.086     848.0234 
4     10.000      0.261    340.000     41.889     40.000      3.092     70.000      5.285     299.0158 
4     20.000      0.779    350.000     44.470    290.000     36.795    320.000     38.413     891.6630 
4     20.000      0.779    350.000     44.470     50.000      4.267     80.000      6.130     333.5904 
4     20.000      0.779    350.000     44.470     50.000      4.267     80.000      6.130     329.6664 
4     20.000      0.779    350.000     44.470    290.000     36.795    320.000     38.413     844.9957 
4      0.000      0.000    300.000     37.471    240.000     29.380    270.000     32.669     603.8848 
4      0.000      0.000    300.000     37.471     30.000      1.731     60.000      5.360     291.9342 
4      0.000      0.000    300.000     37.471     30.000      1.731     60.000      5.360     490.0037 
4      0.000      0.000    300.000     37.471    240.000     29.380    270.000     32.669     747.6052 
4     10.000      0.261    310.000     38.086     40.000      3.092     70.000      5.285     413.4301 
4     10.000      0.261    310.000     38.086    250.000     30.452    280.000     35.486     561.6218 
4     10.000      0.261    310.000     38.086    250.000     30.452    280.000     35.486     887.3201 
4     10.000      0.261    310.000     38.086     40.000      3.092     70.000      5.285     298.8704 
4     20.000      0.779    320.000     38.413     50.000      4.267     80.000      6.130     333.9037 
4     20.000      0.779    320.000     38.413    260.000     31.019    290.000     36.795     620.7944 
4     20.000      0.779    320.000     38.413     50.000      4.267     80.000      6.130     331.1013 
4     20.000      0.779    320.000     38.413    260.000     31.019    290.000     36.795     844.2686 
4     30.000      1.731    330.000     39.464     60.000      5.360     90.000      7.374     337.1756 
4     30.000      1.731    330.000     39.464     60.000      5.360     90.000      7.374     292.3267 
4     30.000      1.731    330.000     39.464    270.000     32.669    300.000     37.471     747.2090 
4     30.000      1.731    330.000     39.464    270.000     32.669    300.000     37.471     825.8661 
4     40.000      3.092    340.000     41.889     70.000      5.285    100.000      8.228     298.3789 
4     40.000      3.092    340.000     41.889    280.000     35.486    310.000     38.086     845.7248 
4     40.000      3.092    340.000     41.889     70.000      5.285    100.000      8.228     345.8761 
4     40.000      3.092    340.000     41.889    280.000     35.486    310.000     38.086     886.8763 
4     50.000      4.267    350.000     44.470    290.000     36.795    320.000     38.413     888.2885 
4     50.000      4.267    350.000     44.470     80.000      6.130    110.000      8.351     351.2534 
4     50.000      4.267    350.000     44.470     80.000      6.130    110.000      8.351     333.9771 
4     50.000      4.267    350.000     44.470    290.000     36.795    320.000     38.413     844.2795 
4      0.000      0.000    270.000     32.669     30.000      1.731     60.000      5.360     485.4226 
4      0.000      0.000    270.000     32.669    210.000     25.179    240.000     29.380    1015.4596 
4      0.000      0.000    270.000     32.669    210.000     25.179    240.000     29.380     599.9634 
4      0.000      0.000    270.000     32.669     30.000      1.731     60.000      5.360     292.2160 
4     10.000      0.261    280.000     35.486     40.000      3.092     70.000      5.285     415.3142 
4     10.000      0.261    280.000     35.486     40.000      3.092     70.000      5.285     301.7016 
4     10.000      0.261    280.000     35.486    220.000     26.485    250.000     30.452     565.7773 
4     10.000      0.261    280.000     35.486    220.000     26.485    250.000     30.452     871.4173 
4     20.000      0.779    290.000     36.795    230.000     28.124    260.000     31.019     619.9866 
4     20.000      0.779    290.000     36.795    230.000     28.124    260.000     31.019     763.1226 
4     20.000      0.779    290.000     36.795     50.000      4.267     80.000      6.130     334.2133 
4     20.000      0.779    290.000     36.795     50.000      4.267     80.000      6.130     329.5251 
4     30.000      1.731    300.000     37.471    240.000     29.380    270.000     32.669     602.4167 
4     30.000      1.731    300.000     37.471    240.000     29.380    270.000     32.669     746.1860 
4     30.000      1.731    300.000     37.471     60.000      5.360     90.000      7.374     340.0699 
4     30.000      1.731    300.000     37.471     60.000      5.360     90.000      7.374     292.1395 
4     40.000      3.092    310.000     38.086     70.000      5.285    100.000      8.228     346.8292 
4     40.000      3.092    310.000     38.086    250.000     30.452    280.000     35.486     563.8519 
4     40.000      3.092    310.000     38.086    250.000     30.452    280.000     35.486     883.7858 
4     40.000      3.092    310.000     38.086     70.000      5.285    100.000      8.228     299.7979 
4     50.000      4.267    320.000     38.413     80.000      6.130    110.000      8.351     334.9121 
4     50.000      4.267    320.000     38.413    260.000     31.019    290.000     36.795     620.5435 
4     50.000      4.267    320.000     38.413    260.000     31.019    290.000     36.795     839.9321 
4     50.000      4.267    320.000     38.413     80.000      6.130    110.000      8.351     352.7222 
4     60.000      5.360    330.000     39.464     90.000      7.374    120.000      8.816     339.3055 
4     60.000      5.360    330.000     39.464     90.000      7.374    120.000      8.816     343.2548 
4     60.000      5.360    330.000     39.464    270.000     32.669    300.000     37.471     745.6328 
4     60.000      5.360    330.000     39.464    270.000     32.669    300.000     37.471     822.9373 
4     70.000      5.285    340.000     41.889    280.000     35.486    310.000     38.086     844.4747 
4     70.000      5.285    340.000     41.889    100.000      8.228    130.000     10.168     379.1844 
4     70.000      5.285    340.000     41.889    100.000      8.228    130.000     10.168     346.3560 
4     70.000      5.285    340.000     41.889    280.000     35.486    310.000     38.086     884.8595 
4     80.000      6.130    350.000     44.470    290.000     36.795    320.000     38.413     882.5081 
4     80.000      6.130    350.000     44.470    110.000      8.351    140.000     12.081     350.7567 
4     80.000      6.130    350.000     44.470    110.000      8.351    140.000     12.081     446.5920 
4     80.000      6.130    350.000     44.470    290.000     36.795    320.000     38.413     836.8745 
4     80.000      6.130    120.000      8.816     40.000      3.092      0.000      0.000     316.3634 
4     80.000      6.130    120.000      8.816     40.000      3.092      0.000      0.000     302.2112 
4     90.000      7.374    130.000     10.168     50.000      4.267     10.000      0.261     305.7398 
4     90.000      7.374    130.000     10.168     50.000      4.267     10.000      0.261     313.1741 
4    100.000      8.228    140.000     12.081     60.000      5.360     20.000      0.779     367.6417 
4    100.000      8.228    140.000     12.081     60.000      5.360     20.000      0.779     336.9698 
4    110.000      8.351    150.000     14.565     70.000      5.285     30.000      1.731     401.8951 
4    110.000      8.351    150.000     14.565     70.000      5.285     30.000      1.731     314.3126 
4    120.000      8.816    160.000     16.714     80.000      6.130     40.000      3.092     490.5559 
4    120.000      8.816    160.000     16.714     80.000      6.130     40.000      3.092     302.2715 
4    130.000     10.168    170.000     17.326     90.000      7.374     50.000      4.267     627.8486 
4    130.000     10.168    170.000     17.326     90.000      7.374     50.000      4.267     366.4429 
4    140.000     12.081    180.000     20.156    100.000      8.228     60.000      5.360     736.6482 
4    140.000     12.081    180.000     20.156    100.000      8.228     60.000      5.360     400.7792 
4    150.000     14.565    190.000     22.557    110.000      8.351     70.000      5.285     489.5682 
4    150.000     14.565    190.000     22.557    110.000      8.351     70.000      5.285     961.9079 
4    160.000     16.714    200.000     23.823    120.000      8.816     80.000      6.130     631.9125 
4    160.000     16.714    200.000     23.823    120.000      8.816     80.000      6.130    1191.0582 
4    170.000     17.326    210.000     25.179    130.000     10.168     90.000      7.374    1657.6676 
4    170.000     17.326    210.000     25.179    130.000     10.168     90.000      7.374     745.6055 
4    180.000     20.156    220.000     26.485    140.000     12.081    100.000      8.228     963.6798 
4    180.000     20.156    220.000     26.485    140.000     12.081    100.000      8.228    1873.6760 
4    190.000     22.557    230.000     28.124    150.000     14.565    110.000      8.351    1481.1378 
4    190.000     22.557    230.000     28.124    150.000     14.565    110.000      8.351    1189.4296 
4    200.000     23.823    240.000     29.380    160.000     16.714    120.000      8.816    1436.6302 
4    200.000     23.823    240.000     29.380    160.000     16.714    120.000      8.816    1657.7505 
4    210.000     25.179    250.000     30.452    170.000     17.326    130.000     10.168    1875.6063 
4    210.000     25.179    250.000     30.452    170.000     17.326    130.000     10.168    1003.7012 
4    220.000     26.485    260.000     31.019    180.000     20.156    140.000     12.081     799.3795 
4    220.000     26.485    260.000     31.019    180.000     20.156    140.000     12.081    1486.3025 
4    230.000     28.124    270.000     32.669    190.000     22.557    150.000     14.565    1438.8545 
4    230.000     28.124    270.000     32.669    190.000     22.557    150.000     14.565     734.7934 
4    240.000     29.380    280.000     35.486    200.000     23.823    160.000     16.714     774.2040 
4    240.000     29.380    280.000     35.486    200.000     23.823    160.000     16.714     997.8201 
4    250.000     30.452    290.000     36.795    210.000     25.179    170.000     17.326     797.2457 
4    250.000     30.452    290.000     36.795    210.000     25.179    170.000     17.326     682.1277 
4    260.000     31.019    300.000     37.471    220.000     26.485    180.000     20.156     684.9551 
4    260.000     31.019    300.000     37.471    220.000     26.485    180.000     20.156     745.1983 
4    270.000     32.669    310.000     38.086    230.000     28.124    190.000     22.557     777.3255 
4    270.000     32.669    310.000     38.086    230.000     28.124    190.000     22.557     678.4332 
4    280.000     35.486    320.000     38.413    240.000     29.380    200.000     23.823     582.1647 
4    280.000     35.486    320.000     38.413    240.000     29.380    200.000     23.823     668.0660 
4    290.000     36.795    330.000     39.464    250.000     30.452    210.000     25.179     602.2433 
4    290.000     36.795    330.000     39.464    250.000     30.452    210.000     25.179     680.5972 
4    300.000     37.471    340.000     41.889    260.000     31.019    220.000     26.485     625.2172 
4    300.000     37.471    340.000     41.889    260.000     31.019    220.000     26.485     677.2495 
4    310.000     38.086    350.000     44.470    270.000     32.669    230.000     28.124     665.5929 
4    310.000     38.086    350.000     44.470    270.000     32.669    230.000     28.124     583.1750 
4      0.000      0.000     90.000      7.374     40.000      3.092     50.000      4.267     341.5602 
4      0.000      0.000     90.000      7.374     40.000      3.092     50.000      4.267     484.7101 
4      5.000      0.130     95.000      7.834     45.000      3.679     55.000      4.857     354.5979 
4      5.000      0.130     95.000      7.834     45.000      3.679     55.000      4.857     479.3317 
4     10.000      0.261    100.000      8.228     50.000      4.267     60.000      5.360     427.6525 
4     10.000      0.261    100.000      8.228     50.000      4.267     60.000      5.360     439.8481 
4     15.000      0.518    105.000      8.278     55.000      4.857     65.000      5.284     359.1846 
4     15.000      0.518    105.000      8.278     55.000      4.857     65.000      5.284     454.3623 
4     20.000      0.779    110.000      8.351     60.000      5.360     70.000      5.285     328.1959 
4     20.000      0.779    110.000      8.351     60.000      5.360     70.000      5.285     382.5517 
4     25.000      1.251    115.000      8.550     65.000      5.284     75.000      5.691     429.7887 
4     25.000      1.251    115.000      8.550     65.000      5.284     75.000      5.691     336.0059 
4     30.000      1.731    120.000      8.816     70.000      5.285     80.000      6.130     465.4081 
4     30.000      1.731    120.000      8.816     70.000      5.285     80.000      6.130     340.7371 
4     35.000      2.415    125.000      9.468     75.000      5.691     85.000      6.766     493.3934 
4     35.000      2.415    125.000      9.468     75.000      5.691     85.000      6.766     344.1803 
4     40.000      3.092    130.000     10.168     80.000      6.130     90.000      7.374     438.5915 
4     40.000      3.092    130.000     10.168     80.000      6.130     90.000      7.374     597.9330 
4     45.000      3.679    135.000     11.084     85.000      6.766     95.000      7.834     451.4594 
4     45.000      3.679    135.000     11.084     85.000      6.766     95.000      7.834     582.4576 
4     50.000      4.267    140.000     12.081     90.000      7.374    100.000      8.228     540.8314 
4     50.000      4.267    140.000     12.081     90.000      7.374    100.000      8.228     383.1172 
4     55.000      4.857    145.000     13.307     95.000      7.834    105.000      8.278     430.6181 
4     55.000      4.857    145.000     13.307     95.000      7.834    105.000      8.278     568.5089 
4     60.000      5.360    150.000     14.565    100.000      8.228    110.000      8.351     466.1306 
4     60.000      5.360    150.000     14.565    100.000      8.228    110.000      8.351     613.0692 
4     65.000      5.284    155.000     15.894    105.000      8.278    115.000      8.550     494.5746 
4     65.000      5.284    155.000     15.894    105.000      8.278    115.000      8.550     613.9677 
4     70.000      5.285    160.000     16.714    110.000      8.351    120.000      8.816     596.4313 
4     70.000      5.285    160.000     16.714    110.000      8.351    120.000      8.816     713.3112 
4     75.000      5.691    165.000     16.724    115.000      8.550    125.000      9.468     562.1063 
4     75.000      5.691    165.000     16.724    115.000      8.550    125.000      9.468    1002.9723 
4     80.000      6.130    170.000     17.326    120.000      8.816    130.000     10.168    1080.3560 
4     80.000      6.130    170.000     17.326    120.000      8.816    130.000     10.168     543.1500 
4     85.000      6.766    175.000     18.726    125.000      9.468    135.000     11.084     563.8782 
4     85.000      6.766    175.000     18.726    125.000      9.468    135.000     11.084    1062.7002 
4     90.000      7.374    180.000     20.156    130.000     10.168    140.000     12.081     614.1248 
4     90.000      7.374    180.000     20.156    130.000     10.168    140.000     12.081    1172.4612 
4     95.000      7.834    185.000     21.617    135.000     11.084    145.000     13.307     622.4877 
4     95.000      7.834    185.000     21.617    135.000     11.084    145.000     13.307     972.3921 
4    100.000      8.228    190.000     22.557    140.000     12.081    150.000     14.565     711.3696 
4    100.000      8.228    190.000     22.557    140.000     12.081    150.000     14.565     931.5513 
4    105.000      8.278    195.000     23.140    145.000     13.307    155.000     15.894    1001.4078 
4    105.000      8.278    195.000     23.140    145.000     13.307    155.000     15.894     950.8909 
4    110.000      8.351    200.000     23.823    150.000     14.565    160.000     16.714    1081.6063 
4    110.000      8.351    200.000     23.823    150.000     14.565    160.000     16.714     975.3828 
4    115.000      8.550    205.000     24.571    155.000     15.894    165.000     16.724     920.9705 
4    115.000      8.550    205.000     24.571    155.000     15.894    165.000     16.724    1067.3247 
4    120.000      8.816    210.000     25.179    160.000     16.714    170.000     17.326    1170.1490 
4    120.000      8.816    210.000     25.179    160.000     16.714    170.000     17.326     915.2591 
4    125.000      9.468    215.000     25.710    165.000     16.724    175.000     18.726     973.7429 
4    125.000      9.468    215.000     25.710    165.000     16.724    175.000     18.726    1064.7360 
4    130.000     10.168    220.000     26.485    170.000     17.326    180.000     20.156     937.1685 
4    130.000     10.168    220.000     26.485    170.000     17.326    180.000     20.156    1158.1670 
4    135.000     11.084    225.000     27.421    175.000     18.726    185.000     21.617     953.3728 
4    135.000     11.084    225.000     27.421    175.000     18.726    185.000     21.617    1668.0287 
4    140.000     12.081    230.000     28.124    180.000     20.156    190.000     22.557    1544.1179 
4    140.000     12.081    230.000     28.124    180.000     20.156    190.000     22.557     974.2770 
4    145.000     13.307    235.000     28.728    185.000     21.617    195.000     23.140     917.9796 
4    145.000     13.307    235.000     28.728    185.000     21.617    195.000     23.140     909.0198 
4    150.000     14.565    240.000     29.380    190.000     22.557    200.000     23.823    1105.2500 
4    150.000     14.565    240.000     29.380    190.000     22.557    200.000     23.823     921.7119 
4    155.000     15.894    245.000     30.049    195.000     23.140    205.000     24.571    1052.8922 
4    160.000     16.714    250.000     30.452    200.000     23.823    210.000     25.179    1451.0074 
4    160.000     16.714    250.000     30.452    200.000     23.823    210.000     25.179    1160.9694 
4    165.000     16.724    255.000     30.756    205.000     24.571    215.000     25.710    1671.6791 
4    170.000     17.326    260.000     31.019    210.000     25.179    220.000     26.485    1543.4519 
4    175.000     18.726    265.000     31.269    215.000     25.710    225.000     27.421     847.5451 
4    175.000     18.726    265.000     31.269    215.000     25.710    225.000     27.421     948.4280 
4    180.000     20.156    270.000     32.669    220.000     26.485    230.000     28.124    1084.3898 
4    180.000     20.156    270.000     32.669    220.000     26.485    230.000     28.124     762.6154 
4    190.000     22.557    280.000     35.486    230.000     28.124    240.000     29.380     529.4840 
4    195.000     23.140    285.000     36.550    235.000     28.728    245.000     30.049     681.8073 
4    200.000     23.823    290.000     36.795    240.000     29.380    250.000     30.452     789.6770 
4    205.000     24.571    295.000     36.983    245.000     30.049    255.000     30.756     713.3174 
4    205.000     24.571    295.000     36.983    245.000     30.049    255.000     30.756     861.7012 
4    210.000     25.179    300.000     37.471    250.000     30.452    260.000     31.019     750.3317 
4    210.000     25.179    300.000     37.471    250.000     30.452    260.000     31.019     656.9070 
4    220.000     26.485    310.000     38.086    260.000     31.019    270.000     32.669     684.1697 
4    220.000     26.485    310.000     38.086    260.000     31.019    270.000     32.669     523.9171 
4    225.000     27.421    315.000     38.185    265.000     31.269    275.000     34.364     757.0358 
4    225.000     27.421    315.000     38.185    265.000     31.269    275.000     34.364     685.8160 
4    230.000     28.124    320.000     38.413    270.000     32.669    280.000     35.486     882.1655 
4    230.000     28.124    320.000     38.413    270.000     32.669    280.000     35.486     789.9786 
4    235.000     28.728    325.000     38.647    275.000     34.364    285.000     36.550     841.0295 
4    235.000     28.728    325.000     38.647    275.000     34.364    285.000     36.550     716.2580 
4    240.000     29.380    330.000     39.464    280.000     35.486    290.000     36.795     661.1921 
4    240.000     29.380    330.000     39.464    280.000     35.486    290.000     36.795     629.3678 
4    245.000     30.049    335.000     40.289    285.000     36.550    295.000     36.983     665.7474 
4    245.000     30.049    335.000     40.289    285.000     36.550    295.000     36.983     579.0521 
4    250.000     30.452    340.000     41.889    290.000     36.795    300.000     37.471     684.8107 
4    250.000     30.452    340.000     41.889    290.000     36.795    300.000     37.471     744.5323 
4    255.000     30.756    345.000     43.449    295.000     36.983    305.000     37.970     869.8127 
4    255.000     30.756    345.000     43.449    295.000     36.983    305.000     37.970     757.0987 
4    260.000     31.019    350.000     44.470    300.000     37.471    310.000     38.086     870.3782 
4    260.000     31.019    350.000     44.470    300.000     37.471    310.000     38.086     872.0370 
4    265.000     31.269    355.000     45.382    305.000     37.970    315.000     38.185     842.0599 
4    265.000     31.269    355.000     45.382    305.000     37.970    315.000     38.185     836.8386 
4     70.000      5.285     80.000      6.130     10.000      0.261      0.000      0.000     354.2510 
4     70.000      5.285     80.000      6.130     10.000      0.261      0.000      0.000     275.7162 
4     80.000      6.130     90.000      7.374     20.000      0.779     10.000      0.261     425.7134 
4     80.000      6.130     90.000      7.374     20.000      0.779     10.000      0.261     263.6826 
4     90.000      7.374    100.000      8.228     30.000      1.731     20.000      0.779     221.5652 
4     90.000      7.374    100.000      8.228     30.000      1.731     20.000      0.779     289.1220 
4    100.000      8.228    110.000      8.351     40.000      3.092     30.000      1.731     345.3842 
4    100.000      8.228    110.000      8.351     40.000      3.092     30.000      1.731     253.5491 
4    110.000      8.351    120.000      8.816     50.000      4.267     40.000      3.092     501.7148 
4    110.000      8.351    120.000      8.816     50.000      4.267     40.000      3.092     269.0661 
4    120.000      8.816    130.000     10.168     60.000      5.360     50.000      4.267     445.2416 
4    120.000      8.816    130.000     10.168     60.000      5.360     50.000      4.267     317.0948 
4    130.000     10.168    140.000     12.081     70.000      5.285     60.000      5.360     495.2759 
4    130.000     10.168    140.000     12.081     70.000      5.285     60.000      5.360     218.0818 
4    140.000     12.081    150.000     14.565     80.000      6.130     70.000      5.285     524.6208 
4    140.000     12.081    150.000     14.565     80.000      6.130     70.000      5.285     294.6110 
4    150.000     14.565    160.000     16.714     90.000      7.374     80.000      6.130     791.5757 
4    150.000     14.565    160.000     16.714     90.000      7.374     80.000      6.130     540.6656 
4    160.000     16.714    170.000     17.326    100.000      8.228     90.000      7.374     471.6310 
4    160.000     16.714    170.000     17.326    100.000      8.228     90.000      7.374     863.0382 
4    170.000     17.326    180.000     20.156    110.000      8.351    100.000      8.228    1275.6625 
4    170.000     17.326    180.000     20.156    110.000      8.351    100.000      8.228     521.6652 
4    180.000     20.156    190.000     22.557    120.000      8.816    110.000      8.351     788.1980 
4    180.000     20.156    190.000     22.557    120.000      8.816    110.000      8.351    1832.0562 
4    190.000     22.557    200.000     23.823    130.000     10.168    120.000      8.816    1534.3839 
4    190.000     22.557    200.000     23.823    130.000     10.168    120.000      8.816    1148.5713 
4    200.000     23.823    210.000     25.179    140.000     12.081    130.000     10.168     975.6682 
4    200.000     23.823    210.000     25.179    140.000     12.081    130.000     10.168    2222.4080 
4    210.000     25.179    220.000     26.485    150.000     14.565    140.000     12.081    1837.2285 
4    210.000     25.179    220.000     26.485    150.000     14.565    140.000     12.081    1234.9174 
4    220.000     26.485    230.000     28.124    160.000     16.714    150.000     14.565     977.8848 
4    220.000     26.485    230.000     28.124    160.000     16.714    150.000     14.565    1530.0562 
4    230.000     28.124    240.000     29.380    170.000     17.326    160.000     16.714     619.2004 
4    230.000     28.124    240.000     29.380    170.000     17.326    160.000     16.714    2210.0576 
4    240.000     29.380    250.000     30.452    180.000     20.156    170.000     17.326     929.0117 
4    240.000     29.380    250.000     30.452    180.000     20.156    170.000     17.326    1284.1072 
4    250.000     30.452    260.000     31.019    190.000     22.557    180.000     20.156     986.5405 
4    250.000     30.452    260.000     31.019    190.000     22.557    180.000     20.156     745.1304 
4    260.000     31.019    270.000     32.669    200.000     23.823    190.000     22.557     626.9061 
4    260.000     31.019    270.000     32.669    200.000     23.823    190.000     22.557     535.0710 
4    270.000     32.669    280.000     35.486    210.000     25.179    200.000     23.823     889.9554 
4    270.000     32.669    280.000     35.486    210.000     25.179    200.000     23.823    1065.0753 
4    280.000     35.486    290.000     36.795    220.000     26.485    210.000     25.179     597.3500 
4    280.000     35.486    290.000     36.795    220.000     26.485    210.000     25.179     767.8254 
4    290.000     36.795    300.000     37.471    230.000     28.124    220.000     26.485     539.6100 
4    290.000     36.795    300.000     37.471    230.000     28.124    220.000     26.485     566.4216 
4    300.000     37.471    310.000     38.086    240.000     29.380    230.000     28.124     498.6537 
4    300.000     37.471    310.000     38.086    240.000     29.380    230.000     28.124     874.1218 
4    310.000     38.086    320.000     38.413    250.000     30.452    240.000     29.380     596.0833 
4    310.000     38.086    320.000     38.413    250.000     30.452    240.000     29.380     660.3678 
4    320.000     38.413    330.000     39.464    260.000     31.019    250.000     30.452     595.9777 
4    320.000     38.413    330.000     39.464    260.000     31.019    250.000     30.452     698.5796 
4    330.000     39.464    340.000     41.889    270.000     32.669    260.000     31.019     495.2759 
4    330.000     39.464    340.000     41.889    270.000     32.669    260.000     31.019     669.8680 
4    340.000     41.889    350.000     44.470    280.000     35.486    270.000     32.669    1039.3192 
4    340.000     41.889    350.000     44.470    280.000     35.486    270.000     32.669     665.1179 
4     80.000      6.130    100.000      8.228     20.000      0.779      0.000      0.000     389.8465 
4     90.000      7.374    110.000      8.351     30.000      1.731     10.000      0.261     292.2812 
4     90.000      7.374    110.000      8.351     30.000      1.731     10.000      0.261     336.6154 
4    100.000      8.228    120.000      8.816     40.000      3.092     20.000      0.779     334.8058 
4    100.000      8.228    120.000      8.816     40.000      3.092     20.000      0.779     312.5256 
4    110.000      8.351    130.000     10.168     50.000      4.267     30.000      1.731     362.2885 
4    110.000      8.351    130.000     10.168     50.000      4.267     30.000      1.731     387.8862 
4    120.000      8.816    140.000     12.081     60.000      5.360     40.000      3.092     311.2816 
4    120.000      8.816    140.000     12.081     60.000      5.360     40.000      3.092     532.1229 
4    130.000     10.168    150.000     14.565     70.000      5.285     50.000      4.267     574.3082 
4    130.000     10.168    150.000     14.565     70.000      5.285     50.000      4.267     306.1545 
4    140.000     12.081    160.000     16.714     80.000      6.130     60.000      5.360     577.2488 
4    140.000     12.081    160.000     16.714     80.000      6.130     60.000      5.360     357.0106 
4    150.000     14.565    170.000     17.326     90.000      7.374     70.000      5.285     823.1224 
4    150.000     14.565    170.000     17.326     90.000      7.374     70.000      5.285     558.9270 
4    160.000     16.714    180.000     20.156    100.000      8.228     80.000      6.130     569.5959 
4    160.000     16.714    180.000     20.156    100.000      8.228     80.000      6.130    1097.6851 
4    170.000     17.326    190.000     22.557    110.000      8.351     90.000      7.374     577.0980 
4    170.000     17.326    190.000     22.557    110.000      8.351     90.000      7.374    1451.6421 
4    180.000     20.156    200.000     23.823    120.000      8.816    100.000      8.228    1535.7109 
4    180.000     20.156    200.000     23.823    120.000      8.816    100.000      8.228     824.2534 
4    190.000     22.557    210.000     25.179    130.000     10.168    110.000      8.351    1642.0602 
4    190.000     22.557    210.000     25.179    130.000     10.168    110.000      8.351    1310.0441 
4    200.000     23.823    220.000     26.485    140.000     12.081    120.000      8.816    1448.8146 
4    200.000     23.823    220.000     26.485    140.000     12.081    120.000      8.816    1945.6888 
4    210.000     25.179    230.000     28.124    150.000     14.565    130.000     10.168    1563.8723 
4    210.000     25.179    230.000     28.124    150.000     14.565    130.000     10.168    1245.5786 
4    220.000     26.485    240.000     29.380    160.000     16.714    140.000     12.081    1637.4232 
4    220.000     26.485    240.000     29.380    160.000     16.714    140.000     12.081     863.8375 
4    230.000     28.124    250.000     30.452    170.000     17.326    150.000     14.565     782.9352 
4    230.000     28.124    250.000     30.452    170.000     17.326    150.000     14.565    1950.4767 
4    240.000     29.380    260.000     31.019    180.000     20.156    160.000     16.714     819.0509 
4    240.000     29.380    260.000     31.019    180.000     20.156    160.000     16.714    1303.4091 
4    250.000     30.452    270.000     32.669    190.000     22.557    170.000     17.326     683.1833 
4    250.000     30.452    270.000     32.669    190.000     22.557    170.000     17.326     888.0403 
4    260.000     31.019    280.000     35.486    200.000     23.823    180.000     20.156     713.7573 
4    260.000     31.019    280.000     35.486    200.000     23.823    180.000     20.156     773.2088 
4    270.000     32.669    290.000     36.795    210.000     25.179    190.000     22.557     817.4299 
4    270.000     32.669    290.000     36.795    210.000     25.179    190.000     22.557     833.9044 
4    280.000     35.486    300.000     37.471    220.000     26.485    200.000     23.823     779.5045 
4    280.000     35.486    300.000     37.471    220.000     26.485    200.000     23.823     663.9944 
4    290.000     36.795    310.000     38.086    230.000     28.124    210.000     25.179     748.6666 
4    290.000     36.795    310.000     38.086    230.000     28.124    210.000     25.179     709.1203 
4    300.000     37.471    320.000     38.413    240.000     29.380    220.000     26.485     612.9122 
4    300.000     37.471    320.000     38.413    240.000     29.380    220.000     26.485     797.9394 
4    310.000     38.086    330.000     39.464    250.000     30.452    230.000     28.124     773.6612 
4    310.000     38.086    330.000     39.464    250.000     30.452    230.000     28.124     610.6502 
4    320.000     38.413    340.000     41.889    260.000     31.019    240.000     29.380     661.8079 
4    320.000     38.413    340.000     41.889    260.000     31.019    240.000     29.380     749.3453 
4    330.000     39.464    350.000     44.470    270.000     32.669    250.000     30.452     715.4915 
4    330.000     39.464    350.000     44.470    270.000     32.669    250.000     30.452     620.2258 
4     80.000      6.130     90.000      7.374     10.000      0.261      0.000      0.000     395.3657 
4     80.000      6.130     90.000      7.374     10.000      0.261      0.000      0.000     402.0158 
4     90.000      7.374    100.000      8.228     20.000      0.779     10.000      0.261     297.0388 
4     90.000      7.374    100.000      8.228     20.000      0.779     10.000      0.261     282.4719 
4    100.000      8.228    110.000      8.351     30.000      1.731     20.000      0.779     329.1811 
4    100.000      8.228    110.000      8.351     30.000      1.731     20.000      0.779     334.2479 
4    110.000      8.351    120.000      8.816     40.000      3.092     30.000      1.731     285.0053 
4    110.000      8.351    120.000      8.816     40.000      3.092     30.000      1.731     343.5897 
4    120.000      8.816    130.000     10.168     50.000      4.267     40.000      3.092     171.6365 
4    120.000      8.816    130.000     10.168     50.000      4.267     40.000      3.092     503.5094 
4    130.000     10.168    140.000     12.081     60.000      5.360     50.000      4.267     400.7491 
4    130.000     10.168    140.000     12.081     60.000      5.360     50.000      4.267     636.0368 
4    140.000     12.081    150.000     14.565     70.000      5.285     60.000      5.360     438.4331 
4    140.000     12.081    150.000     14.565     70.000      5.285     60.000      5.360     536.4432 
4    150.000     14.565    160.000     16.714     80.000      6.130     70.000      5.285     454.2668 
4    150.000     14.565    160.000     16.714     80.000      6.130     70.000      5.285     641.8952 
4    160.000     16.714    170.000     17.326     90.000      7.374     80.000      6.130     645.0620 
4    160.000     16.714    170.000     17.326     90.000      7.374     80.000      6.130     996.5685 
4    170.000     17.326    180.000     20.156    100.000      8.228     90.000      7.374    1274.1320 
4    170.000     17.326    180.000     20.156    100.000      8.228     90.000      7.374     557.6603 
4    180.000     20.156    190.000     22.557    110.000      8.351    100.000      8.228    1715.8901 
4    180.000     20.156    190.000     22.557    110.000      8.351    100.000      8.228     624.9532 
4    190.000     22.557    200.000     23.823    120.000      8.816    110.000      8.351    1016.0439 
4    190.000     22.557    200.000     23.823    120.000      8.816    110.000      8.351    1146.0380 
4    200.000     23.823    210.000     25.179    130.000     10.168    120.000      8.816    2262.1501 
4    210.000     25.179    220.000     26.485    140.000     12.081    130.000     10.168    1733.7821 
4    210.000     25.179    220.000     26.485    140.000     12.081    130.000     10.168    1475.5356 
4    220.000     26.485    230.000     28.124    150.000     14.565    140.000     12.081    1005.1186 
4    220.000     26.485    230.000     28.124    150.000     14.565    140.000     12.081    1176.5968 
4    230.000     28.124    240.000     29.380    160.000     16.714    150.000     14.565     669.9208 
4    230.000     28.124    240.000     29.380    160.000     16.714    150.000     14.565    2102.2307 
4    240.000     29.380    250.000     30.452    170.000     17.326    160.000     16.714    1003.5353 
4    240.000     29.380    250.000     30.452    170.000     17.326    160.000     16.714    1253.5483 
4    250.000     30.452    260.000     31.019    180.000     20.156    170.000     17.326    1068.4531 
4    250.000     30.452    260.000     31.019    180.000     20.156    170.000     17.326     590.4359 
4    260.000     31.019    270.000     32.669    190.000     22.557    180.000     20.156     688.1295 
4    260.000     31.019    270.000     32.669    190.000     22.557    180.000     20.156     670.3958 
4    270.000     32.669    280.000     35.486    200.000     23.823    190.000     22.557     874.3329 
4    270.000     32.669    280.000     35.486    200.000     23.823    190.000     22.557     771.7310 
4    280.000     35.486    290.000     36.795    210.000     25.179    200.000     23.823     454.1084 
4    280.000     35.486    290.000     36.795    210.000     25.179    200.000     23.823     819.0735 
4    290.000     36.795    300.000     37.471    220.000     26.485    210.000     25.179     716.4716 
4    290.000     36.795    300.000     37.471    220.000     26.485    210.000     25.179     815.2735 
4    300.000     37.471    310.000     38.086    230.000     28.124    220.000     26.485     776.4811 
4    300.000     37.471    310.000     38.086    230.000     28.124    220.000     26.485     741.6471 
4    310.000     38.086    320.000     38.413    240.000     29.380    230.000     28.124     802.2899 
4    310.000     38.086    320.000     38.413    240.000     29.380    230.000     28.124     517.4429 
4    320.000     38.413    330.000     39.464    250.000     30.452    240.000     29.380     770.1476 
4    320.000     38.413    330.000     39.464    250.000     30.452    240.000     29.380     684.9627 
4    330.000     39.464    340.000     41.889    260.000     31.019    250.000     30.452     614.0281 
4    330.000     39.464    340.000     41.889    260.000     31.019    250.000     30.452     705.0714 
4    340.000     41.889    350.000     44.470    270.000     32.669    260.000     31.019     862.2993 
4    340.000     41.889    350.000     44.470    270.000     32.669    260.000     31.019     519.6597 
4      0.000      0.000    180.000     20.156     40.000      3.092     60.000      5.360     579.7813 
4      0.000      0.000    180.000     20.156     40.000      3.092     60.000      5.360     399.9178 
4      0.000      0.000    180.000     20.156    120.000      8.816    140.000     12.081     883.8793 
4      5.000      0.130    185.000     21.617     45.000      3.679     65.000      5.284     521.0121 
4      5.000      0.130    185.000     21.617     45.000      3.679     65.000      5.284     411.2850 
4      5.000      0.130    185.000     21.617    125.000      9.468    145.000     13.307     899.6073 
4      5.000      0.130    185.000     21.617    125.000      9.468    145.000     13.307    1269.6854 
4     10.000      0.261    190.000     22.557     50.000      4.267     70.000      5.285     454.4845 
4     10.000      0.261    190.000     22.557     50.000      4.267     70.000      5.285     394.6070 
4     10.000      0.261    190.000     22.557    130.000     10.168    150.000     14.565    1024.5281 
4     10.000      0.261    190.000     22.557    130.000     10.168    150.000     14.565    1278.6841 
4     15.000      0.518    195.000     23.140     55.000      4.857     75.000      5.691     386.6176 
4     15.000      0.518    195.000     23.140    135.000     11.084    155.000     15.894    1292.8157 
4     15.000      0.518    195.000     23.140     55.000      4.857     75.000      5.691     418.0539 
4     15.000      0.518    195.000     23.140    135.000     11.084    155.000     15.894    1298.3442 
4     20.000      0.779    200.000     23.823    140.000     12.081    160.000     16.714    1225.0411 
4     20.000      0.779    200.000     23.823    140.000     12.081    160.000     16.714    1412.6959 
4     20.000      0.779    200.000     23.823     60.000      5.360     80.000      6.130     382.3689 
4     20.000      0.779    200.000     23.823     60.000      5.360     80.000      6.130     375.6462 
4     30.000      1.731    210.000     25.179     70.000      5.285     90.000      7.374     432.2316 
4     30.000      1.731    210.000     25.179     70.000      5.285     90.000      7.374     401.1449 
4     30.000      1.731    210.000     25.179    150.000     14.565    170.000     17.326    1004.3204 
4     30.000      1.731    210.000     25.179    150.000     14.565    170.000     17.326    1633.0408 
4     40.000      3.092    220.000     26.485     80.000      6.130    100.000      8.228     399.7331 
4     40.000      3.092    220.000     26.485     80.000      6.130    100.000      8.228     393.7691 
4     40.000      3.092    220.000     26.485    160.000     16.714    180.000     20.156    1270.3978 
4     40.000      3.092    220.000     26.485    160.000     16.714    180.000     20.156     963.7137 
4     50.000      4.267    230.000     28.124     90.000      7.374    110.000      8.351     353.2746 
4     50.000      4.267    230.000     28.124    170.000     17.326    190.000     22.557    1231.7902 
4     50.000      4.267    230.000     28.124     90.000      7.374    110.000      8.351     383.1935 
4     50.000      4.267    230.000     28.124    170.000     17.326    190.000     22.557    1085.4149 
4     60.000      5.360    240.000     29.380    180.000     20.156    200.000     23.823    1104.6265 
4     60.000      5.360    240.000     29.380    100.000      8.228    120.000      8.816     433.4587 
4     60.000      5.360    240.000     29.380    180.000     20.156    200.000     23.823     997.3866 
4     60.000      5.360    240.000     29.380    100.000      8.228    120.000      8.816     389.0916 
4     70.000      5.285    250.000     30.452    190.000     22.557    210.000     25.179     955.7639 
4     70.000      5.285    250.000     30.452    110.000      8.351    130.000     10.168     468.0156 
4     70.000      5.285    250.000     30.452    190.000     22.557    210.000     25.179    1075.8553 
4     70.000      5.285    250.000     30.452    110.000      8.351    130.000     10.168     398.0376 
4     80.000      6.130    260.000     31.019    120.000      8.816    140.000     12.081     603.1028 
4     80.000      6.130    260.000     31.019    200.000     23.823    220.000     26.485    1051.7091 
4     80.000      6.130    260.000     31.019    120.000      8.816    140.000     12.081     350.8666 
4     80.000      6.130    260.000     31.019    200.000     23.823    220.000     26.485    1069.6143 
4     90.000      7.374    270.000     32.669    210.000     25.179    230.000     28.124    1133.6613 
4     90.000      7.374    270.000     32.669    210.000     25.179    230.000     28.124     822.2072 
4     90.000      7.374    270.000     32.669    130.000     10.168    150.000     14.565     705.0582 
4     90.000      7.374    270.000     32.669    130.000     10.168    150.000     14.565     396.7379 
4    100.000      8.228    280.000     35.486    140.000     12.081    160.000     16.714     756.0623 
4    100.000      8.228    280.000     35.486    220.000     26.485    240.000     29.380    1062.7399 
4    100.000      8.228    280.000     35.486    140.000     12.081    160.000     16.714     467.9892 
4    100.000      8.228    280.000     35.486    220.000     26.485    240.000     29.380     595.6412 
4    105.000      8.278    285.000     36.550    145.000     13.307    165.000     16.724     810.9719 
4    105.000      8.278    285.000     36.550    145.000     13.307    165.000     16.724     545.1518 
4    105.000      8.278    285.000     36.550    225.000     27.421    245.000     30.049     596.8947 
4    105.000      8.278    285.000     36.550    225.000     27.421    245.000     30.049    1097.8575 
4    110.000      8.351    290.000     36.795    230.000     28.124    250.000     30.452    1045.2437 
4    110.000      8.351    290.000     36.795    150.000     14.565    170.000     17.326     602.6411 
4    110.000      8.351    290.000     36.795    230.000     28.124    250.000     30.452     634.6976 
4    110.000      8.351    290.000     36.795    150.000     14.565    170.000     17.326     910.4468 
4    115.000      8.550    295.000     36.983    235.000     28.728    255.000     30.756     954.7743 
4    115.000      8.550    295.000     36.983    235.000     28.728    255.000     30.756     691.4215 
4    115.000      8.550    295.000     36.983    155.000     15.894    175.000     18.726     640.7605 
4    115.000      8.550    295.000     36.983    155.000     15.894    175.000     18.726     996.2518 
4    120.000      8.816    300.000     37.471    160.000     16.714    180.000     20.156     713.0344 
4    120.000      8.816    300.000     37.471    160.000     16.714    180.000     20.156    1166.8130 
4    120.000      8.816    300.000     37.471    240.000     29.380    260.000     31.019     821.2242 
4    120.000      8.816    300.000     37.471    240.000     29.380    260.000     31.019     737.8867 
4    130.000     10.168    310.000     38.086    250.000     30.452    270.000     32.669     782.5176 
4    130.000     10.168    310.000     38.086    170.000     17.326    190.000     22.557     760.0207 
4    130.000     10.168    310.000     38.086    170.000     17.326    190.000     22.557    1719.1228 
4    130.000     10.168    310.000     38.086    250.000     30.452    270.000     32.669     598.3462 
4    140.000     12.081    320.000     38.413    180.000     20.156    200.000     23.823     916.9055 
4    140.000     12.081    320.000     38.413    260.000     31.019    280.000     35.486     979.8245 
4    140.000     12.081    320.000     38.413    180.000     20.156    200.000     23.823    1860.4907 
4    140.000     12.081    320.000     38.413    260.000     31.019    280.000     35.486     633.5034 
4    150.000     14.565    330.000     39.464    190.000     22.557    210.000     25.179    1618.9026 
4    150.000     14.565    330.000     39.464    190.000     22.557    210.000     25.179    1146.1434 
4    150.000     14.565    330.000     39.464    270.000     32.669    290.000     36.795     901.3160 
4    150.000     14.565    330.000     39.464    270.000     32.669    290.000     36.795     736.6265 
4    160.000     16.714    340.000     41.889    280.000     35.486    300.000     37.471     787.4591 
4    160.000     16.714    340.000     41.889    280.000     35.486    300.000     37.471     866.6800 
4    160.000     16.714    340.000     41.889    200.000     23.823    220.000     26.485    1739.5746 
4    170.000     17.326    350.000     44.470    290.000     36.795    310.000     38.086     969.4402 
4    170.000     17.326    350.000     44.470    290.000     36.795    310.000     38.086     972.5872 
4    170.000     17.326    350.000     44.470    210.000     25.179    230.000     28.124    1107.8458 
4    100.000      8.228    150.000     14.565     50.000      4.267      0.000      0.000     386.5667 
4    100.000      8.228    150.000     14.565     50.000      4.267      0.000      0.000     443.1154 
4    110.000      8.351    160.000     16.714     60.000      5.360     10.000      0.261     393.4939 
4    110.000      8.351    160.000     16.714     60.000      5.360     10.000      0.261     528.8431 
4    120.000      8.816    170.000     17.326     70.000      5.285     20.000      0.779     384.1728 
4    120.000      8.816    170.000     17.326     70.000      5.285     20.000      0.779     590.0382 
4    130.000     10.168    180.000     20.156     80.000      6.130     30.000      1.731     673.3815 
4    130.000     10.168    180.000     20.156     80.000      6.130     30.000      1.731     434.6613 
4    140.000     12.081    190.000     22.557     90.000      7.374     40.000      3.092     517.9104 
4    140.000     12.081    190.000     22.557     90.000      7.374     40.000      3.092     881.0377 
4    150.000     14.565    200.000     23.823    100.000      8.228     50.000      4.267     588.5773 
4    150.000     14.565    200.000     23.823    100.000      8.228     50.000      4.267    1015.3125 
4    160.000     16.714    210.000     25.179    110.000      8.351     60.000      5.360     669.8096 
4    160.000     16.714    210.000     25.179    110.000      8.351     60.000      5.360    1217.8604 
4    170.000     17.326    220.000     26.485    120.000      8.816     70.000      5.285    1416.7137 
4    170.000     17.326    220.000     26.485    120.000      8.816     70.000      5.285     874.4592 
4    180.000     20.156    230.000     28.124    130.000     10.168     80.000      6.130    1638.2056 
4    180.000     20.156    230.000     28.124    130.000     10.168     80.000      6.130    1001.0811 
4    190.000     22.557    240.000     29.380    140.000     12.081     90.000      7.374    1416.2332 
4    190.000     22.557    240.000     29.380    140.000     12.081     90.000      7.374    1198.4736 
4    200.000     23.823    250.000     30.452    150.000     14.565    100.000      8.228    1396.5354 
4    200.000     23.823    250.000     30.452    150.000     14.565    100.000      8.228    1417.9861 
4    210.000     25.179    260.000     31.019    160.000     16.714    110.000      8.351    1024.3037 
4    210.000     25.179    260.000     31.019    160.000     16.714    110.000      8.351    1640.7596 
4    220.000     26.485    270.000     32.669    170.000     17.326    120.000      8.816    1419.8523 
4    220.000     26.485    270.000     32.669    170.000     17.326    120.000      8.816     833.5933 
4    230.000     28.124    280.000     35.486    180.000     20.156    130.000     10.168     726.1979 
4    230.000     28.124    280.000     35.486    180.000     20.156    130.000     10.168    1393.8303 
4    240.000     29.380    290.000     36.795    190.000     22.557    140.000     12.081    1032.0980 
4    240.000     29.380    290.000     36.795    190.000     22.557    140.000     12.081     824.3665 
4    250.000     30.452    300.000     37.471    200.000     23.823    150.000     14.565     828.5887 
4    250.000     30.452    300.000     37.471    200.000     23.823    150.000     14.565     711.2786 
4    260.000     31.019    310.000     38.086    210.000     25.179    160.000     16.714     732.9367 
4    260.000     31.019    310.000     38.086    210.000     25.179    160.000     16.714     824.1874 
4    270.000     32.669    320.000     38.413    220.000     26.485    170.000     17.326     823.8387 
4    270.000     32.669    320.000     38.413    220.000     26.485    170.000     17.326     910.0189 
4    280.000     35.486    330.000     39.464    230.000     28.124    180.000     20.156     674.8989 
4    280.000     35.486    330.000     39.464    230.000     28.124    180.000     20.156     862.1222 
4    290.000     36.795    340.000     41.889    240.000     29.380    190.000     22.557     784.7353 
4    290.000     36.795    340.000     41.889    240.000     29.380    190.000     22.557     816.3083 
4    300.000     37.471    350.000     44.470    250.000     30.452    200.000     23.823     884.7039 
4    300.000     37.471    350.000     44.470    250.000     30.452    200.000     23.823     788.5146 
4     90.000      7.374    120.000      8.816     30.000      1.731      0.000      0.000     361.3912 
4     90.000      7.374    120.000      8.816     30.000      1.731      0.000      0.000     333.1395 
4    100.000      8.228    130.000     10.168     40.000      3.092     10.000      0.261     396.9943 
4    100.000      8.228    130.000     10.168     40.000      3.092     10.000      0.261     368.7426 
4    110.000      8.351    140.000     12.081     50.000      4.267     20.000      0.779     445.8523 
4    110.000      8.351    140.000     12.081     50.000      4.267     20.000      0.779     382.9476 
4    120.000      8.816    150.000     14.565     60.000      5.360     30.000      1.731     550.2185 
4    120.000      8.816    150.000     14.565     60.000      5.360     30.000      1.731     348.9958 
4    130.000     10.168    160.000     16.714     70.000      5.285     40.000      3.092     620.2032 
4    130.000     10.168    160.000     16.714     70.000      5.285     40.000      3.092     388.1274 
4    140.000     12.081    170.000     17.326     80.000      6.130     50.000      4.267     435.5831 
4    140.000     12.081    170.000     17.326     80.000      6.130     50.000      4.267     683.5150 
4    150.000     14.565    180.000     20.156     90.000      7.374     60.000      5.360     550.5126 
4    150.000     14.565    180.000     20.156     90.000      7.374     60.000      5.360     906.7918 
4    160.000     16.714    190.000     22.557    100.000      8.228     70.000      5.285    1217.1083 
4    160.000     16.714    190.000     22.557    100.000      8.228     70.000      5.285     609.4589 
4    170.000     17.326    200.000     23.823    110.000      8.351     80.000      6.130     678.0186 
4    170.000     17.326    200.000     23.823    110.000      8.351     80.000      6.130    1424.7097 
4    180.000     20.156    210.000     25.179    120.000      8.816     90.000      7.374     905.6608 
4    180.000     20.156    210.000     25.179    120.000      8.816     90.000      7.374    1549.0037 
4    190.000     22.557    220.000     26.485    130.000     10.168    100.000      8.228    1236.2670 
4    190.000     22.557    220.000     26.485    130.000     10.168    100.000      8.228    1512.2697 
4    200.000     23.823    230.000     28.124    140.000     12.081    110.000      8.351    1423.6466 
4    200.000     23.823    230.000     28.124    140.000     12.081    110.000      8.351    1671.6692 
4    210.000     25.179    240.000     29.380    150.000     14.565    120.000      8.816    1547.0585 
4    210.000     25.179    240.000     29.380    150.000     14.565    120.000      8.816    1150.4487 
4    220.000     26.485    250.000     30.452    160.000     16.714    130.000     10.168    1510.2792 
4    220.000     26.485    250.000     30.452    160.000     16.714    130.000     10.168     936.8757 
4    230.000     28.124    260.000     31.019    170.000     17.326    140.000     12.081     757.8200 
4    230.000     28.124    260.000     31.019    170.000     17.326    140.000     12.081    1675.3108 
4    240.000     29.380    270.000     32.669    180.000     20.156    150.000     14.565    1172.7742 
4    240.000     29.380    270.000     32.669    180.000     20.156    150.000     14.565     765.8500 
4    250.000     30.452    280.000     35.486    190.000     22.557    160.000     16.714     943.5485 
4    250.000     30.452    280.000     35.486    190.000     22.557    160.000     16.714     720.5883 
4    260.000     31.019    290.000     36.795    200.000     23.823    170.000     17.326     736.3767 
4    260.000     31.019    290.000     36.795    200.000     23.823    170.000     17.326     728.6635 
4    270.000     32.669    300.000     37.471    210.000     25.179    180.000     20.156     799.7112 
4    270.000     32.669    300.000     37.471    210.000     25.179    180.000     20.156     886.1402 
4    280.000     35.486    310.000     38.086    220.000     26.485    190.000     22.557     887.8367 
4    280.000     35.486    310.000     38.086    220.000     26.485    190.000     22.557     695.7974 
4    290.000     36.795    320.000     38.413    230.000     28.124    200.000     23.823     900.3227 
4    290.000     36.795    320.000     38.413    230.000     28.124    200.000     23.823     703.4202 
4    300.000     37.471    330.000     39.464    240.000     29.380    210.000     25.179     889.8951 
4    300.000     37.471    330.000     39.464    240.000     29.380    210.000     25.179     722.2848 
4    310.000     38.086    340.000     41.889    250.000     30.452    220.000     26.485     885.9593 
4    310.000     38.086    340.000     41.889    250.000     30.452    220.000     26.485     640.4702 
4    320.000     38.413    350.000     44.470    260.000     31.019    230.000     28.124     907.5383 
4    320.000     38.413    350.000     44.470    260.000     31.019    230.000     28.124     652.1645 
4    100.000      8.228    120.000      8.816     20.000      0.779      0.000      0.000     406.0194 
4    100.000      8.228    120.000      8.816     20.000      0.779      0.000      0.000     427.3571 
4    110.000      8.351    130.000     10.168     30.000      1.731     10.000      0.261     361.5345 
4    110.000      8.351    130.000     10.168     30.000      1.731     10.000      0.261     554.4786 
4    120.000      8.816    140.000     12.081     40.000      3.092     20.000      0.779     536.3076 
4    120.000      8.816    140.000     12.081     40.000      3.092     20.000      0.779     411.8251 
4    130.000     10.168    150.000     14.565     50.000      4.267     30.000      1.731     433.7660 
4    130.000     10.168    150.000     14.565     50.000      4.267     30.000      1.731     614.0432 
4    140.000     12.081    160.000     16.714     60.000      5.360     40.000      3.092     744.9344 
4    140.000     12.081    160.000     16.714     60.000      5.360     40.000      3.092     536.9107 
4    150.000     14.565    170.000     17.326     70.000      5.285     50.000      4.267     821.3129 
4    150.000     14.565    170.000     17.326     70.000      5.285     50.000      4.267     548.9745 
4    160.000     16.714    180.000     20.156     80.000      6.130     60.000      5.360     958.6130 
4    160.000     16.714    180.000     20.156     80.000      6.130     60.000      5.360     593.0824 
4    170.000     17.326    190.000     22.557     90.000      7.374     70.000      5.285    1510.6034 
4    170.000     17.326    190.000     22.557     90.000      7.374     70.000      5.285     723.3705 
4    180.000     20.156    200.000     23.823    100.000      8.228     80.000      6.130    1538.4254 
4    180.000     20.156    200.000     23.823    100.000      8.228     80.000      6.130     807.6658 
4    190.000     22.557    210.000     25.179    110.000      8.351     90.000      7.374    1354.4536 
4    190.000     22.557    210.000     25.179    110.000      8.351     90.000      7.374     947.4541 
4    200.000     23.823    220.000     26.485    120.000      8.816    100.000      8.228    1506.4565 
4    200.000     23.823    220.000     26.485    120.000      8.816    100.000      8.228    1430.9829 
4    210.000     25.179    230.000     28.124    130.000     10.168    110.000      8.351    1217.6058 
4    210.000     25.179    230.000     28.124    130.000     10.168    110.000      8.351    1487.3809 
4    220.000     26.485    240.000     29.380    140.000     12.081    120.000      8.816    1350.9099 
4    220.000     26.485    240.000     29.380    140.000     12.081    120.000      8.816    1015.5387 
4    230.000     28.124    250.000     30.452    150.000     14.565    130.000     10.168    1355.0569 
4    230.000     28.124    250.000     30.452    150.000     14.565    130.000     10.168     865.7224 
4    240.000     29.380    260.000     31.019    160.000     16.714    140.000     12.081    1233.6656 
4    240.000     29.380    260.000     31.019    160.000     16.714    140.000     12.081     856.5992 
4    250.000     30.452    270.000     32.669    170.000     17.326    150.000     14.565     596.9277 
4    250.000     30.452    270.000     32.669    170.000     17.326    150.000     14.565    1025.6421 
4    260.000     31.019    280.000     35.486    180.000     20.156    160.000     16.714     690.1954 
4    260.000     31.019    280.000     35.486    180.000     20.156    160.000     16.714     820.6343 
4    270.000     32.669    290.000     36.795    190.000     22.557    170.000     17.326     915.0328 
4    270.000     32.669    290.000     36.795    190.000     22.557    170.000     17.326     850.7181 
4    280.000     35.486    300.000     37.471    200.000     23.823    180.000     20.156     678.1316 
4    280.000     35.486    300.000     37.471    200.000     23.823    180.000     20.156     894.2230 
4    290.000     36.795    310.000     38.086    210.000     25.179    190.000     22.557     670.0640 
4    290.000     36.795    310.000     38.086    210.000     25.179    190.000     22.557    1163.8469 
4    300.000     37.471    320.000     38.413    220.000     26.485    200.000     23.823     812.4158 
4    300.000     37.471    320.000     38.413    220.000     26.485    200.000     23.823    1234.0427 
4    310.000     38.086    330.000     39.464    230.000     28.124    210.000     25.179     931.3188 
4    310.000     38.086    330.000     39.464    230.000     28.124    210.000     25.179     910.5844 
4    320.000     38.413    340.000     41.889    240.000     29.380    220.000     26.485    1166.9384 
4    320.000     38.413    340.000     41.889    240.000     29.380    220.000     26.485     611.6304 
4    330.000     39.464    350.000     44.470    250.000     30.452    230.000     28.124     630.9323 
4    330.000     39.464    350.000     44.470    250.000     30.452    230.000     28.124    1232.2332 
4    120.000      8.816    160.000     16.714     40.000      3.092      0.000      0.000     426.2111 
4    120.000      8.816    160.000     16.714     40.000      3.092      0.000      0.000     719.3292 
4    130.000     10.168    170.000     17.326     50.000      4.267     10.000      0.261     517.5937 
4    130.000     10.168    170.000     17.326     50.000      4.267     10.000      0.261     763.5729 
4    140.000     12.081    180.000     20.156     60.000      5.360     20.000      0.779     886.0799 
4    140.000     12.081    180.000     20.156     60.000      5.360     20.000      0.779     629.2434 
4    150.000     14.565    190.000     22.557     70.000      5.285     30.000      1.731    1011.6934 
4    150.000     14.565    190.000     22.557     70.000      5.285     30.000      1.731     716.3434 
4    160.000     16.714    200.000     23.823     80.000      6.130     40.000      3.092    1138.3926 
4    160.000     16.714    200.000     23.823     80.000      6.130     40.000      3.092     757.1791 
4    170.000     17.326    210.000     25.179     90.000      7.374     50.000      4.267     886.7434 
4    170.000     17.326    210.000     25.179     90.000      7.374     50.000      4.267    1417.7581 
4    180.000     20.156    220.000     26.485    100.000      8.228     60.000      5.360    1410.1277 
4    180.000     20.156    220.000     26.485    100.000      8.228     60.000      5.360     982.3785 
4    190.000     22.557    230.000     28.124    110.000      8.351     70.000      5.285    1117.2509 
4    190.000     22.557    230.000     28.124    110.000      8.351     70.000      5.285    1224.8291 
4    200.000     23.823    240.000     29.380    120.000      8.816     80.000      6.130    1427.5598 
4    200.000     23.823    240.000     29.380    120.000      8.816     80.000      6.130    1179.4393 
4    210.000     25.179    250.000     30.452    130.000     10.168     90.000      7.374    1414.8325 
4    210.000     25.179    250.000     30.452    130.000     10.168     90.000      7.374     977.3118 
4    220.000     26.485    260.000     31.019    140.000     12.081    100.000      8.228     865.7526 
4    220.000     26.485    260.000     31.019    140.000     12.081    100.000      8.228    1227.9053 
4    230.000     28.124    270.000     32.669    150.000     14.565    110.000      8.351    1182.6061 
4    230.000     28.124    270.000     32.669    150.000     14.565    110.000      8.351     737.8772 
4    240.000     29.380    280.000     35.486    160.000     16.714    120.000      8.816     793.3401 
4    240.000     29.380    280.000     35.486    160.000     16.714    120.000      8.816     980.3880 
4    250.000     30.452    290.000     36.795    170.000     17.326    130.000     10.168     867.1097 
4    250.000     30.452    290.000     36.795    170.000     17.326    130.000     10.168     660.5488 
4    260.000     31.019    300.000     37.471    180.000     20.156    140.000     12.081     717.6101 
4    260.000     31.019    300.000     37.471    180.000     20.156    140.000     12.081     700.6606 
4    270.000     32.669    310.000     38.086    190.000     22.557    150.000     14.565     952.4605 
4    270.000     32.669    310.000     38.086    190.000     22.557    150.000     14.565     794.9988 
4    280.000     35.486    320.000     38.413    200.000     23.823    160.000     16.714    1018.4792 
4    280.000     35.486    320.000     38.413    200.000     23.823    160.000     16.714     687.3302 
4    290.000     36.795    330.000     39.464    210.000     25.179    170.000     17.326    1275.5570 
4    290.000     36.795    330.000     39.464    210.000     25.179    170.000     17.326     703.0734 
4    300.000     37.471    340.000     41.889    220.000     26.485    180.000     20.156     900.4960 
4    300.000     37.471    340.000     41.889    220.000     26.485    180.000     20.156    1331.5024 
4    310.000     38.086    350.000     44.470    230.000     28.124    190.000     22.557    1173.7090 
4    310.000     38.086    350.000     44.470    230.000     28.124    190.000     22.557    1028.2207 
4    120.000      8.816    150.000     14.565     30.000      1.731      0.000      0.000     795.0177 
4    120.000      8.816    150.000     14.565     30.000      1.731      0.000      0.000     426.1508 
4    130.000     10.168    160.000     16.714     40.000      3.092     10.000      0.261     759.9575 
4    130.000     10.168    160.000     16.714     40.000      3.092     10.000      0.261     437.0646 
4    140.000     12.081    170.000     17.326     50.000      4.267     20.000      0.779     602.5826 
4    140.000     12.081    170.000     17.326     50.000      4.267     20.000      0.779     776.5263 
4    150.000     14.565    180.000     20.156     60.000      5.360     30.000      1.731     804.5744 
4    150.000     14.565    180.000     20.156     60.000      5.360     30.000      1.731     945.5502 
4    160.000     16.714    190.000     22.557     70.000      5.285     40.000      3.092    1171.4056 
4    160.000     16.714    190.000     22.557     70.000      5.285     40.000      3.092     751.7014 
4    170.000     17.326    200.000     23.823     80.000      6.130     50.000      4.267    1257.3596 
4    170.000     17.326    200.000     23.823     80.000      6.130     50.000      4.267     789.6456 
4    180.000     20.156    210.000     25.179     90.000      7.374     60.000      5.360     948.6605 
4    180.000     20.156    210.000     25.179     90.000      7.374     60.000      5.360    1475.9203 
4    190.000     22.557    220.000     26.485    100.000      8.228     70.000      5.285    1301.7502 
4    190.000     22.557    220.000     26.485    100.000      8.228     70.000      5.285    1185.3732 
4    200.000     23.823    230.000     28.124    110.000      8.351     80.000      6.130    1275.5117 
4    200.000     23.823    230.000     28.124    110.000      8.351     80.000      6.130    1310.2892 
4    210.000     25.179    240.000     29.380    120.000      8.816     90.000      7.374    1479.8220 
4    210.000     25.179    240.000     29.380    120.000      8.816     90.000      7.374     878.1442 
4    220.000     26.485    250.000     30.452    130.000     10.168    100.000      8.228     854.3938 
4    220.000     26.485    250.000     30.452    130.000     10.168    100.000      8.228    1308.0837 
4    230.000     28.124    260.000     31.019    140.000     12.081    110.000      8.351    1314.5304 
4    230.000     28.124    260.000     31.019    140.000     12.081    110.000      8.351     783.1991 
4    240.000     29.380    270.000     32.669    150.000     14.565    120.000      8.816     796.9404 
4    240.000     29.380    270.000     32.669    150.000     14.565    120.000      8.816     879.3883 
4    250.000     30.452    280.000     35.486    160.000     16.714    130.000     10.168     652.0062 
4    250.000     30.452    280.000     35.486    160.000     16.714    130.000     10.168     848.9651 
4    260.000     31.019    290.000     36.795    170.000     17.326    140.000     12.081     666.0867 
4    260.000     31.019    290.000     36.795    170.000     17.326    140.000     12.081     778.4489 
4    270.000     32.669    300.000     37.471    180.000     20.156    150.000     14.565     820.5777 
4    270.000     32.669    300.000     37.471    180.000     20.156    150.000     14.565     731.2308 
4    280.000     35.486    310.000     38.086    190.000     22.557    160.000     16.714    1021.2690 
4    280.000     35.486    310.000     38.086    190.000     22.557    160.000     16.714     673.0422 
4    290.000     36.795    320.000     38.413    200.000     23.823    170.000     17.326     694.1349 
4    290.000     36.795    320.000     38.413    200.000     23.823    170.000     17.326    1189.5012 
4    300.000     37.471    330.000     39.464    210.000     25.179    180.000     20.156     692.7212 
4    300.000     37.471    330.000     39.464    210.000     25.179    180.000     20.156    1449.1726 
4    310.000     38.086    340.000     41.889    220.000     26.485    190.000     22.557    1272.7974 
4    310.000     38.086    340.000     41.889    220.000     26.485    190.000     22.557    1007.9800 
4    320.000     38.413    350.000     44.470    230.000     28.124    200.000     23.823    1185.3167 
4    320.000     38.413    350.000     44.470    230.000     28.124    200.000     23.823    1233.6093 
4    120.000      8.816    140.000     12.081     20.000      0.779      0.000      0.000     768.0629 
4    120.000      8.816    140.000     12.081     20.000      0.779      0.000      0.000     373.0139 
4    130.000     10.168    150.000     14.565     30.000      1.731     10.000      0.261     846.0435 
4    130.000     10.168    150.000     14.565     30.000      1.731     10.000      0.261     402.3061 
4    140.000     12.081    160.000     16.714     40.000      3.092     20.000      0.779     729.1385 
4    140.000     12.081    160.000     16.714     40.000      3.092     20.000      0.779     482.7937 
4    150.000     14.565    170.000     17.326     50.000      4.267     30.000      1.731     725.4440 
4    150.000     14.565    170.000     17.326     50.000      4.267     30.000      1.731     718.1870 
4    160.000     16.714    180.000     20.156     60.000      5.360     40.000      3.092     762.9169 
4    160.000     16.714    180.000     20.156     60.000      5.360     40.000      3.092    1119.8333 
4    170.000     17.326    190.000     22.557     70.000      5.285     50.000      4.267     751.8334 
4    170.000     17.326    190.000     22.557     70.000      5.285     50.000      4.267    1358.9210 
4    180.000     20.156    200.000     23.823     80.000      6.130     60.000      5.360    1269.0652 
4    180.000     20.156    200.000     23.823     80.000      6.130     60.000      5.360     791.8133 
4    190.000     22.557    210.000     25.179     90.000      7.374     70.000      5.285    1144.5073 
4    190.000     22.557    210.000     25.179     90.000      7.374     70.000      5.285    1402.5955 
4    200.000     23.823    220.000     26.485    100.000      8.228     80.000      6.130    1493.2429 
4    200.000     23.823    220.000     26.485    100.000      8.228     80.000      6.130    1392.1716 
4    210.000     25.179    230.000     28.124    110.000      8.351     90.000      7.374     991.1851 
4    210.000     25.179    230.000     28.124    110.000      8.351     90.000      7.374    1272.1000 
4    220.000     26.485    240.000     29.380    120.000      8.816    100.000      8.228     716.7355 
4    220.000     26.485    240.000     29.380    120.000      8.816    100.000      8.228    1400.8801 
4    230.000     28.124    250.000     30.452    130.000     10.168    110.000      8.351    1636.1415 
4    230.000     28.124    250.000     30.452    130.000     10.168    110.000      8.351     775.5838 
4    240.000     29.380    260.000     31.019    140.000     12.081    120.000      8.816    1002.6644 
4    240.000     29.380    260.000     31.019    140.000     12.081    120.000      8.816     904.3640 
4    250.000     30.452    270.000     32.669    150.000     14.565    130.000     10.168     619.6226 
4    250.000     30.452    270.000     32.669    150.000     14.565    130.000     10.168     722.4092 
4    260.000     31.019    280.000     35.486    160.000     16.714    140.000     12.081     669.6304 
4    260.000     31.019    280.000     35.486    160.000     16.714    140.000     12.081     775.5838 
4    270.000     32.669    290.000     36.795    170.000     17.326    150.000     14.565     760.1461 
4    270.000     32.669    290.000     36.795    170.000     17.326    150.000     14.565     896.7111 
4    280.000     35.486    300.000     37.471    180.000     20.156    160.000     16.714     578.5872 
4    280.000     35.486    300.000     37.471    180.000     20.156    160.000     16.714     814.3762 
4    290.000     36.795    310.000     38.086    190.000     22.557    170.000     17.326     658.8108 
4    290.000     36.795    310.000     38.086    190.000     22.557    170.000     17.326    1235.4187 
4    300.000     37.471    320.000     38.413    200.000     23.823    180.000     20.156     595.4763 
4    300.000     37.471    320.000     38.413    200.000     23.823    180.000     20.156    1368.4213 
4    310.000     38.086    330.000     39.464    210.000     25.179    190.000     22.557     815.5638 
4    310.000     38.086    330.000     39.464    210.000     25.179    190.000     22.557    1421.3319 
4    320.000     38.413    340.000     41.889    220.000     26.485    200.000     23.823    1282.6556 
4    320.000     38.413    340.000     41.889    220.000     26.485    200.000     23.823    1257.0580 
4    330.000     39.464    350.000     44.470    230.000     28.124    210.000     25.179    1370.4004 
4    330.000     39.464    350.000     44.470    230.000     28.124    210.000     25.179    1124.8472 
4      0.000      0.000    330.000     39.464    240.000     29.380    270.000     32.669     972.5988 
4      0.000      0.000    330.000     39.464     60.000      5.360     90.000      7.374     450.5067 
4      0.000      0.000    330.000     39.464     60.000      5.360     90.000      7.374     449.0451 
4      0.000      0.000    330.000     39.464    240.000     29.380    270.000     32.669     980.3033 
4     10.000      0.261    340.000     41.889    250.000     30.452    280.000     35.486     871.6151 
4     10.000      0.261    340.000     41.889    250.000     30.452    280.000     35.486    1200.0914 
4     10.000      0.261    340.000     41.889     70.000      5.285    100.000      8.228     486.4612 
4     10.000      0.261    340.000     41.889     70.000      5.285    100.000      8.228     436.1312 
4     20.000      0.779    350.000     44.470     80.000      6.130    110.000      8.351     495.7004 
4     20.000      0.779    350.000     44.470    260.000     31.019    290.000     36.795     853.8988 
4     20.000      0.779    350.000     44.470     80.000      6.130    110.000      8.351     453.8057 
4     20.000      0.779    350.000     44.470    260.000     31.019    290.000     36.795    1230.3877 
4      0.000      0.000    180.000     20.156     60.000      5.360     80.000      6.130     526.1288 
4      0.000      0.000    180.000     20.156     60.000      5.360     80.000      6.130     528.0568 
4      5.000      0.130    185.000     21.617     65.000      5.284     85.000      6.766     525.4933 
4      5.000      0.130    185.000     21.617    105.000      8.278    125.000      9.468     996.6245 
4      5.000      0.130    185.000     21.617     65.000      5.284     85.000      6.766     528.1538 
4      5.000      0.130    185.000     21.617    105.000      8.278    125.000      9.468     911.6507 
4     10.000      0.261    190.000     22.557     70.000      5.285     90.000      7.374     587.1583 
4     10.000      0.261    190.000     22.557     70.000      5.285     90.000      7.374     585.7473 
4     10.000      0.261    190.000     22.557    110.000      8.351    130.000     10.168     957.8914 
4     10.000      0.261    190.000     22.557    110.000      8.351    130.000     10.168    1062.4041 
4     15.000      0.518    195.000     23.140     75.000      5.691     95.000      7.834     599.6313 
4     15.000      0.518    195.000     23.140    115.000      8.550    135.000     11.084     974.7806 
4     15.000      0.518    195.000     23.140    115.000      8.550    135.000     11.084    1184.0430 
4     15.000      0.518    195.000     23.140     75.000      5.691     95.000      7.834     586.7705 
4     20.000      0.779    200.000     23.823    120.000      8.816    140.000     12.081     952.4519 
4     20.000      0.779    200.000     23.823    120.000      8.816    140.000     12.081    1239.9884 
4     20.000      0.779    200.000     23.823     80.000      6.130    100.000      8.228     579.2415 
4     20.000      0.779    200.000     23.823     80.000      6.130    100.000      8.228     570.6030 
4     30.000      1.731    210.000     25.179     90.000      7.374    110.000      8.351     497.1436 
4     30.000      1.731    210.000     25.179     90.000      7.374    110.000      8.351     528.9509 
4     30.000      1.731    210.000     25.179    130.000     10.168    150.000     14.565    1045.1056 
4     30.000      1.731    210.000     25.179    130.000     10.168    150.000     14.565     991.9606 
4     40.000      3.092    220.000     26.485    100.000      8.228    120.000      8.816     586.4474 
4     40.000      3.092    220.000     26.485    140.000     12.081    160.000     16.714    1061.3700 
4     40.000      3.092    220.000     26.485    140.000     12.081    160.000     16.714     965.1942 
4     40.000      3.092    220.000     26.485    100.000      8.228    120.000      8.816     495.1617 
4     50.000      4.267    230.000     28.124    150.000     14.565    170.000     17.326    1247.8406 
4     50.000      4.267    230.000     28.124    110.000      8.351    130.000     10.168     583.4854 
4     50.000      4.267    230.000     28.124    150.000     14.565    170.000     17.326     980.5432 
4     50.000      4.267    230.000     28.124    110.000      8.351    130.000     10.168     601.0100 
4     60.000      5.360    240.000     29.380    160.000     16.714    180.000     20.156    1122.1194 
4     60.000      5.360    240.000     29.380    120.000      8.816    140.000     12.081     497.7899 
4     60.000      5.360    240.000     29.380    160.000     16.714    180.000     20.156    1072.0551 
4     60.000      5.360    240.000     29.380    120.000      8.816    140.000     12.081     769.6436 
4     70.000      5.285    250.000     30.452    170.000     17.326    190.000     22.557     967.7793 
4     70.000      5.285    250.000     30.452    130.000     10.168    150.000     14.565     819.5894 
4     70.000      5.285    250.000     30.452    170.000     17.326    190.000     22.557    1338.6847 
4     70.000      5.285    250.000     30.452    130.000     10.168    150.000     14.565     493.0290 
4     80.000      6.130    260.000     31.019    140.000     12.081    160.000     16.714     866.0563 
4     80.000      6.130    260.000     31.019    180.000     20.156    200.000     23.823     991.2281 
4     80.000      6.130    260.000     31.019    180.000     20.156    200.000     23.823    1351.3193 
4     80.000      6.130    260.000     31.019    140.000     12.081    160.000     16.714     592.1561 
4     90.000      7.374    270.000     32.669    150.000     14.565    170.000     17.326    1017.4559 
4     90.000      7.374    270.000     32.669    190.000     22.557    210.000     25.179    1147.6903 
4     90.000      7.374    270.000     32.669    150.000     14.565    170.000     17.326     786.0049 
4    100.000      8.228    280.000     35.486    160.000     16.714    180.000     20.156    1223.8964 
4    100.000      8.228    280.000     35.486    200.000     23.823    220.000     26.485    1310.0764 
4    100.000      8.228    280.000     35.486    160.000     16.714    180.000     20.156     835.6385 
4    105.000      8.278    285.000     36.550    165.000     16.724    185.000     21.617    1642.8734 
4    105.000      8.278    285.000     36.550    205.000     24.571    225.000     27.421    1311.2720 
4    105.000      8.278    285.000     36.550    165.000     16.724    185.000     21.617     851.4829 
4    105.000      8.278    285.000     36.550    205.000     24.571    225.000     27.421    1267.2502 
4    110.000      8.351    290.000     36.795    210.000     25.179    230.000     28.124    1342.0560 
4    110.000      8.351    290.000     36.795    170.000     17.326    190.000     22.557    1664.4481 
4    110.000      8.351    290.000     36.795    210.000     25.179    230.000     28.124    1091.7233 
4    110.000      8.351    290.000     36.795    170.000     17.326    190.000     22.557     855.6190 
4    115.000      8.550    295.000     36.983    175.000     18.726    195.000     23.140     896.2264 
4    115.000      8.550    295.000     36.983    215.000     25.710    235.000     28.728    1258.1918 
4    120.000      8.816    300.000     37.471    220.000     26.485    240.000     29.380    1437.1117 
4    120.000      8.816    300.000     37.471    220.000     26.485    240.000     29.380     779.7038 
4    120.000      8.816    300.000     37.471    180.000     20.156    200.000     23.823    1663.6295 
4    120.000      8.816    300.000     37.471    180.000     20.156    200.000     23.823    1019.5456 
4    130.000     10.168    310.000     38.086    190.000     22.557    210.000     25.179    1233.3427 
4    130.000     10.168    310.000     38.086    230.000     28.124    250.000     30.452    1403.3763 
4    130.000     10.168    310.000     38.086    230.000     28.124    250.000     30.452     753.5944 
4    140.000     12.081    320.000     38.413    200.000     23.823    220.000     26.485    1650.5641 
4    140.000     12.081    320.000     38.413    240.000     29.380    260.000     31.019    1080.8658 
4    140.000     12.081    320.000     38.413    240.000     29.380    260.000     31.019     840.5179 
4    150.000     14.565    330.000     39.464    250.000     30.452    270.000     32.669     836.8772 
4    150.000     14.565    330.000     39.464    210.000     25.179    230.000     28.124    1223.2715 
4    150.000     14.565    330.000     39.464    250.000     30.452    270.000     32.669     767.3924 
4    150.000     14.565    330.000     39.464    210.000     25.179    230.000     28.124    1633.6857 
4    160.000     16.714    340.000     41.889    260.000     31.019    280.000     35.486    1098.5845 
4    160.000     16.714    340.000     41.889    260.000     31.019    280.000     35.486     761.9744 
4    170.000     17.326    350.000     44.470    270.000     32.669    290.000     36.795    1059.2158 
4    170.000     17.326    350.000     44.470    230.000     28.124    250.000     30.452     822.9177 
4    170.000     17.326    350.000     44.470    270.000     32.669    290.000     36.795     833.1935 
4      0.000      0.000    300.000     37.471     60.000      5.360     90.000      7.374     456.6725 
4      0.000      0.000    300.000     37.471    210.000     25.179    240.000     29.380    1554.7396 
4      0.000      0.000    300.000     37.471    210.000     25.179    240.000     29.380     972.6443 
4      0.000      0.000    300.000     37.471     60.000      5.360     90.000      7.374     447.7647 
4     10.000      0.261    310.000     38.086    220.000     26.485    250.000     30.452    1415.9552 
4     10.000      0.261    310.000     38.086    220.000     26.485    250.000     30.452     865.5989 
4     10.000      0.261    310.000     38.086     70.000      5.285    100.000      8.228     437.0592 
4     10.000      0.261    310.000     38.086     70.000      5.285    100.000      8.228     484.6213 
4     20.000      0.779    320.000     38.413     80.000      6.130    110.000      8.351     457.5816 
4     20.000      0.779    320.000     38.413     80.000      6.130    110.000      8.351     496.3280 
4     20.000      0.779    320.000     38.413    230.000     28.124    260.000     31.019    1338.7689 
4     20.000      0.779    320.000     38.413    230.000     28.124    260.000     31.019     850.3781 
4     30.000      1.731    330.000     39.464     90.000      7.374    120.000      8.816     469.2270 
4     30.000      1.731    330.000     39.464    240.000     29.380    270.000     32.669     974.5036 
4     30.000      1.731    330.000     39.464     90.000      7.374    120.000      8.816     455.5284 
4     30.000      1.731    330.000     39.464    240.000     29.380    270.000     32.669     963.8797 
4     40.000      3.092    340.000     41.889    250.000     30.452    280.000     35.486     866.1096 
4     40.000      3.092    340.000     41.889    100.000      8.228    130.000     10.168     550.0398 
4     40.000      3.092    340.000     41.889    100.000      8.228    130.000     10.168     468.4608 
4     40.000      3.092    340.000     41.889    250.000     30.452    280.000     35.486    1181.5665 
4     50.000      4.267    350.000     44.470    110.000      8.351    140.000     12.081     496.5323 
4     50.000      4.267    350.000     44.470    260.000     31.019    290.000     36.795    1208.0955 
4     50.000      4.267    350.000     44.470    110.000      8.351    140.000     12.081     670.1915 
4     50.000      4.267    350.000     44.470    260.000     31.019    290.000     36.795     850.0922 
4      0.000      0.000    270.000     32.669     60.000      5.360     90.000      7.374     444.4499 
4      0.000      0.000    270.000     32.669    180.000     20.156    210.000     25.179    1100.2986 
4      0.000      0.000    270.000     32.669    180.000     20.156    210.000     25.179    1525.8965 
4      0.000      0.000    270.000     32.669     60.000      5.360     90.000      7.374     453.3761 
4     10.000      0.261    280.000     35.486     70.000      5.285    100.000      8.228     436.6024 
4     10.000      0.261    280.000     35.486     70.000      5.285    100.000      8.228     490.2190 
4     10.000      0.261    280.000     35.486    190.000     22.557    220.000     26.485    1445.5309 
4     10.000      0.261    280.000     35.486    190.000     22.557    220.000     26.485    1242.9100 
4     20.000      0.779    290.000     36.795    200.000     23.823    230.000     28.124    1299.4558 
4     20.000      0.779    290.000     36.795     80.000      6.130    110.000      8.351     446.9932 
4     20.000      0.779    290.000     36.795    200.000     23.823    230.000     28.124    1328.8470 
4     20.000      0.779    290.000     36.795     80.000      6.130    110.000      8.351     496.2754 
4     30.000      1.731    300.000     37.471     90.000      7.374    120.000      8.816     479.8282 
4     30.000      1.731    300.000     37.471     90.000      7.374    120.000      8.816     455.3949 
4     30.000      1.731    300.000     37.471    210.000     25.179    240.000     29.380     977.5286 
4     30.000      1.731    300.000     37.471    210.000     25.179    240.000     29.380    1533.7639 
4     40.000      3.092    310.000     38.086    220.000     26.485    250.000     30.452     863.1306 
4     40.000      3.092    310.000     38.086    100.000      8.228    130.000     10.168     475.8698 
4     40.000      3.092    310.000     38.086    220.000     26.485    250.000     30.452    1429.6776 
4     40.000      3.092    310.000     38.086    100.000      8.228    130.000     10.168     555.6514 
4     50.000      4.267    320.000     38.413    230.000     28.124    260.000     31.019    1346.6698 
4     50.000      4.267    320.000     38.413    230.000     28.124    260.000     31.019     837.0051 
4     50.000      4.267    320.000     38.413    110.000      8.351    140.000     12.081     674.6906 
4     50.000      4.267    320.000     38.413    110.000      8.351    140.000     12.081     499.7884 
4     60.000      5.360    330.000     39.464    120.000      8.816    150.000     14.565     811.3151 
4     60.000      5.360    330.000     39.464    240.000     29.380    270.000     32.669     973.4019 
4     60.000      5.360    330.000     39.464    120.000      8.816    150.000     14.565     475.2760 
4     60.000      5.360    330.000     39.464    240.000     29.380    270.000     32.669     948.0285 
4     70.000      5.285    340.000     41.889    250.000     30.452    280.000     35.486     866.7130 
4     70.000      5.285    340.000     41.889    130.000     10.168    160.000     16.714     903.9913 
4     70.000      5.285    340.000     41.889    130.000     10.168    160.000     16.714     559.0458 
4     70.000      5.285    340.000     41.889    250.000     30.452    280.000     35.486    1161.3965 
4     80.000      6.130    350.000     44.470    140.000     12.081    170.000     17.326     665.8733 
4     80.000      6.130    350.000     44.470    260.000     31.019    290.000     36.795    1176.8838 
4     80.000      6.130    350.000     44.470    260.000     31.019    290.000     36.795     834.5509 
4     80.000      6.130    350.000     44.470    140.000     12.081    170.000     17.326     966.5242 
4      0.000      0.000    180.000     20.156     80.000      6.130    100.000      8.228     803.5314 
4      0.000      0.000    180.000     20.156     80.000      6.130    100.000      8.228     696.9812 
4      5.000      0.130    185.000     21.617     85.000      6.766    105.000      8.278     723.3706 
4      5.000      0.130    185.000     21.617     85.000      6.766    105.000      8.278     716.5972 
4     10.000      0.261    190.000     22.557     90.000      7.374    110.000      8.351     690.0571 
4     10.000      0.261    190.000     22.557     90.000      7.374    110.000      8.351     674.4874 
4     15.000      0.518    195.000     23.140     95.000      7.834    115.000      8.550     682.7686 
4     15.000      0.518    195.000     23.140     95.000      7.834    115.000      8.550     722.6041 
4     20.000      0.779    200.000     23.823    100.000      8.228    120.000      8.816     810.2796 
4     20.000      0.779    200.000     23.823    100.000      8.228    120.000      8.816     710.6031 
4     30.000      1.731    210.000     25.179    110.000      8.351    130.000     10.168     784.3426 
4     30.000      1.731    210.000     25.179    110.000      8.351    130.000     10.168     806.5222 
4     40.000      3.092    220.000     26.485    120.000      8.816    140.000     12.081     689.9565 
4     40.000      3.092    220.000     26.485    120.000      8.816    140.000     12.081     899.6893 
4     50.000      4.267    230.000     28.124    130.000     10.168    150.000     14.565     712.8274 
4     50.000      4.267    230.000     28.124    130.000     10.168    150.000     14.565     906.3369 
4     60.000      5.360    240.000     29.380    140.000     12.081    160.000     16.714     949.7161 
4     60.000      5.360    240.000     29.380    140.000     12.081    160.000     16.714     791.0405 
4     70.000      5.285    250.000     30.452    150.000     14.565    170.000     17.326     892.7904 
4     70.000      5.285    250.000     30.452    150.000     14.565    170.000     17.326    1020.8668 
4     80.000      6.130    260.000     31.019    160.000     16.714    180.000     20.156     883.4912 
4     80.000      6.130    260.000     31.019    160.000     16.714    180.000     20.156    1206.5852 
4     90.000      7.374    270.000     32.669    170.000     17.326    190.000     22.557    1580.2714 
4    100.000      8.228    280.000     35.486    180.000     20.156    200.000     23.823     989.1744 
4    105.000      8.278    285.000     36.550    185.000     21.617    205.000     24.571    1088.5870 
4    105.000      8.278    285.000     36.550    185.000     21.617    205.000     24.571    1437.4797 
4    110.000      8.351    290.000     36.795    190.000     22.557    210.000     25.179    1187.6729 
4    110.000      8.351    290.000     36.795    190.000     22.557    210.000     25.179    1682.2350 
4    115.000      8.550    295.000     36.983    195.000     23.140    215.000     25.710    1573.2217 
4    120.000      8.816    300.000     37.471    200.000     23.823    220.000     26.485    1560.9568 
4    130.000     10.168    310.000     38.086    210.000     25.179    230.000     28.124    1580.8872 
4    140.000     12.081    320.000     38.413    220.000     26.485    240.000     29.380    1659.4395 
4    150.000     14.565    330.000     39.464    230.000     28.124    250.000     30.452     809.9151 
4    160.000     16.714    340.000     41.889    240.000     29.380    260.000     31.019     900.5061 
4    170.000     17.326    350.000     44.470    250.000     30.452    270.000     32.669     824.6681 
4    150.000     14.565    200.000     23.823     50.000      4.267      0.000      0.000     824.7811 
4    150.000     14.565    200.000     23.823     50.000      4.267      0.000      0.000    1181.0754 
4    160.000     16.714    210.000     25.179     60.000      5.360     10.000      0.261    1020.7034 
4    160.000     16.714    210.000     25.179     60.000      5.360     10.000      0.261    1366.3666 
4    170.000     17.326    220.000     26.485     70.000      5.285     20.000      0.779    1134.5547 
4    170.000     17.326    220.000     26.485     70.000      5.285     20.000      0.779    1354.6799 
4    180.000     20.156    230.000     28.124     80.000      6.130     30.000      1.731    1265.8986 
4    180.000     20.156    230.000     28.124     80.000      6.130     30.000      1.731    1246.7473 
4    190.000     22.557    240.000     29.380     90.000      7.374     40.000      3.092    1112.6516 
4    190.000     22.557    240.000     29.380     90.000      7.374     40.000      3.092    1426.0820 
4    200.000     23.823    250.000     30.452    100.000      8.228     50.000      4.267    1044.8685 
4    210.000     25.179    260.000     31.019    110.000      8.351     60.000      5.360     752.3989 
4    210.000     25.179    260.000     31.019    110.000      8.351     60.000      5.360    1233.9296 
4    220.000     26.485    270.000     32.669    120.000      8.816     70.000      5.285     616.6444 
4    220.000     26.485    270.000     32.669    120.000      8.816     70.000      5.285    1116.6853 
4    230.000     28.124    280.000     35.486    130.000     10.168     80.000      6.130     600.0568 
4    230.000     28.124    280.000     35.486    130.000     10.168     80.000      6.130    1040.6840 
4    240.000     29.380    290.000     36.795    140.000     12.081     90.000      7.374     747.5734 
4    240.000     29.380    290.000     36.795    140.000     12.081     90.000      7.374     665.2008 
4    250.000     30.452    300.000     37.471    150.000     14.565    100.000      8.228     613.3646 
4    250.000     30.452    300.000     37.471    150.000     14.565    100.000      8.228     617.7376 
4    260.000     31.019    310.000     38.086    160.000     16.714    110.000      8.351     600.0945 
4    260.000     31.019    310.000     38.086    160.000     16.714    110.000      8.351     711.7969 
4    270.000     32.669    320.000     38.413    170.000     17.326    120.000      8.816     666.2187 
4    270.000     32.669    320.000     38.413    170.000     17.326    120.000      8.816     846.0057 
4    280.000     35.486    330.000     39.464    180.000     20.156    130.000     10.168     926.0787 
4    280.000     35.486    330.000     39.464    180.000     20.156    130.000     10.168     698.3007 
4    290.000     36.795    340.000     41.889    190.000     22.557    140.000     12.081    1165.6565 
4    290.000     36.795    340.000     41.889    190.000     22.557    140.000     12.081     730.0056 
4    300.000     37.471    350.000     44.470    200.000     23.823    150.000     14.565     887.3617 
4    300.000     37.471    350.000     44.470    200.000     23.823    150.000     14.565    1270.6108 
4    150.000     14.565    180.000     20.156     30.000      1.731      0.000      0.000     597.9456 
4    150.000     14.565    180.000     20.156     30.000      1.731      0.000      0.000    1251.1958 
4    160.000     16.714    190.000     22.557     40.000      3.092     10.000      0.261    1371.4183 
4    160.000     16.714    190.000     22.557     40.000      3.092     10.000      0.261     897.8797 
4    170.000     17.326    200.000     23.823     50.000      4.267     20.000      0.779    1405.9130 
4    170.000     17.326    200.000     23.823     50.000      4.267     20.000      0.779    1056.5553 
4    180.000     20.156    210.000     25.179     60.000      5.360     30.000      1.731    1470.2653 
4    180.000     20.156    210.000     25.179     60.000      5.360     30.000      1.731    1252.3268 
4    190.000     22.557    220.000     26.485     70.000      5.285     40.000      3.092    1093.3120 
4    190.000     22.557    220.000     26.485     70.000      5.285     40.000      3.092    1242.7135 
4    200.000     23.823    230.000     28.124     80.000      6.130     50.000      4.267    1114.5742 
4    200.000     23.823    230.000     28.124     80.000      6.130     50.000      4.267    1333.6438 
4    210.000     25.179    240.000     29.380     90.000      7.374     60.000      5.360    1463.0272 
4    210.000     25.179    240.000     29.380     90.000      7.374     60.000      5.360     816.4497 
4    220.000     26.485    250.000     30.452    100.000      8.228     70.000      5.285    1243.7314 
4    220.000     26.485    250.000     30.452    100.000      8.228     70.000      5.285     677.9054 
4    230.000     28.124    260.000     31.019    110.000      8.351     80.000      6.130    1126.1101 
4    230.000     28.124    260.000     31.019    110.000      8.351     80.000      6.130     556.2127 
4    240.000     29.380    270.000     32.669    120.000      8.816     90.000      7.374     824.9319 
4    240.000     29.380    270.000     32.669    120.000      8.816     90.000      7.374     522.8490 
4    250.000     30.452    280.000     35.486    130.000     10.168    100.000      8.228     527.5991 
4    250.000     30.452    280.000     35.486    130.000     10.168    100.000      8.228     689.7806 
4    260.000     31.019    290.000     36.795    140.000     12.081    110.000      8.351     559.9449 
4    260.000     31.019    290.000     36.795    140.000     12.081    110.000      8.351     624.2973 
4    270.000     32.669    300.000     37.471    150.000     14.565    120.000      8.816     529.9741 
4    270.000     32.669    300.000     37.471    150.000     14.565    120.000      8.816     737.8470 
4    280.000     35.486    310.000     38.086    160.000     16.714    130.000     10.168     532.1229 
4    280.000     35.486    310.000     38.086    160.000     16.714    130.000     10.168     833.5274 
4    290.000     36.795    320.000     38.413    170.000     17.326    140.000     12.081     659.6968 
4    290.000     36.795    320.000     38.413    170.000     17.326    140.000     12.081     965.8513 
4    300.000     37.471    330.000     39.464    180.000     20.156    150.000     14.565    1018.2153 
4    300.000     37.471    330.000     39.464    180.000     20.156    150.000     14.565    1129.7292 
4    310.000     38.086    340.000     41.889    190.000     22.557    160.000     16.714     847.8907 
4    310.000     38.086    340.000     41.889    190.000     22.557    160.000     16.714    1325.0483 
4    320.000     38.413    350.000     44.470    200.000     23.823    170.000     17.326    1574.4280 
4    320.000     38.413    350.000     44.470    200.000     23.823    170.000     17.326     988.9231 
4    160.000     16.714    200.000     23.823     40.000      3.092      0.000      0.000    1417.5620 
4    160.000     16.714    200.000     23.823     40.000      3.092      0.000      0.000     969.5458 
4    170.000     17.326    210.000     25.179     50.000      4.267     10.000      0.261    1133.8385 
4    170.000     17.326    210.000     25.179     50.000      4.267     10.000      0.261    1517.1631 
4    180.000     20.156    220.000     26.485     60.000      5.360     20.000      0.779    1438.6735 
4    180.000     20.156    220.000     26.485     60.000      5.360     20.000      0.779    1464.6859 
4    190.000     22.557    230.000     28.124     70.000      5.285     30.000      1.731    1460.5389 
4    190.000     22.557    230.000     28.124     70.000      5.285     30.000      1.731    1146.4301 
4    200.000     23.823    240.000     29.380     80.000      6.130     40.000      3.092    1008.9790 
4    200.000     23.823    240.000     29.380     80.000      6.130     40.000      3.092    1341.9376 
4    210.000     25.179    250.000     30.452     90.000      7.374     50.000      4.267     790.8519 
4    210.000     25.179    250.000     30.452     90.000      7.374     50.000      4.267    1417.1096 
4    220.000     26.485    260.000     31.019    100.000      8.228     60.000      5.360    1139.1163 
4    220.000     26.485    260.000     31.019    100.000      8.228     60.000      5.360     611.7812 
4    230.000     28.124    270.000     32.669    110.000      8.351     70.000      5.285    1015.2371 
4    230.000     28.124    270.000     32.669    110.000      8.351     70.000      5.285     515.1207 
4    240.000     29.380    280.000     35.486    120.000      8.816     80.000      6.130     523.8669 
4    240.000     29.380    280.000     35.486    120.000      8.816     80.000      6.130     792.7369 
4    250.000     30.452    290.000     36.795    130.000     10.168     90.000      7.374     608.0113 
4    250.000     30.452    290.000     36.795    130.000     10.168     90.000      7.374     503.5093 
4    260.000     31.019    300.000     37.471    140.000     12.081    100.000      8.228     501.5490 
4    260.000     31.019    300.000     37.471    140.000     12.081    100.000      8.228     607.7097 
4    270.000     32.669    310.000     38.086    150.000     14.565    110.000      8.351     526.0534 
4    270.000     32.669    310.000     38.086    150.000     14.565    110.000      8.351     757.6013 
4    280.000     35.486    320.000     38.413    160.000     16.714    120.000      8.816     528.0892 
4    280.000     35.486    320.000     38.413    160.000     16.714    120.000      8.816     847.0991 
4    290.000     36.795    330.000     39.464    170.000     17.326    130.000     10.168     998.5741 
4    290.000     36.795    330.000     39.464    170.000     17.326    130.000     10.168     635.9840 
4    300.000     37.471    340.000     41.889    180.000     20.156    140.000     12.081    1045.7733 
4    300.000     37.471    340.000     41.889    180.000     20.156    140.000     12.081     900.4810 
4    310.000     38.086    350.000     44.470    190.000     22.557    150.000     14.565    1225.1458 
4    310.000     38.086    350.000     44.470    190.000     22.557    150.000     14.565     839.0314 
4    180.000     20.156    210.000     25.179     30.000      1.731      0.000      0.000    1895.8789 
4    180.000     20.156    210.000     25.179     30.000      1.731      0.000      0.000    1203.1577 
4    200.000     23.823    230.000     28.124     50.000      4.267     20.000      0.779    1280.5446 
4    200.000     23.823    230.000     28.124     50.000      4.267     20.000      0.779    1722.5007 
4    210.000     25.179    240.000     29.380     60.000      5.360     30.000      1.731     772.0872 
4    210.000     25.179    240.000     29.380     60.000      5.360     30.000      1.731    1928.9316 
4    310.000     38.086    340.000     41.889    160.000     16.714    130.000     10.168    1005.4353 
4    310.000     38.086    340.000     41.889    160.000     16.714    130.000     10.168     639.8764 
4    320.000     38.413    350.000     44.470    170.000     17.326    140.000     12.081     733.2949 
4    320.000     38.413    350.000     44.470    170.000     17.326    140.000     12.081     655.1163 
4      0.000      0.000    330.000     39.464    210.000     25.179    240.000     29.380    1160.6608 
4     10.000      0.261    340.000     41.889    100.000      8.228    130.000     10.168     579.0823 
4     10.000      0.261    340.000     41.889    100.000      8.228    130.000     10.168     688.6138 
4     10.000      0.261    340.000     41.889    220.000     26.485    250.000     30.452    1058.0216 
4     20.000      0.779    350.000     44.470    110.000      8.351    140.000     12.081     870.0858 
4     20.000      0.779    350.000     44.470    110.000      8.351    140.000     12.081     583.9069 
4     20.000      0.779    350.000     44.470    230.000     28.124    260.000     31.019    1014.3766 
4      0.000      0.000    270.000     32.669     90.000      7.374    120.000      8.816     556.7136 
4      0.000      0.000    270.000     32.669    150.000     14.565    180.000     20.156    1330.1055 
4      0.000      0.000    270.000     32.669    150.000     14.565    180.000     20.156    1001.2184 
4      0.000      0.000    270.000     32.669     90.000      7.374    120.000      8.816     538.5857 
4     10.000      0.261    280.000     35.486    100.000      8.228    130.000     10.168     692.5758 
4     10.000      0.261    280.000     35.486    160.000     16.714    190.000     22.557    1670.7869 
4     10.000      0.261    280.000     35.486    160.000     16.714    190.000     22.557    1081.4529 
4     10.000      0.261    280.000     35.486    100.000      8.228    130.000     10.168     577.3458 
4     20.000      0.779    290.000     36.795    110.000      8.351    140.000     12.081     562.5784 
4     20.000      0.779    290.000     36.795    170.000     17.326    200.000     23.823    1134.0270 
4     20.000      0.779    290.000     36.795    170.000     17.326    200.000     23.823    1790.9124 
4     20.000      0.779    290.000     36.795    110.000      8.351    140.000     12.081     857.2132 
4     30.000      1.731    300.000     37.471    120.000      8.816    150.000     14.565    1021.3174 
4     30.000      1.731    300.000     37.471    180.000     20.156    210.000     25.179    2024.7977 
4     30.000      1.731    300.000     37.471    180.000     20.156    210.000     25.179    1302.9944 
4     30.000      1.731    300.000     37.471    120.000      8.816    150.000     14.565     562.7239 
4     40.000      3.092    310.000     38.086    130.000     10.168    160.000     16.714     682.7524 
4     40.000      3.092    310.000     38.086    190.000     22.557    220.000     26.485    1655.9551 
4     40.000      3.092    310.000     38.086    130.000     10.168    160.000     16.714    1094.2975 
4     50.000      4.267    320.000     38.413    200.000     23.823    230.000     28.124    1629.3933 
4     50.000      4.267    320.000     38.413    140.000     12.081    170.000     17.326     859.2489 
4     50.000      4.267    320.000     38.413    200.000     23.823    230.000     28.124    1818.7020 
4     50.000      4.267    320.000     38.413    140.000     12.081    170.000     17.326    1186.4071 
4     60.000      5.360    330.000     39.464    150.000     14.565    180.000     20.156    1384.7799 
4     60.000      5.360    330.000     39.464    210.000     25.179    240.000     29.380    1134.1239 
4     60.000      5.360    330.000     39.464    150.000     14.565    180.000     20.156    1008.5212 
4     60.000      5.360    330.000     39.464    210.000     25.179    240.000     29.380    2004.7794 
4     70.000      5.285    340.000     41.889    160.000     16.714    190.000     22.557    1112.1184 
4     70.000      5.285    340.000     41.889    220.000     26.485    250.000     30.452    1839.9805 
4     70.000      5.285    340.000     41.889    220.000     26.485    250.000     30.452    1011.7687 
4     70.000      5.285    340.000     41.889    160.000     16.714    190.000     22.557    1726.4955 
4     80.000      6.130    350.000     44.470    230.000     28.124    260.000     31.019     935.8320 
4     80.000      6.130    350.000     44.470    170.000     17.326    200.000     23.823    1173.9827 
4     80.000      6.130    350.000     44.470    170.000     17.326    200.000     23.823    1777.3893 
4     80.000      6.130    350.000     44.470    230.000     28.124    260.000     31.019    1593.9615 
4      0.000      0.000    300.000     37.471     90.000      7.374    120.000      8.816     562.8326 
4      0.000      0.000    300.000     37.471    180.000     20.156    210.000     25.179    1342.0758 
4      0.000      0.000    300.000     37.471     90.000      7.374    120.000      8.816     567.5300 
4      0.000      0.000    300.000     37.471    180.000     20.156    210.000     25.179    2029.9589 
4     10.000      0.261    310.000     38.086    100.000      8.228    130.000     10.168     681.2506 
4     10.000      0.261    310.000     38.086    100.000      8.228    130.000     10.168     576.4320 
4     10.000      0.261    310.000     38.086    190.000     22.557    220.000     26.485    1827.2533 
4     10.000      0.261    310.000     38.086    190.000     22.557    220.000     26.485    1648.7380 
4     20.000      0.779    320.000     38.413    110.000      8.351    140.000     12.081     587.2164 
4     20.000      0.779    320.000     38.413    110.000      8.351    140.000     12.081     864.7799 
4     20.000      0.779    320.000     38.413    200.000     23.823    230.000     28.124    1674.0366 
4     20.000      0.779    320.000     38.413    200.000     23.823    230.000     28.124    1831.9681 
4     30.000      1.731    330.000     39.464    210.000     25.179    240.000     29.380    1155.4501 
4     30.000      1.731    330.000     39.464    120.000      8.816    150.000     14.565    1004.1686 
4     30.000      1.731    330.000     39.464    210.000     25.179    240.000     29.380    2034.4803 
4     30.000      1.731    330.000     39.464    120.000      8.816    150.000     14.565     563.9235 
4     40.000      3.092    340.000     41.889    130.000     10.168    160.000     16.714     680.9691 
4     40.000      3.092    340.000     41.889    220.000     26.485    250.000     30.452    1037.8239 
4     40.000      3.092    340.000     41.889    220.000     26.485    250.000     30.452    1826.0922 
4     40.000      3.092    340.000     41.889    130.000     10.168    160.000     16.714    1106.7178 
4     50.000      4.267    350.000     44.470    230.000     28.124    260.000     31.019    1674.8987 
4     50.000      4.267    350.000     44.470    140.000     12.081    170.000     17.326     872.9254 
4     50.000      4.267    350.000     44.470    140.000     12.081    170.000     17.326    1211.6947 
4     50.000      4.267    350.000     44.470    230.000     28.124    260.000     31.019     981.6849 
4    200.000     23.823    250.000     30.452     50.000      4.267      0.000      0.000    1144.6393 
4    210.000     25.179    260.000     31.019     60.000      5.360     10.000      0.261    1618.4229 
4    210.000     25.179    260.000     31.019     60.000      5.360     10.000      0.261     787.8172 
4    220.000     26.485    270.000     32.669     70.000      5.285     20.000      0.779    1285.7281 
4    220.000     26.485    270.000     32.669     70.000      5.285     20.000      0.779     543.0557 
4    230.000     28.124    280.000     35.486     80.000      6.130     30.000      1.731    1172.3481 
4    230.000     28.124    280.000     35.486     80.000      6.130     30.000      1.731     425.6230 
4    240.000     29.380    290.000     36.795     90.000      7.374     40.000      3.092     791.2101 
4    240.000     29.380    290.000     36.795     90.000      7.374     40.000      3.092     451.4468 
4    250.000     30.452    300.000     37.471    100.000      8.228     50.000      4.267     380.1013 
4    250.000     30.452    300.000     37.471    100.000      8.228     50.000      4.267     556.1561 
4    260.000     31.019    310.000     38.086    110.000      8.351     60.000      5.360     432.4088 
4    260.000     31.019    310.000     38.086    110.000      8.351     60.000      5.360     438.7234 
4    270.000     32.669    320.000     38.413    120.000      8.816     70.000      5.285     501.7752 
4    270.000     32.669    320.000     38.413    120.000      8.816     70.000      5.285     450.6929 
4    280.000     35.486    330.000     39.464    130.000     10.168     80.000      6.130     617.0402 
4    280.000     35.486    330.000     39.464    130.000     10.168     80.000      6.130     431.5606 
4    290.000     36.795    340.000     41.889    140.000     12.081     90.000      7.374     444.5668 
4    290.000     36.795    340.000     41.889    140.000     12.081     90.000      7.374     764.8207 
4    300.000     37.471    350.000     44.470    150.000     14.565    100.000      8.228     537.5893 
4    300.000     37.471    350.000     44.470    150.000     14.565    100.000      8.228     835.9778 
4    200.000     23.823    240.000     29.380     40.000      3.092      0.000      0.000    2049.4746 
4    200.000     23.823    240.000     29.380     40.000      3.092      0.000      0.000    1270.3092 
4    210.000     25.179    250.000     30.452     50.000      4.267     10.000      0.261    1816.6449 
4    210.000     25.179    250.000     30.452     50.000      4.267     10.000      0.261     872.9606 
4    220.000     26.485    260.000     31.019     60.000      5.360     20.000      0.779    1554.5607 
4    220.000     26.485    260.000     31.019     60.000      5.360     20.000      0.779     611.4796 
4    230.000     28.124    270.000     32.669     70.000      5.285     30.000      1.731     417.4046 
4    230.000     28.124    270.000     32.669     70.000      5.285     30.000      1.731    1267.8966 
4    240.000     29.380    280.000     35.486     80.000      6.130     40.000      3.092     424.1904 
4    240.000     29.380    280.000     35.486     80.000      6.130     40.000      3.092     819.5787 
4    250.000     30.452    290.000     36.795     90.000      7.374     50.000      4.267     346.6810 
4    250.000     30.452    290.000     36.795     90.000      7.374     50.000      4.267     597.3047 
4    260.000     31.019    300.000     37.471    100.000      8.228     60.000      5.360     389.8088 
4    260.000     31.019    300.000     37.471    100.000      8.228     60.000      5.360     466.8658 
4    270.000     32.669    310.000     38.086    110.000      8.351     70.000      5.285     470.1833 
4    270.000     32.669    310.000     38.086    110.000      8.351     70.000      5.285     430.0714 
4    280.000     35.486    320.000     38.413    120.000      8.816     80.000      6.130     520.3986 
4    280.000     35.486    320.000     38.413    120.000      8.816     80.000      6.130     390.5628 
4    290.000     36.795    330.000     39.464    130.000     10.168     90.000      7.374     432.3334 
4    290.000     36.795    330.000     39.464    130.000     10.168     90.000      7.374     682.9571 
4    300.000     37.471    340.000     41.889    140.000     12.081    100.000      8.228     832.2456 
4    300.000     37.471    340.000     41.889    140.000     12.081    100.000      8.228     505.0173 
4    310.000     38.086    350.000     44.470    150.000     14.565    110.000      8.351     824.8566 
4    310.000     38.086    350.000     44.470    150.000     14.565    110.000      8.351     508.0333 
4      0.000      0.000    270.000     32.669    120.000      8.816    150.000     14.565     605.2026 
4      0.000      0.000    270.000     32.669    120.000      8.816    150.000     14.565    1051.6921 
4     10.000      0.261    280.000     35.486    130.000     10.168    160.000     16.714    1184.7699 
4     10.000      0.261    280.000     35.486    130.000     10.168    160.000     16.714     744.5952 
4     20.000      0.779    290.000     36.795    140.000     12.081    170.000     17.326    1286.3314 
4     20.000      0.779    290.000     36.795    140.000     12.081    170.000     17.326     884.3458 
4     30.000      1.731    300.000     37.471    150.000     14.565    180.000     20.156    1096.4409 
4     30.000      1.731    300.000     37.471    150.000     14.565    180.000     20.156    1501.0278 
4     40.000      3.092    310.000     38.086    160.000     16.714    190.000     22.557    1798.7942 
4     40.000      3.092    310.000     38.086    160.000     16.714    190.000     22.557    1157.1177 
4     50.000      4.267    320.000     38.413    170.000     17.326    200.000     23.823    1322.6545 
4     60.000      5.360    330.000     39.464    180.000     20.156    210.000     25.179    2094.0347 
4     60.000      5.360    330.000     39.464    180.000     20.156    210.000     25.179    1488.0216 
4     70.000      5.285    340.000     41.889    190.000     22.557    220.000     26.485    1826.5408 
4     70.000      5.285    340.000     41.889    190.000     22.557    220.000     26.485    1955.4907 
4     80.000      6.130    350.000     44.470    200.000     23.823    230.000     28.124    1677.6105 
4     80.000      6.130    350.000     44.470    200.000     23.823    230.000     28.124    1865.2955 
4      0.000      0.000    300.000     37.471    150.000     14.565    180.000     20.156    1544.1405 
4      0.000      0.000    300.000     37.471    120.000      8.816    150.000     14.565    1120.6589 
4      0.000      0.000    300.000     37.471    150.000     14.565    180.000     20.156    1209.8700 
4      0.000      0.000    300.000     37.471    120.000      8.816    150.000     14.565     652.2323 
4     10.000      0.261    310.000     38.086    130.000     10.168    160.000     16.714     773.6763 
4     10.000      0.261    310.000     38.086    130.000     10.168    160.000     16.714    1219.5286 
4     10.000      0.261    310.000     38.086    160.000     16.714    190.000     22.557    1868.6846 
4     10.000      0.261    310.000     38.086    160.000     16.714    190.000     22.557    1222.6049 
4     20.000      0.779    320.000     38.413    140.000     12.081    170.000     17.326    1361.7372 
4     20.000      0.779    320.000     38.413    170.000     17.326    200.000     23.823    2045.6367 
4     20.000      0.779    320.000     38.413    170.000     17.326    200.000     23.823    1385.5555 
4     20.000      0.779    320.000     38.413    140.000     12.081    170.000     17.326     941.7615 
4     30.000      1.731    330.000     39.464    180.000     20.156    210.000     25.179    2199.2456 
4     30.000      1.731    330.000     39.464    150.000     14.565    180.000     20.156    1090.1904 
4     30.000      1.731    330.000     39.464    150.000     14.565    180.000     20.156    1544.8417 
4     30.000      1.731    330.000     39.464    180.000     20.156    210.000     25.179    1574.1339 
4     40.000      3.092    340.000     41.889    190.000     22.557    220.000     26.485    2040.1628 
4     40.000      3.092    340.000     41.889    190.000     22.557    220.000     26.485    1889.4719 
4     40.000      3.092    340.000     41.889    160.000     16.714    190.000     22.557    1212.8784 
4     40.000      3.092    340.000     41.889    160.000     16.714    190.000     22.557    1904.9210 
4     50.000      4.267    350.000     44.470    200.000     23.823    230.000     28.124    2034.7567 
4     50.000      4.267    350.000     44.470    170.000     17.326    200.000     23.823    2010.0111 
4     50.000      4.267    350.000     44.470    170.000     17.326    200.000     23.823    1362.6194 
4     50.000      4.267    350.000     44.470    200.000     23.823    230.000     28.124    1827.3815 
4      0.000      0.000    330.000     39.464    180.000     20.156    210.000     25.179    2238.6707 
4     10.000      0.261    340.000     41.889    130.000     10.168    160.000     16.714    1270.8784 
4     10.000      0.261    340.000     41.889    190.000     22.557    220.000     26.485    2126.8391 
4     20.000      0.779    350.000     44.470    140.000     12.081    170.000     17.326    1425.9713 
4     20.000      0.779    350.000     44.470    200.000     23.823    230.000     28.124    1922.6365 
4    250.000     30.452    300.000     37.471     50.000      4.267      0.000      0.000     457.8557 
4    250.000     30.452    300.000     37.471     50.000      4.267      0.000      0.000     631.0831 
4    260.000     31.019    310.000     38.086     60.000      5.360     10.000      0.261     521.9442 
4    260.000     31.019    310.000     38.086     60.000      5.360     10.000      0.261     441.2681 
4    270.000     32.669    320.000     38.413     70.000      5.285     20.000      0.779     446.7345 
4    270.000     32.669    320.000     38.413     70.000      5.285     20.000      0.779     484.4336 
4    280.000     35.486    330.000     39.464     80.000      6.130     30.000      1.731     421.0991 
4    280.000     35.486    330.000     39.464     80.000      6.130     30.000      1.731     429.5814 
4    290.000     36.795    340.000     41.889     90.000      7.374     40.000      3.092     447.3000 
4    290.000     36.795    340.000     41.889     90.000      7.374     40.000      3.092     506.8646 
4    300.000     37.471    350.000     44.470    100.000      8.228     50.000      4.267     516.1008 
4    300.000     37.471    350.000     44.470    100.000      8.228     50.000      4.267     442.7761 
4      0.000      0.000    330.000     39.464    150.000     14.565    180.000     20.156    1612.0328 
4     10.000      0.261    340.000     41.889    160.000     16.714    190.000     22.557    2047.5142 
4     20.000      0.779    350.000     44.470    170.000     17.326    200.000     23.823    2204.0974 
Topography in a separate list
2
39
0 0
9.99 0.26
19.91 0.77
29.85 1.71
39.64 3.05
49.52 4.21
59.35 5.37
69.2 5.22
79.29 6.04
89.2 7.3
99.19 8.22
109.23 8.32
119.26 8.72
129.08 10
138.69 11.76
148.4 14.14
158.07 16.71
167.87 16.73
177.55 19.44
187.03 22.21
196.97 23.37
206.8 24.84
216.98 25.92
226.49 27.7
236.26 28.88
246.35 30.23
256.21 30.83
266.02 31.32
275.46 34.52
285.33 36.62
295.19 36.99
305.2 37.99
315.23 38.19
325.07 38.65
335.19 40.32
344.42 43.33
354.16 45.32
364.02 46.05
378.74 45.93
0
0
0
0
