Line10_DD_5m_L10c.bin
      5.0000
11
0
Type of resistivity data (1=resistance,0=resistivity)
0
2201
2
0
4     10.000     -0.089     15.000      0.230      0.000      0.000      5.000     -0.044     423.3403 
4     15.000      0.230     20.000      0.559      5.000     -0.044     10.000     -0.089     287.6226 
4     20.000      0.559     25.000      0.660     10.000     -0.089     15.000      0.230     394.9745 
4     25.000      0.660     30.000      0.760     15.000      0.230     20.000      0.559     464.8894 
4     30.000      0.760     35.000      0.785     20.000      0.559     25.000      0.660     468.3662 
4     35.000      0.785     40.000      0.815     25.000      0.660     30.000      0.760     289.1758 
4     40.000      0.815     45.000      1.469     30.000      0.760     35.000      0.785     118.5713 
4     45.000      1.469     50.000      2.148     35.000      0.785     40.000      0.815      97.2580 
4     50.000      2.148     55.000      3.310     40.000      0.815     45.000      1.469     232.3604 
4     55.000      3.310     60.000      4.360     45.000      1.469     50.000      2.148     719.6723 
4     60.000      4.360     65.000      4.354     50.000      2.148     55.000      3.310    3038.7249 
4     65.000      4.354     70.000      4.368     55.000      3.310     60.000      4.360    3137.7781 
4     70.000      4.368     75.000      4.528     60.000      4.360     65.000      4.354    1655.3661 
4     75.000      4.528     80.000      4.760     65.000      4.354     70.000      4.368     637.7418 
4     80.000      4.760     85.000      5.567     70.000      4.368     75.000      4.528     467.6349 
4     85.000      5.567     90.000      6.424     75.000      4.528     80.000      4.760     473.5791 
4     90.000      6.424     95.000      7.662     80.000      4.760     85.000      5.567     453.6815 
4     95.000      7.662    100.000      9.043     85.000      5.567     90.000      6.424     603.2753 
4    100.000      9.043    105.000     10.937     90.000      6.424     95.000      7.662     543.7786 
4    105.000     10.937    110.000     12.536     95.000      7.662    100.000      9.043     466.8507 
4    110.000     12.536    115.000     13.572    100.000      9.043    105.000     10.937     509.4139 
4    115.000     13.572    120.000     14.792    105.000     10.937    110.000     12.536     469.0391 
4    120.000     14.792    125.000     16.266    110.000     12.536    115.000     13.572     521.0083 
4    125.000     16.266    130.000     17.736    115.000     13.572    120.000     14.792     362.7927 
4    130.000     17.736    135.000     19.201    120.000     14.792    125.000     16.266     453.0877 
4    135.000     19.201    140.000     20.415    125.000     16.266    130.000     17.736     451.8050 
4    140.000     20.415    145.000     21.469    130.000     17.736    135.000     19.201     548.6191 
4    145.000     21.469    150.000     21.833    135.000     19.201    140.000     20.415     521.0253 
4    150.000     21.833    155.000     21.838    140.000     20.415    145.000     21.469     574.0444 
4    155.000     21.838    160.000     22.138    145.000     21.469    150.000     21.833     486.7964 
4    160.000     22.138    165.000     22.600    150.000     21.833    155.000     21.838     560.3954 
4    165.000     22.600    170.000     23.281    155.000     21.838    160.000     22.138     510.6147 
4    170.000     23.281    175.000     24.058    160.000     22.138    165.000     22.600    1418.1652 
4    175.000     24.058    180.000     25.550    165.000     22.600    170.000     23.281    1559.1646 
4    180.000     25.550    185.000     27.328    170.000     23.281    175.000     24.058    1902.6364 
4    185.000     27.328    190.000     29.215    175.000     24.058    180.000     25.550     634.0953 
4    190.000     29.215    195.000     31.125    180.000     25.550    185.000     27.328     505.7534 
4    195.000     31.125    200.000     31.885    185.000     27.328    190.000     29.215     433.6161 
4    200.000     31.885    205.000     32.572    190.000     29.215    195.000     31.125     439.3360 
4    205.000     32.572    210.000     33.911    195.000     31.125    200.000     31.885     497.7847 
4    210.000     33.911    215.000     35.183    200.000     31.885    205.000     32.572     419.3074 
4    215.000     35.183    220.000     35.384    205.000     32.572    210.000     33.911     441.8346 
4    220.000     35.384    225.000     35.627    210.000     33.911    215.000     35.183     497.2589 
4    225.000     35.627    230.000     36.353    215.000     35.183    220.000     35.384     571.5911 
4    230.000     36.353    235.000     37.231    220.000     35.384    225.000     35.627     496.3210 
4    235.000     37.231    240.000     39.328    225.000     35.627    230.000     36.353     569.2726 
4    240.000     39.328    245.000     41.421    230.000     36.353    235.000     37.231     978.3306 
4    245.000     41.421    250.000     43.501    235.000     37.231    240.000     39.328     888.3787 
4    250.000     43.501    255.000     45.428    240.000     39.328    245.000     41.421     647.1628 
4    255.000     45.428    260.000     47.175    245.000     41.421    250.000     43.501     613.6501 
4    260.000     47.175    265.000     48.995    250.000     43.501    255.000     45.428     705.6180 
4    265.000     48.995    270.000     50.869    255.000     45.428    260.000     47.175     562.1475 
4    270.000     50.869    275.000     52.310    260.000     47.175    265.000     48.995     476.5846 
4    275.000     52.310    280.000     53.556    265.000     48.995    270.000     50.869     696.4911 
4    280.000     53.556    285.000     54.403    270.000     50.869    275.000     52.310     476.0861 
4    285.000     54.403    290.000     55.152    275.000     52.310    280.000     53.556     659.6478 
4    290.000     55.152    295.000     56.221    280.000     53.556    285.000     54.403     549.8689 
4    295.000     56.221    300.000     57.362    285.000     54.403    290.000     55.152     585.2721 
4    300.000     57.362    305.000     58.357    290.000     55.152    295.000     56.221     633.3149 
4    305.000     58.357    310.000     59.333    295.000     56.221    300.000     57.362     798.9337 
4    310.000     59.333    315.000     61.665    300.000     57.362    305.000     58.357     937.0802 
4    315.000     61.665    320.000     64.075    305.000     58.357    310.000     59.333    1593.6951 
4    320.000     64.075    325.000     66.659    310.000     59.333    315.000     61.665    1608.2678 
4    325.000     66.659    330.000     69.296    315.000     61.665    320.000     64.075    1507.3698 
4    330.000     69.296    335.000     72.010    320.000     64.075    325.000     66.659    2531.5293 
4    335.000     72.010    340.000     74.468    325.000     66.659    330.000     69.296    2612.8198 
4    340.000     74.468    345.000     75.030    330.000     69.296    335.000     72.010    3232.7656 
4    345.000     75.030    350.000     75.030    335.000     72.010    340.000     74.468    3272.6372 
4    350.000     75.030    355.000     75.030    340.000     74.468    345.000     75.030    2147.3792 
4      0.000      0.000     45.000      1.469     35.000      0.785     40.000      0.815      93.2874 
4      0.000      0.000     45.000      1.469      5.000     -0.044     10.000     -0.089     615.6151 
4      5.000     -0.044     50.000      2.148     10.000     -0.089     15.000      0.230     385.5974 
4      5.000     -0.044     50.000      2.148     40.000      0.815     45.000      1.469     206.0810 
4     10.000     -0.089     55.000      3.310     15.000      0.230     20.000      0.559     256.9076 
4     10.000     -0.089     55.000      3.310     45.000      1.469     50.000      2.148     645.7384 
4     15.000      0.230     60.000      4.360     50.000      2.148     55.000      3.310    2411.3181 
4     15.000      0.230     60.000      4.360     20.000      0.559     25.000      0.660     308.8388 
4     20.000      0.559     65.000      4.354     55.000      3.310     60.000      4.360    2272.2346 
4     20.000      0.559     65.000      4.354     25.000      0.660     30.000      0.760     350.2981 
4     25.000      0.660     70.000      4.368     30.000      0.760     35.000      0.785     361.6388 
4     25.000      0.660     70.000      4.368     60.000      4.360     65.000      4.354    1170.7656 
4     30.000      0.760     75.000      4.528     35.000      0.785     40.000      0.815     226.0235 
4     30.000      0.760     75.000      4.528     65.000      4.354     70.000      4.368     527.8355 
4     35.000      0.785     80.000      4.760     40.000      0.815     45.000      1.469     114.0737 
4     35.000      0.785     80.000      4.760     70.000      4.368     75.000      4.528     456.2414 
4     40.000      0.815     85.000      5.567     45.000      1.469     50.000      2.148     108.9081 
4     40.000      0.815     85.000      5.567     75.000      4.528     80.000      4.760     446.8474 
4     45.000      1.469     90.000      6.424     80.000      4.760     85.000      5.567     429.9539 
4     45.000      1.469     90.000      6.424     50.000      2.148     55.000      3.310     187.9906 
4     50.000      2.148     95.000      7.662     55.000      3.310     60.000      4.360     508.2497 
4     50.000      2.148     95.000      7.662     85.000      5.567     90.000      6.424     546.8953 
4     55.000      3.310    100.000      9.043     90.000      6.424     95.000      7.662     480.6507 
4     55.000      3.310    100.000      9.043     60.000      4.360     65.000      4.354    1989.7349 
4     60.000      4.360    105.000     10.937     65.000      4.354     70.000      4.368    2338.2520 
4     60.000      4.360    105.000     10.937     95.000      7.662    100.000      9.043     463.1967 
4     65.000      4.354    110.000     12.536    100.000      9.043    105.000     10.937     486.9319 
4     65.000      4.354    110.000     12.536     70.000      4.368     75.000      4.528    1322.8923 
4     70.000      4.368    115.000     13.572    105.000     10.937    110.000     12.536     449.3947 
4     70.000      4.368    115.000     13.572     75.000      4.528     80.000      4.760     538.2639 
4     75.000      4.528    120.000     14.792     80.000      4.760     85.000      5.567     407.0097 
4     75.000      4.528    120.000     14.792    110.000     12.536    115.000     13.572     478.5613 
4     80.000      4.760    125.000     16.266    115.000     13.572    120.000     14.792     376.9877 
4     80.000      4.760    125.000     16.266     85.000      5.567     90.000      6.424     444.4420 
4     85.000      5.567    130.000     17.736     90.000      6.424     95.000      7.662     428.6866 
4     85.000      5.567    130.000     17.736    120.000     14.792    125.000     16.266     450.4940 
4     90.000      6.424    135.000     19.201     95.000      7.662    100.000      9.043     535.1844 
4     90.000      6.424    135.000     19.201    125.000     16.266    130.000     17.736     454.9638 
4     95.000      7.662    140.000     20.415    100.000      9.043    105.000     10.937     501.1877 
4     95.000      7.662    140.000     20.415    130.000     17.736    135.000     19.201     531.2333 
4    100.000      9.043    145.000     21.469    135.000     19.201    140.000     20.415     509.2944 
4    100.000      9.043    145.000     21.469    105.000     10.937    110.000     12.536     439.4086 
4    105.000     10.937    150.000     21.833    110.000     12.536    115.000     13.572     492.0291 
4    105.000     10.937    150.000     21.833    140.000     20.415    145.000     21.469     562.2181 
4    110.000     12.536    155.000     21.838    145.000     21.469    150.000     21.833     506.5299 
4    110.000     12.536    155.000     21.838    115.000     13.572    120.000     14.792     480.1830 
4    115.000     13.572    160.000     22.138    120.000     14.792    125.000     16.266     509.9823 
4    115.000     13.572    160.000     22.138    150.000     21.833    155.000     21.838     538.7977 
4    120.000     14.792    165.000     22.600    125.000     16.266    130.000     17.736     384.7802 
4    120.000     14.792    165.000     22.600    155.000     21.838    160.000     22.138     487.2668 
4    125.000     16.266    170.000     23.281    130.000     17.736    135.000     19.201     441.5143 
4    125.000     16.266    170.000     23.281    160.000     22.138    165.000     22.600    1193.8475 
4    130.000     17.736    175.000     24.058    165.000     22.600    170.000     23.281    1347.3756 
4    130.000     17.736    175.000     24.058    135.000     19.201    140.000     20.415     437.3023 
4    135.000     19.201    180.000     25.550    140.000     20.415    145.000     21.469     507.4974 
4    135.000     19.201    180.000     25.550    170.000     23.281    175.000     24.058    1458.8601 
4    140.000     20.415    185.000     27.328    145.000     21.469    150.000     21.833     492.5368 
4    140.000     20.415    185.000     27.328    175.000     24.058    180.000     25.550     641.8334 
4    145.000     21.469    190.000     29.215    150.000     21.833    155.000     21.838     528.2383 
4    145.000     21.469    190.000     29.215    180.000     25.550    185.000     27.328     583.5049 
4    150.000     21.833    195.000     31.125    185.000     27.328    190.000     29.215     478.9709 
4    150.000     21.833    195.000     31.125    155.000     21.838    160.000     22.138     485.9146 
4    155.000     21.838    200.000     31.885    160.000     22.138    165.000     22.600     574.1158 
4    155.000     21.838    200.000     31.885    190.000     29.215    195.000     31.125     458.9161 
4    160.000     22.138    205.000     32.572    165.000     22.600    170.000     23.281     549.2121 
4    160.000     22.138    205.000     32.572    195.000     31.125    200.000     31.885     494.2870 
4    165.000     22.600    210.000     33.911    200.000     31.885    205.000     32.572     442.6069 
4    165.000     22.600    210.000     33.911    170.000     23.281    175.000     24.058    1095.0907 
4    170.000     23.281    215.000     35.183    175.000     24.058    180.000     25.550    1240.8807 
4    170.000     23.281    215.000     35.183    205.000     32.572    210.000     33.911     472.3607 
4    175.000     24.058    220.000     35.384    180.000     25.550    185.000     27.328    1541.5139 
4    180.000     25.550    225.000     35.627    185.000     27.328    190.000     29.215     612.9282 
4    180.000     25.550    225.000     35.627    215.000     35.183    220.000     35.384     598.3928 
4    185.000     27.328    230.000     36.353    220.000     35.384    225.000     35.627     530.1384 
4    185.000     27.328    230.000     36.353    190.000     29.215    195.000     31.125     515.8583 
4    190.000     29.215    235.000     37.231    195.000     31.125    200.000     31.885     487.3797 
4    190.000     29.215    235.000     37.231    225.000     35.627    230.000     36.353     577.1236 
4    195.000     31.125    240.000     39.328    230.000     36.353    235.000     37.231     877.4232 
4    195.000     31.125    240.000     39.328    200.000     31.885    205.000     32.572     495.4912 
4    200.000     31.885    245.000     41.421    205.000     32.572    210.000     33.911     524.8174 
4    200.000     31.885    245.000     41.421    235.000     37.231    240.000     39.328     905.8551 
4    205.000     32.572    250.000     43.501    240.000     39.328    245.000     41.421     770.0197 
4    205.000     32.572    250.000     43.501    210.000     33.911    215.000     35.183     463.7742 
4    210.000     33.911    255.000     45.428    215.000     35.183    220.000     35.384     471.7656 
4    210.000     33.911    255.000     45.428    245.000     41.421    250.000     43.501     666.9476 
4    215.000     35.183    260.000     47.175    250.000     43.501    255.000     45.428     707.2378 
4    215.000     35.183    260.000     47.175    220.000     35.384    225.000     35.627     508.1490 
4    220.000     35.384    265.000     48.995    255.000     45.428    260.000     47.175     580.7356 
4    220.000     35.384    265.000     48.995    225.000     35.627    230.000     36.353     574.2960 
4    225.000     35.627    270.000     50.869    260.000     47.175    265.000     48.995     563.5491 
4    225.000     35.627    270.000     50.869    230.000     36.353    235.000     37.231     573.7785 
4    230.000     36.353    275.000     52.310    235.000     37.231    240.000     39.328     647.0670 
4    230.000     36.353    275.000     52.310    265.000     48.995    270.000     50.869     745.2415 
4    235.000     37.231    280.000     53.556    270.000     50.869    275.000     52.310     560.2708 
4    235.000     37.231    280.000     53.556    240.000     39.328    245.000     41.421     907.5131 
4    240.000     39.328    285.000     54.403    275.000     52.310    280.000     53.556     732.8943 
4    240.000     39.328    285.000     54.403    245.000     41.421    250.000     43.501     800.4724 
4    245.000     41.421    290.000     55.152    250.000     43.501    255.000     45.428     677.0404 
4    245.000     41.421    290.000     55.152    280.000     53.556    285.000     54.403     668.1718 
4    250.000     43.501    295.000     56.221    285.000     54.403    290.000     55.152     745.6019 
4    250.000     43.501    295.000     56.221    255.000     45.428    260.000     47.175     688.3976 
4    255.000     45.428    300.000     57.362    260.000     47.175    265.000     48.995     745.2160 
4    255.000     45.428    300.000     57.362    290.000     55.152    295.000     56.221     800.6907 
4    260.000     47.175    305.000     58.357    265.000     48.995    270.000     50.869     666.0036 
4    260.000     47.175    305.000     58.357    295.000     56.221    300.000     57.362     921.6772 
4    265.000     48.995    310.000     59.333    300.000     57.362    305.000     58.357    1032.8148 
4    265.000     48.995    310.000     59.333    270.000     50.869    275.000     52.310     533.5914 
4    270.000     50.869    315.000     61.665    305.000     58.357    310.000     59.333    1684.1555 
4    270.000     50.869    315.000     61.665    275.000     52.310    280.000     53.556     720.4646 
4    275.000     52.310    320.000     64.075    280.000     53.556    285.000     54.403     587.2711 
4    275.000     52.310    320.000     64.075    310.000     59.333    315.000     61.665    1882.1160 
4    280.000     53.556    325.000     66.659    315.000     61.665    320.000     64.075    2109.2988 
4    280.000     53.556    325.000     66.659    285.000     54.403    290.000     55.152     721.1374 
4    285.000     54.403    330.000     69.296    290.000     55.152    295.000     56.221     653.0024 
4    285.000     54.403    330.000     69.296    320.000     64.075    325.000     66.659    3195.3066 
4    290.000     55.152    335.000     72.010    295.000     56.221    300.000     57.362     677.4523 
4    290.000     55.152    335.000     72.010    325.000     66.659    330.000     69.296    3065.8967 
4    295.000     56.221    340.000     74.468    300.000     57.362    305.000     58.357     739.2848 
4    295.000     56.221    340.000     74.468    330.000     69.296    335.000     72.010    3623.9756 
4    300.000     57.362    345.000     75.030    305.000     58.357    310.000     59.333     931.6682 
4    300.000     57.362    345.000     75.030    335.000     72.010    340.000     74.468    3408.1282 
4    305.000     58.357    350.000     75.030    340.000     74.468    345.000     75.030    2783.8555 
4    305.000     58.357    350.000     75.030    310.000     59.333    315.000     61.665    1066.8583 
4    310.000     59.333    355.000     75.030    345.000     75.030    350.000     75.030    3931.3853 
4    310.000     59.333    355.000     75.030    315.000     61.665    320.000     64.075    1464.0081 
4     15.000      0.230     20.000      0.559      0.000      0.000      5.000     -0.044     222.4964 
4     20.000      0.559     25.000      0.660      5.000     -0.044     10.000     -0.089     174.6411 
4     25.000      0.660     30.000      0.760     10.000     -0.089     15.000      0.230     186.4598 
4     30.000      0.760     35.000      0.785     15.000      0.230     20.000      0.559     227.1598 
4     35.000      0.785     40.000      0.815     20.000      0.559     25.000      0.660     143.1171 
4     40.000      0.815     45.000      1.469     25.000      0.660     30.000      0.760      99.1336 
4     45.000      1.469     50.000      2.148     30.000      0.760     35.000      0.785     128.2524 
4     50.000      2.148     55.000      3.310     35.000      0.785     40.000      0.815      75.8582 
4     55.000      3.310     60.000      4.360     40.000      0.815     45.000      1.469     163.2258 
4     60.000      4.360     65.000      4.354     45.000      1.469     50.000      2.148     781.5026 
4     65.000      4.354     70.000      4.368     50.000      2.148     55.000      3.310    2457.4656 
4     70.000      4.368     75.000      4.528     55.000      3.310     60.000      4.360    1405.5699 
4     75.000      4.528     80.000      4.760     60.000      4.360     65.000      4.354     442.8967 
4     80.000      4.760     85.000      5.567     65.000      4.354     70.000      4.368     351.6309 
4     85.000      5.567     90.000      6.424     70.000      4.368     75.000      4.528     482.3564 
4     90.000      6.424     95.000      7.662     75.000      4.528     80.000      4.760     425.7398 
4     95.000      7.662    100.000      9.043     80.000      4.760     85.000      5.567     456.4721 
4    100.000      9.043    105.000     10.937     85.000      5.567     90.000      6.424     519.6672 
4    105.000     10.937    110.000     12.536     90.000      6.424     95.000      7.662     451.0133 
4    110.000     12.536    115.000     13.572     95.000      7.662    100.000      9.043     544.4317 
4    115.000     13.572    120.000     14.792    100.000      9.043    105.000     10.937     540.3791 
4    120.000     14.792    125.000     16.266    105.000     10.937    110.000     12.536     479.9398 
4    125.000     16.266    130.000     17.736    110.000     12.536    115.000     13.572     409.3897 
4    130.000     17.736    135.000     19.201    115.000     13.572    120.000     14.792     403.0412 
4    135.000     19.201    140.000     20.415    120.000     14.792    125.000     16.266     436.2202 
4    140.000     20.415    145.000     21.469    125.000     16.266    130.000     17.736     469.3464 
4    145.000     21.469    150.000     21.833    130.000     17.736    135.000     19.201     502.4010 
4    150.000     21.833    155.000     21.838    135.000     19.201    140.000     20.415     483.7588 
4    155.000     21.838    160.000     22.138    140.000     20.415    145.000     21.469     540.2358 
4    160.000     22.138    165.000     22.600    145.000     21.469    150.000     21.833     607.3478 
4    165.000     22.600    170.000     23.281    150.000     21.833    155.000     21.838     584.8791 
4    170.000     23.281    175.000     24.058    155.000     21.838    160.000     22.138     509.0737 
4    175.000     24.058    180.000     25.550    160.000     22.138    165.000     22.600    1027.8851 
4    180.000     25.550    185.000     27.328    165.000     22.600    170.000     23.281    1480.9418 
4    185.000     27.328    190.000     29.215    170.000     23.281    175.000     24.058     710.4850 
4    190.000     29.215    195.000     31.125    175.000     24.058    180.000     25.550     578.8510 
4    195.000     31.125    200.000     31.885    180.000     25.550    185.000     27.328     606.6541 
4    200.000     31.885    205.000     32.572    185.000     27.328    190.000     29.215     528.7791 
4    205.000     32.572    210.000     33.911    190.000     29.215    195.000     31.125     492.0526 
4    210.000     33.911    215.000     35.183    195.000     31.125    200.000     31.885     469.7799 
4    215.000     35.183    220.000     35.384    200.000     31.885    205.000     32.572     451.4167 
4    220.000     35.384    225.000     35.627    205.000     32.572    210.000     33.911     493.1572 
4    225.000     35.627    230.000     36.353    210.000     33.911    215.000     35.183     537.3405 
4    230.000     36.353    235.000     37.231    215.000     35.183    220.000     35.384     632.0897 
4    235.000     37.231    240.000     39.328    220.000     35.384    225.000     35.627     598.1869 
4    240.000     39.328    245.000     41.421    225.000     35.627    230.000     36.353     648.8206 
4    245.000     41.421    250.000     43.501    230.000     36.353    235.000     37.231     667.1499 
4    250.000     43.501    255.000     45.428    235.000     37.231    240.000     39.328     794.5126 
4    255.000     45.428    260.000     47.175    240.000     39.328    245.000     41.421     824.7020 
4    260.000     47.175    265.000     48.995    245.000     41.421    250.000     43.501     692.6873 
4    265.000     48.995    270.000     50.869    250.000     43.501    255.000     45.428     671.7341 
4    270.000     50.869    275.000     52.310    255.000     45.428    260.000     47.175     436.5746 
4    275.000     52.310    280.000     53.556    260.000     47.175    265.000     48.995     584.2118 
4    280.000     53.556    285.000     54.403    265.000     48.995    270.000     50.869     658.0606 
4    285.000     54.403    290.000     55.152    270.000     50.869    275.000     52.310     604.1245 
4    290.000     55.152    295.000     56.221    275.000     52.310    280.000     53.556     660.9559 
4    295.000     56.221    300.000     57.362    280.000     53.556    285.000     54.403     631.2075 
4    300.000     57.362    305.000     58.357    285.000     54.403    290.000     55.152     735.7095 
4    305.000     58.357    310.000     59.333    290.000     55.152    295.000     56.221     910.6785 
4    310.000     59.333    315.000     61.665    295.000     56.221    300.000     57.362     990.2878 
4    315.000     61.665    320.000     64.075    300.000     57.362    305.000     58.357     914.4033 
4    320.000     64.075    325.000     66.659    305.000     58.357    310.000     59.333    1581.0895 
4    325.000     66.659    330.000     69.296    310.000     59.333    315.000     61.665    1690.5338 
4    330.000     69.296    335.000     72.010    315.000     61.665    320.000     64.075    2935.4753 
4    335.000     72.010    340.000     74.468    320.000     64.075    325.000     66.659    4033.7861 
4    340.000     74.468    345.000     75.030    325.000     66.659    330.000     69.296    3911.1509 
4    345.000     75.030    350.000     75.030    330.000     69.296    335.000     72.010    4428.4619 
4    350.000     75.030    355.000     75.030    335.000     72.010    340.000     74.468    2787.8079 
4     20.000      0.559     30.000      0.760      0.000      0.000     10.000     -0.089     147.4657 
4     30.000      0.760     40.000      0.815     10.000     -0.089     20.000      0.559     163.7555 
4     40.000      0.815     50.000      2.148     20.000      0.559     30.000      0.760      98.4889 
4     50.000      2.148     60.000      4.360     30.000      0.760     40.000      0.815      92.3515 
4     60.000      4.360     70.000      4.368     40.000      0.815     50.000      2.148     553.3984 
4     70.000      4.368     80.000      4.760     50.000      2.148     60.000      4.360     991.5319 
4     80.000      4.760     90.000      6.424     60.000      4.360     70.000      4.368     332.6664 
4     90.000      6.424    100.000      9.043     70.000      4.368     80.000      4.760     429.3590 
4    100.000      9.043    110.000     12.536     80.000      4.760     90.000      6.424     447.0889 
4    110.000     12.536    120.000     14.792     90.000      6.424    100.000      9.043     528.5415 
4    120.000     14.792    130.000     17.736    100.000      9.043    110.000     12.536     477.6930 
4    130.000     17.736    140.000     20.415    110.000     12.536    120.000     14.792     402.9941 
4    140.000     20.415    150.000     21.833    120.000     14.792    130.000     17.736     463.1920 
4    150.000     21.833    160.000     22.138    130.000     17.736    140.000     20.415     494.1732 
4    160.000     22.138    170.000     23.281    140.000     20.415    150.000     21.833     627.7844 
4    170.000     23.281    180.000     25.550    150.000     21.833    160.000     22.138     507.1416 
4    180.000     25.550    190.000     29.215    160.000     22.138    170.000     23.281    1091.6815 
4    190.000     29.215    200.000     31.885    170.000     23.281    180.000     25.550     607.9076 
4    200.000     31.885    210.000     33.911    180.000     25.550    190.000     29.215     617.4982 
4    210.000     33.911    220.000     35.384    190.000     29.215    200.000     31.885     484.6277 
4    220.000     35.384    230.000     36.353    200.000     31.885    210.000     33.911     513.8351 
4    230.000     36.353    240.000     39.328    210.000     33.911    220.000     35.384     679.3304 
4    240.000     39.328    250.000     43.501    220.000     35.384    230.000     36.353     602.5543 
4    250.000     43.501    260.000     47.175    230.000     36.353    240.000     39.328     771.2145 
4    260.000     47.175    270.000     50.869    240.000     39.328    250.000     43.501     784.7203 
4    270.000     50.869    280.000     53.556    250.000     43.501    260.000     47.175     507.7222 
4    280.000     53.556    290.000     55.152    260.000     47.175    270.000     50.869     685.0023 
4    290.000     55.152    300.000     57.362    270.000     50.869    280.000     53.556     673.5814 
4    300.000     57.362    310.000     59.333    280.000     53.556    290.000     55.152     840.5564 
4    310.000     59.333    320.000     64.075    290.000     55.152    300.000     57.362    1002.6682 
4    320.000     64.075    330.000     69.296    300.000     57.362    310.000     59.333    1485.1415 
4    330.000     69.296    340.000     74.468    310.000     59.333    320.000     64.075    3160.9539 
4    340.000     74.468    350.000     75.030    320.000     64.075    330.000     69.296    4460.9829 
4     20.000      0.559     25.000      0.660      0.000      0.000      5.000     -0.044     142.2670 
4     25.000      0.660     30.000      0.760      5.000     -0.044     10.000     -0.089     108.5546 
4     30.000      0.760     35.000      0.785     10.000     -0.089     15.000      0.230     129.6190 
4     35.000      0.785     40.000      0.815     15.000      0.230     20.000      0.559      85.3791 
4     40.000      0.815     45.000      1.469     20.000      0.559     25.000      0.660      87.1698 
4     45.000      1.469     50.000      2.148     25.000      0.660     30.000      0.760     107.9703 
4     50.000      2.148     55.000      3.310     30.000      0.760     35.000      0.785     120.1565 
4     55.000      3.310     60.000      4.360     35.000      0.785     40.000      0.815      81.9956 
4     60.000      4.360     65.000      4.354     40.000      0.815     45.000      1.469     180.6636 
4     65.000      4.354     70.000      4.368     45.000      1.469     50.000      2.148     531.4161 
4     70.000      4.368     75.000      4.528     50.000      2.148     55.000      3.310     896.1173 
4     75.000      4.528     80.000      4.760     55.000      3.310     60.000      4.360     381.0438 
4     80.000      4.760     85.000      5.567     60.000      4.360     65.000      4.354     272.1028 
4     85.000      5.567     90.000      6.424     65.000      4.354     70.000      4.368     359.2820 
4     90.000      6.424     95.000      7.662     70.000      4.368     75.000      4.528     428.4881 
4     95.000      7.662    100.000      9.043     75.000      4.528     80.000      4.760     428.8368 
4    100.000      9.043    105.000     10.937     80.000      4.760     85.000      5.567     363.8435 
4    105.000     10.937    110.000     12.536     85.000      5.567     90.000      6.424     415.4442 
4    110.000     12.536    115.000     13.572     90.000      6.424     95.000      7.662     480.9087 
4    115.000     13.572    120.000     14.792     95.000      7.662    100.000      9.043     559.0024 
4    120.000     14.792    125.000     16.266    100.000      9.043    105.000     10.937     558.8987 
4    125.000     16.266    130.000     17.736    105.000     10.937    110.000     12.536     392.9661 
4    130.000     17.736    135.000     19.201    110.000     12.536    115.000     13.572     420.5901 
4    135.000     19.201    140.000     20.415    115.000     13.572    120.000     14.792     388.5365 
4    140.000     20.415    145.000     21.469    120.000     14.792    125.000     16.266     461.4465 
4    145.000     21.469    150.000     21.833    125.000     16.266    130.000     17.736     453.1056 
4    150.000     21.833    155.000     21.838    130.000     17.736    135.000     19.201     509.3150 
4    155.000     21.838    160.000     22.138    135.000     19.201    140.000     20.415     491.4833 
4    160.000     22.138    165.000     22.600    140.000     20.415    145.000     21.469     666.4731 
4    165.000     22.600    170.000     23.281    145.000     21.469    150.000     21.833     613.0629 
4    170.000     23.281    175.000     24.058    150.000     21.833    155.000     21.838     556.3069 
4    175.000     24.058    180.000     25.550    155.000     21.838    160.000     22.138     453.8408 
4    180.000     25.550    185.000     27.328    160.000     22.138    165.000     22.600     944.0046 
4    185.000     27.328    190.000     29.215    165.000     22.600    170.000     23.281     589.6707 
4    190.000     29.215    195.000     31.125    170.000     23.281    175.000     24.058     618.2371 
4    195.000     31.125    200.000     31.885    175.000     24.058    180.000     25.550     637.4543 
4    200.000     31.885    205.000     32.572    180.000     25.550    185.000     27.328     752.7570 
4    205.000     32.572    210.000     33.911    185.000     27.328    190.000     29.215     587.5972 
4    210.000     33.911    215.000     35.183    190.000     29.215    195.000     31.125     497.7885 
4    215.000     35.183    220.000     35.384    195.000     31.125    200.000     31.885     488.7878 
4    220.000     35.384    225.000     35.627    200.000     31.885    205.000     32.572     496.2240 
4    225.000     35.627    230.000     36.353    205.000     32.572    210.000     33.911     558.0411 
4    230.000     36.353    235.000     37.231    210.000     33.911    215.000     35.183     659.1690 
4    235.000     37.231    240.000     39.328    215.000     35.183    220.000     35.384     749.5997 
4    240.000     39.328    245.000     41.421    220.000     35.384    225.000     35.627     681.9675 
4    245.000     41.421    250.000     43.501    225.000     35.627    230.000     36.353     471.8138 
4    250.000     43.501    255.000     45.428    230.000     36.353    235.000     37.231     609.3967 
4    255.000     45.428    260.000     47.175    235.000     37.231    240.000     39.328     918.3221 
4    260.000     47.175    265.000     48.995    240.000     39.328    245.000     41.421     931.5827 
4    265.000     48.995    270.000     50.869    245.000     41.421    250.000     43.501     732.8330 
4    270.000     50.869    275.000     52.310    250.000     43.501    255.000     45.428     526.6378 
4    275.000     52.310    280.000     53.556    255.000     45.428    260.000     47.175     578.6531 
4    280.000     53.556    285.000     54.403    260.000     47.175    265.000     48.995     596.3151 
4    285.000     54.403    290.000     55.152    265.000     48.995    270.000     50.869     809.1077 
4    290.000     55.152    295.000     56.221    270.000     50.869    275.000     52.310     616.7669 
4    295.000     56.221    300.000     57.362    275.000     52.310    280.000     53.556     750.5422 
4    300.000     57.362    305.000     58.357    280.000     53.556    285.000     54.403     785.1122 
4    305.000     58.357    310.000     59.333    285.000     54.403    290.000     55.152    1042.2673 
4    310.000     59.333    315.000     61.665    290.000     55.152    295.000     56.221    1104.0374 
4    315.000     61.665    320.000     64.075    295.000     56.221    300.000     57.362     922.5916 
4    320.000     64.075    325.000     66.659    300.000     57.362    305.000     58.357    1204.0531 
4    325.000     66.659    330.000     69.296    305.000     58.357    310.000     59.333    1610.0631 
4    330.000     69.296    335.000     72.010    310.000     59.333    315.000     61.665    2917.1289 
4    335.000     72.010    340.000     74.468    315.000     61.665    320.000     64.075    3804.2927 
4    340.000     74.468    345.000     75.030    320.000     64.075    325.000     66.659    5354.0752 
4    345.000     75.030    350.000     75.030    325.000     66.659    330.000     69.296    4418.9297 
4    350.000     75.030    355.000     75.030    330.000     69.296    335.000     72.010    3354.6177 
4      0.000      0.000     45.000      1.469     30.000      0.760     35.000      0.785     135.8575 
4      0.000      0.000     45.000      1.469     10.000     -0.089     15.000      0.230     308.6370 
4      5.000     -0.044     50.000      2.148     15.000      0.230     20.000      0.559     203.4291 
4      5.000     -0.044     50.000      2.148     35.000      0.785     40.000      0.815      91.5448 
4     10.000     -0.089     55.000      3.310     40.000      0.815     45.000      1.469     161.9615 
4     10.000     -0.089     55.000      3.310     20.000      0.559     25.000      0.660     157.7854 
4     15.000      0.230     60.000      4.360     25.000      0.660     30.000      0.760     152.9924 
4     15.000      0.230     60.000      4.360     45.000      1.469     50.000      2.148     507.4496 
4     20.000      0.559     65.000      4.354     30.000      0.760     35.000      0.785     179.6622 
4     20.000      0.559     65.000      4.354     50.000      2.148     55.000      3.310    1297.8445 
4     25.000      0.660     70.000      4.368     35.000      0.785     40.000      0.815     115.3183 
4     25.000      0.660     70.000      4.368     55.000      3.310     60.000      4.360     755.7274 
4     30.000      0.760     75.000      4.528     60.000      4.360     65.000      4.354     331.0778 
4     30.000      0.760     75.000      4.528     40.000      0.815     45.000      1.469     107.1095 
4     35.000      0.785     80.000      4.760     45.000      1.469     50.000      2.148     130.9424 
4     35.000      0.785     80.000      4.760     65.000      4.354     70.000      4.368     331.5990 
4     40.000      0.815     85.000      5.567     70.000      4.368     75.000      4.528     432.7743 
4     40.000      0.815     85.000      5.567     50.000      2.148     55.000      3.310     115.1138 
4     45.000      1.469     90.000      6.424     75.000      4.528     80.000      4.760     389.8767 
4     45.000      1.469     90.000      6.424     55.000      3.310     60.000      4.360     149.1577 
4     50.000      2.148     95.000      7.662     60.000      4.360     65.000      4.354     437.8723 
4     50.000      2.148     95.000      7.662     80.000      4.760     85.000      5.567     379.0554 
4     55.000      3.310    100.000      9.043     65.000      4.354     70.000      4.368    1185.6731 
4     55.000      3.310    100.000      9.043     85.000      5.567     90.000      6.424     429.6603 
4     60.000      4.360    105.000     10.937     90.000      6.424     95.000      7.662     426.5826 
4     60.000      4.360    105.000     10.937     70.000      4.368     75.000      4.528     850.3581 
4     65.000      4.354    110.000     12.536     95.000      7.662    100.000      9.043     495.9290 
4     65.000      4.354    110.000     12.536     75.000      4.528     80.000      4.760     359.4976 
4     70.000      4.368    115.000     13.572    100.000      9.043    105.000     10.937     499.7208 
4     70.000      4.368    115.000     13.572     80.000      4.760     85.000      5.567     306.7402 
4     75.000      4.528    120.000     14.792    105.000     10.937    110.000     12.536     425.6260 
4     75.000      4.528    120.000     14.792     85.000      5.567     90.000      6.424     408.1348 
4     80.000      4.760    125.000     16.266     90.000      6.424     95.000      7.662     396.4625 
4     80.000      4.760    125.000     16.266    110.000     12.536    115.000     13.572     411.5506 
4     85.000      5.567    130.000     17.736    115.000     13.572    120.000     14.792     409.0551 
4     85.000      5.567    130.000     17.736     95.000      7.662    100.000      9.043     435.7628 
4     90.000      6.424    135.000     19.201    120.000     14.792    125.000     16.266     459.5941 
4     90.000      6.424    135.000     19.201    100.000      9.043    105.000     10.937     442.9540 
4     95.000      7.662    140.000     20.415    125.000     16.266    130.000     17.736     473.9483 
4     95.000      7.662    140.000     20.415    105.000     10.937    110.000     12.536     402.9097 
4    100.000      9.043    145.000     21.469    130.000     17.736    135.000     19.201     518.8993 
4    100.000      9.043    145.000     21.469    110.000     12.536    115.000     13.572     477.7434 
4    105.000     10.937    150.000     21.833    135.000     19.201    140.000     20.415     498.9110 
4    105.000     10.937    150.000     21.833    115.000     13.572    120.000     14.792     505.1587 
4    110.000     12.536    155.000     21.838    120.000     14.792    125.000     16.266     509.2639 
4    110.000     12.536    155.000     21.838    140.000     20.415    145.000     21.469     557.8715 
4    115.000     13.572    160.000     22.138    125.000     16.266    130.000     17.736     436.7772 
4    115.000     13.572    160.000     22.138    145.000     21.469    150.000     21.833     548.8875 
4    120.000     14.792    165.000     22.600    130.000     17.736    135.000     19.201     443.0694 
4    120.000     14.792    165.000     22.600    150.000     21.833    155.000     21.838     520.0538 
4    125.000     16.266    170.000     23.281    155.000     21.838    160.000     22.138     456.6418 
4    125.000     16.266    170.000     23.281    135.000     19.201    140.000     20.415     430.8280 
4    130.000     17.736    175.000     24.058    160.000     22.138    165.000     22.600     817.2263 
4    130.000     17.736    175.000     24.058    140.000     20.415    145.000     21.469     455.8930 
4    135.000     19.201    180.000     25.550    165.000     22.600    170.000     23.281     998.6912 
4    135.000     19.201    180.000     25.550    145.000     21.469    150.000     21.833     459.2082 
4    140.000     20.415    185.000     27.328    170.000     23.281    175.000     24.058     716.0807 
4    140.000     20.415    185.000     27.328    150.000     21.833    155.000     21.838     461.0554 
4    145.000     21.469    190.000     29.215    175.000     24.058    180.000     25.550     675.3487 
4    145.000     21.469    190.000     29.215    155.000     21.838    160.000     22.138     487.7664 
4    150.000     21.833    195.000     31.125    180.000     25.550    185.000     27.328     739.8477 
4    150.000     21.833    195.000     31.125    160.000     22.138    165.000     22.600     618.5175 
4    155.000     21.838    200.000     31.885    165.000     22.600    170.000     23.281     632.7579 
4    155.000     21.838    200.000     31.885    185.000     27.328    190.000     29.215     559.1876 
4    160.000     22.138    205.000     32.572    170.000     23.281    175.000     24.058     606.0585 
4    160.000     22.138    205.000     32.572    190.000     29.215    195.000     31.125     502.3185 
4    165.000     22.600    210.000     33.911    195.000     31.125    200.000     31.885     495.2577 
4    165.000     22.600    210.000     33.911    175.000     24.058    180.000     25.550     792.6148 
4    170.000     23.281    215.000     35.183    200.000     31.885    205.000     32.572     508.6273 
4    170.000     23.281    215.000     35.183    180.000     25.550    185.000     27.328    1072.8470 
4    175.000     24.058    220.000     35.384    205.000     32.572    210.000     33.911     562.4071 
4    175.000     24.058    220.000     35.384    185.000     27.328    190.000     29.215     588.3231 
4    180.000     25.550    225.000     35.627    210.000     33.911    215.000     35.183     623.9438 
4    180.000     25.550    225.000     35.627    190.000     29.215    195.000     31.125     551.0778 
4    185.000     27.328    230.000     36.353    215.000     35.183    220.000     35.384     680.5903 
4    185.000     27.328    230.000     36.353    195.000     31.125    200.000     31.885     598.5919 
4    190.000     29.215    235.000     37.231    220.000     35.384    225.000     35.627     615.3855 
4    190.000     29.215    235.000     37.231    200.000     31.885    205.000     32.572     617.9452 
4    195.000     31.125    240.000     39.328    225.000     35.627    230.000     36.353     617.5659 
4    195.000     31.125    240.000     39.328    205.000     32.572    210.000     33.911     599.3737 
4    200.000     31.885    245.000     41.421    210.000     33.911    215.000     35.183     554.8829 
4    200.000     31.885    245.000     41.421    230.000     36.353    235.000     37.231     735.0316 
4    205.000     32.572    250.000     43.501    235.000     37.231    240.000     39.328     972.0857 
4    205.000     32.572    250.000     43.501    215.000     35.183    220.000     35.384     536.6973 
4    210.000     33.911    255.000     45.428    240.000     39.328    245.000     41.421    1003.2994 
4    210.000     33.911    255.000     45.428    220.000     35.384    225.000     35.627     547.9375 
4    215.000     35.183    260.000     47.175    245.000     41.421    250.000     43.501     772.3165 
4    215.000     35.183    260.000     47.175    225.000     35.627    230.000     36.353     595.4879 
4    220.000     35.384    265.000     48.995    230.000     36.353    235.000     37.231     728.2808 
4    220.000     35.384    265.000     48.995    250.000     43.501    255.000     45.428     724.8766 
4    225.000     35.627    270.000     50.869    255.000     45.428    260.000     47.175     627.5592 
4    225.000     35.627    270.000     50.869    235.000     37.231    240.000     39.328     824.1683 
4    230.000     36.353    275.000     52.310    260.000     47.175    265.000     48.995     725.8530 
4    230.000     36.353    275.000     52.310    240.000     39.328    245.000     41.421     861.6511 
4    235.000     37.231    280.000     53.556    245.000     41.421    250.000     43.501     683.1287 
4    235.000     37.231    280.000     53.556    265.000     48.995    270.000     50.869     851.5110 
4    240.000     39.328    285.000     54.403    250.000     43.501    255.000     45.428     757.6127 
4    240.000     39.328    285.000     54.403    270.000     50.869    275.000     52.310     748.1570 
4    245.000     41.421    290.000     55.152    275.000     52.310    280.000     53.556     906.4454 
4    245.000     41.421    290.000     55.152    255.000     45.428    260.000     47.175     846.2051 
4    250.000     43.501    295.000     56.221    280.000     53.556    285.000     54.403     901.5502 
4    250.000     43.501    295.000     56.221    260.000     47.175    265.000     48.995     849.0601 
4    255.000     45.428    300.000     57.362    265.000     48.995    270.000     50.869     880.4437 
4    255.000     45.428    300.000     57.362    285.000     54.403    290.000     55.152    1053.4045 
4    260.000     47.175    305.000     58.357    270.000     50.869    275.000     52.310     660.6366 
4    260.000     47.175    305.000     58.357    290.000     55.152    295.000     56.221    1121.1147 
4    265.000     48.995    310.000     59.333    275.000     52.310    280.000     53.556     807.8234 
4    265.000     48.995    310.000     59.333    295.000     56.221    300.000     57.362    1179.4188 
4    270.000     50.869    315.000     61.665    300.000     57.362    305.000     58.357    1255.2157 
4    270.000     50.869    315.000     61.665    280.000     53.556    285.000     54.403     814.3202 
4    275.000     52.310    320.000     64.075    285.000     54.403    290.000     55.152     894.2585 
4    275.000     52.310    320.000     64.075    305.000     58.357    310.000     59.333    1888.7850 
4    280.000     53.556    325.000     66.659    290.000     55.152    295.000     56.221     876.6832 
4    280.000     53.556    325.000     66.659    310.000     59.333    315.000     61.665    2359.4612 
4    285.000     54.403    330.000     69.296    315.000     61.665    320.000     64.075    3210.9805 
4    285.000     54.403    330.000     69.296    295.000     56.221    300.000     57.362     912.6585 
4    290.000     55.152    335.000     72.010    300.000     57.362    305.000     58.357    1004.9059 
4    290.000     55.152    335.000     72.010    320.000     64.075    325.000     66.659    4378.0688 
4    295.000     56.221    340.000     74.468    305.000     58.357    310.000     59.333    1276.6686 
4    295.000     56.221    340.000     74.468    325.000     66.659    330.000     69.296    3886.3010 
4    300.000     57.362    345.000     75.030    330.000     69.296    335.000     72.010    4379.6040 
4    300.000     57.362    345.000     75.030    310.000     59.333    315.000     61.665    1433.9542 
4    305.000     58.357    350.000     75.030    335.000     72.010    340.000     74.468    3748.2253 
4    305.000     58.357    350.000     75.030    315.000     61.665    320.000     64.075    1395.1207 
4    310.000     59.333    355.000     75.030    340.000     74.468    345.000     75.030    3991.0835 
4    310.000     59.333    355.000     75.030    320.000     64.075    325.000     66.659    2122.8391 
4      0.000      0.000     90.000      6.424     70.000      4.368     80.000      4.760     425.5448 
4      0.000      0.000     90.000      6.424     10.000     -0.089     20.000      0.559     294.7627 
4      5.000     -0.044     95.000      7.662     75.000      4.528     85.000      5.567     409.8786 
4      5.000     -0.044     95.000      7.662     15.000      0.230     25.000      0.660     192.2930 
4     10.000     -0.089    100.000      9.043     80.000      4.760     90.000      6.424     449.2382 
4     10.000     -0.089    100.000      9.043     20.000      0.559     30.000      0.760     149.5022 
4     15.000      0.230    105.000     10.937     25.000      0.660     35.000      0.785     147.9577 
4     15.000      0.230    105.000     10.937     85.000      5.567     95.000      7.662     472.5895 
4     20.000      0.559    110.000     12.536     90.000      6.424    100.000      9.043     537.0451 
4     20.000      0.559    110.000     12.536     30.000      0.760     40.000      0.815     148.7851 
4     25.000      0.660    115.000     13.572     35.000      0.785     45.000      1.469     111.6726 
4     25.000      0.660    115.000     13.572     95.000      7.662    105.000     10.937     549.0956 
4     30.000      0.760    120.000     14.792    100.000      9.043    110.000     12.536     480.9431 
4     30.000      0.760    120.000     14.792     40.000      0.815     50.000      2.148     109.7543 
4     35.000      0.785    125.000     16.266    105.000     10.937    115.000     13.572     428.5732 
4     35.000      0.785    125.000     16.266     45.000      1.469     55.000      3.310     127.7404 
4     40.000      0.815    130.000     17.736    110.000     12.536    120.000     14.792     434.7720 
4     40.000      0.815    130.000     17.736     50.000      2.148     60.000      4.360     110.7395 
4     45.000      1.469    135.000     19.201    115.000     13.572    125.000     16.266     465.8653 
4     45.000      1.469    135.000     19.201     55.000      3.310     65.000      4.354     150.5796 
4     50.000      2.148    140.000     20.415     60.000      4.360     70.000      4.368     419.1580 
4     50.000      2.148    140.000     20.415    120.000     14.792    130.000     17.736     496.4637 
4     55.000      3.310    145.000     21.469     65.000      4.354     75.000      4.528    1060.8021 
4     55.000      3.310    145.000     21.469    125.000     16.266    135.000     19.201     520.2299 
4     60.000      4.360    150.000     21.833    130.000     17.736    140.000     20.415     527.8191 
4     60.000      4.360    150.000     21.833     70.000      4.368     80.000      4.760     730.4689 
4     65.000      4.354    155.000     21.838    135.000     19.201    145.000     21.469     566.6388 
4     65.000      4.354    155.000     21.838     75.000      4.528     85.000      5.567     338.5351 
4     70.000      4.368    160.000     22.138     80.000      4.760     90.000      6.424     314.0336 
4     70.000      4.368    160.000     22.138    140.000     20.415    150.000     21.833     585.1599 
4     75.000      4.528    165.000     22.600    145.000     21.469    155.000     21.838     534.3066 
4     75.000      4.528    165.000     22.600     85.000      5.567     95.000      7.662     386.2398 
4     80.000      4.760    170.000     23.281    150.000     21.833    160.000     22.138     466.5230 
4     80.000      4.760    170.000     23.281     90.000      6.424    100.000      9.043     394.5667 
4     85.000      5.567    175.000     24.058    155.000     21.838    165.000     22.600     688.2908 
4     85.000      5.567    175.000     24.058     95.000      7.662    105.000     10.937     406.9376 
4     90.000      6.424    180.000     25.550    100.000      9.043    110.000     12.536     408.3414 
4     90.000      6.424    180.000     25.550    160.000     22.138    170.000     23.281     914.6182 
4     95.000      7.662    185.000     27.328    105.000     10.937    115.000     13.572     404.6396 
4     95.000      7.662    185.000     27.328    165.000     22.600    175.000     24.058     690.2479 
4    100.000      9.043    190.000     29.215    170.000     23.281    180.000     25.550     698.9048 
4    100.000      9.043    190.000     29.215    110.000     12.536    120.000     14.792     475.7926 
4    105.000     10.937    195.000     31.125    115.000     13.572    125.000     16.266     509.1476 
4    105.000     10.937    195.000     31.125    175.000     24.058    185.000     27.328     762.7234 
4    110.000     12.536    200.000     31.885    180.000     25.550    190.000     29.215     693.2338 
4    110.000     12.536    200.000     31.885    120.000     14.792    130.000     17.736     474.7807 
4    115.000     13.572    205.000     32.572    125.000     16.266    135.000     19.201     424.9248 
4    115.000     13.572    205.000     32.572    185.000     27.328    195.000     31.125     569.7460 
4    120.000     14.792    210.000     33.911    130.000     17.736    140.000     20.415     416.0665 
4    120.000     14.792    210.000     33.911    190.000     29.215    200.000     31.885     542.3605 
4    125.000     16.266    215.000     35.183    135.000     19.201    145.000     21.469     429.2199 
4    125.000     16.266    215.000     35.183    195.000     31.125    205.000     32.572     546.5829 
4    130.000     17.736    220.000     35.384    140.000     20.415    150.000     21.833     452.2533 
4    130.000     17.736    220.000     35.384    200.000     31.885    210.000     33.911     596.2944 
4    135.000     19.201    225.000     35.627    145.000     21.469    155.000     21.838     477.1867 
4    135.000     19.201    225.000     35.627    205.000     32.572    215.000     35.183     648.2906 
4    140.000     20.415    230.000     36.353    210.000     33.911    220.000     35.384     694.4908 
4    140.000     20.415    230.000     36.353    150.000     21.833    160.000     22.138     486.9562 
4    145.000     21.469    235.000     37.231    155.000     21.838    165.000     22.600     568.4564 
4    145.000     21.469    235.000     37.231    215.000     35.183    225.000     35.627     649.8922 
4    150.000     21.833    240.000     39.328    220.000     35.384    230.000     36.353     614.3605 
4    150.000     21.833    240.000     39.328    160.000     22.138    170.000     23.281     649.8594 
4    155.000     21.838    245.000     41.421    165.000     22.600    175.000     24.058     640.4659 
4    155.000     21.838    245.000     41.421    225.000     35.627    235.000     37.231     679.9481 
4    160.000     22.138    250.000     43.501    230.000     36.353    240.000     39.328     915.0405 
4    160.000     22.138    250.000     43.501    170.000     23.281    180.000     25.550     580.4693 
4    165.000     22.600    255.000     45.428    175.000     24.058    185.000     27.328     785.2921 
4    165.000     22.600    255.000     45.428    235.000     37.231    245.000     41.421    1060.5836 
4    170.000     23.281    260.000     47.175    180.000     25.550    190.000     29.215     896.1044 
4    170.000     23.281    260.000     47.175    240.000     39.328    250.000     43.501     934.8185 
4    175.000     24.058    265.000     48.995    185.000     27.328    195.000     31.125     570.8356 
4    175.000     24.058    265.000     48.995    245.000     41.421    255.000     45.428     808.4468 
4    180.000     25.550    270.000     50.869    250.000     43.501    260.000     47.175     713.8611 
4    180.000     25.550    270.000     50.869    190.000     29.215    200.000     31.885     558.5740 
4    185.000     27.328    275.000     52.310    195.000     31.125    205.000     32.572     626.3637 
4    185.000     27.328    275.000     52.310    255.000     45.428    265.000     48.995     787.9383 
4    190.000     29.215    280.000     53.556    200.000     31.885    210.000     33.911     639.9431 
4    190.000     29.215    280.000     53.556    260.000     47.175    270.000     50.869     902.8322 
4    195.000     31.125    285.000     54.403    265.000     48.995    275.000     52.310     901.0862 
4    195.000     31.125    285.000     54.403    205.000     32.572    215.000     35.183     614.6371 
4    200.000     31.885    290.000     55.152    270.000     50.869    280.000     53.556     925.8207 
4    200.000     31.885    290.000     55.152    210.000     33.911    220.000     35.384     582.2079 
4    205.000     32.572    295.000     56.221    215.000     35.183    225.000     35.627     564.1758 
4    205.000     32.572    295.000     56.221    275.000     52.310    285.000     54.403    1001.0116 
4    210.000     33.911    300.000     57.362    280.000     53.556    290.000     55.152    1110.7587 
4    210.000     33.911    300.000     57.362    220.000     35.384    230.000     36.353     590.2922 
4    215.000     35.183    305.000     58.357    285.000     54.403    295.000     56.221    1232.4131 
4    215.000     35.183    305.000     58.357    225.000     35.627    235.000     37.231     673.8573 
4    220.000     35.384    310.000     59.333    290.000     55.152    300.000     57.362    1259.5499 
4    220.000     35.384    310.000     59.333    230.000     36.353    240.000     39.328     801.5055 
4    225.000     35.627    315.000     61.665    235.000     37.231    245.000     41.421     836.4123 
4    225.000     35.627    315.000     61.665    295.000     56.221    305.000     58.357    1334.6971 
4    230.000     36.353    320.000     64.075    300.000     57.362    310.000     59.333    1834.7959 
4    230.000     36.353    320.000     64.075    240.000     39.328    250.000     43.501     746.5125 
4    235.000     37.231    325.000     66.659    245.000     41.421    255.000     45.428     652.2605 
4    235.000     37.231    325.000     66.659    305.000     58.357    315.000     61.665    2436.4543 
4    240.000     39.328    330.000     69.296    250.000     43.501    260.000     47.175     752.1022 
4    240.000     39.328    330.000     69.296    310.000     59.333    320.000     64.075    3371.1855 
4    245.000     41.421    335.000     72.010    315.000     61.665    325.000     66.659    4459.1899 
4    245.000     41.421    335.000     72.010    255.000     45.428    265.000     48.995     842.4703 
4    250.000     43.501    340.000     74.468    320.000     64.075    330.000     69.296    4576.9644 
4    250.000     43.501    340.000     74.468    260.000     47.175    270.000     50.869     836.3820 
4    255.000     45.428    345.000     75.030    325.000     66.659    335.000     72.010    4619.4565 
4    255.000     45.428    345.000     75.030    265.000     48.995    275.000     52.310     760.1864 
4    260.000     47.175    350.000     75.030    270.000     50.869    280.000     53.556     648.2651 
4    260.000     47.175    350.000     75.030    330.000     69.296    340.000     74.468    4316.5430 
4    265.000     48.995    355.000     75.030    275.000     52.310    285.000     54.403     720.1364 
4    265.000     48.995    355.000     75.030    335.000     72.010    345.000     75.030    4568.2246 
4     25.000      0.660     30.000      0.760      0.000      0.000      5.000     -0.044     102.0515 
4     30.000      0.760     35.000      0.785      5.000     -0.044     10.000     -0.089      99.7142 
4     35.000      0.785     40.000      0.815     10.000     -0.089     15.000      0.230      70.8178 
4     40.000      0.815     45.000      1.469     15.000      0.230     20.000      0.559      84.3141 
4     45.000      1.469     50.000      2.148     20.000      0.559     25.000      0.660     100.1477 
4     50.000      2.148     55.000      3.310     25.000      0.660     30.000      0.760     103.0317 
4     55.000      3.310     60.000      4.360     30.000      0.760     35.000      0.785     124.9160 
4     60.000      4.360     65.000      4.354     35.000      0.785     40.000      0.815      95.4165 
4     65.000      4.354     70.000      4.368     40.000      0.815     45.000      1.469     175.4705 
4     70.000      4.368     75.000      4.528     45.000      1.469     50.000      2.148     290.4716 
4     75.000      4.528     80.000      4.760     50.000      2.148     55.000      3.310     294.1473 
4     80.000      4.760     85.000      5.567     55.000      3.310     60.000      4.360     245.1385 
4     85.000      5.567     90.000      6.424     60.000      4.360     65.000      4.354     288.4736 
4     90.000      6.424     95.000      7.662     65.000      4.354     70.000      4.368     322.2332 
4     95.000      7.662    100.000      9.043     70.000      4.368     75.000      4.528     437.3851 
4    100.000      9.043    105.000     10.937     75.000      4.528     80.000      4.760     365.8322 
4    105.000     10.937    110.000     12.536     80.000      4.760     85.000      5.567     298.8032 
4    110.000     12.536    115.000     13.572     85.000      5.567     90.000      6.424     446.2255 
4    115.000     13.572    120.000     14.792     90.000      6.424     95.000      7.662     484.9237 
4    120.000     14.792    125.000     16.266     95.000      7.662    100.000      9.043     575.8728 
4    125.000     16.266    130.000     17.736    100.000      9.043    105.000     10.937     471.7101 
4    130.000     17.736    135.000     19.201    105.000     10.937    110.000     12.536     403.0601 
4    135.000     19.201    140.000     20.415    110.000     12.536    115.000     13.572     395.0490 
4    140.000     20.415    145.000     21.469    115.000     13.572    120.000     14.792     412.2398 
4    145.000     21.469    150.000     21.833    120.000     14.792    125.000     16.266     452.3893 
4    150.000     21.833    155.000     21.838    125.000     16.266    130.000     17.736     474.4622 
4    155.000     21.838    160.000     22.138    130.000     17.736    135.000     19.201     522.5097 
4    160.000     22.138    165.000     22.600    135.000     19.201    140.000     20.415     625.7864 
4    165.000     22.600    170.000     23.281    140.000     20.415    145.000     21.469     677.7735 
4    170.000     23.281    175.000     24.058    145.000     21.469    150.000     21.833     582.7905 
4    175.000     24.058    180.000     25.550    150.000     21.833    155.000     21.838     508.1086 
4    180.000     25.550    185.000     27.328    155.000     21.838    160.000     22.138     497.0062 
4    185.000     27.328    190.000     29.215    160.000     22.138    165.000     22.600     450.1086 
4    190.000     29.215    195.000     31.125    165.000     22.600    170.000     23.281     528.9562 
4    195.000     31.125    200.000     31.885    170.000     23.281    175.000     24.058     662.6750 
4    200.000     31.885    205.000     32.572    175.000     24.058    180.000     25.550     756.0557 
4    205.000     32.572    210.000     33.911    180.000     25.550    185.000     27.328     858.1449 
4    210.000     33.911    215.000     35.183    185.000     27.328    190.000     29.215     609.8585 
4    215.000     35.183    220.000     35.384    190.000     29.215    195.000     31.125     525.2241 
4    220.000     35.384    225.000     35.627    195.000     31.125    200.000     31.885     523.0752 
4    225.000     35.627    230.000     36.353    200.000     31.885    205.000     32.572     567.7109 
4    230.000     36.353    235.000     37.231    205.000     32.572    210.000     33.911     713.2484 
4    235.000     37.231    240.000     39.328    210.000     33.911    215.000     35.183     811.6241 
4    240.000     39.328    245.000     41.421    215.000     35.183    220.000     35.384     818.2216 
4    245.000     41.421    250.000     43.501    220.000     35.384    225.000     35.627     476.8749 
4    250.000     43.501    255.000     45.428    225.000     35.627    230.000     36.353     465.5086 
4    255.000     45.428    260.000     47.175    230.000     36.353    235.000     37.231     682.2785 
4    260.000     47.175    265.000     48.995    235.000     37.231    240.000     39.328     994.4837 
4    265.000     48.995    270.000     50.869    240.000     39.328    245.000     41.421    1057.5354 
4    270.000     50.869    275.000     52.310    245.000     41.421    250.000     43.501     606.6353 
4    275.000     52.310    280.000     53.556    250.000     43.501    255.000     45.428     685.5583 
4    280.000     53.556    285.000     54.403    255.000     45.428    260.000     47.175     596.0418 
4    285.000     54.403    290.000     55.152    260.000     47.175    265.000     48.995     755.6787 
4    290.000     55.152    295.000     56.221    265.000     48.995    270.000     50.869     827.3636 
4    295.000     56.221    300.000     57.362    270.000     50.869    275.000     52.310     701.5051 
4    300.000     57.362    305.000     58.357    275.000     52.310    280.000     53.556     932.7703 
4    305.000     58.357    310.000     59.333    280.000     53.556    285.000     54.403    1074.3682 
4    310.000     59.333    315.000     61.665    285.000     54.403    290.000     55.152    1281.6002 
4    315.000     61.665    320.000     64.075    290.000     55.152    295.000     56.221    1020.7600 
4    320.000     64.075    325.000     66.659    295.000     56.221    300.000     57.362    1334.5862 
4    325.000     66.659    330.000     69.296    300.000     57.362    305.000     58.357    1309.4033 
4    330.000     69.296    335.000     72.010    305.000     58.357    310.000     59.333    2557.7905 
4    335.000     72.010    340.000     74.468    310.000     59.333    315.000     61.665    3468.5444 
4    340.000     74.468    345.000     75.030    315.000     61.665    320.000     64.075    4455.9028 
4    345.000     75.030    350.000     75.030    320.000     64.075    325.000     66.659    5502.7510 
4    350.000     75.030    355.000     75.030    325.000     66.659    330.000     69.296    3123.2017 
4     30.000      0.760     40.000      0.815      0.000      0.000     10.000     -0.089      87.2207 
4     40.000      0.815     50.000      2.148     10.000     -0.089     20.000      0.559      90.7945 
4     50.000      2.148     60.000      4.360     20.000      0.559     30.000      0.760     101.9384 
4     60.000      4.360     70.000      4.368     30.000      0.760     40.000      0.815     123.0574 
4     70.000      4.368     80.000      4.760     40.000      0.815     50.000      2.148     219.6501 
4     80.000      4.760     90.000      6.424     50.000      2.148     60.000      4.360     234.1643 
4     90.000      6.424    100.000      9.043     60.000      4.360     70.000      4.368     299.4893 
4    100.000      9.043    110.000     12.536     70.000      4.368     80.000      4.760     355.2689 
4    110.000     12.536    120.000     14.792     80.000      4.760     90.000      6.424     405.7857 
4    120.000     14.792    130.000     17.736     90.000      6.424    100.000      9.043     525.8423 
4    130.000     17.736    140.000     20.415    100.000      9.043    110.000     12.536     425.3666 
4    140.000     20.415    150.000     21.833    110.000     12.536    120.000     14.792     414.4339 
4    150.000     21.833    160.000     22.138    120.000     14.792    130.000     17.736     484.4637 
4    160.000     22.138    170.000     23.281    130.000     17.736    140.000     20.415     664.6580 
4    170.000     23.281    180.000     25.550    140.000     20.415    150.000     21.833     599.5893 
4    180.000     25.550    190.000     29.215    150.000     21.833    160.000     22.138     430.7350 
4    190.000     29.215    200.000     31.885    160.000     22.138    170.000     23.281     500.5839 
4    200.000     31.885    210.000     33.911    170.000     23.281    180.000     25.550     786.5468 
4    210.000     33.911    220.000     35.384    180.000     25.550    190.000     29.215     730.5710 
4    220.000     35.384    230.000     36.353    190.000     29.215    200.000     31.885     558.9949 
4    230.000     36.353    240.000     39.328    200.000     31.885    210.000     33.911     766.7698 
4    240.000     39.328    250.000     43.501    210.000     33.911    220.000     35.384     734.6727 
4    250.000     43.501    260.000     47.175    220.000     35.384    230.000     36.353     478.9295 
4    260.000     47.175    270.000     50.869    230.000     36.353    240.000     39.328     935.5186 
4    270.000     50.869    280.000     53.556    240.000     39.328    250.000     43.501     791.5758 
4    280.000     53.556    290.000     55.152    250.000     43.501    260.000     47.175     691.8391 
4    290.000     55.152    300.000     57.362    260.000     47.175    270.000     50.869     850.0546 
4    300.000     57.362    310.000     59.333    270.000     50.869    280.000     53.556    1015.8403 
4    310.000     59.333    320.000     64.075    280.000     53.556    290.000     55.152    1249.1600 
4    320.000     64.075    330.000     69.296    290.000     55.152    300.000     57.362    1421.3168 
4    330.000     69.296    340.000     74.468    300.000     57.362    310.000     59.333    2560.4937 
4    340.000     74.468    350.000     75.030    310.000     59.333    320.000     64.075    4139.6338 
4     30.000      0.760     35.000      0.785      0.000      0.000      5.000     -0.044     103.3144 
4     35.000      0.785     40.000      0.815      5.000     -0.044     10.000     -0.089      60.9265 
4     40.000      0.815     45.000      1.469     10.000     -0.089     15.000      0.230      82.7967 
4     45.000      1.469     50.000      2.148     15.000      0.230     20.000      0.559      99.9168 
4     50.000      2.148     55.000      3.310     20.000      0.559     25.000      0.660      99.6199 
4     55.000      3.310     60.000      4.360     25.000      0.660     30.000      0.760     106.6461 
4     60.000      4.360     65.000      4.354     30.000      0.760     35.000      0.785     144.3829 
4     65.000      4.354     70.000      4.368     35.000      0.785     40.000      0.815     113.6393 
4     70.000      4.368     75.000      4.528     40.000      0.815     45.000      1.469     176.9738 
4     75.000      4.528     80.000      4.760     45.000      1.469     50.000      2.148     175.7533 
4     80.000      4.760     85.000      5.567     50.000      2.148     55.000      3.310     208.5091 
4     85.000      5.567     90.000      6.424     55.000      3.310     60.000      4.360     246.2459 
4     90.000      6.424     95.000      7.662     60.000      4.360     65.000      4.354     250.6331 
4     95.000      7.662    100.000      9.043     65.000      4.354     70.000      4.368     334.7493 
4    100.000      9.043    105.000     10.937     70.000      4.368     75.000      4.528     389.4413 
4    105.000     10.937    110.000     12.536     75.000      4.528     80.000      4.760     314.4294 
4    110.000     12.536    115.000     13.572     80.000      4.760     85.000      5.567     325.7769 
4    115.000     13.572    120.000     14.792     85.000      5.567     90.000      6.424     456.9321 
4    120.000     14.792    125.000     16.266     90.000      6.424     95.000      7.662     506.6101 
4    125.000     16.266    130.000     17.736     95.000      7.662    100.000      9.043     503.9711 
4    130.000     17.736    135.000     19.201    100.000      9.043    105.000     10.937     485.3666 
4    135.000     19.201    140.000     20.415    105.000     10.937    110.000     12.536     382.1512 
4    140.000     20.415    145.000     21.469    110.000     12.536    115.000     13.572     417.2161 
4    145.000     21.469    150.000     21.833    115.000     13.572    120.000     14.792     408.3097 
4    150.000     21.833    155.000     21.838    120.000     14.792    125.000     16.266     486.8181 
4    155.000     21.838    160.000     22.138    125.000     16.266    130.000     17.736     490.3147 
4    160.000     22.138    165.000     22.600    130.000     17.736    135.000     19.201     686.4537 
4    165.000     22.600    170.000     23.281    135.000     19.201    140.000     20.415     662.8682 
4    170.000     23.281    175.000     24.058    140.000     20.415    145.000     21.469     661.7796 
4    175.000     24.058    180.000     25.550    145.000     21.469    150.000     21.833     545.7983 
4    180.000     25.550    185.000     27.328    150.000     21.833    155.000     21.838     553.1544 
4    185.000     27.328    190.000     29.215    155.000     21.838    160.000     22.138     272.4703 
4    190.000     29.215    195.000     31.125    160.000     22.138    165.000     22.600     417.5789 
4    195.000     31.125    200.000     31.885    165.000     22.600    170.000     23.281     563.2153 
4    200.000     31.885    205.000     32.572    170.000     23.281    175.000     24.058     762.8510 
4    205.000     32.572    210.000     33.911    175.000     24.058    180.000     25.550     837.0051 
4    210.000     33.911    215.000     35.183    180.000     25.550    185.000     27.328     906.7390 
4    215.000     35.183    220.000     35.384    185.000     27.328    190.000     29.215     637.7323 
4    220.000     35.384    225.000     35.627    190.000     29.215    195.000     31.125     555.6943 
4    225.000     35.627    230.000     36.353    195.000     31.125    200.000     31.885     590.2314 
4    230.000     36.353    235.000     37.231    200.000     31.885    205.000     32.572     701.7596 
4    235.000     37.231    240.000     39.328    205.000     32.572    210.000     33.911     848.0557 
4    240.000     39.328    245.000     41.421    210.000     33.911    215.000     35.183     873.2905 
4    245.000     41.421    250.000     43.501    215.000     35.183    220.000     35.384     551.5380 
4    250.000     43.501    255.000     45.428    220.000     35.384    225.000     35.627     457.8887 
4    255.000     45.428    260.000     47.175    225.000     35.627    230.000     36.353     514.2960 
4    260.000     47.175    265.000     48.995    230.000     36.353    235.000     37.231     730.8538 
4    265.000     48.995    270.000     50.869    235.000     37.231    240.000     39.328    1112.8401 
4    270.000     50.869    275.000     52.310    240.000     39.328    245.000     41.421     900.7025 
4    275.000     52.310    280.000     53.556    245.000     41.421    250.000     43.501     781.3235 
4    280.000     53.556    285.000     54.403    250.000     43.501    255.000     45.428     694.5684 
4    285.000     54.403    290.000     55.152    255.000     45.428    260.000     47.175     754.1425 
4    290.000     55.152    295.000     56.221    260.000     47.175    265.000     48.995     781.9173 
4    295.000     56.221    300.000     57.362    265.000     48.995    270.000     50.869     937.6476 
4    300.000     57.362    305.000     58.357    270.000     50.869    275.000     52.310     850.5956 
4    305.000     58.357    310.000     59.333    275.000     52.310    280.000     53.556    1248.9103 
4    310.000     59.333    315.000     61.665    280.000     53.556    285.000     54.403    1277.0480 
4    315.000     61.665    320.000     64.075    285.000     54.403    290.000     55.152    1192.3051 
4    320.000     64.075    325.000     66.659    290.000     55.152    295.000     56.221    1510.7919 
4    325.000     66.659    330.000     69.296    295.000     56.221    300.000     57.362    1421.6617 
4    330.000     69.296    335.000     72.010    300.000     57.362    305.000     58.357    2240.7551 
4    335.000     72.010    340.000     74.468    305.000     58.357    310.000     59.333    3047.0166 
4    340.000     74.468    345.000     75.030    310.000     59.333    315.000     61.665    3827.4824 
4    345.000     75.030    350.000     75.030    315.000     61.665    320.000     64.075    4254.1328 
4    350.000     75.030    355.000     75.030    320.000     64.075    325.000     66.659    3781.1030 
4      0.000      0.000     45.000      1.469     25.000      0.660     30.000      0.760     121.5365 
4      0.000      0.000     45.000      1.469     15.000      0.230     20.000      0.559     175.4167 
4      5.000     -0.044     50.000      2.148     20.000      0.559     25.000      0.660     143.7844 
4      5.000     -0.044     50.000      2.148     30.000      0.760     35.000      0.785     147.4170 
4     10.000     -0.089     55.000      3.310     35.000      0.785     40.000      0.815      99.9403 
4     10.000     -0.089     55.000      3.310     25.000      0.660     30.000      0.760     125.6942 
4     15.000      0.230     60.000      4.360     30.000      0.760     35.000      0.785     145.9844 
4     15.000      0.230     60.000      4.360     40.000      0.815     45.000      1.469     158.6325 
4     20.000      0.559     65.000      4.354     35.000      0.785     40.000      0.815      96.1704 
4     20.000      0.559     65.000      4.354     45.000      1.469     50.000      2.148     281.9948 
4     25.000      0.660     70.000      4.368     40.000      0.815     45.000      1.469     119.3985 
4     25.000      0.660     70.000      4.368     50.000      2.148     55.000      3.310     396.4089 
4     30.000      0.760     75.000      4.528     45.000      1.469     50.000      2.148     136.4519 
4     30.000      0.760     75.000      4.528     55.000      3.310     60.000      4.360     250.6021 
4     35.000      0.785     80.000      4.760     60.000      4.360     65.000      4.354     241.1693 
4     35.000      0.785     80.000      4.760     50.000      2.148     55.000      3.310     151.0684 
4     40.000      0.815     85.000      5.567     55.000      3.310     60.000      4.360     148.7526 
4     40.000      0.815     85.000      5.567     65.000      4.354     70.000      4.368     301.0247 
4     45.000      1.469     90.000      6.424     70.000      4.368     75.000      4.528     374.0560 
4     45.000      1.469     90.000      6.424     60.000      4.360     65.000      4.354     185.4850 
4     50.000      2.148     95.000      7.662     65.000      4.354     70.000      4.368     326.1350 
4     50.000      2.148     95.000      7.662     75.000      4.528     80.000      4.760     346.2179 
4     55.000      3.310    100.000      9.043     70.000      4.368     75.000      4.528     453.1110 
4     55.000      3.310    100.000      9.043     80.000      4.760     85.000      5.567     291.7211 
4     60.000      4.360    105.000     10.937     85.000      5.567     90.000      6.424     391.7961 
4     65.000      4.354    110.000     12.536     80.000      4.760     85.000      5.567     267.1709 
4     65.000      4.354    110.000     12.536     90.000      6.424     95.000      7.662     405.4432 
4     70.000      4.368    115.000     13.572     95.000      7.662    100.000      9.043     486.1166 
4     70.000      4.368    115.000     13.572     85.000      5.567     90.000      6.424     359.1056 
4     75.000      4.528    120.000     14.792    100.000      9.043    105.000     10.937     470.4041 
4     75.000      4.528    120.000     14.792     90.000      6.424     95.000      7.662     388.4086 
4     80.000      4.760    125.000     16.266    105.000     10.937    110.000     12.536     381.7493 
4     80.000      4.760    125.000     16.266     95.000      7.662    100.000      9.043     431.8218 
4     85.000      5.567    130.000     17.736    110.000     12.536    115.000     13.572     408.1064 
4     85.000      5.567    130.000     17.736    100.000      9.043    105.000     10.937     395.9646 
4     90.000      6.424    135.000     19.201    105.000     10.937    110.000     12.536     370.5688 
4     90.000      6.424    135.000     19.201    115.000     13.572    120.000     14.792     421.5030 
4     95.000      7.662    140.000     20.415    110.000     12.536    115.000     13.572     432.0911 
4     95.000      7.662    140.000     20.415    120.000     14.792    125.000     16.266     485.9577 
4    100.000      9.043    145.000     21.469    125.000     16.266    130.000     17.736     484.3474 
4    100.000      9.043    145.000     21.469    115.000     13.572    120.000     14.792     479.8397 
4    105.000     10.937    150.000     21.833    120.000     14.792    125.000     16.266     527.8118 
4    105.000     10.937    150.000     21.833    130.000     17.736    135.000     19.201     530.7900 
4    110.000     12.536    155.000     21.838    125.000     16.266    130.000     17.736     468.8396 
4    110.000     12.536    155.000     21.838    135.000     19.201    140.000     20.415     510.0259 
4    115.000     13.572    160.000     22.138    140.000     20.415    145.000     21.469     560.8281 
4    115.000     13.572    160.000     22.138    130.000     17.736    135.000     19.201     489.2025 
4    120.000     14.792    165.000     22.600    145.000     21.469    150.000     21.833     506.5414 
4    120.000     14.792    165.000     22.600    135.000     19.201    140.000     20.415     448.3178 
4    125.000     16.266    170.000     23.281    140.000     20.415    145.000     21.469     469.4805 
4    125.000     16.266    170.000     23.281    150.000     21.833    155.000     21.838     476.0779 
4    130.000     17.736    175.000     24.058    155.000     21.838    160.000     22.138     425.0790 
4    130.000     17.736    175.000     24.058    145.000     21.469    150.000     21.833     439.5690 
4    135.000     19.201    180.000     25.550    150.000     21.833    155.000     21.838     453.4719 
4    135.000     19.201    180.000     25.550    160.000     22.138    165.000     22.600     667.1450 
4    140.000     20.415    185.000     27.328    165.000     22.600    170.000     23.281     645.5139 
4    140.000     20.415    185.000     27.328    155.000     21.838    160.000     22.138     439.8140 
4    145.000     21.469    190.000     29.215    160.000     22.138    165.000     22.600     613.3780 
4    145.000     21.469    190.000     29.215    170.000     23.281    175.000     24.058     723.0609 
4    150.000     21.833    195.000     31.125    175.000     24.058    180.000     25.550     745.1337 
4    150.000     21.833    195.000     31.125    165.000     22.600    170.000     23.281     675.8400 
4    155.000     21.838    200.000     31.885    170.000     23.281    175.000     24.058     690.2869 
4    155.000     21.838    200.000     31.885    180.000     25.550    185.000     27.328     818.3777 
4    160.000     22.138    205.000     32.572    185.000     27.328    190.000     29.215     566.3376 
4    160.000     22.138    205.000     32.572    175.000     24.058    180.000     25.550     659.5891 
4    165.000     22.600    210.000     33.911    190.000     29.215    195.000     31.125     502.9304 
4    165.000     22.600    210.000     33.911    180.000     25.550    185.000     27.328     810.3532 
4    170.000     23.281    215.000     35.183    195.000     31.125    200.000     31.885     525.3694 
4    170.000     23.281    215.000     35.183    185.000     27.328    190.000     29.215     531.2505 
4    175.000     24.058    220.000     35.384    200.000     31.885    205.000     32.572     577.2327 
4    175.000     24.058    220.000     35.384    190.000     29.215    195.000     31.125     530.8385 
4    180.000     25.550    225.000     35.627    205.000     32.572    210.000     33.911     664.6757 
4    180.000     25.550    225.000     35.627    195.000     31.125    200.000     31.885     593.4352 
4    185.000     27.328    230.000     36.353    200.000     31.885    205.000     32.572     693.5425 
4    185.000     27.328    230.000     36.353    210.000     33.911    215.000     35.183     722.1373 
4    190.000     29.215    235.000     37.231    205.000     32.572    210.000     33.911     700.2610 
4    190.000     29.215    235.000     37.231    215.000     35.183    220.000     35.384     720.3304 
4    195.000     31.125    240.000     39.328    210.000     33.911    215.000     35.183     649.2460 
4    195.000     31.125    240.000     39.328    220.000     35.384    225.000     35.627     631.4601 
4    200.000     31.885    245.000     41.421    215.000     35.183    220.000     35.384     603.1777 
4    200.000     31.885    245.000     41.421    225.000     35.627    230.000     36.353     599.3862 
4    205.000     32.572    250.000     43.501    220.000     35.384    225.000     35.627     586.0462 
4    205.000     32.572    250.000     43.501    230.000     36.353    235.000     37.231     792.9174 
4    210.000     33.911    255.000     45.428    235.000     37.231    240.000     39.328    1093.1423 
4    210.000     33.911    255.000     45.428    225.000     35.627    230.000     36.353     637.7666 
4    215.000     35.183    260.000     47.175    240.000     39.328    245.000     41.421    1129.7454 
4    215.000     35.183    260.000     47.175    230.000     36.353    235.000     37.231     807.2995 
4    220.000     35.384    265.000     48.995    245.000     41.421    250.000     43.501     819.0078 
4    220.000     35.384    265.000     48.995    235.000     37.231    240.000     39.328    1018.0995 
4    225.000     35.627    270.000     50.869    240.000     39.328    245.000     41.421    1026.1698 
4    225.000     35.627    270.000     50.869    250.000     43.501    255.000     45.428     752.6547 
4    230.000     36.353    275.000     52.310    255.000     45.428    260.000     47.175     759.2682 
4    230.000     36.353    275.000     52.310    245.000     41.421    250.000     43.501     724.5634 
4    235.000     37.231    280.000     53.556    260.000     47.175    265.000     48.995     823.6636 
4    235.000     37.231    280.000     53.556    250.000     43.501    255.000     45.428     731.9714 
4    240.000     39.328    285.000     54.403    255.000     45.428    260.000     47.175     860.0918 
4    240.000     39.328    285.000     54.403    265.000     48.995    270.000     50.869    1027.9417 
4    245.000     41.421    290.000     55.152    260.000     47.175    265.000     48.995     959.5743 
4    245.000     41.421    290.000     55.152    270.000     50.869    275.000     52.310     876.8598 
4    250.000     43.501    295.000     56.221    275.000     52.310    280.000     53.556    1082.4169 
4    250.000     43.501    295.000     56.221    265.000     48.995    270.000     50.869    1044.2869 
4    255.000     45.428    300.000     57.362    270.000     50.869    275.000     52.310     837.9435 
4    255.000     45.428    300.000     57.362    280.000     53.556    285.000     54.403    1087.1104 
4    260.000     47.175    305.000     58.357    285.000     54.403    290.000     55.152    1267.2906 
4    260.000     47.175    305.000     58.357    275.000     52.310    280.000     53.556     999.2930 
4    265.000     48.995    310.000     59.333    290.000     55.152    295.000     56.221    1267.1453 
4    265.000     48.995    310.000     59.333    280.000     53.556    285.000     54.403     976.3801 
4    270.000     50.869    315.000     61.665    285.000     54.403    290.000     55.152    1132.1475 
4    270.000     50.869    315.000     61.665    295.000     56.221    300.000     57.362    1301.3276 
4    275.000     52.310    320.000     64.075    300.000     57.362    305.000     58.357    1487.3807 
4    275.000     52.310    320.000     64.075    290.000     55.152    295.000     56.221    1098.5144 
4    280.000     53.556    325.000     66.659    295.000     56.221    300.000     57.362    1154.5569 
4    280.000     53.556    325.000     66.659    305.000     58.357    310.000     59.333    2056.6509 
4    285.000     54.403    330.000     69.296    300.000     57.362    305.000     58.357    1307.2140 
4    285.000     54.403    330.000     69.296    310.000     59.333    315.000     61.665    2785.0461 
4    290.000     55.152    335.000     72.010    315.000     61.665    320.000     64.075    3279.9358 
4    290.000     55.152    335.000     72.010    305.000     58.357    310.000     59.333    1691.2468 
4    295.000     56.221    340.000     74.468    320.000     64.075    325.000     66.659    4446.7100 
4    295.000     56.221    340.000     74.468    310.000     59.333    315.000     61.665    1963.4290 
4    300.000     57.362    345.000     75.030    315.000     61.665    320.000     64.075    1990.3730 
4    300.000     57.362    345.000     75.030    325.000     66.659    330.000     69.296    3721.4138 
4    305.000     58.357    350.000     75.030    330.000     69.296    335.000     72.010    4247.8979 
4    305.000     58.357    350.000     75.030    320.000     64.075    325.000     66.659    2694.5359 
4    310.000     59.333    355.000     75.030    325.000     66.659    330.000     69.296    2658.6086 
4    310.000     59.333    355.000     75.030    335.000     72.010    340.000     74.468    4384.5977 
4     40.000      0.815     60.000      4.360      0.000      0.000     20.000      0.559      93.4938 
4     50.000      2.148     70.000      4.368     10.000     -0.089     30.000      0.760     109.0183 
4     60.000      4.360     80.000      4.760     20.000      0.559     40.000      0.815     135.7960 
4     70.000      4.368     90.000      6.424     30.000      0.760     50.000      2.148     190.2071 
4     80.000      4.760    100.000      9.043     40.000      0.815     60.000      4.360     211.6692 
4     90.000      6.424    110.000     12.536     50.000      2.148     70.000      4.368     265.6355 
4    100.000      9.043    120.000     14.792     60.000      4.360     80.000      4.760     329.8220 
4    110.000     12.536    130.000     17.736     70.000      4.368     90.000      6.424     402.2797 
4    120.000     14.792    140.000     20.415     80.000      4.760    100.000      9.043     488.6710 
4    130.000     17.736    150.000     21.833     90.000      6.424    110.000     12.536     447.5073 
4    140.000     20.415    160.000     22.138    100.000      9.043    120.000     14.792     430.8028 
4    150.000     21.833    170.000     23.281    110.000     12.536    130.000     17.736     542.1396 
4    160.000     22.138    180.000     25.550    120.000     14.792    140.000     20.415     684.7064 
4    170.000     23.281    190.000     29.215    130.000     17.736    150.000     21.833     596.3736 
4    180.000     25.550    200.000     31.885    140.000     20.415    160.000     22.138     402.3853 
4    190.000     29.215    210.000     33.911    150.000     21.833    170.000     23.281     457.1470 
4    200.000     31.885    220.000     35.384    160.000     22.138    180.000     25.550     748.4291 
4    210.000     33.911    230.000     36.353    170.000     23.281    190.000     29.215     785.8342 
4    220.000     35.384    240.000     39.328    180.000     25.550    200.000     31.885     709.3691 
4    230.000     36.353    250.000     43.501    190.000     29.215    210.000     33.911     771.1995 
4    240.000     39.328    260.000     47.175    200.000     31.885    220.000     35.384     679.5114 
4    250.000     43.501    270.000     50.869    210.000     33.911    230.000     36.353     518.4985 
4    260.000     47.175    280.000     53.556    220.000     35.384    240.000     39.328     819.5447 
4    270.000     50.869    290.000     55.152    230.000     36.353    250.000     43.501     906.8974 
4    280.000     53.556    300.000     57.362    240.000     39.328    260.000     47.175     866.0994 
4    290.000     55.152    310.000     59.333    250.000     43.501    270.000     50.869     987.8524 
4    300.000     57.362    320.000     64.075    260.000     47.175    280.000     53.556    1198.6697 
4    310.000     59.333    330.000     69.296    270.000     50.869    290.000     55.152    1441.4218 
4    320.000     64.075    340.000     74.468    280.000     53.556    300.000     57.362    1776.2690 
4    330.000     69.296    350.000     75.030    290.000     55.152    310.000     59.333    2521.7124 
4      0.000      0.000     45.000      1.469     20.000      0.559     25.000      0.660     130.1530 
4      5.000     -0.044     50.000      2.148     25.000      0.660     30.000      0.760     129.1634 
4     10.000     -0.089     55.000      3.310     30.000      0.760     35.000      0.785     147.0014 
4     15.000      0.230     60.000      4.360     35.000      0.785     40.000      0.815     101.5834 
4     20.000      0.559     65.000      4.354     40.000      0.815     45.000      1.469     138.4060 
4     25.000      0.660     70.000      4.368     45.000      1.469     50.000      2.148     172.0713 
4     30.000      0.760     75.000      4.528     50.000      2.148     55.000      3.310     184.5026 
4     35.000      0.785     80.000      4.760     55.000      3.310     60.000      4.360     186.4441 
4     40.000      0.815     85.000      5.567     60.000      4.360     65.000      4.354     206.7922 
4     45.000      1.469     90.000      6.424     65.000      4.354     70.000      4.368     257.7426 
4     50.000      2.148     95.000      7.662     70.000      4.368     75.000      4.528     341.5571 
4     55.000      3.310    100.000      9.043     75.000      4.528     80.000      4.760     287.9647 
4     65.000      4.354    110.000     12.536     85.000      5.567     90.000      6.424     352.5684 
4     70.000      4.368    115.000     13.572     90.000      6.424     95.000      7.662     389.0988 
4     75.000      4.528    120.000     14.792     95.000      7.662    100.000      9.043     458.6694 
4     80.000      4.760    125.000     16.266    100.000      9.043    105.000     10.937     424.8187 
4     85.000      5.567    130.000     17.736    105.000     10.937    110.000     12.536     363.3315 
4     90.000      6.424    135.000     19.201    110.000     12.536    115.000     13.572     410.5999 
4     95.000      7.662    140.000     20.415    115.000     13.572    120.000     14.792     442.6473 
4    100.000      9.043    145.000     21.469    120.000     14.792    125.000     16.266     509.3652 
4    105.000     10.937    150.000     21.833    125.000     16.266    130.000     17.736     491.8917 
4    110.000     12.536    155.000     21.838    130.000     17.736    135.000     19.201     522.3275 
4    115.000     13.572    160.000     22.138    135.000     19.201    140.000     20.415     494.5212 
4    120.000     14.792    165.000     22.600    140.000     20.415    145.000     21.469     507.7379 
4    125.000     16.266    170.000     23.281    145.000     21.469    150.000     21.833     463.5703 
4    130.000     17.736    175.000     24.058    150.000     21.833    155.000     21.838     449.5493 
4    135.000     19.201    180.000     25.550    155.000     21.838    160.000     22.138     430.9072 
4    140.000     20.415    185.000     27.328    160.000     22.138    165.000     22.600     572.4610 
4    145.000     21.469    190.000     29.215    165.000     22.600    170.000     23.281     669.8535 
4    150.000     21.833    195.000     31.125    170.000     23.281    175.000     24.058     740.4828 
4    155.000     21.838    200.000     31.885    175.000     24.058    180.000     25.550     736.6972 
4    160.000     22.138    205.000     32.572    180.000     25.550    185.000     27.328     793.4877 
4    165.000     22.600    210.000     33.911    185.000     27.328    190.000     29.215     535.4373 
4    170.000     23.281    215.000     35.183    190.000     29.215    195.000     31.125     510.5434 
4    175.000     24.058    220.000     35.384    195.000     31.125    200.000     31.885     560.3156 
4    180.000     25.550    225.000     35.627    200.000     31.885    205.000     32.572     651.7516 
4    185.000     27.328    230.000     36.353    205.000     32.572    210.000     33.911     738.0764 
4    190.000     29.215    235.000     37.231    210.000     33.911    215.000     35.183     726.3644 
4    195.000     31.125    240.000     39.328    215.000     35.183    220.000     35.384     682.5173 
4    200.000     31.885    245.000     41.421    220.000     35.384    225.000     35.627     598.2975 
4    205.000     32.572    250.000     43.501    225.000     35.627    230.000     36.353     639.0031 
4    210.000     33.911    255.000     45.428    230.000     36.353    235.000     37.231     839.3990 
4    215.000     35.183    260.000     47.175    235.000     37.231    240.000     39.328    1104.0876 
4    220.000     35.384    265.000     48.995    240.000     39.328    245.000     41.421    1146.0216 
4    225.000     35.627    270.000     50.869    245.000     41.421    250.000     43.501     792.6427 
4    230.000     36.353    275.000     52.310    250.000     43.501    255.000     45.428     777.3117 
4    235.000     37.231    280.000     53.556    255.000     45.428    260.000     47.175     797.1509 
4    240.000     39.328    285.000     54.403    260.000     47.175    265.000     48.995     934.1997 
4    245.000     41.421    290.000     55.152    265.000     48.995    270.000     50.869    1110.6189 
4    250.000     43.501    295.000     56.221    270.000     50.869    275.000     52.310     919.9935 
4    255.000     45.428    300.000     57.362    275.000     52.310    280.000     53.556    1129.3743 
4    260.000     47.175    305.000     58.357    280.000     53.556    285.000     54.403    1111.7029 
4    265.000     48.995    310.000     59.333    285.000     54.403    290.000     55.152    1272.6246 
4    270.000     50.869    315.000     61.665    290.000     55.152    295.000     56.221    1245.3462 
4    275.000     52.310    320.000     64.075    295.000     56.221    300.000     57.362    1331.7997 
4    280.000     53.556    325.000     66.659    300.000     57.362    305.000     58.357    1476.3068 
4    285.000     54.403    330.000     69.296    305.000     58.357    310.000     59.333    2059.7351 
4    290.000     55.152    335.000     72.010    310.000     59.333    315.000     61.665    2498.8511 
4    295.000     56.221    340.000     74.468    315.000     61.665    320.000     64.075    2749.0757 
4    300.000     57.362    345.000     75.030    320.000     64.075    325.000     66.659    3652.7612 
4    305.000     58.357    350.000     75.030    325.000     66.659    330.000     69.296    3114.3518 
4    310.000     59.333    355.000     75.030    330.000     69.296    335.000     72.010    4248.5078 
4     35.000      0.785     40.000      0.815      0.000      0.000      5.000     -0.044      65.9207 
4     40.000      0.815     45.000      1.469      5.000     -0.044     10.000     -0.089      80.8043 
4     45.000      1.469     50.000      2.148     10.000     -0.089     15.000      0.230      99.2241 
4     50.000      2.148     55.000      3.310     15.000      0.230     20.000      0.559      98.4852 
4     55.000      3.310     60.000      4.360     20.000      0.559     25.000      0.660      99.1713 
4     60.000      4.360     65.000      4.354     25.000      0.660     30.000      0.760     118.7522 
4     65.000      4.354     70.000      4.368     30.000      0.760     35.000      0.785     174.5921 
4     70.000      4.368     75.000      4.528     35.000      0.785     40.000      0.815     145.9860 
4     75.000      4.528     80.000      4.760     40.000      0.815     45.000      1.469     158.9696 
4     80.000      4.760     85.000      5.567     45.000      1.469     50.000      2.148     159.3391 
4     85.000      5.567     90.000      6.424     50.000      2.148     55.000      3.310     226.3153 
4     90.000      6.424     95.000      7.662     55.000      3.310     60.000      4.360     220.2458 
4     95.000      7.662    100.000      9.043     60.000      4.360     65.000      4.354     256.7159 
4    100.000      9.043    105.000     10.937     65.000      4.354     70.000      4.368     298.5166 
4    105.000     10.937    110.000     12.536     70.000      4.368     75.000      4.528     333.4562 
4    110.000     12.536    115.000     13.572     75.000      4.528     80.000      4.760     348.6037 
4    115.000     13.572    120.000     14.792     80.000      4.760     85.000      5.567     338.2590 
4    120.000     14.792    125.000     16.266     85.000      5.567     90.000      6.424     490.0508 
4    125.000     16.266    130.000     17.736     90.000      6.424     95.000      7.662     450.0972 
4    130.000     17.736    135.000     19.201     95.000      7.662    100.000      9.043     524.6736 
4    135.000     19.201    140.000     20.415    100.000      9.043    105.000     10.937     458.3307 
4    140.000     20.415    145.000     21.469    105.000     10.937    110.000     12.536     403.1769 
4    145.000     21.469    150.000     21.833    110.000     12.536    115.000     13.572     419.7495 
4    150.000     21.833    155.000     21.838    115.000     13.572    120.000     14.792     439.2776 
4    155.000     21.838    160.000     22.138    120.000     14.792    125.000     16.266     503.2454 
4    160.000     22.138    165.000     22.600    125.000     16.266    130.000     17.736     655.9344 
4    165.000     22.600    170.000     23.281    130.000     17.736    135.000     19.201     742.3333 
4    170.000     23.281    175.000     24.058    135.000     19.201    140.000     20.415     659.8400 
4    175.000     24.058    180.000     25.550    140.000     20.415    145.000     21.469     628.8589 
4    180.000     25.550    185.000     27.328    145.000     21.469    150.000     21.833     582.5192 
4    185.000     27.328    190.000     29.215    150.000     21.833    155.000     21.838     302.9501 
4    190.000     29.215    195.000     31.125    155.000     21.838    160.000     22.138     256.8742 
4    195.000     31.125    200.000     31.885    160.000     22.138    165.000     22.600     450.6778 
4    200.000     31.885    205.000     32.572    165.000     22.600    170.000     23.281     638.7813 
4    205.000     32.572    210.000     33.911    170.000     23.281    175.000     24.058     825.3542 
4    210.000     33.911    215.000     35.183    175.000     24.058    180.000     25.550     862.2993 
4    215.000     35.183    220.000     35.384    180.000     25.550    185.000     27.328     940.7286 
4    220.000     35.384    225.000     35.627    185.000     27.328    190.000     29.215     659.1539 
4    225.000     35.627    230.000     36.353    190.000     29.215    195.000     31.125     616.0864 
4    230.000     36.353    235.000     37.231    195.000     31.125    200.000     31.885     735.7887 
4    235.000     37.231    240.000     39.328    200.000     31.885    205.000     32.572     891.0109 
4    240.000     39.328    245.000     41.421    205.000     32.572    210.000     33.911     900.3528 
4    245.000     41.421    250.000     43.501    210.000     33.911    215.000     35.183     572.5439 
4    250.000     43.501    255.000     45.428    215.000     35.183    220.000     35.384     515.1734 
4    255.000     45.428    260.000     47.175    220.000     35.384    225.000     35.627     493.4286 
4    260.000     47.175    265.000     48.995    225.000     35.627    230.000     36.353     553.4908 
4    265.000     48.995    270.000     50.869    230.000     36.353    235.000     37.231     815.6957 
4    270.000     50.869    275.000     52.310    235.000     37.231    240.000     39.328     930.4895 
4    275.000     52.310    280.000     53.556    240.000     39.328    245.000     41.421    1149.5741 
4    280.000     53.556    285.000     54.403    245.000     41.421    250.000     43.501     801.5510 
4    285.000     54.403    290.000     55.152    250.000     43.501    255.000     45.428     859.5549 
4    290.000     55.152    295.000     56.221    255.000     45.428    260.000     47.175     806.1955 
4    295.000     56.221    300.000     57.362    260.000     47.175    265.000     48.995     889.0054 
4    300.000     57.362    305.000     58.357    265.000     48.995    270.000     50.869    1153.1104 
4    305.000     58.357    310.000     59.333    270.000     50.869    275.000     52.310    1142.2906 
4    310.000     59.333    315.000     61.665    275.000     52.310    280.000     53.556    1435.1599 
4    315.000     61.665    320.000     64.075    280.000     53.556    285.000     54.403    1202.9862 
4    320.000     64.075    325.000     66.659    285.000     54.403    290.000     55.152    1753.8909 
4    325.000     66.659    330.000     69.296    290.000     55.152    295.000     56.221    1518.6031 
4    330.000     69.296    335.000     72.010    295.000     56.221    300.000     57.362    2172.1626 
4    335.000     72.010    340.000     74.468    300.000     57.362    305.000     58.357    2290.1758 
4    340.000     74.468    345.000     75.030    305.000     58.357    310.000     59.333    3221.0347 
4    345.000     75.030    350.000     75.030    310.000     59.333    315.000     61.665    3558.3438 
4    350.000     75.030    355.000     75.030    315.000     61.665    320.000     64.075    2829.4690 
4     40.000      0.815     50.000      2.148      0.000      0.000     10.000     -0.089      84.8419 
4     50.000      2.148     60.000      4.360     10.000     -0.089     20.000      0.559     101.9195 
4     60.000      4.360     70.000      4.368     20.000      0.559     30.000      0.760     126.8575 
4     70.000      4.368     80.000      4.760     30.000      0.760     40.000      0.815     160.0516 
4     80.000      4.760     90.000      6.424     40.000      0.815     50.000      2.148     162.3324 
4     90.000      6.424    100.000      9.043     50.000      2.148     60.000      4.360     220.3325 
4    100.000      9.043    110.000     12.536     60.000      4.360     70.000      4.368     259.8788 
4    110.000     12.536    120.000     14.792     70.000      4.368     80.000      4.760     365.6437 
4    120.000     14.792    130.000     17.736     80.000      4.760     90.000      6.424     426.7162 
4    130.000     17.736    140.000     20.415     90.000      6.424    100.000      9.043     493.5945 
4    140.000     20.415    150.000     21.833    100.000      9.043    110.000     12.536     435.2928 
4    150.000     21.833    160.000     22.138    110.000     12.536    120.000     14.792     449.5242 
4    160.000     22.138    170.000     23.281    120.000     14.792    130.000     17.736     699.2808 
4    170.000     23.281    180.000     25.550    130.000     17.736    140.000     20.415     683.0136 
4    180.000     25.550    190.000     29.215    140.000     20.415    150.000     21.833     505.9786 
4    190.000     29.215    200.000     31.885    150.000     21.833    160.000     22.138     271.7352 
4    200.000     31.885    210.000     33.911    160.000     22.138    170.000     23.281     600.8296 
4    210.000     33.911    220.000     35.384    170.000     23.281    180.000     25.550     858.3146 
4    220.000     35.384    230.000     36.353    180.000     25.550    190.000     29.215     806.0447 
4    230.000     36.353    240.000     39.328    190.000     29.215    200.000     31.885     796.1110 
4    240.000     39.328    250.000     43.501    200.000     31.885    210.000     33.911     766.7999 
4    250.000     43.501    260.000     47.175    210.000     33.911    220.000     35.384     529.5594 
4    260.000     47.175    270.000     50.869    220.000     35.384    230.000     36.353     566.6931 
4    270.000     50.869    280.000     53.556    230.000     36.353    240.000     39.328     914.1281 
4    280.000     53.556    290.000     55.152    240.000     39.328    250.000     43.501    1055.8391 
4    290.000     55.152    300.000     57.362    250.000     43.501    260.000     47.175     896.1645 
4    300.000     57.362    310.000     59.333    260.000     47.175    270.000     50.869    1263.3915 
4    310.000     59.333    320.000     64.075    270.000     50.869    280.000     53.556    1374.7546 
4    320.000     64.075    330.000     69.296    280.000     53.556    290.000     55.152    1739.6256 
4    330.000     69.296    340.000     74.468    290.000     55.152    300.000     57.362    2289.4294 
4    340.000     74.468    350.000     75.030    300.000     57.362    310.000     59.333    2775.0881 
4     40.000      0.815     45.000      1.469      0.000      0.000      5.000     -0.044      81.2265 
4     45.000      1.469     50.000      2.148      5.000     -0.044     10.000     -0.089      89.3808 
4     50.000      2.148     55.000      3.310     10.000     -0.089     15.000      0.230     100.5435 
4     55.000      3.310     60.000      4.360     15.000      0.230     20.000      0.559     100.9394 
4     60.000      4.360     65.000      4.354     20.000      0.559     25.000      0.660     114.6355 
4     65.000      4.354     70.000      4.368     25.000      0.660     30.000      0.760     142.4235 
4     70.000      4.368     75.000      4.528     30.000      0.760     35.000      0.785     210.4289 
4     75.000      4.528     80.000      4.760     35.000      0.785     40.000      0.815      93.5767 
4     80.000      4.760     85.000      5.567     40.000      0.815     45.000      1.469     145.5902 
4     85.000      5.567     90.000      6.424     45.000      1.469     50.000      2.148     177.6533 
4     90.000      6.424     95.000      7.662     50.000      2.148     55.000      3.310     203.0663 
4     95.000      7.662    100.000      9.043     55.000      3.310     60.000      4.360     233.1501 
4    100.000      9.043    105.000     10.937     60.000      4.360     65.000      4.354     236.3169 
4    105.000     10.937    110.000     12.536     65.000      4.354     70.000      4.368     262.1257 
4    110.000     12.536    115.000     13.572     70.000      4.368     75.000      4.528     372.5652 
4    115.000     13.572    120.000     14.792     75.000      4.528     80.000      4.760     354.7524 
4    120.000     14.792    125.000     16.266     80.000      4.760     85.000      5.567     371.6944 
4    125.000     16.266    130.000     17.736     85.000      5.567     90.000      6.424     443.1832 
4    130.000     17.736    135.000     19.201     90.000      6.424     95.000      7.662     472.3171 
4    135.000     19.201    140.000     20.415     95.000      7.662    100.000      9.043     502.7968 
4    140.000     20.415    145.000     21.469    100.000      9.043    105.000     10.937     479.4422 
4    145.000     21.469    150.000     21.833    105.000     10.937    110.000     12.536     398.2949 
4    150.000     21.833    155.000     21.838    110.000     12.536    115.000     13.572     450.3083 
4    155.000     21.838    160.000     22.138    115.000     13.572    120.000     14.792     458.7002 
4    160.000     22.138    165.000     22.600    120.000     14.792    125.000     16.266     685.5960 
4    165.000     22.600    170.000     23.281    125.000     16.266    130.000     17.736     742.5971 
4    170.000     23.281    175.000     24.058    130.000     17.736    135.000     19.201     987.7017 
4    175.000     24.058    180.000     25.550    135.000     19.201    140.000     20.415     546.9727 
4    180.000     25.550    185.000     27.328    140.000     20.415    145.000     21.469     517.2054 
4    185.000     27.328    190.000     29.215    145.000     21.469    150.000     21.833     319.2059 
4    190.000     29.215    195.000     31.125    150.000     21.833    155.000     21.838     280.0177 
4    195.000     31.125    200.000     31.885    155.000     21.838    160.000     22.138     269.4092 
4    200.000     31.885    205.000     32.572    160.000     22.138    165.000     22.600     501.8468 
4    205.000     32.572    210.000     33.911    165.000     22.600    170.000     23.281     684.8043 
4    210.000     33.911    215.000     35.183    170.000     23.281    175.000     24.058     841.7948 
4    215.000     35.183    220.000     35.384    175.000     24.058    180.000     25.550     880.1913 
4    220.000     35.384    225.000     35.627    180.000     25.550    185.000     27.328     957.6970 
4    225.000     35.627    230.000     36.353    185.000     27.328    190.000     29.215     718.6883 
4    230.000     36.353    235.000     37.231    190.000     29.215    195.000     31.125     759.1432 
4    235.000     37.231    240.000     39.328    195.000     31.125    200.000     31.885     863.1702 
4    240.000     39.328    245.000     41.421    200.000     31.885    205.000     32.572     888.8998 
4    245.000     41.421    250.000     43.501    205.000     32.572    210.000     33.911     582.1234 
4    250.000     43.501    255.000     45.428    210.000     33.911    215.000     35.183     526.8640 
4    255.000     45.428    260.000     47.175    215.000     35.183    220.000     35.384     546.3393 
4    260.000     47.175    265.000     48.995    220.000     35.384    225.000     35.627     533.2766 
4    265.000     48.995    270.000     50.869    225.000     35.627    230.000     36.353     605.3195 
4    270.000     50.869    275.000     52.310    230.000     36.353    235.000     37.231     676.6500 
4    275.000     52.310    280.000     53.556    235.000     37.231    240.000     39.328    1170.9758 
4    280.000     53.556    285.000     54.403    240.000     39.328    245.000     41.421    1198.7639 
4    285.000     54.403    290.000     55.152    245.000     41.421    250.000     43.501     992.6100 
4    290.000     55.152    295.000     56.221    250.000     43.501    255.000     45.428     919.6962 
4    295.000     56.221    300.000     57.362    255.000     45.428    260.000     47.175     910.0377 
4    300.000     57.362    305.000     58.357    260.000     47.175    265.000     48.995    1113.6582 
4    305.000     58.357    310.000     59.333    265.000     48.995    270.000     50.869    1499.4445 
4    310.000     59.333    315.000     61.665    270.000     50.869    275.000     52.310    1336.8331 
4    315.000     61.665    320.000     64.075    275.000     52.310    280.000     53.556    1383.4631 
4    320.000     64.075    325.000     66.659    280.000     53.556    285.000     54.403    1793.9500 
4    325.000     66.659    330.000     69.296    285.000     54.403    290.000     55.152    1694.1189 
4    330.000     69.296    335.000     72.010    290.000     55.152    295.000     56.221    2286.5342 
4    335.000     72.010    340.000     74.468    295.000     56.221    300.000     57.362    2345.2769 
4    340.000     74.468    345.000     75.030    300.000     57.362    305.000     58.357    2407.6614 
4    345.000     75.030    350.000     75.030    305.000     58.357    310.000     59.333    2920.1958 
4    350.000     75.030    355.000     75.030    310.000     59.333    315.000     61.665    2395.8652 
4      0.000      0.000     90.000      6.424     20.000      0.559     30.000      0.760     155.5159 
4      0.000      0.000     90.000      6.424     60.000      4.360     70.000      4.368     317.0354 
4      5.000     -0.044     95.000      7.662     25.000      0.660     35.000      0.785     144.3796 
4      5.000     -0.044     95.000      7.662     65.000      4.354     75.000      4.528     405.7367 
4     10.000     -0.089    100.000      9.043     70.000      4.368     80.000      4.760     418.3541 
4     10.000     -0.089    100.000      9.043     30.000      0.760     40.000      0.815     125.5310 
4     15.000      0.230    105.000     10.937     35.000      0.785     45.000      1.469     108.4537 
4     15.000      0.230    105.000     10.937     75.000      4.528     85.000      5.567     382.4084 
4     20.000      0.559    110.000     12.536     40.000      0.815     50.000      2.148     130.8121 
4     20.000      0.559    110.000     12.536     80.000      4.760     90.000      6.424     446.9767 
4     25.000      0.660    115.000     13.572     45.000      1.469     55.000      3.310     145.6727 
4     25.000      0.660    115.000     13.572     85.000      5.567     95.000      7.662     506.7321 
4     30.000      0.760    120.000     14.792     50.000      2.148     60.000      4.360     150.2479 
4     30.000      0.760    120.000     14.792     90.000      6.424    100.000      9.043     544.9736 
4     35.000      0.785    125.000     16.266     95.000      7.662    105.000     10.937     533.9231 
4     35.000      0.785    125.000     16.266     55.000      3.310     65.000      4.354     169.0866 
4     40.000      0.815    130.000     17.736     60.000      4.360     70.000      4.368     194.7701 
4     40.000      0.815    130.000     17.736    100.000      9.043    110.000     12.536     477.6741 
4     45.000      1.469    135.000     19.201    105.000     10.937    115.000     13.572     458.1724 
4     45.000      1.469    135.000     19.201     65.000      4.354     75.000      4.528     255.2282 
4     50.000      2.148    140.000     20.415    110.000     12.536    120.000     14.792     481.0948 
4     50.000      2.148    140.000     20.415     70.000      4.368     80.000      4.760     288.1225 
4     55.000      3.310    145.000     21.469    115.000     13.572    125.000     16.266     517.4199 
4     55.000      3.310    145.000     21.469     75.000      4.528     85.000      5.567     271.9459 
4     60.000      4.360    150.000     21.833    120.000     14.792    130.000     17.736     548.3911 
4     60.000      4.360    150.000     21.833     80.000      4.760     90.000      6.424     288.4656 
4     65.000      4.354    155.000     21.838     85.000      5.567     95.000      7.662     323.4084 
4     65.000      4.354    155.000     21.838    125.000     16.266    135.000     19.201     585.9300 
4     70.000      4.368    160.000     22.138    130.000     17.736    140.000     20.415     597.6567 
4     70.000      4.368    160.000     22.138     90.000      6.424    100.000      9.043     352.4730 
4     75.000      4.528    165.000     22.600    135.000     19.201    145.000     21.469     570.4559 
4     75.000      4.528    165.000     22.600     95.000      7.662    105.000     10.937     391.4204 
4     80.000      4.760    170.000     23.281    140.000     20.415    150.000     21.833     511.3635 
4     80.000      4.760    170.000     23.281    100.000      9.043    110.000     12.536     362.4548 
4     85.000      5.567    175.000     24.058    145.000     21.469    155.000     21.838     475.8665 
4     85.000      5.567    175.000     24.058    105.000     10.937    115.000     13.572     348.5608 
4     90.000      6.424    180.000     25.550    110.000     12.536    120.000     14.792     398.5225 
4     90.000      6.424    180.000     25.550    150.000     21.833    160.000     22.138     400.8184 
4     95.000      7.662    185.000     27.328    155.000     21.838    165.000     22.600     454.1777 
4     95.000      7.662    185.000     27.328    115.000     13.572    125.000     16.266     442.4707 
4    100.000      9.043    190.000     29.215    160.000     22.138    170.000     23.281     613.3980 
4    100.000      9.043    190.000     29.215    120.000     14.792    130.000     17.736     474.2435 
4    105.000     10.937    195.000     31.125    125.000     16.266    135.000     19.201     460.2274 
4    105.000     10.937    195.000     31.125    165.000     22.600    175.000     24.058     772.3478 
4    110.000     12.536    200.000     31.885    170.000     23.281    180.000     25.550     880.6169 
4    110.000     12.536    200.000     31.885    130.000     17.736    140.000     20.415     444.8886 
4    115.000     13.572    205.000     32.572    175.000     24.058    185.000     27.328     951.7692 
4    115.000     13.572    205.000     32.572    135.000     19.201    145.000     21.469     430.9781 
4    120.000     14.792    210.000     33.911    180.000     25.550    190.000     29.215     831.0807 
4    120.000     14.792    210.000     33.911    140.000     20.415    150.000     21.833     435.8701 
4    125.000     16.266    215.000     35.183    145.000     21.469    155.000     21.838     451.0308 
4    125.000     16.266    215.000     35.183    185.000     27.328    195.000     31.125     661.1463 
4    130.000     17.736    220.000     35.384    150.000     21.833    160.000     22.138     474.0093 
4    130.000     17.736    220.000     35.384    190.000     29.215    200.000     31.885     645.4578 
4    135.000     19.201    225.000     35.627    195.000     31.125    205.000     32.572     687.3641 
4    135.000     19.201    225.000     35.627    155.000     21.838    165.000     22.600     579.3788 
4    140.000     20.415    230.000     36.353    200.000     31.885    210.000     33.911     741.7460 
4    140.000     20.415    230.000     36.353    160.000     22.138    170.000     23.281     713.6183 
4    145.000     21.469    235.000     37.231    165.000     22.600    175.000     24.058     767.1557 
4    145.000     21.469    235.000     37.231    205.000     32.572    215.000     35.183     752.6910 
4    150.000     21.833    240.000     39.328    210.000     33.911    220.000     35.384     714.0834 
4    150.000     21.833    240.000     39.328    170.000     23.281    180.000     25.550     726.8261 
4    155.000     21.838    245.000     41.421    215.000     35.183    225.000     35.627     620.0020 
4    155.000     21.838    245.000     41.421    175.000     24.058    185.000     27.328     707.0737 
4    160.000     22.138    250.000     43.501    220.000     35.384    230.000     36.353     636.7625 
4    160.000     22.138    250.000     43.501    180.000     25.550    190.000     29.215     586.7480 
4    165.000     22.600    255.000     45.428    225.000     35.627    235.000     37.231     821.5574 
4    165.000     22.600    255.000     45.428    185.000     27.328    195.000     31.125     440.2705 
4    170.000     23.281    260.000     47.175    230.000     36.353    240.000     39.328    1173.2651 
4    170.000     23.281    260.000     47.175    190.000     29.215    200.000     31.885     474.7746 
4    175.000     24.058    265.000     48.995    195.000     31.125    205.000     32.572     586.2830 
4    175.000     24.058    265.000     48.995    235.000     37.231    245.000     41.421    1405.4817 
4    180.000     25.550    270.000     50.869    240.000     39.328    250.000     43.501    1225.2917 
4    180.000     25.550    270.000     50.869    200.000     31.885    210.000     33.911     689.5875 
4    185.000     27.328    275.000     52.310    205.000     32.572    215.000     35.183     781.1982 
4    185.000     27.328    275.000     52.310    245.000     41.421    255.000     45.428    1097.4683 
4    190.000     29.215    280.000     53.556    210.000     33.911    220.000     35.384     763.2963 
4    190.000     29.215    280.000     53.556    250.000     43.501    260.000     47.175    1079.3948 
4    195.000     31.125    285.000     54.403    255.000     45.428    265.000     48.995    1145.3782 
4    195.000     31.125    285.000     54.403    215.000     35.183    225.000     35.627     735.9998 
4    200.000     31.885    290.000     55.152    260.000     47.175    270.000     50.869    1288.3558 
4    200.000     31.885    290.000     55.152    220.000     35.384    230.000     36.353     741.2249 
4    205.000     32.572    295.000     56.221    265.000     48.995    275.000     52.310    1283.5563 
4    205.000     32.572    295.000     56.221    225.000     35.627    235.000     37.231     850.4373 
4    210.000     33.911    300.000     57.362    230.000     36.353    240.000     39.328    1066.6653 
4    210.000     33.911    300.000     57.362    270.000     50.869    280.000     53.556    1365.3303 
4    215.000     35.183    305.000     58.357    235.000     37.231    245.000     41.421    1205.2920 
4    215.000     35.183    305.000     58.357    275.000     52.310    285.000     54.403    1499.0322 
4    220.000     35.384    310.000     59.333    240.000     39.328    250.000     43.501    1060.4176 
4    220.000     35.384    310.000     59.333    280.000     53.556    290.000     55.152    1582.2709 
4    225.000     35.627    315.000     61.665    245.000     41.421    255.000     45.428     811.8956 
4    225.000     35.627    315.000     61.665    285.000     54.403    295.000     56.221    1617.2764 
4    230.000     36.353    320.000     64.075    250.000     43.501    260.000     47.175     791.4241 
4    230.000     36.353    320.000     64.075    290.000     55.152    300.000     57.362    1719.7330 
4    235.000     37.231    325.000     66.659    255.000     45.428    265.000     48.995     858.3937 
4    235.000     37.231    325.000     66.659    295.000     56.221    305.000     58.357    1863.0209 
4    240.000     39.328    330.000     69.296    260.000     47.175    270.000     50.869    1022.4070 
4    240.000     39.328    330.000     69.296    300.000     57.362    310.000     59.333    2479.7144 
4    245.000     41.421    335.000     72.010    305.000     58.357    315.000     61.665    3177.6570 
4    245.000     41.421    335.000     72.010    265.000     48.995    275.000     52.310    1033.1573 
4    250.000     43.501    340.000     74.468    310.000     59.333    320.000     64.075    3782.9766 
4    250.000     43.501    340.000     74.468    270.000     50.869    280.000     53.556     953.4680 
4    255.000     45.428    345.000     75.030    275.000     52.310    285.000     54.403    1001.1371 
4    255.000     45.428    345.000     75.030    315.000     61.665    325.000     66.659    4755.0986 
4    260.000     47.175    350.000     75.030    320.000     64.075    330.000     69.296    4860.8970 
4    260.000     47.175    350.000     75.030    280.000     53.556    290.000     55.152    1013.6424 
4    265.000     48.995    355.000     75.030    285.000     54.403    295.000     56.221    1091.6296 
4    265.000     48.995    355.000     75.030    325.000     66.659    335.000     72.010    5579.6050 
4      0.000      0.000    180.000     25.550    140.000     20.415    160.000     22.138     428.9688 
4      0.000      0.000    180.000     25.550     20.000      0.559     40.000      0.815     144.0023 
4      5.000     -0.044    185.000     27.328     25.000      0.660     45.000      1.469     127.8823 
4      5.000     -0.044    185.000     27.328    145.000     21.469    165.000     22.600     425.2196 
4     10.000     -0.089    190.000     29.215    150.000     21.833    170.000     23.281     533.0679 
4     10.000     -0.089    190.000     29.215     30.000      0.760     50.000      2.148     123.4222 
4     15.000      0.230    195.000     31.125     35.000      0.785     55.000      3.310     117.1519 
4     15.000      0.230    195.000     31.125    155.000     21.838    175.000     24.058     692.5179 
4     20.000      0.559    200.000     31.885    160.000     22.138    180.000     25.550     832.6644 
4     20.000      0.559    200.000     31.885     40.000      0.815     60.000      4.360     132.1580 
4     30.000      0.760    210.000     33.911     50.000      2.148     70.000      4.368     161.7578 
4     30.000      0.760    210.000     33.911    170.000     23.281    190.000     29.215     901.3059 
4     40.000      0.815    220.000     35.384    180.000     25.550    200.000     31.885     776.2554 
4     40.000      0.815    220.000     35.384     60.000      4.360     80.000      4.760     214.5390 
4     50.000      2.148    230.000     36.353     70.000      4.368     90.000      6.424     261.7948 
4     50.000      2.148    230.000     36.353    190.000     29.215    210.000     33.911     781.3343 
4     60.000      4.360    240.000     39.328    200.000     31.885    220.000     35.384     769.8006 
4     60.000      4.360    240.000     39.328     80.000      4.760    100.000      9.043     273.2095 
4     70.000      4.368    250.000     43.501    210.000     33.911    230.000     36.353     708.2642 
4     70.000      4.368    250.000     43.501     90.000      6.424    110.000     12.536     304.5201 
4     80.000      4.760    260.000     47.175    100.000      9.043    120.000     14.792     340.7494 
4     80.000      4.760    260.000     47.175    220.000     35.384    240.000     39.328    1115.0829 
4     90.000      6.424    270.000     50.869    110.000     12.536    130.000     17.736     402.9167 
4     90.000      6.424    270.000     50.869    230.000     36.353    250.000     43.501    1378.1299 
4    100.000      9.043    280.000     53.556    120.000     14.792    140.000     20.415     474.0309 
4    100.000      9.043    280.000     53.556    240.000     39.328    260.000     47.175    1357.6904 
4    105.000     10.937    285.000     54.403    125.000     16.266    145.000     21.469     466.9913 
4    105.000     10.937    285.000     54.403    245.000     41.421    265.000     48.995    1340.6290 
4    110.000     12.536    290.000     55.152    130.000     17.736    150.000     21.833     456.4817 
4    110.000     12.536    290.000     55.152    250.000     43.501    270.000     50.869    1445.1260 
4    115.000     13.572    295.000     56.221    135.000     19.201    155.000     21.838     445.7439 
4    115.000     13.572    295.000     56.221    255.000     45.428    275.000     52.310    1466.8126 
4    120.000     14.792    300.000     57.362    140.000     20.415    160.000     22.138     460.1653 
4    120.000     14.792    300.000     57.362    260.000     47.175    280.000     53.556    1604.4645 
4    130.000     17.736    310.000     59.333    150.000     21.833    170.000     23.281     580.5979 
4    130.000     17.736    310.000     59.333    270.000     50.869    290.000     55.152    1762.2596 
4    140.000     20.415    320.000     64.075    160.000     22.138    180.000     25.550     744.4838 
4    140.000     20.415    320.000     64.075    280.000     53.556    300.000     57.362    1932.5615 
4    150.000     21.833    330.000     69.296    290.000     55.152    310.000     59.333    2497.7649 
4    150.000     21.833    330.000     69.296    170.000     23.281    190.000     29.215     699.1499 
4    160.000     22.138    340.000     74.468    180.000     25.550    200.000     31.885     498.4911 
4    160.000     22.138    340.000     74.468    300.000     57.362    320.000     64.075    3581.8066 
4    170.000     23.281    350.000     75.030    310.000     59.333    330.000     69.296    4737.6904 
4    170.000     23.281    350.000     75.030    190.000     29.215    210.000     33.911     478.4789 
4     45.000      1.469     50.000      2.148      0.000      0.000      5.000     -0.044      98.9602 
4     50.000      2.148     55.000      3.310      5.000     -0.044     10.000     -0.089      96.4720 
4     55.000      3.310     60.000      4.360     10.000     -0.089     15.000      0.230     112.5318 
4     60.000      4.360     65.000      4.354     15.000      0.230     20.000      0.559     141.4848 
4     65.000      4.354     70.000      4.368     20.000      0.559     25.000      0.660     131.1929 
4     70.000      4.368     75.000      4.528     25.000      0.660     30.000      0.760     170.4377 
4     75.000      4.528     80.000      4.760     30.000      0.760     35.000      0.785     212.1706 
4     80.000      4.760     85.000      5.567     35.000      0.785     40.000      0.815     118.1867 
4     85.000      5.567     90.000      6.424     40.000      0.815     45.000      1.469     172.9258 
4     90.000      6.424     95.000      7.662     45.000      1.469     50.000      2.148     175.0747 
4     95.000      7.662    100.000      9.043     50.000      2.148     55.000      3.310     224.4982 
4    100.000      9.043    105.000     10.937     55.000      3.310     60.000      4.360     207.7598 
4    105.000     10.937    110.000     12.536     60.000      4.360     65.000      4.354     202.8966 
4    110.000     12.536    115.000     13.572     65.000      4.354     70.000      4.368     304.4580 
4    115.000     13.572    120.000     14.792     70.000      4.368     75.000      4.528     407.0373 
4    120.000     14.792    125.000     16.266     75.000      4.528     80.000      4.760     409.4124 
4    125.000     16.266    130.000     17.736     80.000      4.760     85.000      5.567     342.3456 
4    130.000     17.736    135.000     19.201     85.000      5.567     90.000      6.424     470.7111 
4    135.000     19.201    140.000     20.415     90.000      6.424     95.000      7.662     433.3890 
4    140.000     20.415    145.000     21.469     95.000      7.662    100.000      9.043     523.7538 
4    145.000     21.469    150.000     21.833    100.000      9.043    105.000     10.937     483.6042 
4    150.000     21.833    155.000     21.838    105.000     10.937    110.000     12.536     425.1329 
4    155.000     21.838    160.000     22.138    110.000     12.536    115.000     13.572     465.1693 
4    160.000     22.138    165.000     22.600    115.000     13.572    120.000     14.792     650.0835 
4    165.000     22.600    170.000     23.281    120.000     14.792    125.000     16.266     742.9365 
4    170.000     23.281    175.000     24.058    125.000     16.266    130.000     17.736     407.4897 
4    175.000     24.058    180.000     25.550    130.000     17.736    135.000     19.201     838.0513 
4    180.000     25.550    185.000     27.328    135.000     19.201    140.000     20.415     891.2070 
4    185.000     27.328    190.000     29.215    140.000     20.415    145.000     21.469     374.9177 
4    190.000     29.215    195.000     31.125    145.000     21.469    150.000     21.833     296.6543 
4    195.000     31.125    200.000     31.885    150.000     21.833    155.000     21.838     292.0173 
4    200.000     31.885    205.000     32.572    155.000     21.838    160.000     22.138     307.9641 
4    205.000     32.572    210.000     33.911    160.000     22.138    165.000     22.600     539.7005 
4    210.000     33.911    215.000     35.183    165.000     22.600    170.000     23.281     696.2272 
4    215.000     35.183    220.000     35.384    170.000     23.281    175.000     24.058     842.9144 
4    220.000     35.384    225.000     35.627    175.000     24.058    180.000     25.550     878.5401 
4    225.000     35.627    230.000     36.353    180.000     25.550    185.000     27.328    1033.4834 
4    230.000     36.353    235.000     37.231    185.000     27.328    190.000     29.215     853.2062 
4    235.000     37.231    240.000     39.328    190.000     29.215    195.000     31.125     881.5938 
4    240.000     39.328    245.000     41.421    195.000     31.125    200.000     31.885     897.3143 
4    245.000     41.421    250.000     43.501    200.000     31.885    205.000     32.572     573.0642 
4    250.000     43.501    255.000     45.428    205.000     32.572    210.000     33.911     532.5754 
4    255.000     45.428    260.000     47.175    210.000     33.911    215.000     35.183     537.8909 
4    260.000     47.175    265.000     48.995    215.000     35.183    220.000     35.384     598.3980 
4    265.000     48.995    270.000     50.869    220.000     35.384    225.000     35.627     587.9930 
4    270.000     50.869    275.000     52.310    225.000     35.627    230.000     36.353     513.8012 
4    275.000     52.310    280.000     53.556    230.000     36.353    235.000     37.231     850.4919 
4    280.000     53.556    285.000     54.403    235.000     37.231    240.000     39.328    1206.8617 
4    285.000     54.403    290.000     55.152    240.000     39.328    245.000     41.421    1491.0753 
4    290.000     55.152    295.000     56.221    245.000     41.421    250.000     43.501    1039.7039 
4    295.000     56.221    300.000     57.362    250.000     43.501    255.000     45.428    1038.3467 
4    300.000     57.362    305.000     58.357    255.000     45.428    260.000     47.175    1062.7756 
4    305.000     58.357    310.000     59.333    260.000     47.175    265.000     48.995    1381.9363 
4    310.000     59.333    315.000     61.665    265.000     48.995    270.000     50.869    1721.6807 
4    315.000     61.665    320.000     64.075    270.000     50.869    275.000     52.310    1274.4939 
4    320.000     64.075    325.000     66.659    275.000     52.310    280.000     53.556    2033.1508 
4    325.000     66.659    330.000     69.296    280.000     53.556    285.000     54.403    1688.8826 
4    330.000     69.296    335.000     72.010    285.000     54.403    290.000     55.152    2557.1306 
4    335.000     72.010    340.000     74.468    290.000     55.152    295.000     56.221    2461.4504 
4    340.000     74.468    345.000     75.030    295.000     56.221    300.000     57.362    2368.4844 
4    345.000     75.030    350.000     75.030    300.000     57.362    305.000     58.357    2133.1289 
4    350.000     75.030    355.000     75.030    305.000     58.357    310.000     59.333    1965.6317 
4     50.000      2.148     60.000      4.360      0.000      0.000     10.000     -0.089     110.7223 
4     60.000      4.360     70.000      4.368     10.000     -0.089     20.000      0.559     118.5637 
4     70.000      4.368     80.000      4.760     20.000      0.559     30.000      0.760     173.5290 
4     80.000      4.760     90.000      6.424     30.000      0.760     40.000      0.815     157.7708 
4     90.000      6.424    100.000      9.043     40.000      0.815     50.000      2.148     179.1085 
4    100.000      9.043    110.000     12.536     50.000      2.148     60.000      4.360     198.1088 
4    110.000     12.536    120.000     14.792     60.000      4.360     70.000      4.368     272.8662 
4    120.000     14.792    130.000     17.736     70.000      4.368     80.000      4.760     412.7676 
4    130.000     17.736    140.000     20.415     80.000      4.760     90.000      6.424     415.8966 
4    140.000     20.415    150.000     21.833     90.000      6.424    100.000      9.043     492.0865 
4    150.000     21.833    160.000     22.138    100.000      9.043    110.000     12.536     465.0939 
4    160.000     22.138    170.000     23.281    110.000     12.536    120.000     14.792     699.1677 
4    170.000     23.281    180.000     25.550    120.000     14.792    130.000     17.736     759.1093 
4    180.000     25.550    190.000     29.215    130.000     17.736    140.000     20.415     585.5426 
4    190.000     29.215    200.000     31.885    140.000     20.415    150.000     21.833     314.6745 
4    200.000     31.885    210.000     33.911    150.000     21.833    160.000     22.138     323.0437 
4    210.000     33.911    220.000     35.384    160.000     22.138    170.000     23.281     633.4205 
4    220.000     35.384    230.000     36.353    170.000     23.281    180.000     25.550     876.5798 
4    230.000     36.353    240.000     39.328    180.000     25.550    190.000     29.215    1088.2603 
4    240.000     39.328    250.000     43.501    190.000     29.215    200.000     31.885     752.4366 
4    250.000     43.501    260.000     47.175    200.000     31.885    210.000     33.911     530.3511 
4    260.000     47.175    270.000     50.869    210.000     33.911    220.000     35.384     597.3047 
4    270.000     50.869    280.000     53.556    220.000     35.384    230.000     36.353     555.4587 
4    280.000     53.556    290.000     55.152    230.000     36.353    240.000     39.328    1172.1407 
4    290.000     55.152    300.000     57.362    240.000     39.328    250.000     43.501    1295.1154 
4    300.000     57.362    310.000     59.333    250.000     43.501    260.000     47.175    1311.2882 
4    310.000     59.333    320.000     64.075    260.000     47.175    270.000     50.869    1635.8398 
4    320.000     64.075    330.000     69.296    270.000     50.869    280.000     53.556    1945.6511 
4    330.000     69.296    340.000     74.468    280.000     53.556    290.000     55.152    2594.5283 
4    340.000     74.468    350.000     75.030    290.000     55.152    300.000     57.362    2290.2585 
4     60.000      4.360     90.000      6.424      0.000      0.000     30.000      0.760     155.2939 
4     70.000      4.368    100.000      9.043     10.000     -0.089     40.000      0.815     173.6044 
4     80.000      4.760    110.000     12.536     20.000      0.559     50.000      2.148     170.0927 
4     90.000      6.424    120.000     14.792     30.000      0.760     60.000      4.360     194.6518 
4    100.000      9.043    130.000     17.736     40.000      0.815     70.000      4.368     237.5949 
4    110.000     12.536    140.000     20.415     50.000      2.148     80.000      4.760     329.1415 
4    120.000     14.792    150.000     21.833     60.000      4.360     90.000      6.424     401.6086 
4    130.000     17.736    160.000     22.138     70.000      4.368    100.000      9.043     465.8818 
4    140.000     20.415    170.000     23.281     80.000      4.760    110.000     12.536     515.0339 
4    150.000     21.833    180.000     25.550     90.000      6.424    120.000     14.792     610.6860 
4    160.000     22.138    190.000     29.215    100.000      9.043    130.000     17.736     722.7146 
4    170.000     23.281    200.000     31.885    110.000     12.536    140.000     20.415     634.2442 
4    180.000     25.550    210.000     33.911    120.000     14.792    150.000     21.833     466.4021 
4    190.000     29.215    220.000     35.384    130.000     17.736    160.000     22.138     325.2114 
4    200.000     31.885    230.000     36.353    140.000     20.415    170.000     23.281     489.6832 
4    210.000     33.911    240.000     39.328    150.000     21.833    180.000     25.550     745.8317 
4    220.000     35.384    250.000     43.501    160.000     22.138    190.000     29.215     903.0313 
4    230.000     36.353    260.000     47.175    170.000     23.281    200.000     31.885     861.2362 
4    240.000     39.328    270.000     50.869    180.000     25.550    210.000     33.911     696.5778 
4    250.000     43.501    280.000     53.556    190.000     29.215    220.000     35.384     549.5117 
4    260.000     47.175    290.000     55.152    200.000     31.885    230.000     36.353     592.0024 
4    270.000     50.869    300.000     57.362    210.000     33.911    240.000     39.328     870.2670 
4    280.000     53.556    310.000     59.333    220.000     35.384    250.000     43.501    1205.8156 
4    290.000     55.152    320.000     64.075    230.000     36.353    260.000     47.175    1405.5115 
4    300.000     57.362    330.000     69.296    240.000     39.328    270.000     50.869    1721.0643 
4    310.000     59.333    340.000     74.468    250.000     43.501    280.000     53.556    1977.0941 
4    320.000     64.075    350.000     75.030    260.000     47.175    290.000     55.152    2266.0918 
4     60.000      4.360     80.000      4.760      0.000      0.000     20.000      0.559     155.1092 
4     70.000      4.368     90.000      6.424     10.000     -0.089     30.000      0.760     181.8304 
4     80.000      4.760    100.000      9.043     20.000      0.559     40.000      0.815     171.5008 
4     90.000      6.424    110.000     12.536     30.000      0.760     50.000      2.148     173.4310 
4    100.000      9.043    120.000     14.792     40.000      0.815     60.000      4.360     191.0742 
4    110.000     12.536    130.000     17.736     50.000      2.148     70.000      4.368     259.9429 
4    120.000     14.792    140.000     20.415     60.000      4.360     80.000      4.760     371.2307 
4    130.000     17.736    150.000     21.833     70.000      4.368     90.000      6.424     418.3697 
4    140.000     20.415    160.000     22.138     80.000      4.760    100.000      9.043     481.7494 
4    150.000     21.833    170.000     23.281     90.000      6.424    110.000     12.536     595.1332 
4    160.000     22.138    180.000     25.550    100.000      9.043    120.000     14.792     747.4075 
4    170.000     23.281    190.000     29.215    110.000     12.536    130.000     17.736     726.3111 
4    180.000     25.550    200.000     31.885    120.000     14.792    140.000     20.415     527.7424 
4    190.000     29.215    210.000     33.911    130.000     17.736    150.000     21.833     350.1343 
4    200.000     31.885    220.000     35.384    140.000     20.415    160.000     22.138     342.0214 
4    210.000     33.911    230.000     36.353    150.000     21.833    170.000     23.281     524.8169 
4    220.000     35.384    240.000     39.328    160.000     22.138    180.000     25.550     878.5853 
4    230.000     36.353    250.000     43.501    170.000     23.281    190.000     29.215    1074.8168 
4    240.000     39.328    260.000     47.175    180.000     25.550    200.000     31.885     742.6876 
4    250.000     43.501    270.000     50.869    190.000     29.215    210.000     33.911     543.4101 
4    260.000     47.175    280.000     53.556    200.000     31.885    220.000     35.384     583.9592 
4    270.000     50.869    290.000     55.152    210.000     33.911    230.000     36.353     606.5938 
4    280.000     53.556    300.000     57.362    220.000     35.384    240.000     39.328    1056.7061 
4    290.000     55.152    310.000     59.333    230.000     36.353    250.000     43.501    1513.9813 
4    300.000     57.362    320.000     64.075    240.000     39.328    260.000     47.175    1695.9624 
4    310.000     59.333    330.000     69.296    250.000     43.501    270.000     50.869    1979.7915 
4    320.000     64.075    340.000     74.468    260.000     47.175    280.000     53.556    2415.3218 
4    330.000     69.296    350.000     75.030    270.000     50.869    290.000     55.152    2586.2646 
4     60.000      4.360     70.000      4.368      0.000      0.000     10.000     -0.089     127.0649 
4     70.000      4.368     80.000      4.760     10.000     -0.089     20.000      0.559     186.3750 
4     80.000      4.760     90.000      6.424     20.000      0.559     30.000      0.760     171.1351 
4     90.000      6.424    100.000      9.043     30.000      0.760     40.000      0.815     179.1179 
4    100.000      9.043    110.000     12.536     40.000      0.815     50.000      2.148     162.0968 
4    110.000     12.536    120.000     14.792     50.000      2.148     60.000      4.360     207.7504 
4    120.000     14.792    130.000     17.736     60.000      4.360     70.000      4.368     305.0612 
4    130.000     17.736    140.000     20.415     70.000      4.368     80.000      4.760     396.5664 
4    140.000     20.415    150.000     21.833     80.000      4.760     90.000      6.424     440.5047 
4    150.000     21.833    160.000     22.138     90.000      6.424    100.000      9.043     538.0135 
4    160.000     22.138    170.000     23.281    100.000      9.043    110.000     12.536     723.0030 
4    170.000     23.281    180.000     25.550    110.000     12.536    120.000     14.792     769.7782 
4    180.000     25.550    190.000     29.215    120.000     14.792    130.000     17.736     657.1615 
4    190.000     29.215    200.000     31.885    130.000     17.736    140.000     20.415     365.5589 
4    200.000     31.885    210.000     33.911    140.000     20.415    150.000     21.833     360.0171 
4    210.000     33.911    220.000     35.384    150.000     21.833    160.000     22.138     340.0931 
4    220.000     35.384    230.000     36.353    160.000     22.138    170.000     23.281     633.0152 
4    230.000     36.353    240.000     39.328    170.000     23.281    180.000     25.550    1146.4865 
4    240.000     39.328    250.000     43.501    180.000     25.550    190.000     29.215     995.1434 
4    250.000     43.501    260.000     47.175    190.000     29.215    200.000     31.885     505.6205 
4    260.000     47.175    270.000     50.869    200.000     31.885    210.000     33.911     594.0909 
4    270.000     50.869    280.000     53.556    210.000     33.911    220.000     35.384     566.6459 
4    280.000     53.556    290.000     55.152    220.000     35.384    230.000     36.353     676.6237 
4    290.000     55.152    300.000     57.362    230.000     36.353    240.000     39.328    1368.0913 
4    300.000     57.362    310.000     59.333    240.000     39.328    250.000     43.501    1827.2004 
4    310.000     59.333    320.000     64.075    250.000     43.501    260.000     47.175    1823.7040 
4    320.000     64.075    330.000     69.296    260.000     47.175    270.000     50.869    2385.5999 
4    330.000     69.296    340.000     74.468    270.000     50.869    280.000     53.556    2747.7280 
4    340.000     74.468    350.000     75.030    280.000     53.556    290.000     55.152    2459.1604 
4      0.000      0.000     90.000      6.424     30.000      0.760     40.000      0.815     157.2753 
4      0.000      0.000     90.000      6.424     50.000      2.148     60.000      4.360     235.6248 
4      5.000     -0.044     95.000      7.662     35.000      0.785     45.000      1.469     136.9609 
4      5.000     -0.044     95.000      7.662     55.000      3.310     65.000      4.354     256.9733 
4     10.000     -0.089    100.000      9.043     60.000      4.360     70.000      4.368     316.5756 
4     10.000     -0.089    100.000      9.043     40.000      0.815     50.000      2.148     163.6088 
4     15.000      0.230    105.000     10.937     65.000      4.354     75.000      4.528     408.8199 
4     15.000      0.230    105.000     10.937     45.000      1.469     55.000      3.310     180.6434 
4     20.000      0.559    110.000     12.536     70.000      4.368     80.000      4.760     442.1783 
4     20.000      0.559    110.000     12.536     50.000      2.148     60.000      4.360     187.9785 
4     25.000      0.660    115.000     13.572     55.000      3.310     65.000      4.354     207.9429 
4     25.000      0.660    115.000     13.572     75.000      4.528     85.000      5.567     412.8645 
4     30.000      0.760    120.000     14.792     60.000      4.360     70.000      4.368     256.7148 
4     30.000      0.760    120.000     14.792     80.000      4.760     90.000      6.424     457.2364 
4     35.000      0.785    125.000     16.266     85.000      5.567     95.000      7.662     496.2873 
4     35.000      0.785    125.000     16.266     65.000      4.354     75.000      4.528     332.8885 
4     40.000      0.815    130.000     17.736     90.000      6.424    100.000      9.043     528.9509 
4     40.000      0.815    130.000     17.736     70.000      4.368     80.000      4.760     352.0774 
4     45.000      1.469    135.000     19.201     95.000      7.662    105.000     10.937     537.0400 
4     45.000      1.469    135.000     19.201     75.000      4.528     85.000      5.567     320.9648 
4     50.000      2.148    140.000     20.415    100.000      9.043    110.000     12.536     487.5303 
4     50.000      2.148    140.000     20.415     80.000      4.760     90.000      6.424     340.2937 
4     55.000      3.310    145.000     21.469     85.000      5.567     95.000      7.662     375.0415 
4     55.000      3.310    145.000     21.469    105.000     10.937    115.000     13.572     466.3703 
4     60.000      4.360    150.000     21.833    110.000     12.536    120.000     14.792     506.2560 
4     60.000      4.360    150.000     21.833     90.000      6.424    100.000      9.043     401.2532 
4     65.000      4.354    155.000     21.838    115.000     13.572    125.000     16.266     556.4766 
4     65.000      4.354    155.000     21.838     95.000      7.662    105.000     10.937     424.8582 
4     70.000      4.368    160.000     22.138    100.000      9.043    110.000     12.536     400.0899 
4     70.000      4.368    160.000     22.138    120.000     14.792    130.000     17.736     585.7203 
4     75.000      4.528    165.000     22.600    125.000     16.266    135.000     19.201     580.3024 
4     75.000      4.528    165.000     22.600    105.000     10.937    115.000     13.572     398.8297 
4     80.000      4.760    170.000     23.281    110.000     12.536    120.000     14.792     425.6553 
4     80.000      4.760    170.000     23.281    130.000     17.736    140.000     20.415     533.7871 
4     85.000      5.567    175.000     24.058    115.000     13.572    125.000     16.266     449.3465 
4     85.000      5.567    175.000     24.058    135.000     19.201    145.000     21.469     491.0040 
4     90.000      6.424    180.000     25.550    120.000     14.792    130.000     17.736     456.2939 
4     90.000      6.424    180.000     25.550    140.000     20.415    150.000     21.833     445.7166 
4     95.000      7.662    185.000     27.328    145.000     21.469    155.000     21.838     375.5208 
4     95.000      7.662    185.000     27.328    125.000     16.266    135.000     19.201     444.2302 
4    100.000      9.043    190.000     29.215    130.000     17.736    140.000     20.415     452.3517 
4    100.000      9.043    190.000     29.215    150.000     21.833    160.000     22.138     387.9185 
4    105.000     10.937    195.000     31.125    155.000     21.838    165.000     22.600     516.5479 
4    105.000     10.937    195.000     31.125    135.000     19.201    145.000     21.469     448.9910 
4    110.000     12.536    200.000     31.885    140.000     20.415    150.000     21.833     450.0305 
4    110.000     12.536    200.000     31.885    160.000     22.138    170.000     23.281     705.9966 
4    115.000     13.572    205.000     32.572    165.000     22.600    175.000     24.058     855.7645 
4    115.000     13.572    205.000     32.572    145.000     21.469    155.000     21.838     443.4331 
4    120.000     14.792    210.000     33.911    150.000     21.833    160.000     22.138     458.8521 
4    120.000     14.792    210.000     33.911    170.000     23.281    180.000     25.550     916.0884 
4    125.000     16.266    215.000     35.183    175.000     24.058    185.000     27.328    1020.9728 
4    125.000     16.266    215.000     35.183    155.000     21.838    165.000     22.600     572.8434 
4    130.000     17.736    220.000     35.384    180.000     25.550    190.000     29.215     892.0364 
4    130.000     17.736    220.000     35.384    160.000     22.138    170.000     23.281     740.9168 
4    135.000     19.201    225.000     35.627    165.000     22.600    175.000     24.058     855.6352 
4    135.000     19.201    225.000     35.627    185.000     27.328    195.000     31.125     709.3788 
4    140.000     20.415    230.000     36.353    170.000     23.281    180.000     25.550     860.8161 
4    140.000     20.415    230.000     36.353    190.000     29.215    200.000     31.885     687.2548 
4    145.000     21.469    235.000     37.231    175.000     24.058    185.000     27.328     877.7323 
4    145.000     21.469    235.000     37.231    195.000     31.125    205.000     32.572     699.7278 
4    150.000     21.833    240.000     39.328    200.000     31.885    210.000     33.911     689.1451 
4    150.000     21.833    240.000     39.328    180.000     25.550    190.000     29.215     731.4382 
4    155.000     21.838    245.000     41.421    185.000     27.328    195.000     31.125     499.2386 
4    155.000     21.838    245.000     41.421    205.000     32.572    215.000     35.183     659.6483 
4    160.000     22.138    250.000     43.501    190.000     29.215    200.000     31.885     473.8186 
4    160.000     22.138    250.000     43.501    210.000     33.911    220.000     35.384     678.5302 
4    165.000     22.600    255.000     45.428    195.000     31.125    205.000     32.572     528.3531 
4    165.000     22.600    255.000     45.428    215.000     35.183    225.000     35.627     697.0081 
4    170.000     23.281    260.000     47.175    200.000     31.885    210.000     33.911     608.4098 
4    170.000     23.281    260.000     47.175    220.000     35.384    230.000     36.353     748.4404 
4    175.000     24.058    265.000     48.995    225.000     35.627    235.000     37.231     970.7844 
4    175.000     24.058    265.000     48.995    205.000     32.572    215.000     35.183     711.5977 
4    180.000     25.550    270.000     50.869    230.000     36.353    240.000     39.328    1353.5542 
4    180.000     25.550    270.000     50.869    210.000     33.911    220.000     35.384     779.6661 
4    185.000     27.328    275.000     52.310    235.000     37.231    245.000     41.421    1686.6044 
4    185.000     27.328    275.000     52.310    215.000     35.183    225.000     35.627     842.3489 
4    190.000     29.215    280.000     53.556    240.000     39.328    250.000     43.501    1522.0586 
4    190.000     29.215    280.000     53.556    220.000     35.384    230.000     36.353     865.0223 
4    195.000     31.125    285.000     54.403    225.000     35.627    235.000     37.231    1020.8004 
4    195.000     31.125    285.000     54.403    245.000     41.421    255.000     45.428    1326.8202 
4    200.000     31.885    290.000     55.152    250.000     43.501    260.000     47.175    1316.7277 
4    200.000     31.885    290.000     55.152    230.000     36.353    240.000     39.328    1311.7460 
4    205.000     32.572    295.000     56.221    235.000     37.231    245.000     41.421    1515.5204 
4    205.000     32.572    295.000     56.221    255.000     45.428    265.000     48.995    1368.8494 
4    210.000     33.911    300.000     57.362    260.000     47.175    270.000     50.869    1549.5574 
4    210.000     33.911    300.000     57.362    240.000     39.328    250.000     43.501    1364.1101 
4    215.000     35.183    305.000     58.357    245.000     41.421    255.000     45.428    1125.5447 
4    215.000     35.183    305.000     58.357    265.000     48.995    275.000     52.310    1510.8296 
4    220.000     35.384    310.000     59.333    270.000     50.869    280.000     53.556    1552.0779 
4    220.000     35.384    310.000     59.333    250.000     43.501    260.000     47.175    1100.7980 
4    225.000     35.627    315.000     61.665    255.000     45.428    265.000     48.995    1105.9843 
4    225.000     35.627    315.000     61.665    275.000     52.310    285.000     54.403    1634.4503 
4    230.000     36.353    320.000     64.075    280.000     53.556    290.000     55.152    1755.2708 
4    230.000     36.353    320.000     64.075    260.000     47.175    270.000     50.869    1203.1456 
4    235.000     37.231    325.000     66.659    265.000     48.995    275.000     52.310    1171.0314 
4    235.000     37.231    325.000     66.659    285.000     54.403    295.000     56.221    1826.2203 
4    240.000     39.328    330.000     69.296    290.000     55.152    300.000     57.362    1917.7054 
4    240.000     39.328    330.000     69.296    270.000     50.869    280.000     53.556    1227.5424 
4    245.000     41.421    335.000     72.010    275.000     52.310    285.000     54.403    1342.8693 
4    245.000     41.421    335.000     72.010    295.000     56.221    305.000     58.357    2000.0133 
4    250.000     43.501    340.000     74.468    300.000     57.362    310.000     59.333    2384.4849 
4    250.000     43.501    340.000     74.468    280.000     53.556    290.000     55.152    1355.8647 
4    255.000     45.428    345.000     75.030    305.000     58.357    315.000     61.665    2931.6121 
4    255.000     45.428    345.000     75.030    285.000     54.403    295.000     56.221    1391.9213 
4    260.000     47.175    350.000     75.030    290.000     55.152    300.000     57.362    1389.6700 
4    260.000     47.175    350.000     75.030    310.000     59.333    320.000     64.075    3436.6240 
4    265.000     48.995    355.000     75.030    295.000     56.221    305.000     58.357    1520.7660 
4    265.000     48.995    355.000     75.030    315.000     61.665    325.000     66.659    4803.0986 
4      0.000      0.000    330.000     69.296    270.000     50.869    300.000     57.362    2412.1965 
4      0.000      0.000    330.000     69.296     30.000      0.760     60.000      4.360     164.7963 
4     10.000     -0.089    340.000     74.468     40.000      0.815     70.000      4.368     189.5868 
4     10.000     -0.089    340.000     74.468    280.000     53.556    310.000     59.333    2584.8594 
4     20.000      0.559    350.000     75.030     50.000      2.148     80.000      4.760     244.0653 
4     20.000      0.559    350.000     75.030    290.000     55.152    320.000     64.075    3336.7969 
4      0.000      0.000    300.000     57.362     30.000      0.760     60.000      4.360     166.2164 
4      0.000      0.000    300.000     57.362    240.000     39.328    270.000     50.869    2157.3579 
4     10.000     -0.089    310.000     59.333     40.000      0.815     70.000      4.368     195.4505 
4     10.000     -0.089    310.000     59.333    250.000     43.501    280.000     53.556    2181.3064 
4     20.000      0.559    320.000     64.075     50.000      2.148     80.000      4.760     251.8464 
4     20.000      0.559    320.000     64.075    260.000     47.175    290.000     55.152    2334.8132 
4     30.000      0.760    330.000     69.296    270.000     50.869    300.000     57.362    2397.9692 
4     30.000      0.760    330.000     69.296     60.000      4.360     90.000      6.424     295.2978 
4     40.000      0.815    340.000     74.468     70.000      4.368    100.000      9.043     321.4911 
4     40.000      0.815    340.000     74.468    280.000     53.556    310.000     59.333    2570.8320 
4     50.000      2.148    350.000     75.030    290.000     55.152    320.000     64.075    3320.1870 
4     50.000      2.148    350.000     75.030     80.000      4.760    110.000     12.536     300.4440 
4      0.000      0.000    270.000     50.869     30.000      0.760     60.000      4.360     165.8017 
4      0.000      0.000    270.000     50.869    210.000     33.911    240.000     39.328    1337.6976 
4     10.000     -0.089    280.000     53.556    220.000     35.384    250.000     43.501    1768.2921 
4     10.000     -0.089    280.000     53.556     40.000      0.815     70.000      4.368     196.3260 
4     20.000      0.559    290.000     55.152    230.000     36.353    260.000     47.175    1983.1599 
4     20.000      0.559    290.000     55.152     50.000      2.148     80.000      4.760     253.8440 
4     30.000      0.760    300.000     57.362     60.000      4.360     90.000      6.424     301.1301 
4     30.000      0.760    300.000     57.362    240.000     39.328    270.000     50.869    2140.2441 
4     40.000      0.815    310.000     59.333    250.000     43.501    280.000     53.556    2165.3850 
4     40.000      0.815    310.000     59.333     70.000      4.368    100.000      9.043     333.5290 
4     50.000      2.148    320.000     64.075    260.000     47.175    290.000     55.152    2317.4824 
4     50.000      2.148    320.000     64.075     80.000      4.760    110.000     12.536     311.8169 
4     60.000      4.360    330.000     69.296    270.000     50.869    300.000     57.362    2383.4631 
4     60.000      4.360    330.000     69.296     90.000      6.424    120.000     14.792     323.0606 
4     70.000      4.368    340.000     74.468    280.000     53.556    310.000     59.333    2552.8794 
4     70.000      4.368    340.000     74.468    100.000      9.043    130.000     17.736     329.5578 
4     80.000      4.760    350.000     75.030    290.000     55.152    320.000     64.075    3300.4194 
4     80.000      4.760    350.000     75.030    110.000     12.536    140.000     20.415     388.6737 
4     80.000      4.760    120.000     14.792      0.000      0.000     40.000      0.815     192.5444 
4     90.000      6.424    130.000     17.736     10.000     -0.089     50.000      2.148     195.6810 
4    100.000      9.043    140.000     20.415     20.000      0.559     60.000      4.360     205.8673 
4    110.000     12.536    150.000     21.833     30.000      0.760     70.000      4.368     256.7234 
4    120.000     14.792    160.000     22.138     40.000      0.815     80.000      4.760     342.6698 
4    130.000     17.736    170.000     23.281     50.000      2.148     90.000      6.424     430.1016 
4    140.000     20.415    180.000     25.550     60.000      4.360    100.000      9.043     612.6709 
4    150.000     21.833    190.000     29.215     70.000      4.368    110.000     12.536     670.1394 
4    160.000     22.138    200.000     31.885     80.000      4.760    120.000     14.792     731.1290 
4    170.000     23.281    210.000     33.911     90.000      6.424    130.000     17.736     672.8311 
4    180.000     25.550    220.000     35.384    100.000      9.043    140.000     20.415     517.3525 
4    190.000     29.215    230.000     36.353    110.000     12.536    150.000     21.833     385.4583 
4    200.000     31.885    240.000     39.328    120.000     14.792    160.000     22.138     389.5148 
4    210.000     33.911    250.000     43.501    130.000     17.736    170.000     23.281     527.4558 
4    220.000     35.384    260.000     47.175    140.000     20.415    180.000     25.550     727.4572 
4    230.000     36.353    270.000     50.869    150.000     21.833    190.000     29.215     866.6799 
4    240.000     39.328    280.000     53.556    160.000     22.138    200.000     31.885     733.4438 
4    250.000     43.501    290.000     55.152    170.000     23.281    210.000     33.911     617.5491 
4    260.000     47.175    300.000     57.362    180.000     25.550    220.000     35.384     645.1072 
4    270.000     50.869    310.000     59.333    190.000     29.215    230.000     36.353     707.3937 
4    280.000     53.556    320.000     64.075    200.000     31.885    240.000     39.328    1177.9012 
4    290.000     55.152    330.000     69.296    210.000     33.911    250.000     43.501    1707.4003 
4    300.000     57.362    340.000     74.468    220.000     35.384    260.000     47.175    2189.9490 
4    310.000     59.333    350.000     75.030    230.000     36.353    270.000     50.869    2603.4177 
4      0.000      0.000     90.000      6.424     40.000      0.815     50.000      2.148     190.8518 
4      5.000     -0.044     95.000      7.662     45.000      1.469     55.000      3.310     210.3422 
4     10.000     -0.089    100.000      9.043     50.000      2.148     60.000      4.360     219.9115 
4     15.000      0.230    105.000     10.937     55.000      3.310     65.000      4.354     238.9935 
4     20.000      0.559    110.000     12.536     60.000      4.360     70.000      4.368     299.6577 
4     25.000      0.660    115.000     13.572     65.000      4.354     75.000      4.528     393.7923 
4     30.000      0.760    120.000     14.792     70.000      4.368     80.000      4.760     426.3833 
4     35.000      0.785    125.000     16.266     75.000      4.528     85.000      5.567     389.5198 
4     40.000      0.815    130.000     17.736     80.000      4.760     90.000      6.424     416.4747 
4     45.000      1.469    135.000     19.201     85.000      5.567     95.000      7.662     452.7600 
4     50.000      2.148    140.000     20.415     90.000      6.424    100.000      9.043     476.1209 
4     55.000      3.310    145.000     21.469     95.000      7.662    105.000     10.937     491.6593 
4     60.000      4.360    150.000     21.833    100.000      9.043    110.000     12.536     451.4091 
4     65.000      4.354    155.000     21.838    105.000     10.937    115.000     13.572     453.0868 
4     70.000      4.368    160.000     22.138    110.000     12.536    120.000     14.792     491.4645 
4     75.000      4.528    165.000     22.600    115.000     13.572    125.000     16.266     522.7359 
4     80.000      4.760    170.000     23.281    120.000     14.792    130.000     17.736     517.9104 
4     85.000      5.567    175.000     24.058    125.000     16.266    135.000     19.201     497.8356 
4     90.000      6.424    180.000     25.550    130.000     17.736    140.000     20.415     464.5033 
4     95.000      7.662    185.000     27.328    135.000     19.201    145.000     21.469     428.3876 
4    100.000      9.043    190.000     29.215    140.000     20.415    150.000     21.833     430.6558 
4    105.000     10.937    195.000     31.125    145.000     21.469    155.000     21.838     423.4553 
4    110.000     12.536    200.000     31.885    150.000     21.833    160.000     22.138     443.3792 
4    115.000     13.572    205.000     32.572    155.000     21.838    165.000     22.600     552.8323 
4    120.000     14.792    210.000     33.911    160.000     22.138    170.000     23.281     736.4899 
4    125.000     16.266    215.000     35.183    165.000     22.600    175.000     24.058     871.6160 
4    130.000     17.736    220.000     35.384    170.000     23.281    180.000     25.550     938.4692 
4    135.000     19.201    225.000     35.627    175.000     24.058    185.000     27.328    1018.5295 
4    140.000     20.415    230.000     36.353    180.000     25.550    190.000     29.215     872.7219 
4    145.000     21.469    235.000     37.231    185.000     27.328    195.000     31.125     637.4418 
4    150.000     21.833    240.000     39.328    190.000     29.215    200.000     31.885     580.0888 
4    155.000     21.838    245.000     41.421    195.000     31.125    205.000     32.572     571.1164 
4    160.000     22.138    250.000     43.501    200.000     31.885    210.000     33.911     606.9431 
4    165.000     22.600    255.000     45.428    205.000     32.572    215.000     35.183     662.9829 
4    170.000     23.281    260.000     47.175    210.000     33.911    220.000     35.384     713.2860 
4    175.000     24.058    265.000     48.995    215.000     35.183    225.000     35.627     769.7593 
4    180.000     25.550    270.000     50.869    220.000     35.384    230.000     36.353     836.3862 
4    185.000     27.328    275.000     52.310    225.000     35.627    235.000     37.231    1081.2230 
4    190.000     29.215    280.000     53.556    230.000     36.353    240.000     39.328    1458.3965 
4    195.000     31.125    285.000     54.403    235.000     37.231    245.000     41.421    1735.7426 
4    200.000     31.885    290.000     55.152    240.000     39.328    250.000     43.501    1552.4745 
4    205.000     32.572    295.000     56.221    245.000     41.421    255.000     45.428    1325.9658 
4    210.000     33.911    300.000     57.362    250.000     43.501    260.000     47.175    1329.6414 
4    220.000     35.384    310.000     59.333    260.000     47.175    270.000     50.869    1483.0077 
4    225.000     35.627    315.000     61.665    265.000     48.995    275.000     52.310    1421.5645 
4    230.000     36.353    320.000     64.075    270.000     50.869    280.000     53.556    1446.4019 
4    235.000     37.231    325.000     66.659    275.000     52.310    285.000     54.403    1536.9551 
4    240.000     39.328    330.000     69.296    280.000     53.556    290.000     55.152    1667.7836 
4    245.000     41.421    335.000     72.010    285.000     54.403    295.000     56.221    1731.4762 
4    250.000     43.501    340.000     74.468    290.000     55.152    300.000     57.362    1690.7675 
4    255.000     45.428    345.000     75.030    295.000     56.221    305.000     58.357    1757.0426 
4    260.000     47.175    350.000     75.030    300.000     57.362    310.000     59.333    2098.1504 
4    265.000     48.995    355.000     75.030    305.000     58.357    315.000     61.665    2739.3430 
4     70.000      4.368     80.000      4.760      0.000      0.000     10.000     -0.089     236.5544 
4     80.000      4.760     90.000      6.424     10.000     -0.089     20.000      0.559     188.1035 
4     90.000      6.424    100.000      9.043     20.000      0.559     30.000      0.760     196.1259 
4    100.000      9.043    110.000     12.536     30.000      0.760     40.000      0.815     166.2531 
4    110.000     12.536    120.000     14.792     40.000      0.815     50.000      2.148     195.4925 
4    120.000     14.792    130.000     17.736     50.000      2.148     60.000      4.360     240.0378 
4    130.000     17.736    140.000     20.415     60.000      4.360     70.000      4.368     321.0004 
4    140.000     20.415    150.000     21.833     70.000      4.368     80.000      4.760     429.9358 
4    150.000     21.833    160.000     22.138     80.000      4.760     90.000      6.424     441.7582 
4    160.000     22.138    170.000     23.281     90.000      6.424    100.000      9.043     842.7712 
4    170.000     23.281    180.000     25.550    100.000      9.043    110.000     12.536     888.0553 
4    180.000     25.550    190.000     29.215    110.000     12.536    120.000     14.792     678.2070 
4    190.000     29.215    200.000     31.885    120.000     14.792    130.000     17.736     414.9466 
4    200.000     31.885    210.000     33.911    130.000     17.736    140.000     20.415     408.5076 
4    210.000     33.911    220.000     35.384    140.000     20.415    150.000     21.833     366.4957 
4    220.000     35.384    230.000     36.353    150.000     21.833    160.000     22.138     342.1119 
4    230.000     36.353    240.000     39.328    160.000     22.138    170.000     23.281     830.4210 
4    240.000     39.328    250.000     43.501    170.000     23.281    180.000     25.550    1039.8470 
4    250.000     43.501    260.000     47.175    180.000     25.550    190.000     29.215     686.0182 
4    260.000     47.175    270.000     50.869    190.000     29.215    200.000     31.885     561.5660 
4    270.000     50.869    280.000     53.556    200.000     31.885    210.000     33.911     561.1437 
4    280.000     53.556    290.000     55.152    210.000     33.911    220.000     35.384     706.1797 
4    290.000     55.152    300.000     57.362    220.000     35.384    230.000     36.353     836.4377 
4    300.000     57.362    310.000     59.333    230.000     36.353    240.000     39.328    1854.6454 
4    310.000     59.333    320.000     64.075    240.000     39.328    250.000     43.501    2372.2996 
4    320.000     64.075    330.000     69.296    250.000     43.501    260.000     47.175    2539.0803 
4    330.000     69.296    340.000     74.468    260.000     47.175    270.000     50.869    3242.5156 
4    340.000     74.468    350.000     75.030    270.000     50.869    280.000     53.556    2508.9966 
4     80.000      4.760    100.000      9.043      0.000      0.000     20.000      0.559     224.6490 
4     90.000      6.424    110.000     12.536     10.000     -0.089     30.000      0.760     207.3074 
4    100.000      9.043    120.000     14.792     20.000      0.559     40.000      0.815     187.2138 
4    110.000     12.536    130.000     17.736     30.000      0.760     50.000      2.148     211.3412 
4    120.000     14.792    140.000     20.415     40.000      0.815     60.000      4.360     243.3101 
4    130.000     17.736    150.000     21.833     50.000      2.148     70.000      4.368     298.9163 
4    140.000     20.415    160.000     22.138     60.000      4.360     80.000      4.760     407.0373 
4    150.000     21.833    170.000     23.281     70.000      4.368     90.000      6.424     583.0168 
4    160.000     22.138    180.000     25.550     80.000      4.760    100.000      9.043     857.4663 
4    170.000     23.281    190.000     29.215     90.000      6.424    110.000     12.536     862.7064 
4    180.000     25.550    200.000     31.885    100.000      9.043    120.000     14.792     596.0606 
4    190.000     29.215    210.000     33.911    110.000     12.536    130.000     17.736     436.3295 
4    200.000     31.885    220.000     35.384    120.000     14.792    140.000     20.415     430.4861 
4    210.000     33.911    230.000     36.353    130.000     17.736    150.000     21.833     387.4338 
4    220.000     35.384    240.000     39.328    140.000     20.415    160.000     22.138     412.3906 
4    230.000     36.353    250.000     43.501    150.000     21.833    170.000     23.281     670.1771 
4    240.000     39.328    260.000     47.175    160.000     22.138    180.000     25.550     819.8426 
4    250.000     43.501    270.000     50.869    170.000     23.281    190.000     29.215     735.7359 
4    260.000     47.175    280.000     53.556    180.000     25.550    200.000     31.885     687.8203 
4    270.000     50.869    290.000     55.152    190.000     29.215    210.000     33.911     588.2192 
4    280.000     53.556    300.000     57.362    200.000     31.885    220.000     35.384     751.2302 
4    290.000     55.152    310.000     59.333    210.000     33.911    230.000     36.353     971.3929 
4    300.000     57.362    320.000     64.075    220.000     35.384    240.000     39.328    1807.5593 
4    310.000     59.333    330.000     69.296    230.000     36.353    250.000     43.501    2820.1953 
4    320.000     64.075    340.000     74.468    240.000     39.328    260.000     47.175    3241.2566 
4    330.000     69.296    350.000     75.030    250.000     43.501    270.000     50.869    3157.7532 
4     80.000      4.760     90.000      6.424      0.000      0.000     10.000     -0.089     239.5628 
4     90.000      6.424    100.000      9.043     10.000     -0.089     20.000      0.559     223.4125 
4    100.000      9.043    110.000     12.536     20.000      0.559     30.000      0.760     193.8036 
4    110.000     12.536    120.000     14.792     30.000      0.760     40.000      0.815     190.4785 
4    120.000     14.792    130.000     17.736     40.000      0.815     50.000      2.148     239.7211 
4    130.000     17.736    140.000     20.415     50.000      2.148     60.000      4.360     258.0881 
4    140.000     20.415    150.000     21.833     60.000      4.360     70.000      4.368     331.8728 
4    150.000     21.833    160.000     22.138     70.000      4.368     80.000      4.760     491.6341 
4    160.000     22.138    170.000     23.281     80.000      4.760     90.000      6.424     810.3651 
4    170.000     23.281    180.000     25.550     90.000      6.424    100.000      9.043    1170.1050 
4    180.000     25.550    190.000     29.215    100.000      9.043    110.000     12.536     294.0305 
4    190.000     29.215    200.000     31.885    110.000     12.536    120.000     14.792     419.2744 
4    200.000     31.885    210.000     33.911    120.000     14.792    130.000     17.736     454.5834 
4    210.000     33.911    220.000     35.384    130.000     17.736    140.000     20.415     417.8494 
4    220.000     35.384    230.000     36.353    140.000     20.415    150.000     21.833     358.7900 
4    230.000     36.353    240.000     39.328    150.000     21.833    160.000     22.138     476.2755 
4    240.000     39.328    250.000     43.501    160.000     22.138    170.000     23.281     754.4723 
4    250.000     43.501    260.000     47.175    170.000     23.281    180.000     25.550     736.4220 
4    260.000     47.175    270.000     50.869    180.000     25.550    190.000     29.215     751.6223 
4    270.000     50.869    280.000     53.556    190.000     29.215    200.000     31.885     532.9598 
4    280.000     53.556    290.000     55.152    200.000     31.885    210.000     33.911     664.8540 
4    290.000     55.152    300.000     57.362    210.000     33.911    220.000     35.384     852.3242 
4    300.000     57.362    310.000     59.333    220.000     35.384    230.000     36.353    1171.3718 
4    310.000     59.333    320.000     64.075    230.000     36.353    240.000     39.328    2499.0212 
4    320.000     64.075    330.000     69.296    240.000     39.328    250.000     43.501    3334.5620 
4    330.000     69.296    340.000     74.468    250.000     43.501    260.000     47.175    3389.3462 
4    340.000     74.468    350.000     75.030    260.000     47.175    270.000     50.869    2915.2874 
4      0.000      0.000    180.000     25.550    120.000     14.792    140.000     20.415     593.0485 
4      0.000      0.000    180.000     25.550     40.000      0.815     60.000      4.360     207.4403 
4      5.000     -0.044    185.000     27.328     45.000      1.469     65.000      4.354     227.8063 
4      5.000     -0.044    185.000     27.328    125.000     16.266    145.000     21.469     517.8586 
4     10.000     -0.089    190.000     29.215     50.000      2.148     70.000      4.368     261.0833 
4     10.000     -0.089    190.000     29.215    130.000     17.736    150.000     21.833     492.4060 
4     15.000      0.230    195.000     31.125    135.000     19.201    155.000     21.838     457.3279 
4     15.000      0.230    195.000     31.125     55.000      3.310     75.000      4.528     314.9243 
4     20.000      0.559    200.000     31.885    140.000     20.415    160.000     22.138     472.0796 
4     20.000      0.559    200.000     31.885     60.000      4.360     80.000      4.760     359.9973 
4     30.000      0.760    210.000     33.911    150.000     21.833    170.000     23.281     659.6685 
4     30.000      0.760    210.000     33.911     70.000      4.368     90.000      6.424     402.3918 
4     40.000      0.815    220.000     35.384    160.000     22.138    180.000     25.550     973.4183 
4     40.000      0.815    220.000     35.384     80.000      4.760    100.000      9.043     394.3827 
4     50.000      2.148    230.000     36.353    170.000     23.281    190.000     29.215    1085.1971 
4     50.000      2.148    230.000     36.353     90.000      6.424    110.000     12.536     382.8637 
4     60.000      4.360    240.000     39.328    180.000     25.550    200.000     31.885     881.5504 
4     60.000      4.360    240.000     39.328    100.000      9.043    120.000     14.792     369.6162 
4     70.000      4.368    250.000     43.501    190.000     29.215    210.000     33.911     785.5128 
4     70.000      4.368    250.000     43.501    110.000     12.536    130.000     17.736     403.1967 
4     80.000      4.760    260.000     47.175    200.000     31.885    220.000     35.384     916.2590 
4     80.000      4.760    260.000     47.175    120.000     14.792    140.000     20.415     454.1744 
4     90.000      6.424    270.000     50.869    210.000     33.911    230.000     36.353    1034.2196 
4     90.000      6.424    270.000     50.869    130.000     17.736    150.000     21.833     475.9325 
4    100.000      9.043    280.000     53.556    140.000     20.415    160.000     22.138     506.3594 
4    100.000      9.043    280.000     53.556    220.000     35.384    240.000     39.328    1614.4296 
4    105.000     10.937    285.000     54.403    225.000     35.627    245.000     41.421    2030.9397 
4    105.000     10.937    285.000     54.403    145.000     21.469    165.000     22.600     568.2953 
4    110.000     12.536    290.000     55.152    230.000     36.353    250.000     43.501    2185.6804 
4    110.000     12.536    290.000     55.152    150.000     21.833    170.000     23.281     660.9945 
4    115.000     13.572    295.000     56.221    235.000     37.231    255.000     45.428    2262.1304 
4    115.000     13.572    295.000     56.221    155.000     21.838    175.000     24.058     781.4291 
4    120.000     14.792    300.000     57.362    160.000     22.138    180.000     25.550     897.6479 
4    120.000     14.792    300.000     57.362    240.000     39.328    260.000     47.175    2198.2485 
4    130.000     17.736    310.000     59.333    170.000     23.281    190.000     29.215     927.8704 
4    130.000     17.736    310.000     59.333    250.000     43.501    270.000     50.869    2212.8945 
4    140.000     20.415    320.000     64.075    180.000     25.550    200.000     31.885     728.4656 
4    140.000     20.415    320.000     64.075    260.000     47.175    280.000     53.556    2275.1670 
4    150.000     21.833    330.000     69.296    190.000     29.215    210.000     33.911     573.2433 
4    150.000     21.833    330.000     69.296    270.000     50.869    290.000     55.152    2292.7817 
4    160.000     22.138    340.000     74.468    200.000     31.885    220.000     35.384     587.4869 
4    160.000     22.138    340.000     74.468    280.000     53.556    300.000     57.362    2186.9341 
4    170.000     23.281    350.000     75.030    290.000     55.152    310.000     59.333    2431.0950 
4    170.000     23.281    350.000     75.030    210.000     33.911    230.000     36.353     668.7333 
4    100.000      9.043    150.000     21.833      0.000      0.000     50.000      2.148     219.7576 
4    110.000     12.536    160.000     22.138     10.000     -0.089     60.000      4.360     234.4508 
4    120.000     14.792    170.000     23.281     20.000      0.559     70.000      4.368     289.1145 
4    130.000     17.736    180.000     25.550     30.000      0.760     80.000      4.760     390.9021 
4    140.000     20.415    190.000     29.215     40.000      0.815     90.000      6.424     504.8571 
4    150.000     21.833    200.000     31.885     50.000      2.148    100.000      9.043     629.8768 
4    160.000     22.138    210.000     33.911     60.000      4.360    110.000     12.536     722.7957 
4    170.000     23.281    220.000     35.384     70.000      4.368    120.000     14.792     674.7670 
4    180.000     25.550    230.000     36.353     80.000      4.760    130.000     17.736     534.7242 
4    190.000     29.215    240.000     39.328     90.000      6.424    140.000     20.415     453.6711 
4    200.000     31.885    250.000     43.501    100.000      9.043    150.000     21.833     451.1547 
4    210.000     33.911    260.000     47.175    110.000     12.536    160.000     22.138     428.8839 
4    220.000     35.384    270.000     50.869    120.000     14.792    170.000     23.281     536.9484 
4    230.000     36.353    280.000     53.556    130.000     17.736    180.000     25.550     693.6636 
4    240.000     39.328    290.000     55.152    140.000     20.415    190.000     29.215     725.7267 
4    250.000     43.501    300.000     57.362    150.000     21.833    200.000     31.885     644.7868 
4    260.000     47.175    310.000     59.333    160.000     22.138    210.000     33.911     725.2650 
4    270.000     50.869    320.000     64.075    170.000     23.281    220.000     35.384     847.2875 
4    280.000     53.556    330.000     69.296    180.000     25.550    230.000     36.353    1157.8340 
4    290.000     55.152    340.000     74.468    190.000     29.215    240.000     39.328    1687.9117 
4    300.000     57.362    350.000     75.030    200.000     31.885    250.000     43.501    2363.3857 
4     90.000      6.424    120.000     14.792      0.000      0.000     30.000      0.760     226.9637 
4    100.000      9.043    130.000     17.736     10.000     -0.089     40.000      0.815     213.0075 
4    110.000     12.536    140.000     20.415     20.000      0.559     50.000      2.148     223.6613 
4    120.000     14.792    150.000     21.833     30.000      0.760     60.000      4.360     244.3581 
4    130.000     17.736    160.000     22.138     40.000      0.815     70.000      4.368     291.0447 
4    140.000     20.415    170.000     23.281     50.000      2.148     80.000      4.760     450.3988 
4    150.000     21.833    180.000     25.550     60.000      4.360     90.000      6.424     613.2364 
4    160.000     22.138    190.000     29.215     70.000      4.368    100.000      9.043     834.5000 
4    170.000     23.281    200.000     31.885     80.000      4.760    110.000     12.536     768.8810 
4    180.000     25.550    210.000     33.911     90.000      6.424    120.000     14.792     592.2681 
4    190.000     29.215    220.000     35.384    100.000      9.043    130.000     17.736     450.1500 
4    200.000     31.885    230.000     36.353    110.000     12.536    140.000     20.415     437.1664 
4    210.000     33.911    240.000     39.328    120.000     14.792    150.000     21.833     439.6093 
4    220.000     35.384    250.000     43.501    130.000     17.736    160.000     22.138     443.4320 
4    230.000     36.353    260.000     47.175    140.000     20.415    170.000     23.281     590.0288 
4    240.000     39.328    270.000     50.869    150.000     21.833    180.000     25.550     709.8893 
4    250.000     43.501    280.000     53.556    160.000     22.138    190.000     29.215     703.1713 
4    260.000     47.175    290.000     55.152    170.000     23.281    200.000     31.885     689.4413 
4    270.000     50.869    300.000     57.362    180.000     25.550    210.000     33.911     677.2947 
4    280.000     53.556    310.000     59.333    190.000     29.215    220.000     35.384     817.6485 
4    290.000     55.152    320.000     64.075    200.000     31.885    230.000     36.353    1122.7625 
4    300.000     57.362    330.000     69.296    210.000     33.911    240.000     39.328    1959.2078 
4    310.000     59.333    340.000     74.468    220.000     35.384    250.000     43.501    2936.3914 
4    320.000     64.075    350.000     75.030    230.000     36.353    260.000     47.175    3408.5273 
4    100.000      9.043    120.000     14.792      0.000      0.000     20.000      0.559     248.3618 
4    110.000     12.536    130.000     17.736     10.000     -0.089     30.000      0.760     253.7150 
4    120.000     14.792    140.000     20.415     20.000      0.559     40.000      0.815     241.2743 
4    130.000     17.736    150.000     21.833     30.000      0.760     50.000      2.148     237.8814 
4    140.000     20.415    160.000     22.138     40.000      0.815     60.000      4.360     267.8899 
4    150.000     21.833    170.000     23.281     50.000      2.148     70.000      4.368     406.9242 
4    160.000     22.138    180.000     25.550     60.000      4.360     80.000      4.760     731.8906 
4    170.000     23.281    190.000     29.215     70.000      4.368     90.000      6.424     831.4916 
4    180.000     25.550    200.000     31.885     80.000      4.760    100.000      9.043     666.8219 
4    190.000     29.215    210.000     33.911     90.000      6.424    110.000     12.536     500.7950 
4    200.000     31.885    220.000     35.384    100.000      9.043    120.000     14.792     473.5762 
4    210.000     33.911    230.000     36.353    110.000     12.536    130.000     17.736     456.1592 
4    220.000     35.384    240.000     39.328    120.000     14.792    140.000     20.415     504.7157 
4    230.000     36.353    250.000     43.501    130.000     17.736    150.000     21.833     538.7957 
4    240.000     39.328    260.000     47.175    140.000     20.415    160.000     22.138     418.4601 
4    250.000     43.501    270.000     50.869    150.000     21.833    170.000     23.281     488.7313 
4    260.000     47.175    280.000     53.556    160.000     22.138    180.000     25.550     602.1302 
4    270.000     50.869    290.000     55.152    170.000     23.281    190.000     29.215     808.0428 
4    280.000     53.556    300.000     57.362    180.000     25.550    200.000     31.885     777.3557 
4    290.000     55.152    310.000     59.333    190.000     29.215    210.000     33.911     906.5128 
4    300.000     57.362    320.000     64.075    200.000     31.885    220.000     35.384    1372.1722 
4    310.000     59.333    330.000     69.296    210.000     33.911    230.000     36.353    1894.2296 
4    320.000     64.075    340.000     74.468    220.000     35.384    240.000     39.328    3309.4543 
4    330.000     69.296    350.000     75.030    230.000     36.353    250.000     43.501    4170.8037 
4    120.000     14.792    160.000     22.138      0.000      0.000     40.000      0.815     267.0002 
4    130.000     17.736    170.000     23.281     10.000     -0.089     50.000      2.148     263.6827 
4    140.000     20.415    180.000     25.550     20.000      0.559     60.000      4.360     150.4647 
4    150.000     21.833    190.000     29.215     30.000      0.760     70.000      4.368     432.6350 
4    160.000     22.138    200.000     31.885     40.000      0.815     80.000      4.760     587.3522 
4    170.000     23.281    210.000     33.911     50.000      2.148     90.000      6.424     601.6175 
4    180.000     25.550    220.000     35.384     60.000      4.360    100.000      9.043     378.1070 
4    190.000     29.215    230.000     36.353     70.000      4.368    110.000     12.536     492.0186 
4    200.000     31.885    240.000     39.328     80.000      4.760    120.000     14.792     515.7239 
4    210.000     33.911    250.000     43.501     90.000      6.424    130.000     17.736     538.1624 
4    220.000     35.384    260.000     47.175    100.000      9.043    140.000     20.415     518.8303 
4    230.000     36.353    270.000     50.869    110.000     12.536    150.000     21.833     518.6794 
4    240.000     39.328    280.000     53.556    120.000     14.792    160.000     22.138     444.6384 
4    250.000     43.501    290.000     55.152    130.000     17.736    170.000     23.281     474.6469 
4    260.000     47.175    300.000     57.362    140.000     20.415    180.000     25.550     647.3993 
4    270.000     50.869    310.000     59.333    150.000     21.833    190.000     29.215     820.5740 
4    280.000     53.556    320.000     64.075    160.000     22.138    200.000     31.885    1031.5081 
4    290.000     55.152    330.000     69.296    170.000     23.281    210.000     33.911    1353.5490 
4    300.000     57.362    340.000     74.468    180.000     25.550    220.000     35.384    2031.1377 
4    310.000     59.333    350.000     75.030    190.000     29.215    230.000     36.353    2094.1104 
4    120.000     14.792    150.000     21.833      0.000      0.000     30.000      0.760     287.7196 
4    130.000     17.736    160.000     22.138     10.000     -0.089     40.000      0.815     247.9093 
4    140.000     20.415    170.000     23.281     20.000      0.559     50.000      2.148     255.0910 
4    150.000     21.833    180.000     25.550     30.000      0.760     60.000      4.360     568.8231 
4    160.000     22.138    190.000     29.215     40.000      0.815     70.000      4.368     529.0128 
4    170.000     23.281    200.000     31.885     50.000      2.148     80.000      4.760     576.0613 
4    180.000     25.550    210.000     33.911     60.000      4.360     90.000      6.424     566.2218 
4    190.000     29.215    220.000     35.384     70.000      4.368    100.000      9.043     508.0332 
4    200.000     31.885    230.000     36.353     80.000      4.760    110.000     12.536     502.7742 
4    210.000     33.911    240.000     39.328     90.000      6.424    120.000     14.792     530.9354 
4    220.000     35.384    250.000     43.501    100.000      9.043    130.000     17.736     561.5848 
4    230.000     36.353    260.000     47.175    110.000     12.536    140.000     20.415     557.8526 
4    240.000     39.328    270.000     50.869    120.000     14.792    150.000     21.833     475.2916 
4    250.000     43.501    280.000     53.556    130.000     17.736    160.000     22.138     383.2303 
4    260.000     47.175    290.000     55.152    140.000     20.415    170.000     23.281     505.1493 
4    270.000     50.869    300.000     57.362    150.000     21.833    180.000     25.550     710.8167 
4    280.000     53.556    310.000     59.333    160.000     22.138    190.000     29.215     985.4736 
4    290.000     55.152    320.000     64.075    170.000     23.281    200.000     31.885    1197.3049 
4    300.000     57.362    330.000     69.296    180.000     25.550    210.000     33.911    2102.3098 
4    310.000     59.333    340.000     74.468    190.000     29.215    220.000     35.384    2023.0852 
4    320.000     64.075    350.000     75.030    200.000     31.885    230.000     36.353    2385.7883 
4    120.000     14.792    140.000     20.415      0.000      0.000     20.000      0.559     296.0888 
4    130.000     17.736    150.000     21.833     10.000     -0.089     30.000      0.760     246.8726 
4    140.000     20.415    160.000     22.138     20.000      0.559     40.000      0.815     256.6367 
4    150.000     21.833    170.000     23.281     30.000      0.760     50.000      2.148     378.6876 
4    160.000     22.138    180.000     25.550     40.000      0.815     60.000      4.360     485.0367 
4    170.000     23.281    190.000     29.215     50.000      2.148     70.000      4.368     570.5383 
4    180.000     25.550    200.000     31.885     60.000      4.360     80.000      4.760     571.8578 
4    190.000     29.215    210.000     33.911     70.000      4.368     90.000      6.424     490.8424 
4    200.000     31.885    220.000     35.384     80.000      4.760    100.000      9.043     523.5652 
4    210.000     33.911    230.000     36.353     90.000      6.424    110.000     12.536     502.9816 
4    220.000     35.384    240.000     39.328    100.000      9.043    120.000     14.792     550.6144 
4    230.000     36.353    250.000     43.501    110.000     12.536    130.000     17.736     628.8589 
4    240.000     39.328    260.000     47.175    120.000     14.792    140.000     20.415     512.6136 
4    250.000     43.501    270.000     50.869    130.000     17.736    150.000     21.833     405.7367 
4    260.000     47.175    280.000     53.556    140.000     20.415    160.000     22.138     394.3893 
4    270.000     50.869    290.000     55.152    150.000     21.833    170.000     23.281     541.1142 
4    280.000     53.556    300.000     57.362    160.000     22.138    180.000     25.550     892.7526 
4    290.000     55.152    310.000     59.333    170.000     23.281    190.000     29.215    1140.1531 
4    300.000     57.362    320.000     64.075    180.000     25.550    200.000     31.885    1359.0530 
4    310.000     59.333    330.000     69.296    190.000     29.215    210.000     33.911    1748.0323 
4    320.000     64.075    340.000     74.468    200.000     31.885    220.000     35.384    2354.5923 
4    330.000     69.296    350.000     75.030    210.000     33.911    230.000     36.353    2583.2561 
4      0.000      0.000    330.000     69.296     60.000      4.360     90.000      6.424     555.5620 
4      0.000      0.000    330.000     69.296    240.000     39.328    270.000     50.869    2967.3225 
4     10.000     -0.089    340.000     74.468     70.000      4.368    100.000      9.043     587.0170 
4     10.000     -0.089    340.000     74.468    250.000     43.501    280.000     53.556    2563.5547 
4     20.000      0.559    350.000     75.030     80.000      4.760    110.000     12.536     541.7188 
4     20.000      0.559    350.000     75.030    260.000     47.175    290.000     55.152    2468.0728 
4      0.000      0.000    180.000     25.550     60.000      4.360     80.000      4.760     522.9836 
4      0.000      0.000    180.000     25.550    100.000      9.043    120.000     14.792     657.7310 
4      5.000     -0.044    185.000     27.328     65.000      4.354     85.000      5.567     545.3877 
4      5.000     -0.044    185.000     27.328    105.000     10.937    125.000     16.266     618.0177 
4     10.000     -0.089    190.000     29.215    110.000     12.536    130.000     17.736     621.1736 
4     10.000     -0.089    190.000     29.215     70.000      4.368     90.000      6.424     569.7951 
4     15.000      0.230    195.000     31.125    115.000     13.572    135.000     19.201     624.7389 
4     15.000      0.230    195.000     31.125     75.000      4.528     95.000      7.662     549.4376 
4     20.000      0.559    200.000     31.885     80.000      4.760    100.000      9.043     564.5065 
4     20.000      0.559    200.000     31.885    120.000     14.792    140.000     20.415     612.9768 
4     30.000      0.760    210.000     33.911     90.000      6.424    110.000     12.536     548.8021 
4     30.000      0.760    210.000     33.911    130.000     17.736    150.000     21.833     572.4448 
4     40.000      0.815    220.000     35.384    100.000      9.043    120.000     14.792     513.9250 
4     40.000      0.815    220.000     35.384    140.000     20.415    160.000     22.138     548.8883 
4     50.000      2.148    230.000     36.353    110.000     12.536    130.000     17.736     519.3322 
4     50.000      2.148    230.000     36.353    150.000     21.833    170.000     23.281     725.5894 
4     60.000      4.360    240.000     39.328    120.000     14.792    140.000     20.415     521.7665 
4     60.000      4.360    240.000     39.328    160.000     22.138    180.000     25.550     998.2078 
4     70.000      4.368    250.000     43.501    130.000     17.736    150.000     21.833     503.7248 
4     70.000      4.368    250.000     43.501    170.000     23.281    190.000     29.215    1045.9995 
4     80.000      4.760    260.000     47.175    140.000     20.415    160.000     22.138     519.5584 
4     80.000      4.760    260.000     47.175    180.000     25.550    200.000     31.885     952.4519 
4     90.000      6.424    270.000     50.869    150.000     21.833    170.000     23.281     698.9739 
4     90.000      6.424    270.000     50.869    190.000     29.215    210.000     33.911     938.2016 
4    100.000      9.043    280.000     53.556    160.000     22.138    180.000     25.550    1000.9222 
4    100.000      9.043    280.000     53.556    200.000     31.885    220.000     35.384    1119.7714 
4    105.000     10.937    285.000     54.403    165.000     22.600    185.000     27.328    1121.5593 
4    105.000     10.937    285.000     54.403    205.000     32.572    225.000     35.627    1200.6952 
4    110.000     12.536    290.000     55.152    210.000     33.911    230.000     36.353    1299.4346 
4    110.000     12.536    290.000     55.152    170.000     23.281    190.000     29.215    1101.8912 
4    115.000     13.572    295.000     56.221    215.000     35.183    235.000     37.231    1517.2493 
4    115.000     13.572    295.000     56.221    175.000     24.058    195.000     31.125    1014.4615 
4    120.000     14.792    300.000     57.362    220.000     35.384    240.000     39.328    1931.3040 
4    120.000     14.792    300.000     57.362    180.000     25.550    200.000     31.885     934.5179 
4    130.000     17.736    310.000     59.333    230.000     36.353    250.000     43.501    2534.5112 
4    130.000     17.736    310.000     59.333    190.000     29.215    210.000     33.911     836.2848 
4    140.000     20.415    320.000     64.075    200.000     31.885    220.000     35.384     895.4293 
4    140.000     20.415    320.000     64.075    240.000     39.328    260.000     47.175    2410.0288 
4    150.000     21.833    330.000     69.296    250.000     43.501    270.000     50.869    2244.1741 
4    150.000     21.833    330.000     69.296    210.000     33.911    230.000     36.353     921.0862 
4    160.000     22.138    340.000     74.468    260.000     47.175    280.000     53.556    2043.7119 
4    160.000     22.138    340.000     74.468    220.000     35.384    240.000     39.328    1134.9049 
4    170.000     23.281    350.000     75.030    270.000     50.869    290.000     55.152    1959.8152 
4    170.000     23.281    350.000     75.030    230.000     36.353    250.000     43.501    1418.7037 
4      0.000      0.000    300.000     57.362     60.000      4.360     90.000      6.424     570.5009 
4      0.000      0.000    300.000     57.362    210.000     33.911    240.000     39.328    2184.2947 
4     10.000     -0.089    310.000     59.333     70.000      4.368    100.000      9.043     620.6986 
4     10.000     -0.089    310.000     59.333    220.000     35.384    250.000     43.501    2791.4072 
4     20.000      0.559    320.000     64.075     80.000      4.760    110.000     12.536     574.7504 
4     20.000      0.559    320.000     64.075    230.000     36.353    260.000     47.175    3036.3687 
4     30.000      0.760    330.000     69.296     90.000      6.424    120.000     14.792     538.4352 
4     30.000      0.760    330.000     69.296    240.000     39.328    270.000     50.869    2906.4309 
4     40.000      0.815    340.000     74.468    100.000      9.043    130.000     17.736     500.2915 
4     40.000      0.815    340.000     74.468    250.000     43.501    280.000     53.556    2513.4707 
4     50.000      2.148    350.000     75.030    110.000     12.536    140.000     20.415     483.3547 
4     50.000      2.148    350.000     75.030    260.000     47.175    290.000     55.152    2417.7542 
4      0.000      0.000    270.000     50.869    180.000     25.550    210.000     33.911    1157.6163 
4      0.000      0.000    270.000     50.869     60.000      4.360     90.000      6.424     563.7068 
4     10.000     -0.089    280.000     53.556     70.000      4.368    100.000      9.043     603.2117 
4     10.000     -0.089    280.000     53.556    190.000     29.215    220.000     35.384    1263.5928 
4     20.000      0.559    290.000     55.152     80.000      4.760    110.000     12.536     586.9030 
4     20.000      0.559    290.000     55.152    200.000     31.885    230.000     36.353    1484.3728 
4     30.000      0.760    300.000     57.362     90.000      6.424    120.000     14.792     562.1135 
4     30.000      0.760    300.000     57.362    210.000     33.911    240.000     39.328    2120.8945 
4     40.000      0.815    310.000     59.333    100.000      9.043    130.000     17.736     542.2523 
4     40.000      0.815    310.000     59.333    220.000     35.384    250.000     43.501    2711.5186 
4     50.000      2.148    320.000     64.075    230.000     36.353    260.000     47.175    2946.9250 
4     50.000      2.148    320.000     64.075    110.000     12.536    140.000     20.415     521.3815 
4     60.000      4.360    330.000     69.296    240.000     39.328    270.000     50.869    2828.1035 
4     60.000      4.360    330.000     69.296    120.000     14.792    150.000     21.833     517.7003 
4     70.000      4.368    340.000     74.468    250.000     43.501    280.000     53.556    2441.5850 
4     70.000      4.368    340.000     74.468    130.000     17.736    160.000     22.138     477.0771 
4     80.000      4.760    350.000     75.030    260.000     47.175    290.000     55.152    2358.4385 
4     80.000      4.760    350.000     75.030    140.000     20.415    170.000     23.281     580.2827 
4      0.000      0.000    180.000     25.550     80.000      4.760    100.000      9.043     693.6511 
4      5.000     -0.044    185.000     27.328     85.000      5.567    105.000     10.937     690.5346 
4     10.000     -0.089    190.000     29.215     90.000      6.424    110.000     12.536     657.9501 
4     15.000      0.230    195.000     31.125     95.000      7.662    115.000     13.572     638.9874 
4     20.000      0.559    200.000     31.885    100.000      9.043    120.000     14.792     614.1814 
4     30.000      0.760    210.000     33.911    110.000     12.536    130.000     17.736     617.7377 
4     40.000      0.815    220.000     35.384    120.000     14.792    140.000     20.415     613.6661 
4     50.000      2.148    230.000     36.353    130.000     17.736    150.000     21.833     575.2633 
4     60.000      4.360    240.000     39.328    140.000     20.415    160.000     22.138     546.5994 
4     70.000      4.368    250.000     43.501    150.000     21.833    170.000     23.281     693.5255 
4     80.000      4.760    260.000     47.175    160.000     22.138    180.000     25.550    1002.5953 
4     90.000      6.424    270.000     50.869    170.000     23.281    190.000     29.215    1130.1189 
4    100.000      9.043    280.000     53.556    180.000     25.550    200.000     31.885    1009.7205 
4    105.000     10.937    285.000     54.403    185.000     27.328    205.000     32.572     927.7626 
4    110.000     12.536    290.000     55.152    190.000     29.215    210.000     33.911     982.9290 
4    115.000     13.572    295.000     56.221    195.000     31.125    215.000     35.183    1058.4402 
4    120.000     14.792    300.000     57.362    200.000     31.885    220.000     35.384    1144.8969 
4    130.000     17.736    310.000     59.333    210.000     33.911    230.000     36.353    1257.3031 
4    140.000     20.415    320.000     64.075    220.000     35.384    240.000     39.328    1726.7074 
4    150.000     21.833    330.000     69.296    230.000     36.353    250.000     43.501    2114.0278 
4    160.000     22.138    340.000     74.468    240.000     39.328    260.000     47.175    1823.6569 
4    170.000     23.281    350.000     75.030    250.000     43.501    270.000     50.869    1658.4719 
4    150.000     21.833    200.000     31.885      0.000      0.000     50.000      2.148     375.7470 
4    160.000     22.138    210.000     33.911     10.000     -0.089     60.000      4.360     409.4500 
4    170.000     23.281    220.000     35.384     20.000      0.559     70.000      4.368     429.8830 
4    180.000     25.550    230.000     36.353     30.000      0.760     80.000      4.760     481.3800 
4    190.000     29.215    240.000     39.328     40.000      0.815     90.000      6.424     419.5534 
4    200.000     31.885    250.000     43.501     50.000      2.148    100.000      9.043     496.5350 
4    210.000     33.911    260.000     47.175     60.000      4.360    110.000     12.536     530.5019 
4    220.000     35.384    270.000     50.869     70.000      4.368    120.000     14.792     554.5916 
4    230.000     36.353    280.000     53.556     80.000      4.760    130.000     17.736     575.7408 
4    240.000     39.328    290.000     55.152     90.000      6.424    140.000     20.415     527.9760 
4    250.000     43.501    300.000     57.362    100.000      9.043    150.000     21.833     477.1577 
4    260.000     47.175    310.000     59.333    110.000     12.536    160.000     22.138     512.1047 
4    270.000     50.869    320.000     64.075    120.000     14.792    170.000     23.281     687.9334 
4    280.000     53.556    330.000     69.296    130.000     17.736    180.000     25.550     680.2427 
4    290.000     55.152    340.000     74.468    140.000     20.415    190.000     29.215    1451.7551 
4    300.000     57.362    350.000     75.030    150.000     21.833    200.000     31.885    1776.9476 
4    150.000     21.833    180.000     25.550      0.000      0.000     30.000      0.760      34.7209 
4    160.000     22.138    190.000     29.215     10.000     -0.089     40.000      0.815     438.5915 
4    170.000     23.281    200.000     31.885     20.000      0.559     50.000      2.148     476.0267 
4    190.000     29.215    220.000     35.384     40.000      0.815     70.000      4.368     311.4701 
4    200.000     31.885    230.000     36.353     50.000      2.148     80.000      4.760     390.7513 
4    210.000     33.911    240.000     39.328     60.000      4.360     90.000      6.424     484.1697 
4    220.000     35.384    250.000     43.501     70.000      4.368    100.000      9.043     601.2255 
4    230.000     36.353    260.000     47.175     80.000      4.760    110.000     12.536     618.4163 
4    240.000     39.328    270.000     50.869     90.000      6.424    120.000     14.792     561.3021 
4    250.000     43.501    280.000     53.556    100.000      9.043    130.000     17.736     483.2649 
4    260.000     47.175    290.000     55.152    110.000     12.536    140.000     20.415     497.0628 
4    270.000     50.869    300.000     57.362    120.000     14.792    150.000     21.833     496.3842 
4    280.000     53.556    310.000     59.333    130.000     17.736    160.000     22.138     557.5699 
4    290.000     55.152    320.000     64.075    140.000     20.415    170.000     23.281     888.8320 
4    300.000     57.362    330.000     69.296    150.000     21.833    180.000     25.550     384.3047 
4    310.000     59.333    340.000     74.468    160.000     22.138    190.000     29.215    2278.5720 
4    320.000     64.075    350.000     75.030    170.000     23.281    200.000     31.885    2488.7070 
4    160.000     22.138    200.000     31.885      0.000      0.000     40.000      0.815     422.9840 
4    170.000     23.281    210.000     33.911     10.000     -0.089     50.000      2.148     422.7578 
4    180.000     25.550    220.000     35.384     20.000      0.559     60.000      4.360     830.8130 
4    190.000     29.215    230.000     36.353     30.000      0.760     70.000      4.368     307.3232 
4    200.000     31.885    240.000     39.328     40.000      0.815     80.000      4.760     389.4318 
4    210.000     33.911    250.000     43.501     50.000      2.148     90.000      6.424     469.2786 
4    220.000     35.384    260.000     47.175     60.000      4.360    100.000      9.043     528.9186 
4    230.000     36.353    270.000     50.869     70.000      4.368    110.000     12.536     600.6976 
4    240.000     39.328    280.000     53.556     80.000      4.760    120.000     14.792     554.8555 
4    250.000     43.501    290.000     55.152     90.000      6.424    130.000     17.736     505.7713 
4    260.000     47.175    300.000     57.362    100.000      9.043    140.000     20.415     527.0336 
4    270.000     50.869    310.000     59.333    110.000     12.536    150.000     21.833     567.2963 
4    280.000     53.556    320.000     64.075    120.000     14.792    160.000     22.138     702.2590 
4    290.000     55.152    330.000     69.296    130.000     17.736    170.000     23.281     984.4745 
4    300.000     57.362    340.000     74.468    140.000     20.415    180.000     25.550     898.3698 
4    310.000     59.333    350.000     75.030    150.000     21.833    190.000     29.215    2135.9563 
4    180.000     25.550    210.000     33.911      0.000      0.000     30.000      0.760    1123.9896 
4    190.000     29.215    220.000     35.384     10.000     -0.089     40.000      0.815     261.2549 
4    200.000     31.885    230.000     36.353     20.000      0.559     50.000      2.148     250.5671 
4    210.000     33.911    240.000     39.328     30.000      0.760     60.000      4.360     278.6718 
4    220.000     35.384    250.000     43.501     40.000      0.815     70.000      4.368     349.3294 
4    230.000     36.353    260.000     47.175     50.000      2.148     80.000      4.760     473.6234 
4    240.000     39.328    270.000     50.869     60.000      4.360     90.000      6.424     496.1863 
4    250.000     43.501    280.000     53.556     70.000      4.368    100.000      9.043     516.1762 
4    260.000     47.175    290.000     55.152     80.000      4.760    110.000     12.536     546.6560 
4    270.000     50.869    300.000     57.362     90.000      6.424    120.000     14.792     580.3024 
4    280.000     53.556    310.000     59.333    100.000      9.043    130.000     17.736     686.5856 
4    290.000     55.152    320.000     64.075    110.000     12.536    140.000     20.415     917.1628 
4    300.000     57.362    330.000     69.296    120.000     14.792    150.000     21.833    1172.2821 
4    310.000     59.333    340.000     74.468    130.000     17.736    160.000     22.138    1440.0684 
4    320.000     64.075    350.000     75.030    140.000     20.415    170.000     23.281    1710.8234 
4      0.000      0.000    330.000     69.296    210.000     33.911    240.000     39.328    2375.7334 
4      0.000      0.000    330.000     69.296     90.000      6.424    120.000     14.792     803.9757 
4     10.000     -0.089    340.000     74.468    100.000      9.043    130.000     17.736     736.2451 
4     10.000     -0.089    340.000     74.468    220.000     35.384    250.000     43.501    2664.5759 
4     20.000      0.559    350.000     75.030    230.000     36.353    260.000     47.175    2731.3564 
4     20.000      0.559    350.000     75.030    110.000     12.536    140.000     20.415     702.0444 
4      0.000      0.000    270.000     50.869     90.000      6.424    120.000     14.792     811.1018 
4      0.000      0.000    270.000     50.869    150.000     21.833    180.000     25.550    1170.9775 
4     10.000     -0.089    280.000     53.556    100.000      9.043    130.000     17.736     820.0688 
4     10.000     -0.089    280.000     53.556    160.000     22.138    190.000     29.215    1433.3309 
4     20.000      0.559    290.000     55.152    170.000     23.281    200.000     31.885    1448.4375 
4     20.000      0.559    290.000     55.152    110.000     12.536    140.000     20.415     784.3300 
4     30.000      0.760    300.000     57.362    180.000     25.550    210.000     33.911    1424.2832 
4     30.000      0.760    300.000     57.362    120.000     14.792    150.000     21.833     742.0478 
4     40.000      0.815    310.000     59.333    190.000     29.215    220.000     35.384    1499.5737 
4     40.000      0.815    310.000     59.333    130.000     17.736    160.000     22.138     709.0234 
4     50.000      2.148    320.000     64.075    200.000     31.885    230.000     36.353    1628.9731 
4     50.000      2.148    320.000     64.075    140.000     20.415    170.000     23.281     766.9777 
4     60.000      4.360    330.000     69.296    150.000     21.833    180.000     25.550     939.3703 
4     60.000      4.360    330.000     69.296    210.000     33.911    240.000     39.328    2098.0203 
4     70.000      4.368    340.000     74.468    220.000     35.384    250.000     43.501    2354.2664 
4     70.000      4.368    340.000     74.468    160.000     22.138    190.000     29.215    1025.5667 
4     80.000      4.760    350.000     75.030    230.000     36.353    260.000     47.175    2422.9973 
4     80.000      4.760    350.000     75.030    170.000     23.281    200.000     31.885     984.9001 
4      0.000      0.000    300.000     57.362    180.000     25.550    210.000     33.911    1529.2292 
4      0.000      0.000    300.000     57.362     90.000      6.424    120.000     14.792     836.8248 
4     10.000     -0.089    310.000     59.333    190.000     29.215    220.000     35.384    1607.3947 
4     10.000     -0.089    310.000     59.333    100.000      9.043    130.000     17.736     798.3843 
4     20.000      0.559    320.000     64.075    200.000     31.885    230.000     36.353    1756.2834 
4     20.000      0.559    320.000     64.075    110.000     12.536    140.000     20.415     768.3531 
4     30.000      0.760    330.000     69.296    210.000     33.911    240.000     39.328    2252.8613 
4     30.000      0.760    330.000     69.296    120.000     14.792    150.000     21.833     707.7631 
4     40.000      0.815    340.000     74.468    130.000     17.736    160.000     22.138     638.4118 
4     40.000      0.815    340.000     74.468    220.000     35.384    250.000     43.501    2533.2395 
4     50.000      2.148    350.000     75.030    230.000     36.353    260.000     47.175    2593.6887 
4     50.000      2.148    350.000     75.030    140.000     20.415    170.000     23.281     681.1802 
4    200.000     31.885    250.000     43.501      0.000      0.000     50.000      2.148     269.7372 
4    210.000     33.911    260.000     47.175     10.000     -0.089     60.000      4.360     283.2146 
4    220.000     35.384    270.000     50.869     20.000      0.559     70.000      4.368     320.0655 
4    230.000     36.353    280.000     53.556     30.000      0.760     80.000      4.760     396.6889 
4    240.000     39.328    290.000     55.152     40.000      0.815     90.000      6.424     444.3783 
4    250.000     43.501    300.000     57.362     50.000      2.148    100.000      9.043     492.6331 
4    260.000     47.175    310.000     59.333     60.000      4.360    110.000     12.536     605.8248 
4    270.000     50.869    320.000     64.075     70.000      4.368    120.000     14.792     766.1402 
4    280.000     53.556    330.000     69.296     80.000      4.760    130.000     17.736     968.3960 
4    290.000     55.152    340.000     74.468     90.000      6.424    140.000     20.415    1248.8774 
4    300.000     57.362    350.000     75.030    100.000      9.043    150.000     21.833    1404.5747 
4    200.000     31.885    240.000     39.328      0.000      0.000     40.000      0.815     261.1794 
4    210.000     33.911    250.000     43.501     10.000     -0.089     50.000      2.148     267.9653 
4    220.000     35.384    260.000     47.175     20.000      0.559     60.000      4.360     293.9023 
4    230.000     36.353    270.000     50.869     30.000      0.760     70.000      4.368     340.6492 
4    240.000     39.328    280.000     53.556     40.000      0.815     80.000      4.760     403.0789 
4    250.000     43.501    290.000     55.152     50.000      2.148     90.000      6.424     434.4446 
4    260.000     47.175    300.000     57.362     60.000      4.360    100.000      9.043     541.8116 
4    270.000     50.869    310.000     59.333     70.000      4.368    110.000     12.536     653.4010 
4    280.000     53.556    320.000     64.075     80.000      4.760    120.000     14.792     846.8729 
4    290.000     55.152    330.000     69.296     90.000      6.424    130.000     17.736    1130.6718 
4    300.000     57.362    340.000     74.468    100.000      9.043    140.000     20.415    1443.1221 
4    310.000     59.333    350.000     75.030    110.000     12.536    150.000     21.833    1617.2919 
4      0.000      0.000    270.000     50.869    120.000     14.792    150.000     21.833     866.3067 
4     10.000     -0.089    280.000     53.556    130.000     17.736    160.000     22.138     832.4717 
4     20.000      0.559    290.000     55.152    140.000     20.415    170.000     23.281     959.9514 
4     30.000      0.760    300.000     57.362    150.000     21.833    180.000     25.550    1182.2064 
4     40.000      0.815    310.000     59.333    160.000     22.138    190.000     29.215    1418.7306 
4     50.000      2.148    320.000     64.075    170.000     23.281    200.000     31.885    1345.5756 
4     60.000      4.360    330.000     69.296    180.000     25.550    210.000     33.911    1216.7200 
4     70.000      4.368    340.000     74.468    190.000     29.215    220.000     35.384    1120.8512 
4     80.000      4.760    350.000     75.030    200.000     31.885    230.000     36.353    1188.4645 
4      0.000      0.000    300.000     57.362    150.000     21.833    180.000     25.550    1358.5930 
4      0.000      0.000    300.000     57.362    120.000     14.792    150.000     21.833     941.1960 
4     10.000     -0.089    310.000     59.333    160.000     22.138    190.000     29.215    1608.4250 
4     10.000     -0.089    310.000     59.333    130.000     17.736    160.000     22.138     883.5616 
4     20.000      0.559    320.000     64.075    140.000     20.415    170.000     23.281     964.7203 
4     20.000      0.559    320.000     64.075    170.000     23.281    200.000     31.885    1534.7761 
4     30.000      0.760    330.000     69.296    150.000     21.833    180.000     25.550    1134.1400 
4     30.000      0.760    330.000     69.296    180.000     25.550    210.000     33.911    1374.8339 
4     40.000      0.815    340.000     74.468    160.000     22.138    190.000     29.215    1242.1029 
4     40.000      0.815    340.000     74.468    190.000     29.215    220.000     35.384    1296.2538 
4     50.000      2.148    350.000     75.030    200.000     31.885    230.000     36.353    1337.0593 
4     50.000      2.148    350.000     75.030    170.000     23.281    200.000     31.885    1108.6479 
4      0.000      0.000    330.000     69.296    180.000     25.550    210.000     33.911    1522.2500 
4      0.000      0.000    330.000     69.296    120.000     14.792    150.000     21.833     925.5010 
4     10.000     -0.089    340.000     74.468    130.000     17.736    160.000     22.138     807.4384 
4     10.000     -0.089    340.000     74.468    190.000     29.215    220.000     35.384    1430.5172 
4     20.000      0.559    350.000     75.030    200.000     31.885    230.000     36.353    1482.6914 
4     20.000      0.559    350.000     75.030    140.000     20.415    170.000     23.281     858.1060 
4    250.000     43.501    300.000     57.362      0.000      0.000     50.000      2.148     257.8619 
4    260.000     47.175    310.000     59.333     10.000     -0.089     60.000      4.360     326.6628 
4    270.000     50.869    320.000     64.075     20.000      0.559     70.000      4.368     425.2460 
4    280.000     53.556    330.000     69.296     30.000      0.760     80.000      4.760     633.7220 
4    290.000     55.152    340.000     74.468     40.000      0.815     90.000      6.424     957.1804 
4    300.000     57.362    350.000     75.030     50.000      2.148    100.000      9.043    1340.7689 
4      0.000      0.000    330.000     69.296    150.000     21.833    180.000     25.550    1341.5040 
4     10.000     -0.089    340.000     74.468    160.000     22.138    190.000     29.215    1433.1978 
4     20.000      0.559    350.000     75.030    170.000     23.281    200.000     31.885    1286.9346 
0
0
0
0
0
0
0
0
