4      7.500     28.000      5.000     29.040      0.000     31.300      2.500     30.490    419.5501 
4     10.000     27.310      7.500     28.000      2.500     30.490      5.000     29.040    559.9826 
4     12.500     25.880     10.000     27.310      5.000     29.040      7.500     28.000    581.3816 
4     15.000     23.670     12.500     25.880      7.500     28.000     10.000     27.310    676.5294 
4     17.500     22.350     15.000     23.670     10.000     27.310     12.500     25.880    579.8359 
4     20.000     20.510     17.500     22.350     12.500     25.880     15.000     23.670    434.7726 
4     22.500     19.350     20.000     20.510     15.000     23.670     17.500     22.350    577.9651 
4     25.000     18.200     22.500     19.350     17.500     22.350     20.000     20.510    249.8363 
4     27.500     17.030     25.000     18.200     20.000     20.510     22.500     19.350    623.1145 
4     30.000     16.110     27.500     17.030     22.500     19.350     25.000     18.200    339.6308 
4     32.500     15.300     30.000     16.110     25.000     18.200     27.500     17.030    508.4291 
4     35.000     14.480     32.500     15.300     27.500     17.030     30.000     16.110    577.7106 
4     37.500     13.670     35.000     14.480     30.000     16.110     32.500     15.300    589.7744 
4     40.000     12.870     37.500     13.670     32.500     15.300     35.000     14.480    526.3126 
4     42.500     12.080     40.000     12.870     35.000     14.480     37.500     13.670    478.8023 
4     45.000     11.000     42.500     12.080     37.500     13.670     40.000     12.870    443.7124 
4     47.500     10.690     45.000     11.000     40.000     12.870     42.500     12.080    342.9926 
4     50.000     10.450     47.500     10.690     42.500     12.080     45.000     11.000    537.2595 
4     52.500     10.210     50.000     10.450     45.000     11.000     47.500     10.690    378.5862 
4     55.000      9.970     52.500     10.210     47.500     10.690     50.000     10.450    362.6928 
4     57.500      9.760     55.000      9.970     50.000     10.450     52.500     10.210    420.8823 
4     60.000      9.560     57.500      9.760     52.500     10.210     55.000      9.970    447.8438 
4     62.500      9.350     60.000      9.560     55.000      9.970     57.500      9.760    578.4127 
4     65.000      9.150     62.500      9.350     57.500      9.760     60.000      9.560    457.2530 
4     67.500      8.950     65.000      9.150     60.000      9.560     62.500      9.350    447.1831 
4     70.000      8.750     67.500      8.950     62.500      9.350     65.000      9.150    439.6418 
4     72.500      8.550     70.000      8.750     65.000      9.150     67.500      8.950    490.7341 
4     75.000      8.350     72.500      8.550     67.500      8.950     70.000      8.750    457.5226 
4     77.500      8.140     75.000      8.350     70.000      8.750     72.500      8.550    353.4344 
4     80.000      7.940     77.500      8.140     72.500      8.550     75.000      8.350    265.6020 
4     82.500      7.770     80.000      7.940     75.000      8.350     77.500      8.140    319.3755 
4     85.000      7.600     82.500      7.770     77.500      8.140     80.000      7.940    319.0744 
4     87.500      7.430     85.000      7.600     80.000      7.940     82.500      7.770    463.5596 
4     90.000      7.260     87.500      7.430     82.500      7.770     85.000      7.600    231.2417 
4     92.500      7.100     90.000      7.260     85.000      7.600     87.500      7.430    386.8084 
4     95.000      6.930     92.500      7.100     87.500      7.430     90.000      7.260    301.8940 
4     97.500      7.130     95.000      6.930     90.000      7.260     92.500      7.100    268.4318 
4    100.000      7.350     97.500      7.130     92.500      7.100     95.000      6.930    216.5432 
4    102.500      7.570    100.000      7.350     95.000      6.930     97.500      7.130    337.0027 
4    105.000      7.790    102.500      7.570     97.500      7.130    100.000      7.350    243.8925 
4    107.500      7.980    105.000      7.790    100.000      7.350    102.500      7.570    261.9739 
4    110.000      7.890    107.500      7.980    102.500      7.570    105.000      7.790    270.9265 
4    112.500      7.800    110.000      7.890    105.000      7.790    107.500      7.980    204.5021 
4    115.000      7.710    112.500      7.800    107.500      7.980    110.000      7.890    289.1607 
4    117.500      7.610    115.000      7.710    110.000      7.890    112.500      7.800    198.5311 
4    120.000      7.520    117.500      7.610    112.500      7.800    115.000      7.710    256.2880 
4    122.500      7.230    120.000      7.520    115.000      7.710    117.500      7.610    273.7422 
4    125.000      6.910    122.500      7.230    117.500      7.610    120.000      7.520    308.5701 
4    127.500      6.590    125.000      6.910    120.000      7.520    122.500      7.230    272.1098 
4    130.000      6.270    127.500      6.590    122.500      7.230    125.000      6.910    277.1917 
4    132.500      5.810    130.000      6.270    125.000      6.910    127.500      6.590    356.7392 
4    135.000      4.630    132.500      5.810    127.500      6.590    130.000      6.270   1092.5438 
4    137.500      3.450    135.000      4.630    130.000      6.270    132.500      5.810    469.1909 
4    140.000      2.260    137.500      3.450    132.500      5.810    135.000      4.630    461.3014 
4    142.500      1.080    140.000      2.260    135.000      4.630    137.500      3.450    867.6357 
4    145.000     -0.020    142.500      1.080    137.500      3.450    140.000      2.260    498.5378 
4    147.500     -1.080    145.000     -0.020    140.000      2.260    142.500      1.080    370.5969 
4    150.000     -2.140    147.500     -1.080    142.500      1.080    145.000     -0.020    308.1799 
4    152.500     -3.200    150.000     -2.140    145.000     -0.020    147.500     -1.080    454.3337 
4    155.000     -4.260    152.500     -3.200    147.500     -1.080    150.000     -2.140    291.1587 
4    157.500     -4.920    155.000     -4.260    150.000     -2.140    152.500     -3.200    260.7073 
4    160.000     -4.700    157.500     -4.920    152.500     -3.200    155.000     -4.260    353.7524 
4    162.500     -4.490    160.000     -4.700    155.000     -4.260    157.500     -4.920    344.0049 
4    165.000     -4.270    162.500     -4.490    157.500     -4.920    160.000     -4.700    286.0562 
4    167.500     -4.050    165.000     -4.270    160.000     -4.700    162.500     -4.490    335.6300 
4    170.000     -3.850    167.500     -4.050    162.500     -4.490    165.000     -4.270    308.3212 
4    172.500     -3.670    170.000     -3.850    165.000     -4.270    167.500     -4.050    354.6690 
4    175.000     -3.490    172.500     -3.670    167.500     -4.050    170.000     -3.850    344.8140 
4    177.500     -3.310    175.000     -3.490    170.000     -3.850    172.500     -3.670    330.4365 
4    180.000     -3.130    177.500     -3.310    172.500     -3.670    175.000     -3.490    349.1885 
4    182.500     -2.820    180.000     -3.130    175.000     -3.490    177.500     -3.310    386.4102 
4    185.000     -2.200    182.500     -2.820    177.500     -3.310    180.000     -3.130    412.3929 
4    187.500     -1.580    185.000     -2.200    180.000     -3.130    182.500     -2.820    510.5449 
4    190.000     -0.950    187.500     -1.580    182.500     -2.820    185.000     -2.200    504.9749 
4    192.500     -0.330    190.000     -0.950    185.000     -2.200    187.500     -1.580    751.6826 
4    195.000      0.000    192.500     -0.330    187.500     -1.580    190.000     -0.950    612.7755 
4    197.500      0.000    195.000      0.000    190.000     -0.950    192.500     -0.330    397.7332 
4    200.000      0.000    197.500      0.000    192.500     -0.330    195.000      0.000    530.4077 
4     10.000     27.310      7.500     28.000      0.000     31.300      2.500     30.490    558.7875 
4     12.500     25.880     10.000     27.310      2.500     30.490      5.000     29.040    537.0578 
4     15.000     23.670     12.500     25.880      5.000     29.040      7.500     28.000    561.3134 
4     17.500     22.350     15.000     23.670      7.500     28.000     10.000     27.310    682.2804 
4     20.000     20.510     17.500     22.350     10.000     27.310     12.500     25.880    414.3434 
4     22.500     19.350     20.000     20.510     12.500     25.880     15.000     23.670    499.5547 
4     25.000     18.200     22.500     19.350     15.000     23.670     17.500     22.350    296.1171 
4     27.500     17.030     25.000     18.200     17.500     22.350     20.000     20.510    346.5642 
4     30.000     16.110     27.500     17.030     20.000     20.510     22.500     19.350    454.3026 
4     32.500     15.300     30.000     16.110     22.500     19.350     25.000     18.200    275.6352 
4     35.000     14.480     32.500     15.300     25.000     18.200     27.500     17.030    376.7347 
4     37.500     13.670     35.000     14.480     27.500     17.030     30.000     16.110    384.5781 
4     40.000     12.870     37.500     13.670     30.000     16.110     32.500     15.300    449.8465 
4     42.500     12.080     40.000     12.870     32.500     15.300     35.000     14.480    429.1535 
4     45.000     11.000     42.500     12.080     35.000     14.480     37.500     13.670    423.1838 
4     47.500     10.690     45.000     11.000     37.500     13.670     40.000     12.870    363.6192 
4     50.000     10.450     47.500     10.690     40.000     12.870     42.500     12.080    401.2957 
4     52.500     10.210     50.000     10.450     42.500     12.080     45.000     11.000    383.7525 
4     55.000      9.970     52.500     10.210     45.000     11.000     47.500     10.690    286.9920 
4     57.500      9.760     55.000      9.970     47.500     10.690     50.000     10.450    314.2579 
4     60.000      9.560     57.500      9.760     50.000     10.450     52.500     10.210    283.9724 
4     62.500      9.350     60.000      9.560     52.500     10.210     55.000      9.970    397.3562 
4     65.000      9.150     62.500      9.350     55.000      9.970     57.500      9.760    385.0587 
4     67.500      8.950     65.000      9.150     57.500      9.760     60.000      9.560    328.8249 
4     70.000      8.750     67.500      8.950     60.000      9.560     62.500      9.350    323.4113 
4     72.500      8.550     70.000      8.750     62.500      9.350     65.000      9.150    351.3896 
4     75.000      8.350     72.500      8.550     65.000      9.150     67.500      8.950    404.2024 
4     77.500      8.140     75.000      8.350     67.500      8.950     70.000      8.750    301.9228 
4     80.000      7.940     77.500      8.140     70.000      8.750     72.500      8.550    221.4483 
4     82.500      7.770     80.000      7.940     72.500      8.550     75.000      8.350    242.1301 
4     85.000      7.600     82.500      7.770     75.000      8.350     77.500      8.140    342.5228 
4     87.500      7.430     85.000      7.600     77.500      8.140     80.000      7.940    362.5957 
4     90.000      7.260     87.500      7.430     80.000      7.940     82.500      7.770    230.8241 
4     92.500      7.100     90.000      7.260     82.500      7.770     85.000      7.600    247.8396 
4     95.000      6.930     92.500      7.100     85.000      7.600     87.500      7.430    334.7304 
4     97.500      7.130     95.000      6.930     87.500      7.430     90.000      7.260    284.9676 
4    100.000      7.350     97.500      7.130     90.000      7.260     92.500      7.100    228.2455 
4    102.500      7.570    100.000      7.350     92.500      7.100     95.000      6.930    259.4415 
4    105.000      7.790    102.500      7.570     95.000      6.930     97.500      7.130    293.3896 
4    107.500      7.980    105.000      7.790     97.500      7.130    100.000      7.350    228.1437 
4    110.000      7.890    107.500      7.980    100.000      7.350    102.500      7.570    261.5357 
4    112.500      7.800    110.000      7.890    102.500      7.570    105.000      7.790    200.5008 
4    115.000      7.710    112.500      7.800    105.000      7.790    107.500      7.980    225.9591 
4    117.500      7.610    115.000      7.710    107.500      7.980    110.000      7.890    156.9231 
4    120.000      7.520    117.500      7.610    110.000      7.890    112.500      7.800    187.3327 
4    122.500      7.230    120.000      7.520    112.500      7.800    115.000      7.710    262.4820 
4    125.000      6.910    122.500      7.230    115.000      7.710    117.500      7.610    217.5559 
4    127.500      6.590    125.000      6.910    117.500      7.610    120.000      7.520    264.2821 
4    130.000      6.270    127.500      6.590    120.000      7.520    122.500      7.230    265.1190 
4    132.500      5.810    130.000      6.270    122.500      7.230    125.000      6.910    298.5581 
4    135.000      4.630    132.500      5.810    125.000      6.910    127.500      6.590    383.8185 
4    137.500      3.450    135.000      4.630    127.500      6.590    130.000      6.270    364.6541 
4    140.000      2.260    137.500      3.450    130.000      6.270    132.500      5.810    183.6098 
4    142.500      1.080    140.000      2.260    132.500      5.810    135.000      4.630    333.7559 
4    145.000     -0.020    142.500      1.080    135.000      4.630    137.500      3.450    362.9784 
4    147.500     -1.080    145.000     -0.020    137.500      3.450    140.000      2.260    369.7831 
4    150.000     -2.140    147.500     -1.080    140.000      2.260    142.500      1.080    372.1958 
4    152.500     -3.200    150.000     -2.140    142.500      1.080    145.000     -0.020    324.1653 
4    155.000     -4.260    152.500     -3.200    145.000     -0.020    147.500     -1.080    326.0427 
4    157.500     -4.920    155.000     -4.260    147.500     -1.080    150.000     -2.140    232.2473 
4    160.000     -4.700    157.500     -4.920    150.000     -2.140    152.500     -3.200    268.6778 
4    162.500     -4.490    160.000     -4.700    152.500     -3.200    155.000     -4.260    370.6256 
4    165.000     -4.270    162.500     -4.490    155.000     -4.260    157.500     -4.920    312.6746 
4    167.500     -4.050    165.000     -4.270    157.500     -4.920    160.000     -4.700    286.2475 
4    170.000     -3.850    167.500     -4.050    160.000     -4.700    162.500     -4.490    308.7972 
4    172.500     -3.670    170.000     -3.850    162.500     -4.490    165.000     -4.270    249.5210 
4    175.000     -3.490    172.500     -3.670    165.000     -4.270    167.500     -4.050    297.5553 
4    177.500     -3.310    175.000     -3.490    167.500     -4.050    170.000     -3.850    307.4739 
4    180.000     -3.130    177.500     -3.310    170.000     -3.850    172.500     -3.670    312.7914 
4    182.500     -2.820    180.000     -3.130    172.500     -3.670    175.000     -3.490    369.5173 
4    185.000     -2.200    182.500     -2.820    175.000     -3.490    177.500     -3.310    320.5782 
4    187.500     -1.580    185.000     -2.200    177.500     -3.310    180.000     -3.130    392.3893 
4    190.000     -0.950    187.500     -1.580    180.000     -3.130    182.500     -2.820    433.7867 
4    192.500     -0.330    190.000     -0.950    182.500     -2.820    185.000     -2.200    613.3834 
4    195.000      0.000    192.500     -0.330    185.000     -2.200    187.500     -1.580    486.4844 
4    197.500      0.000    195.000      0.000    187.500     -1.580    190.000     -0.950    472.4773 
4    200.000      0.000    197.500      0.000    190.000     -0.950    192.500     -0.330    621.8224 
4     15.000     23.670     10.000     27.310      0.000     31.300      5.000     29.040    515.3638 
4     20.000     20.510     15.000     23.670      5.000     29.040     10.000     27.310    588.6905 
4     25.000     18.200     20.000     20.510     10.000     27.310     15.000     23.670    432.2354 
4     30.000     16.110     25.000     18.200     15.000     23.670     20.000     20.510    338.5117 
4     35.000     14.480     30.000     16.110     20.000     20.510     25.000     18.200    314.3145 
4     40.000     12.870     35.000     14.480     25.000     18.200     30.000     16.110    374.3889 
4     45.000     11.000     40.000     12.870     30.000     16.110     35.000     14.480    419.4752 
4     50.000     10.450     45.000     11.000     35.000     14.480     40.000     12.870    383.7440 
4     55.000      9.970     50.000     10.450     40.000     12.870     45.000     11.000    339.5964 
4     60.000      9.560     55.000      9.970     45.000     11.000     50.000     10.450    277.8849 
4     65.000      9.150     60.000      9.560     50.000     10.450     55.000      9.970    350.7111 
4     70.000      8.750     65.000      9.150     55.000      9.970     60.000      9.560    306.8811 
4     75.000      8.350     70.000      8.750     60.000      9.560     65.000      9.150    331.3648 
4     80.000      7.940     75.000      8.350     65.000      9.150     70.000      8.750    275.0537 
4     85.000      7.600     80.000      7.940     70.000      8.750     75.000      8.350    237.4705 
4     90.000      7.260     85.000      7.600     75.000      8.350     80.000      7.940    334.9557 
4     95.000      6.930     90.000      7.260     80.000      7.940     85.000      7.600    242.9717 
4    100.000      7.350     95.000      6.930     85.000      7.600     90.000      7.260    283.2089 
4    105.000      7.790    100.000      7.350     90.000      7.260     95.000      6.930    250.1100 
4    110.000      7.890    105.000      7.790     95.000      6.930    100.000      7.350    239.3922 
4    115.000      7.710    110.000      7.890    100.000      7.350    105.000      7.790    212.4166 
4    120.000      7.520    115.000      7.710    105.000      7.790    110.000      7.890    200.8759 
4    125.000      6.910    120.000      7.520    110.000      7.890    115.000      7.710    241.3639 
4    130.000      6.270    125.000      6.910    115.000      7.710    120.000      7.520    247.9895 
4    135.000      4.630    130.000      6.270    120.000      7.520    125.000      6.910    289.9401 
4    140.000      2.260    135.000      4.630    125.000      6.910    130.000      6.270    347.3936 
4    145.000     -0.020    140.000      2.260    130.000      6.270    135.000      4.630    353.2633 
4    150.000     -2.140    145.000     -0.020    135.000      4.630    140.000      2.260    341.4682 
4    155.000     -4.260    150.000     -2.140    140.000      2.260    145.000     -0.020    330.8342 
4    160.000     -4.700    155.000     -4.260    145.000     -0.020    150.000     -2.140    242.8784 
4    165.000     -4.270    160.000     -4.700    150.000     -2.140    155.000     -4.260    337.6813 
4    170.000     -3.850    165.000     -4.270    155.000     -4.260    160.000     -4.700    265.8325 
4    175.000     -3.490    170.000     -3.850    160.000     -4.700    165.000     -4.270    280.5860 
4    180.000     -3.130    175.000     -3.490    165.000     -4.270    170.000     -3.850    290.9401 
4    185.000     -2.200    180.000     -3.130    170.000     -3.850    175.000     -3.490    322.0399 
4    190.000     -0.950    185.000     -2.200    175.000     -3.490    180.000     -3.130    384.1228 
4    195.000      0.000    190.000     -0.950    180.000     -3.130    185.000     -2.200    535.6149 
4    200.000      0.000    195.000      0.000    185.000     -2.200    190.000     -0.950    528.5830 
4     12.500     25.880     10.000     27.310      0.000     31.300      2.500     30.490    506.1200 
4     15.000     23.670     12.500     25.880      2.500     30.490      5.000     29.040    494.6642 
4     17.500     22.350     15.000     23.670      5.000     29.040      7.500     28.000    555.6661 
4     20.000     20.510     17.500     22.350      7.500     28.000     10.000     27.310    478.7646 
4     22.500     19.350     20.000     20.510     10.000     27.310     12.500     25.880    501.5537 
4     25.000     18.200     22.500     19.350     12.500     25.880     15.000     23.670    268.2273 
4     27.500     17.030     25.000     18.200     15.000     23.670     17.500     22.350    382.5056 
4     30.000     16.110     27.500     17.030     17.500     22.350     20.000     20.510    269.9860 
4     32.500     15.300     30.000     16.110     20.000     20.510     22.500     19.350    402.1581 
4     35.000     14.480     32.500     15.300     22.500     19.350     25.000     18.200    251.2467 
4     37.500     13.670     35.000     14.480     25.000     18.200     27.500     17.030    346.6306 
4     40.000     12.870     37.500     13.670     27.500     17.030     30.000     16.110    344.7221 
4     42.500     12.080     40.000     12.870     30.000     16.110     32.500     15.300    385.9470 
4     45.000     11.000     42.500     12.080     32.500     15.300     35.000     14.480    405.6943 
4     47.500     10.690     45.000     11.000     35.000     14.480     37.500     13.670    352.4367 
4     50.000     10.450     47.500     10.690     37.500     13.670     40.000     12.870    409.9510 
4     52.500     10.210     50.000     10.450     40.000     12.870     42.500     12.080    304.1960 
4     55.000      9.970     52.500     10.210     42.500     12.080     45.000     11.000    292.5654 
4     57.500      9.760     55.000      9.970     45.000     11.000     47.500     10.690    256.3987 
4     60.000      9.560     57.500      9.760     47.500     10.690     50.000     10.450    251.2538 
4     62.500      9.350     60.000      9.560     50.000     10.450     52.500     10.210    301.2234 
4     65.000      9.150     62.500      9.350     52.500     10.210     55.000      9.970    319.8765 
4     67.500      8.950     65.000      9.150     55.000      9.970     57.500      9.760    304.6781 
4     70.000      8.750     67.500      8.950     57.500      9.760     60.000      9.560    257.5476 
4     72.500      8.550     70.000      8.750     60.000      9.560     62.500      9.350    292.1238 
4     75.000      8.350     72.500      8.550     62.500      9.350     65.000      9.150    322.5654 
4     77.500      8.140     75.000      8.350     65.000      9.150     67.500      8.950    300.0001 
4     80.000      7.940     77.500      8.140     67.500      8.950     70.000      8.750    201.7289 
4     82.500      7.770     80.000      7.940     70.000      8.750     72.500      8.550    196.8879 
4     85.000      7.600     82.500      7.770     72.500      8.550     75.000      8.350    265.5403 
4     87.500      7.430     85.000      7.600     75.000      8.350     77.500      8.140    366.5131 
4     90.000      7.260     87.500      7.430     77.500      8.140     80.000      7.940    271.5627 
4     92.500      7.100     90.000      7.260     80.000      7.940     82.500      7.770    216.0178 
4     95.000      6.930     92.500      7.100     82.500      7.770     85.000      7.600    261.5305 
4     97.500      7.130     95.000      6.930     85.000      7.600     87.500      7.430    326.4286 
4    100.000      7.350     97.500      7.130     87.500      7.430     90.000      7.260    235.2886 
4    102.500      7.570    100.000      7.350     90.000      7.260     92.500      7.100    255.3643 
4    105.000      7.790    102.500      7.570     92.500      7.100     95.000      6.930    235.1887 
4    107.500      7.980    105.000      7.790     95.000      6.930     97.500      7.130    268.8724 
4    110.000      7.890    107.500      7.980     97.500      7.130    100.000      7.350    222.3310 
4    112.500      7.800    110.000      7.890    100.000      7.350    102.500      7.570    194.4567 
4    115.000      7.710    112.500      7.800    102.500      7.570    105.000      7.790    224.9454 
4    117.500      7.610    115.000      7.710    105.000      7.790    107.500      7.980    170.1940 
4    120.000      7.520    117.500      7.610    107.500      7.980    110.000      7.890    298.7207 
4    122.500      7.230    120.000      7.520    110.000      7.890    112.500      7.800    229.8392 
4    125.000      6.910    122.500      7.230    112.500      7.800    115.000      7.710    233.4697 
4    127.500      6.590    125.000      6.910    115.000      7.710    117.500      7.610    216.1667 
4    130.000      6.270    127.500      6.590    117.500      7.610    120.000      7.520    275.9627 
4    132.500      5.810    130.000      6.270    120.000      7.520    122.500      7.230    295.4362 
4    135.000      4.630    132.500      5.810    122.500      7.230    125.000      6.910    328.8041 
4    137.500      3.450    135.000      4.630    125.000      6.910    127.500      6.590    340.4861 
4    140.000      2.260    137.500      3.450    127.500      6.590    130.000      6.270    385.9974 
4    142.500      1.080    140.000      2.260    130.000      6.270    132.500      5.810    528.4332 
4    145.000     -0.020    142.500      1.080    132.500      5.810    135.000      4.630    288.1277 
4    147.500     -1.080    145.000     -0.020    135.000      4.630    137.500      3.450    327.5704 
4    150.000     -2.140    147.500     -1.080    137.500      3.450    140.000      2.260    310.5294 
4    152.500     -3.200    150.000     -2.140    140.000      2.260    142.500      1.080    396.5772 
4    155.000     -4.260    152.500     -3.200    142.500      1.080    145.000     -0.020    284.6222 
4    157.500     -4.920    155.000     -4.260    145.000     -0.020    147.500     -1.080    241.8059 
4    160.000     -4.700    157.500     -4.920    147.500     -1.080    150.000     -2.140    221.0176 
4    162.500     -4.490    160.000     -4.700    150.000     -2.140    152.500     -3.200    271.6324 
4    165.000     -4.270    162.500     -4.490    152.500     -3.200    155.000     -4.260    309.0469 
4    167.500     -4.050    165.000     -4.270    155.000     -4.260    157.500     -4.920    285.6231 
4    170.000     -3.850    167.500     -4.050    157.500     -4.920    160.000     -4.700    246.4999 
4    172.500     -3.670    170.000     -3.850    160.000     -4.700    162.500     -4.490    252.1844 
4    175.000     -3.490    172.500     -3.670    162.500     -4.490    165.000     -4.270    174.0841 
4    177.500     -3.310    175.000     -3.490    165.000     -4.270    167.500     -4.050    239.6843 
4    180.000     -3.130    177.500     -3.310    167.500     -4.050    170.000     -3.850    314.1792 
4    182.500     -2.820    180.000     -3.130    170.000     -3.850    172.500     -3.670    337.6799 
4    185.000     -2.200    182.500     -2.820    172.500     -3.670    175.000     -3.490    311.9460 
4    187.500     -1.580    185.000     -2.200    175.000     -3.490    177.500     -3.310    356.2396 
4    190.000     -0.950    187.500     -1.580    177.500     -3.310    180.000     -3.130    434.8046 
4    192.500     -0.330    190.000     -0.950    180.000     -3.130    182.500     -2.820    655.7336 
4    195.000      0.000    192.500     -0.330    182.500     -2.820    185.000     -2.200    476.1021 
4    197.500      0.000    195.000      0.000    185.000     -2.200    187.500     -1.580    434.0563 
4    200.000      0.000    197.500      0.000    187.500     -1.580    190.000     -0.950    641.8321 
4     15.000     23.670     12.500     25.880      0.000     31.300      2.500     30.490    468.8639 
4     17.500     22.350     15.000     23.670      2.500     30.490      5.000     29.040    514.0594 
4     20.000     20.510     17.500     22.350      5.000     29.040      7.500     28.000    408.8459 
4     22.500     19.350     20.000     20.510      7.500     28.000     10.000     27.310    591.1117 
4     25.000     18.200     22.500     19.350     10.000     27.310     12.500     25.880    287.1353 
4     27.500     17.030     25.000     18.200     12.500     25.880     15.000     23.670    347.9656 
4     30.000     16.110     27.500     17.030     15.000     23.670     17.500     22.350    321.6762 
4     32.500     15.300     30.000     16.110     17.500     22.350     20.000     20.510    277.9763 
4     35.000     14.480     32.500     15.300     20.000     20.510     22.500     19.350    402.8339 
4     37.500     13.670     35.000     14.480     22.500     19.350     25.000     18.200    262.7223 
4     40.000     12.870     37.500     13.670     25.000     18.200     27.500     17.030    373.5011 
4     42.500     12.080     40.000     12.870     27.500     17.030     30.000     16.110    340.2213 
4     45.000     11.000     42.500     12.080     30.000     16.110     32.500     15.300    430.7566 
4     47.500     10.690     45.000     11.000     32.500     15.300     35.000     14.480    375.0006 
4     50.000     10.450     47.500     10.690     35.000     14.480     37.500     13.670    460.2553 
4     52.500     10.210     50.000     10.450     37.500     13.670     40.000     12.870    355.8938 
4     55.000      9.970     52.500     10.210     40.000     12.870     42.500     12.080    259.6847 
4     57.500      9.760     55.000      9.970     42.500     12.080     45.000     11.000    283.2900 
4     60.000      9.560     57.500      9.760     45.000     11.000     47.500     10.690    225.7187 
4     62.500      9.350     60.000      9.560     47.500     10.690     50.000     10.450    310.5643 
4     65.000      9.150     62.500      9.350     50.000     10.450     52.500     10.210    307.8161 
4     67.500      8.950     65.000      9.150     52.500     10.210     55.000      9.970    308.3627 
4     70.000      8.750     67.500      8.950     55.000      9.970     57.500      9.760    275.0829 
4     72.500      8.550     70.000      8.750     57.500      9.760     60.000      9.560    260.6027 
4     75.000      8.350     72.500      8.550     60.000      9.560     62.500      9.350    310.1751 
4     77.500      8.140     75.000      8.350     62.500      9.350     65.000      9.150    280.5521 
4     80.000      7.940     77.500      8.140     65.000      9.150     67.500      8.950    224.0618 
4     82.500      7.770     80.000      7.940     67.500      8.950     70.000      8.750    190.1948 
4     85.000      7.600     82.500      7.770     70.000      8.750     72.500      8.550    227.0231 
4     87.500      7.430     85.000      7.600     72.500      8.550     75.000      8.350    308.5908 
4     90.000      7.260     87.500      7.430     75.000      8.350     77.500      8.140    296.3819 
4     92.500      7.100     90.000      7.260     77.500      8.140     80.000      7.940    250.2665 
4     95.000      6.930     92.500      7.100     80.000      7.940     82.500      7.770    228.9769 
4     97.500      7.130     95.000      6.930     82.500      7.770     85.000      7.600    269.3366 
4    100.000      7.350     97.500      7.130     85.000      7.600     87.500      7.430    275.5089 
4    102.500      7.570    100.000      7.350     87.500      7.430     90.000      7.260    262.1106 
4    105.000      7.790    102.500      7.570     90.000      7.260     92.500      7.100    235.8899 
4    107.500      7.980    105.000      7.790     92.500      7.100     95.000      6.930    223.9120 
4    110.000      7.890    107.500      7.980     95.000      6.930     97.500      7.130    265.8579 
4    112.500      7.800    110.000      7.890     97.500      7.130    100.000      7.350    170.6827 
4    115.000      7.710    112.500      7.800    100.000      7.350    102.500      7.570    226.4124 
4    117.500      7.610    115.000      7.710    102.500      7.570    105.000      7.790    159.1232 
4    120.000      7.520    117.500      7.610    105.000      7.790    107.500      7.980    205.3122 
4    122.500      7.230    120.000      7.520    107.500      7.980    110.000      7.890    244.9717 
4    125.000      6.910    122.500      7.230    110.000      7.890    112.500      7.800    188.3184 
4    127.500      6.590    125.000      6.910    112.500      7.800    115.000      7.710    236.0813 
4    130.000      6.270    127.500      6.590    115.000      7.710    117.500      7.610    220.7603 
4    132.500      5.810    130.000      6.270    117.500      7.610    120.000      7.520    275.7728 
4    135.000      4.630    132.500      5.810    120.000      7.520    122.500      7.230    324.1078 
4    137.500      3.450    135.000      4.630    122.500      7.230    125.000      6.910    321.0287 
4    140.000      2.260    137.500      3.450    125.000      6.910    127.500      6.590    321.5338 
4    142.500      1.080    140.000      2.260    127.500      6.590    130.000      6.270    401.9065 
4    145.000     -0.020    142.500      1.080    130.000      6.270    132.500      5.810    288.7206 
4    147.500     -1.080    145.000     -0.020    132.500      5.810    135.000      4.630    290.9674 
4    150.000     -2.140    147.500     -1.080    135.000      4.630    137.500      3.450    274.2893 
4    152.500     -3.200    150.000     -2.140    137.500      3.450    140.000      2.260    316.5971 
4    155.000     -4.260    152.500     -3.200    140.000      2.260    142.500      1.080    315.0543 
4    157.500     -4.920    155.000     -4.260    142.500      1.080    145.000     -0.020    213.0688 
4    160.000     -4.700    157.500     -4.920    145.000     -0.020    147.500     -1.080    226.8996 
4    162.500     -4.490    160.000     -4.700    147.500     -1.080    150.000     -2.140    219.7538 
4    165.000     -4.270    162.500     -4.490    150.000     -2.140    152.500     -3.200    231.9334 
4    167.500     -4.050    165.000     -4.270    152.500     -3.200    155.000     -4.260    293.6770 
4    170.000     -3.850    167.500     -4.050    155.000     -4.260    157.500     -4.920    248.4371 
4    172.500     -3.670    170.000     -3.850    157.500     -4.920    160.000     -4.700    211.7908 
4    175.000     -3.490    172.500     -3.670    160.000     -4.700    162.500     -4.490    232.8750 
4    177.500     -3.310    175.000     -3.490    162.500     -4.490    165.000     -4.270    324.0653 
4    180.000     -3.130    177.500     -3.310    165.000     -4.270    167.500     -4.050    302.2432 
4    182.500     -2.820    180.000     -3.130    167.500     -4.050    170.000     -3.850    263.3189 
4    185.000     -2.200    182.500     -2.820    170.000     -3.850    172.500     -3.670    279.3523 
4    187.500     -1.580    185.000     -2.200    172.500     -3.670    175.000     -3.490    331.7965 
4    190.000     -0.950    187.500     -1.580    175.000     -3.490    177.500     -3.310    404.0327 
4    192.500     -0.330    190.000     -0.950    177.500     -3.310    180.000     -3.130    470.6564 
4    195.000      0.000    192.500     -0.330    180.000     -3.130    182.500     -2.820    417.3075 
4    197.500      0.000    195.000      0.000    182.500     -2.820    185.000     -2.200    394.7380 
4    200.000      0.000    197.500      0.000    185.000     -2.200    187.500     -1.580    535.4839 
4     20.000     20.510     15.000     23.670      0.000     31.300      5.000     29.040    471.1711 
4     25.000     18.200     20.000     20.510      5.000     29.040     10.000     27.310    484.2489 
4     30.000     16.110     25.000     18.200     10.000     27.310     15.000     23.670    349.9232 
4     35.000     14.480     30.000     16.110     15.000     23.670     20.000     20.510    320.5653 
4     40.000     12.870     35.000     14.480     20.000     20.510     25.000     18.200    340.8414 
4     45.000     11.000     40.000     12.870     25.000     18.200     30.000     16.110    394.2535 
4     50.000     10.450     45.000     11.000     30.000     16.110     35.000     14.480    422.9878 
4     55.000      9.970     50.000     10.450     35.000     14.480     40.000     12.870    341.3221 
4     60.000      9.560     55.000      9.970     40.000     12.870     45.000     11.000    276.3974 
4     65.000      9.150     60.000      9.560     45.000     11.000     50.000     10.450    321.8268 
4     70.000      8.750     65.000      9.150     50.000     10.450     55.000      9.970    318.9710 
4     75.000      8.350     70.000      8.750     55.000      9.970     60.000      9.560    298.6780 
4     80.000      7.940     75.000      8.350     60.000      9.560     65.000      9.150    277.6004 
4     85.000      7.600     80.000      7.940     65.000      9.150     70.000      8.750    222.3211 
4     90.000      7.260     85.000      7.600     70.000      8.750     75.000      8.350    285.5715 
4     95.000      6.930     90.000      7.260     75.000      8.350     80.000      7.940    276.9595 
4    100.000      7.350     95.000      6.930     80.000      7.940     85.000      7.600    249.2447 
4    105.000      7.790    100.000      7.350     85.000      7.600     90.000      7.260    279.3832 
4    110.000      7.890    105.000      7.790     90.000      7.260     95.000      6.930    227.3011 
4    115.000      7.710    110.000      7.890     95.000      6.930    100.000      7.350    198.7252 
4    120.000      7.520    115.000      7.710    100.000      7.350    105.000      7.790    188.5932 
4    125.000      6.910    120.000      7.520    105.000      7.790    110.000      7.890    238.6116 
4    130.000      6.270    125.000      6.910    110.000      7.890    115.000      7.710    223.6960 
4    135.000      4.630    130.000      6.270    115.000      7.710    120.000      7.520    258.8018 
4    140.000      2.260    135.000      4.630    120.000      7.520    125.000      6.910    319.3545 
4    145.000     -0.020    140.000      2.260    125.000      6.910    130.000      6.270    306.4810 
4    150.000     -2.140    145.000     -0.020    130.000      6.270    135.000      4.630    265.9876 
4    155.000     -4.260    150.000     -2.140    135.000      4.630    140.000      2.260    293.8318 
4    160.000     -4.700    155.000     -4.260    140.000      2.260    145.000     -0.020    218.0965 
4    165.000     -4.270    160.000     -4.700    145.000     -0.020    150.000     -2.140    216.0683 
4    170.000     -3.850    165.000     -4.270    150.000     -2.140    155.000     -4.260    259.3431 
4    175.000     -3.490    170.000     -3.850    155.000     -4.260    160.000     -4.700    249.1923 
4    180.000     -3.130    175.000     -3.490    160.000     -4.700    165.000     -4.270    222.6261 
4    185.000     -2.200    180.000     -3.130    165.000     -4.270    170.000     -3.850    248.1925 
4    190.000     -0.950    185.000     -2.200    170.000     -3.850    175.000     -3.490    326.2387 
4    195.000      0.000    190.000     -0.950    175.000     -3.490    180.000     -3.130    411.7874 
4    200.000      0.000    195.000      0.000    180.000     -3.130    185.000     -2.200    382.3745 
4     17.500     22.350     15.000     23.670      0.000     31.300      2.500     30.490    503.0376 
4     20.000     20.510     17.500     22.350      2.500     30.490      5.000     29.040    399.9558 
4     22.500     19.350     20.000     20.510      5.000     29.040      7.500     28.000    526.2289 
4     25.000     18.200     22.500     19.350      7.500     28.000     10.000     27.310    352.3394 
4     27.500     17.030     25.000     18.200     10.000     27.310     12.500     25.880    385.6049 
4     30.000     16.110     27.500     17.030     12.500     25.880     15.000     23.670    310.4348 
4     32.500     15.300     30.000     16.110     15.000     23.670     17.500     22.350    365.2933 
4     35.000     14.480     32.500     15.300     17.500     22.350     20.000     20.510    299.7520 
4     37.500     13.670     35.000     14.480     20.000     20.510     22.500     19.350    435.7266 
4     40.000     12.870     37.500     13.670     22.500     19.350     25.000     18.200    291.2711 
4     42.500     12.080     40.000     12.870     25.000     18.200     27.500     17.030    392.9312 
4     45.000     11.000     42.500     12.080     27.500     17.030     30.000     16.110    421.7023 
4     47.500     10.690     45.000     11.000     30.000     16.110     32.500     15.300    434.0756 
4     50.000     10.450     47.500     10.690     32.500     15.300     35.000     14.480    392.2435 
4     52.500     10.210     50.000     10.450     35.000     14.480     37.500     13.670    328.2756 
4     55.000      9.970     52.500     10.210     37.500     13.670     40.000     12.870    323.5965 
4     57.500      9.760     55.000      9.970     40.000     12.870     42.500     12.080    276.8262 
4     60.000      9.560     57.500      9.760     42.500     12.080     45.000     11.000    267.8011 
4     62.500      9.350     60.000      9.560     45.000     11.000     47.500     10.690    295.9635 
4     65.000      9.150     62.500      9.350     47.500     10.690     50.000     10.450    352.0013 
4     67.500      8.950     65.000      9.150     50.000     10.450     52.500     10.210    325.6631 
4     70.000      8.750     67.500      8.950     52.500     10.210     55.000      9.970    310.4149 
4     72.500      8.550     70.000      8.750     55.000      9.970     57.500      9.760    306.7270 
4     75.000      8.350     72.500      8.550     57.500      9.760     60.000      9.560    305.6335 
4     77.500      8.140     75.000      8.350     60.000      9.560     62.500      9.350    316.1728 
4     80.000      7.940     77.500      8.140     62.500      9.350     65.000      9.150    229.3122 
4     82.500      7.770     80.000      7.940     65.000      9.150     67.500      8.950    223.8644 
4     85.000      7.600     82.500      7.770     67.500      8.950     70.000      8.750    236.1536 
4     87.500      7.430     85.000      7.600     70.000      8.750     72.500      8.550    279.4190 
4     90.000      7.260     87.500      7.430     72.500      8.550     75.000      8.350    274.9113 
4     92.500      7.100     90.000      7.260     75.000      8.350     77.500      8.140    289.8082 
4     95.000      6.930     92.500      7.100     77.500      8.140     80.000      7.940    274.8982 
4     97.500      7.130     95.000      6.930     80.000      7.940     82.500      7.770    249.3450 
4    100.000      7.350     97.500      7.130     82.500      7.770     85.000      7.600    232.8648 
4    102.500      7.570    100.000      7.350     85.000      7.600     87.500      7.430    315.9930 
4    105.000      7.790    102.500      7.570     87.500      7.430     90.000      7.260    249.7392 
4    107.500      7.980    105.000      7.790     90.000      7.260     92.500      7.100    228.1923 
4    110.000      7.890    107.500      7.980     92.500      7.100     95.000      6.930    229.2742 
4    112.500      7.800    110.000      7.890     95.000      6.930     97.500      7.130    207.4667 
4    115.000      7.710    112.500      7.800     97.500      7.130    100.000      7.350    201.8936 
4    117.500      7.610    115.000      7.710    100.000      7.350    102.500      7.570    176.0930 
4    120.000      7.520    117.500      7.610    102.500      7.570    105.000      7.790    225.2383 
4    122.500      7.230    120.000      7.520    105.000      7.790    107.500      7.980    234.1909 
4    125.000      6.910    122.500      7.230    107.500      7.980    110.000      7.890    244.4794 
4    127.500      6.590    125.000      6.910    110.000      7.890    112.500      7.800    195.0818 
4    130.000      6.270    127.500      6.590    112.500      7.800    115.000      7.710    240.9004 
4    132.500      5.810    130.000      6.270    115.000      7.710    117.500      7.610    218.3342 
4    135.000      4.630    132.500      5.810    117.500      7.610    120.000      7.520    288.8185 
4    137.500      3.450    135.000      4.630    120.000      7.520    122.500      7.230    318.7177 
4    140.000      2.260    137.500      3.450    122.500      7.230    125.000      6.910    310.3160 
4    142.500      1.080    140.000      2.260    125.000      6.910    127.500      6.590    341.2460 
4    145.000     -0.020    142.500      1.080    127.500      6.590    130.000      6.270    267.1809 
4    147.500     -1.080    145.000     -0.020    130.000      6.270    132.500      5.810    264.1692 
4    150.000     -2.140    147.500     -1.080    132.500      5.810    135.000      4.630    242.1786 
4    152.500     -3.200    150.000     -2.140    135.000      4.630    137.500      3.450    281.6176 
4    155.000     -4.260    152.500     -3.200    137.500      3.450    140.000      2.260    285.2576 
4    157.500     -4.920    155.000     -4.260    140.000      2.260    142.500      1.080    239.2807 
4    160.000     -4.700    157.500     -4.920    142.500      1.080    145.000     -0.020    199.4493 
4    162.500     -4.490    160.000     -4.700    145.000     -0.020    147.500     -1.080    225.7595 
4    165.000     -4.270    162.500     -4.490    147.500     -1.080    150.000     -2.140    190.9684 
4    167.500     -4.050    165.000     -4.270    150.000     -2.140    152.500     -3.200    231.6938 
4    170.000     -3.850    167.500     -4.050    152.500     -3.200    155.000     -4.260    265.4937 
4    172.500     -3.670    170.000     -3.850    155.000     -4.260    157.500     -4.920    217.2341 
4    175.000     -3.490    172.500     -3.670    157.500     -4.920    160.000     -4.700    202.3538 
4    177.500     -3.310    175.000     -3.490    160.000     -4.700    162.500     -4.490    231.6295 
4    180.000     -3.130    177.500     -3.310    162.500     -4.490    165.000     -4.270    125.4340 
4    182.500     -2.820    180.000     -3.130    165.000     -4.270    167.500     -4.050    189.2894 
4    185.000     -2.200    182.500     -2.820    167.500     -4.050    170.000     -3.850    229.8218 
4    187.500     -1.580    185.000     -2.200    170.000     -3.850    172.500     -3.670    292.3465 
4    190.000     -0.950    187.500     -1.580    172.500     -3.670    175.000     -3.490    376.6952 
4    192.500     -0.330    190.000     -0.950    175.000     -3.490    177.500     -3.310    419.9836 
4    195.000      0.000    192.500     -0.330    177.500     -3.310    180.000     -3.130    332.1004 
4    197.500      0.000    195.000      0.000    180.000     -3.130    182.500     -2.820    320.8800 
4    200.000      0.000    197.500      0.000    182.500     -2.820    185.000     -2.200    451.5404 
4     30.000     16.110     20.000     20.510      0.000     31.300     10.000     27.310    494.1449 
4     35.000     14.480     25.000     18.200      5.000     29.040     15.000     23.670    406.6264 
4     40.000     12.870     30.000     16.110     10.000     27.310     20.000     20.510    363.9435 
4     45.000     11.000     35.000     14.480     15.000     23.670     25.000     18.200    373.5228 
4     50.000     10.450     40.000     12.870     20.000     20.510     30.000     16.110    439.1381 
4     55.000      9.970     45.000     11.000     25.000     18.200     35.000     14.480    491.3080 
4     60.000      9.560     50.000     10.450     30.000     16.110     40.000     12.870    419.1915 
4     65.000      9.150     55.000      9.970     35.000     14.480     45.000     11.000    342.7716 
4     70.000      8.750     60.000      9.560     40.000     12.870     50.000     10.450    356.0964 
4     75.000      8.350     65.000      9.150     45.000     11.000     55.000      9.970    371.0855 
4     80.000      7.940     70.000      8.750     50.000     10.450     60.000      9.560    351.2087 
4     85.000      7.600     75.000      8.350     55.000      9.970     65.000      9.150    302.5806 
4     90.000      7.260     80.000      7.940     60.000      9.560     70.000      8.750    276.5154 
4     95.000      6.930     85.000      7.600     65.000      9.150     75.000      8.350    301.4779 
4    100.000      7.350     90.000      7.260     70.000      8.750     80.000      7.940    302.0000 
4    105.000      7.790     95.000      6.930     75.000      8.350     85.000      7.600    281.4484 
4    110.000      7.890    100.000      7.350     80.000      7.940     90.000      7.260    275.6804 
4    115.000      7.710    105.000      7.790     85.000      7.600     95.000      6.930    236.5996 
4    120.000      7.520    110.000      7.890     90.000      7.260    100.000      7.350    201.9541 
4    125.000      6.910    115.000      7.710     95.000      6.930    105.000      7.790    205.2773 
4    130.000      6.270    120.000      7.520    100.000      7.350    110.000      7.890    235.9342 
4    135.000      4.630    125.000      6.910    105.000      7.790    115.000      7.710    231.6893 
4    140.000      2.260    130.000      6.270    110.000      7.890    120.000      7.520    263.4037 
4    145.000     -0.020    135.000      4.630    115.000      7.710    125.000      6.910    306.5126 
4    150.000     -2.140    140.000      2.260    120.000      7.520    130.000      6.270    288.5641 
4    155.000     -4.260    145.000     -0.020    125.000      6.910    135.000      4.630    253.6453 
4    160.000     -4.700    150.000     -2.140    130.000      6.270    140.000      2.260    255.0006 
4    165.000     -4.270    155.000     -4.260    135.000      4.630    145.000     -0.020    209.1773 
4    170.000     -3.850    160.000     -4.700    140.000      2.260    150.000     -2.140    200.9344 
4    175.000     -3.490    165.000     -4.270    145.000     -0.020    155.000     -4.260    231.8985 
4    180.000     -3.130    170.000     -3.850    150.000     -2.140    160.000     -4.700    232.0154 
4    185.000     -2.200    175.000     -3.490    155.000     -4.260    165.000     -4.270    210.2272 
4    190.000     -0.950    180.000     -3.130    160.000     -4.700    170.000     -3.850    243.8058 
4    195.000      0.000    185.000     -2.200    165.000     -4.270    175.000     -3.490    303.9340 
4    200.000      0.000    190.000     -0.950    170.000     -3.850    180.000     -3.130    357.3555 
4     20.000     20.510     17.500     22.350      0.000     31.300      2.500     30.490    413.3764 
4     22.500     19.350     20.000     20.510      2.500     30.490      5.000     29.040    547.7485 
4     25.000     18.200     22.500     19.350      5.000     29.040      7.500     28.000    332.2027 
4     27.500     17.030     25.000     18.200      7.500     28.000     10.000     27.310    486.6254 
4     30.000     16.110     27.500     17.030     10.000     27.310     12.500     25.880    358.7531 
4     32.500     15.300     30.000     16.110     12.500     25.880     15.000     23.670    357.9957 
4     35.000     14.480     32.500     15.300     15.000     23.670     17.500     22.350    399.6143 
4     37.500     13.670     35.000     14.480     17.500     22.350     20.000     20.510    329.3658 
4     40.000     12.870     37.500     13.670     20.000     20.510     22.500     19.350    480.7406 
4     42.500     12.080     40.000     12.870     22.500     19.350     25.000     18.200    303.8526 
4     45.000     11.000     42.500     12.080     25.000     18.200     27.500     17.030    497.2181 
4     47.500     10.690     45.000     11.000     27.500     17.030     30.000     16.110    437.5068 
4     50.000     10.450     47.500     10.690     30.000     16.110     32.500     15.300    582.2658 
4     52.500     10.210     50.000     10.450     32.500     15.300     35.000     14.480    613.9040 
4     55.000      9.970     52.500     10.210     35.000     14.480     37.500     13.670    378.5081 
4     57.500      9.760     55.000      9.970     37.500     13.670     40.000     12.870    360.6214 
4     60.000      9.560     57.500      9.760     40.000     12.870     42.500     12.080    270.0794 
4     62.500      9.350     60.000      9.560     42.500     12.080     45.000     11.000    352.8946 
4     65.000      9.150     62.500      9.350     45.000     11.000     47.500     10.690    340.6948 
4     67.500      8.950     65.000      9.150     47.500     10.690     50.000     10.450    384.1133 
4     70.000      8.750     67.500      8.950     50.000     10.450     52.500     10.210    344.2046 
4     72.500      8.550     70.000      8.750     52.500     10.210     55.000      9.970    376.1040 
4     75.000      8.350     72.500      8.550     55.000      9.970     57.500      9.760    375.2042 
4     77.500      8.140     75.000      8.350     57.500      9.760     60.000      9.560    326.1147 
4     80.000      7.940     77.500      8.140     60.000      9.560     62.500      9.350    277.2442 
4     82.500      7.770     80.000      7.940     62.500      9.350     65.000      9.150    236.2934 
4     85.000      7.600     82.500      7.770     65.000      9.150     67.500      8.950    286.3907 
4     87.500      7.430     85.000      7.600     67.500      8.950     70.000      8.750    300.3481 
4     90.000      7.260     87.500      7.430     70.000      8.750     72.500      8.550    260.8822 
4     92.500      7.100     90.000      7.260     72.500      8.550     75.000      8.350    283.1950 
4     95.000      6.930     92.500      7.100     75.000      8.350     77.500      8.140    333.6567 
4     97.500      7.130     95.000      6.930     77.500      8.140     80.000      7.940    314.1523 
4    100.000      7.350     97.500      7.130     80.000      7.940     82.500      7.770    218.9276 
4    102.500      7.570    100.000      7.350     82.500      7.770     85.000      7.600    273.2013 
4    105.000      7.790    102.500      7.570     85.000      7.600     87.500      7.430    308.5288 
4    107.500      7.980    105.000      7.790     87.500      7.430     90.000      7.260    243.7814 
4    110.000      7.890    107.500      7.980     90.000      7.260     92.500      7.100    238.3064 
4    112.500      7.800    110.000      7.890     92.500      7.100     95.000      6.930    184.1849 
4    115.000      7.710    112.500      7.800     95.000      6.930     97.500      7.130    252.0048 
4    117.500      7.610    115.000      7.710     97.500      7.130    100.000      7.350    157.9737 
4    120.000      7.520    117.500      7.610    100.000      7.350    102.500      7.570    222.5342 
4    122.500      7.230    120.000      7.520    102.500      7.570    105.000      7.790    220.3175 
4    125.000      6.910    122.500      7.230    105.000      7.790    107.500      7.980    205.3450 
4    127.500      6.590    125.000      6.910    107.500      7.980    110.000      7.890    249.2387 
4    130.000      6.270    127.500      6.590    110.000      7.890    112.500      7.800    213.2322 
4    132.500      5.810    130.000      6.270    112.500      7.800    115.000      7.710    248.0908 
4    135.000      4.630    132.500      5.810    115.000      7.710    117.500      7.610    230.5624 
4    137.500      3.450    135.000      4.630    117.500      7.610    120.000      7.520    305.7236 
4    140.000      2.260    137.500      3.450    120.000      7.520    122.500      7.230    314.5799 
4    142.500      1.080    140.000      2.260    122.500      7.230    125.000      6.910    325.1119 
4    145.000     -0.020    142.500      1.080    125.000      6.910    127.500      6.590    255.0533 
4    147.500     -1.080    145.000     -0.020    127.500      6.590    130.000      6.270    262.6669 
4    150.000     -2.140    147.500     -1.080    130.000      6.270    132.500      5.810    226.8484 
4    152.500     -3.200    150.000     -2.140    132.500      5.810    135.000      4.630    257.8377 
4    155.000     -4.260    152.500     -3.200    135.000      4.630    137.500      3.450    261.5235 
4    157.500     -4.920    155.000     -4.260    137.500      3.450    140.000      2.260    219.1897 
4    160.000     -4.700    157.500     -4.920    140.000      2.260    142.500      1.080    224.0411 
4    162.500     -4.490    160.000     -4.700    142.500      1.080    145.000     -0.020    197.9974 
4    165.000     -4.270    162.500     -4.490    145.000     -0.020    147.500     -1.080    193.0417 
4    167.500     -4.050    165.000     -4.270    147.500     -1.080    150.000     -2.140    191.3734 
4    170.000     -3.850    167.500     -4.050    150.000     -2.140    152.500     -3.200    219.3132 
4    172.500     -3.670    170.000     -3.850    152.500     -3.200    155.000     -4.260    239.2791 
4    175.000     -3.490    172.500     -3.670    155.000     -4.260    157.500     -4.920    211.3151 
4    177.500     -3.310    175.000     -3.490    157.500     -4.920    160.000     -4.700    208.7434 
4    180.000     -3.130    177.500     -3.310    160.000     -4.700    162.500     -4.490    225.3286 
4    185.000     -2.200    182.500     -2.820    165.000     -4.270    167.500     -4.050    195.1909 
4    187.500     -1.580    185.000     -2.200    167.500     -4.050    170.000     -3.850    267.4616 
4    190.000     -0.950    187.500     -1.580    170.000     -3.850    172.500     -3.670    316.3981 
4    192.500     -0.330    190.000     -0.950    172.500     -3.670    175.000     -3.490    391.9113 
4    195.000      0.000    192.500     -0.330    175.000     -3.490    177.500     -3.310    297.8041 
4    197.500      0.000    195.000      0.000    177.500     -3.310    180.000     -3.130    261.5393 
4    200.000      0.000    197.500      0.000    180.000     -3.130    182.500     -2.820    352.1346 
4     25.000     18.200     20.000     20.510      0.000     31.300      5.000     29.040    496.1609 
4     30.000     16.110     25.000     18.200      5.000     29.040     10.000     27.310    471.8110 
4     35.000     14.480     30.000     16.110     10.000     27.310     15.000     23.670    400.3787 
4     40.000     12.870     35.000     14.480     15.000     23.670     20.000     20.510    386.5554 
4     45.000     11.000     40.000     12.870     20.000     20.510     25.000     18.200    414.4301 
4     50.000     10.450     45.000     11.000     25.000     18.200     30.000     16.110    531.2332 
4     55.000      9.970     50.000     10.450     30.000     16.110     35.000     14.480    571.4280 
4     60.000      9.560     55.000      9.970     35.000     14.480     40.000     12.870    387.6826 
4     65.000      9.150     60.000      9.560     40.000     12.870     45.000     11.000    376.6641 
4     70.000      8.750     65.000      9.150     45.000     11.000     50.000     10.450    384.2981 
4     75.000      8.350     70.000      8.750     50.000     10.450     55.000      9.970    423.8379 
4     80.000      7.940     75.000      8.350     55.000      9.970     60.000      9.560    342.1543 
4     85.000      7.600     80.000      7.940     60.000      9.560     65.000      9.150    291.7949 
4     90.000      7.260     85.000      7.600     65.000      9.150     70.000      8.750    320.2982 
4     95.000      6.930     90.000      7.260     70.000      8.750     75.000      8.350    300.1745 
4    100.000      7.350     95.000      6.930     75.000      8.350     80.000      7.940    329.4120 
4    105.000      7.790    100.000      7.350     80.000      7.940     85.000      7.600    268.2066 
4    110.000      7.890    105.000      7.790     85.000      7.600     90.000      7.260    275.1328 
4    115.000      7.710    110.000      7.890     90.000      7.260     95.000      6.930    206.7843 
4    120.000      7.520    115.000      7.710     95.000      6.930    100.000      7.350    198.4726 
4    125.000      6.910    120.000      7.520    100.000      7.350    105.000      7.790    231.3661 
4    130.000      6.270    125.000      6.910    105.000      7.790    110.000      7.890    233.1464 
4    135.000      4.630    130.000      6.270    110.000      7.890    115.000      7.710    238.8785 
4    140.000      2.260    135.000      4.630    115.000      7.710    120.000      7.520    289.2662 
4    145.000     -0.020    140.000      2.260    120.000      7.520    125.000      6.910    301.5467 
4    150.000     -2.140    145.000     -0.020    125.000      6.910    130.000      6.270    244.8105 
4    155.000     -4.260    150.000     -2.140    130.000      6.270    135.000      4.630    242.4091 
4    160.000     -4.700    155.000     -4.260    135.000      4.630    140.000      2.260    209.4874 
4    165.000     -4.270    160.000     -4.700    140.000      2.260    145.000     -0.020    196.1089 
4    170.000     -3.850    165.000     -4.270    145.000     -0.020    150.000     -2.140    180.2413 
4    175.000     -3.490    170.000     -3.850    150.000     -2.140    155.000     -4.260    234.1925 
4    180.000     -3.130    175.000     -3.490    155.000     -4.260    160.000     -4.700    206.1387 
4    185.000     -2.200    180.000     -3.130    160.000     -4.700    165.000     -4.270    196.5443 
4    190.000     -0.950    185.000     -2.200    165.000     -4.270    170.000     -3.850    281.4616 
4    195.000      0.000    190.000     -0.950    170.000     -3.850    175.000     -3.490    331.3366 
4    200.000      0.000    195.000      0.000    175.000     -3.490    180.000     -3.130    238.9784 
4     22.500     19.350     20.000     20.510      0.000     31.300      2.500     30.490    597.8303 
4     25.000     18.200     22.500     19.350      2.500     30.490      5.000     29.040    365.6246 
4     27.500     17.030     25.000     18.200      5.000     29.040      7.500     28.000    469.1108 
4     30.000     16.110     27.500     17.030      7.500     28.000     10.000     27.310    457.9164 
4     32.500     15.300     30.000     16.110     10.000     27.310     12.500     25.880    422.8727 
4     35.000     14.480     32.500     15.300     12.500     25.880     15.000     23.670    387.6100 
4     37.500     13.670     35.000     14.480     15.000     23.670     17.500     22.350    445.5385 
4     40.000     12.870     37.500     13.670     17.500     22.350     20.000     20.510    360.4937 
4     42.500     12.080     40.000     12.870     20.000     20.510     22.500     19.350    487.5926 
4     45.000     11.000     42.500     12.080     22.500     19.350     25.000     18.200    377.3379 
4     47.500     10.690     45.000     11.000     25.000     18.200     27.500     17.030    516.4058 
4     50.000     10.450     47.500     10.690     27.500     17.030     30.000     16.110    583.4850 
4     52.500     10.210     50.000     10.450     30.000     16.110     32.500     15.300    578.3905 
4     55.000      9.970     52.500     10.210     32.500     15.300     35.000     14.480    462.9159 
4     57.500      9.760     55.000      9.970     35.000     14.480     37.500     13.670    430.2946 
4     60.000      9.560     57.500      9.760     37.500     13.670     40.000     12.870    355.3173 
4     62.500      9.350     60.000      9.560     40.000     12.870     42.500     12.080    360.2257 
4     65.000      9.150     62.500      9.350     42.500     12.080     45.000     11.000    403.1440 
4     67.500      8.950     65.000      9.150     45.000     11.000     47.500     10.690    368.7988 
4     70.000      8.750     67.500      8.950     47.500     10.690     50.000     10.450    402.2612 
4     72.500      8.550     70.000      8.750     50.000     10.450     52.500     10.210    412.6639 
4     75.000      8.350     72.500      8.550     52.500     10.210     55.000      9.970    455.8620 
4     77.500      8.140     75.000      8.350     55.000      9.970     57.500      9.760    409.3190 
4     80.000      7.940     77.500      8.140     57.500      9.760     60.000      9.560    289.6438 
4     82.500      7.770     80.000      7.940     60.000      9.560     62.500      9.350    296.2618 
4     85.000      7.600     82.500      7.770     62.500      9.350     65.000      9.150    306.7829 
4     87.500      7.430     85.000      7.600     65.000      9.150     67.500      8.950    367.8880 
4     90.000      7.260     87.500      7.430     67.500      8.950     70.000      8.750    288.2856 
4     92.500      7.100     90.000      7.260     70.000      8.750     72.500      8.550    274.8049 
4     95.000      6.930     92.500      7.100     72.500      8.550     75.000      8.350    335.4366 
4     97.500      7.130     95.000      6.930     75.000      8.350     77.500      8.140    394.0483 
4    100.000      7.350     97.500      7.130     77.500      8.140     80.000      7.940    275.8899 
4    102.500      7.570    100.000      7.350     80.000      7.940     82.500      7.770    261.0454 
4    105.000      7.790    102.500      7.570     82.500      7.770     85.000      7.600    272.0886 
4    107.500      7.980    105.000      7.790     85.000      7.600     87.500      7.430    307.7883 
4    110.000      7.890    107.500      7.980     87.500      7.430     90.000      7.260    255.3263 
4    112.500      7.800    110.000      7.890     90.000      7.260     92.500      7.100    192.6264 
4    115.000      7.710    112.500      7.800     92.500      7.100     95.000      6.930    227.4132 
4    117.500      7.610    115.000      7.710     95.000      6.930     97.500      7.130    201.0396 
4    120.000      7.520    117.500      7.610     97.500      7.130    100.000      7.350    205.3705 
4    122.500      7.230    120.000      7.520    100.000      7.350    102.500      7.570    241.1224 
4    125.000      6.910    122.500      7.230    102.500      7.570    105.000      7.790    223.4200 
4    127.500      6.590    125.000      6.910    105.000      7.790    107.500      7.980    213.6194 
4    130.000      6.270    127.500      6.590    107.500      7.980    110.000      7.890    250.4587 
4    132.500      5.810    130.000      6.270    110.000      7.890    112.500      7.800    210.4665 
4    135.000      4.630    132.500      5.810    112.500      7.800    115.000      7.710    260.2490 
4    137.500      3.450    135.000      4.630    115.000      7.710    117.500      7.610    252.3718 
4    140.000      2.260    137.500      3.450    117.500      7.610    120.000      7.520    312.6583 
4    142.500      1.080    140.000      2.260    120.000      7.520    122.500      7.230    340.7678 
4    145.000     -0.020    142.500      1.080    122.500      7.230    125.000      6.910    254.2275 
4    147.500     -1.080    145.000     -0.020    125.000      6.910    127.500      6.590    254.6407 
4    150.000     -2.140    147.500     -1.080    127.500      6.590    130.000      6.270    225.0655 
4    152.500     -3.200    150.000     -2.140    130.000      6.270    132.500      5.810    237.5234 
4    155.000     -4.260    152.500     -3.200    132.500      5.810    135.000      4.630    237.2614 
4    157.500     -4.920    155.000     -4.260    135.000      4.630    137.500      3.450    201.8237 
4    160.000     -4.700    157.500     -4.920    137.500      3.450    140.000      2.260    205.3823 
4    162.500     -4.490    160.000     -4.700    140.000      2.260    142.500      1.080    224.1998 
4    165.000     -4.270    162.500     -4.490    142.500      1.080    145.000     -0.020    171.4053 
4    167.500     -4.050    165.000     -4.270    145.000     -0.020    147.500     -1.080    197.0234 
4    170.000     -3.850    167.500     -4.050    147.500     -1.080    150.000     -2.140    183.2829 
4    172.500     -3.670    170.000     -3.850    150.000     -2.140    152.500     -3.200    205.6115 
4    175.000     -3.490    172.500     -3.670    152.500     -3.200    155.000     -4.260    238.4663 
4    177.500     -3.310    175.000     -3.490    155.000     -4.260    157.500     -4.920    212.0123 
4    180.000     -3.130    177.500     -3.310    157.500     -4.920    160.000     -4.700    191.8798 
4    182.500     -2.820    180.000     -3.130    160.000     -4.700    162.500     -4.490    207.7388 
4    185.000     -2.200    182.500     -2.820    162.500     -4.490    165.000     -4.270    227.7275 
4    187.500     -1.580    185.000     -2.200    165.000     -4.270    167.500     -4.050    245.5182 
4    190.000     -0.950    187.500     -1.580    167.500     -4.050    170.000     -3.850    319.0464 
4    192.500     -0.330    190.000     -0.950    170.000     -3.850    172.500     -3.670    319.9940 
4    195.000      0.000    192.500     -0.330    172.500     -3.670    175.000     -3.490    248.4775 
4    197.500      0.000    195.000      0.000    175.000     -3.490    177.500     -3.310    226.8120 
4    200.000      0.000    197.500      0.000    177.500     -3.310    180.000     -3.130    286.8511 
4     25.000     18.200     22.500     19.350      0.000     31.300      2.500     30.490    418.5280 
4     27.500     17.030     25.000     18.200      2.500     30.490      5.000     29.040    549.1707 
4     30.000     16.110     27.500     17.030      5.000     29.040      7.500     28.000    460.6879 
4     32.500     15.300     30.000     16.110      7.500     28.000     10.000     27.310    554.7147 
4     35.000     14.480     32.500     15.300     10.000     27.310     12.500     25.880    461.3156 
4     37.500     13.670     35.000     14.480     12.500     25.880     15.000     23.670    428.1045 
4     40.000     12.870     37.500     13.670     15.000     23.670     17.500     22.350    468.1828 
4     42.500     12.080     40.000     12.870     17.500     22.350     20.000     20.510    357.6845 
4     45.000     11.000     42.500     12.080     20.000     20.510     22.500     19.350    598.3301 
4     47.500     10.690     45.000     11.000     22.500     19.350     25.000     18.200    385.8542 
4     50.000     10.450     47.500     10.690     25.000     18.200     27.500     17.030    685.0136 
4     52.500     10.210     50.000     10.450     27.500     17.030     30.000     16.110    595.1238 
4     55.000      9.970     52.500     10.210     30.000     16.110     32.500     15.300    565.9108 
4     57.500      9.760     55.000      9.970     32.500     15.300     35.000     14.480    531.3556 
4     60.000      9.560     57.500      9.760     35.000     14.480     37.500     13.670    415.1096 
4     62.500      9.350     60.000      9.560     37.500     13.670     40.000     12.870    466.1306 
4     65.000      9.150     62.500      9.350     40.000     12.870     42.500     12.080    410.2736 
4     67.500      8.950     65.000      9.150     42.500     12.080     45.000     11.000    423.5716 
4     70.000      8.750     67.500      8.950     45.000     11.000     47.500     10.690    372.8180 
4     72.500      8.550     70.000      8.750     47.500     10.690     50.000     10.450    466.9574 
4     75.000      8.350     72.500      8.550     50.000     10.450     52.500     10.210    500.0005 
4     77.500      8.140     75.000      8.350     52.500     10.210     55.000      9.970    494.3818 
4     80.000      7.940     77.500      8.140     55.000      9.970     57.500      9.760    358.5604 
4     82.500      7.770     80.000      7.940     57.500      9.760     60.000      9.560    301.2653 
4     85.000      7.600     82.500      7.770     60.000      9.560     62.500      9.350    383.9225 
4     87.500      7.430     85.000      7.600     62.500      9.350     65.000      9.150    400.6846 
4     90.000      7.260     87.500      7.430     65.000      9.150     67.500      8.950    357.2773 
4     92.500      7.100     90.000      7.260     67.500      8.950     70.000      8.750    300.0710 
4     95.000      6.930     92.500      7.100     70.000      8.750     72.500      8.550    322.2092 
4     97.500      7.130     95.000      6.930     72.500      8.550     75.000      8.350    403.1060 
4    100.000      7.350     97.500      7.130     75.000      8.350     77.500      8.140    348.8623 
4    102.500      7.570    100.000      7.350     77.500      8.140     80.000      7.940    335.2731 
4    105.000      7.790    102.500      7.570     80.000      7.940     82.500      7.770    262.5323 
4    107.500      7.980    105.000      7.790     82.500      7.770     85.000      7.600    269.2350 
4    110.000      7.890    107.500      7.980     85.000      7.600     87.500      7.430    328.0801 
4    112.500      7.800    110.000      7.890     87.500      7.430     90.000      7.260    207.4494 
4    115.000      7.710    112.500      7.800     90.000      7.260     92.500      7.100    241.4447 
4    117.500      7.610    115.000      7.710     92.500      7.100     95.000      6.930    187.2440 
4    120.000      7.520    117.500      7.610     95.000      6.930     97.500      7.130    257.0256 
4    122.500      7.230    120.000      7.520     97.500      7.130    100.000      7.350    230.1333 
4    125.000      6.910    122.500      7.230    100.000      7.350    102.500      7.570    226.2416 
4    127.500      6.590    125.000      6.910    102.500      7.570    105.000      7.790    227.0367 
4    130.000      6.270    127.500      6.590    105.000      7.790    107.500      7.980    250.7679 
4    132.500      5.810    130.000      6.270    107.500      7.980    110.000      7.890    260.0775 
4    135.000      4.630    132.500      5.810    110.000      7.890    112.500      7.800    223.1478 
4    137.500      3.450    135.000      4.630    112.500      7.800    115.000      7.710    282.9803 
4    140.000      2.260    137.500      3.450    115.000      7.710    117.500      7.610    261.3057 
4    142.500      1.080    140.000      2.260    117.500      7.610    120.000      7.520    333.8605 
4    145.000     -0.020    142.500      1.080    120.000      7.520    122.500      7.230    265.1307 
4    147.500     -1.080    145.000     -0.020    122.500      7.230    125.000      6.910    258.4472 
4    150.000     -2.140    147.500     -1.080    125.000      6.910    127.500      6.590    226.3491 
4    152.500     -3.200    150.000     -2.140    127.500      6.590    130.000      6.270    237.5366 
4    155.000     -4.260    152.500     -3.200    130.000      6.270    132.500      5.810    231.1924 
4    157.500     -4.920    155.000     -4.260    132.500      5.810    135.000      4.630    183.8652 
4    160.000     -4.700    157.500     -4.920    135.000      4.630    137.500      3.450    185.1347 
4    162.500     -4.490    160.000     -4.700    137.500      3.450    140.000      2.260    208.7002 
4    165.000     -4.270    162.500     -4.490    140.000      2.260    142.500      1.080    191.6457 
4    167.500     -4.050    165.000     -4.270    142.500      1.080    145.000     -0.020    178.7973 
4    170.000     -3.850    167.500     -4.050    145.000     -0.020    147.500     -1.080    187.3112 
4    172.500     -3.670    170.000     -3.850    147.500     -1.080    150.000     -2.140    168.6411 
4    175.000     -3.490    172.500     -3.670    150.000     -2.140    152.500     -3.200    203.3501 
4    177.500     -3.310    175.000     -3.490    152.500     -3.200    155.000     -4.260    243.0733 
4    180.000     -3.130    177.500     -3.310    155.000     -4.260    157.500     -4.920    208.0414 
4    182.500     -2.820    180.000     -3.130    157.500     -4.920    160.000     -4.700    191.8730 
4    185.000     -2.200    182.500     -2.820    160.000     -4.700    162.500     -4.490    193.3631 
4    187.500     -1.580    185.000     -2.200    162.500     -4.490    165.000     -4.270    216.6702 
4    190.000     -0.950    187.500     -1.580    165.000     -4.270    167.500     -4.050    285.4192 
4    192.500     -0.330    190.000     -0.950    167.500     -4.050    170.000     -3.850    312.8301 
4    195.000      0.000    192.500     -0.330    170.000     -3.850    172.500     -3.670    274.4765 
4    197.500      0.000    195.000      0.000    172.500     -3.670    175.000     -3.490    205.6438 
4    200.000      0.000    197.500      0.000    175.000     -3.490    177.500     -3.310    252.6770 
4     30.000     16.110     25.000     18.200      0.000     31.300      5.000     29.040    585.4484 
4     35.000     14.480     30.000     16.110      5.000     29.040     10.000     27.310    570.4120 
4     40.000     12.870     35.000     14.480     10.000     27.310     15.000     23.670    463.9837 
4     45.000     11.000     40.000     12.870     15.000     23.670     20.000     20.510    431.4230 
4     50.000     10.450     45.000     11.000     20.000     20.510     25.000     18.200    538.1812 
4     55.000      9.970     50.000     10.450     25.000     18.200     30.000     16.110    623.2606 
4     60.000      9.560     55.000      9.970     30.000     16.110     35.000     14.480    568.9493 
4     65.000      9.150     60.000      9.560     35.000     14.480     40.000     12.870    517.0264 
4     70.000      8.750     65.000      9.150     40.000     12.870     45.000     11.000    432.2712 
4     75.000      8.350     70.000      8.750     45.000     11.000     50.000     10.450    498.5802 
4     80.000      7.940     75.000      8.350     50.000     10.450     55.000      9.970    489.0140 
4     85.000      7.600     80.000      7.940     55.000      9.970     60.000      9.560    370.9800 
4     90.000      7.260     85.000      7.600     60.000      9.560     65.000      9.150    427.5965 
4     95.000      6.930     90.000      7.260     65.000      9.150     70.000      8.750    350.7997 
4    100.000      7.350     95.000      6.930     70.000      8.750     75.000      8.350    376.9421 
4    105.000      7.790    100.000      7.350     75.000      8.350     80.000      7.940    374.2165 
4    110.000      7.890    105.000      7.790     80.000      7.940     85.000      7.600    270.4647 
4    115.000      7.710    110.000      7.890     85.000      7.600     90.000      7.260    261.7506 
4    120.000      7.520    115.000      7.710     90.000      7.260     95.000      6.930    214.3440 
4    125.000      6.910    120.000      7.520     95.000      6.930    100.000      7.350    252.0374 
4    130.000      6.270    125.000      6.910    100.000      7.350    105.000      7.790    236.6581 
4    135.000      4.630    130.000      6.270    105.000      7.790    110.000      7.890    259.0890 
4    140.000      2.260    135.000      4.630    110.000      7.890    115.000      7.710    289.2747 
4    145.000     -0.020    140.000      2.260    115.000      7.710    120.000      7.520    288.9185 
4    150.000     -2.140    145.000     -0.020    120.000      7.520    125.000      6.910    258.8025 
4    155.000     -4.260    150.000     -2.140    125.000      6.910    130.000      6.270    239.2084 
4    160.000     -4.700    155.000     -4.260    130.000      6.270    135.000      4.630    177.5225 
4    165.000     -4.270    160.000     -4.700    135.000      4.630    140.000      2.260    184.5151 
4    170.000     -3.850    165.000     -4.270    140.000      2.260    145.000     -0.020    186.5324 
4    175.000     -3.490    170.000     -3.850    145.000     -0.020    150.000     -2.140    200.7421 
4    180.000     -3.130    175.000     -3.490    150.000     -2.140    155.000     -4.260    244.5051 
4    185.000     -2.200    180.000     -3.130    155.000     -4.260    160.000     -4.700    190.6501 
4    190.000     -0.950    185.000     -2.200    160.000     -4.700    165.000     -4.270    232.3057 
4    195.000      0.000    190.000     -0.950    165.000     -4.270    170.000     -3.850    193.9525 
4    200.000      0.000    195.000      0.000    170.000     -3.850    175.000     -3.490    392.1989 
4     45.000     11.000     30.000     16.110      0.000     31.300     15.000     23.670    535.1907 
4     50.000     10.450     35.000     14.480      5.000     29.040     20.000     20.510    486.8416 
4     55.000      9.970     40.000     12.870     10.000     27.310     25.000     18.200    492.6435 
4     60.000      9.560     45.000     11.000     15.000     23.670     30.000     16.110    572.0746 
4     65.000      9.150     50.000     10.450     20.000     20.510     35.000     14.480    622.8836 
4     70.000      8.750     55.000      9.970     25.000     18.200     40.000     12.870    555.5793 
4     75.000      8.350     60.000      9.560     30.000     16.110     45.000     11.000    515.3422 
4     80.000      7.940     65.000      9.150     35.000     14.480     50.000     10.450    486.0782 
4     85.000      7.600     70.000      8.750     40.000     12.870     55.000      9.970    491.2722 
4     90.000      7.260     75.000      8.350     45.000     11.000     60.000      9.560    457.6766 
4     95.000      6.930     80.000      7.940     50.000     10.450     65.000      9.150    421.9888 
4    100.000      7.350     85.000      7.600     55.000      9.970     70.000      8.750    407.8912 
4    105.000      7.790     90.000      7.260     60.000      9.560     75.000      8.350    381.1324 
4    110.000      7.890     95.000      6.930     65.000      9.150     80.000      7.940    380.6093 
4    115.000      7.710    100.000      7.350     70.000      8.750     85.000      7.600    322.0814 
4    120.000      7.520    105.000      7.790     75.000      8.350     90.000      7.260    286.7951 
4    125.000      6.910    110.000      7.890     80.000      7.940     95.000      6.930    246.9113 
4    130.000      6.270    115.000      7.710     85.000      7.600    100.000      7.350    245.5380 
4    135.000      4.630    120.000      7.520     90.000      7.260    105.000      7.790    255.0235 
4    140.000      2.260    125.000      6.910     95.000      6.930    110.000      7.890    265.1100 
4    145.000     -0.020    130.000      6.270    100.000      7.350    115.000      7.710    280.3188 
4    150.000     -2.140    135.000      4.630    105.000      7.790    120.000      7.520    294.1548 
4    155.000     -4.260    140.000      2.260    110.000      7.890    125.000      6.910    284.2362 
4    160.000     -4.700    145.000     -0.020    115.000      7.710    130.000      6.270    242.4442 
4    165.000     -4.270    150.000     -2.140    120.000      7.520    135.000      4.630    215.5446 
4    170.000     -3.850    155.000     -4.260    125.000      6.910    140.000      2.260    187.0514 
4    175.000     -3.490    160.000     -4.700    130.000      6.270    145.000     -0.020    184.8248 
4    180.000     -3.130    165.000     -4.270    135.000      4.630    150.000     -2.140    182.1294 
4    185.000     -2.200    170.000     -3.850    140.000      2.260    155.000     -4.260    207.6464 
4    190.000     -0.950    175.000     -3.490    145.000     -0.020    160.000     -4.700    214.7057 
4    195.000      0.000    180.000     -3.130    150.000     -2.140    165.000     -4.270    264.0800 
4    200.000      0.000    185.000     -2.200    155.000     -4.260    170.000     -3.850    219.2369 
4     40.000     12.870     30.000     16.110      0.000     31.300     10.000     27.310    647.0690 
4     45.000     11.000     35.000     14.480      5.000     29.040     15.000     23.670    529.6613 
4     50.000     10.450     40.000     12.870     10.000     27.310     20.000     20.510    499.0194 
4     55.000      9.970     45.000     11.000     15.000     23.670     25.000     18.200    557.1755 
4     60.000      9.560     50.000     10.450     20.000     20.510     30.000     16.110    630.1097 
4     65.000      9.150     55.000      9.970     25.000     18.200     35.000     14.480    656.3083 
4     70.000      8.750     60.000      9.560     30.000     16.110     40.000     12.870    604.1584 
4     75.000      8.350     65.000      9.150     35.000     14.480     45.000     11.000    515.5308 
4     80.000      7.940     70.000      8.750     40.000     12.870     50.000     10.450    528.3968 
4     85.000      7.600     75.000      8.350     45.000     11.000     55.000      9.970    516.5072 
4     90.000      7.260     80.000      7.940     50.000     10.450     60.000      9.560    479.6058 
4     95.000      6.930     85.000      7.600     55.000      9.970     65.000      9.150    465.7024 
4    100.000      7.350     90.000      7.260     60.000      9.560     70.000      8.750    414.9715 
4    105.000      7.790     95.000      6.930     65.000      9.150     75.000      8.350    476.3546 
4    110.000      7.890    100.000      7.350     70.000      8.750     80.000      7.940    419.3476 
4    115.000      7.710    105.000      7.790     75.000      8.350     85.000      7.600    305.2595 
4    120.000      7.520    110.000      7.890     80.000      7.940     90.000      7.260    265.6483 
4    125.000      6.910    115.000      7.710     85.000      7.600     95.000      6.930    260.1292 
4    130.000      6.270    120.000      7.520     90.000      7.260    100.000      7.350    265.4440 
4    135.000      4.630    125.000      6.910     95.000      6.930    105.000      7.790    258.8587 
4    140.000      2.260    130.000      6.270    100.000      7.350    110.000      7.890    285.8746 
4    145.000     -0.020    135.000      4.630    105.000      7.790    115.000      7.710    308.3433 
4    150.000     -2.140    140.000      2.260    110.000      7.890    120.000      7.520    286.3210 
4    155.000     -4.260    145.000     -0.020    115.000      7.710    125.000      6.910    263.7385 
4    160.000     -4.700    150.000     -2.140    120.000      7.520    130.000      6.270    227.9198 
4    165.000     -4.270    155.000     -4.260    125.000      6.910    135.000      4.630    176.6219 
4    170.000     -3.850    160.000     -4.700    130.000      6.270    140.000      2.260    186.4138 
4    175.000     -3.490    165.000     -4.270    135.000      4.630    145.000     -0.020    182.2563 
4    180.000     -3.130    170.000     -3.850    140.000      2.260    150.000     -2.140    181.9133 
4    185.000     -2.200    175.000     -3.490    145.000     -0.020    155.000     -4.260    210.5872 
4    190.000     -0.950    180.000     -3.130    150.000     -2.140    160.000     -4.700    225.4241 
4    195.000      0.000    185.000     -2.200    155.000     -4.260    165.000     -4.270    401.8514 
4     35.000     14.480     30.000     16.110      0.000     31.300      5.000     29.040    732.0150 
4     40.000     12.870     35.000     14.480      5.000     29.040     10.000     27.310    621.3676 
4     45.000     11.000     40.000     12.870     10.000     27.310     15.000     23.670    489.2327 
4     50.000     10.450     45.000     11.000     15.000     23.670     20.000     20.510    541.4111 
4     55.000      9.970     50.000     10.450     20.000     20.510     25.000     18.200    613.9027 
4     60.000      9.560     55.000      9.970     25.000     18.200     30.000     16.110    661.7697 
4     65.000      9.150     60.000      9.560     30.000     16.110     35.000     14.480    717.5668 
4     70.000      8.750     65.000      9.150     35.000     14.480     40.000     12.870    556.8126 
4     75.000      8.350     70.000      8.750     40.000     12.870     45.000     11.000    533.3425 
4     80.000      7.940     75.000      8.350     45.000     11.000     50.000     10.450    553.5601 
4     85.000      7.600     80.000      7.940     50.000     10.450     55.000      9.970    507.5766 
4     90.000      7.260     85.000      7.600     55.000      9.970     60.000      9.560    515.1636 
4     95.000      6.930     90.000      7.260     60.000      9.560     65.000      9.150    447.4484 
4    105.000      7.790    100.000      7.350     70.000      8.750     75.000      8.350    444.0508 
4    110.000      7.890    105.000      7.790     75.000      8.350     80.000      7.940    374.1255 
4    115.000      7.710    110.000      7.890     80.000      7.940     85.000      7.600    260.1201 
4    120.000      7.520    115.000      7.710     85.000      7.600     90.000      7.260    275.5764 
4    125.000      6.910    120.000      7.520     90.000      7.260     95.000      6.930    272.7009 
4    130.000      6.270    125.000      6.910     95.000      6.930    100.000      7.350    267.2479 
4    135.000      4.630    130.000      6.270    100.000      7.350    105.000      7.790    264.8230 
4    140.000      2.260    135.000      4.630    105.000      7.790    110.000      7.890    325.7812 
4    145.000     -0.020    140.000      2.260    110.000      7.890    115.000      7.710    360.4888 
4    150.000     -2.140    145.000     -0.020    115.000      7.710    120.000      7.520    264.5957 
4    155.000     -4.260    150.000     -2.140    120.000      7.520    125.000      6.910    265.9726 
4    160.000     -4.700    155.000     -4.260    125.000      6.910    130.000      6.270    180.6801 
4    165.000     -4.270    160.000     -4.700    130.000      6.270    135.000      4.630    182.7745 
4    175.000     -3.490    170.000     -3.850    140.000      2.260    145.000     -0.020    174.3853 
4    180.000     -3.130    175.000     -3.490    145.000     -0.020    150.000     -2.140    155.1864 
4    185.000     -2.200    180.000     -3.130    150.000     -2.140    155.000     -4.260    199.6874 
4    190.000     -0.950    185.000     -2.200    155.000     -4.260    160.000     -4.700    247.4064 
4    195.000      0.000    190.000     -0.950    160.000     -4.700    165.000     -4.270    423.7837 
4     60.000      9.560     40.000     12.870      0.000     31.300     20.000     20.510    583.7934 
4     65.000      9.150     45.000     11.000      5.000     29.040     25.000     18.200    603.1028 
4     70.000      8.750     50.000     10.450     10.000     27.310     30.000     16.110    642.6417 
4     75.000      8.350     55.000      9.970     15.000     23.670     35.000     14.480    688.2199 
4     80.000      7.940     60.000      9.560     20.000     20.510     40.000     12.870    692.7815 
4     85.000      7.600     65.000      9.150     25.000     18.200     45.000     11.000    627.6638 
4     90.000      7.260     70.000      8.750     30.000     16.110     50.000     10.450    617.0440 
4     95.000      6.930     75.000      8.350     35.000     14.480     55.000      9.970    588.3436 
4    100.000      7.350     80.000      7.940     40.000     12.870     60.000      9.560    549.5286 
4    105.000      7.790     85.000      7.600     45.000     11.000     65.000      9.150    508.8438 
4    110.000      7.890     90.000      7.260     50.000     10.450     70.000      8.750    469.7913 
4    115.000      7.710     95.000      6.930     55.000      9.970     75.000      8.350    444.4197 
4    120.000      7.520    100.000      7.350     60.000      9.560     80.000      7.940    403.2259 
4    125.000      6.910    105.000      7.790     65.000      9.150     85.000      7.600    304.3660 
4    130.000      6.270    110.000      7.890     70.000      8.750     90.000      7.260    307.0212 
4    135.000      4.630    115.000      7.710     75.000      8.350     95.000      6.930    297.5613 
4    140.000      2.260    120.000      7.520     80.000      7.940    100.000      7.350    309.5210 
4    145.000     -0.020    125.000      6.910     85.000      7.600    105.000      7.790    313.6872 
4    150.000     -2.140    130.000      6.270     90.000      7.260    110.000      7.890    322.0952 
4    155.000     -4.260    135.000      4.630     95.000      6.930    115.000      7.710    327.1808 
4    160.000     -4.700    140.000      2.260    100.000      7.350    120.000      7.520    298.1310 
4    165.000     -4.270    145.000     -0.020    105.000      7.790    125.000      6.910    261.0811 
4    170.000     -3.850    150.000     -2.140    110.000      7.890    130.000      6.270    218.6839 
4    175.000     -3.490    155.000     -4.260    115.000      7.710    135.000      4.630    182.4418 
4    180.000     -3.130    160.000     -4.700    120.000      7.520    140.000      2.260    180.0280 
4    185.000     -2.200    165.000     -4.270    125.000      6.910    145.000     -0.020    180.2500 
4    190.000     -0.950    170.000     -3.850    130.000      6.270    150.000     -2.140    189.8546 
4    195.000      0.000    175.000     -3.490    135.000      4.630    155.000     -4.260    162.9925 
4    200.000      0.000    180.000     -3.130    140.000      2.260    160.000     -4.700    243.1408 
4     40.000     12.870     35.000     14.480      0.000     31.300      5.000     29.040    786.0762 
4     45.000     11.000     40.000     12.870      5.000     29.040     10.000     27.310    630.3419 
4     50.000     10.450     45.000     11.000     10.000     27.310     15.000     23.670    634.6329 
4     55.000      9.970     50.000     10.450     15.000     23.670     20.000     20.510    553.7336 
4     60.000      9.560     55.000      9.970     20.000     20.510     25.000     18.200    626.1883 
4     65.000      9.150     60.000      9.560     25.000     18.200     30.000     16.110    792.2936 
4     70.000      8.750     65.000      9.150     30.000     16.110     35.000     14.480    740.5018 
4     75.000      8.350     70.000      8.750     35.000     14.480     40.000     12.870    665.1865 
4     80.000      7.940     75.000      8.350     40.000     12.870     45.000     11.000    570.4487 
4     85.000      7.600     80.000      7.940     45.000     11.000     50.000     10.450    550.7780 
4     90.000      7.260     85.000      7.600     50.000     10.450     55.000      9.970    677.5948 
4     95.000      6.930     90.000      7.260     55.000      9.970     60.000      9.560    517.4266 
4    105.000      7.790    100.000      7.350     65.000      9.150     70.000      8.750    379.2724 
4    110.000      7.890    105.000      7.790     70.000      8.750     75.000      8.350    594.0091 
4    115.000      7.710    110.000      7.890     75.000      8.350     80.000      7.940    355.1187 
4    120.000      7.520    115.000      7.710     80.000      7.940     85.000      7.600    264.3466 
4    125.000      6.910    120.000      7.520     85.000      7.600     90.000      7.260    343.8552 
4    130.000      6.270    125.000      6.910     90.000      7.260     95.000      6.930    281.3609 
4    135.000      4.630    130.000      6.270     95.000      6.930    100.000      7.350    303.8294 
4    140.000      2.260    135.000      4.630    100.000      7.350    105.000      7.790    341.2442 
4    145.000     -0.020    140.000      2.260    105.000      7.790    110.000      7.890    263.3708 
4    150.000     -2.140    145.000     -0.020    110.000      7.890    115.000      7.710    192.9718 
4    155.000     -4.260    150.000     -2.140    115.000      7.710    120.000      7.520    258.9680 
4    160.000     -4.700    155.000     -4.260    120.000      7.520    125.000      6.910    209.1226 
4    165.000     -4.270    160.000     -4.700    125.000      6.910    130.000      6.270    177.5456 
4    180.000     -3.130    175.000     -3.490    140.000      2.260    145.000     -0.020    192.4715 
4    185.000     -2.200    180.000     -3.130    145.000     -0.020    150.000     -2.140    206.3607 
4    190.000     -0.950    185.000     -2.200    150.000     -2.140    155.000     -4.260    346.3315 
4    200.000      0.000    195.000      0.000    160.000     -4.700    165.000     -4.270    354.5561 
4     50.000     10.450     40.000     12.870      0.000     31.300     10.000     27.310    707.6349 
4     55.000      9.970     45.000     11.000      5.000     29.040     15.000     23.670    644.8339 
4     60.000      9.560     50.000     10.450     10.000     27.310     20.000     20.510    552.7896 
4     65.000      9.150     55.000      9.970     15.000     23.670     25.000     18.200    641.3279 
4     70.000      8.750     60.000      9.560     20.000     20.510     30.000     16.110    769.7423 
4     75.000      8.350     65.000      9.150     25.000     18.200     35.000     14.480    805.9467 
4     80.000      7.940     70.000      8.750     30.000     16.110     40.000     12.870    752.3083 
4     85.000      7.600     75.000      8.350     35.000     14.480     45.000     11.000    611.3382 
4     90.000      7.260     80.000      7.940     40.000     12.870     50.000     10.450    613.0177 
4     95.000      6.930     85.000      7.600     45.000     11.000     55.000      9.970    675.7905 
4    100.000      7.350     90.000      7.260     50.000     10.450     60.000      9.560    596.0606 
4    105.000      7.790     95.000      6.930     55.000      9.970     65.000      9.150    381.2153 
4    110.000      7.890    100.000      7.350     60.000      9.560     70.000      8.750    405.4012 
4    120.000      7.520    110.000      7.890     70.000      8.750     80.000      7.940    317.7771 
4    125.000      6.910    115.000      7.710     75.000      8.350     85.000      7.600    323.6732 
4    130.000      6.270    120.000      7.520     80.000      7.940     90.000      7.260    340.8904 
4    135.000      4.630    125.000      6.910     85.000      7.600     95.000      6.930    333.4223 
4    140.000      2.260    130.000      6.270     90.000      7.260    100.000      7.350    345.1467 
4    145.000     -0.020    135.000      4.630     95.000      6.930    105.000      7.790    372.6293 
4    150.000     -2.140    140.000      2.260    100.000      7.350    110.000      7.890    342.2382 
4    155.000     -4.260    145.000     -0.020    105.000      7.790    115.000      7.710    307.9226 
4    160.000     -4.700    150.000     -2.140    110.000      7.890    120.000      7.520    259.0231 
4    165.000     -4.270    155.000     -4.260    115.000      7.710    125.000      6.910    207.7372 
4    170.000     -3.850    160.000     -4.700    120.000      7.520    130.000      6.270    160.9782 
4    175.000     -3.490    165.000     -4.270    125.000      6.910    135.000      4.630    163.3237 
4    180.000     -3.130    170.000     -3.850    130.000      6.270    140.000      2.260    152.5664 
4    185.000     -2.200    175.000     -3.490    135.000      4.630    145.000     -0.020    207.1321 
4    190.000     -0.950    180.000     -3.130    140.000      2.260    150.000     -2.140    219.2675 
4     45.000     11.000     40.000     12.870      0.000     31.300      5.000     29.040    756.2433 
4     50.000     10.450     45.000     11.000      5.000     29.040     10.000     27.310    771.8909 
4     55.000      9.970     50.000     10.450     10.000     27.310     15.000     23.670    526.1237 
4     60.000      9.560     55.000      9.970     15.000     23.670     20.000     20.510    565.4663 
4     65.000      9.150     60.000      9.560     20.000     20.510     25.000     18.200    729.2233 
4     70.000      8.750     65.000      9.150     25.000     18.200     30.000     16.110    792.2197 
4     75.000      8.350     70.000      8.750     30.000     16.110     35.000     14.480    854.2163 
4     80.000      7.940     75.000      8.350     35.000     14.480     40.000     12.870    701.1415 
4     85.000      7.600     80.000      7.940     40.000     12.870     45.000     11.000    550.6817 
4     90.000      7.260     85.000      7.600     45.000     11.000     50.000     10.450    705.3105 
4     95.000      6.930     90.000      7.260     50.000     10.450     55.000      9.970    653.4047 
4    100.000      7.350     95.000      6.930     55.000      9.970     60.000      9.560    577.7050 
4    105.000      7.790    100.000      7.350     60.000      9.560     65.000      9.150    588.7457 
4    120.000      7.520    115.000      7.710     75.000      8.350     80.000      7.940    354.1191 
4    125.000      6.910    120.000      7.520     80.000      7.940     85.000      7.600    319.9374 
4    130.000      6.270    125.000      6.910     85.000      7.600     90.000      7.260    355.5085 
4    135.000      4.630    130.000      6.270     90.000      7.260     95.000      6.930    338.7937 
4    140.000      2.260    135.000      4.630     95.000      6.930    100.000      7.350    382.0353 
4    145.000     -0.020    140.000      2.260    100.000      7.350    105.000      7.790    375.7961 
4    150.000     -2.140    145.000     -0.020    105.000      7.790    110.000      7.890    458.4381 
4    155.000     -4.260    150.000     -2.140    110.000      7.890    115.000      7.710    305.0071 
4    160.000     -4.700    155.000     -4.260    115.000      7.710    120.000      7.520    217.6095 
4    165.000     -4.270    160.000     -4.700    120.000      7.520    125.000      6.910    199.7689 
4    180.000     -3.130    175.000     -3.490    135.000      4.630    140.000      2.260    162.5496 
4    185.000     -2.200    180.000     -3.130    140.000      2.260    145.000     -0.020    209.4195 
4    190.000     -0.950    185.000     -2.200    145.000     -0.020    150.000     -2.140    170.2914 
4     75.000      8.350     50.000     10.450      0.000     31.300     25.000     18.200    669.0226 
4     80.000      7.940     55.000      9.970      5.000     29.040     30.000     16.110    708.8941 
4     85.000      7.600     60.000      9.560     10.000     27.310     35.000     14.480    755.1839 
4     90.000      7.260     65.000      9.150     15.000     23.670     40.000     12.870    743.5537 
4     95.000      6.930     70.000      8.750     20.000     20.510     45.000     11.000    720.4772 
4    100.000      7.350     75.000      8.350     25.000     18.200     50.000     10.450    693.6401 
4    105.000      7.790     80.000      7.940     30.000     16.110     55.000      9.970    667.7172 
4    110.000      7.890     85.000      7.600     35.000     14.480     60.000      9.560    635.8285 
4    115.000      7.710     90.000      7.260     40.000     12.870     65.000      9.150    568.4743 
4    120.000      7.520     95.000      6.930     45.000     11.000     70.000      8.750    514.2583 
4    125.000      6.910    100.000      7.350     50.000     10.450     75.000      8.350    460.4852 
4    130.000      6.270    105.000      7.790     55.000      9.970     80.000      7.940    409.4524 
4    135.000      4.630    110.000      7.890     60.000      9.560     85.000      7.600    357.8145 
4    140.000      2.260    115.000      7.710     65.000      9.150     90.000      7.260    364.2747 
4    145.000     -0.020    120.000      7.520     70.000      8.750     95.000      6.930    372.0346 
4    150.000     -2.140    125.000      6.910     75.000      8.350    100.000      7.350    370.8433 
4    155.000     -4.260    130.000      6.270     80.000      7.940    105.000      7.790    373.6943 
4    160.000     -4.700    135.000      4.630     85.000      7.600    110.000      7.890    374.1924 
4    165.000     -4.270    140.000      2.260     90.000      7.260    115.000      7.710    334.6060 
4    170.000     -3.850    145.000     -0.020     95.000      6.930    120.000      7.520    287.4411 
4    175.000     -3.490    150.000     -2.140    100.000      7.350    125.000      6.910    252.6882 
4    180.000     -3.130    155.000     -4.260    105.000      7.790    130.000      6.270    204.3900 
4    185.000     -2.200    160.000     -4.700    110.000      7.890    135.000      4.630    188.0879 
4    190.000     -0.950    165.000     -4.270    115.000      7.710    140.000      2.260    192.4210 
4    195.000      0.000    170.000     -3.850    120.000      7.520    145.000     -0.020    208.0228 
4    200.000      0.000    175.000     -3.490    125.000      6.910    150.000     -2.140    222.1825 
4     60.000      9.560     45.000     11.000      0.000     31.300     15.000     23.670    695.8619 
4     65.000      9.150     50.000     10.450      5.000     29.040     20.000     20.510    605.8817 
4     70.000      8.750     55.000      9.970     10.000     27.310     25.000     18.200    642.4890 
4     75.000      8.350     60.000      9.560     15.000     23.670     30.000     16.110    756.3724 
4     80.000      7.940     65.000      9.150     20.000     20.510     35.000     14.480    812.7333 
4     85.000      7.600     70.000      8.750     25.000     18.200     40.000     12.870    778.7000 
4     90.000      7.260     75.000      8.350     30.000     16.110     45.000     11.000    697.9700 
4     95.000      6.930     80.000      7.940     35.000     14.480     50.000     10.450    649.1799 
4    100.000      7.350     85.000      7.600     40.000     12.870     55.000      9.970    684.2638 
4    105.000      7.790     90.000      7.260     45.000     11.000     60.000      9.560    625.3796 
4    110.000      7.890     95.000      6.930     50.000     10.450     65.000      9.150    565.4946 
4    115.000      7.710    100.000      7.350     55.000      9.970     70.000      8.750    481.0822 
4    120.000      7.520    105.000      7.790     60.000      9.560     75.000      8.350    413.4556 
4    125.000      6.910    110.000      7.890     65.000      9.150     80.000      7.940    369.0547 
4    130.000      6.270    115.000      7.710     70.000      8.750     85.000      7.600    348.2538 
4    135.000      4.630    120.000      7.520     75.000      8.350     90.000      7.260    359.1349 
4    140.000      2.260    125.000      6.910     80.000      7.940     95.000      6.930    354.4991 
4    145.000     -0.020    130.000      6.270     85.000      7.600    100.000      7.350    379.8464 
4    150.000     -2.140    135.000      4.630     90.000      7.260    105.000      7.790    378.8161 
4    155.000     -4.260    140.000      2.260     95.000      6.930    110.000      7.890    366.2171 
4    160.000     -4.700    145.000     -0.020    100.000      7.350    115.000      7.710    311.2778 
4    165.000     -4.270    150.000     -2.140    105.000      7.790    120.000      7.520    265.9574 
4    170.000     -3.850    155.000     -4.260    110.000      7.890    125.000      6.910    211.8347 
4    175.000     -3.490    160.000     -4.700    115.000      7.710    130.000      6.270    186.5066 
4    180.000     -3.130    165.000     -4.270    120.000      7.520    135.000      4.630    173.6508 
4    185.000     -2.200    170.000     -3.850    125.000      6.910    140.000      2.260    178.4314 
4    190.000     -0.950    175.000     -3.490    130.000      6.270    145.000     -0.020    209.2436 
4     50.000     10.450     45.000     11.000      0.000     31.300      5.000     29.040    712.6003 
4     55.000      9.970     50.000     10.450      5.000     29.040     10.000     27.310    673.0965 
4     60.000      9.560     55.000      9.970     10.000     27.310     15.000     23.670    597.4615 
4     65.000      9.150     60.000      9.560     15.000     23.670     20.000     20.510    655.9397 
4     70.000      8.750     65.000      9.150     20.000     20.510     25.000     18.200    714.7774 
4     75.000      8.350     70.000      8.750     25.000     18.200     30.000     16.110    899.5604 
4     80.000      7.940     75.000      8.350     30.000     16.110     35.000     14.480    878.2495 
4     85.000      7.600     80.000      7.940     35.000     14.480     40.000     12.870    658.9707 
4     90.000      7.260     85.000      7.600     40.000     12.870     45.000     11.000    701.1028 
4     95.000      6.930     90.000      7.260     45.000     11.000     50.000     10.450    677.3671 
4    100.000      7.350     95.000      6.930     50.000     10.450     55.000      9.970    700.9943 
4    105.000      7.790    100.000      7.350     55.000      9.970     60.000      9.560    578.1219 
4    115.000      7.710    110.000      7.890     65.000      9.150     70.000      8.750    613.4445 
4    120.000      7.520    115.000      7.710     70.000      8.750     75.000      8.350    375.5951 
4    125.000      6.910    120.000      7.520     75.000      8.350     80.000      7.940    411.1903 
4    130.000      6.270    125.000      6.910     80.000      7.940     85.000      7.600    332.7075 
4    135.000      4.630    130.000      6.270     85.000      7.600     90.000      7.260    389.9268 
4    140.000      2.260    135.000      4.630     90.000      7.260     95.000      6.930    402.8278 
4    145.000     -0.020    140.000      2.260     95.000      6.930    100.000      7.350    423.7259 
4    150.000     -2.140    145.000     -0.020    100.000      7.350    105.000      7.790    338.8679 
4    155.000     -4.260    150.000     -2.140    105.000      7.790    110.000      7.890    366.2329 
4    160.000     -4.700    155.000     -4.260    110.000      7.890    115.000      7.710    252.1087 
4    165.000     -4.270    160.000     -4.700    115.000      7.710    120.000      7.520    205.5465 
4    170.000     -3.850    165.000     -4.270    120.000      7.520    125.000      6.910    191.8074 
4    180.000     -3.130    175.000     -3.490    130.000      6.270    135.000      4.630    204.1022 
4    190.000     -0.950    185.000     -2.200    140.000      2.260    145.000     -0.020    257.3530 
4     60.000      9.560     50.000     10.450      0.000     31.300     10.000     27.310    819.4317 
4     65.000      9.150     55.000      9.970      5.000     29.040     15.000     23.670    669.9623 
4     70.000      8.750     60.000      9.560     10.000     27.310     20.000     20.510    636.7305 
4     75.000      8.350     65.000      9.150     15.000     23.670     25.000     18.200    706.4135 
4     80.000      7.940     70.000      8.750     20.000     20.510     30.000     16.110    864.4293 
4     85.000      7.600     75.000      8.350     25.000     18.200     35.000     14.480    862.2578 
4     90.000      7.260     80.000      7.940     30.000     16.110     40.000     12.870    797.3588 
4     95.000      6.930     85.000      7.600     35.000     14.480     45.000     11.000    728.5353 
4    100.000      7.350     90.000      7.260     40.000     12.870     50.000     10.450    684.7177 
4    105.000      7.790     95.000      6.930     45.000     11.000     55.000      9.970    707.6613 
4    110.000      7.890    100.000      7.350     50.000     10.450     60.000      9.560    607.7361 
4    120.000      7.520    110.000      7.890     60.000      9.560     70.000      8.750    493.1609 
4    125.000      6.910    115.000      7.710     65.000      9.150     75.000      8.350    398.4985 
4    130.000      6.270    120.000      7.520     70.000      8.750     80.000      7.940    420.6429 
4    135.000      4.630    125.000      6.910     75.000      8.350     85.000      7.600    365.4461 
4    140.000      2.260    130.000      6.270     80.000      7.940     90.000      7.260    402.0007 
4    145.000     -0.020    135.000      4.630     85.000      7.600     95.000      6.930    433.1440 
4    150.000     -2.140    140.000      2.260     90.000      7.260    100.000      7.350    412.6960 
4    155.000     -4.260    145.000     -0.020     95.000      6.930    105.000      7.790    385.5262 
4    160.000     -4.700    150.000     -2.140    100.000      7.350    110.000      7.890    347.9481 
4    165.000     -4.270    155.000     -4.260    105.000      7.790    115.000      7.710    259.7510 
4    170.000     -3.850    160.000     -4.700    110.000      7.890    120.000      7.520    208.8927 
4    175.000     -3.490    165.000     -4.270    115.000      7.710    125.000      6.910    198.9537 
4    180.000     -3.130    170.000     -3.850    120.000      7.520    130.000      6.270    241.3090 
4    185.000     -2.200    175.000     -3.490    125.000      6.910    135.000      4.630    150.0296 
4    190.000     -0.950    180.000     -3.130    130.000      6.270    140.000      2.260    230.6861 
4    195.000      0.000    185.000     -2.200    135.000      4.630    145.000     -0.020    274.2769 
4     80.000      7.940     60.000      9.560      0.000     31.300     20.000     20.510    721.0724 
4     85.000      7.600     65.000      9.150      5.000     29.040     25.000     18.200    706.6533 
4     90.000      7.260     70.000      8.750     10.000     27.310     30.000     16.110    791.4521 
4     95.000      6.930     75.000      8.350     15.000     23.670     35.000     14.480    842.9763 
4    100.000      7.350     80.000      7.940     20.000     20.510     40.000     12.870    831.9742 
4    105.000      7.790     85.000      7.600     25.000     18.200     45.000     11.000    806.3147 
4    110.000      7.890     90.000      7.260     30.000     16.110     50.000     10.450    724.6674 
4    115.000      7.710     95.000      6.930     35.000     14.480     55.000      9.970    668.2288 
4    120.000      7.520    100.000      7.350     40.000     12.870     60.000      9.560    579.2017 
4    125.000      6.910    105.000      7.790     45.000     11.000     65.000      9.150    648.6886 
4    130.000      6.270    110.000      7.890     50.000     10.450     70.000      8.750    477.5392 
4    135.000      4.630    115.000      7.710     55.000      9.970     75.000      8.350    433.7162 
4    140.000      2.260    120.000      7.520     60.000      9.560     80.000      7.940    461.6874 
4    145.000     -0.020    125.000      6.910     65.000      9.150     85.000      7.600    452.4029 
4    150.000     -2.140    130.000      6.270     70.000      8.750     90.000      7.260    476.1504 
4    155.000     -4.260    135.000      4.630     75.000      8.350     95.000      6.930    483.0237 
4    160.000     -4.700    140.000      2.260     80.000      7.940    100.000      7.350    445.5070 
4    165.000     -4.270    145.000     -0.020     85.000      7.600    105.000      7.790    393.6812 
4    170.000     -3.850    150.000     -2.140     90.000      7.260    110.000      7.890    346.2483 
4    175.000     -3.490    155.000     -4.260     95.000      6.930    115.000      7.710    276.7296 
4    180.000     -3.130    160.000     -4.700    100.000      7.350    120.000      7.520    238.6459 
4    185.000     -2.200    165.000     -4.270    105.000      7.790    125.000      6.910    221.9241 
4    190.000     -0.950    170.000     -3.850    110.000      7.890    130.000      6.270    230.4034 
4    195.000      0.000    175.000     -3.490    115.000      7.710    135.000      4.630    223.9568 
4    200.000      0.000    180.000     -3.130    120.000      7.520    140.000      2.260    192.9486 
4     75.000      8.350     60.000      9.560      0.000     31.300     15.000     23.670    757.1301 
4     80.000      7.940     65.000      9.150      5.000     29.040     20.000     20.510    685.6356 
4     85.000      7.600     70.000      8.750     10.000     27.310     25.000     18.200    714.6027 
4     90.000      7.260     75.000      8.350     15.000     23.670     30.000     16.110    815.0077 
4     95.000      6.930     80.000      7.940     20.000     20.510     35.000     14.480    877.3611 
4    100.000      7.350     85.000      7.600     25.000     18.200     40.000     12.870    887.9356 
4    105.000      7.790     90.000      7.260     30.000     16.110     45.000     11.000    764.7104 
4    110.000      7.890     95.000      6.930     35.000     14.480     50.000     10.450    695.4384 
4    115.000      7.710    100.000      7.350     40.000     12.870     55.000      9.970    631.2103 
4    120.000      7.520    105.000      7.790     45.000     11.000     60.000      9.560    538.6572 
4    125.000      6.910    110.000      7.890     50.000     10.450     65.000      9.150    502.5678 
4    130.000      6.270    115.000      7.710     55.000      9.970     70.000      8.750    437.1552 
4    135.000      4.630    120.000      7.520     60.000      9.560     75.000      8.350    453.6447 
4    140.000      2.260    125.000      6.910     65.000      9.150     80.000      7.940    466.5774 
4    145.000     -0.020    130.000      6.270     70.000      8.750     85.000      7.600    486.3412 
4    150.000     -2.140    135.000      4.630     75.000      8.350     90.000      7.260    514.6692 
4    155.000     -4.260    140.000      2.260     80.000      7.940     95.000      6.930    477.4630 
4    160.000     -4.700    145.000     -0.020     85.000      7.600    100.000      7.350    435.9365 
4    165.000     -4.270    150.000     -2.140     90.000      7.260    105.000      7.790    374.8837 
4    170.000     -3.850    155.000     -4.260     95.000      6.930    110.000      7.890    303.2140 
4    175.000     -3.490    160.000     -4.700    100.000      7.350    115.000      7.710    256.8986 
4    180.000     -3.130    165.000     -4.270    105.000      7.790    120.000      7.520    227.6782 
4    185.000     -2.200    170.000     -3.850    110.000      7.890    125.000      6.910    216.7737 
4    190.000     -0.950    175.000     -3.490    115.000      7.710    130.000      6.270    227.2617 
4    195.000      0.000    180.000     -3.130    120.000      7.520    135.000      4.630    229.6113 
4    200.000      0.000    185.000     -2.200    125.000      6.910    140.000      2.260    179.6048 
4     70.000      8.750     60.000      9.560      0.000     31.300     10.000     27.310    824.7275 
4     75.000      8.350     65.000      9.150      5.000     29.040     15.000     23.670    695.3931 
4     80.000      7.940     70.000      8.750     10.000     27.310     20.000     20.510    677.5803 
4     85.000      7.600     75.000      8.350     15.000     23.670     25.000     18.200    718.6223 
4     90.000      7.260     80.000      7.940     20.000     20.510     30.000     16.110    859.6671 
4     95.000      6.930     85.000      7.600     25.000     18.200     35.000     14.480    962.3151 
4    100.000      7.350     90.000      7.260     30.000     16.110     40.000     12.870    841.3329 
4    105.000      7.790     95.000      6.930     35.000     14.480     45.000     11.000    723.5308 
4    110.000      7.890    100.000      7.350     40.000     12.870     50.000     10.450    654.8399 
4    115.000      7.710    105.000      7.790     45.000     11.000     55.000      9.970    597.0333 
4    120.000      7.520    110.000      7.890     50.000     10.450     60.000      9.560    490.6366 
4    125.000      6.910    115.000      7.710     55.000      9.970     65.000      9.150    463.9840 
4    130.000      6.270    120.000      7.520     60.000      9.560     70.000      8.750    451.3290 
4    135.000      4.630    125.000      6.910     65.000      9.150     75.000      8.350    438.6449 
4    140.000      2.260    130.000      6.270     70.000      8.750     80.000      7.940    520.1030 
4    145.000     -0.020    135.000      4.630     75.000      8.350     85.000      7.600    532.3522 
4    150.000     -2.140    140.000      2.260     80.000      7.940     90.000      7.260    504.2713 
4    155.000     -4.260    145.000     -0.020     85.000      7.600     95.000      6.930    477.0098 
4    160.000     -4.700    150.000     -2.140     90.000      7.260    100.000      7.350    412.9133 
4    165.000     -4.270    155.000     -4.260     95.000      6.930    105.000      7.790    325.7703 
4    170.000     -3.850    160.000     -4.700    100.000      7.350    110.000      7.890    282.8070 
4    175.000     -3.490    165.000     -4.270    105.000      7.790    115.000      7.710    242.4485 
4    180.000     -3.130    170.000     -3.850    110.000      7.890    120.000      7.520    222.1049 
4    185.000     -2.200    175.000     -3.490    115.000      7.710    125.000      6.910    215.8770 
4    190.000     -0.950    180.000     -3.130    120.000      7.520    130.000      6.270    240.6520 
4    195.000      0.000    185.000     -2.200    125.000      6.910    135.000      4.630    303.6468 
4     80.000      7.940     70.000      8.750      0.000     31.300     10.000     27.310    851.4670 
4     85.000      7.600     75.000      8.350      5.000     29.040     15.000     23.670    680.9810 
4     90.000      7.260     80.000      7.940     10.000     27.310     20.000     20.510    652.7286 
4     95.000      6.930     85.000      7.600     15.000     23.670     25.000     18.200    771.8978 
4    100.000      7.350     90.000      7.260     20.000     20.510     30.000     16.110    870.7324 
4    105.000      7.790     95.000      6.930     25.000     18.200     35.000     14.480    916.1094 
4    110.000      7.890    100.000      7.350     30.000     16.110     40.000     12.870    778.9764 
4    115.000      7.710    105.000      7.790     35.000     14.480     45.000     11.000    592.6569 
4    120.000      7.520    110.000      7.890     40.000     12.870     50.000     10.450    515.1270 
4    125.000      6.910    115.000      7.710     45.000     11.000     55.000      9.970    530.5880 
4    130.000      6.270    120.000      7.520     50.000     10.450     60.000      9.560    512.4733 
4    135.000      4.630    125.000      6.910     55.000      9.970     65.000      9.150    483.3679 
4    140.000      2.260    130.000      6.270     60.000      9.560     70.000      8.750    510.3759 
4    145.000     -0.020    135.000      4.630     65.000      9.150     75.000      8.350    587.4603 
4    150.000     -2.140    140.000      2.260     70.000      8.750     80.000      7.940    581.2208 
4    155.000     -4.260    145.000     -0.020     75.000      8.350     85.000      7.600    517.4535 
4    160.000     -4.700    150.000     -2.140     80.000      7.940     90.000      7.260    475.4637 
4    165.000     -4.270    155.000     -4.260     85.000      7.600     95.000      6.930    396.7780 
4    170.000     -3.850    160.000     -4.700     90.000      7.260    100.000      7.350    349.2054 
4    175.000     -3.490    165.000     -4.270     95.000      6.930    105.000      7.790    299.4741 
4    180.000     -3.130    170.000     -3.850    100.000      7.350    110.000      7.890    282.8255 
4    185.000     -2.200    175.000     -3.490    105.000      7.790    115.000      7.710    248.9162 
4    190.000     -0.950    180.000     -3.130    110.000      7.890    120.000      7.520    282.4308 
4    195.000      0.000    185.000     -2.200    115.000      7.710    125.000      6.910    324.1407 
4    200.000      0.000    190.000     -0.950    120.000      7.520    130.000      6.270    223.3428 
4    100.000      7.350     75.000      8.350      0.000     31.300     25.000     18.200    743.3699 
4    105.000      7.790     80.000      7.940      5.000     29.040     30.000     16.110    770.0119 
4    110.000      7.890     85.000      7.600     10.000     27.310     35.000     14.480    824.0988 
4    115.000      7.710     90.000      7.260     15.000     23.670     40.000     12.870    773.4745 
4    120.000      7.520     95.000      6.930     20.000     20.510     45.000     11.000    713.5065 
4    125.000      6.910    100.000      7.350     25.000     18.200     50.000     10.450    647.3334 
4    130.000      6.270    105.000      7.790     30.000     16.110     55.000      9.970    581.5710 
4    135.000      4.630    110.000      7.890     35.000     14.480     60.000      9.560    522.1478 
4    140.000      2.260    115.000      7.710     40.000     12.870     65.000      9.150    515.0151 
4    145.000     -0.020    120.000      7.520     45.000     11.000     70.000      8.750    520.9621 
4    150.000     -2.140    125.000      6.910     50.000     10.450     75.000      8.350    529.0373 
4    155.000     -4.260    130.000      6.270     55.000      9.970     80.000      7.940    548.1224 
4    160.000     -4.700    135.000      4.630     60.000      9.560     85.000      7.600    533.8439 
4    165.000     -4.270    140.000      2.260     65.000      9.150     90.000      7.260    509.5676 
4    170.000     -3.850    145.000     -0.020     70.000      8.750     95.000      6.930    457.7464 
4    175.000     -3.490    150.000     -2.140     75.000      8.350    100.000      7.350    410.3002 
4    180.000     -3.130    155.000     -4.260     80.000      7.940    105.000      7.790    342.7961 
4    185.000     -2.200    160.000     -4.700     85.000      7.600    110.000      7.890    317.9015 
4    190.000     -0.950    165.000     -4.270     90.000      7.260    115.000      7.710    297.6439 
4    195.000      0.000    170.000     -3.850     95.000      6.930    120.000      7.520    295.6232 
4    200.000      0.000    175.000     -3.490    100.000      7.350    125.000      6.910    287.6141 
4     90.000      7.260     75.000      8.350      0.000     31.300     15.000     23.670    752.6685 
4     95.000      6.930     80.000      7.940      5.000     29.040     20.000     20.510    677.9846 
4    100.000      7.350     85.000      7.600     10.000     27.310     25.000     18.200    741.3078 
4    105.000      7.790     90.000      7.260     15.000     23.670     30.000     16.110    802.2108 
4    110.000      7.890     95.000      6.930     20.000     20.510     35.000     14.480    847.1613 
4    115.000      7.710    100.000      7.350     25.000     18.200     40.000     12.870    747.4716 
4    120.000      7.520    105.000      7.790     30.000     16.110     45.000     11.000    605.0085 
4    125.000      6.910    110.000      7.890     35.000     14.480     50.000     10.450    532.7218 
4    130.000      6.270    115.000      7.710     40.000     12.870     55.000      9.970    524.3770 
4    135.000      4.630    120.000      7.520     45.000     11.000     60.000      9.560    527.7490 
4    140.000      2.260    125.000      6.910     50.000     10.450     65.000      9.150    531.6332 
4    145.000     -0.020    130.000      6.270     55.000      9.970     70.000      8.750    551.8867 
4    150.000     -2.140    135.000      4.630     60.000      9.560     75.000      8.350    576.6494 
4    155.000     -4.260    140.000      2.260     65.000      9.150     80.000      7.940    584.1251 
4    160.000     -4.700    145.000     -0.020     70.000      8.750     85.000      7.600    513.6310 
4    165.000     -4.270    150.000     -2.140     75.000      8.350     90.000      7.260    473.1065 
4    170.000     -3.850    155.000     -4.260     80.000      7.940     95.000      6.930    376.6831 
4    175.000     -3.490    160.000     -4.700     85.000      7.600    100.000      7.350    354.3916 
4    180.000     -3.130    165.000     -4.270     90.000      7.260    105.000      7.790    314.8098 
4    185.000     -2.200    170.000     -3.850     95.000      6.930    110.000      7.890    291.1527 
4    190.000     -0.950    175.000     -3.490    100.000      7.350    115.000      7.710    299.8018 
4    195.000      0.000    180.000     -3.130    105.000      7.790    120.000      7.520    314.7595 
4    200.000      0.000    185.000     -2.200    110.000      7.890    125.000      6.910    308.9814 
4    100.000      7.350     80.000      7.940      0.000     31.300     20.000     20.510    709.2296 
4    105.000      7.790     85.000      7.600      5.000     29.040     25.000     18.200    729.2554 
4    110.000      7.890     90.000      7.260     10.000     27.310     30.000     16.110    747.0871 
4    115.000      7.710     95.000      6.930     15.000     23.670     35.000     14.480    770.0646 
4    120.000      7.520    100.000      7.350     20.000     20.510     40.000     12.870    707.9365 
4    125.000      6.910    105.000      7.790     25.000     18.200     45.000     11.000    619.7093 
4    130.000      6.270    110.000      7.890     30.000     16.110     50.000     10.450    556.4766 
4    135.000      4.630    115.000      7.710     35.000     14.480     55.000      9.970    536.4320 
4    140.000      2.260    120.000      7.520     40.000     12.870     60.000      9.560    547.5607 
4    145.000     -0.020    125.000      6.910     45.000     11.000     65.000      9.150    557.7809 
4    150.000     -2.140    130.000      6.270     50.000     10.450     70.000      8.750    568.3782 
4    155.000     -4.260    135.000      4.630     55.000      9.970     75.000      8.350    588.6452 
4    160.000     -4.700    140.000      2.260     60.000      9.560     80.000      7.940    572.1029 
4    165.000     -4.270    145.000     -0.020     65.000      9.150     85.000      7.600    499.1438 
4    170.000     -3.850    150.000     -2.140     70.000      8.750     90.000      7.260    468.5170 
4    175.000     -3.490    155.000     -4.260     75.000      8.350     95.000      6.930    390.7249 
4    180.000     -3.130    160.000     -4.700     80.000      7.940    100.000      7.350    352.6254 
4    185.000     -2.200    165.000     -4.270     85.000      7.600    105.000      7.790    329.9705 
4    190.000     -0.950    170.000     -3.850     90.000      7.260    110.000      7.890    333.0962 
4    195.000      0.000    175.000     -3.490     95.000      6.930    115.000      7.710    333.4792 
4    200.000      0.000    180.000     -3.130    100.000      7.350    120.000      7.520    327.5280 
4    105.000      7.790     90.000      7.260      0.000     31.300     15.000     23.670    701.9265 
4    110.000      7.890     95.000      6.930      5.000     29.040     20.000     20.510    618.6544 
4    115.000      7.710    100.000      7.350     10.000     27.310     25.000     18.200    592.1855 
4    120.000      7.520    105.000      7.790     15.000     23.670     30.000     16.110    609.7866 
4    125.000      6.910    110.000      7.890     20.000     20.510     35.000     14.480    630.9562 
4    130.000      6.270    115.000      7.710     25.000     18.200     40.000     12.870    612.7663 
4    135.000      4.630    120.000      7.520     30.000     16.110     45.000     11.000    578.8715 
4    140.000      2.260    125.000      6.910     35.000     14.480     50.000     10.450    576.2233 
4    145.000     -0.020    130.000      6.270     40.000     12.870     55.000      9.970    599.2009 
4    150.000     -2.140    135.000      4.630     45.000     11.000     60.000      9.560    656.8690 
4    155.000     -4.260    140.000      2.260     50.000     10.450     65.000      9.150    647.7230 
4    160.000     -4.700    145.000     -0.020     55.000      9.970     70.000      8.750    572.2322 
4    165.000     -4.270    150.000     -2.140     60.000      9.560     75.000      8.350    523.7160 
4    170.000     -3.850    155.000     -4.260     65.000      9.150     80.000      7.940    451.0367 
4    175.000     -3.490    160.000     -4.700     70.000      8.750     85.000      7.600    411.1330 
4    180.000     -3.130    165.000     -4.270     75.000      8.350     90.000      7.260    388.1168 
4    185.000     -2.200    170.000     -3.850     80.000      7.940     95.000      6.930    355.3422 
4    190.000     -0.950    175.000     -3.490     85.000      7.600    100.000      7.350    400.1939 
4    195.000      0.000    180.000     -3.130     90.000      7.260    105.000      7.790    423.6218 
4    200.000      0.000    185.000     -2.200     95.000      6.930    110.000      7.890    429.2051 
4    125.000      6.910    100.000      7.350      0.000     31.300     25.000     18.200    566.8957 
4    130.000      6.270    105.000      7.790      5.000     29.040     30.000     16.110    558.7998 
4    135.000      4.630    110.000      7.890     10.000     27.310     35.000     14.480    574.4261 
4    140.000      2.260    115.000      7.710     15.000     23.670     40.000     12.870    603.8314 
4    145.000     -0.020    120.000      7.520     20.000     20.510     45.000     11.000    643.4061 
4    150.000     -2.140    125.000      6.910     25.000     18.200     50.000     10.450    647.4587 
4    155.000     -4.260    130.000      6.270     30.000     16.110     55.000      9.970    679.5453 
4    160.000     -4.700    135.000      4.630     35.000     14.480     60.000      9.560    662.0765 
4    165.000     -4.270    140.000      2.260     40.000     12.870     65.000      9.150    620.3719 
4    170.000     -3.850    145.000     -0.020     45.000     11.000     70.000      8.750    562.4661 
4    175.000     -3.490    150.000     -2.140     50.000     10.450     75.000      8.350    517.2554 
4    180.000     -3.130    155.000     -4.260     55.000      9.970     80.000      7.940    455.3751 
4    185.000     -2.200    160.000     -4.700     60.000      9.560     85.000      7.600    417.1581 
4    190.000     -0.950    165.000     -4.270     65.000      9.150     90.000      7.260    429.4598 
4    195.000      0.000    170.000     -3.850     70.000      8.750     95.000      6.930    447.1534 
4    200.000      0.000    175.000     -3.490     75.000      8.350    100.000      7.350    435.8908 
4    120.000      7.520    100.000      7.350      0.000     31.300     20.000     20.510    549.9275 
4    125.000      6.910    105.000      7.790      5.000     29.040     25.000     18.200    518.9381 
4    130.000      6.270    110.000      7.890     10.000     27.310     30.000     16.110    532.7405 
4    135.000      4.630    115.000      7.710     15.000     23.670     35.000     14.480    599.7476 
4    140.000      2.260    120.000      7.520     20.000     20.510     40.000     12.870    643.3519 
4    145.000     -0.020    125.000      6.910     25.000     18.200     45.000     11.000    653.2540 
4    150.000     -2.140    130.000      6.270     30.000     16.110     50.000     10.450    664.0193 
4    155.000     -4.260    135.000      4.630     35.000     14.480     55.000      9.970    700.3515 
4    160.000     -4.700    140.000      2.260     40.000     12.870     60.000      9.560    654.0479 
4    165.000     -4.270    145.000     -0.020     45.000     11.000     65.000      9.150    601.1290 
4    170.000     -3.850    150.000     -2.140     50.000     10.450     70.000      8.750    539.0226 
4    175.000     -3.490    155.000     -4.260     55.000      9.970     75.000      8.350    459.0266 
4    180.000     -3.130    160.000     -4.700     60.000      9.560     80.000      7.940    439.4186 
4    185.000     -2.200    165.000     -4.270     65.000      9.150     85.000      7.600    404.9631 
4    190.000     -0.950    170.000     -3.850     70.000      8.750     90.000      7.260    435.2121 
4    195.000      0.000    175.000     -3.490     75.000      8.350     95.000      6.930    460.5776 
4    200.000      0.000    180.000     -3.130     80.000      7.940    100.000      7.350    450.0588 
4    140.000      2.260    120.000      7.520      0.000     31.300     20.000     20.510    506.3119 
4    145.000     -0.020    125.000      6.910      5.000     29.040     25.000     18.200    527.8654 
4    150.000     -2.140    130.000      6.270     10.000     27.310     30.000     16.110    617.6104 
4    155.000     -4.260    135.000      4.630     15.000     23.670     35.000     14.480    748.9002 
4    160.000     -4.700    140.000      2.260     20.000     20.510     40.000     12.870    762.0250 
4    165.000     -4.270    145.000     -0.020     25.000     18.200     45.000     11.000    693.7240 
4    170.000     -3.850    150.000     -2.140     30.000     16.110     50.000     10.450    641.6973 
4    175.000     -3.490    155.000     -4.260     35.000     14.480     55.000      9.970    553.1147 
4    180.000     -3.130    160.000     -4.700     40.000     12.870     60.000      9.560    497.0479 
4    185.000     -2.200    165.000     -4.270     45.000     11.000     65.000      9.150    500.8189 
4    190.000     -0.950    170.000     -3.850     50.000     10.450     70.000      8.750    490.1286 
4    195.000      0.000    175.000     -3.490     55.000      9.970     75.000      8.350    532.3529 
4    200.000      0.000    180.000     -3.130     60.000      9.560     80.000      7.940    554.0991 
4    150.000     -2.140    125.000      6.910      0.000     31.300     25.000     18.200    546.3026 
4    155.000     -4.260    130.000      6.270      5.000     29.040     30.000     16.110    625.9335 
4    160.000     -4.700    135.000      4.630     10.000     27.310     35.000     14.480    707.7499 
4    165.000     -4.270    140.000      2.260     15.000     23.670     40.000     12.870    716.8326 
4    170.000     -3.850    145.000     -0.020     20.000     20.510     45.000     11.000    688.3358 
4    175.000     -3.490    150.000     -2.140     25.000     18.200     50.000     10.450    641.7841 
4    180.000     -3.130    155.000     -4.260     30.000     16.110     55.000      9.970    562.4359 
4    185.000     -2.200    160.000     -4.700     35.000     14.480     60.000      9.560    509.6995 
4    190.000     -0.950    165.000     -4.270     40.000     12.870     65.000      9.150    524.1006 
4    195.000      0.000    170.000     -3.850     45.000     11.000     70.000      8.750    546.6748 
4    200.000      0.000    175.000     -3.490     50.000     10.450     75.000      8.350    547.3845 
4      0.000     31.300     22.500     19.350      2.500     30.490      5.000     29.040    565.8065 
4      0.000     31.300     22.500     19.350     17.500     22.350     20.000     20.510    284.3022 
4      2.500     30.490     25.000     18.200      5.000     29.040      7.500     28.000    429.5948 
4      2.500     30.490     25.000     18.200     20.000     20.510     22.500     19.350    574.1297 
4      5.000     29.040     27.500     17.030     22.500     19.350     25.000     18.200    330.2191 
4      5.000     29.040     27.500     17.030      7.500     28.000     10.000     27.310    547.3915 
4      7.500     28.000     30.000     16.110     10.000     27.310     12.500     25.880    552.5572 
4      7.500     28.000     30.000     16.110     25.000     18.200     27.500     17.030    487.0508 
4     10.000     27.310     32.500     15.300     27.500     17.030     30.000     16.110    516.4037 
4     10.000     27.310     32.500     15.300     12.500     25.880     15.000     23.670    615.3093 
4     12.500     25.880     35.000     14.480     30.000     16.110     32.500     15.300    553.8918 
4     12.500     25.880     35.000     14.480     15.000     23.670     17.500     22.350    587.9554 
4     15.000     23.670     37.500     13.670     17.500     22.350     20.000     20.510    435.6068 
4     15.000     23.670     37.500     13.670     32.500     15.300     35.000     14.480    505.7267 
4     17.500     22.350     40.000     12.870     20.000     20.510     22.500     19.350    568.8549 
4     17.500     22.350     40.000     12.870     35.000     14.480     37.500     13.670    468.0232 
4     20.000     20.510     42.500     12.080     37.500     13.670     40.000     12.870    430.8991 
4     20.000     20.510     42.500     12.080     22.500     19.350     25.000     18.200    279.1747 
4     22.500     19.350     45.000     11.000     40.000     12.870     42.500     12.080    357.6974 
4     22.500     19.350     45.000     11.000     25.000     18.200     27.500     17.030    553.2154 
4     25.000     18.200     47.500     10.690     42.500     12.080     45.000     11.000    482.7952 
4     25.000     18.200     47.500     10.690     27.500     17.030     30.000     16.110    375.6877 
4     27.500     17.030     50.000     10.450     45.000     11.000     47.500     10.690    360.5396 
4     27.500     17.030     50.000     10.450     30.000     16.110     32.500     15.300    466.2912 
4     30.000     16.110     52.500     10.210     32.500     15.300     35.000     14.480    513.9589 
4     30.000     16.110     52.500     10.210     47.500     10.690     50.000     10.450    366.2361 
4     32.500     15.300     55.000      9.970     35.000     14.480     37.500     13.670    525.1244 
4     32.500     15.300     55.000      9.970     50.000     10.450     52.500     10.210    398.5190 
4     35.000     14.480     57.500      9.760     37.500     13.670     40.000     12.870    499.1536 
4     35.000     14.480     57.500      9.760     52.500     10.210     55.000      9.970    432.9769 
4     37.500     13.670     60.000      9.560     55.000      9.970     57.500      9.760    510.7528 
4     37.500     13.670     60.000      9.560     40.000     12.870     42.500     12.080    463.8980 
4     40.000     12.870     62.500      9.350     57.500      9.760     60.000      9.560    414.6742 
4     40.000     12.870     62.500      9.350     42.500     12.080     45.000     11.000    446.0108 
4     42.500     12.080     65.000      9.150     45.000     11.000     47.500     10.690    364.4221 
4     42.500     12.080     65.000      9.150     60.000      9.560     62.500      9.350    414.5407 
4     45.000     11.000     67.500      8.950     62.500      9.350     65.000      9.150    410.3882 
4     45.000     11.000     67.500      8.950     47.500     10.690     50.000     10.450    510.1188 
4     47.500     10.690     70.000      8.750     50.000     10.450     52.500     10.210    393.6264 
4     47.500     10.690     70.000      8.750     65.000      9.150     67.500      8.950    448.2585 
4     50.000     10.450     72.500      8.550     52.500     10.210     55.000      9.970    358.8986 
4     50.000     10.450     72.500      8.550     67.500      8.950     70.000      8.750    400.3360 
4     52.500     10.210     75.000      8.350     55.000      9.970     57.500      9.760    395.4130 
4     52.500     10.210     75.000      8.350     70.000      8.750     72.500      8.550    323.2608 
4     55.000      9.970     77.500      8.140     72.500      8.550     75.000      8.350    281.1433 
4     55.000      9.970     77.500      8.140     57.500      9.760     60.000      9.560    399.5655 
4     57.500      9.760     80.000      7.940     75.000      8.350     77.500      8.140    338.7577 
4     57.500      9.760     80.000      7.940     60.000      9.560     62.500      9.350    511.7628 
4     60.000      9.560     82.500      7.770     62.500      9.350     65.000      9.150    432.7373 
4     60.000      9.560     82.500      7.770     77.500      8.140     80.000      7.940    324.9685 
4     62.500      9.350     85.000      7.600     80.000      7.940     82.500      7.770    280.6856 
4     62.500      9.350     85.000      7.600     65.000      9.150     67.500      8.950    414.3739 
4     65.000      9.150     87.500      7.430     67.500      8.950     70.000      8.750    399.2561 
4     65.000      9.150     87.500      7.430     82.500      7.770     85.000      7.600    249.6647 
4     67.500      8.950     90.000      7.260     70.000      8.750     72.500      8.550    442.2981 
4     67.500      8.950     90.000      7.260     85.000      7.600     87.500      7.430    461.5472 
4     70.000      8.750     92.500      7.100     87.500      7.430     90.000      7.260    297.5851 
4     70.000      8.750     92.500      7.100     72.500      8.550     75.000      8.350    435.9798 
4     72.500      8.550     95.000      6.930     90.000      7.260     92.500      7.100    264.8841 
4     72.500      8.550     95.000      6.930     75.000      8.350     77.500      8.140    349.9656 
4     75.000      8.350     97.500      7.130     77.500      8.140     80.000      7.940    263.4503 
4     75.000      8.350     97.500      7.130     92.500      7.100     95.000      6.930    235.7536 
4     77.500      8.140    100.000      7.350     80.000      7.940     82.500      7.770    295.5914 
4     77.500      8.140    100.000      7.350     95.000      6.930     97.500      7.130    326.2122 
4     80.000      7.940    102.500      7.570     97.500      7.130    100.000      7.350    242.3852 
4     80.000      7.940    102.500      7.570     82.500      7.770     85.000      7.600    319.5663 
4     82.500      7.770    105.000      7.790    100.000      7.350    102.500      7.570    261.3125 
4     82.500      7.770    105.000      7.790     85.000      7.600     87.500      7.430    480.2503 
4     85.000      7.600    107.500      7.980    102.500      7.570    105.000      7.790    256.8208 
4     85.000      7.600    107.500      7.980     87.500      7.430     90.000      7.260    247.0704 
4     87.500      7.430    110.000      7.890     90.000      7.260     92.500      7.100    267.7560 
4     87.500      7.430    110.000      7.890    105.000      7.790    107.500      7.980    214.0919 
4     90.000      7.260    112.500      7.800    107.500      7.980    110.000      7.890    274.6255 
4     90.000      7.260    112.500      7.800     92.500      7.100     95.000      6.930    306.0410 
4     92.500      7.100    115.000      7.710    110.000      7.890    112.500      7.800    201.5393 
4     92.500      7.100    115.000      7.710     95.000      6.930     97.500      7.130    283.5181 
4     95.000      6.930    117.500      7.610    112.500      7.800    115.000      7.710    243.5964 
4     95.000      6.930    117.500      7.610     97.500      7.130    100.000      7.350    229.6583 
4     97.500      7.130    120.000      7.520    100.000      7.350    102.500      7.570    318.2953 
4     97.500      7.130    120.000      7.520    115.000      7.710    117.500      7.610    260.1350 
4    100.000      7.350    122.500      7.230    102.500      7.570    105.000      7.790    258.3199 
4    100.000      7.350    122.500      7.230    117.500      7.610    120.000      7.520    251.1156 
4    102.500      7.570    125.000      6.910    120.000      7.520    122.500      7.230    272.6002 
4    102.500      7.570    125.000      6.910    105.000      7.790    107.500      7.980    258.8437 
4    105.000      7.790    127.500      6.590    107.500      7.980    110.000      7.890    269.1971 
4    105.000      7.790    127.500      6.590    122.500      7.230    125.000      6.910    290.9578 
4    107.500      7.980    130.000      6.270    110.000      7.890    112.500      7.800    207.1578 
4    107.500      7.980    130.000      6.270    125.000      6.910    127.500      6.590    307.1299 
4    110.000      7.890    132.500      5.810    127.500      6.590    130.000      6.270    473.6560 
4    110.000      7.890    132.500      5.810    112.500      7.800    115.000      7.710    270.6968 
4    112.500      7.800    135.000      4.630    130.000      6.270    132.500      5.810    414.6075 
4    112.500      7.800    135.000      4.630    115.000      7.710    117.500      7.610    191.3002 
4    115.000      7.710    137.500      3.450    117.500      7.610    120.000      7.520    233.4568 
4    115.000      7.710    137.500      3.450    132.500      5.810    135.000      4.630    395.8831 
4    117.500      7.610    140.000      2.260    120.000      7.520    122.500      7.230    274.8490 
4    117.500      7.610    140.000      2.260    135.000      4.630    137.500      3.450    410.9039 
4    120.000      7.520    142.500      1.080    122.500      7.230    125.000      6.910    240.1940 
4    120.000      7.520    142.500      1.080    137.500      3.450    140.000      2.260    406.3843 
4    122.500      7.230    145.000     -0.020    125.000      6.910    127.500      6.590    258.9481 
4    122.500      7.230    145.000     -0.020    140.000      2.260    142.500      1.080    362.5779 
4    125.000      6.910    147.500     -1.080    127.500      6.590    130.000      6.270    276.0277 
4    125.000      6.910    147.500     -1.080    142.500      1.080    145.000     -0.020    295.6317 
4    127.500      6.590    150.000     -2.140    145.000     -0.020    147.500     -1.080    425.8427 
4    127.500      6.590    150.000     -2.140    130.000      6.270    132.500      5.810    299.8428 
4    130.000      6.270    152.500     -3.200    147.500     -1.080    150.000     -2.140    269.4407 
4    130.000      6.270    152.500     -3.200    132.500      5.810    135.000      4.630    349.4378 
4    132.500      5.810    155.000     -4.260    135.000      4.630    137.500      3.450    414.7622 
4    132.500      5.810    155.000     -4.260    150.000     -2.140    152.500     -3.200    262.1785 
4    135.000      4.630    157.500     -4.920    137.500      3.450    140.000      2.260    399.7809 
4    135.000      4.630    157.500     -4.920    152.500     -3.200    155.000     -4.260    344.4148 
4    137.500      3.450    160.000     -4.700    155.000     -4.260    157.500     -4.920    320.5945 
4    137.500      3.450    160.000     -4.700    140.000      2.260    142.500      1.080    411.6743 
4    140.000      2.260    162.500     -4.490    157.500     -4.920    160.000     -4.700    274.9239 
4    140.000      2.260    162.500     -4.490    142.500      1.080    145.000     -0.020    340.5231 
4    142.500      1.080    165.000     -4.270    145.000     -0.020    147.500     -1.080    360.1725 
4    142.500      1.080    165.000     -4.270    160.000     -4.700    162.500     -4.490    312.0590 
4    145.000     -0.020    167.500     -4.050    147.500     -1.080    150.000     -2.140    311.8405 
4    145.000     -0.020    167.500     -4.050    162.500     -4.490    165.000     -4.270    280.5294 
4    147.500     -1.080    170.000     -3.850    150.000     -2.140    152.500     -3.200    387.9875 
4    147.500     -1.080    170.000     -3.850    165.000     -4.270    167.500     -4.050    322.7967 
4    150.000     -2.140    172.500     -3.670    167.500     -4.050    170.000     -3.850    325.2263 
4    150.000     -2.140    172.500     -3.670    152.500     -3.200    155.000     -4.260    298.3823 
4    152.500     -3.200    175.000     -3.490    170.000     -3.850    172.500     -3.670    310.7820 
4    152.500     -3.200    175.000     -3.490    155.000     -4.260    157.500     -4.920    251.5147 
4    155.000     -4.260    177.500     -3.310    172.500     -3.670    175.000     -3.490    352.0950 
4    155.000     -4.260    177.500     -3.310    157.500     -4.920    160.000     -4.700    314.2914 
4    157.500     -4.920    180.000     -3.130    175.000     -3.490    177.500     -3.310    372.1054 
4    157.500     -4.920    180.000     -3.130    160.000     -4.700    162.500     -4.490    328.4113 
4    160.000     -4.700    182.500     -2.820    177.500     -3.310    180.000     -3.130    388.7550 
4    160.000     -4.700    182.500     -2.820    162.500     -4.490    165.000     -4.270    282.8277 
4    162.500     -4.490    185.000     -2.200    165.000     -4.270    167.500     -4.050    312.4108 
4    162.500     -4.490    185.000     -2.200    180.000     -3.130    182.500     -2.820    557.6227 
4    165.000     -4.270    187.500     -1.580    167.500     -4.050    170.000     -3.850    296.8599 
4    165.000     -4.270    187.500     -1.580    182.500     -2.820    185.000     -2.200    509.3150 
4    167.500     -4.050    190.000     -0.950    170.000     -3.850    172.500     -3.670    314.4552 
4    167.500     -4.050    190.000     -0.950    185.000     -2.200    187.500     -1.580    434.0537 
4    170.000     -3.850    192.500     -0.330    172.500     -3.670    175.000     -3.490    311.4099 
4    170.000     -3.850    192.500     -0.330    187.500     -1.580    190.000     -0.950    608.2661 
4    172.500     -3.670    195.000      0.000    190.000     -0.950    192.500     -0.330    491.8737 
4    172.500     -3.670    195.000      0.000    175.000     -3.490    177.500     -3.310    301.2162 
4    175.000     -3.490    197.500      0.000    177.500     -3.310    180.000     -3.130    339.2825 
4    175.000     -3.490    197.500      0.000    192.500     -0.330    195.000      0.000    557.1981 
4    177.500     -3.310    200.000      0.000    180.000     -3.130    182.500     -2.820    362.2928 
4    177.500     -3.310    200.000      0.000    195.000      0.000    197.500      0.000    418.1746 
4      0.000     31.300     22.500     19.350      5.000     29.040      7.500     28.000    445.6795 
4      0.000     31.300     22.500     19.350     15.000     23.670     17.500     22.350    365.8508 
4      2.500     30.490     25.000     18.200      7.500     28.000     10.000     27.310    530.1502 
4      2.500     30.490     25.000     18.200     17.500     22.350     20.000     20.510    347.6545 
4      5.000     29.040     27.500     17.030     10.000     27.310     12.500     25.880    494.1749 
4      5.000     29.040     27.500     17.030     20.000     20.510     22.500     19.350    488.7857 
4      7.500     28.000     30.000     16.110     22.500     19.350     25.000     18.200    313.5446 
4      7.500     28.000     30.000     16.110     12.500     25.880     15.000     23.670    501.3537 
4     10.000     27.310     32.500     15.300     15.000     23.670     17.500     22.350    590.1185 
4     10.000     27.310     32.500     15.300     25.000     18.200     27.500     17.030    453.6153 
4     12.500     25.880     35.000     14.480     17.500     22.350     20.000     20.510    430.4858 
4     12.500     25.880     35.000     14.480     27.500     17.030     30.000     16.110    429.5605 
4     15.000     23.670     37.500     13.670     30.000     16.110     32.500     15.300    487.0935 
4     15.000     23.670     37.500     13.670     20.000     20.510     22.500     19.350    547.7280 
4     17.500     22.350     40.000     12.870     22.500     19.350     25.000     18.200    330.5995 
4     17.500     22.350     40.000     12.870     32.500     15.300     35.000     14.480    468.0626 
4     20.000     20.510     42.500     12.080     35.000     14.480     37.500     13.670    441.3640 
4     20.000     20.510     42.500     12.080     25.000     18.200     27.500     17.030    430.1403 
4     22.500     19.350     45.000     11.000     37.500     13.670     40.000     12.870    411.8401 
4     22.500     19.350     45.000     11.000     27.500     17.030     30.000     16.110    439.6355 
4     25.000     18.200     47.500     10.690     40.000     12.870     42.500     12.080    381.0205 
4     25.000     18.200     47.500     10.690     30.000     16.110     32.500     15.300    397.2476 
4     27.500     17.030     50.000     10.450     42.500     12.080     45.000     11.000    389.3786 
4     27.500     17.030     50.000     10.450     32.500     15.300     35.000     14.480    428.9956 
4     30.000     16.110     52.500     10.210     35.000     14.480     37.500     13.670    410.0019 
4     30.000     16.110     52.500     10.210     45.000     11.000     47.500     10.690    329.9250 
4     32.500     15.300     55.000      9.970     37.500     13.670     40.000     12.870    439.7229 
4     32.500     15.300     55.000      9.970     47.500     10.690     50.000     10.450    377.2791 
4     35.000     14.480     57.500      9.760     50.000     10.450     52.500     10.210    364.5709 
4     35.000     14.480     57.500      9.760     40.000     12.870     42.500     12.080    421.1052 
4     37.500     13.670     60.000      9.560     42.500     12.080     45.000     11.000    448.5444 
4     37.500     13.670     60.000      9.560     52.500     10.210     55.000      9.970    404.3405 
4     40.000     12.870     62.500      9.350     45.000     11.000     47.500     10.690    399.8123 
4     40.000     12.870     62.500      9.350     55.000      9.970     57.500      9.760    388.6380 
4     42.500     12.080     65.000      9.150     47.500     10.690     50.000     10.450    458.1988 
4     42.500     12.080     65.000      9.150     57.500      9.760     60.000      9.560    335.7075 
4     45.000     11.000     67.500      8.950     60.000      9.560     62.500      9.350    354.6180 
4     45.000     11.000     67.500      8.950     50.000     10.450     52.500     10.210    414.2093 
4     47.500     10.690     70.000      8.750     62.500      9.350     65.000      9.150    361.2582 
4     47.500     10.690     70.000      8.750     52.500     10.210     55.000      9.970    348.1287 
4     50.000     10.450     72.500      8.550     65.000      9.150     67.500      8.950    373.2761 
4     50.000     10.450     72.500      8.550     55.000      9.970     57.500      9.760    348.7422 
4     52.500     10.210     75.000      8.350     67.500      8.950     70.000      8.750    300.0844 
4     52.500     10.210     75.000      8.350     57.500      9.760     60.000      9.560    309.9449 
4     55.000      9.970     77.500      8.140     60.000      9.560     62.500      9.350    387.9214 
4     55.000      9.970     77.500      8.140     70.000      8.750     72.500      8.550    272.1891 
4     57.500      9.760     80.000      7.940     62.500      9.350     65.000      9.150    382.9478 
4     57.500      9.760     80.000      7.940     72.500      8.550     75.000      8.350    311.3642 
4     60.000      9.560     82.500      7.770     75.000      8.350     77.500      8.140    372.6774 
4     60.000      9.560     82.500      7.770     65.000      9.150     67.500      8.950    353.9846 
4     62.500      9.350     85.000      7.600     77.500      8.140     80.000      7.940    333.9601 
4     62.500      9.350     85.000      7.600     67.500      8.950     70.000      8.750    330.2210 
4     65.000      9.150     87.500      7.430     80.000      7.940     82.500      7.770    253.9829 
4     65.000      9.150     87.500      7.430     70.000      8.750     72.500      8.550    350.8913 
4     67.500      8.950     90.000      7.260     72.500      8.550     75.000      8.350    393.8268 
4     67.500      8.950     90.000      7.260     82.500      7.770     85.000      7.600    289.8189 
4     70.000      8.750     92.500      7.100     75.000      8.350     77.500      8.140    343.6086 
4     70.000      8.750     92.500      7.100     85.000      7.600     87.500      7.430    352.5580 
4     72.500      8.550     95.000      6.930     77.500      8.140     80.000      7.940    259.8381 
4     72.500      8.550     95.000      6.930     87.500      7.430     90.000      7.260    290.3112 
4     75.000      8.350     97.500      7.130     90.000      7.260     92.500      7.100    260.9464 
4     75.000      8.350     97.500      7.130     80.000      7.940     82.500      7.770    251.4190 
4     77.500      8.140    100.000      7.350     92.500      7.100     95.000      6.930    272.8068 
4     77.500      8.140    100.000      7.350     82.500      7.770     85.000      7.600    323.4266 
4     80.000      7.940    102.500      7.570     95.000      6.930     97.500      7.130    305.2756 
4     80.000      7.940    102.500      7.570     85.000      7.600     87.500      7.430    368.5483 
4     82.500      7.770    105.000      7.790     87.500      7.430     90.000      7.260    280.1472 
4     82.500      7.770    105.000      7.790     97.500      7.130    100.000      7.350    239.7359 
4     85.000      7.600    107.500      7.980    100.000      7.350    102.500      7.570    261.0710 
4     85.000      7.600    107.500      7.980     90.000      7.260     92.500      7.100    264.1635 
4     87.500      7.430    110.000      7.890    102.500      7.570    105.000      7.790    234.2931 
4     87.500      7.430    110.000      7.890     92.500      7.100     95.000      6.930    312.6375 
4     90.000      7.260    112.500      7.800    105.000      7.790    107.500      7.980    233.8874 
4     90.000      7.260    112.500      7.800     95.000      6.930     97.500      7.130    312.9591 
4     92.500      7.100    115.000      7.710    107.500      7.980    110.000      7.890    244.4061 
4     92.500      7.100    115.000      7.710     97.500      7.130    100.000      7.350    251.8536 
4     95.000      6.930    117.500      7.610    100.000      7.350    102.500      7.570    281.7734 
4     95.000      6.930    117.500      7.610    110.000      7.890    112.500      7.800    220.2713 
4     97.500      7.130    120.000      7.520    102.500      7.570    105.000      7.790    283.7229 
4     97.500      7.130    120.000      7.520    112.500      7.800    115.000      7.710    264.0117 
4    100.000      7.350    122.500      7.230    115.000      7.710    117.500      7.610    227.6315 
4    100.000      7.350    122.500      7.230    105.000      7.790    107.500      7.980    252.9216 
4    102.500      7.570    125.000      6.910    117.500      7.610    120.000      7.520    276.4518 
4    102.500      7.570    125.000      6.910    107.500      7.980    110.000      7.890    266.4725 
4    105.000      7.790    127.500      6.590    110.000      7.890    112.500      7.800    211.9776 
4    105.000      7.790    127.500      6.590    120.000      7.520    122.500      7.230    284.5938 
4    107.500      7.980    130.000      6.270    112.500      7.800    115.000      7.710    242.4664 
4    107.500      7.980    130.000      6.270    122.500      7.230    125.000      6.910    317.4057 
4    110.000      7.890    132.500      5.810    125.000      6.910    127.500      6.590    314.7247 
4    110.000      7.890    132.500      5.810    115.000      7.710    117.500      7.610    201.8070 
4    112.500      7.800    135.000      4.630    127.500      6.590    130.000      6.270    344.5471 
4    112.500      7.800    135.000      4.630    117.500      7.610    120.000      7.520    250.7552 
4    115.000      7.710    137.500      3.450    130.000      6.270    132.500      5.810    307.9500 
4    115.000      7.710    137.500      3.450    120.000      7.520    122.500      7.230    264.4422 
4    117.500      7.610    140.000      2.260    122.500      7.230    125.000      6.910    230.1789 
4    117.500      7.610    140.000      2.260    132.500      5.810    135.000      4.630    306.1778 
4    120.000      7.520    142.500      1.080    135.000      4.630    137.500      3.450    324.0360 
4    120.000      7.520    142.500      1.080    125.000      6.910    127.500      6.590    247.9348 
4    122.500      7.230    145.000     -0.020    137.500      3.450    140.000      2.260    329.9183 
4    122.500      7.230    145.000     -0.020    127.500      6.590    130.000      6.270    261.4330 
4    125.000      6.910    147.500     -1.080    130.000      6.270    132.500      5.810    291.8822 
4    125.000      6.910    147.500     -1.080    140.000      2.260    142.500      1.080    358.5046 
4    127.500      6.590    150.000     -2.140    132.500      5.810    135.000      4.630    299.4436 
4    127.500      6.590    150.000     -2.140    142.500      1.080    145.000     -0.020    279.0215 
4    130.000      6.270    152.500     -3.200    135.000      4.630    137.500      3.450    327.9523 
4    130.000      6.270    152.500     -3.200    145.000     -0.020    147.500     -1.080    282.5074 
4    132.500      5.810    155.000     -4.260    147.500     -1.080    150.000     -2.140    228.9831 
4    132.500      5.810    155.000     -4.260    137.500      3.450    140.000      2.260    330.8783 
4    135.000      4.630    157.500     -4.920    140.000      2.260    142.500      1.080    358.6481 
4    135.000      4.630    157.500     -4.920    150.000     -2.140    152.500     -3.200    264.8892 
4    137.500      3.450    160.000     -4.700    152.500     -3.200    155.000     -4.260    326.3187 
4    137.500      3.450    160.000     -4.700    142.500      1.080    145.000     -0.020    291.6727 
4    140.000      2.260    162.500     -4.490    155.000     -4.260    157.500     -4.920    278.5052 
4    140.000      2.260    162.500     -4.490    145.000     -0.020    147.500     -1.080    323.7935 
4    142.500      1.080    165.000     -4.270    157.500     -4.920    160.000     -4.700    254.0159 
4    142.500      1.080    165.000     -4.270    147.500     -1.080    150.000     -2.140    300.3416 
4    145.000     -0.020    167.500     -4.050    160.000     -4.700    162.500     -4.490    268.9531 
4    145.000     -0.020    167.500     -4.050    150.000     -2.140    152.500     -3.200    321.3880 
4    147.500     -1.080    170.000     -3.850    152.500     -3.200    155.000     -4.260    305.4884 
4    147.500     -1.080    170.000     -3.850    162.500     -4.490    165.000     -4.270    231.3977 
4    150.000     -2.140    172.500     -3.670    165.000     -4.270    167.500     -4.050    264.6673 
4    150.000     -2.140    172.500     -3.670    155.000     -4.260    157.500     -4.920    233.8825 
4    152.500     -3.200    175.000     -3.490    157.500     -4.920    160.000     -4.700    242.8351 
4    152.500     -3.200    175.000     -3.490    167.500     -4.050    170.000     -3.850    282.9791 
4    155.000     -4.260    177.500     -3.310    160.000     -4.700    162.500     -4.490    298.1389 
4    155.000     -4.260    177.500     -3.310    170.000     -3.850    172.500     -3.670    296.5952 
4    157.500     -4.920    180.000     -3.130    162.500     -4.490    165.000     -4.270    275.3987 
4    157.500     -4.920    180.000     -3.130    172.500     -3.670    175.000     -3.490    324.6314 
4    160.000     -4.700    182.500     -2.820    175.000     -3.490    177.500     -3.310    320.1510 
4    160.000     -4.700    182.500     -2.820    165.000     -4.270    167.500     -4.050    269.2145 
4    162.500     -4.490    185.000     -2.200    167.500     -4.050    170.000     -3.850    272.7128 
4    162.500     -4.490    185.000     -2.200    177.500     -3.310    180.000     -3.130    377.5198 
4    165.000     -4.270    187.500     -1.580    170.000     -3.850    172.500     -3.670    241.7646 
4    165.000     -4.270    187.500     -1.580    180.000     -3.130    182.500     -2.820    437.3949 
4    167.500     -4.050    190.000     -0.950    182.500     -2.820    185.000     -2.200    561.1940 
4    167.500     -4.050    190.000     -0.950    172.500     -3.670    175.000     -3.490    257.1794 
4    170.000     -3.850    192.500     -0.330    185.000     -2.200    187.500     -1.580    464.6089 
4    170.000     -3.850    192.500     -0.330    175.000     -3.490    177.500     -3.310    277.5824 
4    172.500     -3.670    195.000      0.000    187.500     -1.580    190.000     -0.950    541.8952 
4    172.500     -3.670    195.000      0.000    177.500     -3.310    180.000     -3.130    294.5046 
4    175.000     -3.490    197.500      0.000    190.000     -0.950    192.500     -0.330    653.3276 
4    175.000     -3.490    197.500      0.000    180.000     -3.130    182.500     -2.820    324.3024 
4    177.500     -3.310    200.000      0.000    182.500     -2.820    185.000     -2.200    308.2807 
4    177.500     -3.310    200.000      0.000    192.500     -0.330    195.000      0.000    595.3188 
4      0.000     31.300     45.000     11.000     35.000     14.480     40.000     12.870    418.9384 
4      0.000     31.300     45.000     11.000      5.000     29.040     10.000     27.310    463.3902 
4      2.500     30.490     47.500     10.690     37.500     13.670     42.500     12.080    399.0935 
4      2.500     30.490     47.500     10.690      7.500     28.000     12.500     25.880    508.0890 
4      5.000     29.040     50.000     10.450     10.000     27.310     15.000     23.670    486.5334 
4      5.000     29.040     50.000     10.450     40.000     12.870     45.000     11.000    369.3154 
4      7.500     28.000     52.500     10.210     42.500     12.080     47.500     10.690    332.7719 
4      7.500     28.000     52.500     10.210     12.500     25.880     17.500     22.350    516.1647 
4     10.000     27.310     55.000      9.970     45.000     11.000     50.000     10.450    345.8149 
4     10.000     27.310     55.000      9.970     15.000     23.670     20.000     20.510    552.4747 
4     12.500     25.880     57.500      9.760     17.500     22.350     22.500     19.350    486.1051 
4     12.500     25.880     57.500      9.760     47.500     10.690     52.500     10.210    353.6917 
4     15.000     23.670     60.000      9.560     20.000     20.510     25.000     18.200    477.4931 
4     15.000     23.670     60.000      9.560     50.000     10.450     55.000      9.970    392.0449 
4     17.500     22.350     62.500      9.350     52.500     10.210     57.500      9.760    380.8703 
4     17.500     22.350     62.500      9.350     22.500     19.350     27.500     17.030    373.5328 
4     20.000     20.510     65.000      9.150     55.000      9.970     60.000      9.560    339.7405 
4     20.000     20.510     65.000      9.150     25.000     18.200     30.000     16.110    406.9266 
4     22.500     19.350     67.500      8.950     57.500      9.760     62.500      9.350    334.9655 
4     22.500     19.350     67.500      8.950     27.500     17.030     32.500     15.300    438.2105 
4     25.000     18.200     70.000      8.750     30.000     16.110     35.000     14.480    386.5547 
4     25.000     18.200     70.000      8.750     60.000      9.560     65.000      9.150    350.9672 
4     27.500     17.030     72.500      8.550     62.500      9.350     67.500      8.950    357.1363 
4     27.500     17.030     72.500      8.550     32.500     15.300     37.500     13.670    419.4850 
4     30.000     16.110     75.000      8.350     35.000     14.480     40.000     12.870    411.4504 
4     30.000     16.110     75.000      8.350     65.000      9.150     70.000      8.750    299.7099 
4     32.500     15.300     77.500      8.140     67.500      8.950     72.500      8.550    259.1528 
4     32.500     15.300     77.500      8.140     37.500     13.670     42.500     12.080    433.1443 
4     35.000     14.480     80.000      7.940     40.000     12.870     45.000     11.000    441.5586 
4     35.000     14.480     80.000      7.940     70.000      8.750     75.000      8.350    288.2624 
4     37.500     13.670     82.500      7.770     72.500      8.550     77.500      8.140    354.8006 
4     37.500     13.670     82.500      7.770     42.500     12.080     47.500     10.690    444.9607 
4     40.000     12.870     85.000      7.600     45.000     11.000     50.000     10.450    436.7121 
4     40.000     12.870     85.000      7.600     75.000      8.350     80.000      7.940    348.2664 
4     42.500     12.080     87.500      7.430     77.500      8.140     82.500      7.770    266.7426 
4     42.500     12.080     87.500      7.430     47.500     10.690     52.500     10.210    449.1751 
4     45.000     11.000     90.000      7.260     50.000     10.450     55.000      9.970    400.3754 
4     45.000     11.000     90.000      7.260     80.000      7.940     85.000      7.600    271.7797 
4     47.500     10.690     92.500      7.100     52.500     10.210     57.500      9.760    345.7039 
4     47.500     10.690     92.500      7.100     82.500      7.770     87.500      7.430    329.2278 
4     50.000     10.450     95.000      6.930     85.000      7.600     90.000      7.260    306.3898 
4     50.000     10.450     95.000      6.930     55.000      9.970     60.000      9.560    335.2792 
4     52.500     10.210     97.500      7.130     87.500      7.430     92.500      7.100    262.9850 
4     52.500     10.210     97.500      7.130     57.500      9.760     62.500      9.350    330.6365 
4     55.000      9.970    100.000      7.350     90.000      7.260     95.000      6.930    266.8178 
4     55.000      9.970    100.000      7.350     60.000      9.560     65.000      9.150    427.9011 
4     57.500      9.760    102.500      7.570     62.500      9.350     67.500      8.950    384.2032 
4     57.500      9.760    102.500      7.570     92.500      7.100     97.500      7.130    284.9956 
4     60.000      9.560    105.000      7.790     95.000      6.930    100.000      7.350    255.0300 
4     60.000      9.560    105.000      7.790     65.000      9.150     70.000      8.750    340.0942 
4     62.500      9.350    107.500      7.980     97.500      7.130    102.500      7.570    247.1696 
4     62.500      9.350    107.500      7.980     67.500      8.950     72.500      8.550    339.7405 
4     65.000      9.150    110.000      7.890    100.000      7.350    105.000      7.790    255.6469 
4     65.000      9.150    110.000      7.890     70.000      8.750     75.000      8.350    365.9291 
4     67.500      8.950    112.500      7.800     72.500      8.550     77.500      8.140    397.8463 
4     67.500      8.950    112.500      7.800    102.500      7.570    107.500      7.980    233.2833 
4     70.000      8.750    115.000      7.710    105.000      7.790    110.000      7.890    233.6103 
4     70.000      8.750    115.000      7.710     75.000      8.350     80.000      7.940    320.8378 
4     72.500      8.550    117.500      7.610    107.500      7.980    112.500      7.800    248.6492 
4     72.500      8.550    117.500      7.610     77.500      8.140     82.500      7.770    259.2553 
4     75.000      8.350    120.000      7.520     80.000      7.940     85.000      7.600    273.5044 
4     75.000      8.350    120.000      7.520    110.000      7.890    115.000      7.710    252.9018 
4     77.500      8.140    122.500      7.230     82.500      7.770     87.500      7.430    351.3288 
4     77.500      8.140    122.500      7.230    112.500      7.800    117.500      7.610    253.0123 
4     80.000      7.940    125.000      6.910    115.000      7.710    120.000      7.520    263.1094 
4     80.000      7.940    125.000      6.910     85.000      7.600     90.000      7.260    356.7553 
4     82.500      7.770    127.500      6.590    117.500      7.610    122.500      7.230    289.6425 
4     82.500      7.770    127.500      6.590     87.500      7.430     92.500      7.100    285.5798 
4     85.000      7.600    130.000      6.270    120.000      7.520    125.000      6.910    298.2024 
4     85.000      7.600    130.000      6.270     90.000      7.260     95.000      6.930    284.2361 
4     87.500      7.430    132.500      5.810    122.500      7.230    127.500      6.590    314.5802 
4     87.500      7.430    132.500      5.810     92.500      7.100     97.500      7.130    333.4313 
4     90.000      7.260    135.000      4.630    125.000      6.910    130.000      6.270    324.3449 
4     90.000      7.260    135.000      4.630     95.000      6.930    100.000      7.350    307.8809 
4     92.500      7.100    137.500      3.450     97.500      7.130    102.500      7.570    275.8703 
4     92.500      7.100    137.500      3.450    127.500      6.590    132.500      5.810    322.3745 
4     95.000      6.930    140.000      2.260    130.000      6.270    135.000      4.630    321.8606 
4     95.000      6.930    140.000      2.260    100.000      7.350    105.000      7.790    284.9252 
4     97.500      7.130    142.500      1.080    132.500      5.810    137.500      3.450    304.6530 
4     97.500      7.130    142.500      1.080    102.500      7.570    107.500      7.980    285.5591 
4    100.000      7.350    145.000     -0.020    105.000      7.790    110.000      7.890    261.9980 
4    100.000      7.350    145.000     -0.020    135.000      4.630    140.000      2.260    319.8987 
4    102.500      7.570    147.500     -1.080    107.500      7.980    112.500      7.800    248.1336 
4    102.500      7.570    147.500     -1.080    137.500      3.450    142.500      1.080    340.3108 
4    105.000      7.790    150.000     -2.140    110.000      7.890    115.000      7.710    226.4961 
4    105.000      7.790    150.000     -2.140    140.000      2.260    145.000     -0.020    297.0783 
4    107.500      7.980    152.500     -3.200    142.500      1.080    147.500     -1.080    262.0083 
4    110.000      7.890    155.000     -4.260    115.000      7.710    120.000      7.520    214.1428 
4    110.000      7.890    155.000     -4.260    145.000     -0.020    150.000     -2.140    275.9625 
4    112.500      7.800    157.500     -4.920    117.500      7.610    122.500      7.230    238.3477 
4    112.500      7.800    157.500     -4.920    147.500     -1.080    152.500     -3.200    251.5842 
4    115.000      7.710    160.000     -4.700    150.000     -2.140    155.000     -4.260    337.5256 
4    115.000      7.710    160.000     -4.700    120.000      7.520    125.000      6.910    252.7047 
4    117.500      7.610    162.500     -4.490    152.500     -3.200    157.500     -4.920    291.3133 
4    117.500      7.610    162.500     -4.490    122.500      7.230    127.500      6.590    231.3669 
4    120.000      7.520    165.000     -4.270    155.000     -4.260    160.000     -4.700    270.6191 
4    120.000      7.520    165.000     -4.270    125.000      6.910    130.000      6.270    253.7560 
4    122.500      7.230    167.500     -4.050    157.500     -4.920    162.500     -4.490    264.6830 
4    122.500      7.230    167.500     -4.050    127.500      6.590    132.500      5.810    291.3503 
4    125.000      6.910    170.000     -3.850    160.000     -4.700    165.000     -4.270    261.0013 
4    125.000      6.910    170.000     -3.850    130.000      6.270    135.000      4.630    304.7173 
4    127.500      6.590    172.500     -3.670    162.500     -4.490    167.500     -4.050    253.9750 
4    127.500      6.590    172.500     -3.670    132.500      5.810    137.500      3.450    357.4086 
4    130.000      6.270    175.000     -3.490    135.000      4.630    140.000      2.260    367.6247 
4    130.000      6.270    175.000     -3.490    165.000     -4.270    170.000     -3.850    270.8497 
4    132.500      5.810    177.500     -3.310    137.500      3.450    142.500      1.080    349.3984 
4    132.500      5.810    177.500     -3.310    167.500     -4.050    172.500     -3.670    296.3873 
4    135.000      4.630    180.000     -3.130    170.000     -3.850    175.000     -3.490    333.6382 
4    135.000      4.630    180.000     -3.130    140.000      2.260    145.000     -0.020    356.4143 
4    137.500      3.450    182.500     -2.820    172.500     -3.670    177.500     -3.310    330.4987 
4    137.500      3.450    182.500     -2.820    142.500      1.080    147.500     -1.080    305.9682 
4    140.000      2.260    185.000     -2.200    175.000     -3.490    180.000     -3.130    366.0370 
4    140.000      2.260    185.000     -2.200    145.000     -0.020    150.000     -2.140    321.8855 
4    142.500      1.080    187.500     -1.580    177.500     -3.310    182.500     -2.820    438.5539 
4    142.500      1.080    187.500     -1.580    147.500     -1.080    152.500     -3.200    321.3765 
4    145.000     -0.020    190.000     -0.950    150.000     -2.140    155.000     -4.260    321.2303 
4    145.000     -0.020    190.000     -0.950    180.000     -3.130    185.000     -2.200    475.6961 
4    147.500     -1.080    192.500     -0.330    182.500     -2.820    187.500     -1.580    472.4354 
4    147.500     -1.080    192.500     -0.330    152.500     -3.200    157.500     -4.920    286.4109 
4    150.000     -2.140    195.000      0.000    185.000     -2.200    190.000     -0.950    539.1144 
4    150.000     -2.140    195.000      0.000    155.000     -4.260    160.000     -4.700    272.8983 
4    152.500     -3.200    197.500      0.000    187.500     -1.580    192.500     -0.330    679.7964 
4    152.500     -3.200    197.500      0.000    157.500     -4.920    162.500     -4.490    246.7820 
4    155.000     -4.260    200.000      0.000    190.000     -0.950    195.000      0.000    672.8381 
4    155.000     -4.260    200.000      0.000    160.000     -4.700    165.000     -4.270    335.0486 
4      0.000     31.300     22.500     19.350     12.500     25.880     15.000     23.670    361.7472 
4      0.000     31.300     22.500     19.350      7.500     28.000     10.000     27.310    495.6410 
4      2.500     30.490     25.000     18.200     15.000     23.670     17.500     22.350    426.5129 
4      2.500     30.490     25.000     18.200     10.000     27.310     12.500     25.880    455.9963 
4      5.000     29.040     27.500     17.030     12.500     25.880     15.000     23.670    442.7115 
4      5.000     29.040     27.500     17.030     17.500     22.350     20.000     20.510    352.0033 
4      7.500     28.000     30.000     16.110     20.000     20.510     22.500     19.350    516.7134 
4      7.500     28.000     30.000     16.110     15.000     23.670     17.500     22.350    504.1394 
4     10.000     27.310     32.500     15.300     22.500     19.350     25.000     18.200    343.3514 
4     10.000     27.310     32.500     15.300     17.500     22.350     20.000     20.510    430.6127 
4     12.500     25.880     35.000     14.480     25.000     18.200     27.500     17.030    479.5515 
4     12.500     25.880     35.000     14.480     20.000     20.510     22.500     19.350    572.1312 
4     15.000     23.670     37.500     13.670     27.500     17.030     30.000     16.110    451.7162 
4     15.000     23.670     37.500     13.670     22.500     19.350     25.000     18.200    351.7381 
4     17.500     22.350     40.000     12.870     30.000     16.110     32.500     15.300    503.6521 
4     17.500     22.350     40.000     12.870     25.000     18.200     27.500     17.030    486.1933 
4     20.000     20.510     42.500     12.080     27.500     17.030     30.000     16.110    428.1354 
4     20.000     20.510     42.500     12.080     32.500     15.300     35.000     14.480    480.0619 
4     22.500     19.350     45.000     11.000     30.000     16.110     32.500     15.300    486.7265 
4     22.500     19.350     45.000     11.000     35.000     14.480     37.500     13.670    452.6815 
4     25.000     18.200     47.500     10.690     37.500     13.670     40.000     12.870    436.8910 
4     25.000     18.200     47.500     10.690     32.500     15.300     35.000     14.480    440.3229 
4     27.500     17.030     50.000     10.450     40.000     12.870     42.500     12.080    367.3065 
4     27.500     17.030     50.000     10.450     35.000     14.480     37.500     13.670    422.5343 
4     30.000     16.110     52.500     10.210     37.500     13.670     40.000     12.870    421.5623 
4     30.000     16.110     52.500     10.210     42.500     12.080     45.000     11.000    395.8582 
4     32.500     15.300     55.000      9.970     45.000     11.000     47.500     10.690    368.8373 
4     32.500     15.300     55.000      9.970     40.000     12.870     42.500     12.080    402.1445 
4     35.000     14.480     57.500      9.760     47.500     10.690     50.000     10.450    423.5993 
4     35.000     14.480     57.500      9.760     42.500     12.080     45.000     11.000    449.4327 
4     37.500     13.670     60.000      9.560     45.000     11.000     47.500     10.690    417.9323 
4     37.500     13.670     60.000      9.560     50.000     10.450     52.500     10.210    419.2814 
4     40.000     12.870     62.500      9.350     52.500     10.210     55.000      9.970    402.7625 
4     40.000     12.870     62.500      9.350     47.500     10.690     50.000     10.450    490.1436 
4     42.500     12.080     65.000      9.150     50.000     10.450     52.500     10.210    428.0519 
4     42.500     12.080     65.000      9.150     55.000      9.970     57.500      9.760    382.0226 
4     45.000     11.000     67.500      8.950     57.500      9.760     60.000      9.560    334.5042 
4     45.000     11.000     67.500      8.950     52.500     10.210     55.000      9.970    388.0060 
4     47.500     10.690     70.000      8.750     55.000      9.970     57.500      9.760    369.3557 
4     47.500     10.690     70.000      8.750     60.000      9.560     62.500      9.350    372.5547 
4     50.000     10.450     72.500      8.550     62.500      9.350     65.000      9.150    365.8093 
4     50.000     10.450     72.500      8.550     57.500      9.760     60.000      9.560    328.3499 
4     52.500     10.210     75.000      8.350     60.000      9.560     62.500      9.350    375.1183 
4     52.500     10.210     75.000      8.350     65.000      9.150     67.500      8.950    347.3044 
4     55.000      9.970     77.500      8.140     67.500      8.950     70.000      8.750    299.6258 
4     55.000      9.970     77.500      8.140     62.500      9.350     65.000      9.150    368.8562 
4     57.500      9.760     80.000      7.940     70.000      8.750     72.500      8.550    311.1806 
4     57.500      9.760     80.000      7.940     65.000      9.150     67.500      8.950    361.1602 
4     60.000      9.560     82.500      7.770     72.500      8.550     75.000      8.350    359.8811 
4     60.000      9.560     82.500      7.770     67.500      8.950     70.000      8.750    327.6605 
4     62.500      9.350     85.000      7.600     75.000      8.350     77.500      8.140    388.2699 
4     62.500      9.350     85.000      7.600     70.000      8.750     72.500      8.550    343.2356 
4     65.000      9.150     87.500      7.430     72.500      8.550     75.000      8.350    376.0984 
4     65.000      9.150     87.500      7.430     77.500      8.140     80.000      7.940    311.2856 
4     67.500      8.950     90.000      7.260     75.000      8.350     77.500      8.140    369.1133 
4     67.500      8.950     90.000      7.260     80.000      7.940     82.500      7.770    270.5423 
4     70.000      8.750     92.500      7.100     77.500      8.140     80.000      7.940    288.2676 
4     70.000      8.750     92.500      7.100     82.500      7.770     85.000      7.600    305.5904 
4     72.500      8.550     95.000      6.930     80.000      7.940     82.500      7.770    257.8188 
4     72.500      8.550     95.000      6.930     85.000      7.600     87.500      7.430    356.1085 
4     75.000      8.350     97.500      7.130     87.500      7.430     90.000      7.260    293.3745 
4     75.000      8.350     97.500      7.130     82.500      7.770     85.000      7.600    301.3613 
4     77.500      8.140    100.000      7.350     85.000      7.600     87.500      7.430    370.1757 
4     77.500      8.140    100.000      7.350     90.000      7.260     92.500      7.100    286.6156 
4     80.000      7.940    102.500      7.570     87.500      7.430     90.000      7.260    309.3279 
4     80.000      7.940    102.500      7.570     92.500      7.100     95.000      6.930    283.6104 
4     82.500      7.770    105.000      7.790     95.000      6.930     97.500      7.130    309.2175 
4     82.500      7.770    105.000      7.790     90.000      7.260     92.500      7.100    277.2164 
4     85.000      7.600    107.500      7.980     92.500      7.100     95.000      6.930    291.3724 
4     85.000      7.600    107.500      7.980     97.500      7.130    100.000      7.350    247.2294 
4     87.500      7.430    110.000      7.890     95.000      6.930     97.500      7.130    325.4753 
4     87.500      7.430    110.000      7.890    100.000      7.350    102.500      7.570    265.8420 
4     90.000      7.260    112.500      7.800     97.500      7.130    100.000      7.350    265.7370 
4     90.000      7.260    112.500      7.800    102.500      7.570    105.000      7.790    258.7492 
4     92.500      7.100    115.000      7.710    100.000      7.350    102.500      7.570    288.9301 
4     92.500      7.100    115.000      7.710    105.000      7.790    107.500      7.980    238.2018 
4     95.000      6.930    117.500      7.610    107.500      7.980    110.000      7.890    273.8787 
4     95.000      6.930    117.500      7.610    102.500      7.570    105.000      7.790    270.8695 
4     97.500      7.130    120.000      7.520    105.000      7.790    107.500      7.980    269.1043 
4     97.500      7.130    120.000      7.520    110.000      7.890    112.500      7.800    228.9400 
4    100.000      7.350    122.500      7.230    112.500      7.800    115.000      7.710    261.7584 
4    100.000      7.350    122.500      7.230    107.500      7.980    110.000      7.890    271.6140 
4    102.500      7.570    125.000      6.910    110.000      7.890    112.500      7.800    216.7753 
4    102.500      7.570    125.000      6.910    115.000      7.710    117.500      7.610    223.8412 
4    105.000      7.790    127.500      6.590    117.500      7.610    120.000      7.520    278.5978 
4    105.000      7.790    127.500      6.590    112.500      7.800    115.000      7.710    254.6023 
4    107.500      7.980    130.000      6.270    120.000      7.520    122.500      7.230    291.3643 
4    107.500      7.980    130.000      6.270    115.000      7.710    117.500      7.610    203.1174 
4    110.000      7.890    132.500      5.810    117.500      7.610    120.000      7.520    259.3524 
4    110.000      7.890    132.500      5.810    122.500      7.230    125.000      6.910    293.6895 
4    112.500      7.800    135.000      4.630    120.000      7.520    122.500      7.230    267.0538 
4    112.500      7.800    135.000      4.630    125.000      6.910    127.500      6.590    291.4815 
4    115.000      7.710    137.500      3.450    122.500      7.230    125.000      6.910    247.9309 
4    115.000      7.710    137.500      3.450    127.500      6.590    130.000      6.270    312.6791 
4    117.500      7.610    140.000      2.260    125.000      6.910    127.500      6.590    244.9311 
4    117.500      7.610    140.000      2.260    130.000      6.270    132.500      5.810    299.2515 
4    120.000      7.520    142.500      1.080    127.500      6.590    130.000      6.270    255.7939 
4    120.000      7.520    142.500      1.080    132.500      5.810    135.000      4.630    273.4761 
4    122.500      7.230    145.000     -0.020    130.000      6.270    132.500      5.810    263.3270 
4    122.500      7.230    145.000     -0.020    135.000      4.630    137.500      3.450    296.0161 
4    125.000      6.910    147.500     -1.080    132.500      5.810    135.000      4.630    283.2604 
4    125.000      6.910    147.500     -1.080    137.500      3.450    140.000      2.260    299.7389 
4    127.500      6.590    150.000     -2.140    135.000      4.630    137.500      3.450    304.0299 
4    127.500      6.590    150.000     -2.140    140.000      2.260    142.500      1.080    337.1081 
4    130.000      6.270    152.500     -3.200    142.500      1.080    145.000     -0.020    252.4171 
4    130.000      6.270    152.500     -3.200    137.500      3.450    140.000      2.260    314.4294 
4    132.500      5.810    155.000     -4.260    145.000     -0.020    147.500     -1.080    250.7274 
4    132.500      5.810    155.000     -4.260    140.000      2.260    142.500      1.080    324.1383 
4    135.000      4.630    157.500     -4.920    147.500     -1.080    150.000     -2.140    227.6649 
4    135.000      4.630    157.500     -4.920    142.500      1.080    145.000     -0.020    263.8480 
4    137.500      3.450    160.000     -4.700    150.000     -2.140    152.500     -3.200    263.4171 
4    137.500      3.450    160.000     -4.700    145.000     -0.020    147.500     -1.080    283.4933 
4    140.000      2.260    162.500     -4.490    147.500     -1.080    150.000     -2.140    261.3127 
4    140.000      2.260    162.500     -4.490    152.500     -3.200    155.000     -4.260    291.7979 
4    142.500      1.080    165.000     -4.270    150.000     -2.140    152.500     -3.200    314.9061 
4    142.500      1.080    165.000     -4.270    155.000     -4.260    157.500     -4.920    250.9913 
4    145.000     -0.020    167.500     -4.050    152.500     -3.200    155.000     -4.260    288.2326 
4    145.000     -0.020    167.500     -4.050    157.500     -4.920    160.000     -4.700    226.4640 
4    147.500     -1.080    170.000     -3.850    160.000     -4.700    162.500     -4.490    237.5084 
4    147.500     -1.080    170.000     -3.850    155.000     -4.260    157.500     -4.920    233.4948 
4    150.000     -2.140    172.500     -3.670    162.500     -4.490    165.000     -4.270    214.6264 
4    150.000     -2.140    172.500     -3.670    157.500     -4.920    160.000     -4.700    221.1443 
4    152.500     -3.200    175.000     -3.490    160.000     -4.700    162.500     -4.490    241.1491 
4    152.500     -3.200    175.000     -3.490    165.000     -4.270    167.500     -4.050    240.4113 
4    155.000     -4.260    177.500     -3.310    162.500     -4.490    165.000     -4.270    245.4360 
4    155.000     -4.260    177.500     -3.310    167.500     -4.050    170.000     -3.850    263.8615 
4    157.500     -4.920    180.000     -3.130    170.000     -3.850    172.500     -3.670    269.0451 
4    157.500     -4.920    180.000     -3.130    165.000     -4.270    167.500     -4.050    252.6069 
4    160.000     -4.700    182.500     -2.820    167.500     -4.050    170.000     -3.850    244.1906 
4    160.000     -4.700    182.500     -2.820    172.500     -3.670    175.000     -3.490    284.2769 
4    162.500     -4.490    185.000     -2.200    170.000     -3.850    172.500     -3.670    243.7382 
4    162.500     -4.490    185.000     -2.200    175.000     -3.490    177.500     -3.310    312.1850 
4    165.000     -4.270    187.500     -1.580    172.500     -3.670    175.000     -3.490    241.6998 
4    165.000     -4.270    187.500     -1.580    177.500     -3.310    180.000     -3.130    340.9238 
4    167.500     -4.050    190.000     -0.950    180.000     -3.130    182.500     -2.820    413.7249 
4    167.500     -4.050    190.000     -0.950    175.000     -3.490    177.500     -3.310    264.0984 
4    170.000     -3.850    192.500     -0.330    182.500     -2.820    185.000     -2.200    380.4918 
4    170.000     -3.850    192.500     -0.330    177.500     -3.310    180.000     -3.130    275.0581 
4    172.500     -3.670    195.000      0.000    185.000     -2.200    187.500     -1.580    430.7164 
4    172.500     -3.670    195.000      0.000    180.000     -3.130    182.500     -2.820    285.1507 
4    175.000     -3.490    197.500      0.000    187.500     -1.580    190.000     -0.950    578.1145 
4    175.000     -3.490    197.500      0.000    182.500     -2.820    185.000     -2.200    316.3548 
4    177.500     -3.310    200.000      0.000    185.000     -2.200    187.500     -1.580    379.2948 
4    177.500     -3.310    200.000      0.000    190.000     -0.950    192.500     -0.330    657.1844 
4      0.000     31.300     22.500     19.350     10.000     27.310     12.500     25.880    411.1481 
4      2.500     30.490     25.000     18.200     12.500     25.880     15.000     23.670    410.6926 
4      5.000     29.040     27.500     17.030     15.000     23.670     17.500     22.350    455.9582 
4      7.500     28.000     30.000     16.110     17.500     22.350     20.000     20.510    389.0737 
4     10.000     27.310     32.500     15.300     20.000     20.510     22.500     19.350    567.4675 
4     12.500     25.880     35.000     14.480     22.500     19.350     25.000     18.200    364.7892 
4     15.000     23.670     37.500     13.670     25.000     18.200     27.500     17.030    502.1365 
4     17.500     22.350     40.000     12.870     27.500     17.030     30.000     16.110    466.3270 
4     20.000     20.510     42.500     12.080     30.000     16.110     32.500     15.300    505.5686 
4     22.500     19.350     45.000     11.000     32.500     15.300     35.000     14.480    492.2625 
4     25.000     18.200     47.500     10.690     35.000     14.480     37.500     13.670    454.0607 
4     27.500     17.030     50.000     10.450     37.500     13.670     40.000     12.870    436.0861 
4     30.000     16.110     52.500     10.210     40.000     12.870     42.500     12.080    383.7361 
4     32.500     15.300     55.000      9.970     42.500     12.080     45.000     11.000    436.2133 
4     35.000     14.480     57.500      9.760     45.000     11.000     47.500     10.690    407.0577 
4     37.500     13.670     60.000      9.560     47.500     10.690     50.000     10.450    487.8830 
4     40.000     12.870     62.500      9.350     50.000     10.450     52.500     10.210    448.1404 
4     42.500     12.080     65.000      9.150     52.500     10.210     55.000      9.970    406.6823 
4     45.000     11.000     67.500      8.950     55.000      9.970     57.500      9.760    390.7843 
4     47.500     10.690     70.000      8.750     57.500      9.760     60.000      9.560    342.2310 
4     50.000     10.450     72.500      8.550     60.000      9.560     62.500      9.350    388.9700 
4     52.500     10.210     75.000      8.350     62.500      9.350     65.000      9.150    370.4818 
4     55.000      9.970     77.500      8.140     65.000      9.150     67.500      8.950    356.7986 
4     57.500      9.760     80.000      7.940     67.500      8.950     70.000      8.750    328.1079 
4     60.000      9.560     82.500      7.770     70.000      8.750     72.500      8.550    341.0811 
4     62.500      9.350     85.000      7.600     72.500      8.550     75.000      8.350    382.7827 
4     65.000      9.150     87.500      7.430     75.000      8.350     77.500      8.140    379.9222 
4     67.500      8.950     90.000      7.260     77.500      8.140     80.000      7.940    310.8810 
4     70.000      8.750     92.500      7.100     80.000      7.940     82.500      7.770    273.5997 
4     72.500      8.550     95.000      6.930     82.500      7.770     85.000      7.600    307.1299 
4     75.000      8.350     97.500      7.130     85.000      7.600     87.500      7.430    357.5368 
4     77.500      8.140    100.000      7.350     87.500      7.430     90.000      7.260    313.6048 
4     80.000      7.940    102.500      7.570     90.000      7.260     92.500      7.100    290.4811 
4     82.500      7.770    105.000      7.790     92.500      7.100     95.000      6.930    291.1188 
4     85.000      7.600    107.500      7.980     95.000      6.930     97.500      7.130    315.4049 
4     87.500      7.430    110.000      7.890     97.500      7.130    100.000      7.350    260.2134 
4     90.000      7.260    112.500      7.800    100.000      7.350    102.500      7.570    290.4340 
4     92.500      7.100    115.000      7.710    102.500      7.570    105.000      7.790    265.8761 
4     95.000      6.930    117.500      7.610    105.000      7.790    107.500      7.980    259.1343 
4     97.500      7.130    120.000      7.520    107.500      7.980    110.000      7.890    282.2171 
4    100.000      7.350    122.500      7.230    110.000      7.890    112.500      7.800    223.6406 
4    102.500      7.570    125.000      6.910    112.500      7.800    115.000      7.710    260.7302 
4    105.000      7.790    127.500      6.590    115.000      7.710    117.500      7.610    217.2647 
4    107.500      7.980    130.000      6.270    117.500      7.610    120.000      7.520    269.1025 
4    110.000      7.890    132.500      5.810    120.000      7.520    122.500      7.230    286.5305 
4    112.500      7.800    135.000      4.630    122.500      7.230    125.000      6.910    267.6888 
4    115.000      7.710    137.500      3.450    125.000      6.910    127.500      6.590    267.4783 
4    117.500      7.610    140.000      2.260    127.500      6.590    130.000      6.270    328.7755 
4    120.000      7.520    142.500      1.080    130.000      6.270    132.500      5.810    257.8069 
4    122.500      7.230    145.000     -0.020    132.500      5.810    135.000      4.630    270.2477 
4    125.000      6.910    147.500     -1.080    135.000      4.630    137.500      3.450    290.7387 
4    127.500      6.590    150.000     -2.140    137.500      3.450    140.000      2.260    302.5605 
4    130.000      6.270    152.500     -3.200    140.000      2.260    142.500      1.080    313.7242 
4    132.500      5.810    155.000     -4.260    142.500      1.080    145.000     -0.020    244.5447 
4    135.000      4.630    157.500     -4.920    145.000     -0.020    147.500     -1.080    260.1050 
4    137.500      3.450    160.000     -4.700    147.500     -1.080    150.000     -2.140    237.4133 
4    140.000      2.260    162.500     -4.490    150.000     -2.140    152.500     -3.200    269.8267 
4    142.500      1.080    165.000     -4.270    152.500     -3.200    155.000     -4.260    289.9988 
4    145.000     -0.020    167.500     -4.050    155.000     -4.260    157.500     -4.920    233.1502 
4    147.500     -1.080    170.000     -3.850    157.500     -4.920    160.000     -4.700    219.7136 
4    150.000     -2.140    172.500     -3.670    160.000     -4.700    162.500     -4.490    229.7604 
4    152.500     -3.200    175.000     -3.490    162.500     -4.490    165.000     -4.270    231.1945 
4    155.000     -4.260    177.500     -3.310    165.000     -4.270    167.500     -4.050    243.2692 
4    157.500     -4.920    180.000     -3.130    167.500     -4.050    170.000     -3.850    247.1255 
4    160.000     -4.700    182.500     -2.820    170.000     -3.850    172.500     -3.670    244.4552 
4    162.500     -4.490    185.000     -2.200    172.500     -3.670    175.000     -3.490    270.0136 
4    165.000     -4.270    187.500     -1.580    175.000     -3.490    177.500     -3.310    291.9561 
4    167.500     -4.050    190.000     -0.950    177.500     -3.310    180.000     -3.130    296.8742 
4    170.000     -3.850    192.500     -0.330    180.000     -3.130    182.500     -2.820    300.6127 
4    172.500     -3.670    195.000      0.000    182.500     -2.820    185.000     -2.200    325.2507 
4    175.000     -3.490    197.500      0.000    185.000     -2.200    187.500     -1.580    413.7760 
4    177.500     -3.310    200.000      0.000    187.500     -1.580    190.000     -0.950    528.5117 
4      0.000     31.300     45.000     11.000     30.000     16.110     35.000     14.480    604.5840 
4      0.000     31.300     45.000     11.000     10.000     27.310     15.000     23.670    442.4608 
4      2.500     30.490     47.500     10.690     32.500     15.300     37.500     13.670    566.4034 
4      2.500     30.490     47.500     10.690     12.500     25.880     17.500     22.350    474.3672 
4      5.000     29.040     50.000     10.450     15.000     23.670     20.000     20.510    485.9126 
4      5.000     29.040     50.000     10.450     35.000     14.480     40.000     12.870    500.8605 
4      7.500     28.000     52.500     10.210     17.500     22.350     22.500     19.350    531.7245 
4      7.500     28.000     52.500     10.210     37.500     13.670     42.500     12.080    442.7429 
4     10.000     27.310     55.000      9.970     20.000     20.510     25.000     18.200    559.2866 
4     10.000     27.310     55.000      9.970     40.000     12.870     45.000     11.000    433.3251 
4     12.500     25.880     57.500      9.760     22.500     19.350     27.500     17.030    487.8373 
4     12.500     25.880     57.500      9.760     42.500     12.080     47.500     10.690    430.8280 
4     15.000     23.670     60.000      9.560     45.000     11.000     50.000     10.450    466.5395 
4     15.000     23.670     60.000      9.560     25.000     18.200     30.000     16.110    542.7339 
4     17.500     22.350     62.500      9.350     27.500     17.030     32.500     15.300    535.4652 
4     17.500     22.350     62.500      9.350     47.500     10.690     52.500     10.210    485.5893 
4     20.000     20.510     65.000      9.150     30.000     16.110     35.000     14.480    533.2122 
4     20.000     20.510     65.000      9.150     50.000     10.450     55.000      9.970    464.9726 
4     22.500     19.350     67.500      8.950     52.500     10.210     57.500      9.760    446.4637 
4     22.500     19.350     67.500      8.950     32.500     15.300     37.500     13.670    537.3570 
4     25.000     18.200     70.000      8.750     55.000      9.970     60.000      9.560    410.5082 
4     25.000     18.200     70.000      8.750     35.000     14.480     40.000     12.870    496.2787 
4     27.500     17.030     72.500      8.550     37.500     13.670     42.500     12.080    486.0346 
4     27.500     17.030     72.500      8.550     57.500      9.760     62.500      9.350    410.7754 
4     30.000     16.110     75.000      8.350     40.000     12.870     45.000     11.000    489.3350 
4     30.000     16.110     75.000      8.350     60.000      9.560     65.000      9.150    402.1263 
4     32.500     15.300     77.500      8.140     62.500      9.350     67.500      8.950    376.3257 
4     32.500     15.300     77.500      8.140     42.500     12.080     47.500     10.690    520.1132 
4     35.000     14.480     80.000      7.940     65.000      9.150     70.000      8.750    359.7400 
4     35.000     14.480     80.000      7.940     45.000     11.000     50.000     10.450    539.1268 
4     37.500     13.670     82.500      7.770     67.500      8.950     72.500      8.550    359.0819 
4     37.500     13.670     82.500      7.770     47.500     10.690     52.500     10.210    578.0891 
4     40.000     12.870     85.000      7.600     50.000     10.450     55.000      9.970    517.3539 
4     40.000     12.870     85.000      7.600     70.000      8.750     75.000      8.350    390.9009 
4     42.500     12.080     87.500      7.430     52.500     10.210     57.500      9.760    464.1166 
4     42.500     12.080     87.500      7.430     72.500      8.550     77.500      8.140    410.8975 
4     45.000     11.000     90.000      7.260     75.000      8.350     80.000      7.940    383.6472 
4     45.000     11.000     90.000      7.260     55.000      9.970     60.000      9.560    433.5181 
4     47.500     10.690     92.500      7.100     77.500      8.140     82.500      7.770    326.8391 
4     47.500     10.690     92.500      7.100     57.500      9.760     62.500      9.350    420.3267 
4     50.000     10.450     95.000      6.930     60.000      9.560     65.000      9.150    459.5908 
4     50.000     10.450     95.000      6.930     80.000      7.940     85.000      7.600    323.2534 
4     52.500     10.210     97.500      7.130     62.500      9.350     67.500      8.950    448.4133 
4     52.500     10.210     97.500      7.130     82.500      7.770     87.500      7.430    364.5280 
4     55.000      9.970    100.000      7.350     65.000      9.150     70.000      8.750    323.8290 
4     55.000      9.970    100.000      7.350     85.000      7.600     90.000      7.260    360.8154 
4     57.500      9.760    102.500      7.570     67.500      8.950     72.500      8.550    413.8102 
4     57.500      9.760    102.500      7.570     87.500      7.430     92.500      7.100    315.6895 
4     60.000      9.560    105.000      7.790     70.000      8.750     75.000      8.350    432.4246 
4     60.000      9.560    105.000      7.790     90.000      7.260     95.000      6.930    302.3085 
4     62.500      9.350    107.500      7.980     72.500      8.550     77.500      8.140    456.0349 
4     62.500      9.350    107.500      7.980     92.500      7.100     97.500      7.130    320.0949 
4     65.000      9.150    110.000      7.890     75.000      8.350     80.000      7.940    403.7789 
4     67.500      8.950    112.500      7.800     97.500      7.130    102.500      7.570    284.0074 
4     67.500      8.950    112.500      7.800     77.500      8.140     82.500      7.770    338.3069 
4     70.000      8.750    115.000      7.710     80.000      7.940     85.000      7.600    337.2035 
4     70.000      8.750    115.000      7.710    100.000      7.350    105.000      7.790    277.8208 
4     72.500      8.550    117.500      7.610     82.500      7.770     87.500      7.430    387.3202 
4     72.500      8.550    117.500      7.610    102.500      7.570    107.500      7.980    281.3306 
4     75.000      8.350    120.000      7.520    105.000      7.790    110.000      7.890    294.7463 
4     75.000      8.350    120.000      7.520     85.000      7.600     90.000      7.260    397.6649 
4     77.500      8.140    122.500      7.230     87.500      7.430     92.500      7.100    366.8058 
4     77.500      8.140    122.500      7.230    107.500      7.980    112.500      7.800    274.2104 
4     80.000      7.940    125.000      6.910    110.000      7.890    115.000      7.710    272.9420 
4     80.000      7.940    125.000      6.910     90.000      7.260     95.000      6.930    359.8192 
4     82.500      7.770    127.500      6.590     92.500      7.100     97.500      7.130    373.5037 
4     82.500      7.770    127.500      6.590    112.500      7.800    117.500      7.610    269.1271 
4     85.000      7.600    130.000      6.270    115.000      7.710    120.000      7.520    284.3851 
4     85.000      7.600    130.000      6.270     95.000      6.930    100.000      7.350    354.8233 
4     87.500      7.430    132.500      5.810     97.500      7.130    102.500      7.570    342.2554 
4     87.500      7.430    132.500      5.810    117.500      7.610    122.500      7.230    316.6494 
4     90.000      7.260    135.000      4.630    120.000      7.520    125.000      6.910    313.4283 
4     90.000      7.260    135.000      4.630    100.000      7.350    105.000      7.790    344.9207 
4     92.500      7.100    137.500      3.450    102.500      7.570    107.500      7.980    314.0600 
4     92.500      7.100    137.500      3.450    122.500      7.230    127.500      6.590    299.0296 
4     95.000      6.930    140.000      2.260    125.000      6.910    130.000      6.270    286.0674 
4     95.000      6.930    140.000      2.260    105.000      7.790    110.000      7.890    300.7911 
4     97.500      7.130    142.500      1.080    127.500      6.590    132.500      5.810    266.0659 
4     97.500      7.130    142.500      1.080    107.500      7.980    112.500      7.800    280.6642 
4    100.000      7.350    145.000     -0.020    130.000      6.270    135.000      4.630    263.9515 
4    100.000      7.350    145.000     -0.020    110.000      7.890    115.000      7.710    247.9266 
4    102.500      7.570    147.500     -1.080    132.500      5.810    137.500      3.450    266.8807 
4    102.500      7.570    147.500     -1.080    112.500      7.800    117.500      7.610    248.2861 
4    105.000      7.790    150.000     -2.140    135.000      4.630    140.000      2.260    284.1262 
4    105.000      7.790    150.000     -2.140    115.000      7.710    120.000      7.520    232.5185 
4    107.500      7.980    152.500     -3.200    117.500      7.610    122.500      7.230    263.0510 
4    107.500      7.980    152.500     -3.200    137.500      3.450    142.500      1.080    285.6106 
4    110.000      7.890    155.000     -4.260    120.000      7.520    125.000      6.910    266.5327 
4    110.000      7.890    155.000     -4.260    140.000      2.260    145.000     -0.020    251.6508 
4    112.500      7.800    157.500     -4.920    142.500      1.080    147.500     -1.080    243.6399 
4    112.500      7.800    157.500     -4.920    122.500      7.230    127.500      6.590    243.6548 
4    115.000      7.710    160.000     -4.700    125.000      6.910    130.000      6.270    252.0153 
4    115.000      7.710    160.000     -4.700    145.000     -0.020    150.000     -2.140    245.6093 
4    117.500      7.610    162.500     -4.490    147.500     -1.080    152.500     -3.200    253.4518 
4    117.500      7.610    162.500     -4.490    127.500      6.590    132.500      5.810    253.1649 
4    120.000      7.520    165.000     -4.270    150.000     -2.140    155.000     -4.260    286.3099 
4    120.000      7.520    165.000     -4.270    130.000      6.270    135.000      4.630    271.9359 
4    122.500      7.230    167.500     -4.050    132.500      5.810    137.500      3.450    298.9356 
4    122.500      7.230    167.500     -4.050    152.500     -3.200    157.500     -4.920    269.2211 
4    125.000      6.910    170.000     -3.850    135.000      4.630    140.000      2.260    278.8730 
4    125.000      6.910    170.000     -3.850    155.000     -4.260    160.000     -4.700    240.5722 
4    127.500      6.590    172.500     -3.670    137.500      3.450    142.500      1.080    369.0835 
4    127.500      6.590    172.500     -3.670    157.500     -4.920    162.500     -4.490    238.7299 
4    130.000      6.270    175.000     -3.490    160.000     -4.700    165.000     -4.270    231.5750 
4    130.000      6.270    175.000     -3.490    140.000      2.260    145.000     -0.020    396.1755 
4    132.500      5.810    177.500     -3.310    142.500      1.080    147.500     -1.080    289.7636 
4    132.500      5.810    177.500     -3.310    162.500     -4.490    167.500     -4.050    242.1209 
4    135.000      4.630    180.000     -3.130    145.000     -0.020    150.000     -2.140    285.7343 
4    137.500      3.450    182.500     -2.820    167.500     -4.050    172.500     -3.670    266.2358 
4    137.500      3.450    182.500     -2.820    147.500     -1.080    152.500     -3.200    283.0508 
4    140.000      2.260    185.000     -2.200    170.000     -3.850    175.000     -3.490    299.6448 
4    140.000      2.260    185.000     -2.200    150.000     -2.140    155.000     -4.260    306.5885 
4    142.500      1.080    187.500     -1.580    152.500     -3.200    157.500     -4.920    284.3225 
4    142.500      1.080    187.500     -1.580    172.500     -3.670    177.500     -3.310    321.4836 
4    145.000     -0.020    190.000     -0.950    155.000     -4.260    160.000     -4.700    235.2036 
4    145.000     -0.020    190.000     -0.950    175.000     -3.490    180.000     -3.130    327.5417 
4    147.500     -1.080    192.500     -0.330    177.500     -3.310    182.500     -2.820    325.8593 
4    147.500     -1.080    192.500     -0.330    157.500     -4.920    162.500     -4.490    231.0687 
4    150.000     -2.140    195.000      0.000    180.000     -3.130    185.000     -2.200    367.9240 
4    150.000     -2.140    195.000      0.000    160.000     -4.700    165.000     -4.270    222.6653 
4    152.500     -3.200    197.500      0.000    182.500     -2.820    187.500     -1.580    465.7907 
4    152.500     -3.200    197.500      0.000    162.500     -4.490    167.500     -4.050    218.1544 
4    155.000     -4.260    200.000      0.000    185.000     -2.200    190.000     -0.950    596.5814 
4    155.000     -4.260    200.000      0.000    165.000     -4.270    170.000     -3.850    253.3463 
4      0.000     31.300     90.000      7.260     10.000     27.310     20.000     20.510    440.5777 
4      0.000     31.300     90.000      7.260     70.000      8.750     80.000      7.940    365.7774 
4      2.500     30.490     92.500      7.100     72.500      8.550     82.500      7.770    345.5747 
4      2.500     30.490     92.500      7.100     12.500     25.880     22.500     19.350    492.3033 
4      5.000     29.040     95.000      6.930     75.000      8.350     85.000      7.600    329.0810 
4      5.000     29.040     95.000      6.930     15.000     23.670     25.000     18.200    513.6489 
4      7.500     28.000     97.500      7.130     17.500     22.350     27.500     17.030    526.8181 
4      7.500     28.000     97.500      7.130     77.500      8.140     87.500      7.430    325.1159 
4     10.000     27.310    100.000      7.350     80.000      7.940     90.000      7.260    319.0737 
4     10.000     27.310    100.000      7.350     20.000     20.510     30.000     16.110    580.6998 
4     15.000     23.670    105.000      7.790     25.000     18.200     35.000     14.480    561.8632 
4     15.000     23.670    105.000      7.790     85.000      7.600     95.000      6.930    292.7158 
4     20.000     20.510    110.000      7.890     90.000      7.260    100.000      7.350    265.3097 
4     20.000     20.510    110.000      7.890     30.000     16.110     40.000     12.870    532.3557 
4     25.000     18.200    115.000      7.710     35.000     14.480     45.000     11.000    500.0345 
4     25.000     18.200    115.000      7.710     95.000      6.930    105.000      7.790    263.6402 
4     30.000     16.110    120.000      7.520    100.000      7.350    110.000      7.890    281.3981 
4     30.000     16.110    120.000      7.520     40.000     12.870     50.000     10.450    527.5764 
4     35.000     14.480    125.000      6.910     45.000     11.000     55.000      9.970    570.3430 
4     35.000     14.480    125.000      6.910    105.000      7.790    115.000      7.710    272.5701 
4     40.000     12.870    130.000      6.270     50.000     10.450     60.000      9.560    522.3944 
4     40.000     12.870    130.000      6.270    110.000      7.890    120.000      7.520    280.6265 
4     45.000     11.000    135.000      4.630    115.000      7.710    125.000      6.910    300.7321 
4     45.000     11.000    135.000      4.630     55.000      9.970     65.000      9.150    474.6485 
4     50.000     10.450    140.000      2.260     60.000      9.560     70.000      8.750    478.4970 
4     50.000     10.450    140.000      2.260    120.000      7.520    130.000      6.270    282.5483 
4     52.500     10.210    142.500      1.080    122.500      7.230    132.500      5.810    255.9636 
4     52.500     10.210    142.500      1.080     62.500      9.350     72.500      8.550    471.9731 
4     55.000      9.970    145.000     -0.020    125.000      6.910    135.000      4.630    251.5605 
4     55.000      9.970    145.000     -0.020     65.000      9.150     75.000      8.350    474.2117 
4     57.500      9.760    147.500     -1.080    127.500      6.590    137.500      3.450    249.6253 
4     57.500      9.760    147.500     -1.080     67.500      8.950     77.500      8.140    474.6752 
4     60.000      9.560    150.000     -2.140    130.000      6.270    140.000      2.260    259.2529 
4     60.000      9.560    150.000     -2.140     70.000      8.750     80.000      7.940    465.3557 
4     65.000      9.150    155.000     -4.260     75.000      8.350     85.000      7.600    417.3404 
4     65.000      9.150    155.000     -4.260    135.000      4.630    145.000     -0.020    237.3151 
4     70.000      8.750    160.000     -4.700    140.000      2.260    150.000     -2.140    240.7221 
4     70.000      8.750    160.000     -4.700     80.000      7.940     90.000      7.260    393.1520 
4     75.000      8.350    165.000     -4.270    145.000     -0.020    155.000     -4.260    267.8528 
4     75.000      8.350    165.000     -4.270     85.000      7.600     95.000      6.930    412.0832 
4     80.000      7.940    170.000     -3.850    150.000     -2.140    160.000     -4.700    257.6161 
4     80.000      7.940    170.000     -3.850     90.000      7.260    100.000      7.350    391.8477 
4     85.000      7.600    175.000     -3.490    155.000     -4.260    165.000     -4.270    240.0790 
4     85.000      7.600    175.000     -3.490     95.000      6.930    105.000      7.790    371.7578 
4     90.000      7.260    180.000     -3.130    160.000     -4.700    170.000     -3.850    255.5838 
4     90.000      7.260    180.000     -3.130    100.000      7.350    110.000      7.890    352.1763 
4     95.000      6.930    185.000     -2.200    165.000     -4.270    175.000     -3.490    297.4101 
4     95.000      6.930    185.000     -2.200    105.000      7.790    115.000      7.710    299.3526 
4    100.000      7.350    190.000     -0.950    170.000     -3.850    180.000     -3.130    284.0977 
4    100.000      7.350    190.000     -0.950    110.000      7.890    120.000      7.520    257.9304 
4    102.500      7.570    192.500     -0.330    112.500      7.800    122.500      7.230    312.6674 
4    102.500      7.570    192.500     -0.330    172.500     -3.670    182.500     -2.820    317.2634 
4    105.000      7.790    195.000      0.000    115.000      7.710    125.000      6.910    256.8433 
4    105.000      7.790    195.000      0.000    175.000     -3.490    185.000     -2.200    353.1979 
4    107.500      7.980    197.500      0.000    177.500     -3.310    187.500     -1.580    439.8278 
4    107.500      7.980    197.500      0.000    117.500      7.610    127.500      6.590    270.7150 
4    110.000      7.890    200.000      0.000    120.000      7.520    130.000      6.270    280.7393 
4    110.000      7.890    200.000      0.000    180.000     -3.130    190.000     -0.950    549.8370 
4      0.000     31.300     45.000     11.000     25.000     18.200     30.000     16.110    711.8588 
4      0.000     31.300     45.000     11.000     15.000     23.670     20.000     20.510    501.1100 
4      2.500     30.490     47.500     10.690     27.500     17.030     32.500     15.300    741.2857 
4      2.500     30.490     47.500     10.690     17.500     22.350     22.500     19.350    598.3872 
4      5.000     29.040     50.000     10.450     20.000     20.510     25.000     18.200    616.8275 
4      5.000     29.040     50.000     10.450     30.000     16.110     35.000     14.480    743.8277 
4      7.500     28.000     52.500     10.210     32.500     15.300     37.500     13.670    665.3247 
4      7.500     28.000     52.500     10.210     22.500     19.350     27.500     17.030    594.3453 
4     10.000     27.310     55.000      9.970     25.000     18.200     30.000     16.110    689.7349 
4     10.000     27.310     55.000      9.970     35.000     14.480     40.000     12.870    621.0983 
4     12.500     25.880     57.500      9.760     27.500     17.030     32.500     15.300    690.1038 
4     12.500     25.880     57.500      9.760     37.500     13.670     42.500     12.080    558.5231 
4     15.000     23.670     60.000      9.560     40.000     12.870     45.000     11.000    549.9438 
4     15.000     23.670     60.000      9.560     30.000     16.110     35.000     14.480    699.4397 
4     17.500     22.350     62.500      9.350     42.500     12.080     47.500     10.690    553.0379 
4     17.500     22.350     62.500      9.350     32.500     15.300     37.500     13.670    660.6769 
4     20.000     20.510     65.000      9.150     45.000     11.000     50.000     10.450    575.9347 
4     20.000     20.510     65.000      9.150     35.000     14.480     40.000     12.870    612.9175 
4     22.500     19.350     67.500      8.950     37.500     13.670     42.500     12.080    583.4854 
4     22.500     19.350     67.500      8.950     47.500     10.690     52.500     10.210    609.2419 
4     25.000     18.200     70.000      8.750     50.000     10.450     55.000      9.970    582.0178 
4     25.000     18.200     70.000      8.750     40.000     12.870     45.000     11.000    561.1540 
4     27.500     17.030     72.500      8.550     52.500     10.210     57.500      9.760    561.0570 
4     27.500     17.030     72.500      8.550     42.500     12.080     47.500     10.690    588.1977 
4     30.000     16.110     75.000      8.350     45.000     11.000     50.000     10.450    622.7543 
4     30.000     16.110     75.000      8.350     55.000      9.970     60.000      9.560    511.5500 
4     32.500     15.300     77.500      8.140     47.500     10.690     52.500     10.210    671.1385 
4     32.500     15.300     77.500      8.140     57.500      9.760     62.500      9.350    502.3649 
4     35.000     14.480     80.000      7.940     60.000      9.560     65.000      9.150    517.3530 
4     35.000     14.480     80.000      7.940     50.000     10.450     55.000      9.970    639.1938 
4     37.500     13.670     82.500      7.770     62.500      9.350     67.500      8.950    504.3199 
4     37.500     13.670     82.500      7.770     52.500     10.210     57.500      9.760    594.6604 
4     40.000     12.870     85.000      7.600     55.000      9.970     60.000      9.560    552.1573 
4     40.000     12.870     85.000      7.600     65.000      9.150     70.000      8.750    474.1606 
4     42.500     12.080     87.500      7.430     67.500      8.950     72.500      8.550    446.9445 
4     42.500     12.080     87.500      7.430     57.500      9.760     62.500      9.350    530.6096 
4     45.000     11.000     90.000      7.260     70.000      8.750     75.000      8.350    478.3156 
4     45.000     11.000     90.000      7.260     60.000      9.560     65.000      9.150    555.1409 
4     47.500     10.690     92.500      7.100     72.500      8.550     77.500      8.140    512.3174 
4     47.500     10.690     92.500      7.100     62.500      9.350     67.500      8.950    531.7379 
4     50.000     10.450     95.000      6.930     75.000      8.350     80.000      7.940    472.4129 
4     50.000     10.450     95.000      6.930     65.000      9.150     70.000      8.750    501.8452 
4     52.500     10.210     97.500      7.130     77.500      8.140     82.500      7.770    390.9910 
4     52.500     10.210     97.500      7.130     67.500      8.950     72.500      8.550    489.9538 
4     55.000      9.970    100.000      7.350     70.000      8.750     75.000      8.350    530.5908 
4     55.000      9.970    100.000      7.350     80.000      7.940     85.000      7.600    391.2495 
4     57.500      9.760    102.500      7.570     82.500      7.770     87.500      7.430    443.7455 
4     57.500      9.760    102.500      7.570     72.500      8.550     77.500      8.140    553.8619 
4     60.000      9.560    105.000      7.790     75.000      8.350     80.000      7.940    492.1538 
4     60.000      9.560    105.000      7.790     85.000      7.600     90.000      7.260    432.1503 
4     62.500      9.350    107.500      7.980     77.500      8.140     82.500      7.770    413.3088 
4     62.500      9.350    107.500      7.980     87.500      7.430     92.500      7.100    382.4359 
4     65.000      9.150    110.000      7.890     90.000      7.260     95.000      6.930    366.0422 
4     65.000      9.150    110.000      7.890     80.000      7.940     85.000      7.600    413.2200 
4     67.500      8.950    112.500      7.800     82.500      7.770     87.500      7.430    475.3616 
4     67.500      8.950    112.500      7.800     92.500      7.100     97.500      7.130    394.4701 
4     70.000      8.750    115.000      7.710     85.000      7.600     90.000      7.260    468.3091 
4     70.000      8.750    115.000      7.710     95.000      6.930    100.000      7.350    367.0924 
4     72.500      8.550    117.500      7.610     87.500      7.430     92.500      7.100    416.0232 
4     72.500      8.550    117.500      7.610     97.500      7.130    102.500      7.570    352.5459 
4     75.000      8.350    120.000      7.520     90.000      7.260     95.000      6.930    412.7029 
4     75.000      8.350    120.000      7.520    100.000      7.350    105.000      7.790    356.5474 
4     77.500      8.140    122.500      7.230     92.500      7.100     97.500      7.130    448.0782 
4     77.500      8.140    122.500      7.230    102.500      7.570    107.500      7.980    336.0202 
4     80.000      7.940    125.000      6.910     95.000      6.930    100.000      7.350    423.0971 
4     80.000      7.940    125.000      6.910    105.000      7.790    110.000      7.890    340.7380 
4     82.500      7.770    127.500      6.590     97.500      7.130    102.500      7.570    383.7043 
4     82.500      7.770    127.500      6.590    107.500      7.980    112.500      7.800    315.4473 
4     85.000      7.600    130.000      6.270    110.000      7.890    115.000      7.710    307.6167 
4     85.000      7.600    130.000      6.270    100.000      7.350    105.000      7.790    386.5075 
4     87.500      7.430    132.500      5.810    102.500      7.570    107.500      7.980    366.7451 
4     87.500      7.430    132.500      5.810    112.500      7.800    117.500      7.610    300.4754 
4     90.000      7.260    135.000      4.630    115.000      7.710    120.000      7.520    302.7966 
4     90.000      7.260    135.000      4.630    105.000      7.790    110.000      7.890    354.1993 
4     92.500      7.100    137.500      3.450    107.500      7.980    112.500      7.800    318.3125 
4     92.500      7.100    137.500      3.450    117.500      7.610    122.500      7.230    325.7850 
4     95.000      6.930    140.000      2.260    110.000      7.890    115.000      7.710    293.6519 
4     95.000      6.930    140.000      2.260    120.000      7.520    125.000      6.910    307.0754 
4     97.500      7.130    142.500      1.080    122.500      7.230    127.500      6.590    277.4870 
4     97.500      7.130    142.500      1.080    112.500      7.800    117.500      7.610    284.4317 
4    100.000      7.350    145.000     -0.020    125.000      6.910    130.000      6.270    268.4379 
4    100.000      7.350    145.000     -0.020    115.000      7.710    120.000      7.520    266.3041 
4    102.500      7.570    147.500     -1.080    117.500      7.610    122.500      7.230    295.9596 
4    102.500      7.570    147.500     -1.080    127.500      6.590    132.500      5.810    261.1598 
4    105.000      7.790    150.000     -2.140    120.000      7.520    125.000      6.910    285.8966 
4    105.000      7.790    150.000     -2.140    130.000      6.270    135.000      4.630    263.0316 
4    107.500      7.980    152.500     -3.200    132.500      5.810    137.500      3.450    270.0764 
4    107.500      7.980    152.500     -3.200    122.500      7.230    127.500      6.590    264.5376 
4    110.000      7.890    155.000     -4.260    125.000      6.910    130.000      6.270    266.0453 
4    110.000      7.890    155.000     -4.260    135.000      4.630    140.000      2.260    280.5514 
4    112.500      7.800    157.500     -4.920    127.500      6.590    132.500      5.810    263.2677 
4    112.500      7.800    157.500     -4.920    137.500      3.450    142.500      1.080    293.9238 
4    115.000      7.710    160.000     -4.700    130.000      6.270    135.000      4.630    272.6454 
4    115.000      7.710    160.000     -4.700    140.000      2.260    145.000     -0.020    279.5281 
4    117.500      7.610    162.500     -4.490    132.500      5.810    137.500      3.450    287.5661 
4    117.500      7.610    162.500     -4.490    142.500      1.080    147.500     -1.080    268.3795 
4    120.000      7.520    165.000     -4.270    135.000      4.630    140.000      2.260    316.4733 
4    120.000      7.520    165.000     -4.270    145.000     -0.020    150.000     -2.140    266.0276 
4    122.500      7.230    167.500     -4.050    147.500     -1.080    152.500     -3.200    272.6023 
4    122.500      7.230    167.500     -4.050    137.500      3.450    142.500      1.080    339.4886 
4    125.000      6.910    170.000     -3.850    150.000     -2.140    155.000     -4.260    298.8920 
4    125.000      6.910    170.000     -3.850    140.000      2.260    145.000     -0.020    322.5994 
4    127.500      6.590    172.500     -3.670    152.500     -3.200    157.500     -4.920    283.9793 
4    127.500      6.590    172.500     -3.670    142.500      1.080    147.500     -1.080    298.7601 
4    130.000      6.270    175.000     -3.490    145.000     -0.020    150.000     -2.140    292.4697 
4    130.000      6.270    175.000     -3.490    155.000     -4.260    160.000     -4.700    249.0072 
4    132.500      5.810    177.500     -3.310    147.500     -1.080    152.500     -3.200    288.4171 
4    132.500      5.810    177.500     -3.310    157.500     -4.920    162.500     -4.490    246.2183 
4    135.000      4.630    180.000     -3.130    160.000     -4.700    165.000     -4.270    232.7250 
4    135.000      4.630    180.000     -3.130    150.000     -2.140    155.000     -4.260    308.1122 
4    137.500      3.450    182.500     -2.820    152.500     -3.200    157.500     -4.920    284.4183 
4    137.500      3.450    182.500     -2.820    162.500     -4.490    167.500     -4.050    236.2146 
4    140.000      2.260    185.000     -2.200    165.000     -4.270    170.000     -3.850    249.7240 
4    140.000      2.260    185.000     -2.200    155.000     -4.260    160.000     -4.700    248.3292 
4    142.500      1.080    187.500     -1.580    167.500     -4.050    172.500     -3.670    261.4590 
4    142.500      1.080    187.500     -1.580    157.500     -4.920    162.500     -4.490    245.2946 
4    145.000     -0.020    190.000     -0.950    170.000     -3.850    175.000     -3.490    229.4368 
4    145.000     -0.020    190.000     -0.950    160.000     -4.700    165.000     -4.270    230.4854 
4    147.500     -1.080    192.500     -0.330    172.500     -3.670    177.500     -3.310    254.0597 
4    147.500     -1.080    192.500     -0.330    162.500     -4.490    167.500     -4.050    217.2148 
4    150.000     -2.140    195.000      0.000    175.000     -3.490    180.000     -3.130    264.4983 
4    150.000     -2.140    195.000      0.000    165.000     -4.270    170.000     -3.850    211.4274 
4    152.500     -3.200    197.500      0.000    167.500     -4.050    172.500     -3.670    220.3847 
4    152.500     -3.200    197.500      0.000    177.500     -3.310    182.500     -2.820    296.2827 
4    155.000     -4.260    200.000      0.000    180.000     -3.130    185.000     -2.200    343.9936 
4    155.000     -4.260    200.000      0.000    170.000     -3.850    175.000     -3.490    192.1195 
4      0.000     31.300    195.000      0.000     15.000     23.670     30.000     16.110    605.1234 
4      0.000     31.300    195.000      0.000    165.000     -4.270    180.000     -3.130    272.6650 
4      5.000     29.040    200.000      0.000    170.000     -3.850    185.000     -2.200    309.7885 
4      5.000     29.040    200.000      0.000     20.000     20.510     35.000     14.480    721.5331 
4      0.000     31.300    180.000     -3.130    150.000     -2.140    165.000     -4.270    268.0509 
4      0.000     31.300    180.000     -3.130     15.000     23.670     30.000     16.110    604.4962 
4      5.000     29.040    185.000     -2.200    155.000     -4.260    170.000     -3.850    273.6770 
4      5.000     29.040    185.000     -2.200     20.000     20.510     35.000     14.480    721.2389 
4     10.000     27.310    190.000     -0.950     25.000     18.200     40.000     12.870    715.1815 
4     10.000     27.310    190.000     -0.950    160.000     -4.700    175.000     -3.490    274.7045 
4     15.000     23.670    195.000      0.000     30.000     16.110     45.000     11.000    703.0776 
4     15.000     23.670    195.000      0.000    165.000     -4.270    180.000     -3.130    270.2910 
4     20.000     20.510    200.000      0.000     35.000     14.480     50.000     10.450    647.8942 
4     20.000     20.510    200.000      0.000    170.000     -3.850    185.000     -2.200    312.6876 
4      0.000     31.300    165.000     -4.270     15.000     23.670     30.000     16.110    606.0862 
4      0.000     31.300    165.000     -4.270    135.000      4.630    150.000     -2.140    245.7267 
4      5.000     29.040    170.000     -3.850     20.000     20.510     35.000     14.480    720.0901 
4      5.000     29.040    170.000     -3.850    140.000      2.260    155.000     -4.260    276.1044 
4     10.000     27.310    175.000     -3.490    145.000     -0.020    160.000     -4.700    274.2401 
4     10.000     27.310    175.000     -3.490     25.000     18.200     40.000     12.870    715.4691 
4     15.000     23.670    180.000     -3.130     30.000     16.110     45.000     11.000    703.1458 
4     15.000     23.670    180.000     -3.130    150.000     -2.140    165.000     -4.270    269.0918 
4     20.000     20.510    185.000     -2.200     35.000     14.480     50.000     10.450    647.7140 
4     20.000     20.510    185.000     -2.200    155.000     -4.260    170.000     -3.850    274.1572 
4     25.000     18.200    190.000     -0.950    160.000     -4.700    175.000     -3.490    275.4240 
4     25.000     18.200    190.000     -0.950     40.000     12.870     55.000      9.970    637.1351 
4     30.000     16.110    195.000      0.000     45.000     11.000     60.000      9.560    673.6975 
4     30.000     16.110    195.000      0.000    165.000     -4.270    180.000     -3.130    269.9732 
4     35.000     14.480    200.000      0.000     50.000     10.450     65.000      9.150    677.8723 
4     35.000     14.480    200.000      0.000    170.000     -3.850    185.000     -2.200    312.9434 
4      0.000     31.300    150.000     -2.140     15.000     23.670     30.000     16.110    606.5313 
4      0.000     31.300    150.000     -2.140    120.000      7.520    135.000      4.630    240.8918 
4      5.000     29.040    155.000     -4.260     20.000     20.510     35.000     14.480    722.5435 
4      5.000     29.040    155.000     -4.260    125.000      6.910    140.000      2.260    229.7539 
4     10.000     27.310    160.000     -4.700    130.000      6.270    145.000     -0.020    238.8286 
4     10.000     27.310    160.000     -4.700     25.000     18.200     40.000     12.870    714.3857 
4     15.000     23.670    165.000     -4.270    135.000      4.630    150.000     -2.140    247.2173 
4     15.000     23.670    165.000     -4.270     30.000     16.110     45.000     11.000    702.3326 
4     20.000     20.510    170.000     -3.850     35.000     14.480     50.000     10.450    648.3265 
4     20.000     20.510    170.000     -3.850    140.000      2.260    155.000     -4.260    278.2836 
4     25.000     18.200    175.000     -3.490    145.000     -0.020    160.000     -4.700    276.7321 
4     25.000     18.200    175.000     -3.490     40.000     12.870     55.000      9.970    636.9080 
4     30.000     16.110    180.000     -3.130     45.000     11.000     60.000      9.560    673.7000 
4     30.000     16.110    180.000     -3.130    150.000     -2.140    165.000     -4.270    271.1218 
4     35.000     14.480    185.000     -2.200     50.000     10.450     65.000      9.150    677.4525 
4     35.000     14.480    185.000     -2.200    155.000     -4.260    170.000     -3.850    275.4299 
4     40.000     12.870    190.000     -0.950     55.000      9.970     70.000      8.750    634.5751 
4     40.000     12.870    190.000     -0.950    160.000     -4.700    175.000     -3.490    277.5959 
4     45.000     11.000    195.000      0.000     60.000      9.560     75.000      8.350    624.0790 
4     45.000     11.000    195.000      0.000    165.000     -4.270    180.000     -3.130    271.6445 
4     50.000     10.450    200.000      0.000    170.000     -3.850    185.000     -2.200    310.5604 
4     50.000     10.450    200.000      0.000     65.000      9.150     80.000      7.940    605.1557 
4      0.000     31.300    135.000      4.630    105.000      7.790    120.000      7.520    308.5428 
4      0.000     31.300    135.000      4.630     15.000     23.670     30.000     16.110    607.2415 
4      5.000     29.040    140.000      2.260    110.000      7.890    125.000      6.910    291.0985 
4      5.000     29.040    140.000      2.260     20.000     20.510     35.000     14.480    722.5612 
4     10.000     27.310    145.000     -0.020    115.000      7.710    130.000      6.270    259.1656 
4     10.000     27.310    145.000     -0.020     25.000     18.200     40.000     12.870    752.2265 
4     15.000     23.670    150.000     -2.140     30.000     16.110     45.000     11.000    702.5654 
4     15.000     23.670    150.000     -2.140    120.000      7.520    135.000      4.630    242.8896 
4     20.000     20.510    155.000     -4.260    125.000      6.910    140.000      2.260    231.6514 
4     20.000     20.510    155.000     -4.260     35.000     14.480     50.000     10.450    645.8373 
4     25.000     18.200    160.000     -4.700     40.000     12.870     55.000      9.970    635.6837 
4     25.000     18.200    160.000     -4.700    130.000      6.270    145.000     -0.020    241.2189 
4     30.000     16.110    165.000     -4.270    135.000      4.630    150.000     -2.140    250.5262 
4     30.000     16.110    165.000     -4.270     45.000     11.000     60.000      9.560    672.0956 
4     35.000     14.480    170.000     -3.850    140.000      2.260    155.000     -4.260    281.7876 
4     35.000     14.480    170.000     -3.850     50.000     10.450     65.000      9.150    675.8574 
4     40.000     12.870    175.000     -3.490     55.000      9.970     70.000      8.750    633.5689 
4     40.000     12.870    175.000     -3.490    145.000     -0.020    160.000     -4.700    280.5901 
4     45.000     11.000    180.000     -3.130     60.000      9.560     75.000      8.350    623.4718 
4     45.000     11.000    180.000     -3.130    150.000     -2.140    165.000     -4.270    274.3367 
4     50.000     10.450    185.000     -2.200    155.000     -4.260    170.000     -3.850    278.1950 
4     50.000     10.450    185.000     -2.200     65.000      9.150     80.000      7.940    605.4197 
4     55.000      9.970    190.000     -0.950     70.000      8.750     85.000      7.600    601.8853 
4     55.000      9.970    190.000     -0.950    160.000     -4.700    175.000     -3.490    279.3889 
4     60.000      9.560    195.000      0.000    165.000     -4.270    180.000     -3.130    273.3375 
4     60.000      9.560    195.000      0.000     75.000      8.350     90.000      7.260    569.0933 
4     65.000      9.150    200.000      0.000     80.000      7.940     95.000      6.930    514.9496 
4     65.000      9.150    200.000      0.000    170.000     -3.850    185.000     -2.200    314.1191 
4      0.000     31.300     45.000     11.000     20.000     20.510     25.000     18.200    644.1301 
4      2.500     30.490     47.500     10.690     22.500     19.350     27.500     17.030    658.2862 
4      5.000     29.040     50.000     10.450     25.000     18.200     30.000     16.110    751.0354 
4      7.500     28.000     52.500     10.210     27.500     17.030     32.500     15.300    760.9911 
4     10.000     27.310     55.000      9.970     30.000     16.110     35.000     14.480    776.9819 
4     12.500     25.880     57.500      9.760     32.500     15.300     37.500     13.670    718.6174 
4     15.000     23.670     60.000      9.560     35.000     14.480     40.000     12.870    672.3920 
4     17.500     22.350     62.500      9.350     37.500     13.670     42.500     12.080    612.9938 
4     20.000     20.510     65.000      9.150     40.000     12.870     45.000     11.000    588.5145 
4     22.500     19.350     67.500      8.950     42.500     12.080     47.500     10.690    606.8363 
4     25.000     18.200     70.000      8.750     45.000     11.000     50.000     10.450    632.7827 
4     27.500     17.030     72.500      8.550     47.500     10.690     52.500     10.210    679.9695 
4     30.000     16.110     75.000      8.350     50.000     10.450     55.000      9.970    641.2462 
4     32.500     15.300     77.500      8.140     52.500     10.210     57.500      9.760    613.4023 
4     35.000     14.480     80.000      7.940     55.000      9.970     60.000      9.560    577.0697 
4     37.500     13.670     82.500      7.770     57.500      9.760     62.500      9.350    575.8885 
4     40.000     12.870     85.000      7.600     60.000      9.560     65.000      9.150    592.3724 
4     42.500     12.080     87.500      7.430     62.500      9.350     67.500      8.950    555.0535 
4     45.000     11.000     90.000      7.260     65.000      9.150     70.000      8.750    517.7722 
4     47.500     10.690     92.500      7.100     67.500      8.950     72.500      8.550    500.6882 
4     50.000     10.450     95.000      6.930     70.000      8.750     75.000      8.350    540.6901 
4     52.500     10.210     97.500      7.130     72.500      8.550     77.500      8.140    569.1121 
4     55.000      9.970    100.000      7.350     75.000      8.350     80.000      7.940    522.0919 
4     57.500      9.760    102.500      7.570     77.500      8.140     82.500      7.770    435.0540 
4     60.000      9.560    105.000      7.790     80.000      7.940     85.000      7.600    429.3866 
4     62.500      9.350    107.500      7.980     82.500      7.770     87.500      7.430    492.3944 
4     65.000      9.150    110.000      7.890     85.000      7.600     90.000      7.260    482.6177 
4     67.500      8.950    112.500      7.800     87.500      7.430     92.500      7.100    431.6234 
4     70.000      8.750    115.000      7.710     90.000      7.260     95.000      6.930    417.7093 
4     72.500      8.550    117.500      7.610     92.500      7.100     97.500      7.130    446.7188 
4     75.000      8.350    120.000      7.520     95.000      6.930    100.000      7.350    425.4785 
4     77.500      8.140    122.500      7.230     97.500      7.130    102.500      7.570    399.8619 
4     80.000      7.940    125.000      6.910    100.000      7.350    105.000      7.790    401.2725 
4     82.500      7.770    127.500      6.590    102.500      7.570    107.500      7.980    369.9822 
4     85.000      7.600    130.000      6.270    105.000      7.790    110.000      7.890    364.0634 
4     87.500      7.430    132.500      5.810    107.500      7.980    112.500      7.800    339.6659 
4     90.000      7.260    135.000      4.630    110.000      7.890    115.000      7.710    321.7870 
4     92.500      7.100    137.500      3.450    112.500      7.800    117.500      7.610    305.7992 
4     95.000      6.930    140.000      2.260    115.000      7.710    120.000      7.520    292.9469 
4     97.500      7.130    142.500      1.080    117.500      7.610    122.500      7.230    315.9626 
4    100.000      7.350    145.000     -0.020    120.000      7.520    125.000      6.910    299.6957 
4    102.500      7.570    147.500     -1.080    122.500      7.230    127.500      6.590    277.5003 
4    105.000      7.790    150.000     -2.140    125.000      6.910    130.000      6.270    270.8747 
4    107.500      7.980    152.500     -3.200    127.500      6.590    132.500      5.810    267.4453 
4    110.000      7.890    155.000     -4.260    130.000      6.270    135.000      4.630    268.4940 
4    112.500      7.800    157.500     -4.920    132.500      5.810    137.500      3.450    281.6516 
4    115.000      7.710    160.000     -4.700    135.000      4.630    140.000      2.260    305.2723 
4    117.500      7.610    162.500     -4.490    137.500      3.450    142.500      1.080    304.1866 
4    120.000      7.520    165.000     -4.270    140.000      2.260    145.000     -0.020    308.1306 
4    122.500      7.230    167.500     -4.050    142.500      1.080    147.500     -1.080    292.3924 
4    125.000      6.910    170.000     -3.850    145.000     -0.020    150.000     -2.140    300.9567 
4    127.500      6.590    172.500     -3.670    147.500     -1.080    152.500     -3.200    291.6246 
4    130.000      6.270    175.000     -3.490    150.000     -2.140    155.000     -4.260    316.3490 
4    132.500      5.810    177.500     -3.310    152.500     -3.200    157.500     -4.920    292.1216 
4    135.000      4.630    180.000     -3.130    155.000     -4.260    160.000     -4.700    251.8932 
4    137.500      3.450    182.500     -2.820    157.500     -4.920    162.500     -4.490    248.5638 
4    140.000      2.260    185.000     -2.200    160.000     -4.700    165.000     -4.270    239.5251 
4    142.500      1.080    187.500     -1.580    162.500     -4.490    167.500     -4.050    235.8598 
4    145.000     -0.020    190.000     -0.950    165.000     -4.270    170.000     -3.850    272.7697 
4    147.500     -1.080    192.500     -0.330    167.500     -4.050    172.500     -3.670    227.8296 
4    150.000     -2.140    195.000      0.000    170.000     -3.850    175.000     -3.490    235.7313 
4    152.500     -3.200    197.500      0.000    172.500     -3.670    177.500     -3.310    243.1213 
4    155.000     -4.260    200.000      0.000    175.000     -3.490    180.000     -3.130    259.8729 
4      0.000     31.300     90.000      7.260     20.000     20.510     30.000     16.110    740.8653 
4      0.000     31.300     90.000      7.260     60.000      9.560     70.000      8.750    526.6066 
4      2.500     30.490     92.500      7.100     62.500      9.350     72.500      8.550    500.0721 
4      2.500     30.490     92.500      7.100     22.500     19.350     32.500     15.300    759.3246 
4      5.000     29.040     95.000      6.930     25.000     18.200     35.000     14.480    843.6816 
4      5.000     29.040     95.000      6.930     65.000      9.150     75.000      8.350    497.4761 
4      7.500     28.000     97.500      7.130     67.500      8.950     77.500      8.140    499.9798 
4      7.500     28.000     97.500      7.130     27.500     17.030     37.500     13.670    831.9053 
4     10.000     27.310    100.000      7.350     70.000      8.750     80.000      7.940    491.7792 
4     10.000     27.310    100.000      7.350     30.000     16.110     40.000     12.870    833.7592 
4     15.000     23.670    105.000      7.790     35.000     14.480     45.000     11.000    725.9982 
4     15.000     23.670    105.000      7.790     75.000      8.350     85.000      7.600    424.0443 
4     20.000     20.510    110.000      7.890     80.000      7.940     90.000      7.260    406.5910 
4     20.000     20.510    110.000      7.890     40.000     12.870     50.000     10.450    681.5222 
4     25.000     18.200    115.000      7.710     85.000      7.600     95.000      6.930    406.6702 
4     25.000     18.200    115.000      7.710     45.000     11.000     55.000      9.970    705.5068 
4     30.000     16.110    120.000      7.520     90.000      7.260    100.000      7.350    395.6130 
4     30.000     16.110    120.000      7.520     50.000     10.450     60.000      9.560    703.4484 
4     35.000     14.480    125.000      6.910     95.000      6.930    105.000      7.790    387.0827 
4     35.000     14.480    125.000      6.910     55.000      9.970     65.000      9.150    706.0742 
4     40.000     12.870    130.000      6.270    100.000      7.350    110.000      7.890    375.5175 
4     40.000     12.870    130.000      6.270     60.000      9.560     70.000      8.750    693.7405 
4     45.000     11.000    135.000      4.630    105.000      7.790    115.000      7.710    353.0635 
4     45.000     11.000    135.000      4.630     65.000      9.150     75.000      8.350    657.9598 
4     50.000     10.450    140.000      2.260     70.000      8.750     80.000      7.940    669.3138 
4     50.000     10.450    140.000      2.260    110.000      7.890    120.000      7.520    318.5792 
4     52.500     10.210    142.500      1.080    112.500      7.800    122.500      7.230    313.0242 
4     52.500     10.210    142.500      1.080     72.500      8.550     82.500      7.770    648.7234 
4     55.000      9.970    145.000     -0.020    115.000      7.710    125.000      6.910    300.5097 
4     55.000      9.970    145.000     -0.020     75.000      8.350     85.000      7.600    619.6721 
4     57.500      9.760    147.500     -1.080     77.500      8.140     87.500      7.430    599.6293 
4     57.500      9.760    147.500     -1.080    117.500      7.610    127.500      6.590    292.4336 
4     60.000      9.560    150.000     -2.140    120.000      7.520    130.000      6.270    277.8844 
4     60.000      9.560    150.000     -2.140     80.000      7.940     90.000      7.260    600.4409 
4     65.000      9.150    155.000     -4.260    125.000      6.910    135.000      4.630    255.5099 
4     65.000      9.150    155.000     -4.260     85.000      7.600     95.000      6.930    602.6971 
4     70.000      8.750    160.000     -4.700    130.000      6.270    140.000      2.260    275.7314 
4     70.000      8.750    160.000     -4.700     90.000      7.260    100.000      7.350    548.9551 
4     75.000      8.350    165.000     -4.270     95.000      6.930    105.000      7.790    530.7432 
4     75.000      8.350    165.000     -4.270    135.000      4.630    145.000     -0.020    296.6344 
4     80.000      7.940    170.000     -3.850    100.000      7.350    110.000      7.890    486.5542 
4     80.000      7.940    170.000     -3.850    140.000      2.260    150.000     -2.140    312.4420 
4     85.000      7.600    175.000     -3.490    105.000      7.790    115.000      7.710    407.0760 
4     85.000      7.600    175.000     -3.490    145.000     -0.020    155.000     -4.260    335.9236 
4     90.000      7.260    180.000     -3.130    150.000     -2.140    160.000     -4.700    329.8527 
4     90.000      7.260    180.000     -3.130    110.000      7.890    120.000      7.520    357.7707 
4     95.000      6.930    185.000     -2.200    155.000     -4.260    165.000     -4.270    296.9191 
4     95.000      6.930    185.000     -2.200    115.000      7.710    125.000      6.910    348.0396 
4    100.000      7.350    190.000     -0.950    120.000      7.520    130.000      6.270    353.2581 
4    102.500      7.570    192.500     -0.330    122.500      7.230    132.500      5.810    341.4159 
4    102.500      7.570    192.500     -0.330    162.500     -4.490    172.500     -3.670    270.7864 
4    105.000      7.790    195.000      0.000    165.000     -4.270    175.000     -3.490    269.5444 
4    105.000      7.790    195.000      0.000    125.000      6.910    135.000      4.630    344.4639 
4    107.500      7.980    197.500      0.000    167.500     -4.050    177.500     -3.310    285.6901 
4    107.500      7.980    197.500      0.000    127.500      6.590    137.500      3.450    355.6002 
4    110.000      7.890    200.000      0.000    130.000      6.270    140.000      2.260    390.2395 
4    110.000      7.890    200.000      0.000    170.000     -3.850    180.000     -3.130    247.6933 
4      0.000     31.300    195.000      0.000     30.000     16.110     45.000     11.000   1008.6303 
4      5.000     29.040    200.000      0.000    155.000     -4.260    170.000     -3.850    406.5794 
4      5.000     29.040    200.000      0.000     35.000     14.480     50.000     10.450    959.1302 
4      0.000     31.300    180.000     -3.130    135.000      4.630    150.000     -2.140    359.8462 
4      0.000     31.300    180.000     -3.130     30.000     16.110     45.000     11.000   1003.9120 
4      5.000     29.040    185.000     -2.200     35.000     14.480     50.000     10.450    955.1441 
4      5.000     29.040    185.000     -2.200    140.000      2.260    155.000     -4.260    401.5208 
4     10.000     27.310    190.000     -0.950     40.000     12.870     55.000      9.970   1013.0464 
4     10.000     27.310    190.000     -0.950    145.000     -0.020    160.000     -4.700    387.7970 
4     15.000     23.670    195.000      0.000     45.000     11.000     60.000      9.560    865.4172 
4     20.000     20.510    200.000      0.000     50.000     10.450     65.000      9.150    805.5959 
4     20.000     20.510    200.000      0.000    155.000     -4.260    170.000     -3.850    399.5964 
4      0.000     31.300    165.000     -4.270     30.000     16.110     45.000     11.000   1000.6974 
4      0.000     31.300    165.000     -4.270    120.000      7.520    135.000      4.630    288.3116 
4      5.000     29.040    170.000     -3.850    125.000      6.910    140.000      2.260    309.1963 
4      5.000     29.040    170.000     -3.850     35.000     14.480     50.000     10.450    947.5225 
4     10.000     27.310    175.000     -3.490     40.000     12.870     55.000      9.970   1006.1261 
4     15.000     23.670    180.000     -3.130     45.000     11.000     60.000      9.560    862.0992 
4     15.000     23.670    180.000     -3.130    135.000      4.630    150.000     -2.140    362.4406 
4     20.000     20.510    185.000     -2.200    140.000      2.260    155.000     -4.260    403.8134 
4     20.000     20.510    185.000     -2.200     50.000     10.450     65.000      9.150    802.9423 
4     25.000     18.200    190.000     -0.950    145.000     -0.020    160.000     -4.700    390.6666 
4     25.000     18.200    190.000     -0.950     55.000      9.970     70.000      8.750    785.7272 
4     30.000     16.110    195.000      0.000     60.000      9.560     75.000      8.350    825.8420 
4     35.000     14.480    200.000      0.000     65.000      9.150     80.000      7.940    834.0632 
4     35.000     14.480    200.000      0.000    155.000     -4.260    170.000     -3.850    407.2298 
4      0.000     31.300     90.000      7.260     50.000     10.450     60.000      9.560    709.2657 
4      0.000     31.300     90.000      7.260     30.000     16.110     40.000     12.870    960.4710 
4      2.500     30.490     92.500      7.100     32.500     15.300     42.500     12.080    910.1858 
4      2.500     30.490     92.500      7.100     52.500     10.210     62.500      9.350    697.4066 
4      5.000     29.040     95.000      6.930     35.000     14.480     45.000     11.000    866.2609 
4      5.000     29.040     95.000      6.930     55.000      9.970     65.000      9.150    673.9793 
4      7.500     28.000     97.500      7.130     37.500     13.670     47.500     10.690    816.9775 
4      7.500     28.000     97.500      7.130     57.500      9.760     67.500      8.950    635.2192 
4     10.000     27.310    100.000      7.350     40.000     12.870     50.000     10.450    811.9958 
4     10.000     27.310    100.000      7.350     60.000      9.560     70.000      8.750    621.3998 
4     15.000     23.670    105.000      7.790     45.000     11.000     55.000      9.970    803.2657 
4     15.000     23.670    105.000      7.790     65.000      9.150     75.000      8.350    513.8928 
4     20.000     20.510    110.000      7.890     50.000     10.450     60.000      9.560    739.1019 
4     20.000     20.510    110.000      7.890     70.000      8.750     80.000      7.940    564.2264 
4     25.000     18.200    115.000      7.710     55.000      9.970     65.000      9.150    722.7458 
4     25.000     18.200    115.000      7.710     75.000      8.350     85.000      7.600    533.0455 
4     30.000     16.110    120.000      7.520     80.000      7.940     90.000      7.260    544.9407 
4     30.000     16.110    120.000      7.520     60.000      9.560     70.000      8.750    737.3623 
4     35.000     14.480    125.000      6.910     65.000      9.150     75.000      8.350    740.9760 
4     35.000     14.480    125.000      6.910     85.000      7.600     95.000      6.930    555.7926 
4     40.000     12.870    130.000      6.270     70.000      8.750     80.000      7.940    755.4956 
4     40.000     12.870    130.000      6.270     90.000      7.260    100.000      7.350    520.7712 
4     45.000     11.000    135.000      4.630     75.000      8.350     85.000      7.600    684.8744 
4     45.000     11.000    135.000      4.630     95.000      6.930    105.000      7.790    505.1078 
4     50.000     10.450    140.000      2.260     80.000      7.940     90.000      7.260    678.9987 
4     50.000     10.450    140.000      2.260    100.000      7.350    110.000      7.890    462.9952 
4     52.500     10.210    142.500      1.080     82.500      7.770     92.500      7.100    695.3440 
4     52.500     10.210    142.500      1.080    102.500      7.570    112.500      7.800    421.6737 
4     55.000      9.970    145.000     -0.020     85.000      7.600     95.000      6.930    695.1824 
4     55.000      9.970    145.000     -0.020    105.000      7.790    115.000      7.710    401.8989 
4     57.500      9.760    147.500     -1.080     87.500      7.430     97.500      7.130    666.5795 
4     57.500      9.760    147.500     -1.080    107.500      7.980    117.500      7.610    374.9947 
4     60.000      9.560    150.000     -2.140    110.000      7.890    120.000      7.520    357.3704 
4     60.000      9.560    150.000     -2.140     90.000      7.260    100.000      7.350    633.3505 
4     65.000      9.150    155.000     -4.260     95.000      6.930    105.000      7.790    601.7371 
4     65.000      9.150    155.000     -4.260    115.000      7.710    125.000      6.910    337.9472 
4     70.000      8.750    160.000     -4.700    100.000      7.350    110.000      7.890    540.0021 
4     70.000      8.750    160.000     -4.700    120.000      7.520    130.000      6.270    329.7202 
4     75.000      8.350    165.000     -4.270    105.000      7.790    115.000      7.710    467.6408 
4     75.000      8.350    165.000     -4.270    125.000      6.910    135.000      4.630    327.1491 
4     80.000      7.940    170.000     -3.850    110.000      7.890    120.000      7.520    412.9588 
4     85.000      7.600    175.000     -3.490    115.000      7.710    125.000      6.910    400.2708 
4     85.000      7.600    175.000     -3.490    135.000      4.630    145.000     -0.020    378.3461 
4     90.000      7.260    180.000     -3.130    120.000      7.520    130.000      6.270    408.5771 
4     90.000      7.260    180.000     -3.130    140.000      2.260    150.000     -2.140    407.7315 
4     95.000      6.930    185.000     -2.200    145.000     -0.020    155.000     -4.260    437.9263 
4     95.000      6.930    185.000     -2.200    125.000      6.910    135.000      4.630    403.0784 
4    100.000      7.350    190.000     -0.950    130.000      6.270    140.000      2.260    436.6036 
4    100.000      7.350    190.000     -0.950    150.000     -2.140    160.000     -4.700    409.9396 
4    102.500      7.570    192.500     -0.330    132.500      5.810    142.500      1.080    462.6645 
4    102.500      7.570    192.500     -0.330    152.500     -3.200    162.500     -4.490    375.1396 
4    105.000      7.790    195.000      0.000    155.000     -4.260    165.000     -4.270    276.3070 
4    105.000      7.790    195.000      0.000    135.000      4.630    145.000     -0.020    472.7835 
4    107.500      7.980    197.500      0.000    137.500      3.450    147.500     -1.080    443.4735 
4    107.500      7.980    197.500      0.000    157.500     -4.920    167.500     -4.050    326.4511 
4    110.000      7.890    200.000      0.000    140.000      2.260    150.000     -2.140    439.8835 
4    110.000      7.890    200.000      0.000    160.000     -4.700    170.000     -3.850    393.3601 
4      0.000     31.300    150.000     -2.140     30.000     16.110     45.000     11.000   1005.0165 
4      0.000     31.300    150.000     -2.140    105.000      7.790    120.000      7.520    334.8822 
4      5.000     29.040    155.000     -4.260     35.000     14.480     50.000     10.450    927.0691 
4      5.000     29.040    155.000     -4.260    110.000      7.890    125.000      6.910    304.4592 
4     10.000     27.310    160.000     -4.700    115.000      7.710    130.000      6.270    290.5389 
4     10.000     27.310    160.000     -4.700     40.000     12.870     55.000      9.970    996.1854 
4     15.000     23.670    165.000     -4.270     45.000     11.000     60.000      9.560    854.4183 
4     15.000     23.670    165.000     -4.270    120.000      7.520    135.000      4.630    292.3127 
4     20.000     20.510    170.000     -3.850     50.000     10.450     65.000      9.150    794.9604 
4     20.000     20.510    170.000     -3.850    125.000      6.910    140.000      2.260    312.6360 
4     25.000     18.200    175.000     -3.490     55.000      9.970     70.000      8.750    779.8368 
4     30.000     16.110    180.000     -3.130    135.000      4.630    150.000     -2.140    371.3129 
4     30.000     16.110    180.000     -3.130     60.000      9.560     75.000      8.350    819.0327 
4     35.000     14.480    185.000     -2.200    140.000      2.260    155.000     -4.260    411.7678 
4     35.000     14.480    185.000     -2.200     65.000      9.150     80.000      7.940    827.8586 
4     40.000     12.870    190.000     -0.950     70.000      8.750     85.000      7.600    771.1845 
4     40.000     12.870    190.000     -0.950    145.000     -0.020    160.000     -4.700    399.9375 
4     45.000     11.000    195.000      0.000     75.000      8.350     90.000      7.260    770.5613 
4     45.000     11.000    195.000      0.000    150.000     -2.140    165.000     -4.270    323.7359 
4     50.000     10.450    200.000      0.000    155.000     -4.260    170.000     -3.850    419.0425 
4     50.000     10.450    200.000      0.000     80.000      7.940     95.000      6.930    740.8503 
4      0.000     31.300    135.000      4.630     30.000     16.110     45.000     11.000    995.9797 
4      0.000     31.300    135.000      4.630     90.000      7.260    105.000      7.790    461.1618 
4      5.000     29.040    140.000      2.260     95.000      6.930    110.000      7.890    432.7830 
4      5.000     29.040    140.000      2.260     35.000     14.480     50.000     10.450    928.7956 
4     10.000     27.310    145.000     -0.020     40.000     12.870     55.000      9.970    890.6019 
4     10.000     27.310    145.000     -0.020    100.000      7.350    115.000      7.710    380.9793 
4     15.000     23.670    150.000     -2.140    105.000      7.790    120.000      7.520    341.0247 
4     15.000     23.670    150.000     -2.140     45.000     11.000     60.000      9.560    845.8522 
4     20.000     20.510    155.000     -4.260    110.000      7.890    125.000      6.910    308.3421 
4     20.000     20.510    155.000     -4.260     50.000     10.450     65.000      9.150    796.0850 
4     25.000     18.200    160.000     -4.700    115.000      7.710    130.000      6.270    296.0482 
4     25.000     18.200    160.000     -4.700     55.000      9.970     70.000      8.750    769.7220 
4     30.000     16.110    165.000     -4.270     60.000      9.560     75.000      8.350    807.3467 
4     30.000     16.110    165.000     -4.270    120.000      7.520    135.000      4.630    302.1853 
4     35.000     14.480    170.000     -3.850    125.000      6.910    140.000      2.260    325.9674 
4     35.000     14.480    170.000     -3.850     65.000      9.150     80.000      7.940    816.7578 
4     40.000     12.870    175.000     -3.490     70.000      8.750     85.000      7.600    755.0562 
4     40.000     12.870    175.000     -3.490    130.000      6.270    145.000     -0.020    355.0795 
4     45.000     11.000    180.000     -3.130    135.000      4.630    150.000     -2.140    382.1862 
4     45.000     11.000    180.000     -3.130     75.000      8.350     90.000      7.260    762.5920 
4     50.000     10.450    185.000     -2.200     80.000      7.940     95.000      6.930    733.6660 
4     50.000     10.450    185.000     -2.200    140.000      2.260    155.000     -4.260    421.6703 
4     55.000      9.970    190.000     -0.950     85.000      7.600    100.000      7.350    755.1354 
4     55.000      9.970    190.000     -0.950    145.000     -0.020    160.000     -4.700    408.2186 
4     60.000      9.560    195.000      0.000    150.000     -2.140    165.000     -4.270    332.8768 
4     60.000      9.560    195.000      0.000     90.000      7.260    105.000      7.790    692.8647 
4     65.000      9.150    200.000      0.000    155.000     -4.260    170.000     -3.850    419.2190 
4     65.000      9.150    200.000      0.000     95.000      6.930    110.000      7.890    667.9069 
4      0.000     31.300     90.000      7.260     40.000     12.870     50.000     10.450    834.4698 
4      2.500     30.490     92.500      7.100     42.500     12.080     52.500     10.210    852.3392 
4      5.000     29.040     95.000      6.930     45.000     11.000     55.000      9.970    839.5466 
4      7.500     28.000     97.500      7.130     47.500     10.690     57.500      9.760    828.5009 
4     10.000     27.310    100.000      7.350     50.000     10.450     60.000      9.560    777.7264 
4     15.000     23.670    105.000      7.790     55.000      9.970     65.000      9.150    789.8655 
4     20.000     20.510    110.000      7.890     60.000      9.560     70.000      8.750    691.0121 
4     25.000     18.200    115.000      7.710     65.000      9.150     75.000      8.350    661.5314 
4     30.000     16.110    120.000      7.520     70.000      8.750     80.000      7.940    700.9396 
4     35.000     14.480    125.000      6.910     75.000      8.350     85.000      7.600    657.5416 
4     40.000     12.870    130.000      6.270     80.000      7.940     90.000      7.260    660.7147 
4     45.000     11.000    135.000      4.630     85.000      7.600     95.000      6.930    660.3628 
4     50.000     10.450    140.000      2.260     90.000      7.260    100.000      7.350    611.9471 
4     52.500     10.210    142.500      1.080     92.500      7.100    102.500      7.570    604.9878 
4     55.000      9.970    145.000     -0.020     95.000      6.930    105.000      7.790    586.3519 
4     57.500      9.760    147.500     -1.080     97.500      7.130    107.500      7.980    536.1210 
4     60.000      9.560    150.000     -2.140    100.000      7.350    110.000      7.890    526.9048 
4     65.000      9.150    155.000     -4.260    105.000      7.790    115.000      7.710    455.5555 
4     70.000      8.750    160.000     -4.700    110.000      7.890    120.000      7.520    396.0820 
4     75.000      8.350    165.000     -4.270    115.000      7.710    125.000      6.910    392.0557 
4     85.000      7.600    175.000     -3.490    125.000      6.910    135.000      4.630    409.3690 
4     90.000      7.260    180.000     -3.130    130.000      6.270    140.000      2.260    432.2844 
4     95.000      6.930    185.000     -2.200    135.000      4.630    145.000     -0.020    472.7789 
4    100.000      7.350    190.000     -0.950    140.000      2.260    150.000     -2.140    476.8781 
4    102.500      7.570    192.500     -0.330    142.500      1.080    152.500     -3.200    467.0976 
4    105.000      7.790    195.000      0.000    145.000     -0.020    155.000     -4.260    556.3792 
4    107.500      7.980    197.500      0.000    147.500     -1.080    157.500     -4.920    500.8905 
4    110.000      7.890    200.000      0.000    150.000     -2.140    160.000     -4.700    468.2896 
4      0.000     31.300    195.000      0.000     45.000     11.000     60.000      9.560   1017.3771 
4      5.000     29.040    200.000      0.000    140.000      2.260    155.000     -4.260    473.6626 
4      0.000     31.300    180.000     -3.130    120.000      7.520    135.000      4.630    387.8059 
4      0.000     31.300    180.000     -3.130     45.000     11.000     60.000      9.560    992.8944 
4      5.000     29.040    185.000     -2.200    125.000      6.910    140.000      2.260    416.7911 
4     10.000     27.310    190.000     -0.950     55.000      9.970     70.000      8.750    868.6341 
4     10.000     27.310    190.000     -0.950    130.000      6.270    145.000     -0.020    448.3831 
4     15.000     23.670    195.000      0.000     60.000      9.560     75.000      8.350    883.2111 
4     20.000     20.510    200.000      0.000     65.000      9.150     80.000      7.940    872.2228 
4     20.000     20.510    200.000      0.000    140.000      2.260    155.000     -4.260    476.1411 
4      0.000     31.300    165.000     -4.270    105.000      7.790    120.000      7.520    392.9850 
4      0.000     31.300    165.000     -4.270     45.000     11.000     60.000      9.560    982.1972 
4      5.000     29.040    170.000     -3.850    110.000      7.890    125.000      6.910    380.1076 
4     10.000     27.310    175.000     -3.490     55.000      9.970     70.000      8.750    830.1673 
4     15.000     23.670    180.000     -3.130    120.000      7.520    135.000      4.630    390.7022 
4     15.000     23.670    180.000     -3.130     60.000      9.560     75.000      8.350    870.9230 
4     20.000     20.510    185.000     -2.200     65.000      9.150     80.000      7.940    860.2931 
4     20.000     20.510    185.000     -2.200    125.000      6.910    140.000      2.260    418.9056 
4     25.000     18.200    190.000     -0.950    130.000      6.270    145.000     -0.020    452.6667 
4     25.000     18.200    190.000     -0.950     70.000      8.750     85.000      7.600    819.0149 
4     30.000     16.110    195.000      0.000     75.000      8.350     90.000      7.260    831.7200 
4     35.000     14.480    200.000      0.000    140.000      2.260    155.000     -4.260    491.2905 
4     35.000     14.480    200.000      0.000     80.000      7.940     95.000      6.930    818.3983 
4      0.000     31.300    135.000      4.630     45.000     11.000     60.000      9.560    937.8920 
4      0.000     31.300    135.000      4.630     75.000      8.350     90.000      7.260    652.4706 
4      5.000     29.040    140.000      2.260     50.000     10.450     65.000      9.150    921.0243 
4      5.000     29.040    140.000      2.260     80.000      7.940     95.000      6.930    610.6206 
4     10.000     27.310    145.000     -0.020     55.000      9.970     70.000      8.750    845.9358 
4     10.000     27.310    145.000     -0.020     85.000      7.600    100.000      7.350    597.3406 
4     15.000     23.670    150.000     -2.140     60.000      9.560     75.000      8.350    822.3065 
4     15.000     23.670    150.000     -2.140     90.000      7.260    105.000      7.790    539.2820 
4     20.000     20.510    155.000     -4.260     95.000      6.930    110.000      7.890    494.8937 
4     20.000     20.510    155.000     -4.260     65.000      9.150     80.000      7.940    803.7303 
4     25.000     18.200    160.000     -4.700     70.000      8.750     85.000      7.600    767.6619 
4     25.000     18.200    160.000     -4.700    100.000      7.350    115.000      7.710    448.9423 
4     30.000     16.110    165.000     -4.270    105.000      7.790    120.000      7.520    415.1028 
4     30.000     16.110    165.000     -4.270     75.000      8.350     90.000      7.260    779.1575 
4     35.000     14.480    170.000     -3.850    110.000      7.890    125.000      6.910    406.0219 
4     35.000     14.480    170.000     -3.850     80.000      7.940     95.000      6.930    765.9565 
4     40.000     12.870    175.000     -3.490    115.000      7.710    130.000      6.270    400.3226 
4     40.000     12.870    175.000     -3.490     85.000      7.600    100.000      7.350    778.7277 
4     45.000     11.000    180.000     -3.130     90.000      7.260    105.000      7.790    720.0172 
4     45.000     11.000    180.000     -3.130    120.000      7.520    135.000      4.630    412.7043 
4     50.000     10.450    185.000     -2.200    125.000      6.910    140.000      2.260    445.1390 
4     50.000     10.450    185.000     -2.200     95.000      6.930    110.000      7.890    689.0051 
4     55.000      9.970    190.000     -0.950    130.000      6.270    145.000     -0.020    481.7438 
4     55.000      9.970    190.000     -0.950    100.000      7.350    115.000      7.710    621.6241 
4     60.000      9.560    195.000      0.000    105.000      7.790    120.000      7.520    546.1511 
4     60.000      9.560    195.000      0.000    135.000      4.630    150.000     -2.140    580.6143 
4     65.000      9.150    200.000      0.000    110.000      7.890    125.000      6.910    526.1514 
4     65.000      9.150    200.000      0.000    140.000      2.260    155.000     -4.260    510.4503 
4      0.000     31.300    150.000     -2.140     45.000     11.000     60.000      9.560    962.9836 
4      0.000     31.300    150.000     -2.140     90.000      7.260    105.000      7.790    524.6191 
4      5.000     29.040    155.000     -4.260     95.000      6.930    110.000      7.890    486.5427 
4     10.000     27.310    160.000     -4.700    100.000      7.350    115.000      7.710    448.2482 
4     10.000     27.310    160.000     -4.700     55.000      9.970     70.000      8.750    767.4620 
4     15.000     23.670    165.000     -4.270     60.000      9.560     75.000      8.350    846.4666 
4     15.000     23.670    165.000     -4.270    105.000      7.790    120.000      7.520    398.2614 
4     20.000     20.510    170.000     -3.850     65.000      9.150     80.000      7.940    837.4476 
4     20.000     20.510    170.000     -3.850    110.000      7.890    125.000      6.910    383.2582 
4     25.000     18.200    175.000     -3.490     70.000      8.750     85.000      7.600    799.8762 
4     30.000     16.110    180.000     -3.130    120.000      7.520    135.000      4.630    397.6914 
4     30.000     16.110    180.000     -3.130     75.000      8.350     90.000      7.260    813.9901 
4     35.000     14.480    185.000     -2.200    125.000      6.910    140.000      2.260    434.8389 
4     35.000     14.480    185.000     -2.200     80.000      7.940     95.000      6.930    801.4173 
4     40.000     12.870    190.000     -0.950     85.000      7.600    100.000      7.350    808.0040 
4     40.000     12.870    190.000     -0.950    130.000      6.270    145.000     -0.020    469.3738 
4     45.000     11.000    195.000      0.000     90.000      7.260    105.000      7.790    746.4490 
4     45.000     11.000    195.000      0.000    135.000      4.630    150.000     -2.140    574.1493 
4     50.000     10.450    200.000      0.000    140.000      2.260    155.000     -4.260    499.0768 
4     50.000     10.450    200.000      0.000     95.000      6.930    110.000      7.890    713.3445 
4      0.000     31.300    135.000      4.630     60.000      9.560     75.000      8.350    802.6848 
4      5.000     29.040    140.000      2.260     65.000      9.150     80.000      7.940    783.4055 
4     10.000     27.310    145.000     -0.020     70.000      8.750     85.000      7.600    740.7555 
4     15.000     23.670    150.000     -2.140     75.000      8.350     90.000      7.260    717.1634 
4     20.000     20.510    155.000     -4.260     80.000      7.940     95.000      6.930    667.7917 
4     25.000     18.200    160.000     -4.700     85.000      7.600    100.000      7.350    675.0167 
4     30.000     16.110    165.000     -4.270     90.000      7.260    105.000      7.790    637.7945 
4     35.000     14.480    170.000     -3.850     95.000      6.930    110.000      7.890    618.6613 
4     40.000     12.870    175.000     -3.490    100.000      7.350    115.000      7.710    640.5852 
4     45.000     11.000    180.000     -3.130    105.000      7.790    120.000      7.520    509.8626 
4     50.000     10.450    185.000     -2.200    110.000      7.890    125.000      6.910    486.9321 
4     55.000      9.970    190.000     -0.950    115.000      7.710    130.000      6.270    478.7222 
4     60.000      9.560    195.000      0.000    120.000      7.520    135.000      4.630    485.2206 
4     65.000      9.150    200.000      0.000    125.000      6.910    140.000      2.260    567.8721 
4      0.000     31.300    150.000     -2.140     75.000      8.350     90.000      7.260    710.0364 
4      0.000     31.300    150.000     -2.140     60.000      9.560     75.000      8.350    848.1803 
4      5.000     29.040    155.000     -4.260     80.000      7.940     95.000      6.930    671.3865 
4     10.000     27.310    160.000     -4.700     85.000      7.600    100.000      7.350    693.5117 
4     15.000     23.670    165.000     -4.270     90.000      7.260    105.000      7.790    605.1906 
4     15.000     23.670    165.000     -4.270     75.000      8.350     90.000      7.260    765.4982 
4     20.000     20.510    170.000     -3.850     80.000      7.940     95.000      6.930    725.2118 
4     20.000     20.510    170.000     -3.850     95.000      6.930    110.000      7.890    571.7590 
4     25.000     18.200    175.000     -3.490    100.000      7.350    115.000      7.710    525.7850 
4     25.000     18.200    175.000     -3.490     85.000      7.600    100.000      7.350    739.1115 
4     30.000     16.110    180.000     -3.130    105.000      7.790    120.000      7.520    490.5744 
4     30.000     16.110    180.000     -3.130     90.000      7.260    105.000      7.790    703.4666 
4     35.000     14.480    185.000     -2.200    110.000      7.890    125.000      6.910    478.9503 
4     35.000     14.480    185.000     -2.200     95.000      6.930    110.000      7.890    685.5089 
4     40.000     12.870    190.000     -0.950    115.000      7.710    130.000      6.270    469.4388 
4     40.000     12.870    190.000     -0.950    100.000      7.350    115.000      7.710    698.8488 
4     45.000     11.000    195.000      0.000    105.000      7.790    120.000      7.520    549.5977 
4     45.000     11.000    195.000      0.000    120.000      7.520    135.000      4.630    477.3951 
4     50.000     10.450    200.000      0.000    110.000      7.890    125.000      6.910    523.7346 
4     50.000     10.450    200.000      0.000    125.000      6.910    140.000      2.260    568.9768 
4      0.000     31.300    165.000     -4.270     90.000      7.260    105.000      7.790    594.4748 
4      0.000     31.300    165.000     -4.270     60.000      9.560     75.000      8.350    899.7088 
4      5.000     29.040    170.000     -3.850     95.000      6.930    110.000      7.890    568.3136 
4     10.000     27.310    175.000     -3.490    100.000      7.350    115.000      7.710    534.4155 
4     10.000     27.310    175.000     -3.490     70.000      8.750     85.000      7.600    881.0775 
4     15.000     23.670    180.000     -3.130     75.000      8.350     90.000      7.260    815.5045 
4     15.000     23.670    180.000     -3.130    105.000      7.790    120.000      7.520    475.3957 
4     20.000     20.510    185.000     -2.200    110.000      7.890    125.000      6.910    459.2378 
4     20.000     20.510    185.000     -2.200     80.000      7.940     95.000      6.930    770.3443 
4     25.000     18.200    190.000     -0.950    115.000      7.710    130.000      6.270    449.9904 
4     25.000     18.200    190.000     -0.950     85.000      7.600    100.000      7.350    782.7277 
4     30.000     16.110    195.000      0.000    120.000      7.520    135.000      4.630    464.1538 
4     30.000     16.110    195.000      0.000     90.000      7.260    105.000      7.790    739.9156 
4     35.000     14.480    200.000      0.000     95.000      6.930    110.000      7.890    718.1099 
4     35.000     14.480    200.000      0.000    125.000      6.910    140.000      2.260    566.4506 
4      0.000     31.300    195.000      0.000    120.000      7.520    135.000      4.630    454.1645 
4      0.000     31.300    195.000      0.000     60.000      9.560     75.000      8.350    963.6321 
4      5.000     29.040    200.000      0.000    125.000      6.910    140.000      2.260    560.4676 
4      0.000     31.300    180.000     -3.130    105.000      7.790    120.000      7.520    475.5658 
4      0.000     31.300    180.000     -3.130     60.000      9.560     75.000      8.350    949.6357 
4      5.000     29.040    185.000     -2.200    110.000      7.890    125.000      6.910    461.9905 
4     10.000     27.310    190.000     -0.950    115.000      7.710    130.000      6.270    448.0777 
4     10.000     27.310    190.000     -0.950     70.000      8.750     85.000      7.600    887.2401 
4     15.000     23.670    195.000      0.000     75.000      8.350     90.000      7.260    841.7114 
4     15.000     23.670    195.000      0.000    120.000      7.520    135.000      4.630    454.8515 
4     20.000     20.510    200.000      0.000     80.000      7.940     95.000      6.930    793.8647 
4     20.000     20.510    200.000      0.000    125.000      6.910    140.000      2.260    555.1436 
4      0.000     31.300    165.000     -4.270     75.000      8.350     90.000      7.260    776.8811 
4      5.000     29.040    170.000     -3.850     80.000      7.940     95.000      6.930    740.6815 
4     10.000     27.310    175.000     -3.490     85.000      7.600    100.000      7.350    775.4080 
4     15.000     23.670    180.000     -3.130     90.000      7.260    105.000      7.790    679.8550 
4     20.000     20.510    185.000     -2.200     95.000      6.930    110.000      7.890    640.1663 
4     25.000     18.200    190.000     -0.950    100.000      7.350    115.000      7.710    582.2859 
4     30.000     16.110    195.000      0.000    105.000      7.790    120.000      7.520    534.7794 
4     35.000     14.480    200.000      0.000    110.000      7.890    125.000      6.910    518.5244 
4      0.000     31.300    180.000     -3.130     90.000      7.260    105.000      7.790    679.7261 
4      0.000     31.300    180.000     -3.130     75.000      8.350     90.000      7.260    848.2997 
4      5.000     29.040    185.000     -2.200     95.000      6.930    110.000      7.890    651.3492 
4      5.000     29.040    185.000     -2.200     80.000      7.940     95.000      6.930    800.9457 
4     10.000     27.310    190.000     -0.950    100.000      7.350    115.000      7.710    598.2225 
4     10.000     27.310    190.000     -0.950     85.000      7.600    100.000      7.350    829.2350 
4     15.000     23.670    195.000      0.000    105.000      7.790    120.000      7.520    523.4003 
4     15.000     23.670    195.000      0.000     90.000      7.260    105.000      7.790    721.9062 
4     20.000     20.510    200.000      0.000     95.000      6.930    110.000      7.890    676.8051 
4     20.000     20.510    200.000      0.000    110.000      7.890    125.000      6.910    500.9644 
4      0.000     31.300    195.000      0.000     75.000      8.350     90.000      7.260    879.3481 
4      0.000     31.300    195.000      0.000    105.000      7.790    120.000      7.520    526.4313 
4      5.000     29.040    200.000      0.000     80.000      7.940     95.000      6.930    834.5223 
4      5.000     29.040    200.000      0.000    110.000      7.890    125.000      6.910    507.7310 
4      0.000     31.300    195.000      0.000     90.000      7.260    105.000      7.790    728.5586 
4      5.000     29.040    200.000      0.000     95.000      6.930    110.000      7.890    690.3422 