# vtk DataFile Version 3.0
d-2__ created by libgimli-v1.5.0-1-g5991b6ac
ASCII
DATASET UNSTRUCTURED_GRID
POINTS 7731 double
0	66.7507	0
3	67.341893502821	0
6	66.420387359685	0
9	66.514262976663	0
12	68.263430199607	0
15	70.01259742255	0
18	69.096061388573	0
21	67.002709770597	0
24	64.909358152622	0
27	62.816006534646	0
30	61.175657357298	0
33	60.349662402483	0
36	59.523667447668	0
39	58.697672492853	0
42	57.871677538038	0
45	58.708782516758	0
48	60.581540314161	0
51	61.998557917403	0
54	61.597329219488	0
57	61.266768277357	0
60	60.020205909411	0
63	57.142520082101	0
66	54.158393994619	0
69	54.161767559456	0
72	55.993365358514	0
75	55.218460007094	0
78	55.198800257798	0
81	57.883114657015	0
84	60.567429056231	0
87	60.271135203978	0
90	59.193942226676	0
93	58.116749249373	0
96	56.175186895047	0
99	54.012986135923	0
102	55.230664659153	0
105	55.460126242579	0
108	53.470358931196	0
111	51.480591619812	0
114	49.490824308428	0
117	47.791576558115	0
120	46.585599320246	0
123	45.811037384848	0
126	45.036475449451	0
129	44.261913514054	0
132	43.487351578657	0
135	42.712789643259	0
138	42.42733537612	0
141	42.965595885791	0
144	43.503856395462	0
147	44.021748951762	0
150	44.185763983845	0
153	42.838352890568	0
156	42.925889337482	0
159	44.888488855492	0
162	46.170731749232	0
165	45.308620462615	0
168	42.654835073321	0
171	40.001049684028	0
174	38.181224444737	0
177	38.467076941686	0
180	40.349042737337	0
183	42.231008532989	0
186	42.123106823978	0
189	40.531866525972	0
192	38.898051920487	0
195	37.029560347032	0
198	34.694117415541	0
201	32.35867448405	0
204	30.912815624408	0
207	31.754531474422	0
210	34.030602166894	0
213	36.306672859366	0
216	38.582743551837	0
219	40.858814244309	0
222	42.322257855423	0
225	41.257334055004	0
228	39.569526305698	0
231	36.827128342779	0
234	34.084730379861	0
237	31.342332416942	0
240	29.583265075052	0
240	-20.416734924948	0
237	-18.657667583058	0
234	-15.915269620139	0
231	-13.172871657221	0
228	-10.430473694302	0
225	-8.7426659449957	0
222	-7.6777421445766	0
219	-9.1411857556909	0
216	-11.417256448163	0
213	-13.693327140634	0
210	-15.969397833106	0
207	-18.245468525578	0
204	-19.087184375592	0
201	-17.64132551595	0
198	-15.305882584459	0
195	-12.970439652968	0
192	-11.101948079513	0
189	-9.4681334740283	0
186	-7.8768931760223	0
183	-7.7689914670106	0
180	-9.6509572626625	0
177	-11.532923058314	0
174	-11.818775555263	0
171	-9.9989503159724	0
168	-7.3451649266785	0
165	-4.6913795373847	0
162	-3.8292682507681	0
159	-5.111511144508	0
156	-7.074110662518	0
153	-7.1616471094318	0
150	-5.8142360161553	0
147	-5.9782510482379	0
144	-6.4961436045377	0
141	-7.0344041142088	0
138	-7.57266462388	0
135	-7.2872103567408	0
132	-6.5126484213435	0
129	-5.7380864859462	0
126	-4.9635245505489	0
123	-4.1889626151517	0
120	-3.4144006797544	0
117	-2.2084234418852	0
114	-0.50917569157203	0
111	1.4805916198118	0
108	3.4703589311956	0
105	5.4601262425795	0
102	5.2306646591525	0
99	4.0129861359235	0
96	6.1751868950474	0
93	8.1167492493731	0
90	9.1939422266757	0
87	10.271135203978	0
84	10.567429056231	0
81	7.8831146570145	0
78	5.1988002577983	0
75	5.2184600070939	0
72	5.9933653585141	0
69	4.1617675594563	0
66	4.1583939946194	0
63	7.1425200821011	0
60	10.020205909411	0
57	11.266768277357	0
54	11.597329219488	0
51	11.998557917403	0
48	10.581540314161	0
45	8.7087825167582	0
42	7.8716775380382	0
39	8.6976724928532	0
36	9.5236674476682	0
33	10.349662402483	0
30	11.175657357298	0
27	12.816006534646	0
24	14.909358152622	0
21	17.002709770597	0
18	19.096061388573	0
15	20.01259742255	0
12	18.263430199607	0
9	16.514262976663	0
6	16.420387359685	0
3	17.341893502821	0
0	16.7507	0
39.269765671666	15.538429587979	0
53.359667207308	18.225703186164	0
0	41.7507	0
76.530479653389	9.8597047108706	0
67.494938251658	8.6613267173142	0
115.91608940351	40.760828321462	0
103.00835870008	11.773155068584	0
99.29655399303	7.5867606838522	0
86.134835219495	16.847041747823	0
32.730234328334	53.508905307357	0
51.7850582236	56.452300696062	0
15.385065826675	65.904933859748	0
72.512209410619	51.78174014004	0
103.10898161299	48.19406577982	0
85.095575188483	56.324447136641	0
137.11161047034	-1.0021778725919	0
154.32863977935	-1.2451175383425	0
175.02957980382	-6.7388254794809	0
165.34714803803	2.167435723642	0
204.34257851216	-14.541104781696	0
184.73118874929	-1.395182703798	0
225.78169140009	-1.7824444270677	0
146.6096296199	37.335043055894	0
162.25778980151	41.416996826191	0
184.30714920244	36.81521125395	0
222.19548864613	38.114853147041	0
35.529450209138	13.675611040195	0
41.529450209138	12.023621130565	0
52.906425640278	14.836801275218	0
61.170867749885	17.071246711102	0
74.137948390899	8.0756919522217	0
67.497750178415	6.1607729469205	0
69.798572884727	7.4136387380128	0
65.41412287716	7.4087083292214	0
71.2034012646	12.757875701258	0
64.192122883797	11.793267226409	0
69.848966711914	10.257152447082	0
63.976074851544	9.3704850728529	0
128.84043402341	37.446872928637	0
120.40508160859	41.957527495005	0
117.27840225884	44.149730232408	0
103.2675662996	8.3842531576387	0
100.0522869165	5.724858115018	0
85.800131618795	13.458139836877	0
93.807979173332	15.083105355743	0
38.892280297644	52.445463675289	0
33.663306288602	56.897807218303	0
18.463757769128	25.98208902328	0
56.71391227211	56.345055405208	0
52.170675541576	59.335573901453	0
0	54.2507	0
20.029566968587	65.201343852666	0
16.036713170979	68.037901861485	0
18.242555798552	66.197963397381	0
73.082092256481	53.988007698333	0
75.609533439689	52.158430475273	0
67.506728502439	48.176645362653	0
103.76330855997	51.902877238864	0
89.79754936378	53.91399296626	0
87.698779248028	57.501125861212	0
85.324921824259	58.646600978499	0
134.35859056504	-3.5744733120038	0
138.92561786126	-4.1022101306003	0
121.08391059649	3.6163475568986	0
152.63036488272	-3.9711932110298	0
158.82959841397	-0.56223408800786	0
175.28650231208	-9.4352074701999	0
177.7210777862	-7.8427996586595	0
172.9564609931	-8.2967921944306	0
171.2398302489	-3.8542579832844	0
170.54070608885	-7.4955803224683	0
172.72662749612	-5.8326746666165	0
175.47942508261	-2.2160446373432	0
173.59138443938	-3.6349235088351	0
172.02800630702	0.41100241987069	0
164.37327784248	-1.2214661873037	0
203.27946980115	-16.746939819979	0
201.10066186088	-14.337755188106	0
184.60929931333	-4.7840846147438	0
199.40212226969	25.207985436511	0
217.36444541789	-1.9817043324153	0
224.57871729934	-5.1713463380135	0
149.90782215036	39.967087215911	0
146.02460059533	40.723944966839	0
140.54036212984	36.897997540774	0
162.95368456512	43.838591721467	0
160.66408583886	43.185767453403	0
165.15950540929	41.893916803489	0
158.52164451406	39.653009695532	0
184.41112109504	39.705950248119	0
176.11246371217	31.896391075493	0
222.95641170811	40.258451764182	0
225.20181761768	38.25453621088	0
34.931881410512	11.505251057453	0
37.935618818452	11.845671869445	0
32.525712801198	13.335190228203	0
40.931881410512	9.8532611478229	0
46.888020983643	16.819928936006	0
59.762708552936	13.682344800157	0
76.570204500876	7.310117214949	0
78.823915782139	7.2965517552192	0
79.263073217964	9.997124379895	0
81.643557005095	10.18243581084	0
77.602342902598	15.783232734053	0
82.288482999548	13.639094772232	0
77.757576828917	12.696402216444	0
73.749508199366	11.092939983807	0
71.807212251539	8.800244273986	0
67.584208466491	13.100938413782	0
129.71540549775	40.835774839582	0
121.02103291709	44.343203631501	0
123.83718543492	42.343755308788	0
118.03802068855	46.039363981368	0
89.713478863882	13.112097130905	0
45.120918257342	52.481215751241	0
39.749186372021	55.557732349746	0
17.428407530129	22.593187112334	0
57.715707634716	58.755994612981	0
54.887961468726	58.51737892807	0
59.895944574803	56.436457834953	0
49.564951856973	58.216647550059	0
7.7011366333	60.039565550456	0
0	29.2507	0
20.602807010298	63.237150559398	0
67.503152819705	51.356382146193	0
74.867963066888	45.333800535308	0
103.60665859703	53.950932001625	0
101.33482830517	52.747147836806	0
97.617282564811	48.676370299986	0
98.970890707611	51.173089358118	0
90.733971330596	56.521943407492	0
93.222627328712	54.156262737771	0
87.319725167113	54.871804100381	0
83.095236761988	50.832691813048	0
84.736191682489	53.345167183985	0
87.491377834095	51.631935386289	0
133.84195065398	-5.5755008119917	0
136.31838029623	-5.1476748392871	0
131.88216092279	-4.0022992847084	0
132.20932067166	1.485168676335	0
132.68996127017	-1.2969733659084	0
134.91843407644	-1.4142817580226	0
135.45016197334	1.7979012106766	0
127.99920451304	-0.67475613092648	0
130.20626443369	-2.0286167080402	0
130.13896238869	0.33756957868907	0
128.71531115111	5.3472909159995	0
127.85581611562	2.3958959107069	0
127.93507113634	-3.2552080933777	0
125.12169707779	-1.8942628250076	0
144.3903703801	0.19056229133061	0
119.72159774116	0.22744564595288	0
155.71599322763	-4.0014315717831	0
159.78783450373	-2.8041714645421	0
161.62506530471	-0.69316216060147	0
157.4765496411	-2.4662970703464	0
160.47476821906	4.6553564373693	0
160.3423901558	1.8289305565377	0
177.44012860117	-4.6948220251202	0
199.5	-16.473604050204	0
198.52477549931	-11.537229870932	0
207.30344905011	24.905913931697	0
201.03541355382	28.596887347456	0
219.01760103465	-5.370606243361	0
223.9079453149	-7.0609800869738	0
150.8464451406	42.056923780846	0
152.84660380545	39.90287500236	0
139.98537054463	39.991248347275	0
164.73048992905	35.438280012899	0
167.45313769382	39.014045051744	0
182.2218631186	40.139319622976	0
180.79810755656	36.93003950143	0
187.05749406501	38.16352823817	0
175.78955502112	35.285292986438	0
223.99793618425	31.743374692001	0
227.80677576963	36.346053234266	0
37.691307588012	14.021322526362	0
36.05844322271	17.299917664368	0
29.664247581507	14.125099782816	0
48.290103285606	13.851548799963	0
58.977526446051	11.792711051196	0
80.205220975047	12.292075299922	0
80.017004738355	14.867631830742	0
82.680783107425	17.078599942418	0
74.871841952658	14.098599754764	0
67.710361257065	10.87769842009	0
88.987212761052	11.08943419641	0
91.628914993184	11.282612757068	0
92.003828454262	13.592595377812	0
94.887615425251	11.939136851448	0
90.317560798339	17.470845772163	0
44.256419948856	55.579387415953	0
36.393522703047	54.807551750363	0
42.002007209249	53.263358448269	0
54.243466902473	56.122082726355	0
52.306741986129	51.019838367905	0
55.805703630426	52.610388267025	0
52.679767422317	53.796940324478	0
48.758477287773	53.954096873499	0
50.749153660187	54.62484442292	0
61.5	58.581362995756	0
62.226868586368	53.365233813543	0
47.275947539463	58.402158918492	0
7.5950915473773	63.428467461402	0
7.4381787958582	18.442956523746	0
17.920509343438	63.520080602406	0
18.655456075174	57.631560705654	0
18.975063462978	60.661575268637	0
70.160495863949	49.769499983641	0
74.442440867918	48.832642975619	0
100.39396313072	48.786271774439	0
99.24109626757	42.782042632937	0
102.14120506139	50.276931263226	0
101.10721698636	45.536525459093	0
95.469532189695	51.456075490924	0
82.304173790529	55.149851527999	0
133.94991837357	0.39614245032399	0
133.40186581736	6.0756006602256	0
130.31302064891	3.2811644004932	0
132.6281442397	3.8264840223367	0
124.80833920943	4.8842186716825	0
144.97539940467	-3.1983396196151	0
149.42388598003	-0.081610896008157	0
140.234848492	2.743975644966	0
118.96197931145	-1.6621881030075	0
122.11461434561	-1.4211837781952	0
162.87640475289	1.5304537995295	0
155.71507512052	3.4619677571615	0
175.36943286044	-4.6962088551763	0
180.33561008876	-6.0229333192275	0
180.00301852847	-0.65274258690805	0
199.15179260983	-13.54540363818	0
202.99969813581	-10.006150732955	0
206.35261823258	28.294815842642	0
201.94612811963	30.486521096417	0
219.93939184707	-7.2602399923214	0
151.26679851276	34.881674476643	0
136.15008618368	38.892620727237	0
143.173710423	38.966887084417	0
186.92853413061	40.250089621678	0
188.57120745474	31.596517865271	0
189.59871034082	38.060016876363	0
188.20008503544	34.968935830085	0
191.88442807806	35.369887148702	0
223.84014545026	35.139426024202	0
229.5	38.198327324239	0
229.98776089959	32.707707767254	0
33.769426510185	15.783257299133	0
31.664358783297	21.4460038781	0
33.377629853297	18.860252841013	0
50.602347283661	14.325045304828	0
44.638221544607	13.941941181179	0
75.677199647228	12.085500321881	0
72.627620482646	20.791250825129	0
93.536668629131	10.229001157079	0
96.516018657522	9.264087839816	0
99.014568703321	15.113686644672	0
42.002568004111	55.617504757196	0
37.724538073169	56.734001029782	0
42.039097231261	46.8016268461	0
58.374652361692	53.963427014571	0
46.415541551003	54.512159424849	0
61.75741557977	55.429086055881	0
63.87572535819	49.762432623379	0
5.4448003262068	63.119422634706	0
0	24.7507	0
13.345929531499	60.208661014996	0
23.825333697887	58.618102988774	0
70.182064296605	52.124641707645	0
70.787016288815	45.71861367166	0
72.361861962395	49.577102993968	0
98.022322099916	45.617119599105	0
106.07587445286	40.160958913331	0
91.445157423302	49.942676098619	0
80.159249809842	55.804177358137	0
79.966629661385	52.337733768914	0
126.86008667725	4.2867158774052	0
126.53816863409	7.0027602475576	0
125.13025725259	2.1681743015301	0
130.41640747535	9.8437760605546	0
121.13409525847	9.6497987000881	0
123.26152425743	3.3237832779801	0
123.03432117974	0.86760692201428	0
128.8987732684	7.8479034133012	0
123.5272717901	7.6957246191354	0
130.94525580689	6.440723121121	0
126.29430171579	11.403238336149	0
127.06907787965	9.2391787103917	0
148.34631365847	-3.0851656771395	0
151.68074345193	-1.4875749446978	0
152.7158946064	1.7876285189467	0
138.01000071275	1.4238450740222	0
140.73297505558	-0.96386513728806	0
137.25828208569	5.2255945456812	0
157.73247776154	1.8059920738514	0
158.04772732714	4.2468912892369	0
155.38398008871	1.0017647043565	0
158.38607584497	9.6512690085118	0
155.78892028942	7.1010872652694	0
158.84749195199	6.9096011696562	0
164.49104450507	9.2690590289737	0
161.39396337898	8.7478277200331	0
181.0006606321	-7.913988535995	0
182.52563379658	-5.5869623029231	0
180.93011109057	-3.2907195914687	0
178.63147630885	-2.6166559300177	0
182.320594968	-1.3201493783248	0
182.59178355572	3.9791621003902	0
181.83785817212	1.361149025489	0
185.06306873322	1.8499280445789	0
176.60550129008	4.2855059414393	0
178.88046166798	2.2128087498904	0
202.84207127181	-12.519129225052	0
206.35735041467	-11.478192684657	0
200.88655440739	-11.135036377954	0
198.84393058912	-6.2758174273335	0
199.29826202143	-8.9437631122734	0
195.1338295056	-8.2802777068495	0
197.04527198079	-9.6838991393756	0
151.32667362146	37.62196111866	0
148.94947893517	37.785488264272	0
155.62429483849	36.157260882372	0
148.29435259367	34.886132457856	0
153.73859317476	37.661606904838	0
156.11150414862	38.702018012375	0
156.66452771879	40.830024479343	0
138.44675094596	38.118775211982	0
135.64038758039	33.584894964797	0
138.13404822823	35.176854706988	0
137.83234936669	40.263637333914	0
143.68366316018	35.607453624165	0
145.21887209125	38.839903383638	0
143.76217876241	41.203441168498	0
186.357741718	36.111623874286	0
183.82494861137	32.069845642827	0
186.01921505597	33.509282157767	0
225.68841855854	36.186672843254	0
225.96911580246	33.536652992708	0
227.34381244973	30.04557629514	0
229.64606978338	34.975745194854	0
38.061189684185	23.823959892207	0
29.448890891274	18.117609142866	0
46.486894831571	14.815142044603	0
46.426347788688	12.369021725616	0
74.530639123563	17.7067841961	0
95.006572403928	7.9286970988613	0
99.530550729038	11.117996520507	0
96.416424533936	14.2214860297	0
97.28953119148	11.983440689964	0
96.391152462217	18.524159612863	0
95.679118857195	16.368566420515	0
93.292844172126	18.352194275042	0
35.718355646908	57.421680802652	0
42.850509969566	50.0372565639	0
66.038573785143	49.76486479318	0
64.95992554605	47.295066198701	0
59.131279363233	46.20575668269	0
67.340580438155	44.537100202813	0
61.918500293765	47.430506045519	0
0	60.5007	0
0	20.7507	0
16.097055977329	61.223601128122	0
21.82981181094	60.659544795862	0
69.647957543123	47.616336717022	0
105.31976481647	44.446141947943	0
89.812377624624	51.592709085957	0
88.603736587762	48.763835924148	0
93.983279476544	46.638795916962	0
125.958768133	0.13520092064054	0
120.66823263927	6.6367393399867	0
123.75243389313	10.41399534657	0
122.90382909095	16.354788622701	0
124.02131157688	13.483408382182	0
150.45888109403	-3.6706133217633	0
146.85789160101	-0.85609558668974	0
147.07057698752	3.0772647172676	0
163.42488486874	6.1422056062126	0
163.61360406678	3.78126950948	0
166.55653965319	5.2045208811258	0
161.82572075566	15.644207706201	0
183.639836917	0.35595687684303	0
188.38949437134	8.2094874284215	0
179.66118856847	5.3545517770728	0
175.76864509409	1.0821562676968	0
177.61513254081	-0.44598977400724	0
191.85005934907	-0.48370891582554	0
154.53212911436	41.286543147313	0
135.68846401425	36.258614154844	0
132.49404193833	38.175905830218	0
132.74499816009	34.974249103838	0
145.96399733918	35.086925526363	0
143.70855375403	30.461376258381	0
144.29655997581	33.037319210645	0
141.0463285514	33.620386075598	0
147.70996005721	30.903064961908	0
146.57590518232	32.886046913195	0
141.72602097532	41.057698338823	0
35.140237473913	21.888590691177	0
31.679478125644	17.080583943935	0
31.25699189384	19.315623605552	0
28.92959309504	20.864802029641	0
29.051700682079	27.014875105503	0
25.393636805278	18.773727967945	0
29.708246033708	23.925590883196	0
27.539985691033	19.179449113951	0
25.90625458174	21.942049395549	0
27.025986897289	16.018433553772	0
75.591752234322	15.986901947242	0
98.50190310165	9.4127888837207	0
92.220913284701	16.508150725393	0
94.473547699141	25.076570580716	0
40.871395133605	51.241360119594	0
37.538166003246	47.991255299569	0
38.787330595643	50.044434335275	0
35.537222321994	51.389305889634	0
39.932580865338	47.941069661754	0
38.631687129059	43.019168857456	0
39.877701392933	45.32270651899	0
44.013930558278	41.596603258798	0
42.396687641481	43.960153239047	0
47.940997097577	47.041137694731	0
58.775639876265	50.086803307785	0
62.579551521986	42.142239094994	0
1.1641226244154	18.7507	0
4.4238316338181	21.097960099692	0
15.544648019164	63.534394796124	0
12.02827040624	64.488316943949	0
15.650357091934	58.198324148281	0
21.246423289915	58.093240593306	0
20.940128795265	52.311029171565	0
23.200406171095	55.090516280001	0
24.577074064196	61.348972152627	0
103.43905440817	45.862767516672	0
102.66740266597	42.881596360859	0
106.09141655868	47.427313103756	0
85.650398766256	49.268175854336	0
96.206472453234	46.933142846251	0
94.798402652466	49.025222862349	0
95.464008419914	43.997923712281	0
91.008808281938	46.980597952174	0
114.44542352199	9.141419997074	0
129.61475098629	17.31340143462	0
119.94434010437	13.549875225256	0
121.8673863192	12.005007341285	0
161.33902139096	6.6107038510631	0
165.44717839198	7.1978568233309	0
170.27275378053	8.5780913576418	0
167.43549232801	9.3720190625159	0
168.99871767164	2.4726887610749	0
160.80516278601	12.246395768889	0
185.98423925115	5.4178397415791	0
180.56146903184	3.4629537070454	0
173.42108965966	3.4064279774927	0
174.11018273799	-0.43419411690933	0
188.18427201027	-0.10880601190815	0
132.93073664153	40.895224236058	0
130.94019430417	36.443446477168	0
128.69471371655	31.841899342832	0
130.35436897856	33.88066708824	0
127.28683642917	34.682882929868	0
132.79944619589	30.195352740438	0
132.39456667316	32.580498129425	0
149.7772014667	32.634165480096	0
152.4526134303	27.33937160367	0
154.00702178537	31.448128035289	0
150.49710347892	29.674597724672	0
152.08333208202	32.723105133956	0
154.30048097527	33.979623513757	0
159.57769951663	32.08511406442	0
157.18497910726	33.717300320294	0
35.599340348311	19.594254177772	0
39.139881485562	19.109623817981	0
31.463021119167	15.063381587106	0
33.73228541159	26.395201382516	0
27.899925544401	22.756183089757	0
25.543469266062	25.678589672524	0
21.960725157975	20.954785199672	0
25.055468752676	16.71220028205	0
29.079896395176	16.095642641991	0
94.66780558646	21.576616285719	0
41.05900303509	41.309782996203	0
45.932329486339	49.450854209704	0
45.038159977417	45.735811736877	0
57.797136520166	51.94463994384	0
55.972106485736	49.796813365165	0
54.374906630396	51.114058625079	0
53.463162254747	48.381591619306	0
57.572685425506	48.019752830405	0
55.182344575368	44.389387181755	0
59.903044281989	48.233295131806	0
61.355033494862	50.386102286154	0
63.330500989718	44.921560607818	0
10.682145881358	54.829255708871	0
16.315733562974	53.476074984701	0
27.221099641101	59.152235370313	0
104.88100773726	42.159426050942	0
108.0995456298	42.727328867685	0
102.80989303172	39.564690009344	0
105.10004004195	49.754918893275	0
108.30524542373	49.745156626834	0
106.16896374176	51.910059390081	0
81.166620901076	44.814084305242	0
116.18505495277	4.4809476566795	0
117.84907772973	8.6151657569236	0
126.37114232491	16.051055257287	0
121.99638745878	14.348490102688	0
119.99184099177	16.463504847037	0
176.16338438595	10.450828933984	0
168.30487948783	7.0122220836623	0
171.09004568551	5.5314988251484	0
165.81477260757	13.567217551958	0
167.09686476651	3.2300218082094	0
162.64810364554	10.757727398931	0
184.64308174071	3.8612317833417	0
182.79434386232	8.2206248574781	0
171.28633015257	2.5775875438532	0
186.14024841385	0.10023786083937	0
124.53244144981	38.049709335434	0
146.47143440167	24.317135365005	0
152.75040214942	29.575120364683	0
157.2647639156	27.836127416283	0
155.22588791069	29.27233532903	0
157.56450983091	30.426977241928	0
160.6270230941	28.759898349561	0
153.15783890292	35.689116058107	0
160.54852677448	36.07821818229	0
158.14517832763	37.077546026902	0
31.282031477456	25.874464954591	0
33.004963785995	23.792478320754	0
31.773523314518	29.586852783694	0
35.52883065539	24.490178016156	0
37.959032723337	28.581630396206	0
36.158504946439	26.883630428836	0
35.001196029147	29.914442580318	0
27.762387495858	25.126458060689	0
24.145456752589	20.601307095323	0
23.464683879555	23.32196627923	0
22.967610297534	18.456850613522	0
20.406523586912	23.603578784521	0
90.794694100747	21.32282529684	0
44.062198007943	48.01384077424	0
49.154209259601	50.094475943104	0
48.112804153813	42.778679365389	0
60.103546361359	52.369482639578	0
60.788556523344	44.117261884902	0
57.952201018304	43.568331552509	0
65.163529285352	42.935180772007	0
65.570486567238	37.002313960018	0
64.674752712406	39.921263020056	0
68.360985932066	40.870047018841	0
65.386077819424	45.256453108879	0
12.722529850702	57.168125940361	0
16.782282201761	55.94981399926	0
14.324335056111	55.132519100591	0
18.971208379385	54.256116048033	0
12.810757501445	51.287612060028	0
14.202079067561	52.960276813853	0
16.040267047787	50.016290514316	0
111.1303721854	38.256365431208	0
101.00315691872	41.1485885516	0
96.622309866009	38.189948159785	0
98.467515085237	40.180431729083	0
96.922973498699	42.055512998848	0
100.19313061751	36.730255870906	0
92.744372602253	40.436049347854	0
100.37864265941	38.979664013773	0
94.605668150378	41.834087974408	0
92.343262849384	43.983687435146	0
109.70484264592	46.19220446741	0
108.96884085707	51.674639208057	0
86.603770111545	43.552968576829	0
82.865148211799	47.588113181969	0
118.77365468679	4.83720072806	0
117.23125018046	6.4618477119553	0
117.81265720407	2.2372383328328	0
115.10082892398	1.9822509783811	0
112.71127865497	4.5036967542078	0
116.64060171823	0.1543806373201	0
126.33272202035	13.727146796718	0
129.07266963801	12.519576448739	0
121.68076896022	22.648333238607	0
114.18424650953	15.100984013102	0
177.22088254399	7.4281487450563	0
168.9049291407	4.7811447845136	0
165.89794396971	11.188685535574	0
169.28683537559	12.49790681456	0
181.81863902945	6.1416535370403	0
179.94123791302	8.2912022752303	0
126.56847240359	36.905286673634	0
127.1020661376	39.703101681894	0
124.08837559399	34.876323674713	0
149.10938515632	26.526145835368	0
156.06818052194	31.921429823799	0
159.31127582505	34.264457290995	0
162.30820674659	33.524873997216	0
43.151004030502	35.122005191891	0
33.518276983739	28.460747203222	0
36.182837945386	36.963741540085	0
22.050722137863	26.929239360984	0
91.396035469931	19.292798614025	0
88.767841703366	19.618345196808	0
86.129271783327	24.813291910478	0
88.054710406049	22.523690589581	0
50.701976686235	47.711788936715	0
50.260577188252	52.158011213935	0
47.214586595038	51.418004783071	0
47.169980699464	44.875368628768	0
50.04779183278	44.909115578445	0
54.808090057648	38.044202236871	0
66.31016408041	41.202635283975	0
10.551291638529	59.197469265793	0
108.90539267244	40.010838476699	0
105.41580532394	34.533779480705	0
108.18366473512	47.645118581006	0
110.51543229803	48.563660474452	0
112.95532410317	46.405416499838	0
107.6175045779	45.054970812079	0
89.420281247582	44.477707747841	0
86.698414390485	46.505877526151	0
80.474007667817	49.388128019709	0
84.062502113404	44.947962612156	0
135.4776724501	14.060750857185	0
121.55795942008	19.358852560615	0
117.25963728929	15.05084593445	0
173.7302935677	7.903275929129	0
169.25449783782	10.405875589483	0
172.54854737569	11.04345923624	0
181.51900911292	14.368939968337	0
126.93180054465	42.448468770684	0
124.89383991856	40.311531959877	0
122.08685286886	39.600254081632	0
148.40967260677	28.714605398638	0
161.90007861121	30.98980388522	0
166.04131643714	27.147219502721	0
165.73850053592	31.672233350474	0
163.52233939346	28.585306260949	0
42.8270021185	38.459991701903	0
38.173623945919	33.006349029865	0
38.113818282635	39.705720044224	0
32.968368130378	33.878882382684	0
20.47256557138	25.640201970052	0
19.844125339954	28.020175484572	0
23.284848792478	32.202532019506	0
14.787164936771	29.958689230381	0
22.052490287829	29.7098853178	0
17.089456637886	28.399379130854	0
25.785416111625	29.415296696829	0
18.528347377434	33.003173938829	0
13.286991169138	25.264411197149	0
23.82076922233	28.318437368589	0
17.115982864389	30.91784460099	0
20.786093124169	31.886949898568	0
15.812846514933	26.07427787376	0
14.358402980808	34.306467119129	0
21.511284498772	36.195210203489	0
13.914642746644	27.650677473263	0
15.19090467164	23.670203774334	0
15.227169885066	32.197111321775	0
11.289115996664	31.808754848403	0
20.500250693789	34.150228917769	0
17.60902415333	36.852061308966	0
12.168127087982	21.994189064853	0
9.2373438000449	27.605253976138	0
11.582203495993	26.988493431884	0
12.145919379246	29.441810225233	0
9.6016893134998	24.224620777664	0
23.475992391149	25.407154475115	0
90.780374247946	25.016460139054	0
84.045261757875	21.106346354086	0
55.735582387962	41.173126167709	0
60.131883976057	36.930288349882	0
11.161381114456	61.878736876857	0
13.409858519543	62.556074473601	0
9.8590791928576	63.760133135896	0
8.3363215798597	56.94505088982	0
112.24284822394	41.95524878614	0
108.08551394068	36.683019821124	0
104.88366554257	37.44850239816	0
114.84516755006	47.485102183638	0
89.067725641517	40.799955065822	0
88.871412215649	46.581608287842	0
77.861778914242	50.457225420978	0
77.957391664536	46.964941390316	0
82.852618116227	39.731692866408	0
132.45499743382	12.542818948935	0
124.8865906139	19.046615901498	0
115.56143906287	21.229759602467	0
115.67474285238	12.180799765096	0
175.59680979439	8.5562849635907	0
173.35076918868	5.6703176514097	0
172.17097790792	9.108913281775	0
181.43928246429	11.145974567105	0
118.78360418571	39.022144459526	0
164.42270139232	33.337973977879	0
167.01251292869	34.031156440141	0
166.98731827966	36.544310337821	0
170.95587102246	30.377921632155	0
170.96873035123	35.327521200905	0
168.51383091941	31.696824045104	0
169.41485294067	37.365247038758	0
167.1455769715	29.493756309532	0
170.71563455349	32.853362268555	0
168.79370974657	35.280270199494	0
171.74990645024	37.53453188362	0
173.38272036368	35.714839137955	0
169.7727361575	26.824340962986	0
173.32220940902	31.85694749818	0
174.5914589381	27.193735395369	0
172.57053838186	33.798157819946	0
174.74753306397	29.740556661561	0
179.62327805559	28.163568696914	0
177.3880944569	29.578737959681	0
180.27865857231	31.671467570592	0
161.70060258486	22.469136575404	0
163.94563119687	30.620392125911	0
48.185665770468	37.295412902879	0
37.195751779909	30.836211174488	0
40.442127560275	30.678767548046	0
35.482331298771	32.913670137845	0
36.765394109663	34.777365659699	0
39.910533744831	35.83284636751	0
31.273401880157	42.472023270279	0
40.435141124536	38.949416154782	0
33.209879784553	31.499319330122	0
30.045632366291	32.380204360528	0
88.459049569123	24.818118113962	0
89.194746955406	29.890928136559	0
87.288439241941	27.577642121461	0
89.969571218721	23.166471557391	0
92.46344820644	23.176140069004	0
86.480519987181	20.59710433281	0
85.638871686162	22.649712022094	0
82.24910011516	24.555409807641	0
52.372242293013	42.250301360147	0
62.840653803886	37.761524794859	0
59.111561007434	40.272137207274	0
60.424663991819	41.98770734082	0
4.4973394584172	56.678778419749	0
5.5083586437201	51.451303321715	0
110.95743145065	40.325114887219	0
113.5285419073	39.498447999997	0
114.99072643886	33.739120550654	0
113.58762777522	36.44817453509	0
111.45704950194	44.363173746278	0
102.52041524399	37.20681669577	0
102.01489333422	33.754605516352	0
90.590904576744	42.509715181237	0
88.438622633494	42.716036576539	0
86.565738759648	41.039799769306	0
87.30284416739	35.559154003119	0
87.573780892045	38.385483378161	0
82.724178499263	42.509931419446	0
77.848254798772	40.892426376937	0
84.423587919523	41.196407929031	0
80.513629823385	41.015648246007	0
79.076273770093	43.218090901253	0
79.400050103669	36.214582842226	0
76.402477765177	43.142886238033	0
80.631845911037	38.458551766993	0
77.69254842405	44.845368895363	0
72.49891578623	42.041678022476	0
83.321202331669	35.522193507343	0
74.258380251281	43.27400558823	0
74.948024952805	40.4171527025	0
123.38501812268	20.937673938925	0
128.1875598642	23.209393927609	0
124.83439807944	24.085883989903	0
126.05135646529	21.513166632627	0
127.64393458624	19.252821228224	0
131.09985467902	20.79361749972	0
115.76902618847	17.963991109465	0
118.81367698283	21.108340484237	0
111.73019240181	12.007930424423	0
116.34269083876	10.142341415233	0
118.84529523696	11.104350580606	0
175.4721535942	6.139006396179	0
185.59805160472	11.295856260238	0
178.5336103086	12.830321119177	0
118.18476619934	41.268472619805	0
120.95607282337	36.335157756357	0
163.32511423922	25.314658614383	0
45.779695062027	39.135539286601	0
42.022485773035	26.288949070048	0
40.826762027926	33.32289271813	0
44.098630125806	31.496903505113	0
41.793462803358	36.674953240433	0
38.372594939411	37.47256678765	0
34.370833944307	40.290722285313	0
28.996099585686	29.799903215612	0
29.21367101804	37.602015284263	0
89.8499128626	27.408918377262	0
93.96796729035	29.823419870731	0
91.571934617159	29.190948981317	0
93.337802686039	27.355952919795	0
91.637104389367	33.798824448379	0
96.969219422497	27.742730136836	0
90.961372587657	31.503982823952	0
88.929844167967	33.349087988821	0
85.341074867527	32.411031276597	0
84.013641612849	27.325643733167	0
54.334507538839	42.58783594692	0
50.273049169091	42.760570585577	0
49.170133871771	40.050611833614	0
53.54436859362	40.120729376245	0
51.519932232305	37.46591113312	0
62.907493202434	32.714529351797	0
57.661487076892	41.614093479671	0
56.990322844847	39.099261226403	0
57.153904735145	35.976574721148	0
6.0412704747327	58.086411951049	0
3.7692224476251	64.502064965014	0
5.4078705558647	54.79832946746	0
110.69427274381	33.231740937492	0
116.8397576987	36.414668179679	0
115.6224583333	38.427192898941	0
85.296828062807	37.177605021557	0
71.460183460608	37.817319135336	0
76.839504912996	37.961478037901	0
117.87725616735	17.204805765162	0
110.08178782806	19.241966164153	0
117.41116411733	27.158388709195	0
117.13234405249	19.69013164302	0
113.7419145347	11.194261487302	0
111.84461215363	9.3970887227011	0
112.92839030275	7.065592748609	0
107.40642333359	10.510513818643	0
109.33664338038	6.8136375398827	0
109.79140399353	10.615035243675	0
108.42352725006	14.564759809124	0
117.69901507574	12.935585500856	0
183.46506067927	12.708331596488	0
187.55790678445	16.572211573548	0
185.96232666239	14.162712565788	0
183.55015413133	10.347242559737	0
185.59233467876	8.4238234930504	0
178.62362250579	10.370415484079	0
176.72968567553	19.996105836148	0
174.90196962393	14.077575436353	0
123.00647183888	36.645482117828	0
120.61544178716	38.281482430373	0
159.87942957806	25.395325005791	0
167.76023952525	20.896161959581	0
44.723948589788	36.95940106401	0
46.308452676006	34.010974841592	0
46.298633804992	41.371849985184	0
40.416718494768	28.190242189808	0
38.843057037266	26.220680202625	0
43.139805899273	28.861334194061	0
48.092703576606	25.181186569556	0
45.186849955786	26.443349339871	0
42.851979699462	33.107429431478	0
36.097945651089	39.074440414031	0
36.501260536683	41.654945571385	0
35.852184855516	45.014160634117	0
30.482757862431	35.12703036222	0
33.007316574857	37.055490132724	0
26.48713571496	34.641077659912	0
28.395486996963	35.619614330942	0
26.112439104009	37.721924973208	0
27.301910457321	31.9926098948	0
25.331975576287	32.836141591156	0
23.880274968882	35.037350444408	0
90.290353921928	36.698917168435	0
86.581915419797	30.101974355702	0
84.14876875439	25.292480126869	0
77.448841595078	29.560097888374	0
51.36368449407	39.684336014156	0
63.612036981746	35.247800221652	0
61.138163193123	34.571216738089	0
67.591079211015	32.776555972465	0
58.044714796332	29.851930383521	0
65.962899417794	34.593987190822	0
60.142091940144	31.850625666737	0
69.01418481995	35.689505072751	0
53.741775726551	34.469892659841	0
0	57.3757	0
3.9280549272795	61.564191322141	0
0	51.1257	0
8.0544546310111	53.202766561033	0
112.74691159901	34.294862917052	0
113.13135100639	31.039457951079	0
118.83388206308	33.059865579306	0
118.90807815235	36.90105358593	0
72.737581884575	39.743105179442	0
74.162657034678	37.411284323676	0
72.322000950112	34.356840348767	0
76.201873773751	34.276826198438	0
78.634384520659	38.9827968411	0
119.34617368868	18.916513015389	0
112.73853444036	17.771359245785	0
117.29111967896	23.942971893159	0
189.72997381845	12.227407830954	0
183.88030846846	17.274482903528	0
178.46776179491	16.623697931853	0
176.41452016553	12.570915097092	0
166.28751969702	23.853056253486	0
46.559772986415	36.046010755773	0
48.86539584494	34.728237261449	0
48.833416280449	29.926031193321	0
48.158578947503	32.331734686001	0
46.001825311473	29.312322597654	0
51.4977710085	31.970927172391	0
43.847579683915	21.387780565532	0
34.549959309279	35.448033113739	0
27.794929151359	41.072638117084	0
93.676672607395	36.508712549504	0
80.458917414644	27.642785546671	0
58.672472286311	33.931325265022	0
63.375780978098	26.357465989089	0
68.887452800995	38.30497672578	0
70.461213371965	39.964545002708	0
55.10003441406	36.010897091619	0
56.089798761613	33.76941315238	0
57.49560679374	32.024428499441	0
54.505106873355	31.053970120791	0
9.1052964801019	48.948804402091	0
10.445138580465	52.276313918705	0
7.413758850365	55.132780642657	0
107.21565585821	26.913948363823	0
117.06797427465	34.280258244861	0
116.61965422561	31.743708951046	0
119.25129801168	29.837004017642	0
71.008130283884	35.867181839644	0
70.013093319406	33.397393856234	0
70.132285158023	27.897600087863	0
69.430965594459	30.633589501284	0
65.787892893026	29.36707586541	0
73.45466686109	30.207110079125	0
67.360258551778	30.717061599784	0
65.25922303274	31.995219997505	0
71.363396815492	29.67105223165	0
73.128684736945	27.131569695063	0
71.938164329514	32.02262710731	0
74.395492728572	32.534108806305	0
76.751993001494	31.899066523289	0
81.034328495672	31.901611810788	0
78.893539083739	31.263806724992	0
79.326943489879	33.720763855007	0
81.557642227699	34.103592063684	0
77.359717455165	35.973957816485	0
112.64176660258	20.73163772373	0
110.31432257317	16.526959394522	0
107.20778837707	17.628352576815	0
110.77576394129	14.190215314944	0
119.48594431959	23.295652565883	0
121.66775717933	26.648801123404	0
188.40315480933	14.279435512603	0
193.46321120274	16.096246220718	0
190.51257815272	16.359280614122	0
183.81510582724	14.978455399178	0
179.43690382963	14.743261153605	0
164.03591188044	23.022384698588	0
163.73366533363	19.092796446072	0
169.50401858572	23.609874720243	0
167.78898045419	25.621556437333	0
46.228044884067	31.430721057356	0
47.844371394406	27.650191697797	0
52.44520440771	26.865951651584	0
50.263055247818	27.95190045326	0
52.391301770791	29.493061032497	0
51.29363540191	34.411246630978	0
43.713856234357	24.128382603737	0
40.903957457416	23.671007623777	0
46.329403598236	22.882440769496	0
27.715363260045	39.014820407936	0
30.018289750271	39.956224410893	0
25.492002661133	40.131234114127	0
32.169148182343	40.454160351719	0
23.366940290514	38.299455028062	0
24.626426361524	45.536155414421	0
20.03834224289	39.364483141569	0
25.689868303055	42.934691419923	0
28.729561928983	45.695367541232	0
21.785626790475	42.856784389138	0
26.706987181778	44.868567393081	0
26.583203639966	48.058655128546	0
23.098563785808	40.75934180981	0
23.722723743871	43.648642415776	0
21.727615811925	45.763952950893	0
82.154093141971	26.563018278939	0
62.399886028374	29.481357196524	0
66.719179476704	38.951722595684	0
7.778346777619	50.877786545127	0
0	48.0007	0
109.6921331922	29.666954757542	0
116.95791715315	29.441124659334	0
113.96725974773	27.660951834732	0
122.19119130854	31.856232763487	0
70.764811929734	24.128423858885	0
75.22191559579	28.464750257147	0
76.817193786784	23.650114760534	0
75.412151500637	25.856175931086	0
73.93961038576	23.36784629417	0
78.177217249684	26.06678180664	0
79.60488683921	23.672312173749	0
78.241629259944	19.819657964233	0
81.620926428554	22.036053676749	0
78.224321293026	21.99330309417	0
75.605386731611	21.194987554176	0
79.645059149309	17.528546176659	0
82.052751584609	19.536353277667	0
109.39974398712	23.358527333223	0
104.81963013828	14.907629470127	0
119.62398305031	27.609611859991	0
191.78732013091	13.977784320855	0
194.50898008054	8.6945535602683	0
195.66468626269	12.632564267697	0
192.53169533671	11.018601843529	0
193.96040621373	13.980800796344	0
196.74690147657	15.751864048978	0
192.5514686284	22.549750072617	0
172.19644717341	19.962656814178	0
172.33675576258	24.991533318749	0
39.369327788998	21.642699943634	0
41.531871029355	20.169886850101	0
44.036637170818	18.217809452979	0
50.484774479149	21.520639107545	0
30.683237825423	49.626027341941	0
16.123372723968	44.197960237055	0
59.99678396393	27.016255734466	0
64.055434285868	28.284166839197	0
66.469496651431	26.349368365426	0
5.8823947974047	48.152661926643	0
111.07300383167	31.202016535481	0
113.56137660423	24.147159942937	0
120.20453151126	31.598926184237	0
71.282380570526	26.152942039766	0
76.191735987052	19.104656442306	0
107.266355431	20.890279216028	0
110.52213953683	21.429707006756	0
106.7092291707	15.657487291412	0
190.34048207533	9.7911578447508	0
191.62693587311	6.2102141498881	0
194.62734056358	10.798408330911	0
199.07585123416	9.4928833678567	0
192.25433604224	19.216614745385	0
170.15602563956	21.273792022314	0
169.45412968791	17.938238700246	0
172.36887691291	22.474241521865	0
174.45502427265	21.069308327904	0
177.26152231362	24.070520822976	0
174.65536850828	23.762268449762	0
46.605597626286	19.850897858536	0
41.370908934827	17.380344690375	0
41.850534813327	14.713832099518	0
48.646146975705	22.930995936459	0
51.160356682575	24.305021527788	0
28.939161325034	48.042041933908	0
31.83993879547	46.600253706928	0
27.782460354988	51.067815568921	0
19.127535981675	44.257906692377	0
67.828078366177	28.242058602093	0
64.908858397123	21.08857704432	0
9.1996497899656	41.645387401728	0
3.722199436846	49.578242134278	0
2.9916976504416	46.121833294165	0
2.8470090650231	52.201002584092	0
115.38280815033	23.251581643333	0
115.45329109538	25.694937567052	0
106.28561080971	23.894072493368	0
102.50911448865	19.344205155918	0
199.27166798143	13.128534537821	0
196.81838159274	20.489564196104	0
188.00236130706	21.275468952396	0
49.448506734802	18.587155489718	0
43.704848174007	15.990875626003	0
54.408741717126	22.042706746135	0
49.970091151803	25.945989334707	0
30.720231103126	44.650927067182	0
28.735940757882	43.288230172691	0
33.334172702223	44.154873166863	0
33.648593136178	49.025651217726	0
30.22718814622	52.347462365452	0
30.016731803326	56.078921516618	0
24.191579731469	50.755355023777	0
18.814024219277	47.796609974601	0
17.68074400142	41.457141931566	0
64.916343394784	23.948237549856	0
8.3003002044883	45.286086625489	0
1.5331780116989	49.5632	0
102.05378921478	26.850519094514	0
105.15440297942	19.296709681359	0
103.88073026582	22.047955787948	0
103.79356435595	17.19319898635	0
101.03384420611	17.004262904041	0
99.3471183821	19.702728027363	0
101.70110402027	14.267923946315	0
99.886992411738	13.195186130607	0
197.34202387027	13.79800857395	0
194.29612935787	20.71441055123	0
195.33800519795	18.142510093153	0
195.85511449383	23.943271579582	0
189.20269924409	18.789408849767	0
190.51821208275	21.051193255805	0
189.55638460501	24.484859776802	0
49.18607101439	16.228869532804	0
51.506081714765	19.510082035908	0
52.345422030147	22.543335557166	0
53.953493139108	24.668674900768	0
57.703909739865	23.966416504853	0
55.708497979583	27.489682327623	0
33.250809082035	51.279854609789	0
34.20758593936	46.721733389908	0
35.79069623805	49.250410516903	0
30.912882496067	58.630258826433	0
23.366314242567	48.058881800468	0
21.833500493755	50.002529424372	0
26.065602843007	50.008490625833	0
17.591987319544	45.905104052596	0
14.494575273887	47.084454088485	0
19.920873040199	41.606511309995	0
13.42466831018	40.851649443024	0
17.743142904214	39.153071330416	0
14.861848904205	38.166599343895	0
67.887645112367	22.51062028917	0
7.7988276409591	47.316121221891	0
104.64491813353	26.052517214874	0
104.64178337699	30.328467391635	0
102.70157544417	24.348168591904	0
105.35802408246	28.191016239874	0
107.16534053153	29.985360261482	0
99.063110116012	24.741296885377	0
101.01577466511	22.031638301203	0
106.1838619631	32.218523832752	0
103.91766179378	32.493382764724	0
101.13319106462	30.358472213382	0
108.61238404214	31.953600343829	0
108.57822030729	34.343851526207	0
110.67519175777	35.764634338019	0
98.530229440037	17.455354766779	0
97.13431647085	20.956442283866	0
61.306523557225	22.527845998078	0
55.973135293635	29.564321479326	0
56.020049994249	25.339444195569	0
57.897685301028	27.660979414668	0
16.565402714801	47.866064202572	0
13.885097034089	49.279146598886	0
11.609151975681	47.465130084405	0
15.433396496014	41.993036879966	0
12.980906742473	43.97090006424	0
10.632342525673	37.629896716759	0
15.566698901506	36.111775132929	0
68.439824220049	24.895939068869	0
68.31375692371	17.78714590136	0
70.26030955359	21.658314865771	0
68.387988958675	20.174799777501	0
70.736992758121	18.906788498287	0
70.696828719388	15.81159651594	0
98.798537907952	22.492233092251	0
96.693163606082	23.879995741222	0
63.393030155823	22.522384686507	0
62.342890055849	19.893997365965	0
11.232274968694	49.683706835052	0
15.852375315706	39.97455057353	0
11.484682038194	42.166847717307	0
10.586115822271	44.434577695173	0
12.644481937742	38.706899978797	0
12.695805126924	36.192896514589	0
10.06731307942	34.618525620002	0
68.332268817101	15.384372200635	0
64.829543775147	16.55884402049	0
72.623160032599	14.562272509569	0
72.327462789386	17.338293553087	0
58.41613615569	19.869717640278	0
12.169186708254	33.861975737407	0
0	35.5007	0
6.6593731632838	31.466084111386	0
64.39837204909	18.831954644562	0
60.384641876283	19.052382743914	0
58.433068143227	17.131311574367	0
56.070544407097	18.485959104816	0
56.307919336917	20.763458690396	0
55.894796929906	15.441992566282	0
7.5489365094357	36.649747877578	0
8.9143500649028	32.446640028817	0
6.8543815329055	34.100779340876	0
8.6389591273391	29.996799972581	0
5.595643419888	27.964703698628	0
3.0709010839772	33.056251221033	0
4.2441167050158	36.181148697413	0
54.704377549743	13.63943088118	0
58.02481617247	14.993139038994	0
8.4615895478187	39.118722218958	0
4.5989105760348	41.618172780807	0
6.9033425035445	40.945028749684	0
6.3998291414565	43.502360242597	0
5.0434859612591	38.859073836431	0
4.038335049486	43.956733034318	0
0	38.6257	0
5.6114089069164	45.76857156299	0
0	44.8757	0
2.3174172154521	42.307744557197	0
2.2322214069517	35.15381176929	0
2.5493713348006	38.145305349322	0
1.6129866157384	40.180807303911	0
4.793184440659	34.192320437571	0
56.764381802175	13.335673776321	0
1.9810711318833	44.333852394666	0
240	4.5832650750523	0
207.15218345291	-15.330928761166	0
209.19228810062	-12.901691510918	0
206.14238191423	-13.530897911862	0
205.45891108524	-16.703757134983	0
210.93270608167	-14.083634500826	0
211.49372538974	-11.385170946503	0
213.74572420183	-11.561110285896	0
214.58213852981	-6.9333708796429	0
214.73639791118	-9.3507077789071	0
216.80721488635	-8.0049707543553	0
211.83173082617	-8.3224751507658	0
208.89142326321	-9.5479761196516	0
210.23065856508	-1.7349364919678	0
205.81841886517	-8.1421305461767	0
211.79983793805	-4.8418904662147	0
209.39010811091	-6.6044094827245	0
209.40791956892	-4.1002011770436	0
204.75150479102	-1.1547793360156	0
207.42338812807	-2.0841732547865	0
208.07875335955	4.1052649769776	0
205.01975376088	-4.6889501460709	0
207.34036827612	-5.3376629860665	0
207.0288784171	1.0870147947282	0
210.34709843867	1.6245181912596	0
202.18061807506	4.4651651171398	0
208.90879753967	-0.0073750618082653	0
213.85564779535	-0.1788346208001	0
205.07914464747	3.4569351048336	0
211.67673939728	-0.103312894104	0
212.68623555957	-2.4479759612924	0
215.02562442748	-2.2176889692665	0
214.52814056945	7.7250172169923	0
205.42476878619	9.121111636751	0
202.70702684966	1.3079666957794	0
211.72580472855	5.1626175592204	0
204.4565317928	6.3375596501146	0
204.85857715055	1.0141049269737	0
197.0194505696	1.982144777364	0
200.69455793242	-2.4427052064886	0
210.16323711225	3.733837087289	0
207.30613670736	6.9065195192352	0
202.21347577002	8.6779621716489	0
199.96133826922	2.4726541759752	0
202.46173485116	-0.97566224623672	0
202.95810103172	-3.3714554216471	0
200.98888145646	-4.9481023977848	0
210.44522269101	11.479712633313	0
203.3085579507	12.59935330478	0
199.99620840874	6.5887290761981	0
198.89491980896	-0.19878903481905	0
208.25507133396	9.619107931858	0
201.16391687683	11.084661636666	0
203.61191962121	10.401035828219	0
205.99297902875	11.849705644495	0
206.25695347583	17.976133942117	0
205.410126013	14.943720701722	0
197.11082739488	7.2722339531551	0
198.10371134924	4.5465765831795	0
194.63964039717	4.499778812622	0
195.41117340758	-1.2977360178294	0
210.0780601933	7.4591032528582	0
212.31890621649	7.3275489788434	0
212.95783475253	10.114704620708	0
208.40536286384	13.906059114632	0
201.30035020879	17.725859465278	0
195.06038859262	6.6123067256709	0
210.94622177344	9.406891990767	0
218.86309972518	12.284377024682	0
208.1443134982	11.769100914129	0
202.65456479688	15.299755357575	0
203.79499483006	17.527329234748	0
200.1444630563	15.489657658087	0
201.38162867183	13.562076832193	0
204.28473327634	21.817875180046	0
204.68932136128	19.598470799171	0
208.02493262052	21.253051756145	0
202.10430327909	20.273812417701	0
201.64739564233	23.230594759713	0
199.43415154208	19.715511015381	0
197.75871776029	17.958645276939	0
198.82337289848	22.45827986962	0
214.19346516894	16.701548027286	0
216.16362765551	10.510506230101	0
204.23248162489	24.888447726007	0
211.65504423117	14.567465803134	0
221.31403537717	5.6135891078599	0
215.90926105407	13.838560944957	0
205.75998278762	26.300699776438	0
203.66909689943	28.007215748313	0
210.64398706602	18.346810612067	0
219.31021066866	8.6630044596783	0
220.15874052368	18.33091955313	0
213.84065774664	14.54447549348	0
214.34679359731	12.045391864322	0
201.88520568483	26.074697785448	0
212.03377945773	16.69369806263	0
218.19288862874	10.363342302087	0
216.91917561905	8.1940108383353	0
216.58474532199	3.5694975144701	0
216.12227186847	5.9272912808493	0
214.13816125176	4.3138613391335	0
212.82151154835	2.1531626621892	0
218.68401920253	5.2055163497108	0
215.11243627207	1.7737898974223	0
217.96852469529	0.93350001595691	0
220.41642445856	2.7194410194379	0
217.40444262103	16.680261386718	0
212.28322281003	12.540448897985	0
221.48464196621	-1.3152883638429	0
225.09995273736	2.8531291124433	0
218.1337711731	14.4823192057	0
222.41941725094	14.684421457757	0
215.83692783762	22.419073657189	0
220.16461889858	0.49400105191804	0
222.9035427774	1.1060911610826	0
223.69459022057	-0.98387324332817	0
222.73534689407	3.5865041707632	0
224.99072555331	6.6797122715952	0
215.81644931369	19.329996337797	0
218.45389008751	20.857118402354	0
212.83942441703	20.894338568018	0
224.71891495538	23.24680857368	0
213.66205998138	18.844968995041	0
212.20676637469	25.846881881209	0
210.40945406419	20.768697454219	0
211.49991409635	23.239904880517	0
213.88836773324	23.991618730431	0
209.80857000989	25.097809661587	0
218.2319616917	27.380304844337	0
209.98301670605	28.752824482421	0
216.45556135712	25.179145157237	0
221.86523491953	21.320951606685	0
214.77718369491	28.351028478579	0
219.8681789184	24.24244622924	0
214.44933648466	26.147558673154	0
217.98323906522	23.041830063561	0
219.04733395881	37.681298361823	0
220.42958185338	39.290999555341	0
216.52917272389	34.770134787558	0
220.95357642926	35.486137894396	0
217.12855762495	36.796354444219	0
167.86626475844	-2.3821312983322	0
228.20615921965	-6.5539509321888	0
148.26056459345	41.855758629882	0
61.648148303861	11.965756297187	0
63.088745048852	14.366267389744	0
65.35999720373	13.817166391441	0
61.211224891139	15.067466813942	0
83.994233424814	12.576873226288	0
87.905017618958	14.961230968372	0
93.874451597317	56.179403591874	0
197.09798496518	30.440880561132	0
221.78399771888	-4.8757464561186	0
223.37006130484	-3.2394651943058	0
169.5	41.327942378675	0
182.59131855085	38.054960086647	0
179.16309883236	38.35102867472	0
178.3910605283	35.811585510905	0
180.5573231302	34.298882610205	0
178.23554772914	33.281436714166	0
84.127930061829	15.171417607477	0
34.298957636703	54.899889205369	0
96.515335311502	53.727888648322	0
142.01966923185	-4.1131802465677	0
142.95242553377	-1.8945848886863	0
192.96233980012	37.100553324624	0
189.94748736623	36.040245906284	0
190.22554202051	33.485200733943	0
192.65436446642	29.68887369446	0
193.08581055217	32.64002741567	0
190.88942495249	31.23481901584	0
189.20682801863	28.060503025449	0
194.73626196167	30.89162381039	0
195.3114567023	27.492788967904	0
196.32934912066	32.826157672825	0
198.6305234343	32.251210253991	0
194.20756675401	34.762988231768	0
64.44171170099	52.200169952038	0
72.95480840017	46.876423300779	0
93.065727298979	51.740750347552	0
82.159731944035	52.892328629983	0
77.760123208122	52.927473925935	0
121.17213935385	1.6126095946618	0
138.93323186798	-2.0169985153787	0
142.09056113602	1.1058991297455	0
143.56792000917	4.6497113571818	0
135.04026378345	4.204865406297	0
152.69772443533	5.3435049552026	0
194.39072833815	-10.606064315534	0
191.85743923776	-7.7925194713457	0
193.98667875451	-4.7379344733243	0
193.68059480315	-6.7939745489126	0
227.79647092154	32.240020140804	0
232.60571634472	27.463623063947	0
44.049063958705	11.18738419883	0
101.02905220321	9.2453277827002	0
149.97351890582	2.783881890724	0
148.89868783945	6.6573208636244	0
148.68180165361	4.5112920459326	0
146.15922842156	5.8502074021023	0
145.79964769221	12.123293006424	0
146.71139047625	9.028706587677	0
152.03070240698	11.740642858221	0
141.7736241365	9.2555211209216	0
148.87937823611	11.349054520473	0
143.8601174791	7.4159522566295	0
144.2805985974	9.9959399829636	0
141.95245913666	13.264381366788	0
149.06363532134	9.0039062965315	0
149.62858719234	18.195766173599	0
148.1336373104	14.895005375591	0
147.64221881324	12.940263286434	0
150.21442412592	13.481217983602	0
154.79607348195	16.444213295294	0
152.85622890427	14.419998698804	0
155.66586245402	12.087479924169	0
152.12500192968	17.062350725158	0
155.07551892296	14.234812379825	0
158.18088066646	13.93372213117	0
154.70339957751	22.123888656109	0
150.2453914675	15.764921130951	0
152.07763456547	20.273979769656	0
157.8333980885	11.770929827588	0
160.24888730825	14.265649266172	0
158.63692433598	17.700549477793	0
154.73970946415	19.283887366471	0
151.52740781002	23.843435868191	0
156.44664594989	17.897371530728	0
157.82388079057	20.938181900502	0
152.68856269548	22.19528990049	0
160.48066200807	19.884457298764	0
157.17839163923	23.938430460146	0
160.8794986318	17.677513833065	0
159.31777557608	22.829147464381	0
157.87849861091	25.87272168853	0
155.01682825597	26.055826879454	0
153.0416834802	25.313076640003	0
130.46291448104	38.835373282739	0
36.918094502916	52.859763657616	0
2.0685501865094	22.7507	0
2.312223779226	20.593355069764	0
5.0685272193312	24.521299421093	0
13.20524381587	66.384793337114	0
11.094634535175	66.368987776396	0
22.878601881951	62.900640209725	0
187.36467317399	-3.1865448290396	0
186.92441328895	-5.6021520613938	0
190.16876400807	-4.9455320455969	0
189.82315992702	-2.193238853674	0
191.99488972237	-3.3183810901382	0
188.90211997317	-7.0305175752079	0
187.96263972546	3.0041817193886	0
190.2110849702	1.5998785023723	0
193.02810015131	2.129363814663	0
190.22178479647	4.1191668601686	0
193.8743986082	0.17574856820855	0
38.139178855353	17.28526924857	0
20.34165008297	19.255561468637	0
19.479116819868	21.442923302655	0
27.975349378164	61.036309493531	0
25.909438979277	56.429746869646	0
27.767860673181	54.070821716259	0
28.033902142941	57.083422322935	0
25.843589476583	52.559927945019	0
25.174525007913	54.506782576327	0
163.18414609006	13.384022561094	0
69.716879961923	43.222839437555	0
20.879788623326	55.71753163082	0
18.29637661639	51.577518560961	0
112.97360516242	2.3593011381378	0
110.39214721119	3.8205781014772	0
128.64958941214	14.994979498688	0
131.46385147492	15.183509014932	0
136.20275175189	9.6098736702141	0
26.870161010391	27.468874515487	0
19.266132447404	30.20909927885	0
12.944930497033	20.090014561526	0
10.493487609386	20.200489124193	0
14.203048586981	21.88797861375	0
11.655505230705	23.99608946544	0
84.524208479994	18.699098439703	0
114.68607517701	43.223555379138	0
115.39480742091	45.330839962058	0
76.612667536213	48.675576020739	0
80.323621244233	47.025895649853	0
169.27638811895	28.963343624722	0
172.10446419829	28.021759425088	0
182.32095332954	29.474733988585	0
183.27981567642	24.071141899793	0
185.84558945861	29.16540897203	0
182.03284512972	26.636738802456	0
186.37099184727	31.31981503942	0
179.59396924596	25.452570527858	0
177.27029219228	26.833349493565	0
180.27091873019	21.650873838689	0
184.9039907772	26.446382535879	0
186.2842049743	23.759679616443	0
187.06814750847	27.219486197613	0
184.45385645921	20.750013160338	0
187.66702743378	25.265070242368	0
52.632704251359	44.823483181809	0
103.44876847077	35.307755552144	0
127.53852073639	27.578674717677	0
128.89324617685	21.096801151707	0
132.4640333693	25.401497937926	0
85.320671252307	34.609050709325	0
104.94178638961	10.216673541768	0
106.47297316393	7.8567832893324	0
105.90879536196	12.588923717805	0
107.3092474888	5.6853563421591	0
171.90089405935	13.975591637973	0
173.30354231138	16.907177140768	0
174.75001008009	18.747350233697	0
169.47568347403	15.214837749013	0
171.15577460219	16.589920245248	0
166.67157226869	16.554430965582	0
164.33931425924	15.616621893531	0
167.34321662707	18.693373935952	0
161.63541006991	26.770496483025	0
37.811113649233	45.870732496753	0
90.752786893206	39.069548639217	0
74.281345580565	35.257934562823	0
181.15904674667	17.073748080311	0
179.43461451168	19.113873194488	0
182.05812538978	19.582559263352	0
95.217115765835	33.226840902388	0
94.353626138818	38.743739247022	0
82.42023266589	29.546076852398	0
84.557955038237	29.398190524475	0
83.251093162584	31.62039575157	0
80.331305203695	29.736487870747	0
122.67196402154	24.651812267969	0
124.37932213081	26.761357656422	0
122.92193700066	29.152757807896	0
125.44170789889	31.284345810261	0
125.51639139961	28.880539963668	0
127.57525418083	29.857105508782	0
130.27489754396	28.674069658888	0
126.87198881353	32.70796562994	0
124.03364042442	32.804768167666	0
130.68139103907	30.854867887841	0
129.77061953064	25.968260746138	0
132.51841321601	27.806354487142	0
137.64383656381	26.487412684957	0
135.47302543926	28.669813727715	0
135.03005650725	26.058355339128	0
134.63727569045	22.252227058649	0
139.14356943861	30.150022937066	0
135.11191091197	31.142499964412	0
137.44056087558	31.917007482033	0
137.62069948244	28.635240375421	0
140.17645298732	27.588733297865	0
141.47412869816	29.600951804883	0
141.17776662669	21.823409545382	0
143.72508052824	26.724773953806	0
139.97709561752	24.584493903036	0
138.99741693834	33.289496442712	0
137.22914992084	23.597026470065	0
142.71879550482	24.13513447756	0
141.67655609695	26.030460461982	0
144.74603982339	21.11424603907	0
137.73765003638	19.446878098652	0
136.7101509855	21.427209357806	0
134.56671355587	19.058356671849	0
132.25007322535	17.733689550311	0
133.81555793485	15.854763425655	0
136.59220132389	16.760301341231	0
133.21367404339	20.685964012747	0
138.79014850803	14.273017123839	0
137.26841028893	12.06797582673	0
139.01478418566	9.8508241098336	0
137.78516904497	7.6716452479921	0
140.77298597615	11.308578557417	0
135.41843484349	7.3544616960375	0
140.3015024045	5.8498472855951	0
133.29463374584	9.3570897106594	0
140.05425384112	7.9777252524781	0
141.57191035909	17.532883476764	0
141.57431290024	4.268880953553	0
139.05886168474	17.29609127345	0
140.86568707662	15.318707173037	0
143.8543929105	15.585158570335	0
144.09887220758	13.445072534142	0
144.24834316121	18.358067624299	0
142.68266887502	20.063814085374	0
146.2235046775	16.663015246503	0
165.3202703214	20.947179668365	0
19.686464857816	37.274028920235	0
114.802346832	29.66023194906	0
111.96813681723	28.958992749081	0
110.06208560922	26.843797176809	0
121.85508584507	34.173309590561	0
60.18565885717	29.236012938599	0
192.21424977419	8.4427577025299	0
197.67291955029	11.391544435809	0
196.60571125708	9.4391633647767	0
32.058186476547	55.516844429764	0
23.173643647219	52.803507840819	0
51.501481258822	16.749462486259	0
21.052976349583	47.901417046491	0
99.509221478086	27.283615067961	0
102.87549299715	28.940933861381	0
61.352852106607	24.97666392312	0
59.042725269676	22.08891354571	0
0	32.3757	0
4.0206575378153	30.355461406246	0
1.7327769494855	30.8132	0
2.5887492398672	27.697983065351	0
0	27.0007	0
2.4470447603624	25.211892479195	0
4.2179587238092	26.413552018297	0
240	-4.4167349249477	0
205.01085009113	-9.9841535478671	0
214.21867687709	-4.5204944082816	0
216.53672608406	-5.4051300906305	0
201.6873781618	-7.5991386523477	0
203.06855549568	-5.8176868731563	0
206.34876658918	22.819670965975	0
208.38437438166	18.943730535756	0
208.24652363417	16.424276774534	0
219.63831233998	-2.970146618924	0
222.39724335681	10.882430845292	0
232.40387116578	4.9764649267443	0
223.92736383764	27.458513754952	0
208.00995405461	29.775122103093	0
210.09874677825	31.391368243487	0
212.49847057222	29.964303216997	0
211.92595756893	27.93581990905	0
215.38990650672	31.632437295294	0
217.0013357648	29.633632402132	0
220.6567968006	30.167306476257	0
214.04906121799	33.894961420285	0
211.98502238345	32.783407395707	0
208.35638074858	27.029176215332	0
223.94311296616	18.153060937165	0
220.00912201217	22.195476690691	0
222.29651259111	23.759076037183	0
165.80311396639	-2.7547695129595	0
167.51132033368	-4.8750143735525	0
170.27226821873	-1.4700089179601	0
168.31119666102	0.073572338419493	0
172.42081475647	-1.8027787070336	0
227.04893407844	-4.1402469707616	0
232.79911626651	-2.8676439410444	0
230.07251427739	-4.1748847718606	0
233.03025236161	-8.416804605635	0
229.67376621689	0.15396238461667	0
228.29368437456	-1.9517816417363	0
232.46173270599	-5.6610908141175	0
230.6213339387	-7.4772770372978	0
236.43537296504	-6.2778072392351	0
230.90064445297	-10.319092281891	0
234.33339163231	-6.7114581165817	0
240	-12.416734924948	0
230.67601882437	-1.9365047188576	0
232.99266373575	0.45967979639144	0
233.79845191288	-11.646823118858	0
235.96495894121	-9.3087887850032	0
231.12993664335	2.5136301532247	0
228.59559723883	5.3854487094599	0
228.34030855881	2.6059913643572	0
227.14094544612	0.36516236334286	0
236.59255908267	2.0628382183018	0
233.16585023491	-13.815675004008	0
236.63797828809	-13.651727589614	0
240	-8.4167349249477	0
225.02012363094	0.70649852865117	0
234.53724230912	-1.2994580795987	0
235.27815563001	-3.8679962582795	0
240	0.083265075052267	0
237.62988978962	-4.2214276817677	0
236.01194363392	-11.525125481601	0
237.80097195793	-8.0417461081284	0
240	-2.1667349249477	0
237.37838291258	-1.0417349249477	0
227.14437290137	-8.4412268711325	0
198.27914600579	27.837242897682	0
196.99616679641	25.934432614667	0
183.11530592056	34.539138249939	0
192.03698659066	26.532272641432	0
191.66262097724	24.459417276486	0
144.73376898234	2.5593204678051	0
153.68748857487	3.5705779084417	0
196.27366322739	-5.9542365014127	0
197.8918750358	-3.4528670813609	0
197.3959805886	-1.518381915903	0
195.72441758785	-3.4424639950828	0
230.41090790307	29.643440416254	0
228.34109929169	25.754439780265	0
233.64271149496	30.702609850942	0
228.64692436872	28.086971525125	0
226.26793888275	27.916969037798	0
225.51129149835	25.57596338605	0
231.63334229358	31.373597329631	0
229.97718632006	19.128070683677	0
152.89300137238	8.5972100030626	0
155.23629096953	9.5821638607562	0
151.08348839953	9.790817062231	0
151.16742943323	7.0680608226122	0
151.04654189788	25.841094414037	0
148.99079091822	23.988172368791	0
149.27999030432	21.088699170296	0
147.05984318538	19.353703254662	0
7.2025195043174	22.347042953779	0
6.433968757358	20.34149585786	0
9.3611042697033	22.060421401367	0
5.001996606325	18.515410403507	0
7.4219351571389	25.699649358951	0
188.40748462344	5.7619917510443	0
19.639948670945	49.835578128969	0
134.78878658279	11.6640276273	0
187.86529442246	29.644489840318	0
181.05849265066	23.752232145979	0
177.99598741457	21.902732483819	0
182.52050864906	21.934641960983	0
186.05840142851	18.700133876133	0
126.93129442779	25.255627212299	0
130.79521336256	23.389682690303	0
93.57846494217	34.46015387166	0
93.226434592175	32.026528944211	0
96.80629753539	30.712621468065	0
98.606744437899	33.609996424833	0
96.118125473337	35.652218373462	0
98.27437262365	35.742380038582	0
146.38019275462	26.983237231474	0
144.64314294113	23.235855708883	0
111.28087110501	24.806608139972	0
221.10920942782	12.791002858494	0
221.96626966597	8.2252657704254	0
221.08715775193	26.873602355051	0
222.95845481829	29.617483479298	0
221.46189119313	32.790079448316	0
218.96987170261	33.716182228716	0
217.67420086888	31.825060468866	0
224.3644672694	20.694839657426	0
240	23.333265075052	0
227.77660506487	21.521520929484	0
227.04552956282	23.773115184174	0
222.09628500483	19.207096984158	0
169.6701593951	-5.4406615282607	0
166.11668301336	0.1119124243967	0
240	-16.416734924948	0
226.35196043476	4.8037172979252	0
236.5144566117	-16.176720900406	0
238.33141191299	-10.515277780055	0
240	2.3332650750523	0
234.06452729673	2.8961732945846	0
240	7.7082650750523	0
194.11970022516	25.493861885622	0
235.5	32.713531398401	0
235.67594141947	24.276119972758	0
234.67411899818	28.586898301806	0
147.01783340446	21.956611366171	0
98.891229711032	29.576278220231	0
100.3664986041	32.370040672262	0
100.26638100844	34.729613431856	0
227.00559865934	14.738797035062	0
226.73892066586	18.836870593303	0
225.77600196572	16.716495952919	0
233.00985853823	17.955867136082	0
238.82683294601	-14.416734924948	0
240	-18.416734924948	0
237.79281104688	4.0037058556999	0
224.7355301778	12.769853502643	0
224.56737931501	14.924657344612	0
225.24949750046	9.7409729458264	0
227.50273607159	8.0089365677516	0
228.35977954728	11.455538803627	0
226.76783019041	12.719834073606	0
234.58046561231	26.293332664677	0
240	17.083265075052	0
228.54561350246	16.896725623482	0
230.84237242763	25.688420519612	0
240	10.833265075052	0
229.69217432859	7.3816171073598	0
237.28774650333	26.457496600568	0
230.15750731057	14.117907465606	0
232.74842410262	21.78859399431	0
232.54316973164	10.568891995022	0
231.00541049659	16.466656295573	0
233.93580049295	14.081357628349	0
231.98410386149	19.81117909412	0
230.6311490019	11.859957653547	0
236.32229493447	9.2707650750523	0
238.49306726593	9.2707650750523	0
237.4076811002	11.825472402897	0
237.4076811002	6.7349881210836	0
240	13.958265075052	0
234.9308187774	11.369864741862	0
234.50603447788	6.993175988038	0
236.98735355667	14.978185769421	0
234.16168691121	9.1307573209289	0
232.1411729211	7.7087418729821	0
234.92221978341	16.364992034934	0
236.42305703535	20.11396488101	0
237.72144098404	29.135005891076	0
240	26.458265075052	0
240	20.208265075052	0
237.91320815449	22.055076743003	0
238.25147821531	18.645765075052	0
232.98205126107	24.318487396045	0
235.52430390557	4.8111532352737	0
235.07264642381	22.019695288707	0
164.15493683179	38.700933307797	0
165.69843721323	39.969840221423	0
161.35227302258	38.76389892754	0
162.79571719785	36.779065904598	0
55.398903352217	46.848917056915	0
57.093968509349	45.534280021447	0
187.92670466215	10.596454786477	0
220.21718598998	15.843141616707	0
175.90168362598	16.447467078762	0
177.21295948638	14.648740233418	0
140.19378192601	19.569650248376	0
145.85672140954	29.346290144305	0
230.1926758462	22.955171964659	0
0	63.6257	0
1.6849584803885	62.0632	0
1.6232012127099	65.1882	0
2.4267952419756	54.619411981799	0
3.8119810493518	59.112740880416	0
2.3024371094331	57.374208176701	0
40.5	8.2846750154457	0
41.465940705256	8.8624693429306	0
39.965940705256	9.275466820338	0
203.81102415666	-15.644022300837	0
202.72162018652	-14.439429984901	0
202.19006583102	-15.542347504042	0
33.965940705256	10.927456729968	0
34.5	9.9366649250757	0
35.465940705256	10.514459252561	0
153.00469161564	-1.3663462415201	0
152.15555416732	-2.7293840778638	0
153.47950233103	-2.6081553746861	0
174.7948039103	-1.3251193771263	0
173.26549874723	-1.1184864119714	0
173.95011991954	-2.0094116721884	0
36.433750114482	11.675461463449	0
36.732534513795	12.76064145482	0
35.230665809825	12.590431048824	0
39.732534513795	11.934646500005	0
39.610378898575	13.022471828463	0
37.813463203232	12.933497197903	0
169.29173243988	-0.69821828977031	0
171.15013726288	-0.52950324904471	0
170.16960148402	0.24228737914509	0
53.014262563036	56.287191711208	0
54.565714185599	57.319730827212	0
53.336509846163	57.484839812066	0
104.60019908583	47.810689441788	0
105.59572830031	48.591115998515	0
104.10451082747	48.974492336547	0
50.282475928487	60.107602733731	0
49.5	61.290049115782	0
48.782475928487	59.39909393211	0
101.26945471456	11.445575794546	0
100.27980146612	10.181662151604	0
102.01870545164	10.509241425642	0
52.5	11.797943568446	0
53.453212820139	13.217065247353	0
51.953212820139	13.41767959631	0
49.894209149025	15.276957418816	0
48.738087149998	15.040209166383	0
49.446225284633	14.088297052395	0
61.988037425772	9.6953454911317	0
61.5	8.5813629957558	0
63.488037425772	8.256502577477	0
47.358225537147	13.110285262789	0
47.213173894344	11.475281019888	0
48.145051642803	12.216544557062	0
171.97823049655	-9.1478712552015	0
171.74858354097	-7.8961862584495	0
170.77035304442	-8.7472653192203	0
108.32294543459	6.2494969410209	0
108.85069735	4.7529672218182	0
109.86439529578	5.31710782068	0
16.45115157641	27.236828502307	0
17.138302142031	26.02818344852	0
17.776607203507	27.190734077067	0
1.5	17.046296751411	0
2.0820613122077	18.046296751411	0
0.58206131220772	17.7507	0
4.607011386916	63.81074379986	0
3.8486386874523	63.033128143577	0
4.6864276267431	62.341806978424	0
16.620627022531	24.333732493047	0
17.946082649629	24.287638067807	0
6.9360737766081	19.392226190803	0
5.7179826818415	19.428453130683	0
6.2200877010916	18.479183463626	0
18.46679098892	28.209777307713	0
19.153941554541	27.001132253926	0
171.98322887251	-4.8434663249504	0
173.15900596775	-4.7337990877258	0
172.41560734414	-3.7445907460598	0
90.265760347188	55.217968186876	0
89.026848248855	55.696873753937	0
88.558637265447	54.392898533321	0
32.762856400599	11.842426315343	0
31.262856400599	12.255423792751	0
31.5	10.762659879891	0
29.832123790753	12.650378570057	0
28.332123790753	13.470553158731	0
28.5	11.995831945972	0
28.052941646232	16.057038097882	0
28.345117239398	15.071766668294	0
29.372071988341	15.110371212404	0
90.366985665298	57.857942817084	0
91.866985665298	57.319346328432	0
91.5	58.655345738024	0
43.024531979353	9.5295308684343	0
42.490472684609	10.520322673327	0
32.52855398947	17.970418392474	0
32.724452317914	16.431920621534	0
33.573528181741	17.321755070073	0
39.433750114482	10.849466508634	0
38.467809409226	10.271672181149	0
68.671952481786	9.4592395821982	0
68.77966398449	10.567425433586	0
67.602649754362	9.7695125687019	0
98.026143458251	5.9500225050327	0
99.674420454766	6.6558093994351	0
97.648276996515	6.8809737894498	0
29.473392319504	57.856840574684	0
29.066991068584	58.891247098373	0
27.627500892021	58.117828846624	0
58.5	10.643487093384	0
59.488763223025	10.906458480303	0
57.988763223025	11.529739664277	0
220.86169478297	-6.06799322422	0
220.40079937676	-5.1231763497398	0
219.47849644086	-6.3154231178412	0
191.45491358318	36.570399615454	0
191.28052507047	37.580285100493	0
189.77309885352	37.050131391323	0
73.477325139269	50.30719155783	0
75.025987153804	50.495536725446	0
74.060871425154	51.970085307657	0
76.380061604061	54.072966966515	0
75.304766719845	53.688445241184	0
76.684828323906	52.542952200604	0
87.019926419226	15.904136358098	0
85.967483419145	15.15259079235	0
86.852574618877	14.209685402625	0
76.550342077132	8.5849109629098	0
77.697060141507	7.3033344850841	0
77.677197717764	8.5781282330449	0
68.248875089208	5.1612702531884	0
66.748875089208	5.15958347077	0
67.5	4.1600807770379	0
74.345812848085	53.073219086803	0
74.041046128241	54.603233852713	0
34.5	59.936664925076	0
33.331653144301	58.623734810393	0
34.831653144301	58.210737332986	0
120.91810604339	-0.59686906612116	0
119.3417885263	-0.71737122852728	0
120.53829682853	-1.5416859406013	0
33.728797105855	12.420220642828	0
82.821778502547	10.374932433535	0
83.997116712407	11.572151141259	0
82.818895214955	11.379654518564	0
118.5	47.18858793918	0
117.51901034428	46.915470269741	0
119.01901034428	46.312481650807	0
118.00245243362	5.6495242200077	0
119.72094366303	5.7369700340234	0
118.94974140986	6.549293525971	0
114.55041446199	0.73653764340452	0
114.0372170432	2.1707760582595	0
113.48680258121	0.92506272328291	0
122.17271742696	3.4700654174393	0
121.96487844835	4.9802613089834	0
120.87607161788	5.1265434484426	0
97.5	55.094086515485	0
96.257667655751	54.951537771685	0
97.757667655751	53.870437392123	0
101.5145261016	7.2379962209263	0
102.6337831498	6.8074589083956	0
102.1483092514	8.8147904701694	0
58.805826104759	57.596226223967	0
59.947972287401	58.228331872182	0
58.857853817358	59.388100261196	0
77.285102250438	6.2544587363736	0
75.785102250438	6.2642886110214	0
76.5	5.2086301324461	0
68.648161531571	6.7872058424667	0
69.399286442364	5.7877031487346	0
49.5	11.290049115782	0
49.645051642803	12.925053358683	0
60.486966722037	14.374905807049	0
59.618020531805	15.030302926468	0
58.893762362703	14.337741919575	0
57.163932536567	16.286652070325	0
57.251806275162	17.808635339592	0
55.982670668502	16.963975835549	0
79.043494500051	8.6468380675571	0
77.896776435676	9.9284145453828	0
75.354076445888	7.6929045835853	0
74.56897419545	6.6470759796578	0
73.5	5.605912682804	0
73.06897419545	7.0345286553679	0
104.1337831498	6.9221897001091	0
103.5	5.345395450866	0
36.721446860039	57.077840916217	0
36.055939174978	56.114616276507	0
37.059030388108	55.770776390072	0
22.354206846446	61.780092502794	0
23.203442937568	61.004258474245	0
23.727837973073	62.124806181176	0
66.455936527788	6.7847406380709	0
65.70706143858	5.7835511619204	0
97.5	5.0940865154854	0
99.526143458251	4.8689221254707	0
92.905903813797	14.337850366777	0
93.445721939757	12.76586611463	0
94.347797299292	13.511121103595	0
90.671196928533	12.197354943987	0
89.350345812467	12.100765663657	0
90.308063877118	11.186023476739	0
111.7353782006	47.484538487145	0
113.47766205158	47.948120404133	0
112.25771614902	49.02724239144	0
101.02614345825	5.4777613870853	0
100.5	4.621825397538	0
95.026343643327	9.7465444984476	0
95.701817041387	10.601612345632	0
94.212142027191	11.084069004264	0
118.5	-2.8114120608198	0
119.48098965572	-2.5382943913809	0
117.98098965572	-1.9353057724463	0
125.67325392176	5.9434894596201	0
125.0327202121	7.3492424333465	0
124.16780549976	6.2899716454089	0
174.04803017828	-5.2644417608964	0
173.87810364997	-6.2857500730487	0
175.19950633213	-5.7175171673286	0
87.393672189924	12.273787016643	0
86.400065809398	11.864637520428	0
87.993606380526	10.680284700194	0
28.494438291153	18.648529128409	0
29.189241993157	19.491205586254	0
28.234789393037	20.022125571796	0
38.736862222595	56.145866689764	0
39.37459318601	57.1277024213	0
38.362269036585	57.715836761318	0
197.6376564011	26.885837756175	0
196.79530135404	27.665015932793	0
196.15381174935	26.713610791285	0
16.5	19.554329405562	0
17.714203765065	20.844624250454	0
16.214203765065	21.302892267442	0
24.288537032098	63.129165152624	0
23.439300940975	63.904999181173	0
175.5	38.324150693211	0
174.89477751056	36.733258715587	0
176.39477751056	36.876184964062	0
163.5	-4.2603238940764	0
164.68663892124	-2.9564228623442	0
163.18663892124	-2.5253672190359	0
20.514783484294	66.102026811632	0
22.014783484294	65.055351002644	0
22.5	65.95603396161	0
18.121277899276	67.647012392977	0
19.621277899276	66.600336583989	0
19.5	68.049385579585	0
43.5	58.290230027398	0
43.128209974428	56.725532476996	0
44.628209974428	57.144084966356	0
50.867813699275	58.776110725756	0
51.585337770788	60.667065909428	0
50.675005040286	57.33447412306	0
51.977866882588	57.893937298757	0
132.86205578838	-4.7889000483501	0
131.94108046139	-5.2574738530259	0
132.92097532699	-6.0440746166676	0
67.496344215037	7.4110498321174	0
66.454530564409	8.0350175232678	0
52.5	61.797943568446	0
53.085337770788	60.466451560471	0
100.54066955986	7.4850929488591	0
53.919034442572	49.747825122192	0
54.717634370241	49.089202492236	0
55.173506558066	50.455435995122	0
145.91425085557	38.087473219766	0
146.31711510762	39.029494011367	0
145.62173634329	39.781924175239	0
87.509252207571	56.186464980796	0
86.397177218256	56.912786498926	0
86.207650177798	55.598125618511	0
16.17800030538	51.746182749509	0
15.258906315267	53.218175899277	0
15.121173057674	51.488283664084	0
1.1512185547165	57.374954088351	0
1.1512185547165	58.937454088351	0
0	58.9382	0
161.81253265235	-2.2612152056848	0
160.70644990422	-1.7486668125718	0
160.89391725187	-3.3167198576551	0
171.63366679248	-6.6641274945424	0
172.84154424461	-7.0647334305235	0
179.48354319881	-4.3197946246226	0
178.03580245501	-3.6557389775689	0
178.88786934497	-5.3588776721738	0
10.5	67.388846588135	0
10.047317267587	66.44162537653	0
11.547317267587	67.316208988001	0
0	22.7507	0
1.0342750932547	21.7507	0
1.0342750932547	23.7507	0
72.972580321219	8.4379681131038	0
71.903606125769	7.3968048162501	0
17.01835658549	68.566981625029	0
17.139634484766	67.117932629433	0
12.602621907935	67.32411176836	0
14.620978493424	67.211347599299	0
14.01835658549	68.150666030546	0
16.5	69.554329405562	0
15.51835658549	69.025249642018	0
35.608526069809	53.879826431493	0
34.918089979348	53.144597547502	0
36.227658412455	52.124534773625	0
175.15804105795	-8.0870164748404	0
173.99302039846	-7.5178088369558	0
174.12148165259	-8.8659998323152	0
70.171280080277	50.947070845643	0
71.336352637284	50.77562006184	0
71.347136853612	51.953190923842	0
9.1262141359147	59.618517408125	0
10.856336376493	60.538103071325	0
9.4312588738781	60.959151213656	0
2.3116006063549	66.265046751411	0
1.5	67.046296751411	0
0.81160060635495	65.96945	0
199.32589630491	-15.009503844192	0
198.57589630491	-14.425643111319	0
198.75	-15.889743317331	0
48.420449698218	58.309403234275	0
48.017212413618	56.178127895995	0
49.161714572373	56.085372211779	0
15.501875593287	24.872240824047	0
16.309656100885	23.131695443334	0
73.5	55.605912682804	0
72.541046128241	54.990686528423	0
40.87459318601	56.714704943892	0
40.5	58.284675015446	0
68.831824341827	50.562941064917	0
68.842608558155	51.740511926919	0
85.5	10.419282130105	0
84.900065809398	12.012784446554	0
169.27035304442	-7.4203726245734	0
169.5	-8.6720576213255	0
184.5	-7.8229423215165	0
185.30464965667	-6.330488895383	0
183.80464965667	-6.2765380408772	0
94.611313664356	55.165724816409	0
94.937225798658	56.177295243461	0
93.548539463015	55.167833164822	0
71.041046128241	54.074887628895	0
69.591032148303	53.14320463355	0
71.632078276543	53.056324702989	0
224.24333130712	-6.1161632124936	0
225.52615910813	-7.7511034790532	0
225.86154510036	-6.806286604573	0
104.43167430096	50.82889806607	0
102.95225681068	51.089904251045	0
103.62062255167	50.01592507825	0
102.54906843257	52.325012537835	0
103.6849835785	52.926904620245	0
102.4707434511	53.349039919216	0
104.30332929852	54.705529122102	0
104.8878111694	52.930495695853	0
105.58448187088	53.68509281633	0
108.24445507943	48.69513760392	0
107.1983309912	48.586234865295	0
107.1375406469	47.536215842381	0
103.5	55.345395450866	0
102.80332929852	54.590798330389	0
20.316186989443	64.219247206032	0
18.975038156013	64.360712227536	0
19.261658176868	63.378615580902	0
100.95424946677	42.831819496898	0
101.88730982617	44.209060909976	0
100.17415662697	44.159284046015	0
68.494268990639	46.076718459917	0
69.063798363485	45.127856937237	0
70.217486915969	46.667475194341	0
46.5	9.6451614154595	0
45.713173894344	10.538902121187	0
68.646755568193	8.0374827276635	0
153.68936645991	40.594709074836	0
153.76606455718	42.06244801894	0
152.92330190273	41.370613946464	0
31.956441248034	59.489960614458	0
31.5	60.762659879891	0
30.456441248034	59.902958091866	0
53.529318505151	58.926476414761	0
54.443980734363	60.057354073779	0
110.6960736056	2.6505848606445	0
109.1960736056	3.6454685163364	0
109.5	2.4754752755037	0
70.5	5.0775664589852	0
70.899286442364	6.7035020482635	0
160.38971715779	40.535003260862	0
161.46093782018	42.301382139797	0
159.59286517646	41.419388574468	0
62.920135593829	11.879511761798	0
63.640433966324	13.079767308077	0
62.368446676356	13.166011843465	0
82.231952867282	54.021090078991	0
83.447961813262	53.118747906984	0
83.520182736509	54.247509355992	0
88.5	59.732538715327	0
87.349389624014	58.886130532595	0
88.849389624014	58.347534043944	0
13.5	69.138013811079	0
83.162460912129	58.264857817757	0
83.047787594241	57.103780896828	0
85.210248506371	57.48552405757	0
85.5	60.419282130105	0
84.662460912129	59.607015017365	0
86.162460912129	59.458868091239	0
89.216375289312	57.011534634352	0
174.48040864991	-4.1655661820057	0
160.22733185934	-0.62769812430467	0
160.98372773025	0.56788419796812	0
159.58599428489	0.63334823426493	0
86.511850536143	58.073863419855	0
88.5	9.732538715327	0
89.493606380526	10.141688211543	0
72.79715083355	52.884873919186	0
138.99268527231	41.209291861698	0
137.91617468334	41.345486355017	0
138.90885995566	40.127442840595	0
58.5	60.643487093384	0
57.357853817358	60.011381445169	0
102.10809929968	46.865295619456	0
102.27313569727	45.699646487883	0
103.27401801058	47.028416648246	0
181.95670673856	35.734588875684	0
182.85331223571	36.297049168293	0
181.69471305371	37.492499794038	0
126.52838410706	-2.5747354591926	0
125.5608485389	-3.4288936877782	0
126.96753556817	-4.1093663219633	0
200.99360813413	-12.73639578303	0
200.01917350861	-12.340220008067	0
200.12622723535	-13.941579413143	0
139.5	-7.3035343690444	0
139.96280893063	-5.5683071224046	0
138.46280893063	-5.8374373772401	0
54.242735526371	53.203664295752	0
55.024585266449	54.36623549669	0
53.461617162395	54.959511525417	0
73.429050956474	17.522538874593	0
73.579129803104	19.249017510614	0
72.477541636016	19.064772189108	0
101.66741415259	53.988906247979	0
100.5	54.621825397538	0
100.16741415259	53.380066986365	0
154.17317905517	-3.9863123914065	0
155.02231650349	-2.6232745550628	0
129.07066778501	-2.6419124007089	0
128.46753556817	-4.496647289662	0
129.60313221684	-3.8833515969932	0
134.10027060951	-4.5749870619978	0
135.0801654751	-5.3615878256394	0
135.33848543063	-4.3610740756455	0
176.14325115604	-10.484065264257	0
174.64325115604	-10.626991512732	0
175.5	-11.675849306789	0
59.135298468247	55.199942424762	0
58.304928423456	56.390756620081	0
57.544282316901	55.154241209889	0
173.47823049655	-10.057783874847	0
116.59724583117	42.455279276935	0
117.05042780143	41.014650470633	0
117.73158422909	42.709101426106	0
176.50379004914	-8.6390035644297	0
177.3605388931	-9.687861358487	0
172.5	-10.908862935618	0
210.19257432647	-10.466573533077	0
211.66272810795	-9.8538230486345	0
210.36157704469	-8.9352256352087	0
60.697972287401	57.508910415355	0
60.75	59.300784452583	0
174.535404761	-2.9254840730892	0
173.00609959792	-2.7188511079344	0
77.144028241153	11.278053463657	0
78.51032502344	11.34676329817	0
134.42097532699	-6.4313555843662	0
133.5	-6.8999293890421	0
137.62199907875	-4.6249424849437	0
137.15919014811	-6.3601697315835	0
130.5	-6.1253674536448	0
130.44108046139	-4.8701928853273	0
15.464856922919	64.719664327936	0
14.295154821272	66.144863598431	0
14.374945917517	64.959594066619	0
77.909585289389	48.711083405647	0
79.215699666176	48.176534705012	0
79.16789329103	49.922676720343	0
131.44811285193	-1.6627950369743	0
131.04421267824	-3.0154579963743	0
132.28606109648	-2.6496363253084	0
140.47264354656	-4.107695188584	0
141.50983461592	-5.5737921803883	0
154.35799661382	-5.5815393406075	0
154.5	-7.1178788859749	0
155.85799661382	-5.5377711171506	0
151.06981227298	-2.5790941332306	0
150.55231471598	-0.78459292035297	0
149.94138353703	-1.8761121088857	0
115.92258377503	47.638339370876	0
115.5	48.641200433271	0
114.42258377503	48.487963246033	0
201.05033093044	-15.989540352028	0
200.30033093044	-15.405679619155	0
200.25	-17.057464783077	0
64.20706143858	7.2756142056612	0
64.5	5.6504570383603	0
162.07399511022	37.771482416069	0
160.95039989853	37.421058554915	0
161.67212198616	36.428642043444	0
159.39391725187	-3.9578413045251	0
160.5	-4.4703896976381	0
152.81518244136	-5.5664201602308	0
147.67315682924	-4.5317083626887	0
146.66085653157	-3.1417526483773	0
145.98769970233	-4.5882953339265	0
34.913934866447	16.54158748175	0
34.649438359661	14.729434169664	0
35.793946715924	15.487764352281	0
151.5	-6.4879415627936	0
151.31518244136	-4.8927146135926	0
176.37532879501	-7.2908125690702	0
177.58060319369	-6.2688108418899	0
176.2348542025	-5.7168237523006	0
204.72945554262	-17.895470755288	0
204.3691904432	-16.725348477481	0
203.63973490058	-17.917062097785	0
159.30871645885	-1.683202776275	0
202.13973490058	-17.194132667964	0
202.5	-18.364254945771	0
125.81725379371	38.876405508664	0
125.5504569267	37.477498004534	0
126.8352692706	38.304194177764	0
207.07609172646	-16.788198643372	0
208.5	-17.107433179342	0
208.57609172646	-15.650163297136	0
205.6841002529	-10.731173116262	0
203.92646068147	-11.251641386459	0
204.59971084324	-11.998660954854	0
179.02834393748	-6.9328664889435	0
136.71499538328	-3.0749263559395	0
135.73510051769	-2.2883255922979	0
232.59723197004	2.7049017239047	0
232.06130018955	1.4866549748081	0
233.52859551624	1.677926545488	0
143.00983461592	-5.3046619255527	0
144.48769970233	-4.8472416120764	0
143.49753431826	-3.6557599330914	0
23.483805148767	16.683104383072	0
21.983805148767	17.72978019206	0
22.5	15.95603396161	0
100.5560478845	50.725010310672	0
99.682426919164	49.979680566279	0
101.26758409605	49.531601518833	0
227.62754664904	-5.3470989514752	0
225.81382568889	-4.6557966543875	0
226.3924382595	-5.8626486351011	0
123.76945664435	37.347595726631	0
123.54742371643	35.76090289627	0
124.3104085219	36.463016505074	0
234.49760565141	-8.8627966953191	0
235.14917528676	-8.0101234507925	0
233.68182199696	-7.5641313611084	0
180.92043835029	0.35420321929048	0
181.16180674823	-0.98644598261641	0
182.07922657006	0.020499823582117	0
187.14454323147	-4.3943484452167	0
185.98698624366	-3.9853147218917	0
185.76685630114	-5.1931183380688	0
197.07589630491	-13.257921645574	0
196.5	-14.138161118713	0
226.5	40.413430180351	0
225.10090880884	39.755935132942	0
226.60090880884	38.912031258289	0
96.902774924501	10.62376426489	0
97.508960879586	9.3384383617683	0
97.895717146565	10.698114786842	0
92.304211463957	56.350673499683	0
91.978299329654	55.339103072631	0
193.5	-12.03619386624	0
194.69536416907	-11.788251984251	0
193.19536416907	-10.854006197523	0
187.77447259213	-1.6476754204739	0
187.16226021206	-0.00428407553439	0
186.75246079392	-1.5431534841001	0
198.17176700111	-9.3138311258245	0
197.78502374005	-10.610564505154	0
198.91151876037	-10.240496491603	0
65.843218054305	10.124091746471	0
65.735506551601	9.0159058950835	0
217.5236669794	38.13202095683	0
216.56427881248	37.689548998028	0
218.08794579188	37.238826403021	0
71.79923745564	10.675046215445	0
70.828089481726	9.5286983605341	0
72.778360225452	9.9465921288966	0
82.627484353011	51.862510221515	0
81.06318080271	52.615031199448	0
81.530933211687	51.585212790981	0
167.68879254606	-3.6285728359423	0
168.59073986439	-5.1578379509066	0
168.76821207677	-3.9113964132964	0
230.19933440133	31.175574091754	0
228.89211591057	32.473863954029	0
229.1036894123	30.941730278529	0
210.34300674518	-12.143431228711	0
209.04185568192	-11.224833815285	0
231.26712349169	-4.917987792989	0
232.63042448625	-4.2643673775809	0
231.43581527195	-3.5212643564525	0
219.46969592353	-8.2007128740061	0
220.5	-8.4094639501337	0
220.96969592353	-7.468991068449	0
214.65926822049	-8.142039329275	0
215.77180639876	-8.6778392666312	0
215.69467670808	-7.4691708169991	0
175.42442897153	-3.4561267462597	0
226.80587566624	28.981272666469	0
225.15113363401	29.831529887219	0
224.61319685052	28.767226258548	0
22.223414730505	56.591878436653	0
23.512869934491	56.854309634388	0
22.535878493901	58.35567179104	0
205.5	-18.666326450585	0
206.22945554262	-17.47461283028	0
224.73814081033	-1.383158835198	0
223.53232576271	-2.111669218817	0
224.57587635247	-2.5109548106867	0
69.823769798321	8.8353955925476	0
166.5	43.981727767968	0
165.07975270465	43.601268633052	0
166.57975270465	42.274375938405	0
43.129493976483	55.598446086575	0
42.00228760668	54.440431602733	0
43.129213579052	54.421372932111	0
114.55672262776	5.7732702026443	0
112.81983447886	5.7846447514084	0
114.44816680387	4.4923222054437	0
139.4935565379	37.508386376378	0
140.26286633724	38.444622944025	0
139.2160607453	39.055011779629	0
136.33835846459	6.2900281208594	0
137.52172556533	6.4486198968367	0
136.60180194423	7.5130534720148	0
139.5	42.696465630956	0
140.49268527231	41.478422116533	0
123.41859271746	44.077396346818	0
124.91859271746	43.69011537912	0
124.5	45.42375641715	0
155.90259471022	-1.8557073043444	0
156.59627143436	-3.2338643210647	0
159.89001961197	9.1995483642724	0
158.61678389848	8.280435089084	0
160.12072766548	7.8287144448447	0
163.97684228256	44.573606092041	0
164.0565949872	42.866254262478	0
150.4232225703	43.121343882346	0
151.9232225703	42.447638335707	0
151.5	43.512058437206	0
76.314709390788	13.397500985604	0
77.679959865758	14.239817475248	0
76.237092427628	14.940916244408	0
55.734379675959	13.487552328751	0
54.352188774872	12.618380050334	0
55.382190901087	12.466501497905	0
101.75147237185	48.490168777129	0
100.75059005854	47.161398616766	0
168.75	41.991388725998	0
167.72656884691	40.834440062533	0
168.47656884691	40.170993715209	0
131.32307106964	40.86549953782	0
130.08915998939	39.835574061161	0
131.69682556128	39.865298759398	0
156.33226385939	41.877956908413	0
158.66430677882	42.007895966373	0
158.33204291943	43.055828395443	0
50.474993996812	17.668308987989	0
49.317288874596	17.408012511261	0
50.343776136606	16.489166009531	0
145.5	-6.2371973263878	0
64.08409886767	10.581876149631	0
65.951242070431	11.33548282325	0
118.84174193371	43.053628863706	0
120.71305726284	43.150365563253	0
119.14971758797	44.246466931954	0
121.5	46.198318352547	0
120.51051645855	45.464401475873	0
122.01051645855	45.077120508174	0
70.526183988257	11.50751407417	0
69.393804865546	12.92940705752	0
68.716587589203	11.679045430432	0
223.5	-8.2102040447862	0
224.45397265745	-7.9018230159848	0
222.95397265745	-7.3693611157752	0
122.42910917601	43.343479470144	0
15.710889498827	66.971417860616	0
16.813810812613	66.051448628564	0
145.01230029767	42.113900681151	0
146.51230029767	42.372846959301	0
145.5	43.762802673612	0
161.33204291943	44.678249601318	0
161.80888520199	43.512179587435	0
162.47684228256	45.004661735349	0
147.14258259439	41.289851798361	0
147.96621137285	40.345516091375	0
149.08419337191	40.911422922897	0
81.246851987297	12.965585036077	0
80.924388990071	11.237255555381	0
81.966020002321	11.910765291536	0
70.802892568133	8.1069415059994	0
82.5	59.225271856623	0
163.5	45.739676105924	0
55.800936870418	57.431217166639	0
55.478689587291	56.233569065782	0
140.85569575997	40.524473343049	0
141.36301048766	42.011647112307	0
129.35770274887	42.548844176818	0
130.85770274887	42.161563209119	0
130.5	43.874632546355	0
6.7975457736886	64.924427410543	0
8.2975457736886	64.971365219032	0
7.5	66.467325168174	0
205.5	31.333673549415	0
205.17630911629	29.603815733525	0
206.67630911629	30.024673658532	0
109.41033886088	49.154408550643	0
109.34954851658	48.104389527729	0
189.29935517041	39.295941701167	0
190.79935517041	38.479034398425	0
190.5	39.714959223229	0
64.695098864352	8.3895967010371	0
67.5	54.160080777038	0
66.751576409852	52.757388070406	0
68.251576409852	52.759074852825	0
207.35449949058	27.661996028987	0
206.0563005101	27.29775780954	0
207.0581817681	26.664937995885	0
165.4015569832	-3.7230745251721	0
165.08819590443	-1.9881178501316	0
182.00033031605	-7.8414900015028	0
180.50033031605	-8.7824728993288	0
181.5	-8.7099743648366	0
230.32303489169	35.901436768817	0
229.40338788482	36.586590788523	0
228.72642277651	35.66089921456	0
228.65338788482	37.272190279253	0
228.75	38.883926814969	0
227.90338788482	37.957789769982	0
213.35157063192	28.143424193815	0
213.63782713356	29.157665847788	0
212.21221407057	28.950061563024	0
170.454994822	-4.6474597557725	0
171.19839344561	-5.6366680974386	0
210.95468408027	22.004301167368	0
209.76242335844	22.246478318331	0
209.21719334236	21.010874605182	0
166.83468936241	-2.5684504056459	0
166.65721715003	-3.814891943256	0
200.64366397726	25.641341610979	0
200.52475895601	24.219290098112	0
201.76630066358	24.65264627258	0
231.82303489169	34.530237787358	0
232.5	35.45592936132	0
149.55350486703	41.956341205364	0
149.13028229673	43.020761306863	0
179.98060319446	37.640534088075	0
180.87720869161	38.202994380683	0
185.66982761283	39.978019934898	0
185.73430758002	38.934739243145	0
186.99301409781	39.206808929924	0
183.50121982295	38.880455167383	0
183.31649210682	39.922634935547	0
182.40659083473	39.097139854811	0
185.20556054752	40.914528536048	0
184.5	42.177057678484	0
183.70556054752	40.968479390554	0
70.5	55.077566458985	0
178.5	-10.591940160488	0
178.8605388931	-8.746878460661	0
32.143497631725	24.833471637672	0
30.495138755582	24.900027918894	0
31.356604909851	23.859034601975	0
62.812111577703	10.66812068502	0
159.03743395867	1.8174613151945	0
158.28103808776	0.62187899292176	0
223.97820585406	40.757892909593	0
224.0791146629	39.256493987531	0
219.0236669794	39.270056303066	0
217.5	39.720778898073	0
221.69299678074	39.774725659761	0
222.47820585406	41.290354809803	0
221.21479092669	40.806628705382	0
223.5	41.789795955214	0
179.78079369971	-2.9536877607432	0
180.63286058967	-4.6568264553481	0
133.12037574391	-3.7883862983561	0
133.5242759176	-2.4357233389561	0
202.5	31.635745054229	0
201.47306405981	31.422597790234	0
202.97306405981	30.699668360412	0
73.943728295133	9.5843159680145	0
75.334214022144	8.9676983315461	0
75.139993926378	10.476322347339	0
188.0287470325	39.347697382071	0
187.96426706531	40.390978073825	0
19.13606138357	65.699653625024	0
199.83296849406	30.424048800724	0
201.49077083673	29.541704221937	0
200.28832577696	31.368865675204	0
193.04599741604	35.066437690235	0
192.48511931512	34.004957282186	0
193.64668865309	33.701507823719	0
196.0226359904	-11.327169396172	0
196.76238774965	-12.25383476195	0
170.10543274198	-6.4681209253645	0
227.99536840923	29.066273910133	0
229.52891613589	28.86520597069	0
228.8773601764	29.844508355697	0
118.1810997297	0.19091314163649	0
117.80129051484	-0.75390373284368	0
226.07218645069	-8.5919464080641	0
226.5	-9.5865698196488	0
227.57218645069	-9.4358502827172	0
187.91326663106	-6.3163348183009	0
189.53544199062	-5.9880248104024	0
188.54658864851	-5.2738420534954	0
150.61724788591	38.794524167285	0
152.08663871346	38.76241806051	0
151.37721297791	39.934981109136	0
151.84652447303	40.979899391603	0
142.44986569916	40.01229271162	0
143.4679445927	40.085164126457	0
142.74409986886	41.13056975366	0
147.77955427753	37.560265660083	0
147.48703976525	39.254716615556	0
129.06908345086	-0.1685932761187	0
128.99738925215	1.366732744698	0
127.92751031433	0.86056988989022	0
136.73008134305	1.6108731423494	0
137.63414139922	3.3247198098517	0
136.35422202952	3.5117478781789	0
160.5	45.529610302362	0
159.83204291943	44.037128154448	0
162.60573718331	42.627794273829	0
163.7086476054	41.65545681484	0
157.5	43.907189096487	0
164.92668702251	39.33538676461	0
165.80403726281	38.857489179771	0
166.57578745353	39.491942636583	0
165.42897131126	40.931878512456	0
166.84921860662	41.312337647372	0
154.68144400662	36.909433893605	0
155.86789949356	37.429639447374	0
154.92504866169	38.181812458606	0
170.58237969545	37.449889461189	0
171.37495322512	38.767790783824	0
170.20742647033	38.683148361393	0
182.6109315593	41.185164077983	0
184.35913514874	38.260580751035	0
185.68232163373	37.48936974606	0
167.89051401312	35.912290268658	0
166.99991560418	35.287733388981	0
167.90311133763	34.655713319818	0
177.32455338103	1.6474825087936	0
176.69188881745	0.3180832468448	0
178.24779710439	0.88340948794159	0
220.5	41.590536049866	0
219.71479092669	40.074906899825	0
222.57595017712	39.186652455612	0
223.69865313191	38.184694678961	0
223.01781704819	36.627139585622	0
224.52098153397	36.696981117541	0
226.50429669365	37.300294722573	0
36.967809409226	10.684669658556	0
34.027581505168	13.505400634199	0
37.5	9.1106699702607	0
40.399607940402	13.781025359272	0
38.480536629839	14.77987605717	0
36.610378898575	13.848466783278	0
36.874875405361	15.660620095365	0
31.094980191352	13.73014500551	0
43.5	8.2902300273982	0
44.524531979353	9.9480833577944	0
41.230665809825	10.938441139194	0
41.137194517207	44.641429879018	0
42.217892436371	45.380890042573	0
40.958399312097	46.062166682545	0
40.560150242497	15.126130843749	0
41.610721874077	16.047088394947	0
40.320337303247	16.459387139177	0
59.370117499493	12.737527925676	0
60.312837374956	11.879233674192	0
60.705428428399	12.824050548672	0
59.801967946556	17.101279142735	0
60.777754813084	18.061814727508	0
59.408855009755	18.09184715914	0
78.411957891069	6.2476760065087	0
79.5	6.5409574574064	0
79.911957891069	7.5898332061168	0
80.131536608982	8.9401195184547	0
81.321778502547	9.032775233927	0
80.453315111529	10.089780095367	0
78.887290783636	13.782017023593	0
78.809673820476	15.325432282397	0
82.5	9.2252718566226	0
84.897182521805	13.017506531582	0
89.111289208648	16.216038370268	0
88.226198008917	17.158943759993	0
66.393180503882	19.503377211032	0
66.648423677899	20.631688410911	0
64.653615223106	19.960265844441	0
85.131382640662	16.00922967765	0
84.40780916346	16.962820845121	0
83.404356584627	16.125008774948	0
78.981398901982	12.494238758183	0
80.111112856701	13.579853565332	0
79.734147096505	11.144599839908	0
75.274520799943	13.092050038323	0
74.310675076012	12.595769869286	0
74.713353923297	11.589220152844	0
76.103839650308	10.972602516376	0
76.717388238072	12.390951269163	0
72.476454731983	11.925407842533	0
73.576899578081	16.134528352834	0
72.475311410992	15.950283031328	0
66.580906296124	15.971608110563	0
65.094770489438	15.188005205966	0
66.846133010415	14.600769296038	0
124.36551267674	41.327643634332	0
125.9128202316	41.38000036528	0
125.38449298979	42.396112039736	0
131.71711812125	37.309676153693	0
131.84259623213	35.708847790503	0
132.61952004921	36.575077467028	0
119.52952680282	45.191283806434	0
122.12113352175	42.150641401897	0
126.92765441638	35.794084801751	0
128.06363522629	36.064877929252	0
127.7044532135	37.176079801135	0
127.96590027233	43.355191142369	0
127.5	44.649194481752	0
126.46590027233	43.742472110068	0
116.19740371045	46.561208260086	0
115.11998748548	46.407971072848	0
117.6582114737	45.094547106888	0
90.814457496592	10.238277491872	0
91.5	8.6553457380244	0
92.314457496592	9.6996810032207	0
90.967196074291	14.810123928149	0
90.858653659072	13.352346254358	0
92.112370869481	15.050373051602	0
43.985714113454	51.25923615757	0
43.561462733296	52.872287099755	0
42.426258589407	51.650307506084	0
56.259807951268	54.477721836117	0
57.090177996059	53.286907640798	0
36.862269036585	58.128834238725	0
35.859177823454	58.47267412516	0
40.875596790635	54.410545399008	0
39.320733334832	54.001598012517	0
40.447143753447	52.854411061779	0
24.769546778933	19.687517531634	0
25.649945693509	20.357888681747	0
25.025855667164	21.271678245436	0
18.081532570995	64.859021999894	0
55.943980734363	59.892073602713	0
55.5	61.432048748423	0
57.214809953413	57.550525009095	0
56.301834551721	58.636686770525	0
61.628707789885	57.005224525818	0
62.378707789885	56.285803068991	0
62.25	57.861941538928	0
46.137973769731	58.555470717625	0
47.637973769731	59.491849616326	0
46.5	59.64516141546	0
14.186443471318	57.683225044321	0
14.498143311716	59.203492581638	0
13.0342296911	58.688393477678	0
19.788935236638	61.949362914017	0
20.402437636959	60.660560032249	0
21.216309410619	61.94834767763	0
6.7190893979291	17.431671941715	0
7.5	16.467325168174	0
8.2190893979291	17.478609750204	0
21.740704446124	63.068895384562	0
21.454084425269	64.050992031196	0
16.652787585056	64.712507231077	0
18.447786403208	62.090827935521	0
63.878707789885	54.79374002525	0
64.5	55.65045703836	0
67.504940661072	49.766513754423	0
68.833612183194	48.973072673147	0
62.624500641741	46.176033326669	0
64.145213267884	46.10831340326	0
63.439212919907	47.36278612211	0
78.943344204627	18.674102070446	0
77.216682623498	19.462157203269	0
77.91839756818	18.316601309483	0
104.96613615086	51.906468314473	0
100.15285950639	51.960118597462	0
98.985445353806	52.593037747021	0
101.73801668328	51.512039550016	0
87.405551500604	53.251869743335	0
88.644463598938	52.772964176274	0
91.26923704152	16.989498248778	0
91.808474377316	17.900474669709	0
90.856798134135	18.381822193094	0
94.868981320107	53.942075693046	0
94.346079759204	52.806169114347	0
95.992433750599	52.591982069623	0
98.294086636211	49.924729829052	0
99.005622847764	48.731321037212	0
91.510088346246	54.035127852015	0
88.651877729359	51.612322236123	0
89.804963494202	52.753351026108	0
97.220211448653	51.314582424521	0
96.543407377253	50.066222895455	0
83.699874489506	55.73714933232	0
84.915883435486	54.834807160313	0
86.027958424801	54.108485642183	0
89.208057106193	50.178272505052	0
90.024447005532	49.353256011384	0
90.628767523963	50.767692592288	0
86.113784758292	52.488551285137	0
81.652086895265	56.516483092507	0
84.372817764122	50.050433833692	0
85.193295224372	51.30667151916	0
83.915714222238	52.088929498516	0
88.047557210928	50.197885655218	0
86.570888300175	50.450055620312	0
87.127067677009	49.016005889242	0
93.144177313846	52.948506542662	0
94.267629744337	51.598412919238	0
135.65919014811	-6.2174425980139	0
136.5	-7.4299374903104	0
138.0186141658	-2.5521940015961	0
133.8041976733	-1.3556275619655	0
134.43417622501	-0.50906965384931	0
133.31993982187	-0.45041545779219	0
133.8297413225	1.6415349435058	0
133.07961952261	0.94065556332951	0
134.70004017346	1.0970218305003	0
130.6291382279	4.8609437608071	0
131.47058244431	3.5538242114149	0
131.78670002329	5.1336035717289	0
134.63851232074	-2.4943775350132	0
130.17261341119	-0.84552356467555	0
131.41446182943	-0.47970189360965	0
136.01502227339	-1.2082298153073	0
136.28088622184	0.39786166904234	0
135.18429802489	0.191809726327	0
139.37148788416	0.22998996836706	0
140.48391177379	0.89005525383897	0
139.12242460237	2.0839103594941	0
127.6267398926	6.1750255817786	0
128.80704220976	6.5975971646504	0
127.71847095125	7.4253318304294	0
130.2259915188	1.8093669895911	0
131.17414153017	0.91136912751205	0
131.26117066028	2.3831665384141	0
124.0608485389	-3.0416127200796	0
124.5	-4.5762435828503	0
132.44964097091	0.094097655213329	0
129.10273447336	-1.3516864194833	0
127.96713782469	-1.9649821121521	0
129.08441838227	2.8385301556001	0
135.24521287839	3.0013833084868	0
133.83420401157	4.0156747143169	0
134.03915310652	2.8121926165067	0
124.07800912877	-0.51332795149664	0
122.57446776267	-0.27678842809046	0
123.6181557117	-1.6577233016014	0
127.35795139644	3.3413058940561	0
128.28556363337	3.8715934133532	0
127.78769891418	4.8170033967024	0
125.99517196492	3.2274450894676	0
126.4930366841	2.2820351061185	0
126.56045079541	-1.284509477967	0
127.5	-5.3508055182476	0
126.90729212431	1.2655484156737	0
125.54451269279	1.1516876110853	0
122.10323026679	1.2401082583381	0
121.64337684973	0.095712908233315	0
147.60210262974	-1.9706306319146	0
145.91664550284	-2.0272176031524	0
138.47161629036	-0.29657672067824	0
137.56080559155	0.21083360071513	0
138.02242116916	-1.5095881939853	0
121.5	-3.801681647453	0
122.5573071728	-2.8050731966734	0
121.0573071728	-2.4177922289748	0
118.29315594543	3.5372195304464	0
119.44828390028	2.9267929448657	0
119.92878264164	4.2267741424793	0
157.5	-6.092810903513	0
157.35799661382	-4.5564713581456	0
158.63219207241	-2.6352342674442	0
158.23827482055	-3.7889041074272	0
162.99917157359	-0.9573141739526	0
158.15307402754	-1.5142655791771	0
163.62484129768	0.15449380611291	0
165.24498042792	-0.55477688145351	0
164.49654388312	0.82118311196312	0
161.97799711129	2.8051000330089	0
161.60939745435	1.6796921780336	0
163.24500440984	2.6558616545048	0
157.10678925134	0.21976530817432	0
156.4302648649	-0.73226618299492	0
164.43603163036	6.6700312147717	0
164.96911144853	8.2334579261523	0
163.95796468691	7.7056323175931	0
153.52226719288	0.27125549030213	0
152.19831902917	0.15002678712447	0
162.2507350288	0.41864581946404	0
159.19505874147	3.0379109228873	0
157.89010254434	3.0264416815442	0
179.36086920915	-7.8783940973273	0
180.46656480952	-1.9717310891884	0
179.31724741866	-1.6346992584629	0
201.97136656634	-13.428442206579	0
203.59232489199	-13.530117003374	0
199.70566495335	-11.336133124443	0
200.09240821441	-10.039399745114	0
191.98789467773	16.22776341742	0
192.85877362249	17.656430483052	0
191.38345709748	17.787947679754	0
209.21292589911	2.8648915841186	0
210.25516777546	2.6791776392743	0
209.1209952359	3.9195510321333	0
197.16467456033	33.760137544183	0
197.47993627748	32.538683963408	0
198.31526171715	33.472663834766	0
203.05884365486	25.481572755727	0
202.93993863361	24.05952124286	0
222.84597151689	-5.9683632715462	0
221.89199885944	-6.2767443003476	0
214.87286210092	-11.489183367029	0
215.36819895559	-10.383982113535	0
214.2410610565	-10.455909032402	0
223.18135750911	-5.023546397066	0
148.5	44.103756467803	0
147.63028229673	42.938753790822	0
150.37713364548	41.012005498379	0
150.10813872396	36.333581370457	0
151.29673606711	36.251817797651	0
150.13807627831	37.703724691466	0
155.59832841657	41.058283813328	0
155.32181663149	39.994280579844	0
156.3880159337	39.766021245859	0
136.41617468334	41.488213488587	0
135.57504309184	40.802705185248	0
136.99121777519	39.578129030576	0
141.57954048381	39.479067715846	0
141.85703627642	37.932442312595	0
152.53263339811	37.641784011749	0
153.2925984901	38.782240953599	0
161.0995630825	10.497111744461	0
159.59561931549	10.9488323887	0
164.65722112054	40.297425055643	0
163.20636331665	40.058965066994	0
165.71760716051	33.68456520901	0
165.87150142887	34.73471822652	0
164.57659566069	34.388126995389	0
181.5	41.290025635163	0
181.1109315593	40.244181180157	0
181.29565927543	39.202001411992	0
179.58154941618	39.350035706029	0
177.69553026415	37.139331226295	0
178.77707968033	37.081307092812	0
178.08154941618	38.409052808203	0
187.27891337672	35.540279852185	0
186.18847838699	34.810453016027	0
187.1096500457	34.239108993926	0
184.73652381928	35.325381062113	0
185.33244546022	36.463417564118	0
183.7112275615	35.677174751945	0
188.32810220291	38.111772557267	0
165.57112755573	37.622621822809	0
167.22022798674	37.779177694782	0
179.39643542967	33.790159662186	0
179.25710315073	32.476452142379	0
180.41799085126	32.985175090398	0
222.39686093976	35.312781959299	0
221.2077338112	34.138108671356	0
222.65101832169	33.964752736259	0
207.12402518136	10.734406788176	0
205.70887390747	10.485408640623	0
206.83992006008	9.3701097843045	0
226.74759716409	36.26636303876	0
225.44511808811	37.220604527067	0
226.88794578604	34.941353113487	0
225.8287671805	34.861662917981	0
38.70447226351	16.411849418275	0
37.915243221683	15.653295887466	0
35.369788911112	20.741422434474	0
37.484334068655	20.618477060703	0
37.254782631456	21.765645317405	0
25.5	13.862682343634	0
27.012993448644	14.417220044209	0
25.512993448644	15.463895853197	0
33.147569655691	14.559223763668	0
31.994366960182	14.199285907655	0
30.563634350337	14.594240684961	0
50.801173641831	13.161801611115	0
47.83648292298	15.522005788703	0
47.388499058588	14.333345422283	0
60.824074151931	10.992981103299	0
58.263545177555	13.509009288239	0
57.394598987322	14.164406407658	0
81.152743868951	14.253363301487	0
82.484633053486	15.358847357325	0
83.208206530689	14.405256189855	0
81.34889392289	15.97311588658	0
87.451338461431	18.232693472315	0
89.542701250852	18.544595484485	0
87.624180845274	20.107724764809	0
86.307677603338	18.722073040316	0
76.59704756846	15.885067340647	0
75.23179709349	15.042750851003	0
73.747500992628	14.330436132166	0
73.186334115982	12.827606246688	0
67.647284861778	11.989318416936	0
65.888165675144	12.447102820096	0
87.756805241339	13.285118483891	0
93.258265209218	11.610874804258	0
92.582791811158	10.755806957074	0
91.816371723723	12.43760406744	0
93.014446229016	15.795628040568	0
94.27162051653	9.0788491279702	0
93.268334314566	9.1728752032261	0
94.003286201964	8.0227231741172	0
98.89922854734	8.4997747837864	0
97.906286325276	8.4254242618341	0
95.112201853634	14.652295692722	0
95.652019979594	13.080311440574	0
93.031920528196	20.434707449872	0
92.731249843604	21.449720791279	0
91.095364785339	20.307811955432	0
42.001284002055	56.744591147617	0
44.688669103099	54.030301583597	0
45.768229904172	53.496687588045	0
45.335980749929	55.045773420401	0
35.008656641805	56.160785004011	0
35.346240169875	54.853720477866	0
38.071354537534	55.182642050054	0
37.642901500346	53.626507712826	0
41.436701171427	52.252359283932	0
41.860952551585	50.639308341747	0
51.470172305285	52.977475769206	0
51.714460541252	54.210892373699	0
50.50486542422	53.391427818427	0
52.232412822958	55.12462051027	0
44.391419727952	49.744055386802	0
45.52662387184	50.966034980473	0
65.499249665596	48.52996549594	0
66.233327024245	47.735855780677	0
66.772651143791	48.970755077916	0
64.41782545212	48.52874941104	0
62.897112825977	48.596469334449	0
65.972432260348	51.778276049116	0
65.240142743067	50.982517372609	0
66.770863302424	50.560623469686	0
51.267105941893	55.538572559491	0
52.493254704223	52.408389346192	0
53.340824308263	51.066948496492	0
53.527337026357	52.455499474778	0
49.75381547398	54.28947064821	0
50.15705275858	56.420745986489	0
48.18439792732	50.756240363088	0
46.573458040689	50.434429496388	0
47.54326937297	49.772665076404	0
49.509527238013	53.056054043717	0
60.826680077287	55.932771945417	0
64.113434293184	53.761813904081	0
63.334290143679	52.782701882791	0
65.220855850495	53.179281973329	0
45.766183744159	56.990773167222	0
46.845744545233	56.45715917167	0
0.81160060635495	64.40695	0
0.84247924019427	62.84445	0
1.6540798465492	63.6257	0
11.948610585014	59.703065140395	0
12.253655322977	61.043698945926	0
9.7467438046928	18.357376050428	0
10.5	17.388846588135	0
11.246743804693	19.2319596619	0
13.573989542007	20.988996587638	0
13.185587837482	21.941083839301	0
12.556528792507	21.042101813189	0
17.152906583554	57.914942426967	0
18.815259769076	59.146567987145	0
17.312710277456	59.429949708459	0
17.008782660384	62.371840865264	0
17.536059720154	60.942588198379	0
25.899086852649	60.25060376147	0
27.598224509633	60.094272431922	0
26.27621172118	61.192640823079	0
15.820851998246	62.378997962123	0
16.732578681301	63.527237699265	0
20.110743376447	59.377407930971	0
21.538117550428	59.376392694584	0
69.904226703536	48.692918350332	0
68.577343022781	47.896491039837	0
71.004909752759	48.596719855495	0
71.301382971646	47.2463800089	0
72.658335181283	48.226763147373	0
71.261178913172	49.673301488805	0
72.437035686507	50.679421567004	0
81.594384728016	47.307004415911	0
81.669577939808	48.488120600839	0
80.398814456025	48.207011834781	0
99.56476954314	45.576822529099	0
99.208142615316	47.201695686772	0
102.62509333719	49.235498521523	0
98.631709183743	44.199581116021	0
96.047771695566	15.295026225108	0
94.743549015264	15.725835888129	0
97.819802332364	47.146744949545	0
104.37940961232	45.154454732307	0
103.05322853707	44.372181938765	0
103.99358374122	43.663869154401	0
97.743113009556	52.45048900322	0
91.439052461801	51.666729716755	0
91.43163833138	52.827371656906	0
80.579624904921	56.843646007576	0
81.231711800185	55.477014443068	0
81.159490876938	54.34825299406	0
80.062939735613	54.070955563526	0
137.06760748011	37.188694683413	0
137.29841856482	38.505697969609	0
135.91927509896	37.57561744104	0
132.41873245568	2.6558263493359	0
129.51416590001	4.3142276582464	0
133.01500502853	4.9510423412812	0
132.17356081212	6.2581618906733	0
125.83421294334	4.5854672745438	0
126.69912765567	5.6447380624814	0
124.03493173343	4.1040009748313	0
122.73828592435	5.7604790058346	0
148.5	-5.8962435321966	0
149.17315682924	-4.4497008466474	0
141.84270029467	-1.4292250129872	0
141.37632214371	-2.5385226919279	0
142.48604738281	-3.003882567627	0
156.55822892513	1.4038783891039	0
143.15404094129	3.4141007106791	0
141.83243701813	2.6873900416492	0
143.41216505918	1.8326097987753	0
151.06989029322	0.85300881146929	0
151.34470675611	2.2857552048354	0
149.69870244293	1.3511354973579	0
147.12917496642	34.98652899211	0
147.45199110678	36.110587756875	0
146.28681347954	36.210984291128	0
118.76712747262	1.2323419893928	0
117.22662946115	1.1958094850764	0
125.54023260539	-0.8795309521835	0
124.49654465637	0.50140392132741	0
164.11177639546	1.8489447615858	0
164.48037605241	2.974352616561	0
156.88140122383	3.8544295231992	0
156.72377644103	2.6339799155064	0
176.40478073081	-4.6955154401482	0
176.45977684189	-3.4554333312317	0
181.43062194267	-5.8049478110753	0
180.66813536043	-6.9684609276113	0
181.76314721434	-6.7504754194591	0
181.62535302929	-2.3054344848967	0
182.76970520195	-4.0374021031062	0
183.46494714067	-3.0521169965343	0
186.45686848354	28.192447584821	0
185.37479011791	27.805895753954	0
185.98606914284	26.832934366746	0
177.05545069573	-2.4163502836804	0
178.12330442483	-1.5313228520125	0
176.54727881171	-1.3310172056752	0
201.8643128396	-11.827082801503	0
198.83828405457	-12.541316754556	0
204.49222659302	-13.025013568457	0
206.24986616445	-12.50454529826	0
192.87386317232	13.979292558599	0
193.71180870823	15.038523508531	0
192.62526566682	15.037015270786	0
202.80761250953	29.246868422365	0
203.83454844971	29.46001568636	0
209.16969872732	27.891000348876	0
209.08247537924	26.06349293846	0
209.89579335797	26.925317072004	0
199.81526171715	32.304942369021	0
202.35225522662	28.302051547885	0
218.37330336671	-7.6326053733383	0
217.9124079605	-6.6877884988582	0
144.45126762571	37.223678503902	0
145.14664639004	36.471248340029	0
149.78057555321	34.88390346725	0
149.03577703019	33.760148968976	0
150.52199998973	33.75791997837	0
133.5	43.100070610958	0
132.46536832077	42.191287907357	0
133.96536832077	41.804006939658	0
136.91125612124	35.717734430916	0
138.2903995871	36.647814959485	0
142.11201264501	36.252725582469	0
143.42868679159	37.287170354291	0
144.19629125712	38.903395234027	0
144.49052542683	40.021672276068	0
187.5	41.327486674975	0
186.46426706531	41.186598222828	0
180.67771534338	35.614461055817	0
181.83631452538	34.419010430072	0
166.00185902258	6.2011888522284	0
167.43070957051	6.1083714823941	0
166.87602893991	7.1050394534966	0
187.62878955022	36.566232034128	0
188.89939768813	36.514476353224	0
189.07378620083	35.504590868184	0
186.7076178915	37.137576056228	0
193.58495327707	35.931770778196	0
192.42338393909	36.235220236663	0
188.38564624509	33.282726847678	0
189.39837473763	32.540859299607	0
189.21281352797	34.227068282014	0
190.5574834865	32.360009874891	0
191.98761775233	31.937423215755	0
191.65567628634	33.062614074806	0
220.62141130247	37.898075754432	0
221.31253524976	38.702926351191	0
219.73845790609	38.486148958582	0
224.7642820044	35.663049433728	0
224.90463062636	34.338039508455	0
227.57014168564	31.142798217972	0
230.25	37.512727833509	0
231.02212509833	30.508518872943	0
230.81055159659	32.040652548442	0
34.718036538003	18.08008525269	0
31.571249622405	16.07198276552	0
32.616223814676	15.42331944312	0
36.869259601832	18.439761713171	0
35.82889178551	18.44708592107	0
37.098811039031	17.292593456469	0
22.051606212846	28.319562339392	0
20.948307813892	28.865030401186	0
20.947423738909	27.474707422778	0
34.488485100804	19.227253509392	0
34.258933663605	20.374421766095	0
32.520994318297	20.153128359556	0
31.460675338568	20.380813741826	0
32.317310873568	19.087938223282	0
51.75438646197	14.580923290023	0
53.133046423793	16.531252230691	0
52.430574233065	17.487582836211	0
52.20395344955	15.793131880739	0
42.784254100086	19.19384815154	0
43.942108427367	19.802795009255	0
42.689725356635	20.778833707816	0
42.789257083921	11.605502664698	0
80.926993477185	24.113860990695	0
82.201596628566	25.55921404329	0
80.879489990591	25.117665226344	0
74.655201967403	47.083221755464	0
73.698624634044	47.854533138199	0
73.911385733529	46.105111918044	0
94.5	7.1459680722102	0
95.503286201964	7.0519419969543	0
96.258009328761	7.7196373674317	0
99.016226915344	10.265392702114	0
99.76547765243	9.3290583332104	0
115.39405718037	9.6418807061537	0
115.04230268673	10.668301451268	0
114.09366902834	10.167840742188	0
94.485981514661	17.360380347778	0
93.550411672729	16.717649815392	0
40.875877188066	55.587618553471	0
37.5	59.110669970261	0
37.85271254928	51.452098996445	0
38.839805446644	51.244949005282	0
37.90518740028	52.652613666452	0
33.402298128605	21.667297284638	0
55.888905058081	51.203600816095	0
55.090305130411	51.862223446052	0
59.239099361525	53.166454827074	0
60.930480970565	53.89928434773	0
60.066033970731	54.696256535226	0
46.815064073021	52.96508210396	0
46.16775242619	51.949610267156	0
47.587009419388	54.233128149174	0
61.992142083069	54.397159934712	0
56.801420075296	52.277514105433	0
58.085894440929	52.954033479205	0
58.286388198215	51.015721625813	0
56.884621502951	50.870726654502	0
57.373873181	49.941808336475	0
2.6369021534994	53.410207282946	0
1.2133976209878	54.4350559909	0
1.4235045325116	53.225851292046	0
5.9555491543911	55.905779531203	0
4.9526050071409	55.738553943604	0
6.4108147031148	54.965555055059	0
11.70233786603	55.998690824616	0
11.636910744616	58.182797603077	0
10.616718759944	57.013362487332	0
1.7381732018207	19.672027534882	0
2.656111889613	18.967624286293	0
15.873706534632	59.710962638201	0
22.827572754414	59.638823892318	0
27.487674689082	61.926158014089	0
28.987674689082	61.105983425415	0
28.5	61.995831945972	0
66.446403160932	46.716549235766	0
65.173001682737	46.27575965379	0
66.252054861754	43.73614048741	0
65.736846682881	42.068908027991	0
66.825372259283	42.869867743394	0
73.402151415157	49.204872984794	0
93.121780037884	49.483949480484	0
92.714218449923	48.290736007791	0
94.390841064505	47.832009389656	0
89.80627243485	47.872216938161	0
91.22698285262	48.461637025397	0
92.756878728413	17.430172500217	0
92.344439821028	18.822496444533	0
117.02085295725	11.538963458045	0
117.59399303786	10.62334599792	0
118.27215515635	12.019968040731	0
96.207842608639	48.850796581167	0
95.50243755285	47.9791828543	0
96.911877509023	47.804756573118	0
79.5	56.540957457406	0
79.079624904921	55.501488807968	0
78.983314830693	53.768267013356	0
77.880061604061	54.063137091867	0
78.863376434754	52.632603847425	0
78.914204287814	51.397479594946	0
80.220318664601	50.862930894311	0
124.96929823101	3.5261964866063	0
130.68083164112	8.1422495908378	0
129.65759037188	8.8458397369279	0
129.92201453765	7.1443132672111	0
123.63985284162	9.0548599828527	0
122.4432645758	10.031897023329	0
122.33068352429	8.6727616596117	0
124.19589075501	2.7459787897551	0
126.97898632302	-0.26977760514297	0
134.2210648004	5.1402330332613	0
120.35634077808	11.554678960945	0
120.90586321178	12.77744128327	0
119.39481767066	12.327112902931	0
125.29817483488	8.4674516647635	0
126.80362325687	8.1209694789747	0
118.60198869683	14.300360579853	0
119.96809054807	15.006690036147	0
118.62573914053	15.757175390744	0
122.09775221469	7.166231979561	0
123.14792271859	2.0956950999972	0
122.21683180564	2.4681964363209	0
124.08228921616	1.5178906117722	0
121.12802497517	2.6144785757802	0
129.830283479	5.8940070185603	0
129.74453855668	11.181676254647	0
128.07087375883	10.879377579565	0
128.7427426775	9.5414773854732	0
127.98392557403	8.5435410618464	0
120.90116394887	8.1432690200374	0
133.3482497816	7.7163451854425	0
132.11994477636	7.8989064158902	0
124.63748570793	16.202921939994	0
123.46257033391	14.919098502441	0
125.19622695089	14.767231819734	0
125.15780664633	12.443323359165	0
123.886872735	11.948701864376	0
125.02336780446	10.90861684136	0
126.68168979772	10.32120852327	0
125.41075588639	9.8265870284809	0
149.40259737625	-3.3778894994514	0
150.22944054701	-4.7424246689593	0
148.88509981925	-1.5833882865738	0
148.14088879052	-0.46885324134895	0
154.85630993403	-0.12167641699298	0
154.04993734756	1.3946966116516	0
156.91832380828	5.6739892772532	0
155.75199770497	5.2815275112154	0
154.53573433179	2.2861713063991	0
153.20169159064	2.6791032136942	0
138.92942486462	-3.0596043229895	0
138.74656528884	3.9847850953236	0
140.47645054991	-3.0650893809732	0
139.83310346178	-1.4904318263334	0
142.52149333489	-0.39434287947038	0
141.4117680958	0.071016996228719	0
154.24332236237	6.222296110236	0
153.1926065051	4.4570414318222	0
154.73820443215	5.3358325868555	0
148.62191576442	36.335810361064	0
160.40857918743	3.2421434969535	0
159.2612477731	4.4511238633031	0
155.54952760462	2.231866230759	0
162.94250394203	9.0084433745034	0
162.40942412386	7.4450166631228	0
157.3182061207	7.0053442174628	0
158.44760963957	5.5782462294466	0
154.70128184769	3.5162728328016	0
145.88193661393	21.535428702621	0
145.8304881728	22.596233537527	0
144.69459138226	22.175050873977	0
159.66113008552	5.7824788035128	0
147.43512888799	33.886089685526	0
148.17655332451	32.760106196646	0
146.96423429427	1.1105845652889	0
145.90217298493	2.8182925925364	0
145.79583029168	0.85161244055769	0
162.38195312985	6.3764547286379	0
161.36649238497	7.6792657855481	0
157.08749806719	8.3761781368906	0
180.35915992005	1.7869788876897	0
179.44174009822	0.78003308149118	0
163.76310356345	36.108672958748	0
162.55196197222	35.151969950907	0
163.51934833782	34.481577005057	0
160.09325667147	6.7601525103597	0
160.90689480501	5.6330301442162	0
164.27302380763	10.973206467253	0
164.54104502989	12.286354048334	0
162.9161248678	12.070874980013	0
182.76281689829	-6.6779768849669	0
183.56746655496	-5.1855234588334	0
183.52589185865	-1.3576660410614	0
184.67024403131	-3.0896336592709	0
181.72787244358	-4.4388409471959	0
178.80907553464	-0.54936618045764	0
184.35145282511	1.1029424607109	0
183.45046345267	1.6055385350339	0
182.73884754456	0.85855295116602	0
182.21482086392	2.6701555629396	0
183.82742614447	2.9145450724845	0
173.42599863113	28.881158043324	0
172.85170204321	30.059239146858	0
171.53016761038	29.199840528621	0
182.9802159425	-0.48209625074087	0
184.18551283315	-0.5196129134775	0
180.11132880016	4.4087527420591	0
179.27082511823	3.7836802634816	0
179.72096534991	2.8378812284679	0
191.92871961888	-9.4472337754292	0
190.42871961888	-8.630326472687	0
190.5	-10.285040776771	0
184.71369367083	13.435522081138	0
184.88871624482	14.570583982483	0
183.64008325326	13.843393497833	0
184.38929155673	6.8192322995286	0
182.30649144588	7.1811391972592	0
183.9014391403	5.7797466393097	0
167.87018590792	8.1921205730891	0
166.44133536	8.2849379429234	0
181.19966360198	2.4120513662672	0
181.57662629378	3.7210579037178	0
177.74298147903	3.2491573456649	0
176.18707319208	2.6838311045681	0
205.24248021319	-14.036001346779	0
202.92088470381	-11.262639979003	0
201.9431262716	-10.570593555455	0
207.66733500743	-13.21629471139	0
207.77481925765	-12.189942097788	0
210.06249709115	-13.492663005872	0
211.21321573571	-12.734402723665	0
200.49282009161	-8.2714508823106	0
201.28696628459	-9.3670875151509	0
204.00527411347	-9.995152140411	0
205.41463447815	-9.0631420470219	0
204.40905850049	-9.0741406395658	0
193.57951795014	10.90850508722	0
194.29387338865	12.389604563628	0
193.24605077522	12.499701319936	0
202.3435381488	-8.8026446926513	0
196.65946760409	-7.8190678203942	0
197.94460128496	-7.9798582833546	0
197.55879690826	-6.1150269643731	0
195.99904040762	-4.6983502482478	0
197.08276913159	-4.7035517913868	0
196.80814631182	-3.4476655382218	0
193.12408378795	-9.1992918934397	0
199.07109630528	-7.6097902698035	0
196.0895507432	-8.9820884231125	0
194.76227892187	-9.4431710111916	0
195.71800015947	-10.144981727455	0
149.42865054276	38.876287740092	0
152.24225626219	36.655538588383	0
153.44821603884	36.675361481472	0
146.26995126075	33.986486219779	0
157.66507871745	35.397423173598	0
158.24812746615	33.990878805644	0
158.72822707634	35.671001658948	0
139.33720517904	36.037426123881	0
145.1302786575	34.062122368504	0
145.43623257907	32.96168306192	0
152.21231870784	35.285395267375	0
159.74872567511	37.920722477221	0
159.34685255105	36.577882104596	0
157.31657433134	39.177513853954	0
157.59308611643	40.241517087438	0
154.47905397704	39.302446507368	0
154.5	42.882121114025	0
155.26606455718	42.106216242397	0
138.13955015633	39.191206272948	0
135.66442579732	34.92175455982	0
136.88721790431	34.380874835893	0
134.19269287024	34.279572034318	0
134.21673108717	35.616431629341	0
130.26826055647	13.851542731835	0
130.05672044353	15.08924425681	0
128.86112952508	13.757277973713	0
144.82383024968	35.347189575264	0
143.990111568	34.322386417405	0
136.5	42.57006250969	0
139.59018838982	34.398620391293	0
140.79334534062	35.259191808186	0
136.3663051972	29.888870169916	0
135.29246817561	29.906156846063	0
136.54686246085	28.652527051568	0
144.89338967887	40.963693067669	0
143.8810893812	42.35364878198	0
142.86301048766	42.280777367143	0
142.5	43.234726140627	0
184.56726048827	34.024210203853	0
179.59458404243	36.370812506167	0
178.13334492928	4.820028859256	0
185.09797022932	31.694830341123	0
184.83526903499	30.617627307428	0
186.10829065294	30.242612005725	0
187.29521125536	32.552900011519	0
223.91904081725	33.441400358101	0
224.98352599335	32.640013842354	0
225.89720355289	31.991697416403	0
225.67087431699	30.894475493571	0
228.72127035246	33.607882667829	0
227.80759279292	34.256199093781	0
226.882793362	32.888336566756	0
215.25521062641	11.277949047211	0
216.03644435479	12.174533587529	0
215.12802732569	12.941976404639	0
208.91675131521	23.175430708866	0
210.65424205312	24.168857271052	0
229.81691534149	33.841726481054	0
231.9938804498	33.396219073557	0
41.988883029214	34.22244895501	0
41.839370863694	33.215161074804	0
43.001491864982	34.114717311684	0
26.466811248155	18.976588540948	0
26.723120136386	20.56074925475	0
30.09329249444	20.090212817597	0
30.352941392557	18.716616374209	0
28.237438894281	17.068021348319	0
27.282986294161	17.598941333861	0
45.296434578825	16.405402281005	0
45.462329077231	17.518869194493	0
43.870742672412	17.104342539491	0
46.45662131013	13.592081885109	0
45.562558188089	14.378541612891	0
45.532284666647	13.155481453397	0
43.083835876872	12.982781155872	0
44.343642751656	12.564662690005	0
81.935013271857	23.295731742195	0
82.833094093215	21.571200015418	0
83.147180936518	22.830878080864	0
70.498651155856	20.282551682029	0
71.682306620383	19.849019661708	0
71.443965018118	21.22478284545	0
95.761295530725	8.5963924693386	0
101.44767555591	12.484170599596	0
102.35473136018	13.02053950745	0
100.79404821601	13.731555038461	0
97.715496618628	14.667586337186	0
96.852977862708	13.102463359832	0
98.1520499474	13.548563667318	0
96.088573308366	11.961288770706	0
98.772399071679	16.284520705725	0
97.104674148616	16.911960593647	0
97.346843780258	15.741126532593	0
98.410040960259	11.550718605236	0
99.708771570388	12.156591325557	0
98.588261801609	12.589313410286	0
114.976636349	16.532487561284	0
114.25378031441	17.867675177625	0
113.46139047495	16.436171629444	0
103.84545038449	40.862058030143	0
104.44288374229	39.862824461338	0
105.47844109506	41.160192482137	0
96.035135659706	17.446363016689	0
94.841998317171	18.438176943952	0
109.1074656218	12.589897526399	0
107.91497529183	12.537636813884	0
108.59891366356	10.562774531159	0
95.529479024338	20.050387949291	0
93.980324879293	19.964405280381	0
34.690830967755	57.159744010478	0
33.981131962652	55.898848211836	0
39.881837715624	51.843411897441	0
43.456353988754	49.02554866907	0
44.997263747141	48.732347491972	0
64.957149571666	49.763648708279	0
58.950341440762	52.157061291709	0
66.36332912879	44.896776655846	0
65.274803552388	44.095816940443	0
65.122619639822	38.461788490037	0
63.757703258146	38.841393907457	0
64.205570185562	37.381919377438	0
67.423654470297	46.356872782733	0
64.919140998879	41.428221896031	0
65.492458396408	40.561949152015	0
60.629038888425	49.30969870898	0
60.065336685564	50.23645279697	0
59.339342079127	49.160049219796	0
61.353528408554	45.77388396521	0
62.059528756531	44.51941124636	0
6.519945936792	63.273945048054	0
6.5729684797534	61.579494092581	0
7.6481140903387	61.734016505929	0
4.1546602538845	57.895759650082	0
5.2693049665749	57.382595185399	0
4.9266257620422	58.599576415732	0
4.0009983031625	17.928651953164	0
3.6571101927755	19.554382736635	0
14.721492754414	60.716131071559	0
19.950939682545	57.86240064948	0
24.201203881042	59.983537570701	0
71.870912344492	46.29751848622	0
106.49027668353	42.443377459314	0
106.70965522314	43.586735407814	0
105.10038627687	43.302783999442	0
104.76523548342	46.645040310214	0
92.255442361141	50.841713223086	0
85.329521849745	17.773070093763	0
83.60249579371	17.888849191061	0
97.114397276575	46.275131222678	0
86.17440657837	47.887026690243	0
87.651075489123	47.634856725149	0
95.835240436574	45.465533279266	0
96.743165259915	44.807521655693	0
119.4915864941	9.1324822285058	0
119.2586551845	7.6259525484551	0
127.70269582918	13.123361622728	0
126.31351186807	12.565192566434	0
127.6834856769	11.961407392444	0
124.0610080092	33.84054592119	0
125.45281461897	32.756366898803	0
125.48018220376	33.792144652327	0
110.01788242892	39.133601953954	0
111.04390181802	39.290740159214	0
109.93141206154	40.167976681959	0
125.17701679861	13.60527758945	0
126.35193217263	14.889101027003	0
122.45010827486	15.351639362695	0
123.00884951783	13.915949242435	0
151.54462298837	-3.8209032663966	0
148.24723148378	1.4978269106297	0
145.62413099056	-0.33276664767956	0
144.68288489238	-1.5038886641423	0
147.79538435618	10.188880554075	0
147.33951296416	11.736173763448	0
146.25551908423	10.57599979705	0
143.24046575806	0.64823071053805	0
144.56206968122	1.3749413795679	0
162.04418614292	4.2183129734246	0
163.51924446776	4.9617375578463	0
165.08507185998	4.4928951953029	0
164.99071226096	5.6733632436692	0
165.95184384561	3.6859783023839	0
161.9498265439	5.3987810217909	0
166.22200640227	2.6987287659257	0
166.82670220985	4.2172713446676	0
174.66355168104	8.2297804463598	0
174.60122358095	7.021141162654	0
175.53448169429	7.3476456798848	0
178.44103555623	6.3913502610645	0
176.91319191703	5.8568273432478	0
153.19190652864	33.351364323856	0
153.7291599391	34.834369785932	0
152.62058549247	34.206110596031	0
184.89004266543	0.2280973688412	0
185.43571858157	-0.64747242147933	0
184.85307523697	2.8555799139603	0
183.61743264822	3.9201969418659	0
185.60165857354	0.97508295270911	0
179.98644638645	11.988147843141	0
178.5786164072	11.600368301628	0
180.03145248504	10.758195025592	0
161.03730403196	14.954928486186	0
161.71651669916	13.824835913633	0
162.50493342286	14.514115133648	0
174.59486737687	2.2442921225947	0
175.01329547487	3.845966959466	0
174.93941391604	0.32398107539375	0
173.76563619883	1.4861169302917	0
175.62403508835	-0.56694418482317	0
196.50335506648	13.215286420823	0
197.04446267342	14.774936311464	0
196.20579386963	14.192214158338	0
186.30286073309	3.4327067513651	0
186.97343948831	4.2110107304839	0
185.31366049593	4.6395357624604	0
134.09125297629	37.217259992531	0
134.32206406101	38.534263278727	0
134.54041141261	39.893922481647	0
128.78249030932	39.269237482316	0
128.40873581768	40.269438260738	0
132.56978241663	33.777373616632	0
134.01747712678	33.082696547111	0
131.54968356933	34.427458096039	0
130.64728164137	35.162056782704	0
142.67144426361	33.328852643121	0
142.36499585579	34.613919849881	0
148.26079852468	12.144658903453	0
146.72093325273	12.531778146429	0
133.99571932763	28.238084107428	0
134.13623581758	29.432583234076	0
132.65892970595	29.00085361379	0
146.61490270454	4.463736059685	0
147.87618932057	3.7942783816001	0
147.42051503759	5.1807497240175	0
146.21631329593	31.11616852875	0
145.14222946818	31.673711585788	0
144.78263758179	29.903833201343	0
136.54047422798	32.750951223415	0
135.37614924618	32.363697464604	0
136.27623589377	31.529753723223	0
144.00255686492	31.749347734513	0
142.37744115272	32.04088116699	0
150.78099929331	26.932758719519	0
151.47485845461	28.506984664171	0
149.80324431762	28.10037178002	0
150.93026677436	32.678635307026	0
151.67506529739	33.802389805299	0
147.14293261977	31.894555937552	0
148.74358076196	31.768615221002	0
38.452123360725	25.022320047416	0
37.500780991852	26.552155315731	0
37.109847315312	25.353795160522	0
31.468235009742	18.198103774743	0
30.271458757171	15.579512114549	0
30.37968726041	16.588113292963	0
30.296975939168	21.155402953871	0
30.564184508459	17.599096543401	0
29.318919564374	22.395196456418	0
30.686302408503	22.685797380648	0
20.670825041485	18.129135619617	0
19.170825041485	19.175811428605	0
19.5	18.049385579585	0
43.420466338389	40.028297480351	0
44.303348590263	38.797765494252	0
44.896812810152	40.3660712727	0
40.401987999471	49.591214890674	0
41.391545417452	48.989163112827	0
28.414759319721	21.810492559699	0
28.804085789055	23.340886986476	0
24.011539525105	17.584525447786	0
24.527734376338	15.810779217336	0
33.368624598792	25.093839851635	0
32.507158444523	26.134833168553	0
28.735316764783	24.526024471943	0
27.83115652013	23.941320575223	0
27.41792383839	21.403425712595	0
26.209811851283	17.396080760859	0
26.903090063071	22.349116242653	0
26.834321038799	23.534253728119	0
18.453762174998	22.018055207495	0
19.94282020339	22.523251043588	0
18.917465558521	23.098382948428	0
26.040727824982	16.365316917911	0
25.224552778977	17.742964124997	0
75.891744110687	17.545779194774	0
76.897039444825	17.443944588179	0
74.10745613346	15.274587228405	0
75.061195678942	16.846843071671	0
100.16280309812	8.4160442332762	0
90.01551983111	15.291471451534	0
96.193490959307	43.026718355565	0
97.472647799308	43.836316298977	0
93.163271162964	45.311241676054	0
92.496043879241	46.809696934568	0
91.676035565661	45.48214269366	0
39.829362864624	50.642897227434	0
39.359955730491	48.992751998514	0
25.666706771651	45.202361403751	0
26.645095410872	46.463611260813	0
25.604815000745	46.797405271483	0
40.985839048299	47.371348253927	0
39.905141129135	46.631888090372	0
36.655808602982	53.833657703989	0
38.162748299445	49.017844817422	0
38.735373434292	47.966162480662	0
33.449701109107	50.152752913758	0
31.967023453729	50.452940975865	0
32.165915480801	49.325839279834	0
37.162276458819	50.716870112454	0
35.663959280022	50.319858203269	0
37.289013416847	49.647422426089	0
38.844407521083	45.596719507871	0
38.871847257285	46.905901079254	0
42.444803600413	48.419441705	0
23.623607629698	36.668402736235	0
22.439112394643	37.247332615776	0
22.695779733827	35.616280323949	0
29.379973357894	25.470232994349	0
30.166866079767	26.444670030047	0
37.67463982624	46.930993898161	0
39.845345082074	42.16447592683	0
41.727845338286	42.634968117625	0
40.51418738527	43.489661048252	0
42.536466796684	41.453193127501	0
43.20530909988	42.778378248923	0
47.205718979403	42.075264675287	0
47.641392426639	43.827023997079	0
46.734307252228	43.123609306976	0
39.254694260996	44.170937688223	0
45.668396891204	43.553830861031	0
46.10407033844	45.305590182822	0
43.717423809449	44.847982487962	0
43.538628604339	46.268719291488	0
51.340248042069	44.866299380127	0
51.667340468797	46.267636059262	0
50.374884259507	46.31045225758	0
60.524889828499	46.818131364105	0
60.910772287877	47.831900588663	0
59.517161822611	47.219525907248	0
61.636766894313	48.908304165837	0
57.333326967428	46.777016425926	0
56.485794388862	47.43433494366	0
56.246435930783	46.191598539181	0
70.747840986757	28.784326159756	0
70.397181204976	30.152320866467	0
69.781625376241	29.265594794574	0
5.5009983031625	17.467898881596	0
4.5	16.881140431253	0
0	18.7507	0
0.58206131220772	19.7507	0
13.972465248517	20.051305992038	0
12.472465248517	19.176722380567	0
13.5	19.138013811079	0
5.819946940474	26.056600688624	0
4.6432429715702	25.467425719695	0
6.2452311882351	25.110474390022	0
12.616757111055	65.436555140531	0
13.786459212702	64.011355870036	0
14.477253269353	63.045234634862	0
14.753457248436	61.889837800861	0
9.4295395964288	65.137198056279	0
8.7270853701175	63.594300298649	0
11.594825760348	63.183526910403	0
12.285619817	62.217405675229	0
12.719064462892	63.522195708775	0
9.4438066091945	58.071260077807	0
9.5092337306088	55.887153299345	0
17.876745290573	55.102965023647	0
16.549007882367	54.712944491981	0
17.643470971179	53.866095516367	0
22.040097397211	55.404023955411	0
21.063105956621	56.905386112063	0
19.76762234925	56.674546168237	0
18.813332227279	55.943838376844	0
19.925498501355	54.986823839427	0
16.216319646848	57.07406907377	0
17.718869138468	56.790687352457	0
20.439544579146	24.621890377287	0
19.468161670254	25.811145496666	0
19.43514067802	24.792833903901	0
23.996370302046	46.797518607444	0
22.546965027246	46.91141737568	0
23.177021086725	45.650054182657	0
28.892296238254	55.074871616438	0
29.025316973134	56.581171919777	0
27.900881408061	55.577122019597	0
25.523216669494	58.885169179544	0
25.788537032098	62.082489343637	0
25.5	63.862682343634	0
105.70559068758	45.936727525849	0
100.12212659315	41.965315592269	0
101.83527979235	42.015092456229	0
107.08771004133	41.444143890508	0
107.85852510385	43.891149839882	0
106.46863469719	44.750556380011	0
107.23710458274	50.827608008457	0
108.6370431404	50.709897917445	0
107.56890229942	51.792349299069	0
82.980192486893	49.210402497508	0
81.784622214902	50.110409916378	0
96.772641682354	40.122730579317	0
95.764320824538	41.944800486628	0
95.613989008193	40.012018067096	0
95.13396742108	50.240649176637	0
95.094875964889	46.785969381607	0
94.723643948229	45.318359814622	0
93.932064975722	50.382986604951	0
98.854305676404	41.48123718101	0
99.73533600198	40.664510140342	0
83.463825162601	46.268037897062	0
85.380458251944	45.726920069153	0
84.781781301142	47.04699535406	0
84.257773489027	48.428144518152	0
122.80991010617	11.209501343927	0
121.50074078884	10.827403020686	0
106.5	4.4652425868876	0
107.6546237444	4.5778576366774	0
106.1546237444	5.5727412923693	0
132.87481558983	10.949954329797	0
131.43570245458	11.193297504745	0
131.85552061059	9.600432885607	0
131.37446782586	33.230582608833	0
120.97036378157	13.949182663972	0
120.99411422527	15.405997474863	0
116.68687896406	12.558192632976	0
117.47932618251	13.993215717653	0
116.46719007084	13.615822849773	0
122.94434894804	12.744207861733	0
121.93188688899	13.176748721986	0
169.99748741311	5.156321804831	0
170.09562964664	3.6793661641834	0
171.18818791904	4.0545431845008	0
176.40884616919	7.9922168543235	0
176.69213346497	8.9394888395202	0
175.88009709017	9.5035569487873	0
165.96326841654	9.3205390457448	0
167.55080399158	13.032562183259	0
165.85635828864	12.377951543766	0
167.59238967265	11.843296175067	0
166.66671814886	10.280352299045	0
165.19449423739	10.228872282274	0
166.9914738859	-1.1351094369677	0
165.95989848987	-1.3214285442814	0
172.72454798334	1.9087151986817	0
173.06909452251	-0.01159584851932	0
163.56957407531	10.013393213952	0
162.02103351226	9.7527775594822	0
154.93579620246	15.33951283756	0
156.62819979471	14.084267255497	0
156.48847707421	15.188967713232	0
187.05144406966	1.552209790114	0
186.51285422934	2.4270548819837	0
186.99091452505	8.316655460736	0
185.78828696495	6.9208316173148	0
187.18686681124	6.8136635850003	0
181.19005403064	4.8023036220428	0
182.20521129258	5.0604078187152	0
176.03882744214	5.2122561688091	0
176.34651806909	6.7835775706176	0
170.51336198933	1.4418455904728	0
171.6571682298	1.4942949818619	0
170.14252391211	2.525138152464	0
171.3465414876	-1.6363938124968	0
172.22441053174	-0.69588814358143	0
186.04793096164	-2.2908637664188	0
188.07345586787	1.4476878537402	0
189.19767849023	0.7455362452321	0
189.08686234783	2.3020301108805	0
132.71238928993	39.535565033138	0
130.7015543926	37.639409879954	0
131.47847820968	38.505639556479	0
128.82060270387	34.281775009054	0
129.59740150099	35.663770008439	0
127.99077507286	33.26239113635	0
129.52454134755	32.861283215536	0
124.10970810106	22.511778964414	0
123.25758351983	23.367108614255	0
122.53289354145	21.793003588766	0
129.89031416379	36.945159702903	0
130.51788000882	32.367767488041	0
131.53797885612	31.717683008633	0
127.97125008051	38.574987305265	0
114.7223156554	40.129638160729	0
114.5755001203	38.962820449469	0
115.76927386841	39.594010610202	0
121.61936419015	21.003592899611	0
122.47148877138	20.14826324977	0
129.99655042794	20.945209325713	0
130.94753402079	22.091650095012	0
129.84422976971	22.243241921005	0
129.68805237781	31.348383615337	0
132.59700643453	31.387925434932	0
133.95567855393	30.668926352425	0
133.75323879257	31.861499046919	0
147.74478895547	26.754691533421	0
148.75952888154	27.620375617003	0
147.39493268069	27.848921315056	0
151.29021778047	31.198851429314	0
151.62375281417	29.624859044678	0
152.41686711572	31.149112749319	0
159.09576646251	29.593437795744	0
160.10236130537	30.422506206991	0
158.57110467377	31.256045653174	0
149.10353176807	30.28883134329	0
150.13715247281	31.154381602384	0
158.33341142085	38.365277861217	0
157.12834123813	37.889782019638	0
155.74273004127	33.848461917025	0
156.40463697288	34.937280601333	0
154.96238790688	35.068442198065	0
149.45338804284	29.194601561655	0
152.60150778986	28.457245984177	0
153.04517693369	32.085616584622	0
154.15375138032	32.713875774523	0
156.3951988708	29.849656285479	0
156.81634517643	31.174203532863	0
155.64703421631	30.596882576415	0
154.39106687071	35.92318847024	0
154.61645484803	30.360231682159	0
153.37871196739	30.511624199986	0
153.98814503005	29.423727846856	0
157.37474446909	32.072138781111	0
156.6265798146	32.819365072046	0
155.18433074861	32.950526668778	0
155.03760115365	31.684778929544	0
158.38133931195	32.901207192357	0
159.44448767084	33.174785677708	0
38.639530170457	18.197446533276	0
37.369610916937	19.351938997876	0
39.25460463728	20.376161880807	0
42.777691493667	15.352353862761	0
42.537878554417	16.685610158189	0
44.450353095071	25.285865971804	0
43.604667864411	26.366149204959	0
42.868171003696	25.208665836892	0
29.264393643225	17.106625892429	0
37.105881966862	39.390080229128	0
37.23527029525	38.273503600841	0
38.243206611023	38.589143415937	0
31.527777395987	27.730658869143	0
30.412611998299	28.300863944598	0
28.407044088969	26.070666583096	0
32.491701549535	30.543086056908	0
31.627756075422	31.939761845325	0
30.909577840405	30.983528572111	0
22.712704518765	22.138375739451	0
23.053090955282	20.778046147497	0
23.805070316072	21.961636687276	0
25.724861923901	23.810319534036	0
24.504076572809	24.500277975877	0
24.685469230647	22.63200783739	0
19.910383451419	20.349242385646	0
18.739558409934	20.269492345614	0
24.180623551406	18.615289290734	0
97.869135422158	19.113443820113	0
97.460690951127	17.989757189821	0
98.938673911069	18.579041397071	0
91.621911227193	24.096300104029	0
93.46849795279	24.12635532486	0
92.626960973544	25.046515359885	0
37.577392251623	29.708920785347	0
36.098473904528	30.375326877403	0
36.480114376242	29.248036488262	0
34.945395179014	26.639415905676	0
34.63055803349	25.442689699336	0
35.843667800914	25.686904222496	0
43.050647619602	47.40773381017	0
46.936663291958	48.245995952218	0
48.547603178589	48.567806818918	0
44.526045267847	43.666207497838	0
45.485244731878	47.59333297329	0
46.489578537497	46.388474715804	0
60.72928992811	51.377792462866	0
59.439593118812	51.228142973682	0
49.928092972918	48.90313243991	0
51.504359336182	49.36581365231	0
50.730475622865	50.557157155505	0
58.737864853747	48.126523981105	0
58.35198239437	47.112754756547	0
52.884952120438	49.700714993606	0
47.55548889852	45.95825316175	0
56.772395955621	48.908283097785	0
55.685504918977	48.32286521104	0
58.174162650886	49.053278069095	0
54.431032803482	47.61525433811	0
56.843891703133	42.370728860109	0
56.567272796836	43.978859367132	0
55.458963481665	42.781256674732	0
61.684054022665	43.129750489948	0
62.955026255852	43.531899851406	0
62.615379426526	50.074267454767	0
62.898372597926	51.293136119096	0
64.15871852959	50.981301287709	0
61.790951040615	51.875668049849	0
61.165207473864	52.867358226561	0
59.959917943288	45.161509283796	0
63.871540403669	42.538709933501	0
64.247015137535	43.928370689913	0
11.627948040955	51.781962989366	0
13.506418284503	52.12394443694	0
12.323608824013	52.618295366279	0
19.618252705827	51.944273866263	0
19.955668587325	53.283572609799	0
18.633792497887	52.916817304497	0
14.987346074023	56.665421624436	0
15.553308628936	55.541166549925	0
15.320034309543	54.304297042646	0
14.263207061836	54.046397957222	0
24.867386338582	57.52392492921	0
24.554922575186	55.760131574823	0
32.39421040244	54.51287486856	0
31.142687311383	53.932153397608	0
31.478711237277	52.928183836405	0
103.77420520161	42.520511205901	0
102.73864784885	41.223143185101	0
108.50246915112	41.369083672192	0
107.49063356265	40.085898695015	0
114.07946881373	41.358038553801	0
115.30108229026	41.9921918503	0
113.46446170047	42.589402082639	0
101.90652497522	40.356639280472	0
103.84677928715	38.506596203752	0
105.47976999771	38.804730655746	0
106.70264273284	49.750037760054	0
107.08448187088	52.690209160638	0
106.5	54.465242586888	0
106.85446056829	46.241141957917	0
107.90058465651	46.350044696542	0
109.65262271186	50.612874123323	0
109.98442042854	51.577615413934	0
105.63450189186	50.832489141678	0
81.618904161324	41.762789832726	0
81.683123969806	40.373670556208	0
82.788398307745	41.120812142927	0
87.438312529718	36.97231869064	0
88.796599044659	36.129035585777	0
88.932067406987	37.542200273298	0
111.55171293308	4.1621374278425	0
111.68287618681	3.0899396198075	0
112.8424419087	3.4314989461728	0
120.44686854751	0.92002762030736	0
119.49239827896	1.9249239637473	0
119.98969524772	10.377074640347	0
113.68690691237	8.1035063728415	0
115.0798202416	6.7637202302821	0
115.83833685122	7.8016338545147	0
124.13580436829	19.992144920211	0
123.22227501699	19.202734231056	0
121.44783504136	16.409146734869	0
122.23089425552	17.856820591658	0
123.89520985243	17.700702262099	0
107.81565781357	16.09655619297	0
106.95850877388	16.642919934114	0
107.56637821038	15.111123550268	0
180.73991379896	5.7481026570565	0
163.36545406945	33.431423987547	0
168.00089695361	4.0055832963615	0
167.73073439695	4.9928328328197	0
168.85412305427	8.9750552100788	0
169.28881663418	7.795156720652	0
169.69746258667	6.2718604544053	0
170.68139973302	7.0547950913951	0
168.60490431427	5.8966834340879	0
168.34499508292	9.8889473259994	0
169.76362580918	9.4919834735624	0
174.71733656059	31.876669286836	0
174.03487123649	30.79875207987	0
175.42999838807	30.818473868527	0
165.73191552569	1.1396740740194	0
166.60677388993	1.6709671163031	0
168.04779121908	2.8513552846421	0
168.95182340617	3.6269167727942	0
161.72663321578	11.50206158391	0
183.23086038508	5.001442660191	0
181.47914578861	12.757457267721	0
182.45217157178	11.927153081797	0
182.4920348961	13.538635782413	0
178.5810602285	7.8596755101433	0
179.80121324075	6.8228770261516	0
172.35370990612	2.9920077606729	0
172.25556767259	4.4689634013205	0
122.96201915189	40.97200469521	0
123.49034639371	39.955893020754	0
119.69952298643	38.65181344495	0
120.51026169787	40.119504962689	0
119.59434289715	40.489835977266	0
132.49122329265	26.603926212534	0
133.74704493827	25.729926638527	0
133.77423486163	26.932354913135	0
144.15084449575	3.6045159124935	0
145.44649870195	4.2047639349537	0
144.86357421537	5.249959379642	0
155.12135808333	27.664081104242	0
153.83925067049	28.30585346635	0
153.73472084313	26.697599241562	0
150.0779635271	26.183620124702	0
151.74957766409	26.590233008853	0
168.78085830585	26.22294870016	0
169.52456213823	27.893842293854	0
168.53268428657	27.292450031027	0
156.24532591314	28.554231372656	0
157.41463687326	29.131552329105	0
158.94589350485	28.298012882922	0
153.43235569691	18.173119045815	0
153.46053770582	16.753282010226	0
154.76789147305	17.864050330883	0
165.33395818248	29.039531285241	0
165.54560408419	30.057074217722	0
163.73398529517	29.60284919343	0
159.92990129976	35.171337736642	0
160.80974128582	33.894665644105	0
161.42836676053	34.801546089753	0
156.88473658306	36.617403454637	0
32.334661284646	22.619241099427	0
33.625281197664	27.427974292869	0
32.400154230597	27.167606078906	0
34.072600629954	22.840534505965	0
35.334534064651	23.189384353666	0
36.600713579049	22.856275291692	0
36.795010169787	24.157068954182	0
34.259736506443	29.18759489177	0
34.838390965089	27.672188816029	0
35.579850487793	28.399036504577	0
26.913901182027	38.368372690572	0
26.603682960589	39.573027261032	0
25.802220882571	38.926579543668	0
34.266897220692	24.141328168455	0
39.200580141806	29.630198972126	0
39.187875609053	28.385936293007	0
40.429423027522	29.434504868927	0
33.364078384146	29.980033266672	0
34.10553790685	30.70688095522	0
37.058768834888	27.732630412521	0
36.123862704217	33.845517898772	0
35.657676709471	35.112699386719	0
35.016145304025	34.180851625792	0
39.586410658862	40.507751520214	0
38.372752705847	41.36244445084	0
27.316274253124	26.297666288088	0
27.960930846235	27.241874810495	0
26.65292838096	25.402523866606	0
21.151187620472	20.105173334154	0
21.654630190252	18.85620604108	0
22.464167727754	19.705817906597	0
21.941257989031	24.505366629818	0
21.974278981265	25.523678222584	0
24.509730828606	25.542872073819	0
23.470338135352	24.364560377172	0
23.556533525061	19.529078854423	0
21.935603733234	23.462772531875	0
21.183624372443	22.279181992097	0
91.667638589498	41.472882264546	0
92.543817725818	42.2098683915	0
91.467083713064	43.246701308192	0
90.081938586649	19.455571905416	0
44.55017899268	46.874826255558	0
49.321486891906	47.376463315723	0
49.707393223926	51.12624357852	0
51.28365958719	51.58892479092	0
41.943002576795	39.884887349053	0
48.994394465178	45.975126636588	0
58.541740190768	44.8870441176	0
58.112623936291	45.870018352069	0
57.523084763826	44.551305786978	0
59.370378770824	43.842796718706	0
54.758426057103	43.488611564337	0
55.0350449634	41.880481057314	0
59.043075534355	41.800900410246	0
59.188432505061	42.778019446665	0
57.806844047598	42.59121251609	0
63.627152117196	41.031751057525	0
67.850783185111	42.703573610827	0
69.038932946995	42.046443228198	0
68.528730200039	43.879969820184	0
55.899206451247	38.571731731637	0
56.362952616404	40.136193697056	0
55.271836222805	39.60866420229	0
78.623701025953	16.655889455356	0
56.698534732427	41.39360982369	0
65.696966094555	39.43649280787	0
66.514671778557	40.07717893983	0
83.198934434775	24.923944967255	0
83.15143094818	25.927749202904	0
75.330429008229	43.208445913131	0
75.635220416032	44.238343386671	0
74.563171659084	44.303903061769	0
64.358289404571	45.089006858349	0
13.523432453407	56.150322520476	0
17.306055089682	52.526796772831	0
12.503240468735	54.980887404731	0
10.563642230911	53.552784813788	0
12.442112474459	53.894766261362	0
20.909958709295	54.014280401193	0
22.07026748318	53.700772725783	0
7.8750402151123	56.038915766239	0
7.1887960272962	57.515731420434	0
6.7275146625488	56.609596296853	0
13.600816957891	26.457544335206	0
12.748423121319	27.319585452573	0
12.434597332566	26.126452314517	0
14.425512274616	50.651951287172	0
15.778384609991	43.095498558511	0
16.557070248717	41.725089405766	0
16.902058362694	42.82755108431	0
20.158345455667	26.830188727312	0
103.70204039328	37.327659546965	0
102.98459185738	36.257286123957	0
104.16621700667	36.378128975152	0
120.77490020592	17.911178703826	0
98.082034883135	42.418777815893	0
97.695244291968	41.117972363966	0
99.423078872321	39.580047871428	0
100.69089978906	40.064126282686	0
95.034838285146	42.916005843344	0
93.903635634649	43.990805573714	0
93.474465499881	42.908887704777	0
101.59426784556	39.272177011558	0
98.40772024176	37.460102015346	0
100.28588663846	37.85495994234	0
98.500476262707	38.584806086779	0
97.544912475623	39.185189944434	0
97.848763623211	30.144449844148	0
99.628864157565	30.973159446246	0
98.586398069744	31.541331070164	0
109.60794306304	37.469692626166	0
108.49545330656	38.346929148911	0
90.881772048483	44.230697591494	0
90.21454476476	45.729152850008	0
87.091991094688	23.66849125003	0
88.256879987586	23.670904351772	0
87.294160676225	24.81570501222	0
101.35677293075	36.968536283338	0
101.4495289517	38.093240354771	0
93.675020376315	41.135068661131	0
93.548999370535	39.589894297438	0
94.479647144598	40.288913610715	0
89.940110248793	46.781103120008	0
89.145846731615	45.529658017841	0
109.52848854022	41.526221877452	0
110.75771614902	50.022126047132	0
109.5	52.475475275504	0
108.48442042854	52.572499069626	0
67.292335693594	36.345909516384	0
65.766692992516	35.79815057542	0
67.488542118872	35.141746131786	0
90.005592912163	43.493711464539	0
82.015884556437	46.201098743605	0
82.61456150724	44.881023458699	0
117.54016395509	7.5385067344394	0
117.47935481978	4.6590741923698	0
116.99885607842	3.3590929947562	0
116.14725062586	8.8782928769988	0
116.70815256661	5.4713976843174	0
115.64294193838	3.2315993175303	0
116.45674306403	2.1097446556069	0
116.82030085912	-1.0270214022826	0
113.90605378948	3.2429738662944	0
115.32030085912	-0.17739752712597	0
115.5	-1.3587995667286	0
112.79326334416	10.295675105002	0
113.14501783781	9.2692543598876	0
115.87071532111	1.0683158078506	0
127.49115571624	14.361063147703	0
130.76383353592	12.531197698837	0
127.51036586852	15.523017377987	0
129.13217019921	16.154190466654	0
127.9929466556	16.682228345953	0
125.68760601158	34.779603302291	0
125.32842399879	35.890805174174	0
115.72194189941	15.075914973776	0
116.51433173888	16.507418521958	0
120.18581820146	20.233596522426	0
119.07992533575	20.012426749813	0
120.45206655438	19.137682788002	0
107.3810411352	33.28118767948	0
107.39812300262	32.08606208829	0
108.59530217471	33.148725935018	0
180.87993847123	7.2164279061353	0
171.22186584423	8.8435023197084	0
170.71273787287	9.757394435629	0
167.57622090377	10.797280562529	0
164.49945934882	13.475620056526	0
174.07267858504	9.7998720999155	0
173.1394204717	9.4733675826847	0
173.40143184164	14.026583537163	0
172.22472071752	12.509525437106	0
173.72525849981	12.560517336296	0
181.36779088767	8.2559135663542	0
180.69026018866	9.7185884211679	0
182.1168131633	9.6832997122917	0
179.28243020941	9.3308088796546	0
177.92225252489	8.8992821145676	0
129.65167425222	38.141123105688	0
128.3236030212	41.642121805133	0
125.99795302808	40.007316820885	0
127.01693334113	41.075785226289	0
123.30964715934	38.824981708533	0
124.71314068419	39.180620647655	0
119.04259003738	31.448434798474	0
119.72791476147	30.71796510094	0
119.51920678717	32.329395881772	0
148.05981633199	29.808835180273	0
150.40369905717	22.466067519243	0
150.25909936412	23.915804118491	0
149.13539061127	22.538435769544	0
160.94295313161	32.804994030818	0
161.26355085266	29.874851117391	0
160.73888906392	31.53745897482	0
162.1041426789	32.257338941218	0
39.500192986922	33.164620873998	0
40.368647886379	34.57786954282	0
39.042078845375	34.419597698687	0
61.686282471014	26.686860861778	0
62.887833503236	27.919411592806	0
61.198334996152	28.248806465495	0
32.645900149128	29.023799993458	0
36.1767226961	43.334553102751	0
37.566473832871	42.33705721442	0
37.241935992287	44.016664745786	0
36.33904153934	31.874940656167	0
35.241763663959	31.414056359082	0
23.552809007404	30.260484694048	0
22.668669540153	30.956208668653	0
22.93662975508	29.014161343194	0
89.781267902057	20.470585246824	0
89.424702253398	21.923257943211	0
88.411276054708	21.071017893195	0
87.267615196615	21.560397461195	0
90.382132659734	22.244648427115	0
89.012140812385	22.845081073486	0
87.502180696571	41.877918172922	0
87.816732200582	40.919877417564	0
88.753174137505	41.75799582118	0
90.374972733334	24.091465848222	0
91.216509712581	23.171305813197	0
86.846791046105	22.586701305838	0
86.059695836671	21.623408177452	0
48.608886266122	44.892242103606	0
52.082569470491	48.046690278011	0
48.737581891645	51.788007998503	0
47.986531941406	52.686050828285	0
45.156282181635	41.484226621991	0
49.080297993297	43.843897471917	0
53.939438066229	41.354282661582	0
54.639975490791	40.646927771977	0
51.452876710225	43.792026883693	0
50.160420500936	43.834843082011	0
53.164011144976	37.755056684996	0
54.176229325634	39.082465806558	0
52.532150412962	38.793320254682	0
62.710102662936	39.951881944927	0
61.502107756902	42.064973217907	0
61.632658897852	39.87461606784	0
66.144833021971	37.977018277851	0
67.335575006238	41.036341151408	0
13.377894025521	61.382367744298	0
8.0187291065798	58.492308220138	0
106.48458974163	37.065761109642	0
107.08069419677	38.421989367228	0
112.88569506562	40.726848393068	0
111.60013983729	41.140181836679	0
112.24298667897	39.911781443608	0
103.68321513228	33.900569158434	0
102.7318309025	34.531180534248	0
102.966277564	33.123994140538	0
104.43228689736	34.920767516425	0
104.66673355886	33.513581122714	0
108.94425369052	46.918661524208	0
110.11013747198	47.377932470931	0
111.33008337454	46.298810483624	0
112.5	50.48570796412	0
110.17119692687	42.341288826912	0
111.84994886294	43.159211266209	0
109.77829756587	43.545251306981	0
116.71641405473	45.685101971713	0
108.90219413786	44.459766667547	0
108.66117361191	45.623587639744	0
88.737574401705	47.672722105995	0
87.784913303067	46.543742906996	0
88.012025679564	44.015338162335	0
87.521196372519	43.134502576684	0
88.929451940538	43.59687216219	0
88.059347819034	45.491792636996	0
86.651092251015	45.02942305149	0
77.810951061182	51.692349673457	0
77.237223225228	49.566400720859	0
77.285029600374	47.820258705528	0
83.393340306334	43.728947015801	0
81.94539970017	43.662007862344	0
85.333136112474	44.250465594492	0
138.7798922451	5.5377209156382	0
139.04333572473	6.7607462667936	0
131.53717186992	29.434711199663	0
131.74041861748	30.525110314139	0
130.47814429152	29.764468773364	0
125.62886646941	17.548835579392	0
120.24722297152	21.878336861422	0
118.23925887058	19.303322329204	0
117.50480010992	18.447468704091	0
118.61171492801	18.060659390275	0
114.92949468096	13.640891889099	0
172.41016962661	6.7173873771387	0
172.95063573781	8.506094605452	0
171.63051179672	7.3202060534617	0
173.38592942417	4.5383728144512	0
172.22040743709	5.600908238279	0
172.35976264181	10.076186259008	0
170.90152260676	10.724667412862	0
169.27066660671	11.451891202021	0
177.47406523707	12.700618108134	0
177.51907133566	11.470665290585	0
170.91769137564	11.7706830254	0
182.49471829781	10.746608563421	0
183.17224899682	9.2839337086073	0
176.06781376044	29.659647310621	0
176.75027908454	30.737564517587	0
121.24596723872	40.778890788318	0
119.29492390397	41.613000057405	0
118.48418519253	40.145308539665	0
121.81095681302	37.4634822741	0
122.54666235387	38.12286809973	0
121.35114732801	38.940868256002	0
146.78334073337	30.124677553106	0
145.05263664143	26.85400559264	0
146.11845708208	28.16476368789	0
144.79090096889	28.035532049056	0
162.07468124378	28.672602305255	0
162.71120900234	29.787555073084	0
163.12691897173	32.072633061563	0
164.1841662946	31.979183051895	0
164.7818279153	27.866262881835	0
163.42372681634	26.949982437666	0
164.68321533818	26.230939058552	0
172.22965845679	16.748548693008	0
172.7499947424	18.434916977473	0
171.6761108878	18.276288529713	0
174.55588221507	33.571120242309	0
174.18004670149	34.541725403192	0
172.94637389544	32.827552659063	0
173.69136018184	36.948031791346	0
172.87495322512	37.857878164178	0
172.56631340696	36.624685510788	0
160.75741982398	26.082910744408	0
161.60227190864	25.354991810087	0
162.48026215456	26.042577548704	0
166.59344670432	28.320487906127	0
39.274479703586	39.327568099503	0
40.747072079813	40.129599575492	0
45.251821825908	38.047470175305	0
43.775475354144	37.709696382956	0
37.684687862914	31.921280102176	0
38.818939670092	30.757489361267	0
39.307875753097	31.842558288955	0
38.337963927247	35.305106013604	0
37.469509027791	33.891857344782	0
34.59317877887	44.58451690049	0
34.917716619453	42.904909369124	0
39.141564342121	36.65270657758	0
37.568994524537	36.124966223674	0
36.140391798238	38.019090977058	0
37.277716442399	37.218154163867	0
30.384811450102	29.693377999653	0
29.023900133883	28.407389160558	0
21.261643854622	26.284720665518	0
22.935745680097	27.623838364787	0
17.102719751137	29.658611865922	0
15.95157390058	30.438266915686	0
15.938310787329	29.179034180618	0
32.987842352618	35.467186257704	0
31.745037218644	36.091260247472	0
31.725562996404	34.502956372452	0
15.007167410919	31.077900276078	0
16.171576374728	31.557477961383	0
20.026112785787	31.048024588709	0
20.659311367617	29.959492298325	0
21.419291705999	30.798417608184	0
11.717517687955	30.625282536818	0
13.466542158009	29.700249727807	0
13.038140466718	30.883722039392	0
26.206815138227	26.573732094005	0
25.345465116361	27.893655942038	0
24.682119244196	26.998513520556	0
22.035470958323	32.044740959037	0
18.897239912419	31.60613660884	0
19.657220250801	32.445061918698	0
15.502049692265	28.025028302059	0
14.863744630789	26.862477673511	0
26.327788561008	28.442085606158	0
24.803092666978	28.866867032709	0
29.520865975989	31.09005378807	0
19.514299035611	33.576701428299	0
20.643171908979	33.018589408169	0
18.859543122155	40.410812536567	0
19.979607641545	40.485497225782	0
18.80080852081	41.53182662078	0
14.549918842036	25.669344535455	0
6.8182441308377	21.34426940582	0
7.8975365135306	21.200958629613	0
8.2818118870103	22.203732177573	0
22.763357264506	26.16819691805	0
23.64838080674	26.862795921852	0
24.535132452052	30.808914358168	0
18.177794542645	29.304239204852	0
19.555128893679	29.114637381711	0
16.87775863125	32.600142630302	0
16.443375179121	33.654820528979	0
14.792786432937	33.251789220452	0
23.58256188068	33.619941231957	0
22.190262831335	34.593789681089	0
21.892549743133	33.176380468638	0
17.822165120911	31.96050926991	0
18.191057655897	30.56347193992	0
14.350903841708	28.804683351822	0
14.238947920389	24.467307485742	0
19.054637423559	35.501145113368	0
18.068685765382	34.927617623898	0
11.729151352459	32.835365292905	0
11.118249893837	34.240250678705	0
10.678214538042	33.213640234203	0
30.264195114361	33.753617361374	0
29.439122429697	35.373322346581	0
29.220559681627	33.999909345735	0
16.587861527418	36.481918220948	0
17.04752313947	34.557474535879	0
13.258142940865	32.002933085089	0
10.409773648019	27.296873704011	0
11.86406143762	28.215151828558	0
10.691631589645	28.523532100686	0
12.471248199921	24.630250331295	0
12.929276908843	22.942034039595	0
13.74501987806	23.576194905449	0
14.696976629311	22.779091194042	0
15.815728058555	22.240582863042	0
13.263794844531	34.084221428268	0
13.69817829666	33.029543529591	0
15.214273902856	37.139187238412	0
13.778827015565	37.179747929242	0
14.131252014215	36.152335823759	0
7.1173012736136	28.980751835604	0
7.4164936099665	27.784978837383	0
8.938151463692	28.80102697436	0
21.00576759628	35.172719560629	0
20.598874678294	36.734619561862	0
20.093357775803	35.712128919002	0
24.429471475823	39.215344571095	0
24.739689697262	38.010690000635	0
15.308973998927	45.64120716277	0
16.857680021756	45.051532144826	0
16.043281296716	46.494779070541	0
10.628597272102	24.110355121552	0
11.618854363349	25.492291448662	0
10.591946404747	25.606557104774	0
11.719209053209	20.14525184286	0
9.4908315721614	33.532582824409	0
10.101733030783	32.12769743861	0
10.508304750204	23.028255433404	0
9.4813967916016	23.142521089516	0
13.030281062945	28.546243849248	0
9.4195165567724	25.914937376901	0
9.9640375620014	30.902777410492	0
10.392439253292	29.719305098907	0
4.9068010718486	27.189127858463	0
6.5087892885135	26.832176528789	0
7.3122273307282	24.023346156365	0
8.4021044089086	23.285831865722	0
8.5118122353194	24.962135068307	0
90.710923739879	28.29993367929	0
90.383340786283	29.540938558938	0
89.522329909003	28.649923256911	0
90.521570407567	37.884232903826	0
89.163283892626	38.727516008689	0
84.842066722018	21.87802918809	0
83.943985900661	23.602560914868	0
81.836839006581	20.786203477208	0
83.049006671242	20.321349815876	0
52.502473272186	43.536892270978	0
53.353374915926	42.419068653534	0
53.483605895099	43.705659564365	0
58.386524042163	40.943115343473	0
57.325904960869	40.356677353037	0
58.05094192614	39.685699216839	0
63.25976509209	33.981164786725	0
62.375100087434	34.909508479871	0
62.022828197778	33.642873044943	0
63.226345392816	36.504662508256	0
64.591261774492	36.125057090835	0
10.943674799549	64.124225039922	0
10.510230153657	62.819435006376	0
8.7801079130788	61.899849343176	0
11.561452470707	65.428652360172	0
10.476856864016	65.064560456146	0
6.8712035540164	59.062988750752	0
115.98223871792	43.686642805773	0
112.20618680256	45.384295123058	0
110.58094607393	45.277689106844	0
114.28917710704	35.093647542872	0
113.16726968712	35.371518726071	0
113.86881901894	34.016991733853	0
102.66515413786	38.385753352557	0
105.14973543326	35.991140939433	0
106.75065963231	35.608399650914	0
113.90024582661	46.945259341738	0
113.82069964009	44.814485939488	0
115.04044129896	44.277197670598	0
114.17506576204	45.868128230948	0
84.243045016463	43.072185270593	0
85.513679015534	42.37468825293	0
89.154481215862	26.113518245612	0
89.619711908535	24.917289126508	0
90.315143555273	26.212689258158	0
75.527554202066	48.754109498179	0
76.111100487951	50.417003248006	0
75.740315301551	47.004688278024	0
76.412677365712	46.149370962812	0
77.047513094614	43.994127566698	0
77.739375767635	43.180488569643	0
78.384411097071	44.031729898308	0
79.140506454384	46.995418520085	0
77.824970044293	45.905155142839	0
79.008084834141	45.935632272608	0
79.180942311078	40.954037311472	0
79.794951796739	42.11686957363	0
78.462264284432	42.055258639095	0
86.708855512634	26.195467015969	0
87.873744405532	26.197880117711	0
134.41015033043	6.7150311781315	0
134.35653429467	8.3557757033484	0
130.5393012306	16.248455224776	0
128.62934278626	18.283111331422	0
127.00753845557	17.651938242756	0
129.12832260995	30.355986698311	0
128.92507586239	29.265587583835	0
121.02980867816	32.886117887399	0
120.34448395407	33.616587584934	0
104.51756662262	20.672332734654	0
103.19492237723	20.696080471933	0
103.83175873404	19.320457418638	0
113.96308052212	13.147622750202	0
112.95721945567	13.554457218763	0
112.73605346826	11.601095955863	0
114.70832869354	11.687530626199	0
116.00871684557	11.161570590165	0
174.35596588082	10.747144085112	0
173.54053137819	6.7867967902693	0
174.41146139144	5.9046620237943	0
174.44662162693	4.7727171868358	0
185.59519314174	9.8598398766442	0
184.57410286803	10.821549409987	0
184.57124440505	9.3855330263935	0
180.02630971076	13.599630543757	0
162.92285490404	30.805098005566	0
165.08060096412	32.505103664176	0
166.37550673231	32.851694895308	0
167.12616572767	31.684528697789	0
167.76317192405	32.863990242623	0
168.20108561016	36.95477868829	0
168.43399531724	38.189646045251	0
165.85890410436	35.99129517536	0
169.10428134362	36.322758619126	0
167.82970394546	30.595290177318	0
168.21098254523	29.228549967127	0
168.89510951918	30.330083834913	0
170.9386001779	27.423050194037	0
170.69042615862	28.492551524905	0
168.65377033299	33.488547122299	0
169.61473273645	32.27509315683	0
169.75467215003	34.066816234025	0
174.5861376924	35.500066062197	0
172.97662937277	34.756498478951	0
166.44203875371	30.582994830003	0
169.73485097093	31.03737283863	0
170.83575278798	31.615641950355	0
170.19179164595	36.346384119832	0
171.35931840074	36.431026542263	0
169.22656884691	39.507547367886	0
164.8420658664	31.146312738192	0
167.65885227804	28.055281563722	0
166.91514844566	26.384387970027	0
172.01892198125	32.355154883368	0
172.13904021574	31.117434565168	0
170.84218245236	34.09044173473	0
169.8812200489	35.3038957002	0
172.17572535746	35.52118016943	0
172.5	39.091137064382	0
171.76963436654	34.562839510426	0
171.64308646767	33.325760044251	0
164.80631696812	24.583857433935	0
166.16441806708	25.500137878104	0
176.28895227574	11.510872015538	0
174.48153377061	11.807187166666	0
170.1161295707	29.670632628439	0
175.95100936664	33.590842030965	0
168.64649951995	24.615715578788	0
169.63837737161	25.217107841615	0
179.95096831395	29.917518133753	0
178.8333765146	30.625102765136	0
178.50568625625	28.871153328298	0
175.93087556519	27.013542444467	0
177.32919332459	28.206043726623	0
175.9897766975	28.386236677525	0
173.49606213543	24.376900884255	0
174.62341372319	25.478001922565	0
173.46410735034	26.092634357059	0
185.36903071676	22.254846388391	0
186.22810888314	21.012741056367	0
187.14328314068	22.51757428442	0
174.66949600103	28.467146028465	0
180.97211569257	28.819151342749	0
181.29980595092	30.573100779588	0
179.47419182925	35.055234060555	0
177.81182109302	31.430087336924	0
162.51285841204	23.891897594894	0
160.79001608146	23.932230790597	0
168.07362787136	15.884634357297	0
166.24317243813	15.06082425877	0
167.6452280408	14.391027650486	0
41.790966729774	29.770050871054	0
41.778262197021	28.525788191935	0
36.827977622345	32.960009583855	0
40.43277140515	26.254814636336	0
41.219602133902	27.239595629928	0
39.629887766017	27.205461196217	0
54.954062235854	37.027549664245	0
56.126969574602	35.993735906384	0
55.980997396396	37.01038847901	0
34.225349714574	33.396276260265	0
33.089123957465	32.689100856403	0
34.346105541662	32.206494733984	0
40.634444794101	32.000830133088	0
36.474116027524	35.870553599892	0
35.366398627333	36.205887326912	0
42.47223341693	35.898479216162	0
40.851998274095	36.253899803972	0
41.530768887667	35.4774257797	0
41.631071621518	38.704703928342	0
36.664431120648	48.620832908236	0
31.507000248335	33.129543371606	0
39.403868031974	38.210991471216	0
41.114301963947	37.812184697608	0
40.172837434684	37.391131261146	0
31.110493796448	37.328752708493	0
29.848214440235	36.364522823241	0
28.673771411806	32.186407127664	0
28.149005021504	30.896256555206	0
89.214310393922	23.992294835676	0
95.153511054268	27.549341528315	0
93.90567519259	26.216261750255	0
95.721383560819	26.409650358776	0
87.069759825847	39.712641573733	0
88.320753266781	39.592719221992	0
88.56917605227	27.493280249361	0
87.125257710137	33.979069349073	0
88.116344167678	34.45412099597	0
86.311757709848	35.084102356222	0
81.742232013632	39.0951223167	0
80.572737867211	39.7371000065	0
91.629071153594	22.249482682922	0
93.56562689645	22.376378177362	0
94.5706766428	23.326593433217	0
85.884071734744	23.731501966286	0
85.262890872528	20.851725343448	0
84.284735118935	19.902722396894	0
85.502364233588	19.648101386256	0
85.139020268858	25.052886018673	0
84.893820220276	23.971096074481	0
85.651040427395	27.451642927314	0
85.071456698088	26.069467821823	0
86.435304477426	37.781544199859	0
86.299836115099	36.368379512338	0
49.192926661452	42.769624975483	0
50.818366831581	41.222453299867	0
49.721591520431	41.405591209595	0
50.26690918292	39.867473923885	0
61.989408498504	36.166370766474	0
60.97610740566	39.016831001067	0
59.621722491745	38.601212778578	0
61.486268889971	37.345906572371	0
60.606610257581	43.052484612861	0
59.768112499626	41.129922274047	0
3.0572090793924	58.243474528559	0
3.3998882839251	57.026493298225	0
0.84247924019427	61.28195	0
0	62.0632	0
0.76658900584944	48.78195	0
0.76658900584944	50.34445	0
0	49.5632	0
10.168785724398	49.316255618571	0
10.838706774579	50.980010376879	0
9.7752175302833	50.612559160398	0
112.32945704635	38.877406715603	0
113.55808484126	37.973311267544	0
112.35899998031	37.352269983149	0
115.21369273696	36.431421357385	0
116.231108016	37.42093053931	0
114.60504305426	37.437683717016	0
112.13140976649	36.106404436555	0
111.71105167839	35.029748627535	0
117.18755802285	21.169050043352	0
118.05239833089	22.525656188698	0
116.42627937091	22.586365747813	0
108.33186712399	35.513435673666	0
109.62670603253	35.054242932113	0
109.38035284923	36.223827079571	0
115.91524206878	35.076894365166	0
113.07156233947	43.793364562708	0
101.39339812622	35.968215063813	0
101.85757473961	35.018684492	0
94.848295207753	35.056186122561	0
94.897399040366	36.080465461483	0
93.627568774783	35.484433210582	0
96.011706650613	31.969731185227	0
94.592541528093	31.52513038656	0
95.38713241287	30.268020669398	0
89.514763605119	42.612875878888	0
89.82931510913	41.65483512353	0
89.910256267361	39.93475185252	0
90.671845734975	40.789631910227	0
86.584754435596	42.296384173067	0
83.573883209393	41.853169674238	0
91.266653602408	30.347465902634	0
90.078059771531	30.697455480255	0
84.309015197238	36.34989926445	0
84.320936791988	35.065622108334	0
85.308749657557	35.893327865441	0
83.086910223948	37.626943186875	0
81.976524121353	36.990372637168	0
85.494663339585	41.118103849168	0
84.860207991165	39.187006475294	0
85.931283411228	39.108702395431	0
89.610099044947	35.024002578628	0
80.900226134678	42.86401116035	0
83.638103017875	40.464050397719	0
74.603202602043	41.845579145365	0
75.675251358991	41.780019470266	0
73.723470369518	41.229415362488	0
72.618248835402	40.892391600959	0
73.84280341869	40.080128940971	0
84.074723089517	38.454648943983	0
80.121447335585	44.016087603248	0
79.633115215848	38.720674304046	0
79.574007172022	39.999222543554	0
79.429584662563	44.829726600302	0
80.745121072655	45.919989977548	0
76.280255745469	45.089584715336	0
76.398139875788	40.654789539718	0
77.125366281974	42.017656307485	0
84.08120518362	26.309061930018	0
83.08386737741	26.944331006053	0
71.642966037522	43.880145847068	0
73.378648018755	42.657841805353	0
72.522698270048	44.496309629945	0
78.241319659715	39.937611609019	0
80.015948007353	37.336567304609	0
81.360626217669	35.868388174784	0
70.251948125369	44.470726554607	0
68.950818810473	36.997240899265	0
67.228969684117	37.653645342899	0
82.439422279684	34.812892785513	0
82.404367695141	32.861993907627	0
83.286147747127	33.571294629456	0
87.755879793882	31.725531172262	0
87.135459517747	32.880059632709	0
85.961495143662	31.25650281615	0
73.606594325725	45.075214444504	0
70.960698416287	38.890932069022	0
69.67433308648	39.134760864244	0
70.173818130801	38.061147930558	0
75.8937649329	39.1893153702	0
77.343879855884	39.426952207419	0
125.4689735396	20.279891267062	0
124.71818729398	21.225420285776	0
125.44287727236	22.799525311265	0
126.84764552576	20.382993930425	0
128.26859038155	20.174811189966	0
127.47230132107	21.304983892167	0
131.85696235013	16.458599282621	0
130.93241210582	17.523545492465	0
127.559427146	24.232510569954	0
125.88284625361	24.670755601101	0
126.51097897182	23.647638958756	0
122.97173071953	34.524816632637	0
122.43077884197	35.409395854194	0
126.26526260007	19.149718564861	0
127.11945816475	22.361280280118	0
130.35730283265	19.05350946717	0
129.25399858157	19.205101293163	0
143.22193801653	25.429954215683	0
142.70081831259	26.377617207894	0
142.19767580088	25.082797469771	0
129.49138661338	23.299538308956	0
128.54040302053	22.153097539658	0
118.93454857956	16.834155306099	0
117.56844672832	16.127825849806	0
112.69015052147	19.251498484758	0
114.20539639553	19.347814416598	0
119.14981065121	22.20199652506	0
118.38853199927	23.619312229521	0
117.97301051766	20.399236063628	0
116.34689155768	20.459945622743	0
111.52642850676	17.149159320154	0
112.24928454135	15.813971703812	0
110.76079819767	11.311482834049	0
110.81800807358	10.006061983188	0
111.78740227772	10.702509573562	0
117.09588428425	9.3787535860785	0
118.34718648335	9.8597581687648	0
118.82167759005	13.242730363056	0
186.76011672342	15.367462069668	0
187.18274073586	14.221074039195	0
187.98053079689	15.425823543075	0
185.78018913356	12.729284413013	0
184.531556142	12.002093928363	0
178.98525706912	13.786791136391	0
180.47795647128	14.556100560971	0
177.39350344587	10.410622209031	0
117.34984679461	39.891486390494	0
120.78575730526	37.308320093365	0
119.76175996976	37.591268008151	0
119.93207548786	36.618105671143	0
118.87098010772	34.980459582618	0
119.89497744322	34.697511667832	0
162.57887473169	27.677901371987	0
161.13121658201	27.765197416293	0
165.16171578873	23.437720476037	0
163.68051305983	24.168521656485	0
42.310232460929	37.567472471168	0
43.258705696573	36.817177152221	0
46.982680416247	38.21547609474	0
48.67789982112	38.673012368247	0
47.474914466899	39.593075560107	0
41.217914243386	21.920447236939	0
40.136642623207	22.656853783705	0
40.450599409177	20.906293396867	0
47.625872300995	21.390946897497	0
48.545186052717	20.68576848304	0
49.565460727427	22.225817522002	0
41.647053629869	31.893098489762	0
42.27037884304	31.08783552658	0
43.475304912634	32.302166468296	0
43.619218012539	30.179118849587	0
45.516200632897	35.485187952801	0
43.937476310145	36.04070312795	0
44.729728353254	34.566490016741	0
35.234389797698	39.682581349672	0
36.299603093886	40.364692992708	0
35.436047240495	40.972833928349	0
33.269991063325	40.372441318516	0
32.5882323786	38.754825242221	0
33.689075259582	38.673106209018	0
27.848698727142	33.806112112871	0
27.933130298039	28.63438886555	0
27.390757848656	29.607599956221	0
24.996357036446	36.379637708808	0
24.308412184382	32.519336805331	0
24.606125272584	33.936746017782	0
92.059088466992	26.186206529424	0
88.241593098674	28.73428512901	0
95.468593356424	28.783075003784	0
93.652884988194	28.589686395263	0
90.283474278667	33.5739562186	0
89.945608377812	32.426535406386	0
91.299238488512	32.651403636165	0
91.593857774319	27.382435648529	0
92.093903589916	31.765255884081	0
92.399184604667	30.608738962764	0
92.769950953754	29.507184426024	0
92.454868651599	28.273450950556	0
92.607784665768	34.12948916002	0
92.656888498381	35.153768498941	0
92.214729750301	37.78913059436	0
94.015149373107	37.626225898263	0
92.553206516012	38.906643943119	0
96.762734466533	19.740300948364	0
95.901061028655	21.266529284792	0
105.50067636651	17.410775781583	0
105.25139676333	16.425343138881	0
93.597200941263	30.924974407471	0
90.963729155648	35.248870808407	0
85.330873059917	33.510040992961	0
89.062295561687	31.62000806269	0
78.039468245686	32.809915189148	0
77.764408631815	33.998795026722	0
76.476933387623	33.087946360863	0
87.888331187602	29.996451246131	0
86.935177330869	28.839808238581	0
85.923197140089	28.487916322968	0
85.569935229017	29.750082440089	0
79.363496796774	34.967673348617	0
80.442292858789	33.912177959345	0
80.478846165684	35.159087452955	0
53.907524413363	44.606435181782	0
52.958305443316	41.185515368196	0
48.641469012792	41.414645599501	0
51.322645731052	42.505435972862	0
47.734383838382	40.711230909399	0
52.454026543845	39.9025326952	0
51.441808363187	38.575123573638	0
51.867963393541	40.967318687152	0
50.345033052038	38.758261483367	0
49.852799001386	37.380662018	0
47.372719378442	36.670711829326	0
46.169734024221	37.590775021187	0
56.621851748379	34.872993936764	0
57.381135523962	33.850369208701	0
57.913188510728	34.953949993085	0
57.072113789996	37.537917973776	0
58.642894355601	36.453431535515	0
58.561103410452	38.014774788143	0
61.270988984259	30.66599143163	0
62.653689615404	31.09794327416	0
61.524792571289	32.282577509267	0
54.420905070305	35.24039487573	0
53.309983323182	36.738404112369	0
52.630853979428	35.967901896481	0
52.619773367526	33.220409916116	0
52.51770556423	34.44056964541	0
51.395703205205	33.191086901684	0
1.9059905246759	59.806720440208	0
5.7224001631034	64.769904997196	0
4.8846112238126	65.461226162349	0
4.5	66.881140431253	0
3.3846112238126	65.921979233918	0
5.8145957802898	60.801878436298	0
3.8700179883156	60.338466101279	0
5.7565588413259	59.576153215436	0
5.4581145997924	53.124816394587	0
6.7814066373656	52.327034941374	0
6.7311625934379	54.000548014247	0
111.36177721532	19.986801943942	0
111.41016113421	18.506662704969	0
115.68921193253	27.409670271963	0
117.18454063524	28.299756684264	0
115.46258845044	28.551038247033	0
116.02935035675	34.009689397757	0
116.95386598667	35.34746321227	0
117.20303125951	38.724668679234	0
117.8116809422	37.718406319603	0
64.78746819977	34.920893706237	0
79.017217312164	37.598689841663	0
74.555340993742	38.914218513088	0
73.450119459626	38.577194751559	0
75.501080973837	37.686381180789	0
119.66900734022	17.690008931213	0
116.82314117791	17.584398437313	0
114.38480328987	28.660591891896	0
113.38524182462	29.309612349071	0
112.96769828248	28.309972291907	0
102.74733418811	15.730561466333	0
102.41370428103	17.098730945195	0
101.36747411319	15.636093425178	0
118.29095010173	28.525368259662	0
119.43764053099	28.723307938817	0
118.10460758242	29.639064338488	0
114.06103872262	32.389289250866	0
112.9391313027	32.667160434065	0
115.66523262567	19.596875355966	0
116.45068512048	18.827061376243	0
112.48000522541	14.645599664023	0
110.54504325723	15.358587354733	0
111.13251684156	6.9396151442459	0
111.02396101767	5.6586671470453	0
112.38650122819	8.231340735655	0
110.590627767	8.1053631312919	0
103.13796249984	10.078704113112	0
104.1046763446	9.3004633497034	0
103.97507254484	10.994914305176	0
104.87026973177	8.1205182234856	0
105.70737977677	9.0367284155502	0
109.56402368695	8.7143363917787	0
106.93969824876	9.1836485539878	0
106.1741048616	10.363593680206	0
111.25297817155	13.099072869683	0
110.28358396741	12.402625279309	0
108.37153335698	8.6620756792629	0
109.36892491162	15.545859601823	0
108.76105547512	17.077655985669	0
106.30901226633	14.123205504609	0
107.16616130601	13.576841763465	0
183.5076074053	11.527787078112	0
186.94451566227	12.379583676132	0
188.16492973574	12.43794514954	0
189.45786648103	15.319358063362	0
189.03524246859	16.465746093835	0
185.25612894386	19.725073518235	0
184.16708246384	19.012248031933	0
184.96935494849	17.987308389831	0
186.75951967045	9.5101391397637	0
186.76237813343	10.946155523357	0
185.71910762646	16.923347238538	0
184.92131756543	15.718597734658	0
184.19333927054	8.3222241752643	0
188.15809951674	9.4029711074492	0
182.66705747008	14.673697683758	0
170.92038717415	24.300704019496	0
171.05474596004	25.907937140868	0
176.81373982595	13.609827665255	0
177.87328489749	13.739530676297	0
176.22550584361	21.486020405861	0
176.32567796143	22.83250046679	0
174.55519639047	22.415788388833	0
121.98127233112	36.490319937092	0
121.40557933422	35.254233673459	0
118.84584116903	37.961599022728	0
157.57163126325	26.854424552406	0
159.25276085251	27.316310019045	0
154.86011391674	24.089857767781	0
155.94089560837	23.031159558127	0
156.0976099476	24.9971286698	0
162.86825723265	22.745760636996	0
162.71713395925	20.780966510738	0
163.88478860703	21.05759057233	0
169.38125942481	13.856372281787	0
44.580216187734	33.559202136535	0
45.641860788102	36.502705909891	0
48.495997613976	31.128882939661	0
47.193311915785	31.881227871678	0
47.530730582258	30.678376125338	0
47.712584415678	35.387124008611	0
48.525530807704	36.011825082164	0
46.03916443351	40.253694635893	0
38.401044880302	27.401155299416	0
42.581145836154	27.575141632055	0
39.482573570801	23.747483757992	0
39.873507247341	24.945843913201	0
45.021629916296	23.505411686617	0
45.758126777011	24.662895054684	0
44.163327927529	27.652341766966	0
60.640127566633	33.210921202413	0
44.570815605373	29.086828395858	0
45.050227718639	30.404613051384	0
41.463221615226	24.979978346912	0
42.308906845887	23.899695113757	0
46.923098352939	28.481257147725	0
45.594337633629	27.877835968762	0
46.515610675096	27.046770518834	0
45.203541400906	32.753939173353	0
37.307539409659	40.680332807804	0
34.552631112973	38.064965273378	0
38.221400389146	44.444950677105	0
34.394015702015	51.334580249712	0
34.592907729086	50.20747855368	0
33.852503323265	42.222797726088	0
33.759163719829	34.663457748212	0
33.778637942068	36.251761623231	0
28.804579007501	36.610814807602	0
34.595077260122	37.009615836404	0
32.751660442283	42.304516759291	0
27.253963050486	36.670769652075	0
26.299787409485	36.18150131656	0
27.441311355961	35.130345995427	0
26.543663284473	30.703953295815	0
26.316943016804	32.414375742978	0
25.558695843956	31.125719143992	0
27.663055061025	37.661970128735	0
26.894523086141	33.316843777356	0
27.755146205702	40.04372926251	0
28.866826505158	39.485522409415	0
28.906609450815	40.514431263989	0
28.464517139042	38.308417846099	0
25.909555645623	33.738609625534	0
25.183705341921	34.83921405216	0
91.983513264662	36.603814858969	0
91.74857974773	39.752798993535	0
83.904524100411	30.509293138023	0
84.949514952882	30.904610900536	0
84.296084015055	32.015713514084	0
75.820531517865	35.615946189654	0
75.761187244921	36.692621070081	0
74.222001307621	36.33460944325	0
76.699566422737	27.265766031893	0
77.813029422381	27.813439847507	0
76.335378595434	29.01242407276	0
60.63502358459	35.750752543986	0
64.083358117587	32.354874674651	0
65.611061225267	33.294603594163	0
64.435196310114	33.654258271309	0
59.402178131184	35.430806807452	0
58.818849366942	31.937527083089	0
59.407282113227	32.890975465879	0
58.084039540026	32.977876882232	0
65.523557962883	30.681147931458	0
63.829554530557	30.738288597015	0
64.0938894607	29.424216530967	0
72.811420247643	37.614301729506	0
71.234156872246	36.84225048749	0
72.585393659281	36.63923308166	0
54.049899875187	28.49137168006	0
55.840816636609	28.527001903474	0
54.182218532213	29.528691255911	0
64.154686775303	23.235311118181	0
64.150944276473	21.805480865413	0
64.912600895953	22.518407297088	0
66.776989314405	33.685271581643	0
68.302632015483	34.233030522608	0
59.905317739717	34.251271001556	0
60.09122141055	28.126134336533	0
61.292772442772	29.358685067561	0
71.167547134759	33.877117102501	0
71.665065616998	35.112011094206	0
70.510611801645	34.632287847939	0
69.94779154244	37.086079282712	0
70.011157551917	35.778343456197	0
50.192664038622	36.097074197284	0
47.586924260473	34.36960605152	0
47.233515811754	33.171354763797	0
48.511987396221	33.529985973725	0
2.6962118301675	64.845132482507	0
2.7270904640068	63.282632482507	0
0	55.8132	0
1.2133976209878	55.9975559909	0
109.8426939369	31.577808439655	0
110.88363828774	32.216878736486	0
109.65332839297	32.59267064066	0
6.8303707875119	49.515224235885	0
7.4938456387533	48.550733164367	0
8.4418216288605	49.913295473609	0
4.4370462239231	47.137247610404	0
4.8022971171254	48.865452030461	0
3.3569485436438	47.850037714222	0
6.6433527106695	51.164544933421	0
7.916400704315	52.04027655308	0
9.0479523658615	54.981018175764	0
110.90278197158	37.010499884613	0
111.72059217141	33.763301927272	0
111.9128118751	32.135599444285	0
112.10217741903	31.12073724328	0
117.72676814435	32.401787265176	0
117.95092816886	33.670061912084	0
116.84381425013	33.011983597954	0
115.80519033224	32.74141475085	0
114.875502616	31.391583451062	0
117.93547611865	30.790356484344	0
117.87391792552	36.657860882804	0
117.9880262135	35.590655915396	0
71.107897874077	42.632258730015	0
70.089046666944	41.593692220131	0
71.480064579098	41.003111512592	0
72.098882672591	38.780212157389	0
72.644737932225	35.562558201233	0
69.513639069678	34.543449464492	0
68.802086265211	33.08697491435	0
78.379883779417	36.094270329356	0
78.119777508332	37.088030440064	0
77.09961118408	36.967717927193	0
72.130082639813	33.189733728039	0
73.166828529043	32.278367956808	0
73.358746839342	33.445474577536	0
77.822766042616	31.58143662414	0
79.110241286809	32.492285289999	0
77.736944716827	38.472137439501	0
114.10160283273	20.980698663099	0
110.19805520062	17.884462779338	0
120.5833566399	22.971992902245	0
115.4721236066	22.2406706229	0
114.01228737646	21.991609683531	0
191.92059282365	7.326485926209	0
193.34366223286	6.4112604377795	0
193.63731918341	7.5275322141004	0
189.06656431389	13.253421671779	0
190.75864697468	13.102596075905	0
190.09523747012	14.128609916729	0
189.85763869841	17.574344731945	0
188.38030301427	17.680810211658	0
178.95233281227	15.683479542729	0
180.29797528815	15.908504616958	0
179.81340427079	16.848723006082	0
182.48707628696	16.026101739745	0
181.3390279298	15.721344024324	0
175.32584685303	17.597408656229	0
176.31568465075	18.221786457455	0
175.73984787781	19.371728034922	0
178.324931658	14.696000693512	0
175.65824489473	13.324245266722	0
167.02387961113	22.374609106533	0
168.63212905548	22.253018339912	0
167.89576914137	23.731465486864	0
46.434112831211	35.028492798683	0
46.11493509777	30.371521827505	0
47.417620795961	29.619176895487	0
50.079515623425	34.569741946213	0
51.406783817107	35.938578882049	0
50.61235902562	29.709546112909	0
51.944536389646	30.731994102444	0
50.165593644474	30.948479182856	0
49.726107174706	33.37149065849	0
49.828174978001	32.151330929196	0
46.268248780036	32.720847949474	0
45.163337504936	31.463812281234	0
46.639776766196	25.812267954713	0
47.968537485506	26.415689133676	0
49.053713321112	27.801046075528	0
49.548235764133	28.93896582329	0
48.338893837427	28.788111445559	0
56.000356833547	31.539199310116	0
56.792702777677	32.896920825911	0
55.297452817484	32.411691636586	0
42.375768570666	22.529394094654	0
47.211053587421	24.031813669526	0
26.198427742417	43.901629406502	0
25.15814733229	44.235423417172	0
18.404139991547	42.857524311971	0
19.524204510937	42.932209001186	0
92.431769490771	32.912676696295	0
95.149491236702	37.349330354644	0
95.487968002413	38.466843703403	0
82.835662914237	30.583236301984	0
83.489093852064	29.472133688437	0
75.317033548213	27.160463094116	0
76.79468437516	25.961478868863	0
55.594916587836	34.890155122	0
69.326228521051	23.319522074027	0
69.602318074891	24.512181463877	0
68.163734666208	23.703279679019	0
75.378402086272	23.508980527352	0
76.114672643711	24.75314534581	0
74.675880943198	24.612011112628	0
71.59939762827	39.853825091075	0
67.540082704385	39.910884807263	0
68.624219366531	39.58751187231	0
69.411099652016	40.417296010775	0
54.915787244082	34.119652906111	0
54.123441299953	32.761931390316	0
53.001438940927	31.512448646591	0
57.770160795036	30.938179441481	0
59.093403368238	30.851278025129	0
51.327178509305	28.722480742878	0
55.239121083495	30.309145800059	0
56.734371043687	30.794374989383	0
5.6953767205624	49.801982624179	0
6.8406112191819	47.734391574267	0
8.4520620605305	48.132462811991	0
9.3683002561845	54.016011134952	0
9.2497966057379	52.739540239869	0
9.1117426790418	51.577050231916	0
7.734106740688	54.167773601845	0
103.76020556534	27.496725538128	0
105.00147110799	27.121766727374	0
104.11675853981	28.565975050628	0
102.00434203089	29.649703037381	0
101.5934901397	28.604495653948	0
102.46464110597	27.895726477948	0
118.51757358382	27.384000284593	0
116.78878568938	30.59241680519	0
120.57685074946	24.972226844644	0
120.64587011482	27.129206491698	0
119.55496368495	25.452632212937	0
122.94436313474	33.489038879113	0
73.301673265338	34.807387455795	0
69.722029456933	32.015491678759	0
68.511022402737	31.705072736875	0
70.684564961987	31.328108304297	0
71.650780572503	30.84683966948	0
68.629521980318	29.437824051689	0
68.395612073119	30.675325550534	0
67.594168458977	29.479560100939	0
77.100417298286	30.729582205831	0
75.986954298642	30.181908390218	0
67.475668881397	31.746808786124	0
72.409031838291	29.939081155387	0
72.246040776218	28.401310963357	0
73.291675799017	28.669339887094	0
66.309740792259	31.356140798644	0
66.574075722402	30.042068732597	0
65.26246546865	27.316767602311	0
66.128694772228	27.858222115418	0
64.921663589447	28.825621352304	0
75.103329931292	31.053088301207	0
75.573742865033	32.216587664797	0
73.925079794831	31.370609442715	0
70.97562882446	32.710010481772	0
66.425151121878	32.385887984985	0
66.807985629601	28.804567233752	0
71.630484947484	27.514584891463	0
72.696415595302	31.114868593217	0
72.205532653735	26.642255867415	0
70.707332864274	27.025271063815	0
74.175300166367	27.798159976105	0
74.270418118791	26.493872813075	0
74.33829122844	29.335930168136	0
75.298683251162	33.405467502372	0
75.241609677158	34.767380380631	0
74.338419154569	33.896021684564	0
78.171190339409	30.411952306683	0
80.682816849684	30.819049840768	0
81.375768934793	29.641282361572	0
81.727280580781	30.723844331593	0
81.306505278308	27.102901912805	0
82.287162903931	28.054547565669	0
81.439575040267	28.594431199534	0
78.890073399387	29.64829287956	0
78.953879504861	28.601441717522	0
80.395111309169	28.689636708709	0
79.963933789706	31.58270926789	0
80.180635992776	32.811187832898	0
81.295985361685	33.002601937236	0
78.343330472522	34.847360835746	0
82.142710829128	31.761003781179	0
76.780795614458	35.125392007462	0
116.33696391464	23.597276768246	0
116.37220538717	24.818954730105	0
115.41804962285	24.473259605192	0
108.67407162953	20.06612269009	0
107.23707190403	19.259315896421	0
108.64478810257	18.435159370484	0
109.59964559567	14.377487562034	0
110.30196368244	20.335836585455	0
108.89424748391	21.159993111392	0
105.42529087578	11.402798629787	0
104.45857703102	12.181039393195	0
122.17636649088	23.650072753288	0
121.07895417056	23.973732416926	0
118.45755136463	25.776291876575	0
123.75318105049	24.368848128936	0
123.52564307617	25.706584962195	0
123.02353965507	26.705079389913	0
122.16986060043	25.650306695687	0
191.14994914182	15.168532467488	0
195.35365384515	14.866332422661	0
195.10505633965	15.924055134848	0
196.04245333726	16.947187071066	0
197.25280961843	16.855254662959	0
196.54836147912	18.050577685046	0
190.72851764317	19.003011797576	0
191.3862740625	20.133904000595	0
189.86045566342	19.920301052786	0
183.84770714785	16.126469151353	0
182.51967760757	17.17411549192	0
177.18472271044	16.535582505308	0
176.55732155618	15.54810365609	0
177.84036064064	15.636219082635	0
161.09063229647	21.176796937084	0
160.50918908047	22.649142019893	0
159.89921879208	21.356802381572	0
164.67809110092	21.984782183476	0
165.80389500921	22.400117960925	0
163.76173017465	14.500322227313	0
163.08251750745	15.630414799866	0
166.54025492332	20.921670813973	0
169.83002211264	22.441833371278	0
168.9581325824	21.084976990947	0
173.3479615682	27.607747410228	0
172.22060998044	26.506646371918	0
167.0382500756	24.737306345409	0
48.907231273105	26.798090516252	0
50.11657319981	26.948944893983	0
48.369425276155	24.056091253007	0
49.90325182914	23.618008732124	0
49.62653012959	24.743104048672	0
59.041672079099	28.448496176633	0
58.947234632479	27.338617574567	0
49.031397364204	25.563587952131	0
51.354129827764	27.408926052422	0
52.418253089251	28.17950634204	0
54.076851193646	27.177816989604	0
53.448204322073	30.273515576644	0
43.780717959136	22.758081584634	0
45.088491641076	22.135110667514	0
38.715258736592	22.73332991792	0
45.2265886551	20.619339212034	0
45.321117398552	19.034353655757	0
48.027052180544	19.219026674127	0
49.966640606975	20.053897298631	0
29.615980384155	38.779119847578	0
26.643465906246	40.601936115606	0
31.512803162564	38.505857271808	0
29.377115254077	41.622227291792	0
30.645845815214	41.214123840586	0
30.00467131902	42.880126721485	0
25.590935482094	41.532962767025	0
26.742398727207	42.003664768504	0
18.714803881015	38.213550125325	0
19.862403550353	38.319256030902	0
18.890742573552	39.258777235992	0
31.093718966307	40.205192381306	0
31.72127503125	41.463091810999	0
24.706296023463	43.29166691785	0
23.410643764839	42.203992112793	0
24.394216044432	41.847016614867	0
21.702641266702	38.831969084816	0
20.774813370831	37.779846672529	0
27.212904530469	43.111460796307	0
27.72146396983	44.078398782886	0
20.346462510264	48.86849758773	0
19.226986445111	48.816094051785	0
19.93350028443	47.849013510546	0
23.232752038161	39.529398418936	0
24.295283223471	40.445287961968	0
21.568453014349	40.061912475689	0
30.996816491641	43.561475168731	0
29.728085930504	43.969578619937	0
24.174575052697	44.592398915098	0
31.280084949298	45.625590387055	0
32.027201902675	44.402900117022	0
32.587055748846	45.377563436895	0
27.182831997477	49.563235348733	0
27.7611824825	48.050348531227	0
28.360810840011	49.554928751415	0
21.7566213012	44.310368670015	0
22.754175267173	43.252713402457	0
22.725169777898	44.706297683334	0
20.4275758968	45.010929821635	0
20.456581386075	43.557345540758	0
28.265434954621	42.180434144888	0
27.718274555381	45.281967467156	0
27.656382784474	46.877011334889	0
28.834361627009	46.86870473757	0
27.775160514084	52.56931864259	0
26.805725074882	53.315374830639	0
26.813024915785	51.81387175697	0
22.442095288141	41.808063099474	0
20.853249915337	42.231647849566	0
21.509718413004	41.182926559902	0
24.715958542787	49.03368621315	0
24.974758941266	48.058768464507	0
26.324403241486	49.03357287719	0
17.625454352821	44.227933464716	0
18.35976165061	45.081505372487	0
83.21693713937	28.435860292782	0
80.031902126927	25.65754886021	0
79.318067332164	26.854783676655	0
78.891052044447	24.869546990194	0
60.163875398657	30.543319302668	0
59.115186826751	29.54397166106	0
63.227660157121	28.88276201786	0
63.715607631983	27.320816414143	0
67.80331613885	38.628349660732	0
0	52.6882	0
1.4235045325116	51.663351292046	0
0.8064933078692	39.403253651955	0
0.8064933078692	40.965753651955	0
0	40.1882	0
9.9159961578194	39.637642059243	0
11.638412231707	38.168398347778	0
10.922065863854	40.176143690263	0
105.79983364352	33.376151656728	0
106.99701281562	34.438815503456	0
112.01467267848	27.252374505771	0
110.67147835712	25.82520265839	0
112.62406542637	26.233779987352	0
113.96684891919	30.34984495007	0
115.71100052881	30.701970450053	0
115.88013199258	29.550678304197	0
111.01511121323	27.901394962945	0
110.83013500472	29.312973753312	0
109.87710940071	28.255375967176	0
114.5073338498	24.921048754994	0
114.47209237728	23.699370793135	0
121.08661750617	29.494880912769	0
121.27296002549	28.381184833943	0
121.1978614099	31.727579473862	0
121.56323425596	30.375841996067	0
122.5565641546	30.504495285691	0
67.45466043574	25.622653717147	0
68.133951293113	26.568998835481	0
67.148787508804	27.295713483759	0
64.922638814765	26.353417177257	0
64.146062186441	25.152851769472	0
65.692920023108	25.148802957641	0
76.211290259198	22.422551157355	0
76.914854012318	21.594145324173	0
77.520757539905	22.821708927352	0
74.409678234849	19.947953633718	0
75.898561359332	20.149821998241	0
74.116503607128	20.993119189653	0
72.610995478143	24.760394166968	0
73.534147561352	25.249707994617	0
77.497205518234	24.858448283587	0
71.69621620619	22.459837342007	0
73.283615434203	22.07954855965	0
72.352211157747	23.748135076527	0
78.211040312997	23.661213467141	0
78.914604066118	22.832807633959	0
80.612906633882	22.854182925249	0
74.772498558686	22.281416924173	0
79.831031943832	16.1980890037	0
79.92262386079	22.01467838546	0
80.848905366959	18.532449727163	0
80.147190422276	19.67800562095	0
78.232975276485	20.906480529202	0
79.931277844249	20.927855820491	0
75.361187555308	18.405720319203	0
76.923507995778	20.507322759204	0
81.162921128367	17.303573059539	0
83.288480032301	19.117725858685	0
82.366767346017	18.307476610042	0
111.58195306971	21.080672365243	0
112.42112385462	24.476884041454	0
110.90150532092	23.118157573364	0
112.04175807053	22.788433474846	0
106.18109567825	18.462531129087	0
106.21037920521	20.093494448693	0
103.26036707928	14.587776708221	0
104.30659724712	16.050414228238	0
117.35114189814	25.550680301177	0
122.29484708999	27.90077946565	0
192.37297255545	9.7306797730293	0
191.43608870602	10.40487984414	0
191.27736592476	9.1169577736403	0
191.13083457758	11.623004837242	0
192.15950773381	12.498193082192	0
205.89019160406	-0.033882270643716	0
205.94372778383	1.0505598608509	0
204.80504097078	-0.07033720452098	0
204.04415462828	-5.2533185096136	0
203.9889273963	-4.030202783859	0
203.0133282637	-4.5945711474017	0
195.61652591033	10.118785847844	0
194.56816032206	9.7464809455899	0
195.55734566881	9.0668584625225	0
193.42379899313	21.632080311924	0
192.40290233532	20.883182409001	0
193.27523270006	19.965512648308	0
190.03522794689	11.009282837852	0
193.52033770863	9.8565777018986	0
194.81254623821	13.30668253202	0
198.47229376586	12.260039486815	0
198.30684592585	13.463271555885	0
197.50747171028	12.59477650488	0
204.35934198185	13.771537003251	0
204.03234540494	15.121738029649	0
202.98156137379	13.949554331178	0
195.07562192585	22.328841065406	0
194.20329156111	23.2465108261	0
184.08327139408	29.320071480307	0
183.61247205337	27.960558262232	0
171.17623640649	20.618224418246	0
169.80507766374	19.60601536128	0
170.82528843066	18.950447757212	0
174.60251717637	19.9083292808	0
175.59235497409	20.532707082026	0
170.93644774932	23.042058121054	0
171.26245127624	21.87401677209	0
172.35281633774	23.732887420307	0
40.335876257458	19.639755334041	0
39.75504389509	17.332806969473	0
40.255395210195	18.244984254178	0
46.746809304964	18.335413397271	0
42.703773052823	17.799077071677	0
41.451389982091	18.775115770238	0
45.095871502789	15.403008835303	0
46.687457907607	15.817535490305	0
51.752889356361	23.424178542477	0
50.822565580862	22.912830317667	0
51.415098254648	22.031987332355	0
47.487775286971	22.906718352977	0
30.389550060252	47.321147820418	0
31.261588310447	48.113140524434	0
29.811199575229	48.834034637925	0
29.004824250604	51.707638967187	0
29.232849090206	50.346921455431	0
30.455212985822	50.986744853697	0
15.225249874445	48.572605400729	0
14.189836153988	48.181800343685	0
15.529988994344	47.475259145528	0
4.1776838543716	51.826152952904	0
4.1274398104439	53.499666025776	0
56.935410297331	28.612650446997	0
56.803091640305	27.575330871145	0
53.149457584627	23.606005228967	0
52.556924910841	24.486848214278	0
60.674818035268	25.996459828793	0
62.364316542353	25.667064956105	0
69.861102395287	25.524440554317	0
69.286054689036	26.396769578366	0
4.615279040283	50.514772727997	0
17.676083528772	38.002566319691	0
16.30249590421	38.659835337156	0
16.235436528768	37.509330326431	0
111.52057032445	30.080504642281	0
110.38256851194	30.434485646512	0
122.02313857681	33.014771177024	0
68.9801817621	28.069829344978	0
71.02359625013	25.140682949325	0
106.75063333396	25.404010428595	0
107.84267739841	23.626299913296	0
108.30769992266	25.136237848523	0
106.77598312035	22.392175854698	0
108.33304970906	22.124403274625	0
113.10157160341	22.439398833334	0
109.96094176197	22.39411716999	0
104.47398366769	18.244954333855	0
105.76442965449	15.282558380769	0
105.36421275012	13.748276593966	0
189.13359336874	10.193806315614	0
188.8283392403	11.411931308716	0
190.00821512222	7.2098507891548	0
190.30187207277	8.3261225654757	0
189.09221226097	3.5616742897786	0
189.31463470995	4.9405793056065	0
188.18506217445	4.3830867352164	0
195.82954548339	3.240961794993	0
193.83387027424	3.3145713136425	0
195.02377536046	2.0557542960135	0
195.80990373771	7.9833937567117	0
196.85826932598	8.3556986589659	0
195.14601341313	11.715486299304	0
197.60726937206	5.9094052681673	0
196.08560799375	6.942270339413	0
196.58204997093	5.5794416544252	0
202.19704692254	6.5715636443944	0
203.31857493393	5.4013623836272	0
203.33500378141	7.5077609108818	0
196.07819339535	19.316037144628	0
195.5572554753	20.601987373667	0
194.81706727791	19.428460322191	0
191.53484035557	21.800471664211	0
168.60718460658	19.417200329913	0
172.28266204316	21.218449168022	0
165.20261880116	17.823613705827	0
167.00739444788	17.623902450767	0
165.53844098035	18.893085191012	0
170.59386471747	13.236749226266	0
173.32573572303	20.515982571041	0
173.41195059278	21.771774924885	0
173.5121227106	23.118254985814	0
173.47322862675	19.355003523937	0
174.02677619574	17.827263687232	0
177.36283654505	20.949419159983	0
181.78950064986	22.843437053481	0
180.66470569043	22.701552992334	0
181.39571368963	21.792757899836	0
178.42774577979	24.761545675417	0
178.43213071912	26.142960010712	0
177.26590725295	25.45193515827	0
175.95844541095	23.916394636369	0
175.96283035028	25.297808971663	0
48.168263859223	17.703542212862	0
46.467500612261	21.366669314016	0
41.689992511233	13.368726615041	0
43.244378178967	14.327886640349	0
44.171534859307	14.966408403591	0
52.957411715945	20.776394391021	0
53.377081873636	22.29302115165	0
51.925751872456	21.026708796537	0
51.207647779756	26.405970493146	0
30.284750362226	46.14781062408	0
29.724896516055	45.173147304207	0
34.999141088705	47.986071953405	0
35.872875971303	47.356494344739	0
31.738998614128	51.813658487621	0
23.187024909157	53.94701206041	0
22.056886221242	52.557268506192	0
18.970780100476	46.027258333489	0
20.270820015601	46.780281462747	0
64.224371126291	14.091716890592	0
64.776060043763	12.805216808925	0
66.678083807416	24.422088309362	0
66.401994253576	23.229428919513	0
5.4993698587456	42.560266511702	0
5.7511265397897	41.281600765246	0
6.6515858225005	42.22369449614	0
10.349827802547	36.124211168381	0
9.0906395175545	37.139822297169	0
8.8081247944279	35.63413674879	0
4.0921963298776	27.831343381989	0
4.8081504788517	29.160082552437	0
3.3047033888412	29.026722235798	0
2.6276887242724	49.570721067139	0
2.2624378310702	47.842516647083	0
3.9173328989202	54.70887072463	0
3.4620673501964	55.649095200774	0
3.2846042509346	50.889622359185	0
2.190093538361	50.882101292046	0
116.43222760635	26.426663138123	0
114.71027542155	26.677944700892	0
113.76431817598	25.904055888835	0
105.93028699587	26.483232789348	0
105.46526447162	24.973294854121	0
105.08317053776	22.971014140658	0
104.49359312694	24.121120542636	0
103.291152855	23.198062189926	0
105.57354284841	21.469117501988	0
99.782036823074	17.22980883541	0
100.19048129411	18.353495465702	0
206.57894900351	3.7811000409056	0
206.05401153229	2.2719749497809	0
207.55381588833	2.5961398858529	0
202.94964905457	18.900570826225	0
201.70232674394	18.99983594149	0
202.54767251943	17.626594350013	0
200.76304586406	14.52586724514	0
202.01809673435	14.430916094884	0
201.39951392659	15.394706507831	0
197.82087724561	21.473922032862	0
197.33924369615	23.200775724601	0
196.33674804328	22.216417887843	0
189.26028669491	21.1633311041	0
190.03729834388	22.768026516303	0
188.77937295604	22.880164364599	0
188.6117060194	24.874965009585	0
186.97561620404	24.512374929406	0
187.92029478966	24.122269696623	0
48.037045999017	16.524399234405	0
50.477294224784	19.048618762813	0
51.503781486793	18.129772261083	0
58.228942157849	16.062225306681	0
59.822146517183	16.099389194155	0
53.199348773409	25.767313276176	0
51.802780545142	25.585486589686	0
50.565223917189	25.125505431248	0
28.732751343433	44.491798856961	0
32.30378729119	43.313448218571	0
35.029885397438	45.867947012012	0
33.770879320791	45.438303278386	0
32.744265965824	47.812952462327	0
33.023762367415	46.660993548418	0
33.928089537769	47.873692303817	0
33.514595982518	54.204397256363	0
33.178572056625	55.208366817566	0
28.997524409701	53.209142040855	0
32.288094392335	57.764033022368	0
26.565269310189	57.790991119979	0
22.599907368161	49.03070561242	0
23.778946987018	49.407118412122	0
23.012540112612	50.378942224075	0
26.924031598997	50.538153097377	0
21.443238421669	48.951973235431	0
22.209645296075	47.980149423479	0
17.078695017173	46.885584127584	0
13.73774100818	45.527677076363	0
14.55213973322	44.084430150648	0
18.647744505573	37.0630451146	0
58.37331750477	23.027665025281	0
60.197788688141	23.532788734415	0
59.528380923236	24.471540213987	0
66.398251754745	21.799598666745	0
3.5150163499638	45.039283164242	0
4.8248719782012	44.862652298654	0
4.301553278679	45.945202428578	0
14.429032403097	41.422343161495	0
14.207151619244	42.981968472103	0
13.202787526327	42.411274753632	0
1.4958488252208	47.061266647083	0
106.28683997033	27.552482301849	0
97.966427189401	21.724337688058	0
97.745850757017	23.186114416736	0
96.913740038466	22.418219012544	0
103.1513394223	18.268702071134	0
103.67324678885	25.200342903389	0
100.88234278009	24.544732738641	0
102.37768232948	25.599343843209	0
100.5584496654	25.795907989946	0
101.77147934738	18.174234029979	0
100.92811643537	19.52346659164	0
100.02420645472	16.058974774356	0
100.3578363618	14.690805295493	0
101.76244457688	20.68792172856	0
102.44825246547	22.039797044575	0
98.240717426475	20.329585155614	0
99.450780557529	14.154436387639	0
103.91399441918	13.340392269356	0
196.66880290649	12.012054351753	0
198.74324346329	14.643833116019	0
199.70806551887	14.309096097954	0
193.7961706201	18.679562419269	0
194.40060820035	17.119378156935	0
200.21876791176	26.902436391984	0
199.65727977981	28.217065122569	0
198.84063413774	26.522614167096	0
195.02385933198	29.192206389147	0
196.20472083374	28.966834764518	0
195.91712346342	30.666252185761	0
187.6305503363	18.74477136295	0
188.60253027558	20.032438901082	0
187.03038136779	19.987801414265	0
192.10704480282	23.504583674552	0
191.09041652999	22.755305266145	0
195.55793351078	25.714147250145	0
194.98740735949	24.718566732602	0
196.42564064512	24.938852097125	0
182.05180359184	31.870656606709	0
183.07295097046	30.772289815706	0
51.051914271241	15.537253895544	0
52.432874461036	18.867892611036	0
53.884204462217	20.134204966149	0
50.995428096957	20.515360571726	0
54.181117428117	23.355690823452	0
55.214395855687	23.691075470852	0
56.056325728495	23.004561625494	0
56.861979867057	24.652930350211	0
57.800797520446	25.81369795976	0
56.958867647638	26.500211805118	0
61.363765966066	19.473190054939	0
61.756878902867	18.482622038533	0
63.625874226486	20.491287205142	0
62.867960105836	21.208191026236	0
54.830995559345	26.079178614196	0
55.864273986916	26.414563261596	0
54.986771566678	25.004059548169	0
34.133728325164	52.449105598496	0
32.990521705185	52.394379958573	0
36.695175429381	46.502707966843	0
34.719644687114	49.138030867314	0
28.610549820551	60.163946363806	0
30.464807149697	57.354590171526	0
31.037459139937	55.797882973191	0
31.485534486307	57.073551628098	0
22.503572070487	51.403018632596	0
23.682611689344	51.779431432298	0
20.290038733105	51.073303650267	0
18.968162643668	50.706548344965	0
21.390296080754	46.832684998692	0
25.954596159795	51.284209285426	0
25.128591287238	50.381922824805	0
18.203005769411	46.850857013599	0
17.689713467039	47.831337088586	0
17.427145633532	48.906450244458	0
16.302834881294	48.941177358444	0
12.021516235069	50.48565944754	0
12.558686001391	49.481426716969	0
13.347927267767	50.283379329457	0
12.747124504885	48.372138341646	0
13.051863624784	47.274792086445	0
13.753165420974	38.436749661346	0
14.143258607193	39.50912439346	0
13.034575123961	39.779274710911	0
15.64288590586	40.983793726748	0
16.766559658563	40.715846252548	0
17.711943452817	40.305106630991	0
15.357112109956	39.070574958713	0
16.79775910996	39.563810951973	0
12.064581987968	40.436873848052	0
10.34216591408	41.906117559517	0
12.670143532333	37.449898246693	0
63.370631052469	19.362976005263	0
70.512560741662	22.893369362328	0
5.7469018521606	46.960616744816	0
6.7051182739377	46.54234639244	0
9.7039898083199	47.390625653148	0
8.0495639227237	46.30110392369	0
9.9547260900846	46.375608354947	0
106.26168230699	29.088188250678	0
107.19049819487	28.449654312652	0
103.34935367416	26.451518154694	0
101.19069596916	33.062323094307	0
102.14208019894	32.431711718493	0
102.5254264292	31.425927489053	0
102.88748722081	30.343469802508	0
104.27972258539	31.410925078179	0
100.78150534644	27.067067081238	0
99.286165797049	26.012455976669	0
101.85867505464	23.189903446553	0
108.45389452521	28.290451560682	0
108.42873686187	29.826157509512	0
104.99990372973	29.259741815755	0
103.75863818707	29.634700626508	0
109.15225861717	30.810277550686	0
105.90356195426	30.156913826558	0
96.831191514289	25.811362939029	0
95.583355652611	24.478283160969	0
100.1814465236	20.867183164283	0
100.03944239056	23.38646759329	0
99.907156286531	22.261935696727	0
98.930824011982	23.616764988814	0
106.67460124732	31.101942047117	0
105.41282267005	31.273495612193	0
107.88886228683	30.969480302655	0
105.05076187844	32.355953298738	0
96.911930101867	33.41841866361	0
97.706520986645	32.161308946449	0
100.01221038783	29.967375216806	0
99.200225594559	28.429946644096	0
100.32120627135	28.821043640671	0
109.63624652555	33.787796231849	0
110.68473225079	34.498187637755	0
99.072828145026	21.097480559807	0
95.680484596271	22.72830601347	0
63.134597750695	24.462450736488	0
62.372941131215	23.749524304814	0
60.17462441345	22.308379771894	0
61.329687831916	23.752254960599	0
57.008925044983	29.708125931423	0
58.850346851897	25.49133611966	0
57.97120004868	28.756454899094	0
14.962682040938	49.647718556601	0
11.420713472187	48.574418459729	0
10.357224227891	48.206967243248	0
11.035398930233	43.30071270624	0
9.8928828061184	43.03998254845	0
14.638521812943	40.413100008277	0
12.295029359077	45.718015074323	0
9.4432080133798	44.860332160331	0
11.097633898976	45.949853889789	0
1.4958488252208	45.498766647083	0
0.99053556594164	44.604776197333	0
2.4863843911624	45.227842844416	0
12.432495917589	35.027436125998	0
11.381559103172	35.405711067296	0
14.962550941157	35.209121126029	0
69.76783504085	14.071123950946	0
70.950114991994	14.284736108599	0
69.514548768244	15.597984358288	0
69.324149256132	20.916557321636	0
69.562490858398	19.540794137894	0
69.073977332979	22.08446757747	0
68.137817035521	21.342710033335	0
68.350872941192	18.980972839431	0
69.525374840915	18.346967199823	0
70.716910738755	17.359192507114	0
69.505292821549	16.79937120865	0
71.532227773753	18.122541025687	0
68.323012870405	16.585759050997	0
71.913280648599	13.660074105413	0
71.659994375993	15.186934512755	0
97.878136861047	24.3106463133	0
98.016164769254	26.242013511107	0
62.349776856524	22.525115342293	0
61.824706806537	21.210921682022	0
59.71368357298	20.570648144812	0
60.845582716754	20.790114370996	0
63.000205762516	16.815045365796	0
64.613957912118	17.695399332526	0
62.784619899487	17.951600677832	0
12.232794390334	43.068873890774	0
12.454675174187	41.509248580166	0
11.783511282372	44.202738879707	0
8.749974997227	43.465737013608	0
11.664073826299	36.911396615674	0
13.527104053866	35.249681816859	0
6.2962112353474	37.754410857004	0
8.0052630286272	37.884235048268	0
6.7525377545389	38.988898027694	0
7.8843657989041	33.273709684846	0
8.4608473061628	34.359652480439	0
66.571650349428	17.172994960925	0
67.958238641796	14.242655307208	0
66.3560644864	18.309550272961	0
62.149984969995	14.716867101843	0
61.4296865975	13.516611555564	0
71.512145754387	16.574945034514	0
55.358330527021	21.403082718266	0
57.005914538391	22.364937597625	0
54.833793272112	19.49458093828	0
54.715105807202	18.35583114549	0
56.189231872007	19.624708897606	0
5.8237829867822	34.146549889224	0
5.7262788019714	32.829202274479	0
6.7568773480946	32.783431726131	0
8.7766545961209	31.221720000699	0
5.5492491189606	35.140964019145	0
7.2016590211706	35.375263609227	0
5.8965266072258	36.415448287496	0
3.5457793108962	31.705856313639	0
5.3400153505495	30.910772758816	0
4.8651371236305	32.26116766621	0
59.400389015987	19.461050192096	0
58.424602149459	18.500514607322	0
57.243340281393	19.177838372547	0
54.627232068607	16.833847876223	0
57.362027746303	20.316588165337	0
54.400611285092	15.13939692075	0
58.729430712683	20.979315592994	0
57.675322303296	21.426186118053	0
55.299587239825	14.540711723731	0
53.805401595011	14.238116078199	0
57.870954124113	12.564192413759	0
9.546966036746	38.374309467858	0
7.7868616140933	31.956362070101	0
7.6491661453114	30.731442041983	0
1.1161107034759	35.327255884645	0
0	33.9382	0
1.1161107034759	33.764755884645	0
3.2381690559837	35.667480233351	0
3.5127029238053	34.673066103431	0
4.5186505728374	35.186734567492	0
6.1275082915859	29.715393905007	0
0.86638847474274	30.03195	0
0.86638847474274	31.59445	0
0	30.8132	0
1.2943746199336	27.349341532675	0
1.2235223801812	26.106296239598	0
2.5178970001148	26.454937772273	0
7.6824660256816	40.031875484321	0
5.9734142324018	39.902051293057	0
1.2746856674003	38.385502674661	0
0	37.0632	0
1.2746856674003	36.823002674661	0
55.5	11.432048748423	0
56.882190901087	12.301221026839	0
56.959806551188	15.217565802638	0
56.32958936604	14.388833171302	0
8.8306196688921	40.382054810343	0
8.051496146755	41.295208075706	0
7.799739465711	42.573873822162	0
1.9652019155952	41.244275930554	0
3.1059485958866	40.899490042359	0
3.4581638957435	41.962958669002	0
7.3500646729724	44.394223434043	0
4.821198268647	40.238623308619	0
6.9558545557024	45.527329094239	0
5.2190820954712	43.729546638458	0
6.0056190241864	44.635465902793	0
4.3186228127604	42.787452907563	0
3.1778761324691	43.132238795758	0
4.6438013331375	37.520111266922	0
0	46.4382	0
2.3907963708762	36.649558559306	0
3.7964286480299	38.502189592876	0
3.3967440199082	37.163227023368	0
3.0097030906847	44.145292714492	0
0.99053556594164	43.042276197333	0
1.158708607726	42.029222278598	0
2.1492441736677	43.320798475931	0
3.3282362884988	39.519940570171	0
2.6515612454644	34.105031495161	0
3.9320427623181	33.624285829302	0
2.0811789752695	39.163056326616	0
0	43.3132	0
235.38438229868	-6.4946326779084	0
236.20016595313	-7.7932980121192	0
209.59614405031	-14.435544672012	0
208.17223577677	-14.116310136042	0
204.9007447987	-15.622430958339	0
210.46635304084	-15.026516166966	0
212.24686269487	-12.539249043569	0
213.37286210092	-12.627218713265	0
212.61972479579	-11.4731406162	0
205.74738098254	-14.936016771431	0
206.64728268357	-14.430913336514	0
206.30554726908	-16.017342948075	0
211.5	-14.83136248687	0
211.96635304084	-13.88848082073	0
215.37770148058	-4.962812249456	0
215.78117525577	-3.8114095299485	0
214.62215065229	-3.369091688774	0
212.788727514	-9.941792718331	0
214.5	-12.555291794398	0
216.40360744317	-9.7111136012589	0
213.19098823393	-5.8876306729288	0
211.81578438211	-6.5821828084902	0
213.20693467799	-7.6279230152043	0
213.28406436867	-8.8365914648364	0
217.5	-10.279221101927	0
217.90360744317	-8.5730782550231	0
216.67197048521	-6.7050504224929	0
217.77716355936	-5.3878681669958	0
214.44063611142	-1.1982617950333	0
213.27094167746	-1.3134052910463	0
213.85592999353	-2.3328324652794	0
207.62438683894	-10.513084402154	0
210.59497302448	-5.7231499744696	0
210.61091946854	-7.4634423167451	0
207.35492106419	-8.8450533329141	0
206.08788463992	-9.810161615417	0
218.52799417696	11.323859663385	0
220.29506599277	10.62288657369	0
220.63017154099	11.583403934987	0
206.57939357065	-6.7398967661216	0
207.60426348804	-7.3732700144506	0
208.36523819352	-5.9710362343955	0
209.14076568706	-8.076192801188	0
207.38187820209	-3.7109181204265	0
206.22157094447	-3.3865617004287	0
206.1800610185	-5.0133065660687	0
216.19503492269	-2.0996966508409	0
215.61004660662	-1.0802694766077	0
209.39901383992	-5.3523053298841	0
210.60387875348	-4.4710458216292	0
211.01524825157	-3.2884134790912	0
209.819289067	-2.9175688345057	0
208.82702334657	-1.9095548733771	0
208.41565384849	-3.092187215915	0
208.37414392252	-4.7189320815551	0
206.08744645954	-1.6194762954011	0
207.22613327258	-0.49857923002912	0
201.82632948207	-2.9070803140678	0
200.84171969444	-3.6954038021367	0
201.97349124409	-4.159778909716	0
209.62794798917	0.80857156472568	0
208.68798842789	1.3557664929939	0
207.96883797839	0.53981986645997	0
204.88562927595	-2.9218647410433	0
202.91269769562	9.5394989999342	0
202.38791824902	10.742848732443	0
201.68869632343	9.8813119041576	0
203.60661982109	-1.0652207911262	0
202.70991794144	-2.1735588339419	0
203.85480291137	-2.2631173788314	0
202.02871847607	-5.3828946354706	0
205.41908631302	-6.4155403461238	0
208.16609283387	-1.0457741582974	0
209.56972805238	-0.87115577688803	0
203.62988136127	3.9610501109867	0
204.76783822014	4.8972473774741	0
211.01191891798	0.76060264857782	0
210.29276846848	-0.055343977956131	0
215.13021656011	5.1205763099914	0
215.36145328687	3.9416794268018	0
216.35350859523	4.7483943976597	0
198.55351790181	6.9304815146766	0
199.53602982145	8.0408062220274	0
198.09333931452	8.3825586605059	0
203.78280200011	1.1610358113766	0
204.96886089901	2.2355200159036	0
203.89308574857	2.3824509003065	0
210.95369898118	-0.9191246930359	0
211.45844706233	-2.0914562266301	0
212.18148747843	-1.2756444276982	0
219.55022183055	3.9624786845743	0
220.86522991786	4.1665150636489	0
219.99902728985	5.4095527287853	0
205.88133425008	6.6220395846749	0
206.19264067742	5.1817273120344	0
202.44382246236	2.8865659064596	0
212.24303674881	-3.6449332137535	0
214.48404203371	0.79747763831109	0
213.96697391021	1.9634762798057	0
213.33857967185	0.98716402069455	0
214.40040770345	-5.7269326439623	0
213.00925740757	-4.6811924372481	0
212.76619359632	-0.14107375745205	0
213.45245621833	-3.484235184787	0
216.95058575098	-3.6934172115229	0
217.27663500864	2.2514987652135	0
219.19247457693	1.8264705176974	0
218.50058489027	3.144469266954	0
207.66419083531	23.079482843921	0
206.82610781964	23.862792448836	0
207.18684960485	22.03636136106	0
204.94065028949	7.7293356434328	0
206.36545274678	8.0138155779931	0
207.78060402066	8.2628137255466	0
201.33418255944	1.8903104358773	0
201.07097817214	3.4689096465575	0
203.66015600085	0.019221340368482	0
212.24912547282	1.0249248840426	0
211.58430499351	1.8888404267244	0
208.69209845033	7.1828113860467	0
209.16656576363	8.5391055923581	0
207.69244503346	5.5058922481064	0
203.81912227811	8.8995369042	0
202.58438085041	0.16615222477136	0
200.14216471215	4.5058708501597	0
199.03252480923	3.5096153795773	0
196.40357699809	-1.4080589668662	0
197.2077155791	0.23188143073054	0
196.21531198859	0.3422043797673	0
200.80097332931	0.55458883048019	0
200.67832733006	-0.58722564052789	0
197.6439278122	-2.4856244986319	0
199.29321648411	-2.9477861439247	0
199.04526926051	-1.9805435611958	0
211.4923743303	2.9434998747391	0
210.9445209204	4.4482273232547	0
210.90193246093	6.3108604060393	0
210.12064865277	5.5964701700736	0
209.07840677642	5.7821841149179	0
211.63256399496	8.3672204848052	0
212.63837048451	8.7211267997758	0
211.95202826298	9.7607983057375	0
204.5183442037	9.7610737324852	0
200.64466350209	9.0854227697528	0
201.10484208938	7.6333456239235	0
201.0884132419	5.526947096669	0
199.42812903909	1.1369325705781	0
198.49039441941	2.2273994766696	0
197.95718518928	0.8916778712725	0
201.57814639179	-1.7091837263626	0
199.44037824613	-4.2004847395729	0
200.26565437546	-6.9374780398406	0
204.44348718042	-6.9799087096665	0
211.70152872177	10.797208627011	0
210.69572223222	10.44330231204	0
200.1198840555	10.288772502261	0
203.39681232018	19.936141608436	0
204.24215809567	18.562900016959	0
200.32664832663	13.345305685007	0
197.84078124562	9.4660233663167	0
198.37438539222	10.442213901833	0
197.13931540368	10.415353900293	0
199.04995987899	5.5676528296888	0
195.4469245889	1.0789466727863	0
193.45124937976	1.1525561914358	0
199.79473887069	-1.3207471206538	0
204.65076848973	12.224529474638	0
203.46023878596	11.5001945665	0
204.80244932498	11.125370736357	0
201.27277277433	12.32336923443	0
202.23623741377	11.842007470723	0
202.34509331127	13.080715068487	0
199.41841821356	11.238103036238	0
200.21779242913	12.106598087244	0
208.27483818102	12.83758001438	0
209.29476809461	11.624406773721	0
209.42529277743	12.692885873973	0
211.05013346109	13.023589218223	0
210.0302035475	14.236762458883	0
205.70155252088	13.396713173108	0
207.1991709463	12.877882379563	0
206.90774443842	14.424889908177	0
207.06864626348	11.809403279312	0
204.60256042153	16.235524968235	0
203.22477981347	16.413542296162	0
193.13328813514	5.3549964812551	0
194.8500144949	5.5560427691464	0
197.56158095942	3.2643606802718	0
194.78468433658	7.6534301429696	0
191.62494247389	3.1242653374158	0
192.32751801221	4.1697889822756	0
190.92436033479	5.1646905050284	0
196.37167587321	4.5231776979007	0
190.01716567967	-0.29625746386684	0
189.00371596864	-1.1510224327911	0
190.83660963804	-1.3384738847497	0
198.36790281246	-4.8643422543472	0
211.19848320489	7.3933261158508	0
212.02235547252	6.2450832690319	0
210.51214098337	8.4329976218126	0
209.6006465537	9.5129999613125	0
213.22853373412	5.8207051589885	0
212.93198299016	4.7382394491769	0
213.42352339297	7.5262830979179	0
213.74298766099	8.9198609188502	0
214.56073120402	10.312605425404	0
215.34588411248	9.1177617235465	0
212.84791971955	17.769333528836	0
212.1530235237	18.595889803554	0
211.33888326187	17.520254337348	0
213.65231417492	11.080048242515	0
208.325943249	15.165167944583	0
206.82832482359	15.683998738128	0
205.02597415294	17.751731588433	0
205.47313741855	18.787302370644	0
198.95159040829	16.724151467513	0
200.72240663255	16.607758561683	0
199.52953398454	17.842252371109	0
193.36161492737	8.5686556313991	0
209.35014701249	10.549410282586	0
217.51336369035	11.397441627391	0
217.17825814213	10.436924266094	0
232.81667114679	32.729163854746	0
208.19969241608	10.694104422993	0
205.83353974442	16.45992732192	0
201.97745750283	16.512807411427	0
205.51904397523	21.209070882573	0
206.3571269909	20.425761277658	0
200.36725087544	18.720685240329	0
198.59643465118	18.83707814616	0
198.44568226643	15.620760853533	0
202.96606445933	22.524234969879	0
204.25860745061	23.353161453026	0
199.11274758409	23.833132653065	0
200.23538427041	22.844437314666	0
207.14094304817	19.614592849131	0
204.48702731881	20.708172989608	0
203.19451827771	21.045843798873	0
210.14015154595	16.558987418582	0
209.95078393267	15.495871288834	0
211.84441184445	15.630581932882	0
209.51418072384	18.645270573911	0
208.31544900791	17.684003655145	0
209.44525535009	17.3855436933	0
201.87584946071	21.752203588707	0
197.28854967651	19.224104736521	0
205.29062410703	23.854059345991	0
205.31674993276	22.31877307301	0
197.62861838176	24.575628508047	0
200.76922741058	19.994661716541	0
200.46383808878	21.36604614366	0
198.12626656741	20.102537605742	0
199.12876222028	21.0868954425	0
215.0513631115	15.270054486121	0
216.65685183755	15.259411165837	0
215.79895389498	16.690904707002	0
214.73925464753	19.087482666419	0
213.92776257516	17.773258511163	0
215.00495724131	18.015772182541	0
218.11469314386	8.4285076490068	0
218.7515496487	9.5131733808829	0
217.5560321239	9.2786765702114	0
217.38618038962	13.061468984819	0
206.53171591887	25.603306854067	0
204.99623220626	25.594573751222	0
205.7679653375	24.897180828852	0
204.71453984352	27.153957762375	0
203.95078926216	26.44783173716	0
212.62052878128	11.327576759346	0
213.31500820367	12.292920381153	0
212.93721860218	15.619086778055	0
212.7478509889	14.555970648307	0
215.32520621896	6.8261542489208	0
216.52072374376	7.0606510595923	0
215.72365809425	7.9595140276638	0
221.57588567631	3.1529725951005	0
222.02469113562	4.6000466393115	0
217.02151611359	14.160440075328	0
217.76910689707	15.581290296209	0
214.01706145779	15.623011760383	0
213.11362231333	16.697623044958	0
207.82991489934	25.967545073515	0
205.010857566	28.151015795478	0
201.46030961932	27.335792566452	0
216.61044596736	18.005128862257	0
207.32066392875	18.459932238937	0
208.20465350109	20.098391145951	0
216.54140163728	9.352258534218	0
222.18175651139	9.5538483078586	0
220.85372701273	9.772717652485	0
220.63824016731	8.4441351150518	0
223.15238046524	6.1466506897275	0
223.86303622369	5.1331082211792	0
219.65955972182	27.126953599694	0
219.05007030505	25.811375536788	0
220.47766833517	25.558024292146	0
211.36422275052	12.010080765649	0
211.9691335206	13.553957350559	0
214.87495940035	14.191518219218	0
214.09372567197	13.294933678901	0
213.06194027833	13.542462195732	0
202.77715129213	27.04095676688	0
214.3331509106	6.0194392780629	0
217.4031455355	5.5664038152801	0
217.80159741079	6.699763594023	0
216.23844084498	-0.10395721749651	0
217.66648505659	-0.52410215822919	0
216.54048048368	1.3536449566896	0
218.99711493559	6.9342604046945	0
217.63438226226	4.3875069320904	0
212.27365813845	3.6578901107048	0
213.47983640006	3.2335120006613	0
214.62529876191	3.0438256182779	0
215.84859079703	2.6716437059462	0
220.31212302291	7.1382967837691	0
219.06657179693	0.71375053393747	0
220.29052167857	1.606721035678	0
218.50137887893	-2.4759254756696	0
219.90146561928	-1.238072783503	0
218.76453215823	-0.74385164024863	0
221.65998361798	1.9127660902602	0
221.53408083799	0.80004610650033	0
218.49843544914	13.383348115191	0
217.1351697006	20.093557370076	0
217.92916635427	18.768689894536	0
219.32795668731	-4.1703764311425	0
218.19102322627	-3.6761552878882	0
223.96183320417	0.90629484486689	0
223.29906649898	0.061108958877224	0
224.35735692576	-0.1386873573385	0
226.41531273927	-2.9613456989147	0
225.18020434972	-3.4768953825406	0
221.31830162046	15.263781537232	0
223.18126510855	16.418741197461	0
222.08014947807	16.998101276936	0
219.9861545765	12.537689941588	0
219.62149030046	13.636661032097	0
219.17547858154	15.162730411203	0
218.81081430551	16.261701501712	0
223.5663867673	11.826142173968	0
222.92236980281	12.780428180569	0
221.75322639231	11.836716851893	0
234.62729230525	27.440115483241	0
235.93410605782	26.375414632622	0
235.98093275076	27.522197451187	0
217.14540896256	21.638096029772	0
215.82668857565	20.874534997493	0
208.54937338913	31.572949858955	0
210.04937338913	32.710985205191	0
208.5	32.892566820658	0
220.82463043239	-0.41064365596243	0
222.1940923718	-0.10459860138014	0
222.58961609339	-1.1495808035855	0
224.00174775738	1.9796101367629	0
223.91764981571	3.2198166416032	0
222.81944483573	2.3462976659229	0
221.63431984255	-3.0955174099807	0
222.57702951186	-4.0576058252122	0
222.42735163553	-2.2773767790743	0
226.46131842311	-0.70864103186243	0
226.08053453853	0.53583044599701	0
225.40090751552	-0.53797294920828	0
225.72595658606	3.8284232051842	0
224.54365366442	4.1951107343442	0
230.40185143012	1.3337962689207	0
229.73512260108	2.559810758791	0
229.00703738785	1.379976874487	0
227.16080773409	16.806610788201	0
226.39080031253	15.72764649399	0
227.7756060809	15.817761329272	0
218.78159157235	17.505590469924	0
219.3063153056	19.594018977742	0
214.33817612732	21.656706112604	0
214.32793686536	20.112167452907	0
221.0119877216	19.825935579907	0
220.15956250352	21.089035004519	0
217.34376152441	26.279725000787	0
218.16187013776	24.710795693238	0
212.6941409148	23.615761805474	0
212.16966925669	22.067121724268	0
213.36389607514	22.442978649224	0
209.39691422293	19.856213994988	0
221.12751276425	18.769008268644	0
221.98075996218	20.264024295421	0
231.50831212389	28.553531740101	0
230.62664016535	27.665930467933	0
231.72404438617	26.57602179178	0
213.2507421992	19.86965378153	0
211.74170574152	19.620574590042	0
216.14624459737	23.799109407213	0
215.17196454518	24.585381943834	0
214.86264778543	23.20534619381	0
207.50497702731	30.764826788758	0
207.18128614359	29.034968972868	0
211.62443924061	20.831518011119	0
210.52672056511	19.557754033143	0
211.85334023552	24.543393380863	0
211.00766819229	25.472345771398	0
220.93717846585	21.758214148688	0
219.23150604984	21.526297546523	0
213.04756705397	24.91925030582	0
212.06636197181	26.89135089513	0
210.86726378941	26.516814785319	0
208.55600953	25.001861796642	0
221.5745325377	36.800495520719	0
215.45244892089	25.663351915195	0
214.16885210895	25.069588701792	0
213.32805142967	25.997220277181	0
209.05435041643	30.58324517329	0
216.91008345142	22.730451860375	0
218.21856457637	21.949474232958	0
216.50457269331	27.865666661458	0
215.61637252601	26.765086817908	0
223.01969898549	18.680078960662	0
221.15673549741	17.525119300432	0
225.88961519055	26.746466211924	0
225.09765136019	27.687741396375	0
224.71932766799	26.517238570501	0
219.96172406593	34.601160061556	0
220.21588144787	33.253130838516	0
213.68746444509	32.207922345501	0
214.71948386236	32.763699357789	0
213.01704180072	33.339184407996	0
217.21940021117	24.110487610399	0
222.08087375532	22.540013821934	0
223.29207493746	22.283880090182	0
223.50771377325	23.502942305432	0
214.61326008978	27.249293575866	0
213.18764702679	27.041689291102	0
218.99618053869	22.618653377126	0
218.92570899181	23.642138146401	0
216.82886517442	35.783244615889	0
215.06427881248	36.551513651792	0
214.76458636195	35.538403823462	0
220.00045519403	36.583718128109	0
213.94418853947	30.798370256146	0
212.24174647783	31.373855306352	0
215.88925972985	28.992330440356	0
216.19562113576	30.633034848713	0
215.08354510082	29.991732886937	0
219.00860283071	35.69874029527	0
218.04921466378	35.256268336467	0
217.33776831684	30.729346435499	0
216.5320536878	31.72874888208	0
214.5	37.444708205602	0
217.74952221325	34.243158508137	0
169.06926648858	-1.9260701081461	0
169.55304750367	-3.1181946408083	0
170.75604923382	-2.6621334506222	0
168.08873070973	-1.1542794799563	0
232.34954818292	-10.982957700374	0
230.95032222649	-11.745981969556	0
232.39922595644	-12.409847388039	0
228.56072417791	-4.1575658713111	0
229.13933674852	-5.3644178520247	0
66.472102835111	13.459052402612	0
62.129806399369	15.718757050423	0
63.959144411999	15.462555705117	0
61.191046320512	16.069356762522	0
84.061081743322	13.874145416882	0
84.964030840312	14.314778722177	0
83.141358212181	13.10798399926	0
88.80924824142	14.036664049639	0
94.5	57.14596807221	0
93.437225798658	57.148076420623	0
194.603783377	35.8962742894	0
193.98116990006	37.065056835828	0
191.05498504929	34.427543941322	0
223.97438930209	-4.2054057661596	0
220.71115502943	-3.9229465375213	0
220.56147715309	-2.1427174913834	0
183.44923387665	37.435085670299	0
170.25	40.664496031351	0
178.5	39.408059839512	0
177.09030777471	35.548439248671	0
177.01255137513	34.283364850302	0
177.17400572066	32.588913894829	0
178.31330412872	34.546511112536	0
182.19113587079	33.184364126516	0
183.47012726597	33.304491946383	0
32.860746382574	56.207325824033	0
142.5	-6.7652738593733	0
143.96391246922	-2.5464622541507	0
143.67139795693	-0.85201129867783	0
193.5	37.96380613376	0
192.48116990006	37.999302622555	0
190.08651469337	34.762723320113	0
190.91595772215	35.705066527493	0
189.73031620362	31.415668440555	0
191.77189470946	30.46184635515	0
190.04812648556	29.647661020645	0
190.93059624253	28.874688359955	0
193.33558442678	24.02180597912	0
192.8911606012	24.976639581054	0
193.69531321405	30.290248752425	0
193.91103625692	31.76582561303	0
192.8700875093	31.164450555065	0
196.71366704292	31.633519116979	0
195.53280554116	31.858890741607	0
188.2182509386	30.620503852795	0
189.37735968747	30.439654428079	0
186.19510345162	32.414548598594	0
187.47109965101	31.458166452345	0
189.38160631182	26.272681401126	0
190.79668559784	25.508566209117	0
190.62190730465	27.296387833441	0
193.98291058436	28.590831331182	0
197.86425419974	31.346045407561	0
192.34567552854	28.110573167946	0
198.19914453305	25.571209025589	0
196.103783377	34.728552823654	0
196.5	35.861838881287	0
194.70757983642	32.733092544248	0
199.0666992595	29.518883954294	0
199.5	33.526395949796	0
195.26845793733	33.794572952296	0
76.5	55.208630132446	0
76.735656176966	51.307827948126	0
141.16270481401	1.9249373873558	0
148.52204794667	2.9305733039958	0
149.32766027972	3.6475869683283	0
143.71401874414	6.0328318069056	0
145.00967295033	6.6330798293659	0
136.14927293457	4.7152299759891	0
135.22934931347	5.7796635511672	0
156.81118340725	9.616716434634	0
158.10973696674	10.71109941805	0
156.53484452902	10.676546844172	0
193.49563437168	-8.0363985890976	0
192.76901702045	-7.2932470101292	0
194.40721215437	-7.537126127881	0
188.59391655051	-2.6898918413568	0
193.83363677883	-5.7659545111185	0
194.97712901527	-6.3741055251627	0
195.13017099095	-5.3460854873685	0
194.64278600789	-0.56099372481045	0
192.93464416528	-1.5713162609648	0
193.70303156498	-2.3080585539838	0
195.70374636649	-7.1172571041311	0
191.92467940561	-5.8697532972548	0
192.07772138129	-4.8417332594606	0
223.23037613711	19.950968320792	0
223.11485109446	21.007895632055	0
232.79388380289	25.891055229996	0
233.78125843669	25.305910030361	0
233.59309097852	26.878477864312	0
45.237705873697	11.778202962223	0
151.83050374034	3.1772298995828	0
151.93257693428	6.2057828889074	0
149.92461554342	5.7896764342724	0
150.68976304447	4.9273985005676	0
152.79536290385	6.9703574791326	0
154.3409608309	7.849148634166	0
147.80503915785	7.8430137256507	0
146.43530944891	7.4394569948897	0
147.52895813051	6.2537641328633	0
151.33562167057	4.0636934229633	0
148.79024474653	5.5843064547785	0
147.88751289879	9.0163064421043	0
148.97150677873	10.176480408502	0
145.04012314481	11.059616494694	0
145.49599453682	9.5123232853203	0
139.78156724209	12.790797840628	0
138.02927939848	13.170496475285	0
139.02069813254	11.688277192074	0
140.39420416108	9.5531726153776	0
139.53451901339	8.9142746811559	0
140.91393898881	8.6166231866999	0
150.07356186043	9.3973616793813	0
150.11553237729	8.0359835595719	0
151.12545891638	8.4294389424216	0
144.9492599499	12.784182770283	0
144.18973540249	11.720506258553	0
155.37069068849	13.161146151997	0
156.92337156024	13.010601027669	0
158.57082818333	21.883664682442	0
158.24808360765	23.383788962264	0
157.5011362149	22.438306180324	0
143.11652886703	11.630160674876	0
141.3627225564	12.286479962102	0
142.52679228677	10.65225927019	0
139.8938850809	10.579701333625	0
138.1415972373	10.959399968282	0
148.9811615804	7.830613580078	0
147.88792806182	13.917634331012	0
148.92832146958	13.210740635018	0
149.17403071816	14.188111679596	0
145.28575397768	8.2223294221532	0
142.8168708078	8.3357366887755	0
141.95718566011	7.6968387545538	0
144.07035803825	8.7059461197966	0
143.02711136695	9.6257305519426	0
145.16118844254	15.054043890323	0
146.11625475899	14.170038954867	0
147.17857099395	15.779010311047	0
139.20345827376	22.710218007724	0
140.57743112211	23.203951724209	0
138.60312276918	24.09076018655	0
150.03305863634	6.8626908431183	0
149.98143331782	10.569935791352	0
151.55081018589	15.092459914877	0
152.49061541698	15.741174711981	0
151.18519669859	16.413635928055	0
152.10131824758	18.668165247407	0
150.85311087891	19.234872971628	0
150.87679456101	17.629058449379	0
149.54690118101	12.415136252037	0
150.45504032155	11.544848689347	0
151.12256326645	12.610930420911	0
145.6540931733	18.855885439481	0
145.23592391936	17.510541435401	0
146.64167393144	18.008359250583	0
145.87054551041	13.192667910288	0
151.53532651509	13.950608341203	0
152.44346565563	13.080320778512	0
150.22990779671	14.623069557276	0
149.18951438895	15.329963253271	0
153.8482824305	11.914061391195	0
154.26104567915	13.253739311486	0
158.40890250122	15.817135804481	0
157.54178514293	17.79896050426	0
157.31376330817	15.915546830949	0
153.63349668826	10.661403359488	0
152.46185188968	10.168926430642	0
154.06464617095	9.0896869319094	0
153.82615119311	15.432105997049	0
159.31928043726	12.008662798238	0
159.49302172624	13.090058950029	0
158.00713937748	12.852325979379	0
153.96587391362	14.327405539314	0
153.40867201481	19.778933568063	0
148.88111225137	16.545385774595	0
149.93698932992	16.980343652275	0
156.74963027126	11.929204875878	0
160.52702504713	13.25602251753	0
159.21488398736	14.099685698671	0
159.44290582212	15.983099371982	0
156.28179512736	20.111034633486	0
155.59317770702	18.590629448599	0
157.13526337023	19.417776715615	0
156.26364018404	21.531035278305	0
153.6959811365	22.159589278299	0
152.38309863048	21.234634835073	0
153.39051707149	21.198934212882	0
151.28697485395	24.842265141114	0
150.01866640805	24.914633391414	0
155.45107671177	10.834821892462	0
161.99465443804	12.815209164992	0
161.35260969373	16.660860769633	0
160.56419297003	15.971581549618	0
162.30658198272	18.385155139568	0
162.10716367085	19.488626872418	0
160.68008031994	18.780985565914	0
154.72155452083	20.70388801129	0
155.62135971592	17.170792413011	0
152.86512308784	23.754183270247	0
153.87254152886	23.718482648056	0
149.05008803727	25.25715910208	0
147.790409779	25.421640600187	0
147.73111265995	24.152653866898	0
158.23040256327	19.319365689147	0
159.15227139932	20.411319599633	0
159.55879317203	18.792503388278	0
159.59860257707	24.112236235086	0
158.52891060864	24.666877732968	0
154.02925586808	25.684451759728	0
150.9842764999	21.641994535393	0
152.10798525275	23.01936288434	0
159.75821148389	17.689031655429	0
158.87896409448	25.63402334716	0
157.52844512507	24.905576074338	0
156.14079608579	26.945977147868	0
156.44766343344	25.964274283992	0
162.77969304465	17.368502076136	0
160.25322633608	27.077611677676	0
152.74714845525	26.326224121837	0
152.04411268904	25.57708552702	0
152.28454564511	24.578256254097	0
1.156111889613	20.672027534882	0
3.2461909101637	21.924330049846	0
4.7461794265747	22.809629760392	0
3.5685387029203	23.635999710547	0
2.1903869828677	21.672027534882	0
3.3680277065221	20.845657584728	0
6.1355233618243	23.434171187436	0
5.8131755690678	21.722501526735	0
8.3296394785919	26.652451667544	0
12.149939175522	66.376890556755	0
186.46220664448	-6.7395226187081	0
188.76671859103	-4.0660384373183	0
188.95105998658	-8.2493255246181	0
187.45105998658	-7.4537053756151	0
187.5	-8.6725133250253	0
190.37977960546	-7.4115185232768	0
191.01310162291	-6.3690257584713	0
191.08182686522	-4.1319565678676	0
190.90902482469	-2.7558099719061	0
189.99596196754	-3.5693854496355	0
192.99078423844	-4.0281577817313	0
194.85554817118	-4.0901992342035	0
193.85965365511	-3.3804225426105	0
191.92247453572	-1.9010450029819	0
191.03057215963	0.5580847932734	0
188.39848949739	6.9857395897329	0
187.19586193729	5.5899157463117	0
191.61959256075	1.8646211585177	0
192.43907975019	0.82282744941875	0
190.21643488333	2.8595226812705	0
192.86222897864	-0.15398017380849	0
190.01721024827	5.9861029504662	0
20.719920988921	21.198854251164	0
25.017584604026	51.657641484398	0
26.971670561109	56.75658459629	0
26.838649826229	55.250284292952	0
30.121959974773	54.213191941035	0
24.187465589504	54.798649428164	0
25.541981993595	55.468264722986	0
26.471192840547	54.288802146293	0
25.509057242248	53.533355260673	0
24.174084327566	53.655145208573	0
24.508616561901	52.681717892919	0
165.0770434334	14.591919722745	0
165.50544326396	16.085526429556	0
17.168321832089	50.796904537638	0
17.840107859366	49.925934321642	0
111.98680258121	1.9199463789748	0
112.5	0.48570796411989	0
131.95942445437	13.863163981933	0
134.64661519248	14.95775714142	0
133.13527768434	14.198791187295	0
133.96633494196	13.30178490306	0
135.20387962937	16.307532383443	0
135.57945743988	17.90932900654	0
134.19113574536	17.456560048752	0
138.91971144304	7.8246852502351	0
140.17787812281	6.9137862690366	0
133.62189200831	12.103423288117	0
135.13322951644	12.862389242242	0
14.601524293491	20.95028801815	0
11.330807348684	21.097339094523	0
11.911816159343	22.995139265146	0
10.764615678842	22.02730523311	0
8.9658332026218	19.321722823969	0
116.33660483987	44.740285097233	0
180.82806159265	27.400153749685	0
182.17689922963	28.05573639552	0
187.46672096546	28.431988018966	0
186.85544194053	29.404949406174	0
180.81340718784	26.044654665157	0
180.32623094831	24.602401336919	0
181.54566889019	25.194485474217	0
179.13345307238	21.776803161254	0
179.52724003262	22.827482314899	0
183.46841795346	26.541560669167	0
179.60862365078	26.808069612386	0
182.65633040307	25.353940351124	0
184.09190322681	25.258762217836	0
184.92208183367	32.789563900297	0
187.11814313486	30.482152439869	0
178.44678512394	27.49845909524	0
179.16000748214	23.911376484477	0
177.62875486409	22.986626653397	0
178.08215009361	19.554989515318	0
177.59872373522	18.309901884	0
178.9511881533	17.86878556317	0
181.16452205998	20.616716551021	0
179.85276662094	20.382373516589	0
180.74636995073	19.34821622892	0
185.59409787575	25.103031076161	0
184.78201032536	23.915410758118	0
188.13748776355	27.639994611531	0
188.53606122055	28.852496432884	0
183.86683606782	22.410577530066	0
186.28550910549	25.855726389123	0
187.36758747112	26.242278219991	0
188.43692772621	26.662786633908	0
183.48718255414	21.342327560661	0
182.90016216274	23.002891930388	0
186.80815410648	17.63617272484	0
54.015803801788	45.836200119362	0
55.290623963792	45.619152119335	0
53.047933253053	46.602537400558	0
100.22975581298	35.729934651381	0
131.14451637333	26.88730761664	0
131.11732644997	25.684879342032	0
124.94785676521	27.820948810045	0
124.21916420014	29.016648885782	0
123.65062956574	27.957057732159	0
135.93321280564	22.924626764357	0
136.12960321405	24.827690904596	0
134.83366609885	24.155291198889	0
141.26022862478	31.61066894024	0
140.09494899501	31.885204506332	0
140.30884906838	29.875487370974	0
84.285882207445	33.114723230448	0
105.73648658197	6.658454765956	0
106.65760934777	11.549718768224	0
106.89111032637	6.7710698157458	0
107.90480827215	7.3352104146076	0
172.60221818537	15.44138438937	0
174.10275596766	15.49237628856	0
171.52833433077	15.28275594161	0
176.05746455515	14.363157834885	0
170.30495214505	17.264079472747	0
175.40182662495	15.262521257557	0
174.60261296868	16.677322109765	0
169.46490658097	16.57653822463	0
168.0628509783	17.246334832914	0
170.68828876669	14.595214693493	0
170.31572903811	15.902378997131	0
168.39867315749	18.315806318099	0
164.03648979643	17.354709169802	0
167.55172807616	19.794767947766	0
166.33174347423	19.820276802158	0
36.831649252375	45.442446565435	0
182.96921692912	18.42852108344	0
183.2559909245	20.166286211845	0
180.29683062918	18.0938106374	0
181.60858606823	18.328153671832	0
178.71530096313	20.508302839153	0
182.28931701942	20.758600612168	0
96.887758478943	29.227675802451	0
96.370217669673	36.921083266624	0
84.285798325543	28.361917128821	0
79.612422143717	30.500147297869	0
124.60686010512	25.423620823162	0
125.6553082793	26.008492434361	0
126.54582279022	29.368822736225	0
126.50848103986	30.570725659521	0
125.47904964925	30.082442886965	0
125.9589214336	27.17001618705	0
126.527456068	28.229607340673	0
127.78335126504	32.274932486386	0
127.07941262135	33.695424279904	0
124.18182244978	30.218551809078	0
123.81644960372	31.570289286874	0
127.55688745861	28.71789011323	0
128.90670914017	28.126372188282	0
128.13498394869	30.849502425807	0
127.22362149718	31.282535569361	0
130.0227585373	27.321165202513	0
128.65457013352	26.773467731908	0
131.39665537998	28.240212073015	0
126.15684835621	31.996155720101	0
124.73767416166	32.044556988963	0
123.11241586648	32.330500465576	0
128.35095697922	25.611943979219	0
127.23490758209	26.417150964988	0
130.2829164466	24.678971718221	0
128.97908969742	24.588827336874	0
135.25154097326	27.364084533421	0
133.55065452987	23.826862498288	0
140.92650454213	26.809596879923	0
141.57534239755	27.815706133432	0
140.82529084274	28.594842551374	0
136.55843100153	27.578613206336	0
137.63226802312	27.561326530189	0
133.92547486692	21.469095535698	0
132.71624452651	22.820954874476	0
132.00444370298	22.037823351525	0
136.33694653553	26.272884012043	0
136.15218179612	19.252617385251	0
137.22390051094	20.437043728229	0
135.63843227068	20.242783014827	0
137.16492568014	18.103589719942	0
137.82553150432	17.028196307341	0
138.39825586056	18.371484686051	0
138.89857623488	28.111986836643	0
139.66001121296	28.869378117465	0
138.38213446052	29.392631656243	0
138.56573258328	34.23317557485	0
140.02187274487	33.454941259155	0
137.53063017901	30.276123928727	0
139.07049318847	31.719759689889	0
138.21898890696	32.603251962373	0
137.31890225936	33.437195703754	0
138.91014477556	27.038072991411	0
138.29206515709	31.03351520955	0
140.07677430242	26.08661360045	0
138.81046609066	25.535953293997	0
142.5996046132	28.162862879344	0
143.71681714114	28.593075106094	0
142.5913412261	30.031164031632	0
136.96965045317	22.512117913935	0
138.94395880609	21.625309451594	0
143.7143543492	20.589030062222	0
142.96190322504	21.468827792226	0
141.93021775085	20.943611815378	0
141.34794556117	24.359814190298	0
140.82682585723	25.307477182509	0
145.09825746496	25.520954659406	0
146.42581357814	25.65018629824	0
137.43649324232	25.042219577511	0
141.94828106576	22.979272011471	0
135.67371333797	21.839718208227	0
142.91045478391	22.529632627133	0
143.68096922298	23.685495093222	0
144.18411173469	24.980314831345	0
138.45196645575	20.498429803091	0
140.68577427635	20.696529896879	0
149.45428874833	19.642232671948	0
150.6788124349	20.681339469976	0
133.89019379963	19.872160342298	0
134.60199462316	20.655291865249	0
138.92450509638	15.784554198645	0
139.82791779232	14.795862148438	0
139.96227438068	16.307399223244	0
138.96571598119	19.508264173514	0
131.67496395218	19.263653525015	0
133.0328155801	16.794226487983	0
133.40839339061	18.39602311108	0
132.63970470489	15.519136220294	0
132.73187363437	19.209826781529	0
136.034936887	15.410526099208	0
137.69117491596	15.516659232535	0
137.13391047906	14.166883990512	0
131.62962336593	24.395590314115	0
132.15676436121	20.739790756234	0
136.37304136951	13.064363341957	0
140.37130382234	13.768699245313	0
141.40907310664	14.291544269912	0
136.02859843586	11.866001727015	0
136.73558102041	10.838924748472	0
137.60876796878	9.7303488900239	0
138.39997661531	8.7612346789129	0
136.99396039843	8.6407594591031	0
141.27330505632	10.282049839169	0
135.81059329769	8.4821676831258	0
140.26817544825	4.2969114652805	0
134.74869274887	9.4834816904367	0
140.90458069612	3.5064282992595	0
140.93790765237	5.059364119574	0
141.93471120684	5.2497793213884	0
142.0808099418	6.6328997711123	0
135.49576916734	10.636950648757	0
134.04171016432	10.51055866898	0
141.21879871786	16.425795324901	0
142.36003999356	15.451932871686	0
142.7131516348	16.55902102355	0
143.46550601812	19.210940854837	0
144.4971914923	19.736156831685	0
142.5711164547	4.4592961553674	0
139.62632180537	18.432870760913	0
140.31538602192	17.414487375107	0
140.88284614255	18.55126686257	0
142.90342602358	14.424769968561	0
143.97663255904	14.515115552239	0
143.02566567212	13.354726950465	0
144.05136803586	16.971613097317	0
145.038948794	16.124086908419	0
142.91012676015	17.945475550532	0
141.43822540051	19.816732166875	0
142.12728961706	18.798348781069	0
147.92604593492	17.429390710051	0
148.16991674485	20.221201212479	0
148.34421518886	18.774734714131	0
164.52696782752	20.019988057218	0
112.54974391181	29.99922535008	0
108.63887073372	26.878872770316	0
109.73091479817	25.101162255016	0
110.34030754606	24.082567736598	0
189.36498822334	9.0003226365861	0
196.15013005693	11.09497638336	0
21.38681464451	51.156779297968	0
20.73672458235	49.91905377667	0
98.239220450291	27.513172602398	0
2.4018390167313	31.934725610516	0
1.5354505419886	32.715975610516	0
2.8767172436504	30.584330703123	0
2.1607630946763	29.255591532675	0
1.2943746199336	28.474341532675	0
1.2235223801812	24.981296239598	0
0	25.8757	0
2.2577974734359	23.981296239598	0
3.7577859898468	24.866595950144	0
0	28.1257	0
3.3325017420858	25.812722248746	0
3.4033539818382	27.055767541824	0
236.88296544957	-8.6752674465658	0
237.11817246148	-7.1597766736817	0
215.55943230694	-6.1692504851367	0
203.75289851348	-7.8706345992622	0
201.33812980913	-6.2736205250663	0
199.91640602279	-5.6119599125592	0
202.37796682874	-6.708412762752	0
207.251738555	17.200205358325	0
221.64015252157	6.9194274391426	0
229.02597693794	9.4185779554935	0
227.93125780944	9.7322376856894	0
228.59745520009	7.6952768375557	0
227.03768788733	-1.867113034402	0
227.71731491034	-0.7933096391967	0
233.63991767145	28.025260682876	0
221.80762580945	29.892394977778	0
220.87197727627	28.520454415654	0
222.02280628511	28.245542917175	0
221.08234575476	24.000761133212	0
219.93865046528	23.218961459966	0
221.15281730164	22.977276363937	0
208.1831674016	28.402149159213	0
208.99648538033	29.263973292757	0
210.04088174215	30.072096362954	0
211.24074363913	29.358563849709	0
210.95448713749	28.344322195735	0
211.29860867524	30.677835730242	0
215.28911697094	34.332548103921	0
215.95953961531	33.201286041426	0
217.61664872825	28.506968623235	0
213.524530609	35.100817139825	0
218.8290662827	29.900469439195	0
219.44437924615	28.773805660297	0
219.8133342516	31.941744352486	0
221.05934399686	31.478692962286	0
222.21017300571	31.203781463807	0
210.99251119172	33.407004781301	0
212.49251119172	34.545040127537	0
211.5	35.16863751313	0
211.04188458085	32.087387819597	0
223.57747371437	13.7271374802	0
221.76431333938	13.737712158126	0
224.54169111239	21.970824115553	0
226.07053616713	21.108180293455	0
226.24776001013	22.384164751582	0
223.90390204473	24.667519711617	0
225.11510322687	24.411385979865	0
221.69183517152	25.316339196117	0
223.11193821437	25.608794896067	0
222.50726079478	27.166058055001	0
166.25566016684	-4.7831969554686	0
167.21393983719	0.092742381408097	0
166.5	-6.0182722320316	0
167.75566016684	-6.1100896501155	0
168.83507969755	-6.3929132274696	0
171.83032250268	-2.828518345159	0
168.65495716633	1.2731305497472	0
167.70403071377	1.6517970733145	0
231.54153332234	-6.5691839257076	0
230.34692410805	-5.8260809045792	0
229.18309932598	-3.0633332067984	0
230.37426655088	-3.0556947453591	0
229.48485159947	-1.9441431802969	0
233.66817928781	-2.0835510103216	0
233.76495302244	-0.41988914160365	0
232.89589000113	-1.2039820723265	0
227.6713092265	-3.0460143062489	0
229.45032222649	-10.374782988096	0
229.5	-11.801672675761	0
231.73756754544	-2.402074329951	0
235.21821510048	-12.649275354236	0
233.48215107389	-12.731249061433	0
234.9019142615	-13.733701296811	0
233.869944168	-4.7645435361985	0
233.39756216915	-6.1862744653496	0
234.80577363116	-5.2897271874306	0
230.17489252063	-0.89127116712045	0
231.83434128006	-0.73841246123307	0
231.33321497632	0.30682109050406	0
228.46795289882	3.9957200369086	0
229.86276694109	3.9495394313423	0
228.98372529573	-0.89890962855979	0
228.40735583151	0.25956237397977	0
229.41374657917	-7.0156139847433	0
232.7459925338	-7.0389477098763	0
227.67526606051	-7.4975889016606	0
228.88285342004	-7.9592519542151	0
231.82579315016	-7.9470408214664	0
233.41435213724	-10.031813862247	0
231.96544840729	-9.3679484437629	0
238.89640552344	4.2934854653761	0
238.89640552344	3.1684854653761	0
240	3.4582650750523	0
230.76098919583	-8.8981846595942	0
229.31066696935	-8.9538753657998	0
234.88170542705	-10.477805951931	0
235.85676429753	-5.0729017487573	0
239.413416473	-13.416734924948	0
238.31898914405	-13.034231257281	0
237.73240561705	-14.034231257281	0
235.98845128757	-10.416957133302	0
234.9051977734	-11.585974300229	0
236.45402270982	-4.0447119700236	0
237.5041363511	-2.6315813033577	0
236.3282692713	-2.4548655916136	0
235.95781261085	-1.1705965022732	0
236.98547099763	0.51055164667704	0
235.5649006959	0.38169006935154	0
232.08292511745	-13.494273330614	0
237.67064477885	-15.296727912677	0
238.25722830585	-16.296727912677	0
239.413416473	-15.416734924948	0
231.76690390457	3.7450475399845	0
230.4997342023	5.1809568181021	0
238.81494489481	-4.3190813033577	0
237.71543087377	-6.131586894948	0
238.90048597896	-6.229240516538	0
225.87056441857	13.754325268852	0
225.75168018411	12.744843788125	0
226.88671442487	13.729315554334	0
225.67134299404	5.7417147847602	0
227.34613449679	3.7048543311412	0
227.47377883679	5.0945830036926	0
225.06003818415	1.7798138205472	0
226.12044909174	1.6091457378931	0
227.74062700247	1.4855768638501	0
226.72013064808	2.7295602384003	0
234.79261140921	1.2612590073466	0
238.81494489481	-3.1940813033577	0
238.68919145629	-1.6042349249477	0
232.5	-14.54407063868	0
233.58292511745	-14.865472312074	0
235.31898914405	-14.783498604876	0
236.5762174499	-14.91422424501	0
235.25722830585	-16.045995260272	0
238.06619193546	-9.2785119440919	0
239.1657059565	-9.4660063525016	0
238.90048597896	-8.229240516538	0
237.1481854271	-9.9120332825294	0
234.90769896957	-2.5837271689391	0
234.03863594826	-3.367820099662	0
240	-1.0417349249477	0
238.68919145629	-0.47923492494773	0
237.03263137733	-5.2496174605014	0
237.19268506478	3.0332720370009	0
236.65855747623	4.4074295454868	0
236.05843149412	3.4369957267877	0
233.23419923126	3.9363191106644	0
238.29627954134	1.073051646677	0
236.32496096101	-12.588426535607	0
237.48469510054	-12.083502684835	0
239.1657059565	-11.466006352502	0
237.17167777346	-11.020201630828	0
240	-6.4167349249477	0
240	-3.2917349249477	0
197.68856548549	29.139061729407	0
194.71557846373	26.493325426763	0
191.84980378395	25.495844958959	0
190.60950279112	24.472138526644	0
193.67422164648	27.012530804668	0
198.14545019878	-0.85858547536101	0
196.56019908822	-2.4804229554929	0
195.56779549772	-2.3701000064561	0
228.49401183021	26.920705652695	0
227.45743162573	28.001970281462	0
227.30451908722	26.835704409031	0
233.12421391984	29.083116457445	0
232.02680969902	30.173025133598	0
229.74464839817	26.887696022369	0
234.15841524657	29.644754076374	0
234.75	33.399130889131	0
233.82135574748	32.393670115402	0
234.57135574748	31.708070624672	0
229.59173585966	25.721430149938	0
223.47819550127	30.68042908565	0
225.8822222591	23.509961878927	0
227.41106731384	22.647318056829	0
226.92619539502	25.665201583157	0
232.63802689427	31.038103590286	0
231.91221184435	25.003453957829	0
230.49129840832	17.797363489625	0
232.00763451741	17.211261715827	0
231.49352242914	18.541968909879	0
155.51260562948	8.3416255630128	0
151.98824488595	9.1940135326468	0
151.55709540325	10.765729960226	0
152.03021540281	7.8326354128374	0
145.5572886714	23.776495536944	0
146.74463390307	23.136873365588	0
148.00431216134	22.972391867481	0
147.03883829492	20.655157310417	0
148.14891185439	21.522655268233	0
145.90294150438	20.233974646866	0
5.428900195588	20.719727978776	0
8.4637281833717	20.270992491026	0
9.9272959395444	21.13045526278	0
4.7129141200716	19.806685251599	0
182.16915416354	23.911687022886	0
93.402449767172	33.243341407935	0
94.397790354003	33.843497387024	0
95.667620619586	34.439529637925	0
94.221775179005	32.626684923299	0
97.930224566764	28.659504178533	0
100.74984483436	31.364256442822	0
99.43656272317	34.169804928345	0
99.486621520998	32.990018548547	0
100.31643980627	33.549827052059	0
97.44834124483	36.966164099184	0
97.196249048494	35.697299206022	0
97.362434955618	34.631107399147	0
98.440558530775	34.676188231707	0
99.270376816046	35.235996735219	0
99.233751620581	36.236317954744	0
147.13319700815	29.030447771472	0
220.6631977089	14.317072237601	0
223.47849760964	7.4524890210103	0
223.60788358321	8.9831193581259	0
225.12011152688	8.2103426087108	0
223.44290932796	28.537998617125	0
222.72991368869	32.266727070158	0
217.10168679638	33.297597628212	0
218.32203628574	32.770621348791	0
219.16549883474	30.996183472562	0
225.55169396763	19.765855125365	0
227.25776286536	20.179195761393	0
224.15379011778	19.423950297296	0
225.34101681601	18.494965765234	0
224.85955746594	17.434778445042	0
224.25524614058	16.538859140889	0
225.17169064036	15.820576648766	0
235.95685778904	6.8640820545608	0
235.01516919173	5.9021646116558	0
236.46599250289	5.7730706781786	0
237.50459374369	27.796251245822	0
236.19777999111	28.860952096441	0
226.27841053058	24.674539285112	0
227.69331442726	24.763777482219	0
233.52837514265	20.915437191413	0
234.20358044842	19.962571987565	0
235.74785172958	21.066830084858	0
220.18796325683	17.087030584919	0
238.5	-18.537201254003	0
240	-17.416734924948	0
238.5	-17.537201254003	0
226.92734825318	6.4063269328384	0
228.04916665521	6.6971926386058	0
235.5	-17.286468601599	0
236.75722830585	-17.417194241732	0
240	-10.416734924948	0
235.3285431897	2.4795057564432	0
240	1.2082650750523	0
238.29627954134	2.198051646677	0
235.37429392164	23.147907630732	0
236.49292728915	22.037386015855	0
236.79457478698	23.16559835788	0
231.11767203011	8.975254551191	0
231.58715936677	11.214424824285	0
230.16166166525	9.6207873804533	0
230.58145890358	15.292281880589	0
232.04665390176	14.099632546977	0
232.47060549477	15.274006961961	0
193.07834340791	26.013067263527	0
235.83705949909	29.964615359374	0
235.32135574748	31.022471133942	0
236.25	32.027931907672	0
239.24653363296	10.052015075052	0
239.24653363296	8.4895150750523	0
240	9.2707650750523	0
231.08838985385	21.38317552939	0
230.08493108313	21.041621324168	0
230.98064509077	19.469624888899	0
237.60047732891	24.256286671786	0
236.4818439614	25.366808286663	0
101.14063717133	34.242109474104	0
225.78648898717	14.831727189837	0
227.56380486885	12.087686438617	0
226.00866384543	11.230403509716	0
226.80463852387	10.598255874727	0
226.25746131579	17.776683273111	0
237.19751732843	13.401829086159	0
238.7038405501	12.891868738975	0
238.49367677834	14.468225422236	0
223.49339828297	14.804539401185	0
229.25864342893	12.786723134617	0
229.49546427459	11.657748228587	0
230.39432815624	12.988932559576	0
240	28.020765075052	0
238.86072049202	29.359135483064	0
238.86072049202	27.796635483064	0
229.26139991126	18.012398153579	0
229.77551199952	16.681690959527	0
240	-14.416734924948	0
238.5	-19.537201254003	0
240	-19.416734924948	0
240	24.895765075052	0
238.64387325167	26.45788083781	0
238.64387325167	24.89538083781	0
223.82337042863	10.311701895559	0
224.99251383913	11.255413224235	0
224.6514547464	13.847255423628	0
226.24673081245	7.3443244196734	0
226.37611678603	8.874954756789	0
237.4076811002	9.2707650750523	0
237.95037418306	10.548118738975	0
236.86498801733	10.548118738975	0
229.14388578371	6.3835329084099	0
228.46266875049	13.418870769606	0
228.58155298495	14.428352250334	0
234.71645778679	19.034916008546	0
233.96603916082	17.160429585508	0
235.67263840938	18.239478457972	0
228.98464045554	22.238346447071	0
228.61910270451	23.364143574416	0
229.35156040651	15.507316544544	0
228.87689569247	20.32479580658	0
228.35805349296	18.98247063849	0
232.49698119986	18.883523115101	0
234.32899634027	24.297303684401	0
235.12820351589	25.284726318717	0
229.26688756895	24.354805872462	0
234.42901013818	15.223174831642	0
232.96381514	16.415824165253	0
227.64226708416	17.866798108392	0
231.04802274718	6.179041017052	0
234.79441560115	3.8536632649291	0
240	6.1457650750523	0
238.7038405501	7.2216265980679	0
238.7038405501	5.6591265980679	0
232.86523768184	23.053540695178	0
231.58736355364	23.636829680352	0
231.47054997441	22.371882979485	0
232.27252204344	6.3426033998632	0
233.45495282183	5.9848204573911	0
233.32360369949	7.35095893051	0
237.95037418306	8.0028765980679	0
232.28347474743	12.970657640948	0
236.1692499388	11.59766857238	0
235.62655685593	10.320314908457	0
232.36626398205	20.799886544215	0
233.2394851123	12.325124811686	0
233.35242832142	9.8498246579756	0
232.34217132637	9.1388169340022	0
233.15142991615	8.4197495969555	0
238.7038405501	11.329368738975	0
236.86498801733	8.0028765980679	0
235.46157702481	14.529771698885	0
234.43330963518	12.725611185106	0
235.95908616703	13.174025255642	0
233.73699425452	10.969378368442	0
234.5462528443	10.250311031396	0
235.41416470617	8.1319705315451	0
237.60024607354	5.3693469883917	0
240	12.395765075052	0
234.33386069454	8.0619666544834	0
235.24199092284	9.2007611979906	0
233.96408753568	4.893809081009	0
240	15.520765075052	0
238.49367677834	16.030725422236	0
234.02734884244	23.169091342376	0
230.91667362484	7.5451794901709	0
235.95478667004	15.671588902177	0
239.12573910765	17.864515075052	0
237.61941588599	16.811975422236	0
236.58684899936	17.505378554993	0
240	21.770765075052	0
238.95660407725	22.694170909028	0
238.95660407725	21.131670909028	0
238.5	30.462798745997	0
237.36072049202	30.238669154009	0
239.12573910765	19.427015075052	0
238.0823431849	20.350420909028	0
230.51752413692	24.321796242136	0
237.16813259492	21.084520812006	0
237.33726762533	19.379864978031	0
240	18.645765075052	0
233.91053526321	21.904144641508	0
161.80503141204	40.090447876865	0
162.75360492719	38.732416117668	0
164.44271338042	37.069606660348	0
159.93695876832	39.208454311536	0
163.47532701482	37.739999606198	0
56.138156542358	44.961833601601	0
2.7484697648701	60.587970440208	0
2.806506703834	61.813695661071	0
0	65.1882	0
2.3646161757044	55.99681007925	0
CELLS 15064 60256
3	148	1983	1985	
3	147	1984	1983	
3	258	1985	1984	
3	1983	1984	1985	
3	238	1986	1988	
3	181	1987	1986	
3	239	1988	1987	
3	1986	1987	1988	
3	255	1989	1991	
3	150	1990	1989	
3	149	1991	1990	
3	1989	1990	1991	
3	178	1992	1994	
3	451	1993	1992	
3	226	1994	1993	
3	1992	1993	1994	
3	234	1995	1997	
3	615	1996	1995	
3	1802	1997	1996	
3	1995	1996	1997	
3	255	1998	2000	
3	256	1999	1998	
3	188	2000	1999	
3	1998	1999	2000	
3	256	2001	2003	
3	189	2002	2001	
3	338	2003	2002	
3	2001	2002	2003	
3	1801	2004	2006	
3	1800	2005	2004	
3	236	2006	2005	
3	2004	2005	2006	
3	172	2007	2009	
3	356	2008	2007	
3	280	2009	2008	
3	2007	2008	2009	
3	175	2010	2012	
3	596	2011	2010	
3	660	2012	2011	
3	2010	2011	2012	
3	282	2013	2015	
3	17	2014	2013	
3	16	2015	2014	
3	2013	2014	2015	
3	168	2016	2018	
3	508	2017	2016	
3	1556	2018	2017	
3	2016	2017	2018	
3	144	2019	2021	
3	143	2020	2019	
3	190	2021	2020	
3	2019	2020	2021	
3	412	2022	2024	
3	1257	2023	2022	
3	341	2024	2023	
3	2022	2023	2024	
3	199	2025	2027	
3	141	2026	2025	
3	140	2027	2026	
3	2025	2026	2027	
3	341	2028	2030	
3	505	2029	2028	
3	145	2030	2029	
3	2028	2029	2030	
3	104	2031	2033	
3	230	2032	2031	
3	232	2033	2032	
3	2031	2032	2033	
3	988	2034	2036	
3	1670	2035	2034	
3	1631	2036	2035	
3	2034	2035	2036	
3	807	2037	2039	
3	814	2038	2037	
3	209	2039	2038	
3	2037	2038	2039	
3	161	2040	2042	
3	160	2041	2040	
3	585	2042	2041	
3	2040	2041	2042	
3	426	2043	2045	
3	972	2044	2043	
3	1038	2045	2044	
3	2043	2044	2045	
3	814	2046	2038	
3	278	2047	2046	
3	209	2038	2047	
3	2046	2047	2038	
3	366	2048	2050	
3	1865	2049	2048	
3	1867	2050	2049	
3	2048	2049	2050	
3	803	2051	2052	
3	807	2039	2051	
3	209	2052	2039	
3	2051	2039	2052	
3	231	2053	2055	
3	233	2054	2053	
3	235	2055	2054	
3	2053	2054	2055	
3	220	2056	2058	
3	292	2057	2056	
3	294	2058	2057	
3	2056	2057	2058	
3	150	2059	2061	
3	257	2060	2059	
3	151	2061	2060	
3	2059	2060	2061	
3	151	2062	2064	
3	340	2063	2062	
3	152	2064	2063	
3	2062	2063	2064	
3	640	2065	2067	
3	568	2066	2065	
3	340	2067	2066	
3	2065	2066	2067	
3	30	2068	2070	
3	292	2069	2068	
3	31	2070	2069	
3	2068	2069	2070	
3	258	1984	2072	
3	147	2071	1984	
3	1555	2072	2071	
3	1984	2071	2072	
3	411	2073	2075	
3	560	2074	2073	
3	409	2075	2074	
3	2073	2074	2075	
3	258	2076	1985	
3	256	2077	2076	
3	148	1985	2077	
3	2076	2077	1985	
3	166	2078	2080	
3	198	2079	2078	
3	347	2080	2079	
3	2078	2079	2080	
3	129	2081	2083	
3	204	2082	2081	
3	169	2083	2082	
3	2081	2082	2083	
3	1623	2084	2086	
3	1266	2085	2084	
3	656	2086	2085	
3	2084	2085	2086	
3	142	2087	2089	
3	141	2088	2087	
3	342	2089	2088	
3	2087	2088	2089	
3	397	2090	2092	
3	1513	2091	2090	
3	325	2092	2091	
3	2090	2091	2092	
3	1527	2093	2095	
3	1526	2094	2093	
3	403	2095	2094	
3	2093	2094	2095	
3	174	2096	2098	
3	371	2097	2096	
3	217	2098	2097	
3	2096	2097	2098	
3	1542	2099	2101	
3	25	2100	2099	
3	217	2101	2100	
3	2099	2100	2101	
3	1510	2102	2104	
3	170	2103	2102	
3	205	2104	2103	
3	2102	2103	2104	
3	165	2105	2107	
3	261	2106	2105	
3	262	2107	2106	
3	2105	2106	2107	
3	138	2108	2110	
3	193	2109	2108	
3	139	2110	2109	
3	2108	2109	2110	
3	216	2111	2112	
3	217	2100	2111	
3	25	2112	2100	
3	2111	2100	2112	
3	12	2113	2115	
3	11	2114	2113	
3	208	2115	2114	
3	2113	2114	2115	
3	387	2116	2118	
3	313	2117	2116	
3	386	2118	2117	
3	2116	2117	2118	
3	255	2119	1989	
3	257	2059	2119	
3	150	1989	2059	
3	2119	2059	1989	
3	264	2120	2122	
3	133	2121	2120	
3	1509	2122	2121	
3	2120	2121	2122	
3	40	2123	2125	
3	39	2124	2123	
3	274	2125	2124	
3	2123	2124	2125	
3	735	2126	2128	
3	734	2127	2126	
3	531	2128	2127	
3	2126	2127	2128	
3	123	2129	2131	
3	737	2130	2129	
3	1630	2131	2130	
3	2129	2130	2131	
3	225	2132	2134	
3	443	2133	2132	
3	531	2134	2133	
3	2132	2133	2134	
3	33	2135	2137	
3	32	2136	2135	
3	1523	2137	2136	
3	2135	2136	2137	
3	1556	2138	2140	
3	127	2139	2138	
3	203	2140	2139	
3	2138	2139	2140	
3	279	2141	2143	
3	281	2142	2141	
3	20	2143	2142	
3	2141	2142	2143	
3	135	2144	2146	
3	261	2145	2144	
3	136	2146	2145	
3	2144	2145	2146	
3	194	2147	2148	
3	193	2108	2147	
3	138	2148	2108	
3	2147	2108	2148	
3	145	2149	2030	
3	144	2150	2149	
3	341	2030	2150	
3	2149	2150	2030	
3	260	2151	2153	
3	1508	2152	2151	
3	1343	2153	2152	
3	2151	2152	2153	
3	1334	2154	2156	
3	1331	2155	2154	
3	1332	2156	2155	
3	2154	2155	2156	
3	165	2107	2158	
3	262	2157	2107	
3	263	2158	2157	
3	2107	2157	2158	
3	136	2145	2160	
3	261	2159	2145	
3	192	2160	2159	
3	2145	2159	2160	
3	137	2161	2162	
3	136	2160	2161	
3	192	2162	2160	
3	2161	2160	2162	
3	126	2163	2164	
3	203	2139	2163	
3	127	2164	2139	
3	2163	2139	2164	
3	420	2165	2167	
3	514	2166	2165	
3	354	2167	2166	
3	2165	2166	2167	
3	1605	2168	2170	
3	524	2169	2168	
3	593	2170	2169	
3	2168	2169	2170	
3	193	2171	2109	
3	195	2172	2171	
3	139	2109	2172	
3	2171	2172	2109	
3	204	2081	2174	
3	129	2173	2081	
3	128	2174	2173	
3	2081	2173	2174	
3	206	2175	2177	
3	350	2176	2175	
3	351	2177	2176	
3	2175	2176	2177	
3	349	2178	2180	
3	275	2179	2178	
3	348	2180	2179	
3	2178	2179	2180	
3	776	2181	2183	
3	777	2182	2181	
3	38	2183	2182	
3	2181	2182	2183	
3	127	2184	2185	
3	204	2174	2184	
3	128	2185	2174	
3	2184	2174	2185	
3	416	2186	2188	
3	417	2187	2186	
3	351	2188	2187	
3	2186	2187	2188	
3	122	2189	2191	
3	121	2190	2189	
3	386	2191	2190	
3	2189	2190	2191	
3	382	2192	2194	
3	439	2193	2192	
3	446	2194	2193	
3	2192	2193	2194	
3	390	2195	2197	
3	233	2196	2195	
3	179	2197	2196	
3	2195	2196	2197	
3	348	2198	2200	
3	205	2199	2198	
3	132	2200	2199	
3	2198	2199	2200	
3	566	2201	2203	
3	503	2202	2201	
3	562	2203	2202	
3	2201	2202	2203	
3	420	2204	2206	
3	277	2205	2204	
3	13	2206	2205	
3	2204	2205	2206	
3	1838	2207	2209	
3	1837	2208	2207	
3	1534	2209	2208	
3	2207	2208	2209	
3	156	2210	2212	
3	155	2211	2210	
3	278	2212	2211	
3	2210	2211	2212	
3	1605	2170	2214	
3	593	2213	2170	
3	8	2214	2213	
3	2170	2213	2214	
3	59	2215	2217	
3	58	2216	2215	
3	335	2217	2216	
3	2215	2216	2217	
3	107	2218	2220	
3	106	2219	2218	
3	237	2220	2219	
3	2218	2219	2220	
3	7	2221	2223	
3	213	2222	2221	
3	8	2223	2222	
3	2221	2222	2223	
3	6	2224	2226	
3	215	2225	2224	
3	7	2226	2225	
3	2224	2225	2226	
3	15	2227	2229	
3	14	2228	2227	
3	353	2229	2228	
3	2227	2228	2229	
3	282	2230	2013	
3	211	2231	2230	
3	17	2013	2231	
3	2230	2231	2013	
3	282	2232	2230	
3	172	2233	2232	
3	211	2230	2233	
3	2232	2233	2230	
3	298	2234	2236	
3	300	2235	2234	
3	117	2236	2235	
3	2234	2235	2236	
3	195	2171	2238	
3	193	2237	2171	
3	166	2238	2237	
3	2171	2237	2238	
3	18	2239	2240	
3	17	2231	2239	
3	211	2240	2231	
3	2239	2231	2240	
3	127	2138	2184	
3	1556	2241	2138	
3	204	2184	2241	
3	2138	2241	2184	
3	647	2242	2244	
3	648	2243	2242	
3	646	2244	2243	
3	2242	2243	2244	
3	493	2245	2247	
3	184	2246	2245	
3	245	2247	2246	
3	2245	2246	2247	
3	294	2248	2250	
3	221	2249	2248	
3	176	2250	2249	
3	2248	2249	2250	
3	719	2251	2253	
3	655	2252	2251	
3	718	2253	2252	
3	2251	2252	2253	
3	1037	2254	2256	
3	1982	2255	2254	
3	521	2256	2255	
3	2254	2255	2256	
3	107	2257	2259	
3	316	2258	2257	
3	315	2259	2258	
3	2257	2258	2259	
3	233	2260	2261	
3	232	2032	2260	
3	230	2261	2032	
3	2260	2032	2261	
3	391	2262	2264	
3	467	2263	2262	
3	320	2264	2263	
3	2262	2263	2264	
3	4	2265	2267	
3	3	2266	2265	
3	1604	2267	2266	
3	2265	2266	2267	
3	427	2268	2270	
3	522	2269	2268	
3	1600	2270	2269	
3	2268	2269	2270	
3	192	2271	2162	
3	269	2272	2271	
3	137	2162	2272	
3	2271	2272	2162	
3	6	2273	2224	
3	214	2274	2273	
3	215	2224	2274	
3	2273	2274	2224	
3	4	2275	2277	
3	1603	2276	2275	
3	214	2277	2276	
3	2275	2276	2277	
3	6	2278	2273	
3	5	2279	2278	
3	214	2273	2279	
3	2278	2279	2273	
3	1599	2280	2282	
3	1522	2281	2280	
3	576	2282	2281	
3	2280	2281	2282	
3	228	2283	2285	
3	179	2284	2283	
3	230	2285	2284	
3	2283	2284	2285	
3	430	2286	2288	
3	370	2287	2286	
3	174	2288	2287	
3	2286	2287	2288	
3	283	2289	2291	
3	772	2290	2289	
3	833	2291	2290	
3	2289	2290	2291	
3	1979	2292	2294	
3	1	2293	2292	
3	0	2294	2293	
3	2292	2293	2294	
3	321	2295	2297	
3	393	2296	2295	
3	95	2297	2296	
3	2295	2296	2297	
3	282	2298	2300	
3	364	2299	2298	
3	360	2300	2299	
3	2298	2299	2300	
3	814	2301	2046	
3	818	2302	2301	
3	278	2046	2302	
3	2301	2302	2046	
3	216	2112	2304	
3	25	2303	2112	
3	24	2304	2303	
3	2112	2303	2304	
3	13	2205	2306	
3	277	2305	2205	
3	14	2306	2305	
3	2205	2305	2306	
3	286	2307	2308	
3	370	2286	2307	
3	430	2308	2286	
3	2307	2286	2308	
3	133	2309	2310	
3	132	2199	2309	
3	205	2310	2199	
3	2309	2199	2310	
3	232	2311	2033	
3	105	2312	2311	
3	104	2033	2312	
3	2311	2312	2033	
3	100	2313	2315	
3	99	2314	2313	
3	240	2315	2314	
3	2313	2314	2315	
3	293	2316	2318	
3	32	2317	2316	
3	1511	2318	2317	
3	2316	2317	2318	
3	216	2319	2321	
3	23	2320	2319	
3	430	2321	2320	
3	2319	2320	2321	
3	243	2322	2324	
3	326	2323	2322	
3	1836	2324	2323	
3	2322	2323	2324	
3	660	2325	2327	
3	219	2326	2325	
3	374	2327	2326	
3	2325	2326	2327	
3	289	2328	2330	
3	219	2329	2328	
3	288	2330	2329	
3	2328	2329	2330	
3	35	2331	2333	
3	288	2332	2331	
3	662	2333	2332	
3	2331	2332	2333	
3	775	2334	2336	
3	661	2335	2334	
3	596	2336	2335	
3	2334	2335	2336	
3	288	2331	2338	
3	35	2337	2331	
3	34	2338	2337	
3	2331	2337	2338	
3	285	2339	2341	
3	213	2340	2339	
3	367	2341	2340	
3	2339	2340	2341	
3	373	2342	2344	
3	595	2343	2342	
3	375	2344	2343	
3	2342	2343	2344	
3	525	2345	2347	
3	519	2346	2345	
3	431	2347	2346	
3	2345	2346	2347	
3	146	2348	2349	
3	145	2029	2348	
3	505	2349	2029	
3	2348	2029	2349	
3	193	2147	2237	
3	194	2350	2147	
3	166	2237	2350	
3	2147	2350	2237	
3	328	2351	2353	
3	548	2352	2351	
3	51	2353	2352	
3	2351	2352	2353	
3	1266	2354	2356	
3	11	2355	2354	
3	10	2356	2355	
3	2354	2355	2356	
3	211	2357	2240	
3	280	2358	2357	
3	18	2240	2358	
3	2357	2358	2240	
3	124	2359	2361	
3	1631	2360	2359	
3	125	2361	2360	
3	2359	2360	2361	
3	194	2148	2363	
3	138	2362	2148	
3	137	2363	2362	
3	2148	2362	2363	
3	250	2364	2366	
3	185	2365	2364	
3	248	2366	2365	
3	2364	2365	2366	
3	211	2233	2357	
3	172	2009	2233	
3	280	2357	2009	
3	2233	2009	2357	
3	1505	2367	2369	
3	197	2368	2367	
3	1506	2369	2368	
3	2367	2368	2369	
3	377	2370	2372	
3	1541	2371	2370	
3	296	2372	2371	
3	2370	2371	2372	
3	30	2373	2375	
3	29	2374	2373	
3	221	2375	2374	
3	2373	2374	2375	
3	4	2277	2376	
3	214	2279	2277	
3	5	2376	2279	
3	2277	2279	2376	
3	222	2377	2379	
3	27	2378	2377	
3	176	2379	2378	
3	2377	2378	2379	
3	29	2380	2382	
3	28	2381	2380	
3	222	2382	2381	
3	2380	2381	2382	
3	221	2248	2383	
3	294	2057	2248	
3	292	2383	2057	
3	2248	2057	2383	
3	390	2384	2195	
3	235	2054	2384	
3	233	2195	2054	
3	2384	2054	2195	
3	227	2385	2387	
3	316	2386	2385	
3	319	2387	2386	
3	2385	2386	2387	
3	29	2382	2374	
3	222	2388	2382	
3	221	2374	2388	
3	2382	2388	2374	
3	348	2200	2390	
3	132	2389	2200	
3	131	2390	2389	
3	2200	2389	2390	
3	217	2111	2098	
3	216	2391	2111	
3	174	2098	2391	
3	2111	2391	2098	
3	329	2392	2394	
3	46	2393	2392	
3	491	2394	2393	
3	2392	2393	2394	
3	279	2143	2396	
3	20	2395	2143	
3	19	2396	2395	
3	2143	2395	2396	
3	175	2397	2399	
3	375	2398	2397	
3	594	2399	2398	
3	2397	2398	2399	
3	333	2400	2402	
3	1839	2401	2400	
3	1516	2402	2401	
3	2400	2401	2402	
3	310	2403	2405	
3	311	2404	2403	
3	119	2405	2404	
3	2403	2404	2405	
3	239	2406	2408	
3	476	2407	2406	
3	393	2408	2407	
3	2406	2407	2408	
3	115	2409	2411	
3	114	2410	2409	
3	224	2411	2410	
3	2409	2410	2411	
3	233	2261	2196	
3	230	2284	2261	
3	179	2196	2284	
3	2261	2284	2196	
3	359	2412	2414	
3	358	2413	2412	
3	356	2414	2413	
3	2412	2413	2414	
3	1324	2415	2417	
3	506	2416	2415	
3	415	2417	2416	
3	2415	2416	2417	
3	289	2418	2420	
3	34	2419	2418	
3	33	2420	2419	
3	2418	2419	2420	
3	226	2421	1994	
3	314	2422	2421	
3	178	1994	2422	
3	2421	2422	1994	
3	306	2423	2425	
3	310	2424	2423	
3	118	2425	2424	
3	2423	2424	2425	
3	223	2426	2428	
3	298	2427	2426	
3	299	2428	2427	
3	2426	2427	2428	
3	102	2429	2431	
3	228	2430	2429	
3	103	2431	2430	
3	2429	2430	2431	
3	422	2432	2434	
3	281	2433	2432	
3	210	2434	2433	
3	2432	2433	2434	
3	103	2430	2435	
3	228	2285	2430	
3	230	2435	2285	
3	2430	2285	2435	
3	202	2436	2438	
3	167	2437	2436	
3	940	2438	2437	
3	2436	2437	2438	
3	229	2439	2440	
3	228	2429	2439	
3	102	2440	2429	
3	2439	2429	2440	
3	230	2031	2435	
3	104	2441	2031	
3	103	2435	2441	
3	2031	2441	2435	
3	1372	2442	2444	
3	1366	2443	2442	
3	1371	2444	2443	
3	2442	2443	2444	
3	20	2142	2446	
3	281	2445	2142	
3	362	2446	2445	
3	2142	2445	2446	
3	235	2447	2448	
3	234	1997	2447	
3	1802	2448	1997	
3	2447	1997	2448	
3	267	2449	2450	
3	165	2158	2449	
3	263	2450	2158	
3	2449	2158	2450	
3	116	2451	2452	
3	298	2236	2451	
3	117	2452	2236	
3	2451	2236	2452	
3	224	2453	2411	
3	299	2454	2453	
3	115	2411	2454	
3	2453	2454	2411	
3	118	2455	2456	
3	117	2235	2455	
3	300	2456	2235	
3	2455	2235	2456	
3	587	2457	2459	
3	173	2458	2457	
3	1603	2459	2458	
3	2457	2458	2459	
3	843	2460	2462	
3	844	2461	2460	
3	781	2462	2461	
3	2460	2461	2462	
3	302	2463	2465	
3	306	2464	2463	
3	300	2465	2464	
3	2463	2464	2465	
3	1524	2466	2467	
3	224	2410	2466	
3	114	2467	2410	
3	2466	2410	2467	
3	314	2468	2470	
3	110	2469	2468	
3	109	2470	2469	
3	2468	2469	2470	
3	535	2471	2473	
3	451	2472	2471	
3	384	2473	2472	
3	2471	2472	2473	
3	840	2474	2476	
3	39	2475	2474	
3	38	2476	2475	
3	2474	2475	2476	
3	94	2477	2479	
3	239	2478	2477	
3	321	2479	2478	
3	2477	2478	2479	
3	139	2172	2481	
3	195	2480	2172	
3	140	2481	2480	
3	2172	2480	2481	
3	1967	2482	2484	
3	1966	2483	2482	
3	687	2484	2483	
3	2482	2483	2484	
3	315	2485	2259	
3	108	2486	2485	
3	107	2259	2486	
3	2485	2486	2259	
3	226	2487	2421	
3	110	2468	2487	
3	314	2421	2468	
3	2487	2468	2421	
3	112	2488	2490	
3	450	2489	2488	
3	383	2490	2489	
3	2488	2489	2490	
3	339	2491	2493	
3	409	2492	2491	
3	188	2493	2492	
3	2491	2492	2493	
3	111	2494	2495	
3	110	2487	2494	
3	226	2495	2487	
3	2494	2487	2495	
3	229	2496	2439	
3	179	2283	2496	
3	228	2439	2283	
3	2496	2283	2439	
3	229	2497	2496	
3	320	2498	2497	
3	179	2496	2498	
3	2497	2498	2496	
3	93	2499	2501	
3	1364	2500	2499	
3	238	2501	2500	
3	2499	2500	2501	
3	315	2258	2502	
3	316	2385	2258	
3	227	2502	2385	
3	2258	2385	2502	
3	238	2503	2501	
3	94	2504	2503	
3	93	2501	2504	
3	2503	2504	2501	
3	751	2505	2507	
3	679	2506	2505	
3	750	2507	2506	
3	2505	2506	2507	
3	1361	2508	2510	
3	92	2509	2508	
3	91	2510	2509	
3	2508	2509	2510	
3	475	2511	2513	
3	1773	2512	2511	
3	474	2513	2512	
3	2511	2512	2513	
3	391	2264	2514	
3	320	2497	2264	
3	229	2514	2497	
3	2264	2497	2514	
3	299	2515	2428	
3	177	2516	2515	
3	223	2428	2516	
3	2515	2516	2428	
3	1907	2517	2519	
3	1819	2518	2517	
3	1816	2519	2518	
3	2517	2518	2519	
3	1524	2520	2522	
3	113	2521	2520	
3	383	2522	2521	
3	2520	2521	2522	
3	153	2523	2525	
3	699	2524	2523	
3	154	2525	2524	
3	2523	2524	2525	
3	374	2526	2528	
3	291	2527	2526	
3	372	2528	2527	
3	2526	2527	2528	
3	1503	2529	2531	
3	1803	2530	2529	
3	243	2531	2530	
3	2529	2530	2531	
3	679	2532	2534	
3	1000	2533	2532	
3	752	2534	2533	
3	2532	2533	2534	
3	1806	2535	2537	
3	1818	2536	2535	
3	1813	2537	2536	
3	2535	2536	2537	
3	470	2538	2540	
3	392	2539	2538	
3	468	2540	2539	
3	2538	2539	2540	
3	1607	2541	2543	
3	1606	2542	2541	
3	240	2543	2542	
3	2541	2542	2543	
3	94	2503	2477	
3	238	1988	2503	
3	239	2477	1988	
3	2503	1988	2477	
3	95	2296	2545	
3	393	2544	2296	
3	96	2545	2544	
3	2296	2544	2545	
3	76	2546	2548	
3	75	2547	2546	
3	254	2548	2547	
3	2546	2547	2548	
3	510	2549	2551	
3	417	2550	2549	
3	570	2551	2550	
3	2549	2550	2551	
3	1511	2552	2318	
3	292	2553	2552	
3	293	2318	2553	
3	2552	2553	2318	
3	97	2554	2556	
3	96	2555	2554	
3	1549	2556	2555	
3	2554	2555	2556	
3	1606	2557	2559	
3	616	2558	2557	
3	678	2559	2558	
3	2557	2558	2559	
3	478	2560	2562	
3	480	2561	2560	
3	322	2562	2561	
3	2560	2561	2562	
3	347	2563	2080	
3	199	2564	2563	
3	166	2080	2564	
3	2563	2564	2080	
3	1497	2565	2567	
3	72	2566	2565	
3	1501	2567	2566	
3	2565	2566	2567	
3	268	2568	2570	
3	198	2569	2568	
3	269	2570	2569	
3	2568	2569	2570	
3	295	2571	2573	
3	1541	2572	2571	
3	437	2573	2572	
3	2571	2572	2573	
3	1502	2574	2576	
3	1799	2575	2574	
3	1900	2576	2575	
3	2574	2575	2576	
3	1848	2577	2579	
3	408	2578	2577	
3	1553	2579	2578	
3	2577	2578	2579	
3	1362	2580	2581	
3	1366	2442	2580	
3	1372	2581	2442	
3	2580	2442	2581	
3	1805	2582	2584	
3	1809	2583	2582	
3	1804	2584	2583	
3	2582	2583	2584	
3	397	2585	2587	
3	88	2586	2585	
3	87	2587	2586	
3	2585	2586	2587	
3	1368	2588	2590	
3	1369	2589	2588	
3	1370	2590	2589	
3	2588	2589	2590	
3	390	2591	2384	
3	234	2447	2591	
3	235	2384	2447	
3	2591	2447	2384	
3	1852	2592	2594	
3	500	2593	2592	
3	1891	2594	2593	
3	2592	2593	2594	
3	590	2595	2597	
3	592	2596	2595	
3	429	2597	2596	
3	2595	2596	2597	
3	1364	2499	2599	
3	93	2598	2499	
3	92	2599	2598	
3	2499	2598	2599	
3	183	2600	2602	
3	1476	2601	2600	
3	1514	2602	2601	
3	2600	2601	2602	
3	166	2350	2078	
3	194	2603	2350	
3	198	2078	2603	
3	2350	2603	2078	
3	56	2604	2606	
3	55	2605	2604	
3	249	2606	2605	
3	2604	2605	2606	
3	353	2607	2609	
3	419	2608	2607	
3	355	2609	2608	
3	2607	2608	2609	
3	664	2610	2612	
3	986	2611	2610	
3	738	2612	2611	
3	2610	2611	2612	
3	488	2613	2615	
3	246	2614	2613	
3	329	2615	2614	
3	2613	2614	2615	
3	1734	2616	2618	
3	455	2617	2616	
3	1732	2618	2617	
3	2616	2617	2618	
3	47	2619	2620	
3	46	2392	2619	
3	329	2620	2392	
3	2619	2392	2620	
3	41	2621	2623	
3	273	2622	2621	
3	42	2623	2622	
3	2621	2622	2623	
3	317	2624	2625	
3	178	2422	2624	
3	314	2625	2422	
3	2624	2422	2625	
3	463	2626	2628	
3	459	2627	2626	
3	461	2628	2627	
3	2626	2627	2628	
3	249	2605	2630	
3	55	2629	2605	
3	247	2630	2629	
3	2605	2629	2630	
3	50	2631	2633	
3	327	2632	2631	
3	51	2633	2632	
3	2631	2632	2633	
3	346	2634	2636	
3	267	2635	2634	
3	265	2636	2635	
3	2634	2635	2636	
3	1358	2637	2639	
3	1342	2638	2637	
3	143	2639	2638	
3	2637	2638	2639	
3	175	2640	2397	
3	372	2641	2640	
3	375	2397	2641	
3	2640	2641	2397	
3	1515	2642	2644	
3	56	2643	2642	
3	331	2644	2643	
3	2642	2643	2644	
3	617	2645	2647	
3	271	2646	2645	
3	1598	2647	2646	
3	2645	2646	2647	
3	52	2648	2650	
3	487	2649	2648	
3	248	2650	2649	
3	2648	2649	2650	
3	1759	2651	2653	
3	1226	2652	2651	
3	1257	2653	2652	
3	2651	2652	2653	
3	113	2654	2521	
3	112	2490	2654	
3	383	2521	2490	
3	2654	2490	2521	
3	197	2655	2656	
3	199	2563	2655	
3	347	2656	2563	
3	2655	2563	2656	
3	202	2657	2659	
3	201	2658	2657	
3	272	2659	2658	
3	2657	2658	2659	
3	41	2660	2662	
3	40	2661	2660	
3	272	2662	2661	
3	2660	2661	2662	
3	198	2663	2665	
3	196	2664	2663	
3	270	2665	2664	
3	2663	2664	2665	
3	87	2666	2668	
3	86	2667	2666	
3	326	2668	2667	
3	2666	2667	2668	
3	41	2662	2621	
3	272	2669	2662	
3	273	2621	2669	
3	2662	2669	2621	
3	214	2670	2274	
3	173	2671	2670	
3	215	2274	2671	
3	2670	2671	2274	
3	48	2672	2674	
3	245	2673	2672	
3	49	2674	2673	
3	2672	2673	2674	
3	54	2675	2677	
3	248	2676	2675	
3	247	2677	2676	
3	2675	2676	2677	
3	1504	2678	2680	
3	245	2679	2678	
3	244	2680	2679	
3	2678	2679	2680	
3	221	2388	2249	
3	222	2379	2388	
3	176	2249	2379	
3	2388	2379	2249	
3	266	2681	2683	
3	343	2682	2681	
3	264	2683	2682	
3	2681	2682	2683	
3	269	2569	2684	
3	198	2603	2569	
3	194	2684	2603	
3	2569	2603	2684	
3	27	2377	2685	
3	222	2381	2377	
3	28	2685	2381	
3	2377	2381	2685	
3	54	2677	2686	
3	247	2629	2677	
3	55	2686	2629	
3	2677	2629	2686	
3	210	2687	2688	
3	280	2008	2687	
3	356	2688	2008	
3	2687	2008	2688	
3	329	2689	2620	
3	558	2690	2689	
3	47	2620	2690	
3	2689	2690	2620	
3	43	2691	2693	
3	271	2692	2691	
3	44	2693	2692	
3	2691	2692	2693	
3	2	2694	2696	
3	365	2695	2694	
3	3	2696	2695	
3	2694	2695	2696	
3	69	2697	2699	
3	68	2698	2697	
3	395	2699	2698	
3	2697	2698	2699	
3	776	2700	2701	
3	661	2334	2700	
3	775	2701	2334	
3	2700	2334	2701	
3	63	2702	2704	
3	403	2703	2702	
3	64	2704	2703	
3	2702	2703	2704	
3	195	2705	2480	
3	199	2027	2705	
3	140	2480	2027	
3	2705	2027	2480	
3	23	2706	2708	
3	22	2707	2706	
3	286	2708	2707	
3	2706	2707	2708	
3	1794	2709	2711	
3	395	2710	2709	
3	1448	2711	2710	
3	2709	2710	2711	
3	106	2712	2219	
3	1798	2713	2712	
3	237	2219	2713	
3	2712	2713	2219	
3	100	2714	2716	
3	464	2715	2714	
3	101	2716	2715	
3	2714	2715	2716	
3	501	2717	2719	
3	77	2718	2717	
3	337	2719	2718	
3	2717	2718	2719	
3	337	2720	2722	
3	407	2721	2720	
3	76	2722	2721	
3	2720	2721	2722	
3	1788	2723	2725	
3	1493	2724	2723	
3	1787	2725	2724	
3	2723	2724	2725	
3	233	2053	2727	
3	231	2726	2053	
3	1900	2727	2726	
3	2053	2726	2727	
3	1485	2728	2730	
3	1486	2729	2728	
3	1436	2730	2729	
3	2728	2729	2730	
3	1799	2574	2732	
3	1502	2731	2574	
3	1798	2732	2731	
3	2574	2731	2732	
3	1455	2733	2735	
3	241	2734	2733	
3	1438	2735	2734	
3	2733	2734	2735	
3	77	2717	2737	
3	501	2736	2717	
3	78	2737	2736	
3	2717	2736	2737	
3	1504	2738	2739	
3	327	2631	2738	
3	50	2739	2631	
3	2738	2631	2739	
3	1517	2740	2741	
3	333	2402	2740	
3	1516	2741	2402	
3	2740	2402	2741	
3	401	2742	2744	
3	251	2743	2742	
3	334	2744	2743	
3	2742	2743	2744	
3	1516	2745	2747	
3	251	2746	2745	
3	332	2747	2746	
3	2745	2746	2747	
3	251	2748	2750	
3	62	2749	2748	
3	61	2750	2749	
3	2748	2749	2750	
3	23	2319	2751	
3	216	2304	2319	
3	24	2751	2304	
3	2319	2304	2751	
3	229	2440	2753	
3	102	2752	2440	
3	101	2753	2752	
3	2440	2752	2753	
3	690	2754	2756	
3	689	2755	2754	
3	565	2756	2755	
3	2754	2755	2756	
3	166	2564	2238	
3	199	2705	2564	
3	195	2238	2705	
3	2564	2705	2238	
3	199	2655	2757	
3	197	2367	2655	
3	1505	2757	2367	
3	2655	2367	2757	
3	319	2758	2387	
3	456	2759	2758	
3	227	2387	2759	
3	2758	2759	2387	
3	75	2760	2547	
3	253	2761	2760	
3	254	2547	2761	
3	2760	2761	2547	
3	1497	2762	2565	
3	73	2763	2762	
3	72	2565	2763	
3	2762	2763	2565	
3	1498	2764	2766	
3	253	2765	2764	
3	74	2766	2765	
3	2764	2765	2766	
3	253	2760	2765	
3	75	2767	2760	
3	74	2765	2767	
3	2760	2767	2765	
3	466	2768	2769	
3	467	2262	2768	
3	391	2769	2262	
3	2768	2262	2769	
3	300	2770	2465	
3	223	2771	2770	
3	302	2465	2771	
3	2770	2771	2465	
3	68	2772	2774	
3	67	2773	2772	
3	396	2774	2773	
3	2772	2773	2774	
3	268	2775	2777	
3	192	2776	2775	
3	165	2777	2776	
3	2775	2776	2777	
3	334	2778	2744	
3	63	2779	2778	
3	401	2744	2779	
3	2778	2779	2744	
3	7	2225	2221	
3	215	2780	2225	
3	213	2221	2780	
3	2225	2780	2221	
3	1536	2781	2783	
3	324	2782	2781	
3	396	2783	2782	
3	2781	2782	2783	
3	1537	2784	2786	
3	405	2785	2784	
3	1530	2786	2785	
3	2784	2785	2786	
3	480	2787	2561	
3	96	2788	2787	
3	322	2561	2788	
3	2787	2788	2561	
3	232	2260	2789	
3	233	2727	2260	
3	1900	2789	2727	
3	2260	2727	2789	
3	500	2790	2792	
3	1851	2791	2790	
3	1848	2792	2791	
3	2790	2791	2792	
3	313	2793	2117	
3	739	2794	2793	
3	386	2117	2794	
3	2793	2794	2117	
3	1836	2795	2797	
3	86	2796	2795	
3	85	2797	2796	
3	2795	2796	2797	
3	1607	2798	2800	
3	1611	2799	2798	
3	1608	2800	2799	
3	2798	2799	2800	
3	244	2801	2803	
3	481	2802	2801	
3	328	2803	2802	
3	2801	2802	2803	
3	327	2804	2632	
3	328	2353	2804	
3	51	2632	2353	
3	2804	2353	2632	
3	558	2805	2807	
3	400	2806	2805	
3	494	2807	2806	
3	2805	2806	2807	
3	245	2246	2809	
3	184	2808	2246	
3	482	2809	2808	
3	2246	2808	2809	
3	305	2810	2812	
3	307	2811	2810	
3	309	2812	2811	
3	2810	2811	2812	
3	304	2813	2815	
3	453	2814	2813	
3	455	2815	2814	
3	2813	2814	2815	
3	248	2675	2817	
3	54	2816	2675	
3	53	2817	2816	
3	2675	2816	2817	
3	247	2818	2630	
3	185	2819	2818	
3	249	2630	2819	
3	2818	2819	2630	
3	52	2650	2820	
3	248	2817	2650	
3	53	2820	2817	
3	2650	2817	2820	
3	185	2818	2365	
3	247	2676	2818	
3	248	2365	2676	
3	2818	2676	2365	
3	1965	2821	2823	
3	1964	2822	2821	
3	331	2823	2822	
3	2821	2822	2823	
3	249	2824	2606	
3	1965	2825	2824	
3	56	2606	2825	
3	2824	2825	2606	
3	485	2826	2828	
3	483	2827	2826	
3	486	2828	2827	
3	2826	2827	2828	
3	861	2829	2831	
3	865	2830	2829	
3	57	2831	2830	
3	2829	2830	2831	
3	332	2746	2832	
3	251	2750	2746	
3	61	2832	2750	
3	2746	2750	2832	
3	251	2833	2743	
3	186	2834	2833	
3	334	2743	2834	
3	2833	2834	2743	
3	864	2835	2837	
3	857	2836	2835	
3	856	2837	2836	
3	2835	2836	2837	
3	473	2838	2840	
3	545	2839	2838	
3	546	2840	2839	
3	2838	2839	2840	
3	1498	2766	2842	
3	74	2841	2766	
3	73	2842	2841	
3	2766	2841	2842	
3	254	2761	2844	
3	253	2843	2761	
3	187	2844	2843	
3	2761	2843	2844	
3	254	2844	2846	
3	187	2845	2844	
3	406	2846	2845	
3	2844	2845	2846	
3	76	2548	2722	
3	254	2847	2548	
3	337	2722	2847	
3	2548	2847	2722	
3	256	1998	2848	
3	255	1991	1998	
3	149	2848	1991	
3	1998	1991	2848	
3	257	2119	2849	
3	255	2000	2119	
3	188	2849	2000	
3	2119	2000	2849	
3	148	2077	2850	
3	256	2848	2077	
3	149	2850	2848	
3	2077	2848	2850	
3	338	2002	2852	
3	189	2851	2002	
3	162	2852	2851	
3	2002	2851	2852	
3	339	2493	2854	
3	188	2853	2493	
3	338	2854	2853	
3	2493	2853	2854	
3	151	2060	2062	
3	257	2855	2060	
3	340	2062	2855	
3	2060	2855	2062	
3	1555	2071	2857	
3	147	2856	2071	
3	146	2857	2856	
3	2071	2856	2857	
3	256	2076	2001	
3	258	2858	2076	
3	189	2001	2858	
3	2076	2858	2001	
3	579	2859	2861	
3	581	2860	2859	
3	421	2861	2860	
3	2859	2860	2861	
3	162	2862	2864	
3	1206	2863	2862	
3	1205	2864	2863	
3	2862	2863	2864	
3	260	2865	2867	
3	342	2866	2865	
3	1505	2867	2866	
3	2865	2866	2867	
3	1331	2868	2870	
3	191	2869	2868	
3	1330	2870	2869	
3	2868	2869	2870	
3	262	2106	2871	
3	261	2144	2106	
3	135	2871	2144	
3	2106	2144	2871	
3	165	2776	2105	
3	192	2159	2776	
3	261	2105	2159	
3	2776	2159	2105	
3	135	2872	2871	
3	134	2873	2872	
3	262	2871	2873	
3	2872	2873	2871	
3	262	2873	2157	
3	134	2874	2873	
3	263	2157	2874	
3	2873	2874	2157	
3	134	2875	2874	
3	264	2876	2875	
3	263	2874	2876	
3	2875	2876	2874	
3	267	2877	2635	
3	344	2878	2877	
3	265	2635	2878	
3	2877	2878	2635	
3	134	2879	2875	
3	133	2120	2879	
3	264	2875	2120	
3	2879	2120	2875	
3	1509	2121	2880	
3	133	2310	2121	
3	205	2880	2310	
3	2121	2310	2880	
3	170	2102	2882	
3	1510	2881	2102	
3	352	2882	2881	
3	2102	2881	2882	
3	1329	2883	2885	
3	1307	2884	2883	
3	1214	2885	2884	
3	2883	2884	2885	
3	1521	2886	2888	
3	170	2887	2886	
3	345	2888	2887	
3	2886	2887	2888	
3	267	2889	2877	
3	343	2890	2889	
3	344	2877	2890	
3	2889	2890	2877	
3	343	2889	2891	
3	267	2450	2889	
3	263	2891	2450	
3	2889	2450	2891	
3	414	2892	2894	
3	346	2893	2892	
3	268	2894	2893	
3	2892	2893	2894	
3	414	2895	2896	
3	165	2449	2895	
3	267	2896	2449	
3	2895	2449	2896	
3	198	2568	2663	
3	268	2897	2568	
3	196	2663	2897	
3	2568	2897	2663	
3	137	2272	2363	
3	269	2684	2272	
3	194	2363	2684	
3	2272	2684	2363	
3	268	2570	2775	
3	269	2271	2570	
3	192	2775	2271	
3	2570	2271	2775	
3	1323	2898	2899	
3	506	2415	2898	
3	1324	2899	2415	
3	2898	2415	2899	
3	1321	2900	2902	
3	1322	2901	2900	
3	1507	2902	2901	
3	2900	2901	2902	
3	273	2903	2905	
3	791	2904	2903	
3	790	2905	2904	
3	2903	2904	2905	
3	550	2906	2908	
3	618	2907	2906	
3	551	2908	2907	
3	2906	2907	2908	
3	272	2661	2909	
3	40	2125	2661	
3	274	2909	2125	
3	2661	2125	2909	
3	272	2658	2669	
3	201	2910	2658	
3	273	2669	2910	
3	2658	2910	2669	
3	750	2911	2913	
3	621	2912	2911	
3	200	2913	2912	
3	2911	2912	2913	
3	790	2914	2916	
3	43	2915	2914	
3	42	2916	2915	
3	2914	2915	2916	
3	1643	2917	2918	
3	39	2474	2917	
3	840	2918	2474	
3	2917	2474	2918	
3	272	2909	2659	
3	274	2919	2909	
3	202	2659	2919	
3	2909	2919	2659	
3	349	2920	2922	
3	131	2921	2920	
3	130	2922	2921	
3	2920	2921	2922	
3	571	2923	2925	
3	275	2924	2923	
3	350	2925	2924	
3	2923	2924	2925	
3	515	2926	2928	
3	276	2927	2926	
3	355	2928	2927	
3	2926	2927	2928	
3	210	2929	2434	
3	358	2930	2929	
3	422	2434	2930	
3	2929	2930	2434	
3	514	2165	2932	
3	420	2931	2165	
3	12	2932	2931	
3	2165	2931	2932	
3	355	2933	2935	
3	277	2934	2933	
3	207	2935	2934	
3	2933	2934	2935	
3	697	2936	2938	
3	564	2937	2936	
3	567	2938	2937	
3	2936	2937	2938	
3	367	2340	2939	
3	213	2780	2340	
3	215	2939	2780	
3	2340	2780	2939	
3	280	2940	2358	
3	19	2941	2940	
3	18	2358	2941	
3	2940	2941	2358	
3	279	2942	2141	
3	210	2433	2942	
3	281	2141	2433	
3	2942	2433	2141	
3	210	2942	2687	
3	279	2943	2942	
3	280	2687	2943	
3	2942	2943	2687	
3	280	2943	2940	
3	279	2396	2943	
3	19	2940	2396	
3	2943	2396	2940	
3	356	2413	2688	
3	358	2929	2413	
3	210	2688	2929	
3	2413	2929	2688	
3	362	2944	2946	
3	424	2945	2944	
3	21	2946	2945	
3	2944	2945	2946	
3	15	2947	2949	
3	364	2948	2947	
3	16	2949	2948	
3	2947	2948	2949	
3	16	2948	2015	
3	364	2298	2948	
3	282	2015	2298	
3	2948	2298	2015	
3	713	2950	2952	
3	589	2951	2950	
3	428	2952	2951	
3	2950	2951	2952	
3	285	2953	2955	
3	369	2954	2953	
3	524	2955	2954	
3	2953	2954	2955	
3	366	2956	2958	
3	159	2957	2956	
3	158	2958	2957	
3	2956	2957	2958	
3	213	2339	2960	
3	285	2959	2339	
3	1605	2960	2959	
3	2339	2959	2960	
3	367	2939	2961	
3	215	2671	2939	
3	173	2961	2671	
3	2939	2671	2961	
3	285	2341	2953	
3	367	2962	2341	
3	369	2953	2962	
3	2341	2962	2953	
3	21	2945	2964	
3	424	2963	2945	
3	22	2964	2963	
3	2945	2963	2964	
3	286	2965	2307	
3	218	2966	2965	
3	370	2307	2966	
3	2965	2966	2307	
3	520	2967	2969	
3	653	2968	2967	
3	517	2969	2968	
3	2967	2968	2969	
3	1161	2970	2972	
3	1157	2971	2970	
3	1189	2972	2971	
3	2970	2971	2972	
3	289	2330	2418	
3	288	2338	2330	
3	34	2418	2338	
3	2330	2338	2418	
3	288	2329	2332	
3	219	2973	2329	
3	662	2332	2973	
3	2329	2973	2332	
3	291	2974	2975	
3	289	2420	2974	
3	33	2975	2420	
3	2974	2420	2975	
3	291	2526	2974	
3	374	2976	2526	
3	289	2974	2976	
3	2526	2976	2974	
3	220	2058	2978	
3	294	2977	2058	
3	297	2978	2977	
3	2058	2977	2978	
3	352	2979	2981	
3	571	2980	2979	
3	761	2981	2980	
3	2979	2980	2981	
3	1523	2982	2984	
3	293	2983	2982	
3	376	2984	2983	
3	2982	2983	2984	
3	372	2527	2986	
3	291	2985	2527	
3	290	2986	2985	
3	2527	2985	2986	
3	221	2383	2375	
3	292	2068	2383	
3	30	2375	2068	
3	2383	2068	2375	
3	292	2056	2553	
3	220	2987	2056	
3	293	2553	2987	
3	2056	2987	2553	
3	220	2978	2989	
3	297	2988	2978	
3	527	2989	2988	
3	2978	2988	2989	
3	291	2990	2985	
3	376	2991	2990	
3	290	2985	2991	
3	2990	2991	2985	
3	176	2992	2993	
3	377	2372	2992	
3	296	2993	2372	
3	2992	2372	2993	
3	176	2993	2250	
3	296	2994	2993	
3	294	2250	2994	
3	2993	2994	2250	
3	527	2995	2997	
3	528	2996	2995	
3	435	2997	2996	
3	2995	2996	2997	
3	296	2998	2994	
3	297	2977	2998	
3	294	2994	2977	
3	2998	2977	2994	
3	377	2992	2999	
3	176	2378	2992	
3	27	2999	2378	
3	2992	2378	2999	
3	295	3000	3002	
3	597	3001	3000	
3	296	3002	3001	
3	3000	3001	3002	
3	528	3003	3005	
3	297	3004	3003	
3	597	3005	3004	
3	3003	3004	3005	
3	293	3006	2983	
3	1540	3007	3006	
3	376	2983	3007	
3	3006	3007	2983	
3	299	2427	3008	
3	298	2451	2427	
3	116	3008	2451	
3	2427	2451	3008	
3	300	2234	2770	
3	298	2426	2234	
3	223	2770	2426	
3	2234	2426	2770	
3	115	2454	3009	
3	299	3008	2454	
3	116	3009	3008	
3	2454	3008	3009	
3	177	2515	3010	
3	299	2453	2515	
3	224	3010	2453	
3	2515	2453	3010	
3	302	3011	3013	
3	303	3012	3011	
3	378	3013	3012	
3	3011	3012	3013	
3	300	2464	2456	
3	306	2425	2464	
3	118	2456	2425	
3	2464	2425	2456	
3	304	3014	3016	
3	301	3015	3014	
3	378	3016	3015	
3	3014	3015	3016	
3	447	3017	3019	
3	380	3018	3017	
3	381	3019	3018	
3	3017	3018	3019	
3	303	3011	3020	
3	302	2771	3011	
3	223	3020	2771	
3	3011	2771	3020	
3	307	3021	3022	
3	306	2463	3021	
3	302	3022	2463	
3	3021	2463	3022	
3	223	2516	3020	
3	177	3023	2516	
3	303	3020	3023	
3	2516	3023	3020	
3	303	3023	3025	
3	177	3024	3023	
3	304	3025	3024	
3	3023	3024	3025	
3	453	3026	3028	
3	454	3027	3026	
3	385	3028	3027	
3	3026	3027	3028	
3	439	3029	3031	
3	308	3030	3029	
3	445	3031	3030	
3	3029	3030	3031	
3	380	3032	3034	
3	307	3033	3032	
3	301	3034	3033	
3	3032	3033	3034	
3	311	3035	2404	
3	120	3036	3035	
3	119	2404	3036	
3	3035	3036	2404	
3	307	3022	3033	
3	302	3037	3022	
3	301	3033	3037	
3	3022	3037	3033	
3	306	3038	2423	
3	305	3039	3038	
3	310	2423	3039	
3	3038	3039	2423	
3	380	3040	3032	
3	309	2811	3040	
3	307	3032	2811	
3	3040	2811	3032	
3	305	3038	2810	
3	306	3021	3038	
3	307	2810	3021	
3	3038	3021	2810	
3	304	3041	3043	
3	1547	3042	3041	
3	381	3043	3042	
3	3041	3042	3043	
3	311	3044	3046	
3	444	3045	3044	
3	387	3046	3045	
3	3044	3045	3046	
3	438	3047	3049	
3	309	3048	3047	
3	308	3049	3048	
3	3047	3048	3049	
3	438	3050	3047	
3	440	3051	3050	
3	309	3047	3051	
3	3050	3051	3047	
3	310	3039	2403	
3	305	3052	3039	
3	311	2403	3052	
3	3039	3052	2403	
3	118	2424	3053	
3	310	2405	2424	
3	119	3053	2405	
3	2424	2405	3053	
3	530	3054	3055	
3	309	3051	3054	
3	440	3055	3051	
3	3054	3051	3055	
3	444	3056	3045	
3	1543	3057	3056	
3	387	3045	3057	
3	3056	3057	3045	
3	383	2489	3059	
3	450	3058	2489	
3	536	3059	3058	
3	2489	3058	3059	
3	1544	3060	3062	
3	453	3061	3060	
3	177	3062	3061	
3	3060	3061	3062	
3	121	3063	3065	
3	120	3064	3063	
3	387	3065	3064	
3	3063	3064	3065	
3	734	3066	3068	
3	736	3067	3066	
3	225	3068	3067	
3	3066	3067	3068	
3	109	3069	2470	
3	108	3070	3069	
3	314	2470	3070	
3	3069	3070	2470	
3	108	2485	3072	
3	315	3071	2485	
3	317	3072	3071	
3	2485	3071	3072	
3	316	2257	3073	
3	107	2220	2257	
3	237	3073	2220	
3	2257	2220	3073	
3	317	3071	3074	
3	315	2502	3071	
3	227	3074	2502	
3	3071	2502	3074	
3	388	3075	3077	
3	237	3076	3075	
3	1901	3077	3076	
3	3075	3076	3077	
3	539	3078	3080	
3	319	3079	3078	
3	388	3080	3079	
3	3078	3079	3080	
3	317	3074	3082	
3	227	3081	3074	
3	458	3082	3081	
3	3074	3081	3082	
3	108	3072	3070	
3	317	2625	3072	
3	314	3070	2625	
3	3072	2625	3070	
3	538	3083	3085	
3	607	3084	3083	
3	462	3085	3084	
3	3083	3084	3085	
3	451	1992	3087	
3	178	3086	1992	
3	452	3087	3086	
3	1992	3086	3087	
3	388	3079	3088	
3	319	2386	3079	
3	316	3088	2386	
3	3079	2386	3088	
3	456	2758	3090	
3	319	3089	2758	
3	457	3090	3089	
3	2758	3089	3090	
3	101	2715	2753	
3	464	3091	2715	
3	229	2753	3091	
3	2715	3091	2753	
3	466	3092	2768	
3	392	3093	3092	
3	467	2768	3093	
3	3092	3093	2768	
3	474	3094	3095	
3	239	1987	3094	
3	181	3095	1987	
3	3094	1987	3095	
3	393	2295	2408	
3	321	2478	2295	
3	239	2408	2478	
3	2295	2478	2408	
3	322	3096	2562	
3	476	3097	3096	
3	478	2562	3097	
3	3096	3097	2562	
3	1110	3098	3100	
3	1109	3099	3098	
3	1197	3100	3099	
3	3098	3099	3100	
3	1380	3101	3103	
3	1384	3102	3101	
3	1400	3103	3102	
3	3101	3102	3103	
3	66	3104	3106	
3	1535	3105	3104	
3	1536	3106	3105	
3	3104	3105	3106	
3	1444	3107	3108	
3	1455	2735	3107	
3	1438	3108	2735	
3	3107	2735	3108	
3	87	2668	3110	
3	326	3109	2668	
3	1513	3110	3109	
3	2668	3109	3110	
3	1367	3111	3113	
3	89	3112	3111	
3	1369	3113	3112	
3	3111	3112	3113	
3	326	2667	2323	
3	86	2795	2667	
3	1836	2323	2795	
3	2667	2795	2323	
3	1513	3109	3114	
3	326	2322	3109	
3	243	3114	2322	
3	3109	2322	3114	
3	1504	2739	3116	
3	50	3115	2739	
3	49	3116	3115	
3	2739	3115	3116	
3	328	2804	2803	
3	327	3117	2804	
3	244	2803	3117	
3	2804	3117	2803	
3	482	3118	3120	
3	398	3119	3118	
3	481	3120	3119	
3	3118	3119	3120	
3	487	3121	3123	
3	548	3122	3121	
3	486	3123	3122	
3	3121	3122	3123	
3	491	3124	3126	
3	45	3125	3124	
3	399	3126	3125	
3	3124	3125	3126	
3	400	3127	3128	
3	329	2614	3127	
3	246	3128	2614	
3	3127	2614	3128	
3	481	3129	2802	
3	485	3130	3129	
3	328	2802	3130	
3	3129	3130	2802	
3	459	2626	3132	
3	463	3131	2626	
3	611	3132	3131	
3	2626	3131	3132	
3	1964	3133	3134	
3	249	2819	3133	
3	185	3134	2819	
3	3133	2819	3134	
3	855	3135	3137	
3	856	3136	3135	
3	330	3137	3136	
3	3135	3136	3137	
3	61	3138	2832	
3	60	3139	3138	
3	332	2832	3139	
3	3138	3139	2832	
3	1517	2741	3141	
3	1516	3140	2741	
3	60	3141	3140	
3	2741	3140	3141	
3	59	3142	3144	
3	1518	3143	3142	
3	1517	3144	3143	
3	3142	3143	3144	
3	404	3145	3147	
3	495	3146	3145	
3	497	3147	3146	
3	3145	3146	3147	
3	1839	3148	3150	
3	495	3149	3148	
3	186	3150	3149	
3	3148	3149	3150	
3	63	2778	2702	
3	334	3151	2778	
3	403	2702	3151	
3	2778	3151	2702	
3	1964	3152	2822	
3	857	3153	3152	
3	331	2822	3153	
3	3152	3153	2822	
3	1519	3154	3156	
3	1520	3155	3154	
3	874	3156	3155	
3	3154	3155	3156	
3	406	3157	3159	
3	1500	3158	3157	
3	1892	3159	3158	
3	3157	3158	3159	
3	1411	3160	3162	
3	1414	3161	3160	
3	1393	3162	3161	
3	3160	3161	3162	
3	498	3163	3164	
3	337	2847	3163	
3	254	3164	2847	
3	3163	2847	3164	
3	499	3165	3166	
3	337	3163	3165	
3	498	3166	3163	
3	3165	3163	3166	
3	338	2852	3168	
3	162	3167	2852	
3	1617	3168	3167	
3	2852	3167	3168	
3	188	1999	2853	
3	256	2003	1999	
3	338	2853	2003	
3	1999	2003	2853	
3	559	3169	3171	
3	632	3170	3169	
3	1175	3171	3170	
3	3169	3170	3171	
3	153	3172	3174	
3	152	3173	3172	
3	568	3174	3173	
3	3172	3173	3174	
3	188	2492	2849	
3	409	3175	2492	
3	257	2849	3175	
3	2492	3175	2849	
3	340	2855	3177	
3	257	3176	2855	
3	634	3177	3176	
3	2855	3176	3177	
3	412	2024	3178	
3	341	2150	2024	
3	144	3178	2150	
3	2024	2150	3178	
3	341	2023	3180	
3	1257	3179	2023	
3	504	3180	3179	
3	2023	3179	3180	
3	1505	2866	3181	
3	342	2088	2866	
3	141	3181	2088	
3	2866	2088	3181	
3	1358	3182	3183	
3	260	2153	3182	
3	1343	3183	2153	
3	3182	2153	3183	
3	264	2682	2876	
3	343	2891	2682	
3	263	2876	2891	
3	2682	2891	2876	
3	343	2681	2890	
3	266	3184	2681	
3	344	2890	3184	
3	2681	3184	2890	
3	345	3185	2888	
3	266	3186	3185	
3	1521	2888	3186	
3	3185	3186	2888	
3	344	3184	3187	
3	266	3185	3184	
3	345	3187	3185	
3	3184	3185	3187	
3	762	3188	3189	
3	170	2882	3188	
3	352	3189	2882	
3	3188	2882	3189	
3	762	3190	3188	
3	892	3191	3190	
3	170	3188	3191	
3	3190	3191	3188	
3	265	3192	2636	
3	569	3193	3192	
3	346	2636	3193	
3	3192	3193	2636	
3	268	2893	3195	
3	346	3194	2893	
3	1323	3195	3194	
3	2893	3194	3195	
3	198	2665	2079	
3	270	3196	2665	
3	347	2079	3196	
3	2665	3196	2079	
3	197	2656	3197	
3	347	3196	2656	
3	270	3197	3196	
3	2656	3196	3197	
3	349	2180	2920	
3	348	2390	2180	
3	131	2920	2390	
3	2180	2390	2920	
3	205	2198	3198	
3	348	2179	2198	
3	275	3198	2179	
3	2198	2179	3198	
3	351	3199	2188	
3	349	3200	3199	
3	416	2188	3200	
3	3199	3200	2188	
3	350	3201	2176	
3	349	3199	3201	
3	351	2176	3199	
3	3201	3199	2176	
3	206	3202	2175	
3	571	2925	3202	
3	350	2175	2925	
3	3202	2925	2175	
3	275	2178	2924	
3	349	3201	2178	
3	350	2924	3201	
3	2178	3201	2924	
3	507	3203	3205	
3	416	3204	3203	
3	130	3205	3204	
3	3203	3204	3205	
3	169	3206	3207	
3	570	2550	3206	
3	417	3207	2550	
3	3206	2550	3207	
3	509	3208	3209	
3	206	2177	3208	
3	351	3209	2177	
3	3208	2177	3209	
3	761	3210	3212	
3	641	3211	3210	
3	701	3212	3211	
3	3210	3211	3212	
3	419	2607	3213	
3	353	2228	2607	
3	14	3213	2228	
3	2607	2228	3213	
3	353	3214	3216	
3	276	3215	3214	
3	423	3216	3215	
3	3214	3215	3216	
3	354	2166	3218	
3	514	3217	2166	
3	1522	3218	3217	
3	2166	3217	3218	
3	207	2934	3220	
3	277	3219	2934	
3	354	3220	3219	
3	2934	3219	3220	
3	355	3221	2928	
3	573	3222	3221	
3	515	2928	3222	
3	3221	3222	2928	
3	353	2609	3214	
3	355	2927	2609	
3	276	3214	2927	
3	2609	2927	3214	
3	766	3223	3225	
3	359	3224	3223	
3	361	3225	3224	
3	3223	3224	3225	
3	172	3226	2007	
3	359	2414	3226	
3	356	2007	2414	
3	3226	2414	2007	
3	515	3227	2926	
3	643	3228	3227	
3	276	2926	3228	
3	3227	3228	2926	
3	516	3229	3231	
3	517	3230	3229	
3	218	3231	3230	
3	3229	3230	3231	
3	517	3232	2969	
3	425	3233	3232	
3	520	2969	3233	
3	3232	3233	2969	
3	286	3234	3236	
3	1538	3235	3234	
3	516	3236	3235	
3	3234	3235	3236	
3	361	3224	3237	
3	359	3226	3224	
3	172	3237	3226	
3	3224	3226	3237	
3	359	3238	3240	
3	357	3239	3238	
3	647	3240	3239	
3	3238	3239	3240	
3	360	3241	2300	
3	361	3242	3241	
3	282	2300	3242	
3	3241	3242	2300	
3	703	3243	3245	
3	767	3244	3243	
3	643	3245	3244	
3	3243	3244	3245	
3	282	3242	2232	
3	361	3237	3242	
3	172	2232	3237	
3	3242	3237	2232	
3	361	3241	3225	
3	360	3246	3241	
3	766	3225	3246	
3	3241	3246	3225	
3	286	3236	2965	
3	516	3231	3236	
3	218	2965	3231	
3	3236	3231	2965	
3	424	2944	3247	
3	362	2445	2944	
3	281	3247	2445	
3	2944	2445	3247	
3	22	3248	3250	
3	363	3249	3248	
3	1538	3250	3249	
3	3248	3249	3250	
3	15	2229	2947	
3	353	3251	2229	
3	364	2947	3251	
3	2229	3251	2947	
3	364	3251	3252	
3	353	3216	3251	
3	423	3252	3216	
3	3251	3216	3252	
3	1979	3253	3255	
3	1977	3254	3253	
3	1978	3255	3254	
3	3253	3254	3255	
3	833	2290	3257	
3	772	3256	2290	
3	428	3257	3256	
3	2290	3256	3257	
3	1638	3258	3260	
3	158	3259	3258	
3	157	3260	3259	
3	3258	3259	3260	
3	1637	3261	3263	
3	1639	3262	3261	
3	823	3263	3262	
3	3261	3262	3263	
3	589	3264	3266	
3	368	3265	3264	
3	369	3266	3265	
3	3264	3265	3266	
3	367	3267	2962	
3	523	3268	3267	
3	369	2962	3268	
3	3267	3268	2962	
3	593	3269	3271	
3	656	3270	3269	
3	1620	3271	3270	
3	3269	3270	3271	
3	587	3272	3273	
3	523	3267	3272	
3	367	3273	3267	
3	3272	3267	3273	
3	524	2954	3275	
3	369	3274	2954	
3	590	3275	3274	
3	2954	3274	3275	
3	525	3276	3277	
3	370	2966	3276	
3	218	3277	2966	
3	3276	2966	3277	
3	432	3278	3280	
3	525	3279	3278	
3	1539	3280	3279	
3	3278	3279	3280	
3	370	3281	2287	
3	432	3282	3281	
3	174	2287	3282	
3	3281	3282	2287	
3	1645	3283	3285	
3	733	3284	3283	
3	781	3285	3284	
3	3283	3284	3285	
3	433	3286	3287	
3	375	2641	3286	
3	372	3287	2641	
3	3286	2641	3287	
3	372	2640	2528	
3	175	3288	2640	
3	374	2528	3288	
3	2640	3288	2528	
3	433	3289	3286	
3	373	2344	3289	
3	375	3286	2344	
3	3289	2344	3286	
3	509	3290	3208	
3	512	3291	3290	
3	206	3208	3291	
3	3290	3291	3208	
3	660	2327	2012	
3	374	3288	2327	
3	175	2012	3288	
3	2327	3288	2012	
3	289	2976	2328	
3	374	2326	2976	
3	219	2328	2326	
3	2976	2326	2328	
3	433	3287	3292	
3	372	2986	3287	
3	290	3292	2986	
3	3287	2986	3292	
3	526	3293	3295	
3	594	3294	3293	
3	595	3295	3294	
3	3293	3294	3295	
3	1523	3296	2137	
3	291	2975	3296	
3	33	2137	2975	
3	3296	2975	2137	
3	527	3297	2989	
3	1540	3298	3297	
3	220	2989	3298	
3	3297	3298	2989	
3	27	3299	2999	
3	436	3300	3299	
3	377	2999	3300	
3	3299	3300	2999	
3	437	2572	3302	
3	1541	3301	2572	
3	436	3302	3301	
3	2572	3301	3302	
3	302	3013	3037	
3	378	3015	3013	
3	301	3037	3015	
3	3013	3015	3037	
3	303	3025	3012	
3	304	3016	3025	
3	378	3012	3016	
3	3025	3016	3012	
3	304	3024	2813	
3	177	3061	3024	
3	453	2813	3061	
3	3024	3061	2813	
3	549	3303	3305	
3	488	3304	3303	
3	399	3305	3304	
3	3303	3304	3305	
3	381	3018	3306	
3	380	3034	3018	
3	301	3306	3034	
3	3018	3034	3306	
3	308	3048	3307	
3	309	3040	3048	
3	380	3307	3040	
3	3048	3040	3307	
3	304	3043	3014	
3	381	3306	3043	
3	301	3014	3306	
3	3043	3306	3014	
3	381	3308	3019	
3	379	3309	3308	
3	447	3019	3309	
3	3308	3309	3019	
3	439	2192	3311	
3	382	3310	2192	
3	438	3311	3310	
3	2192	3310	3311	
3	443	3312	2133	
3	382	3313	3312	
3	531	2133	3313	
3	3312	3313	2133	
3	450	2488	3315	
3	112	3314	2488	
3	111	3315	3314	
3	2488	3314	3315	
3	1525	3316	3318	
3	454	3317	3316	
3	1524	3318	3317	
3	3316	3317	3318	
3	456	3319	2759	
3	458	3081	3319	
3	227	2759	3081	
3	3319	3081	2759	
3	1842	3320	3322	
3	1739	3321	3320	
3	1545	3322	3321	
3	3320	3321	3322	
3	384	3323	3325	
3	452	3324	3323	
3	1557	3325	3324	
3	3323	3324	3325	
3	552	3326	3328	
3	484	3327	3326	
3	184	3328	3327	
3	3326	3327	3328	
3	387	2118	3065	
3	386	2190	2118	
3	121	3065	2190	
3	2118	2190	3065	
3	739	2793	3330	
3	313	3329	2793	
3	736	3330	3329	
3	2793	3329	3330	
3	120	3035	3064	
3	311	3046	3035	
3	387	3064	3046	
3	3035	3046	3064	
3	444	3044	3332	
3	311	3331	3044	
3	530	3332	3331	
3	3044	3331	3332	
3	237	3075	3073	
3	388	3088	3075	
3	316	3073	3088	
3	3075	3088	3073	
3	388	3333	3080	
3	180	3334	3333	
3	539	3080	3334	
3	3333	3334	3080	
3	456	3090	3336	
3	457	3335	3090	
3	389	3336	3335	
3	3090	3335	3336	
3	384	2472	3323	
3	451	3087	2472	
3	452	3323	3087	
3	2472	3087	3323	
3	179	2498	2197	
3	320	3337	2498	
3	390	2197	3337	
3	2498	3337	2197	
3	234	2591	3338	
3	390	3337	2591	
3	320	3338	3337	
3	2591	3337	3338	
3	465	3339	3341	
3	391	3340	3339	
3	464	3341	3340	
3	3339	3340	3341	
3	468	3342	3344	
3	466	3343	3342	
3	240	3344	3343	
3	3342	3343	3344	
3	1658	3345	3347	
3	1650	3346	3345	
3	1656	3347	3346	
3	3345	3346	3347	
3	234	3348	3350	
3	467	3349	3348	
3	546	3350	3349	
3	3348	3349	3350	
3	476	2406	3351	
3	239	3094	2406	
3	474	3351	3094	
3	2406	3094	3351	
3	96	2544	2788	
3	393	3352	2544	
3	322	2788	3352	
3	2544	3352	2788	
3	475	2513	3354	
3	474	3353	2513	
3	1363	3354	3353	
3	2513	3353	3354	
3	1166	3355	3357	
3	1170	3356	3355	
3	1109	3357	3356	
3	3355	3356	3357	
3	68	2774	3359	
3	396	3358	2774	
3	1449	3359	3358	
3	2774	3358	3359	
3	1490	3360	3362	
3	1794	3361	3360	
3	1488	3362	3361	
3	3360	3361	3362	
3	1536	2783	3363	
3	396	2773	2783	
3	67	3363	2773	
3	2783	2773	3363	
3	1449	3358	3364	
3	396	2782	3358	
3	324	3364	2782	
3	3358	2782	3364	
3	1513	2090	3110	
3	397	2587	2090	
3	87	3110	2587	
3	2090	2587	3110	
3	1370	3365	3366	
3	397	2092	3365	
3	325	3366	2092	
3	3365	2092	3366	
3	493	3367	2245	
3	492	3368	3367	
3	184	2245	3368	
3	3367	3368	2245	
3	398	3369	3371	
3	484	3370	3369	
3	624	3371	3370	
3	3369	3370	3371	
3	45	3372	3374	
3	44	3373	3372	
3	617	3374	3373	
3	3372	3373	3374	
3	488	3303	3376	
3	549	3375	3303	
3	490	3376	3375	
3	3303	3375	3376	
3	400	3128	3378	
3	246	3377	3128	
3	492	3378	3377	
3	3128	3377	3378	
3	400	3379	2806	
3	493	3380	3379	
3	494	2806	3380	
3	3379	3380	2806	
3	63	3381	2779	
3	62	3382	3381	
3	401	2779	3382	
3	3381	3382	2779	
3	251	2742	2748	
3	401	3382	2742	
3	62	2748	3382	
3	2742	3382	2748	
3	333	3383	2400	
3	1519	3384	3383	
3	1839	2400	3384	
3	3383	3384	2400	
3	607	3385	3387	
3	540	3386	3385	
3	670	3387	3386	
3	3385	3386	3387	
3	334	3388	3151	
3	404	3389	3388	
3	403	3151	3389	
3	3388	3389	3151	
3	404	3390	3389	
3	1527	2095	3390	
3	403	3389	2095	
3	3390	2095	3389	
3	186	3149	2834	
3	495	3391	3149	
3	334	2834	3391	
3	3149	3391	2834	
3	1537	3392	2784	
3	1526	3393	3392	
3	405	2784	3393	
3	3392	3393	2784	
3	404	3394	3396	
3	402	3395	3394	
3	1528	3396	3395	
3	3394	3395	3396	
3	1528	3397	3399	
3	1531	3398	3397	
3	1530	3399	3398	
3	3397	3398	3399	
3	1497	3400	3402	
3	187	3401	3400	
3	1498	3402	3401	
3	3400	3401	3402	
3	499	3166	3404	
3	498	3403	3166	
3	406	3404	3403	
3	3166	3403	3404	
3	500	2792	3405	
3	1848	2579	2792	
3	1553	3405	2579	
3	2792	2579	3405	
3	337	2718	2720	
3	77	3406	2718	
3	407	2720	3406	
3	2718	3406	2720	
3	1848	3407	2577	
3	1854	3408	3407	
3	408	2577	3408	
3	3407	3408	2577	
3	409	2491	2075	
3	339	3409	2491	
3	411	2075	3409	
3	2491	3409	2075	
3	409	2074	3411	
3	560	3410	2074	
3	634	3411	3410	
3	2074	3410	3411	
3	1617	3412	3414	
3	632	3413	3412	
3	339	3414	3413	
3	3412	3413	3414	
3	760	3415	3417	
3	806	3416	3415	
3	803	3417	3416	
3	3415	3416	3417	
3	411	3418	3419	
3	632	3169	3418	
3	559	3419	3169	
3	3418	3169	3419	
3	411	3420	3422	
3	410	3421	3420	
3	561	3422	3421	
3	3420	3421	3422	
3	144	2021	3178	
3	190	3423	2021	
3	412	3178	3423	
3	2021	3423	3178	
3	190	3424	3426	
3	163	3425	3424	
3	1759	3426	3425	
3	3424	3425	3426	
3	1176	3427	3429	
3	1177	3428	3427	
3	1064	3429	3428	
3	3427	3428	3429	
3	258	2072	2858	
3	1555	3430	2072	
3	189	2858	3430	
3	2072	3430	2858	
3	165	2895	2777	
3	414	2894	2895	
3	268	2777	2894	
3	2895	2894	2777	
3	267	2634	2896	
3	346	2892	2634	
3	414	2896	2892	
3	2634	2892	2896	
3	1156	3431	3433	
3	894	3432	3431	
3	1141	3433	3432	
3	3431	3432	3433	
3	287	3434	3436	
3	371	3435	3434	
3	1539	3436	3435	
3	3434	3435	3436	
3	349	2922	3200	
3	130	3204	2922	
3	416	3200	3204	
3	2922	3204	3200	
3	507	3205	3438	
3	130	3437	3205	
3	129	3438	3437	
3	3205	3437	3438	
3	129	2083	3439	
3	169	3207	2083	
3	417	3439	3207	
3	2083	3207	3439	
3	1556	2017	3441	
3	508	3440	2017	
3	570	3441	3440	
3	2017	3440	3441	
3	602	3442	3444	
3	935	3443	3442	
3	984	3444	3443	
3	3442	3443	3444	
3	206	3291	3446	
3	512	3445	3291	
3	513	3446	3445	
3	3291	3445	3446	
3	14	2305	3213	
3	277	3447	2305	
3	419	3213	3447	
3	2305	3447	3213	
3	355	2608	2933	
3	419	3447	2608	
3	277	2933	3447	
3	2608	3447	2933	
3	12	2931	3448	
3	420	2206	2931	
3	13	3448	2206	
3	2931	2206	3448	
3	354	3219	2167	
3	277	2204	3219	
3	420	2167	2204	
3	3219	2204	2167	
3	1599	3449	3451	
3	575	3450	3449	
3	207	3451	3450	
3	3449	3450	3451	
3	410	3420	3452	
3	411	3419	3420	
3	559	3452	3419	
3	3420	3419	3452	
3	646	3453	2244	
3	358	3454	3453	
3	647	2244	3454	
3	3453	3454	2244	
3	422	3455	3457	
3	705	3456	3455	
3	424	3457	3456	
3	3455	3456	3457	
3	767	3458	3459	
3	423	3215	3458	
3	276	3459	3215	
3	3458	3215	3459	
3	364	3252	2299	
3	423	3460	3252	
3	360	2299	3460	
3	3252	3460	2299	
3	422	3457	2432	
3	424	3247	3457	
3	281	2432	3247	
3	3457	3247	2432	
3	22	2963	3248	
3	424	3461	2963	
3	363	3248	3461	
3	2963	3461	3248	
3	422	2930	3463	
3	358	3462	2930	
3	645	3463	3462	
3	2930	3462	3463	
3	583	3464	3466	
3	645	3465	3464	
3	646	3466	3465	
3	3464	3465	3466	
3	1218	3467	3469	
3	1980	3468	3467	
3	212	3469	3468	
3	3467	3468	3469	
3	1079	3470	3472	
3	899	3471	3470	
3	973	3472	3471	
3	3470	3471	3472	
3	654	3473	3475	
3	713	3474	3473	
3	772	3475	3474	
3	3473	3474	3475	
3	1601	3476	3477	
3	585	2041	3476	
3	160	3477	2041	
3	3476	2041	3477	
3	523	3478	3268	
3	589	3266	3478	
3	369	3268	3266	
3	3478	3266	3268	
3	590	2597	3275	
3	429	3479	2597	
3	524	3275	3479	
3	2597	3479	3275	
3	9	3480	3482	
3	1620	3481	3480	
3	10	3482	3481	
3	3480	3481	3482	
3	216	2321	2391	
3	430	2288	2321	
3	174	2391	2288	
3	2321	2288	2391	
3	286	2308	2708	
3	430	2320	2308	
3	23	2708	2320	
3	2308	2320	2708	
3	712	3483	3484	
3	218	3230	3483	
3	517	3484	3230	
3	3483	3230	3484	
3	519	3485	3487	
3	708	3486	3485	
3	771	3487	3486	
3	3485	3486	3487	
3	432	3281	3278	
3	370	3276	3281	
3	525	3278	3276	
3	3281	3276	3278	
3	371	2096	3488	
3	174	3282	2096	
3	432	3488	3282	
3	2096	3282	3488	
3	599	3489	3491	
3	435	3490	3489	
3	529	3491	3490	
3	3489	3490	3491	
3	528	3492	2996	
3	601	3493	3492	
3	435	2996	3493	
3	3492	3493	2996	
3	571	3494	2980	
3	513	3495	3494	
3	761	2980	3495	
3	3494	3495	2980	
3	991	3496	3498	
3	935	3497	3496	
3	936	3498	3497	
3	3496	3497	3498	
3	597	3004	3001	
3	297	2998	3004	
3	296	3001	2998	
3	3004	2998	3001	
3	290	3499	3501	
3	599	3500	3499	
3	598	3501	3500	
3	3499	3500	3501	
3	27	3502	3299	
3	26	3503	3502	
3	436	3299	3503	
3	3502	3503	3299	
3	436	3503	3302	
3	26	3504	3503	
3	437	3302	3504	
3	3503	3504	3302	
3	26	3505	3504	
3	1542	3506	3505	
3	437	3504	3506	
3	3505	3506	3504	
3	437	3507	3508	
3	843	2462	3507	
3	781	3508	2462	
3	3507	2462	3508	
3	439	3311	3029	
3	438	3049	3311	
3	308	3029	3049	
3	3311	3049	3029	
3	440	3050	3509	
3	438	3310	3050	
3	382	3509	3310	
3	3050	3310	3509	
3	447	3510	3512	
3	441	3511	3510	
3	445	3512	3511	
3	3510	3511	3512	
3	446	3513	3515	
3	532	3514	3513	
3	442	3515	3514	
3	3513	3514	3515	
3	440	3509	3516	
3	382	3312	3509	
3	443	3516	3312	
3	3509	3312	3516	
3	305	3517	3052	
3	530	3331	3517	
3	311	3052	3331	
3	3517	3331	3052	
3	381	3042	3308	
3	1547	3518	3042	
3	379	3308	3518	
3	3042	3518	3308	
3	936	3519	3521	
3	605	3520	3519	
3	604	3521	3520	
3	3519	3520	3521	
3	449	3522	3523	
3	446	2193	3522	
3	439	3523	2193	
3	3522	2193	3523	
3	785	3524	3526	
3	604	3525	3524	
3	668	3526	3525	
3	3524	3525	3526	
3	531	3313	3527	
3	382	2194	3313	
3	446	3527	2194	
3	3313	2194	3527	
3	1543	3056	3529	
3	444	3528	3056	
3	443	3529	3528	
3	3056	3528	3529	
3	440	3516	3530	
3	443	3528	3516	
3	444	3530	3528	
3	3516	3528	3530	
3	443	2132	3529	
3	225	3531	2132	
3	1543	3529	3531	
3	2132	3531	3529	
3	447	3512	3532	
3	445	3030	3512	
3	308	3532	3030	
3	3512	3030	3532	
3	441	3533	3535	
3	741	3534	3533	
3	449	3535	3534	
3	3533	3534	3535	
3	439	3031	3523	
3	445	3536	3031	
3	449	3523	3536	
3	3031	3536	3523	
3	446	3515	3527	
3	442	3537	3515	
3	531	3527	3537	
3	3515	3537	3527	
3	447	3532	3017	
3	308	3307	3532	
3	380	3017	3307	
3	3532	3307	3017	
3	447	3309	3539	
3	379	3538	3309	
3	1736	3539	3538	
3	3309	3538	3539	
3	666	3540	3542	
3	533	3541	3540	
3	534	3542	3541	
3	3540	3541	3542	
3	448	3543	3545	
3	534	3544	3543	
3	532	3545	3544	
3	3543	3544	3545	
3	441	3535	3511	
3	449	3536	3535	
3	445	3511	3536	
3	3535	3536	3511	
3	449	3546	3547	
3	448	3545	3546	
3	532	3547	3545	
3	3546	3545	3547	
3	535	3548	3549	
3	450	3315	3548	
3	111	3549	3315	
3	3548	3315	3549	
3	450	3550	3058	
3	384	3551	3550	
3	536	3058	3551	
3	3550	3551	3058	
3	178	3552	3086	
3	458	3553	3552	
3	452	3086	3553	
3	3552	3553	3086	
3	535	2473	3548	
3	384	3550	2473	
3	450	3548	3550	
3	2473	3550	3548	
3	457	3554	3335	
3	460	3555	3554	
3	389	3335	3555	
3	3554	3555	3335	
3	452	3553	3557	
3	458	3556	3553	
3	1843	3557	3556	
3	3553	3556	3557	
3	1544	3062	3558	
3	177	3010	3062	
3	224	3558	3010	
3	3062	3010	3558	
3	455	2814	3559	
3	453	3028	2814	
3	385	3559	3028	
3	2814	3028	3559	
3	1544	3560	3561	
3	1524	3317	3560	
3	454	3561	3317	
3	3560	3317	3561	
3	454	3316	3563	
3	1525	3562	3316	
3	1545	3563	3562	
3	3316	3562	3563	
3	460	3564	3566	
3	1548	3565	3564	
3	1843	3566	3565	
3	3564	3565	3566	
3	398	3118	3369	
3	482	3567	3118	
3	484	3369	3567	
3	3118	3567	3369	
3	457	3089	3569	
3	319	3568	3089	
3	318	3569	3568	
3	3089	3568	3569	
3	458	3319	3570	
3	456	3336	3319	
3	389	3570	3336	
3	3319	3336	3570	
3	462	3571	3085	
3	463	3572	3571	
3	538	3085	3572	
3	3571	3572	3085	
3	461	3573	3574	
3	460	3554	3573	
3	457	3574	3554	
3	3573	3554	3574	
3	458	3570	3556	
3	389	3575	3570	
3	1843	3556	3575	
3	3570	3575	3556	
3	458	3552	3082	
3	178	2624	3552	
3	317	3082	2624	
3	3552	2624	3082	
3	1721	3576	3578	
3	1913	3577	3576	
3	1886	3578	3577	
3	3576	3577	3578	
3	457	3569	3574	
3	318	3579	3569	
3	461	3574	3579	
3	3569	3579	3574	
3	484	3580	3370	
3	557	3581	3580	
3	624	3370	3581	
3	3580	3581	3370	
3	536	3582	3584	
3	537	3583	3582	
3	1842	3584	3583	
3	3582	3583	3584	
3	606	3585	3586	
3	538	3572	3585	
3	463	3586	3572	
3	3585	3572	3586	
3	460	3573	3587	
3	461	2627	3573	
3	459	3587	2627	
3	3573	2627	3587	
3	392	2538	3589	
3	470	3588	2538	
3	473	3589	3588	
3	2538	3588	3589	
3	330	3590	3592	
3	1967	3591	3590	
3	756	3592	3591	
3	3590	3591	3592	
3	606	3593	3594	
3	461	3579	3593	
3	318	3594	3579	
3	3593	3579	3594	
3	674	3595	3597	
3	746	3596	3595	
3	1626	3597	3596	
3	3595	3596	3597	
3	465	3341	3598	
3	464	2714	3341	
3	100	3598	2714	
3	3341	2714	3598	
3	229	3091	2514	
3	464	3340	3091	
3	391	2514	3340	
3	3091	3340	2514	
3	100	2315	3598	
3	240	3599	2315	
3	465	3598	3599	
3	2315	3599	3598	
3	182	3600	3601	
3	468	3344	3600	
3	240	3601	3344	
3	3600	3344	3601	
3	391	3339	2769	
3	465	3602	3339	
3	466	2769	3602	
3	3339	3602	2769	
3	466	3602	3343	
3	465	3599	3602	
3	240	3343	3599	
3	3602	3599	3343	
3	546	3349	3603	
3	467	3093	3349	
3	392	3603	3093	
3	3349	3093	3603	
3	234	3338	3348	
3	320	2263	3338	
3	467	3348	2263	
3	3338	2263	3348	
3	542	3604	3606	
3	471	3605	3604	
3	470	3606	3605	
3	3604	3605	3606	
3	392	3092	2539	
3	466	3342	3092	
3	468	2539	3342	
3	3092	3342	2539	
3	469	3607	3608	
3	470	3605	3607	
3	471	3608	3605	
3	3607	3605	3608	
3	1647	3609	3611	
3	871	3610	3609	
3	858	3611	3610	
3	3609	3610	3611	
3	542	3612	3613	
3	468	3600	3612	
3	182	3613	3600	
3	3612	3600	3613	
3	613	3614	3616	
3	544	3615	3614	
3	473	3616	3615	
3	3614	3615	3616	
3	97	3617	3619	
3	1550	3618	3617	
3	98	3619	3618	
3	3617	3618	3619	
3	992	3620	3622	
3	994	3621	3620	
3	1111	3622	3621	
3	3620	3621	3622	
3	612	3623	3625	
3	676	3624	3623	
3	748	3625	3624	
3	3623	3624	3625	
3	670	3626	3387	
3	609	3627	3626	
3	607	3387	3627	
3	3626	3627	3387	
3	613	3628	3629	
3	470	3607	3628	
3	469	3629	3607	
3	3628	3607	3629	
3	473	3630	2838	
3	472	3631	3630	
3	545	2838	3631	
3	3630	3631	2838	
3	474	3095	3353	
3	181	3632	3095	
3	1363	3353	3632	
3	3095	3632	3353	
3	476	3351	3634	
3	474	3633	3351	
3	394	3634	3633	
3	3351	3633	3634	
3	475	3354	3636	
3	1363	3635	3354	
3	1362	3636	3635	
3	3354	3635	3636	
3	1366	2580	3638	
3	1362	3637	2580	
3	1365	3638	3637	
3	2580	3637	3638	
3	1776	3639	3640	
3	478	3097	3639	
3	476	3640	3097	
3	3639	3097	3640	
3	393	2407	3352	
3	476	3096	2407	
3	322	3352	3096	
3	2407	3096	3352	
3	394	3641	3643	
3	1773	3642	3641	
3	1374	3643	3642	
3	3641	3642	3643	
3	1169	3644	3646	
3	1195	3645	3644	
3	1170	3646	3645	
3	3644	3645	3646	
3	1776	3640	3647	
3	476	3634	3640	
3	394	3647	3634	
3	3640	3634	3647	
3	1844	3648	3650	
3	480	3649	3648	
3	477	3650	3649	
3	3648	3649	3650	
3	1847	3651	3653	
3	1844	3652	3651	
3	1845	3653	3652	
3	3651	3652	3653	
3	1549	3654	2556	
3	1550	3617	3654	
3	97	2556	3617	
3	3654	3617	2556	
3	477	3649	3655	
3	480	2560	3649	
3	478	3655	2560	
3	3649	2560	3655	
3	480	3656	3658	
3	479	3657	3656	
3	1549	3658	3657	
3	3656	3657	3658	
3	482	3120	3659	
3	481	2801	3120	
3	244	3659	2801	
3	3120	2801	3659	
3	485	3129	3661	
3	481	3660	3129	
3	686	3661	3660	
3	3129	3660	3661	
3	245	2809	2679	
3	482	3659	2809	
3	244	2679	3659	
3	2809	3659	2679	
3	482	2808	3567	
3	184	3327	2808	
3	484	3567	3327	
3	2808	3327	3567	
3	552	3662	3326	
3	557	3580	3662	
3	484	3326	3580	
3	3662	3580	3326	
3	688	3663	3665	
3	631	3664	3663	
3	755	3665	3664	
3	3663	3664	3665	
3	246	2613	3666	
3	488	3376	2613	
3	490	3666	3376	
3	2613	3376	3666	
3	557	3662	3668	
3	552	3667	3662	
3	554	3668	3667	
3	3662	3667	3668	
3	686	3660	3669	
3	481	3119	3660	
3	398	3669	3119	
3	3660	3119	3669	
3	1966	3670	2483	
3	688	3671	3670	
3	687	2483	3671	
3	3670	3671	2483	
3	487	3123	3673	
3	486	3672	3123	
3	250	3673	3672	
3	3123	3672	3673	
3	328	3130	3674	
3	485	2828	3130	
3	486	3674	2828	
3	3130	2828	3674	
3	248	2649	2366	
3	487	3673	2649	
3	250	2366	3673	
3	2649	3673	2366	
3	52	3675	3676	
3	51	2352	3675	
3	548	3676	2352	
3	3675	2352	3676	
3	491	3677	2394	
3	488	2615	3677	
3	329	2394	2615	
3	3677	2615	2394	
3	490	3375	3679	
3	549	3678	3375	
3	489	3679	3678	
3	3375	3678	3679	
3	551	3680	3681	
3	489	3678	3680	
3	549	3681	3678	
3	3680	3678	3681	
3	741	3682	3684	
3	1633	3683	3682	
3	1632	3684	3683	
3	3682	3683	3684	
3	554	3667	3686	
3	552	3685	3667	
3	492	3686	3685	
3	3667	3685	3686	
3	492	3685	3368	
3	552	3328	3685	
3	184	3368	3328	
3	3685	3328	3368	
3	45	3124	3687	
3	491	2393	3124	
3	46	3687	2393	
3	3124	2393	3687	
3	488	3677	3304	
3	491	3126	3677	
3	399	3304	3126	
3	3677	3126	3304	
3	490	3688	3666	
3	555	3689	3688	
3	246	3666	3689	
3	3688	3689	3666	
3	1711	3690	3692	
3	1709	3691	3690	
3	1705	3692	3691	
3	3690	3691	3692	
3	494	3380	3693	
3	493	2247	3380	
3	245	3693	2247	
3	3380	2247	3693	
3	492	3367	3378	
3	493	3379	3367	
3	400	3378	3379	
3	3367	3379	3378	
3	245	2672	3693	
3	48	3694	2672	
3	494	3693	3694	
3	2672	3694	3693	
3	558	3695	2690	
3	48	3696	3695	
3	47	2690	3696	
3	3695	3696	2690	
3	497	3146	3697	
3	495	3148	3146	
3	1839	3697	3148	
3	3146	3148	3697	
3	404	3388	3145	
3	334	3391	3388	
3	495	3145	3391	
3	3388	3391	3145	
3	333	2740	3698	
3	1517	3143	2740	
3	1518	3698	3143	
3	2740	3143	3698	
3	473	3615	3630	
3	544	3699	3615	
3	472	3630	3699	
3	3615	3699	3630	
3	1652	3700	3702	
3	496	3701	3700	
3	1650	3702	3701	
3	3700	3701	3702	
3	402	3394	3703	
3	404	3147	3394	
3	497	3703	3147	
3	3394	3147	3703	
3	254	2846	3164	
3	406	3403	2846	
3	498	3164	3403	
3	2846	3403	3164	
3	499	3404	3705	
3	406	3704	3404	
3	336	3705	3704	
3	3404	3704	3705	
3	1553	3706	3405	
3	336	3707	3706	
3	500	3405	3707	
3	3706	3707	3405	
3	1553	3708	3710	
3	501	3709	3708	
3	499	3710	3709	
3	3708	3709	3710	
3	1454	3711	3713	
3	1443	3712	3711	
3	1447	3713	3712	
3	3711	3712	3713	
3	1488	3714	3715	
3	1436	2729	3714	
3	1486	3715	2729	
3	3714	2729	3715	
3	499	3709	3165	
3	501	2719	3709	
3	337	3165	2719	
3	3709	2719	3165	
3	78	2736	3717	
3	501	3716	2736	
3	408	3717	3716	
3	2736	3716	3717	
3	757	3718	3720	
3	945	3719	3718	
3	1012	3720	3719	
3	3718	3719	3720	
3	567	2937	3722	
3	564	3721	2937	
3	566	3722	3721	
3	2937	3721	3722	
3	561	3723	3724	
3	562	2202	3723	
3	503	3724	2202	
3	3723	2202	3724	
3	568	3725	3726	
3	503	2201	3725	
3	566	3726	2201	
3	3725	2201	3726	
3	1227	3727	3729	
3	259	3728	3727	
3	1177	3729	3728	
3	3727	3728	3729	
3	505	3730	3732	
3	504	3731	3730	
3	413	3732	3731	
3	3730	3731	3732	
3	504	3730	3180	
3	505	2028	3730	
3	341	3180	2028	
3	3730	2028	3180	
3	413	3733	3734	
3	189	3430	3733	
3	1555	3734	3430	
3	3733	3430	3734	
3	894	3735	3737	
3	1158	3736	3735	
3	830	3737	3736	
3	3735	3736	3737	
3	1306	3738	3740	
3	1308	3739	3738	
3	415	3740	3739	
3	3738	3739	3740	
3	129	3439	3438	
3	417	3741	3439	
3	507	3438	3741	
3	3439	3741	3438	
3	416	3203	2186	
3	507	3741	3203	
3	417	2186	3741	
3	3203	3741	2186	
3	1249	3742	3744	
3	168	3743	3742	
3	1248	3744	3743	
3	3742	3743	3744	
3	418	3745	3747	
3	509	3746	3745	
3	510	3747	3746	
3	3745	3746	3747	
3	510	3746	3748	
3	509	3209	3746	
3	351	3748	3209	
3	3746	3209	3748	
3	418	3749	3751	
3	1291	3750	3749	
3	512	3751	3750	
3	3749	3750	3751	
3	417	2549	2187	
3	510	3748	2549	
3	351	2187	3748	
3	2549	3748	2187	
3	510	3752	3754	
3	508	3753	3752	
3	1249	3754	3753	
3	3752	3753	3754	
3	743	3755	3757	
3	932	3756	3755	
3	1051	3757	3756	
3	3755	3756	3757	
3	657	3758	3760	
3	659	3759	3758	
3	434	3760	3759	
3	3758	3759	3760	
3	418	3751	3745	
3	512	3290	3751	
3	509	3745	3290	
3	3751	3290	3745	
3	512	3761	3445	
3	511	3762	3761	
3	513	3445	3762	
3	3761	3762	3445	
3	989	3763	3765	
3	990	3764	3763	
3	987	3765	3764	
3	3763	3764	3765	
3	513	3762	3767	
3	511	3766	3762	
3	641	3767	3766	
3	3762	3766	3767	
3	12	2115	2932	
3	208	3768	2115	
3	514	2932	3768	
3	2115	3768	2932	
3	514	3768	3217	
3	208	3769	3768	
3	1522	3217	3769	
3	3768	3769	3217	
3	573	3221	3770	
3	355	2935	3221	
3	207	3770	2935	
3	3221	2935	3770	
3	643	3227	3772	
3	515	3771	3227	
3	702	3772	3771	
3	3227	3771	3772	
3	1538	3234	3250	
3	286	2707	3234	
3	22	3250	2707	
3	3234	2707	3250	
3	517	3229	3232	
3	516	3773	3229	
3	425	3232	3773	
3	3229	3773	3232	
3	705	3455	3774	
3	422	3463	3455	
3	645	3774	3463	
3	3455	3463	3774	
3	708	3485	3776	
3	519	3775	3485	
3	712	3776	3775	
3	3485	3775	3776	
3	643	3244	3228	
3	767	3459	3244	
3	276	3228	3459	
3	3244	3459	3228	
3	709	3777	3779	
3	710	3778	3777	
3	896	3779	3778	
3	3777	3778	3779	
3	519	3780	3775	
3	218	3483	3780	
3	712	3775	3483	
3	3780	3483	3775	
3	771	3486	3782	
3	708	3781	3486	
3	710	3782	3781	
3	3486	3781	3782	
3	651	3783	3785	
3	652	3784	3783	
3	583	3785	3784	
3	3783	3784	3785	
3	653	2967	3787	
3	520	3786	2967	
3	706	3787	3786	
3	2967	3786	3787	
3	365	3788	3790	
3	426	3789	3788	
3	283	3790	3789	
3	3788	3789	3790	
3	1981	3791	3793	
3	899	3792	3791	
3	971	3793	3792	
3	3791	3792	3793	
3	587	3273	2457	
3	367	2961	3273	
3	173	2457	2961	
3	3273	2961	2457	
3	1601	3477	3795	
3	160	3794	3477	
3	1867	3795	3794	
3	3477	3794	3795	
3	523	3796	3478	
3	428	2951	3796	
3	589	3478	2951	
3	3796	2951	3478	
3	590	3274	3797	
3	369	3265	3274	
3	368	3797	3265	
3	3274	3265	3797	
3	524	3479	2169	
3	429	3798	3479	
3	593	2169	3798	
3	3479	3798	2169	
3	519	2345	3780	
3	525	3277	2345	
3	218	3780	3277	
3	2345	3277	3780	
3	525	2347	3279	
3	431	3799	2347	
3	1539	3279	3799	
3	2347	3799	3279	
3	657	3800	3802	
3	658	3801	3800	
3	526	3802	3801	
3	3800	3801	3802	
3	175	2399	2010	
3	594	3803	2399	
3	596	2010	3803	
3	2399	3803	2010	
3	528	2995	3003	
3	527	2988	2995	
3	297	3003	2988	
3	2995	2988	3003	
3	527	2997	3297	
3	435	3804	2997	
3	1540	3297	3804	
3	2997	3804	3297	
3	170	3805	2887	
3	1641	3806	3805	
3	345	2887	3806	
3	3805	3806	2887	
3	598	3807	3501	
3	433	3292	3807	
3	290	3501	3292	
3	3807	3292	3501	
3	528	3005	3809	
3	597	3808	3005	
3	780	3809	3808	
3	3005	3808	3809	
3	598	3810	3807	
3	600	3811	3810	
3	433	3807	3811	
3	3810	3811	3807	
3	309	3054	2812	
3	530	3517	3054	
3	305	2812	3517	
3	3054	3517	2812	
3	444	3332	3530	
3	530	3055	3332	
3	440	3530	3055	
3	3332	3055	3530	
3	531	3537	3813	
3	442	3812	3537	
3	665	3813	3812	
3	3537	3812	3813	
3	734	3068	2127	
3	225	2134	3068	
3	531	2127	2134	
3	3068	2134	2127	
3	449	3547	3522	
3	532	3513	3547	
3	446	3522	3513	
3	3547	3513	3522	
3	741	3814	3816	
3	740	3815	3814	
3	448	3816	3815	
3	3814	3815	3816	
3	752	3817	3819	
3	1700	3818	3817	
3	1699	3819	3818	
3	3817	3818	3819	
3	773	3820	3822	
3	720	3821	3820	
3	901	3822	3821	
3	3820	3821	3822	
3	534	3823	3542	
3	740	3824	3823	
3	666	3542	3824	
3	3823	3824	3542	
3	534	3541	3826	
3	533	3825	3541	
3	667	3826	3825	
3	3541	3825	3826	
3	111	2495	3549	
3	226	3827	2495	
3	535	3549	3827	
3	2495	3827	3549	
3	451	2471	1993	
3	535	3827	2471	
3	226	1993	3827	
3	2471	3827	1993	
3	537	3582	3828	
3	536	3551	3582	
3	384	3828	3551	
3	3582	3551	3828	
3	383	3059	3830	
3	536	3829	3059	
3	312	3830	3829	
3	3059	3829	3830	
3	1562	3831	3833	
3	1565	3832	3831	
3	1561	3833	3832	
3	3831	3832	3833	
3	1545	3834	3322	
3	312	3835	3834	
3	1842	3322	3835	
3	3834	3835	3322	
3	318	3568	3836	
3	319	3078	3568	
3	539	3836	3078	
3	3568	3078	3836	
3	538	3837	3839	
3	539	3838	3837	
3	540	3839	3838	
3	3837	3838	3839	
3	540	3838	3840	
3	539	3334	3838	
3	180	3840	3334	
3	3838	3334	3840	
3	318	3836	3841	
3	539	3837	3836	
3	538	3841	3837	
3	3836	3837	3841	
3	180	3842	3840	
3	673	3843	3842	
3	540	3840	3843	
3	3842	3843	3840	
3	850	3844	3846	
3	786	3845	3844	
3	937	3846	3845	
3	3844	3845	3846	
3	544	3847	3699	
3	744	3848	3847	
3	472	3699	3848	
3	3847	3848	3699	
3	628	3849	3851	
3	629	3850	3849	
3	686	3851	3850	
3	3849	3850	3851	
3	468	3612	2540	
3	542	3606	3612	
3	470	2540	3606	
3	3612	3606	2540	
3	678	3852	3853	
3	542	3613	3852	
3	182	3853	3613	
3	3852	3613	3853	
3	469	3608	3855	
3	471	3854	3608	
3	675	3855	3854	
3	3608	3854	3855	
3	542	3852	3604	
3	678	3856	3852	
3	471	3604	3856	
3	3852	3856	3604	
3	853	3857	3859	
3	939	3858	3857	
3	997	3859	3858	
3	3857	3858	3859	
3	541	3860	3862	
3	1584	3861	3860	
3	1626	3862	3861	
3	3860	3861	3862	
3	614	3863	3864	
3	545	3631	3863	
3	472	3864	3631	
3	3863	3631	3864	
3	615	3865	3866	
3	545	3863	3865	
3	614	3866	3863	
3	3865	3863	3866	
3	473	2840	3589	
3	546	3603	2840	
3	392	3589	3603	
3	2840	3603	3589	
3	234	3350	3867	
3	546	2839	3350	
3	545	3867	2839	
3	3350	2839	3867	
3	1168	3868	3870	
3	1250	3869	3868	
3	1171	3870	3869	
3	3868	3869	3870	
3	675	3871	3873	
3	1612	3872	3871	
3	612	3873	3872	
3	3871	3872	3873	
3	486	3122	3674	
3	548	2351	3122	
3	328	3674	2351	
3	3122	2351	3674	
3	52	3676	2648	
3	548	3121	3676	
3	487	2648	3121	
3	3676	3121	2648	
3	550	3874	3875	
3	549	3305	3874	
3	399	3875	3305	
3	3874	3305	3875	
3	549	3874	3681	
3	550	2908	3874	
3	551	3681	2908	
3	3874	2908	3681	
3	617	3876	3374	
3	399	3125	3876	
3	45	3374	3125	
3	3876	3125	3374	
3	751	3877	3878	
3	1598	2646	3877	
3	271	3878	2646	
3	3877	2646	3878	
3	489	3680	3880	
3	551	3879	3680	
3	623	3880	3879	
3	3680	3879	3880	
3	620	3881	3882	
3	551	2907	3881	
3	618	3882	2907	
3	3881	2907	3882	
3	555	3883	3884	
3	554	3686	3883	
3	492	3884	3686	
3	3883	3686	3884	
3	1565	3885	3832	
3	1572	3886	3885	
3	1561	3832	3886	
3	3885	3886	3832	
3	1703	3887	3889	
3	1705	3888	3887	
3	622	3889	3888	
3	3887	3888	3889	
3	1560	3890	3892	
3	537	3891	3890	
3	1559	3892	3891	
3	3890	3891	3892	
3	492	3377	3884	
3	246	3689	3377	
3	555	3884	3689	
3	3377	3689	3884	
3	1975	3893	3895	
3	557	3894	3893	
3	553	3895	3894	
3	3893	3894	3895	
3	1710	3896	3898	
3	489	3897	3896	
3	1709	3898	3897	
3	3896	3897	3898	
3	553	3899	3900	
3	554	3883	3899	
3	555	3900	3883	
3	3899	3883	3900	
3	753	3901	3903	
3	625	3902	3901	
3	627	3903	3902	
3	3901	3902	3903	
3	624	3904	3371	
3	628	3905	3904	
3	398	3371	3905	
3	3904	3905	3371	
3	553	3894	3899	
3	557	3668	3894	
3	554	3899	3668	
3	3894	3668	3899	
3	557	3906	3581	
3	556	3907	3906	
3	624	3581	3907	
3	3906	3907	3581	
3	400	2805	3127	
3	558	2689	2805	
3	329	3127	2689	
3	2805	2689	3127	
3	48	3695	3694	
3	558	2807	3695	
3	494	3694	2807	
3	3695	2807	3694	
3	632	3418	3413	
3	411	3409	3418	
3	339	3413	3409	
3	3418	3409	3413	
3	502	3908	3910	
3	1008	3909	3908	
3	694	3910	3909	
3	3908	3909	3910	
3	561	3911	3422	
3	560	2073	3911	
3	411	3422	2073	
3	3911	2073	3422	
3	640	3912	3913	
3	634	3410	3912	
3	560	3913	3410	
3	3912	3410	3913	
3	562	3723	3914	
3	561	3421	3723	
3	410	3914	3421	
3	3723	3421	3914	
3	560	3911	3915	
3	561	3724	3911	
3	503	3915	3724	
3	3911	3724	3915	
3	565	3916	3917	
3	562	3914	3916	
3	410	3917	3914	
3	3916	3914	3917	
3	154	3918	3920	
3	1618	3919	3918	
3	155	3920	3919	
3	3918	3919	3920	
3	580	3921	3923	
3	798	3922	3921	
3	943	3923	3922	
3	3921	3922	3923	
3	515	3222	3925	
3	573	3924	3222	
3	577	3925	3924	
3	3222	3924	3925	
3	636	3926	3927	
3	562	3916	3926	
3	565	3927	3916	
3	3926	3916	3927	
3	639	3928	3929	
3	699	2523	3928	
3	153	3929	2523	
3	3928	2523	3929	
3	689	2754	3931	
3	690	3930	2754	
3	635	3931	3930	
3	2754	3930	3931	
3	565	3932	3927	
3	696	3933	3932	
3	636	3927	3933	
3	3932	3933	3927	
3	567	3722	3934	
3	566	2203	3722	
3	562	3934	2203	
3	3722	2203	3934	
3	568	3726	3935	
3	566	3721	3726	
3	564	3935	3721	
3	3726	3721	3935	
3	567	3936	3937	
3	636	3933	3936	
3	696	3937	3933	
3	3936	3933	3937	
3	278	3938	3940	
3	1619	3939	3938	
3	700	3940	3939	
3	3938	3939	3940	
3	639	3941	3942	
3	568	3935	3941	
3	564	3942	3935	
3	3941	3935	3942	
3	568	3173	2066	
3	152	2063	3173	
3	340	2066	2063	
3	3173	2063	2066	
3	1189	3943	3944	
3	569	3192	3943	
3	265	3944	3192	
3	3943	3192	3944	
3	1323	3945	2898	
3	569	3946	3945	
3	506	2898	3946	
3	3945	3946	2898	
3	1556	3441	3947	
3	570	3206	3441	
3	169	3947	3206	
3	3441	3206	3947	
3	510	2551	3752	
3	570	3440	2551	
3	508	3752	3440	
3	2551	3440	3752	
3	571	2979	2923	
3	352	3948	2979	
3	275	2923	3948	
3	2979	3948	2923	
3	206	3446	3202	
3	513	3494	3446	
3	571	3202	3494	
3	3446	3494	3202	
3	600	3949	3811	
3	724	3950	3949	
3	433	3811	3950	
3	3949	3950	3811	
3	729	3951	3953	
3	529	3952	3951	
3	601	3953	3952	
3	3951	3952	3953	
3	575	3954	3450	
3	573	3770	3954	
3	207	3450	3770	
3	3954	3770	3450	
3	573	3954	3924	
3	575	3955	3954	
3	577	3924	3955	
3	3954	3955	3924	
3	1131	3956	3958	
3	1136	3957	3956	
3	1137	3958	3957	
3	3956	3957	3958	
3	421	3959	2861	
3	577	3960	3959	
3	579	2861	3960	
3	3959	3960	2861	
3	207	3220	3451	
3	354	3961	3220	
3	1599	3451	3961	
3	3220	3961	3451	
3	577	3955	3963	
3	575	3962	3955	
3	574	3963	3962	
3	3955	3962	3963	
3	1233	3964	3966	
3	1263	3965	3964	
3	1179	3966	3965	
3	3964	3965	3966	
3	575	3967	3969	
3	576	3968	3967	
3	1265	3969	3968	
3	3967	3968	3969	
3	1680	3970	3971	
3	579	3960	3970	
3	577	3971	3960	
3	3970	3960	3971	
3	515	3925	3972	
3	577	3959	3925	
3	421	3972	3959	
3	3925	3959	3972	
3	1023	3973	3975	
3	1130	3974	3973	
3	816	3975	3974	
3	3973	3974	3975	
3	563	3976	3977	
3	565	2755	3976	
3	689	3977	2755	
3	3976	2755	3977	
3	1680	3971	3978	
3	577	3963	3971	
3	574	3978	3963	
3	3971	3963	3978	
3	578	3979	3981	
3	642	3980	3979	
3	581	3981	3980	
3	3979	3980	3981	
3	581	3980	3983	
3	642	3982	3980	
3	580	3983	3982	
3	3980	3982	3983	
3	1006	3984	3986	
3	704	3985	3984	
3	768	3986	3985	
3	3984	3985	3986	
3	578	3981	3987	
3	581	2859	3981	
3	579	3987	2859	
3	3981	2859	3987	
3	644	3988	3989	
3	1006	3986	3988	
3	768	3989	3986	
3	3988	3986	3989	
3	581	3990	2860	
3	644	3991	3990	
3	421	2860	3991	
3	3990	3991	2860	
3	769	3992	3994	
3	1661	3993	3992	
3	765	3994	3993	
3	3992	3993	3994	
3	518	3995	3997	
3	520	3996	3995	
3	651	3997	3996	
3	3995	3996	3997	
3	652	3783	3998	
3	651	3996	3783	
3	520	3998	3996	
3	3783	3996	3998	
3	1969	3999	4001	
3	649	4000	3999	
3	1968	4001	4000	
3	3999	4000	4001	
3	1086	4002	4004	
3	1092	4003	4002	
3	1087	4004	4003	
3	4002	4003	4004	
3	159	4005	4006	
3	1867	3794	4005	
3	160	4006	3794	
3	4005	3794	4006	
3	522	4007	4008	
3	161	2042	4007	
3	585	4008	2042	
3	4007	2042	4008	
3	156	4009	4011	
3	1637	4010	4009	
3	157	4011	4010	
3	4009	4010	4011	
3	1868	4012	4014	
3	1771	4013	4012	
3	1602	4014	4013	
3	4012	4013	4014	
3	1603	4015	2459	
3	588	4016	4015	
3	587	2459	4016	
3	4015	4016	2459	
3	523	3272	4018	
3	587	4017	3272	
3	834	4018	4017	
3	3272	4017	4018	
3	835	4019	4020	
3	3	2695	4019	
3	365	4020	2695	
3	4019	2695	4020	
3	588	4021	4023	
3	833	4022	4021	
3	834	4023	4022	
3	4021	4022	4023	
3	772	4024	3475	
3	836	4025	4024	
3	654	3475	4025	
3	4024	4025	3475	
3	716	4026	4028	
3	714	4027	4026	
3	655	4028	4027	
3	4026	4027	4028	
3	1628	4029	4030	
3	592	2595	4029	
3	590	4030	2595	
3	4029	2595	4030	
3	1628	4031	4033	
3	368	4032	4031	
3	716	4033	4032	
3	4031	4032	4033	
3	368	3264	4035	
3	589	4034	3264	
3	714	4035	4034	
3	3264	4034	4035	
3	700	4036	4038	
3	802	4037	4036	
3	209	4038	4037	
3	4036	4037	4038	
3	1131	4039	4041	
3	1267	4040	4039	
3	1140	4041	4040	
3	4039	4040	4041	
3	1622	4042	4044	
3	1235	4043	4042	
3	1623	4044	4043	
3	4042	4043	4044	
3	593	3798	3269	
3	429	4045	3798	
3	656	3269	4045	
3	3798	4045	3269	
3	8	2213	4047	
3	593	4046	2213	
3	9	4047	4046	
3	2213	4046	4047	
3	595	3294	2343	
3	594	2398	3294	
3	375	2343	2398	
3	3294	2398	2343	
3	596	3803	4048	
3	594	3293	3803	
3	526	4048	3293	
3	3803	3293	4048	
3	595	2342	4050	
3	373	4049	2342	
3	721	4050	4049	
3	2342	4049	4050	
3	658	3800	4051	
3	657	3760	3800	
3	434	4051	3760	
3	3800	3760	4051	
3	526	3801	4053	
3	658	4052	3801	
3	778	4053	4052	
3	3801	4052	4053	
3	662	4054	4056	
3	661	4055	4054	
3	731	4056	4055	
3	4054	4055	4056	
3	781	3284	4058	
3	733	4057	3284	
3	295	4058	4057	
3	3284	4057	4058	
3	722	4059	4061	
3	724	4060	4059	
3	728	4061	4060	
3	4059	4060	4061	
3	599	3499	4062	
3	290	2991	3499	
3	376	4062	2991	
3	3499	2991	4062	
3	600	3810	4064	
3	598	4063	3810	
3	529	4064	4063	
3	3810	4063	4064	
3	599	4062	4065	
3	376	3007	4062	
3	1540	4065	3007	
3	4062	3007	4065	
3	529	4063	3491	
3	598	3500	4063	
3	599	3491	3500	
3	4063	3500	3491	
3	529	3490	3952	
3	435	3493	3490	
3	601	3952	3493	
3	3490	3493	3952	
3	373	4066	4049	
3	723	4067	4066	
3	721	4049	4067	
3	4066	4067	4049	
3	733	4068	4070	
3	782	4069	4068	
3	780	4070	4069	
3	4068	4069	4070	
3	597	3000	4071	
3	295	4057	3000	
3	733	4071	4057	
3	3000	4057	4071	
3	532	4072	3514	
3	605	4073	4072	
3	442	3514	4073	
3	4072	4073	3514	
3	126	4074	4076	
3	125	4075	4074	
3	1670	4076	4075	
3	4074	4075	4076	
3	1736	4077	4079	
3	846	4078	4077	
3	441	4079	4078	
3	4077	4078	4079	
3	551	3881	3879	
3	620	4080	3881	
3	623	3879	4080	
3	3881	4080	3879	
3	668	3525	4082	
3	604	4081	3525	
3	667	4082	4081	
3	3525	4081	4082	
3	849	4083	4085	
3	991	4084	4083	
3	785	4085	4084	
3	4083	4084	4085	
3	532	3544	4072	
3	534	4086	3544	
3	605	4072	4086	
3	3544	4086	4072	
3	667	4087	3826	
3	605	4086	4087	
3	534	3826	4086	
3	4087	4086	3826	
3	461	3593	2628	
3	606	3586	3593	
3	463	2628	3586	
3	3593	3586	2628	
3	318	3841	3594	
3	538	3585	3841	
3	606	3594	3585	
3	3841	3585	3594	
3	538	3839	3083	
3	540	3385	3839	
3	607	3083	3385	
3	3839	3385	3083	
3	671	4088	4090	
3	745	4089	4088	
3	677	4090	4089	
3	4088	4089	4090	
3	850	4091	4093	
3	744	4092	4091	
3	669	4093	4092	
3	4091	4092	4093	
3	462	3084	4094	
3	607	3627	3084	
3	609	4094	3627	
3	3084	3627	4094	
3	747	4095	4097	
3	672	4096	4095	
3	746	4097	4096	
3	4095	4096	4097	
3	462	4094	4099	
3	609	4098	4094	
3	746	4099	4098	
3	4094	4098	4099	
3	1502	4100	2731	
3	1901	4101	4100	
3	1798	2731	4101	
3	4100	4101	2731	
3	615	3866	4103	
3	614	4102	3866	
3	236	4103	4102	
3	3866	4102	4103	
3	462	4104	3571	
3	674	4105	4104	
3	463	3571	4105	
3	4104	4105	3571	
3	1574	4106	4108	
3	1578	4107	4106	
3	1579	4108	4107	
3	4106	4107	4108	
3	678	4109	3856	
3	1612	4110	4109	
3	471	3856	4110	
3	4109	4110	3856	
3	543	4111	4113	
3	996	4112	4111	
3	612	4113	4112	
3	4111	4112	4113	
3	470	3628	3588	
3	613	3616	3628	
3	473	3588	3616	
3	3628	3616	3588	
3	748	4114	4115	
3	613	3629	4114	
3	469	4115	3629	
3	4114	3629	4115	
3	937	4116	4117	
3	472	3848	4116	
3	744	4117	3848	
3	4116	3848	4117	
3	610	4118	4120	
3	236	4119	4118	
3	677	4120	4119	
3	4118	4119	4120	
3	236	2005	4122	
3	1800	4121	2005	
3	1802	4122	4121	
3	2005	4121	4122	
3	234	3867	1995	
3	545	3865	3867	
3	615	1995	3865	
3	3867	3865	1995	
3	1606	4123	2542	
3	182	3601	4123	
3	240	2542	3601	
3	4123	3601	2542	
3	1612	4124	4126	
3	616	4125	4124	
3	1613	4126	4125	
3	4124	4125	4126	
3	271	2645	2692	
3	617	3373	2645	
3	44	2692	3373	
3	2645	3373	2692	
3	399	3876	3875	
3	617	4127	3876	
3	550	3875	4127	
3	3876	4127	3875	
3	1598	4128	4129	
3	618	2906	4128	
3	550	4129	2906	
3	4128	2906	4129	
3	200	2912	4131	
3	621	4130	2912	
3	620	4131	4130	
3	2912	4130	4131	
3	620	4130	4133	
3	621	4132	4130	
3	619	4133	4132	
3	4130	4132	4133	
3	926	4134	4136	
3	928	4135	4134	
3	742	4136	4135	
3	4134	4135	4136	
3	200	4131	4137	
3	620	3882	4131	
3	618	4137	3882	
3	4131	3882	4137	
3	623	4080	4139	
3	620	4138	4080	
3	1701	4139	4138	
3	4080	4138	4139	
3	750	2913	2507	
3	200	4140	2913	
3	751	2507	4140	
3	2913	4140	2507	
3	167	4141	4143	
3	902	4142	4141	
3	976	4143	4142	
3	4141	4142	4143	
3	926	4136	4145	
3	742	4144	4136	
3	784	4145	4144	
3	4136	4144	4145	
3	1664	4146	4148	
3	931	4147	4146	
3	1878	4148	4147	
3	4146	4147	4148	
3	1701	4138	4149	
3	620	4133	4138	
3	619	4149	4133	
3	4138	4133	4149	
3	623	4150	4152	
3	622	4151	4150	
3	1709	4152	4151	
3	4150	4151	4152	
3	1885	4153	4155	
3	753	4154	4153	
3	793	4155	4154	
3	4153	4154	4155	
3	628	4156	4158	
3	627	4157	4156	
3	681	4158	4157	
3	4156	4157	4158	
3	684	4159	4161	
3	685	4160	4159	
3	630	4161	4160	
3	4159	4160	4161	
3	624	3907	4163	
3	556	4162	3907	
3	627	4163	4162	
3	3907	4162	4163	
3	688	4164	4165	
3	250	3672	4164	
3	486	4165	3672	
3	4164	3672	4165	
3	629	4166	4168	
3	631	4167	4166	
3	483	4168	4167	
3	4166	4167	4168	
3	793	4154	4169	
3	753	3903	4154	
3	627	4169	3903	
3	4154	3903	4169	
3	681	4157	4170	
3	627	3902	4157	
3	625	4170	3902	
3	4157	3902	4170	
3	627	4156	4163	
3	628	3904	4156	
3	624	4163	3904	
3	4156	3904	4163	
3	629	3849	4172	
3	628	4171	3849	
3	626	4172	4171	
3	3849	4171	4172	
3	683	4173	4175	
3	684	4174	4173	
3	754	4175	4174	
3	4173	4174	4175	
3	483	2826	4176	
3	485	3661	2826	
3	686	4176	3661	
3	2826	3661	4176	
3	683	4177	4179	
3	626	4178	4177	
3	681	4179	4178	
3	4177	4178	4179	
3	754	4174	4181	
3	684	4180	4174	
3	631	4181	4180	
3	4174	4180	4181	
3	754	4182	4183	
3	629	4172	4182	
3	626	4183	4172	
3	4182	4172	4183	
3	631	4184	3664	
3	630	4185	4184	
3	755	3664	4185	
3	4184	4185	3664	
3	632	3412	4187	
3	1617	4186	3412	
3	633	4187	4186	
3	3412	4186	4187	
3	632	4187	3170	
3	633	4188	4187	
3	1175	3170	4188	
3	4187	4188	3170	
3	1205	2863	4190	
3	1206	4189	2863	
3	1227	4190	4189	
3	2863	4189	4190	
3	1123	4191	4193	
3	1011	4192	4191	
3	944	4193	4192	
3	4191	4192	4193	
3	409	3411	3175	
3	634	3176	3411	
3	257	3175	3176	
3	3411	3176	3175	
3	640	3913	4194	
3	560	3915	3913	
3	503	4194	3915	
3	3913	3915	4194	
3	800	4195	4197	
3	1013	4196	4195	
3	948	4197	4196	
3	4195	4196	4197	
3	563	3977	4199	
3	689	4198	3977	
3	691	4199	4198	
3	3977	4198	4199	
3	696	3932	4200	
3	565	3976	3932	
3	563	4200	3976	
3	3932	3976	4200	
3	567	3934	3936	
3	562	3926	3934	
3	636	3936	3926	
3	3934	3926	3936	
3	691	4201	4203	
3	885	4202	4201	
3	886	4203	4202	
3	4201	4202	4203	
3	698	4204	4206	
3	638	4205	4204	
3	697	4206	4205	
3	4204	4205	4206	
3	567	4207	4209	
3	637	4208	4207	
3	698	4209	4208	
3	4207	4208	4209	
3	1618	4210	3919	
3	1619	4211	4210	
3	155	3919	4211	
3	4210	4211	3919	
3	639	3942	3928	
3	564	4212	3942	
3	699	3928	4212	
3	3942	4212	3928	
3	153	3174	3929	
3	568	3941	3174	
3	639	3929	3941	
3	3174	3941	3929	
3	634	3912	3177	
3	640	2067	3912	
3	340	3177	2067	
3	3912	2067	3177	
3	503	3725	4194	
3	568	2065	3725	
3	640	4194	2065	
3	3725	2065	4194	
3	1247	4213	4215	
3	511	4214	4213	
3	1291	4215	4214	
3	4213	4214	4215	
3	829	4216	4218	
3	891	4217	4216	
3	572	4218	4217	
3	4216	4217	4218	
3	693	4219	4221	
3	878	4220	4219	
3	695	4221	4220	
3	4219	4220	4221	
3	694	4222	4224	
3	635	4223	4222	
3	692	4224	4223	
3	4222	4223	4224	
3	702	3771	4225	
3	515	3972	3771	
3	421	4225	3972	
3	3771	3972	4225	
3	643	4226	3245	
3	582	4227	4226	
3	703	3245	4227	
3	4226	4227	3245	
3	580	4228	3983	
3	644	3990	4228	
3	581	3983	3990	
3	4228	3990	3983	
3	643	4229	4226	
3	644	4230	4229	
3	582	4226	4230	
3	4229	4230	4226	
3	646	3465	3453	
3	645	3462	3465	
3	358	3453	3462	
3	3465	3462	3453	
3	583	3784	4232	
3	652	4231	3784	
3	705	4232	4231	
3	3784	4231	4232	
3	703	4233	4235	
3	765	4234	4233	
3	357	4235	4234	
3	4233	4234	4235	
3	651	4236	3997	
3	649	4237	4236	
3	518	3997	4237	
3	4236	4237	3997	
3	359	3240	2412	
3	647	3454	3240	
3	358	2412	3454	
3	3240	3454	2412	
3	648	2242	4238	
3	647	3239	2242	
3	357	4238	3239	
3	2242	3239	4238	
3	582	4230	4239	
3	644	3989	4230	
3	768	4239	3989	
3	4230	3989	4239	
3	1968	4000	4241	
3	649	4240	4000	
3	646	4241	4240	
3	4000	4240	4241	
3	583	3466	4242	
3	646	4240	3466	
3	649	4242	4240	
3	3466	4240	4242	
3	1968	4241	4243	
3	646	2243	4241	
3	648	4243	2243	
3	4241	2243	4243	
3	831	4244	4246	
3	707	4245	4244	
3	650	4246	4245	
3	4244	4245	4246	
3	653	3787	4248	
3	706	4247	3787	
3	584	4248	4247	
3	3787	4247	4248	
3	652	3998	4249	
3	520	3233	3998	
3	425	4249	3233	
3	3998	3233	4249	
3	649	4236	4242	
3	651	3785	4236	
3	583	4242	3785	
3	4236	3785	4242	
3	1538	4250	4251	
3	652	4249	4250	
3	425	4251	4249	
3	4250	4249	4251	
3	705	4231	4253	
3	652	4252	4231	
3	363	4253	4252	
3	4231	4252	4253	
3	706	3786	4254	
3	520	3995	3786	
3	518	4254	3995	
3	3786	3995	4254	
3	653	4248	4256	
3	584	4255	4248	
3	708	4256	4255	
3	4248	4255	4256	
3	1078	4257	4259	
3	717	4258	4257	
3	718	4259	4258	
3	4257	4258	4259	
3	1629	4260	4262	
3	591	4261	4260	
3	716	4262	4261	
3	4260	4261	4262	
3	589	4263	4034	
3	715	4264	4263	
3	714	4034	4264	
3	4263	4264	4034	
3	655	4265	2252	
3	715	4266	4265	
3	718	2252	4266	
3	4265	4266	2252	
3	1621	4267	4268	
3	429	2596	4267	
3	592	4268	2596	
3	4267	2596	4268	
3	171	4269	4271	
3	1757	4270	4269	
3	1234	4271	4270	
3	4269	4270	4271	
3	526	3295	3802	
3	595	4272	3295	
3	657	3802	4272	
3	3295	4272	3802	
3	659	3758	4273	
3	657	4272	3758	
3	595	4273	4272	
3	3758	4272	4273	
3	773	4274	4275	
3	658	4051	4274	
3	434	4275	4051	
3	4274	4051	4275	
3	837	4276	4278	
3	167	4277	4276	
3	1642	4278	4277	
3	4276	4277	4278	
3	721	4279	4050	
3	659	4273	4279	
3	595	4050	4273	
3	4279	4273	4050	
3	434	3759	4281	
3	659	4280	3759	
3	839	4281	4280	
3	3759	4280	4281	
3	661	4282	2335	
3	660	2011	4282	
3	596	2335	2011	
3	4282	2011	2335	
3	662	4283	2333	
3	36	4284	4283	
3	35	2333	4284	
3	4283	4284	2333	
3	596	4285	2336	
3	778	4286	4285	
3	775	2336	4286	
3	4285	4286	2336	
3	731	4055	4288	
3	661	4287	4055	
3	37	4288	4287	
3	4055	4287	4288	
3	219	2325	2973	
3	660	4289	2325	
3	662	2973	4289	
3	2325	4289	2973	
3	661	4054	4282	
3	662	4289	4054	
3	660	4282	4289	
3	4054	4289	4282	
3	913	4290	4292	
3	916	4291	4290	
3	845	4292	4291	
3	4290	4291	4292	
3	912	4293	4295	
3	911	4294	4293	
3	1024	4295	4294	
3	4293	4294	4295	
3	738	4296	4298	
3	1631	4297	4296	
3	1630	4298	4297	
3	4296	4297	4298	
3	313	4299	3329	
3	1543	4300	4299	
3	736	3329	4300	
3	4299	4300	3329	
3	442	4073	4301	
3	605	3519	4073	
3	936	4301	3519	
3	4073	3519	4301	
3	602	4302	4304	
3	986	4303	4302	
3	735	4304	4303	
3	4302	4303	4304	
3	740	3823	3815	
3	534	3543	3823	
3	448	3815	3543	
3	3823	3543	3815	
3	847	4305	4306	
3	926	4145	4305	
3	784	4306	4145	
3	4305	4145	4306	
3	668	4082	4307	
3	667	3825	4082	
3	533	4307	3825	
3	4082	3825	4307	
3	605	4087	3520	
3	667	4081	4087	
3	604	3520	4081	
3	4087	4081	3520	
3	784	4308	4306	
3	533	4309	4308	
3	847	4306	4309	
3	4308	4309	4306	
3	990	4310	4312	
3	1104	4311	4310	
3	1192	4312	4311	
3	4310	4311	4312	
3	613	4114	3614	
3	748	4313	4114	
3	544	3614	4313	
3	4114	4313	3614	
3	330	3592	3137	
3	756	4314	3592	
3	855	3137	4314	
3	3592	4314	3137	
3	540	3843	4316	
3	673	4315	3843	
3	745	4316	4315	
3	3843	4315	4316	
3	608	4317	4318	
3	609	3626	4317	
3	670	4318	3626	
3	4317	3626	4318	
3	608	4318	4320	
3	670	4319	4318	
3	671	4320	4319	
3	4318	4319	4320	
3	745	4088	4321	
3	671	4319	4088	
3	670	4321	4319	
3	4088	4319	4321	
3	787	4322	4323	
3	609	4317	4322	
3	608	4323	4317	
3	4322	4317	4323	
3	252	4324	4326	
3	868	4325	4324	
3	871	4326	4325	
3	4324	4325	4326	
3	673	3842	4328	
3	180	4327	3842	
3	1901	4328	4327	
3	3842	4327	4328	
3	745	4315	4330	
3	673	4329	4315	
3	610	4330	4329	
3	4315	4329	4330	
3	674	4104	3595	
3	462	4099	4104	
3	746	3595	4099	
3	4104	4099	3595	
3	611	3131	4331	
3	463	4105	3131	
3	674	4331	4105	
3	3131	4105	4331	
3	1612	3871	4110	
3	675	3854	3871	
3	471	4110	3854	
3	3871	3854	4110	
3	748	4332	3625	
3	675	3873	4332	
3	612	3625	3873	
3	4332	3873	3625	
3	789	4333	4335	
3	853	4334	4333	
3	992	4335	4334	
3	4333	4334	4335	
3	749	4336	4337	
3	744	3847	4336	
3	544	4337	3847	
3	4336	3847	4337	
3	236	4102	4119	
3	614	4338	4102	
3	677	4119	4338	
3	4102	4338	4119	
3	671	4090	4339	
3	677	4338	4090	
3	614	4339	4338	
3	4090	4338	4339	
3	1606	2559	4123	
3	678	3853	2559	
3	182	4123	3853	
3	2559	3853	4123	
3	1612	4109	4124	
3	678	2558	4109	
3	616	4124	2558	
3	4109	2558	4124	
3	791	2903	4341	
3	273	4340	2903	
3	792	4341	4340	
3	2903	4340	4341	
3	854	4342	4344	
3	1001	4343	4342	
3	201	4344	4343	
3	4342	4343	4344	
3	1703	4345	4347	
3	1665	4346	4345	
3	1706	4347	4346	
3	4345	4346	4347	
3	1546	4348	4350	
3	1842	4349	4348	
3	1560	4350	4349	
3	4348	4349	4350	
3	1596	4351	4353	
3	683	4352	4351	
3	625	4353	4352	
3	4351	4352	4353	
3	628	4158	4171	
3	681	4178	4158	
3	626	4171	4178	
3	4158	4178	4171	
3	625	3901	4355	
3	753	4354	3901	
3	1860	4355	4354	
3	3901	4354	4355	
3	1116	4356	4358	
3	867	4357	4356	
3	1646	4358	4357	
3	4356	4357	4358	
3	625	4352	4170	
3	683	4179	4352	
3	681	4170	4179	
3	4352	4179	4170	
3	683	4359	4173	
3	682	4360	4359	
3	684	4173	4360	
3	4359	4360	4173	
3	685	4159	4361	
3	684	4360	4159	
3	682	4361	4360	
3	4159	4360	4361	
3	631	4180	4184	
3	684	4161	4180	
3	630	4184	4161	
3	4180	4161	4184	
3	1586	4362	4364	
3	1577	4363	4362	
3	1574	4364	4363	
3	4362	4363	4364	
3	797	4365	4367	
3	862	4366	4365	
3	876	4367	4366	
3	4365	4366	4367	
3	628	3851	3905	
3	686	3669	3851	
3	398	3905	3669	
3	3851	3669	3905	
3	483	4176	4168	
3	686	3850	4176	
3	629	4168	3850	
3	4176	3850	4168	
3	687	4368	4370	
3	755	4369	4368	
3	756	4370	4369	
3	4368	4369	4370	
3	756	3591	4370	
3	1967	2484	3591	
3	687	4370	2484	
3	3591	2484	4370	
3	486	2827	4165	
3	483	4371	2827	
3	688	4165	4371	
3	2827	4371	4165	
3	631	3663	4167	
3	688	4371	3663	
3	483	4167	4371	
3	3663	4371	4167	
3	690	2756	4372	
3	565	3917	2756	
3	410	4372	3917	
3	2756	3917	4372	
3	689	3931	4374	
3	635	4373	3931	
3	758	4374	4373	
3	3931	4373	4374	
3	410	3452	4372	
3	559	4375	3452	
3	690	4372	4375	
3	3452	4375	4372	
3	692	4376	4378	
3	559	4377	4376	
3	502	4378	4377	
3	4376	4377	4378	
3	695	4379	4381	
3	758	4380	4379	
3	694	4381	4380	
3	4379	4380	4381	
3	1020	4382	4384	
3	1126	4383	4382	
3	1128	4384	4383	
3	4382	4383	4384	
3	635	3930	4223	
3	690	4385	3930	
3	692	4223	4385	
3	3930	4385	4223	
3	559	4376	4375	
3	692	4385	4376	
3	690	4375	4385	
3	4376	4385	4375	
3	879	4386	4388	
3	693	4387	4386	
3	1007	4388	4387	
3	4386	4387	4388	
3	885	4389	4390	
3	758	4379	4389	
3	695	4390	4379	
3	4389	4379	4390	
3	502	3910	4378	
3	694	4224	3910	
3	692	4378	4224	
3	3910	4224	4378	
3	694	4391	4381	
3	693	4221	4391	
3	695	4381	4221	
3	4391	4221	4381	
3	880	4392	4394	
3	881	4393	4392	
3	1065	4394	4393	
3	4392	4393	4394	
3	800	4395	4396	
3	642	3979	4395	
3	578	4396	3979	
3	4395	3979	4396	
3	1635	4397	4398	
3	696	4200	4397	
3	563	4398	4200	
3	4397	4200	4398	
3	696	4399	3937	
3	637	4207	4399	
3	567	3937	4207	
3	4399	4207	3937	
3	698	4206	4209	
3	697	2938	4206	
3	567	4209	2938	
3	4206	2938	4209	
3	638	4400	4402	
3	1618	4401	4400	
3	699	4402	4401	
3	4400	4401	4402	
3	700	4403	4036	
3	828	4404	4403	
3	802	4036	4404	
3	4403	4404	4036	
3	698	4208	4406	
3	637	4405	4208	
3	828	4406	4405	
3	4208	4405	4406	
3	564	2936	4212	
3	697	4407	2936	
3	699	4212	4407	
3	2936	4407	4212	
3	638	4402	4205	
3	699	4407	4402	
3	697	4205	4407	
3	4402	4407	4205	
3	278	3940	2047	
3	700	4038	3940	
3	209	2047	4038	
3	3940	4038	2047	
3	638	4204	4409	
3	698	4408	4204	
3	700	4409	4408	
3	4204	4408	4409	
3	908	4410	4412	
3	726	4411	4410	
3	729	4412	4411	
3	4410	4411	4412	
3	761	4413	2981	
3	762	3189	4413	
3	352	2981	3189	
3	4413	3189	2981	
3	421	3991	4225	
3	644	4414	3991	
3	702	4225	4414	
3	3991	4414	4225	
3	644	4229	4414	
3	643	3772	4229	
3	702	4414	3772	
3	4229	3772	4414	
3	765	4233	4415	
3	703	4227	4233	
3	582	4415	4227	
3	4233	4227	4415	
3	766	4416	4417	
3	703	4235	4416	
3	357	4417	4235	
3	4416	4235	4417	
3	642	4418	3982	
3	798	3921	4418	
3	580	3982	3921	
3	4418	3921	3982	
3	769	3994	4419	
3	765	4415	3994	
3	582	4419	4415	
3	3994	4415	4419	
3	705	4253	3456	
3	363	3461	4253	
3	424	3456	3461	
3	4253	3461	3456	
3	583	4232	3464	
3	705	3774	4232	
3	645	3464	3774	
3	4232	3774	3464	
3	707	4420	4422	
3	518	4421	4420	
3	1969	4422	4421	
3	4420	4421	4422	
3	707	4423	4420	
3	706	4254	4423	
3	518	4420	4254	
3	4423	4254	4420	
3	650	4424	4246	
3	962	4425	4424	
3	831	4246	4425	
3	4424	4425	4246	
3	968	4426	4428	
3	898	4427	4426	
3	707	4428	4427	
3	4426	4427	4428	
3	584	4429	4255	
3	710	3781	4429	
3	708	4255	3781	
3	4429	3781	4255	
3	519	4430	4432	
3	711	4431	4430	
3	1627	4432	4431	
3	4430	4431	4432	
3	770	4433	4435	
3	969	4434	4433	
3	831	4435	4434	
3	4433	4434	4435	
3	1189	3944	2972	
3	265	4436	3944	
3	1161	2972	4436	
3	3944	4436	2972	
3	831	4437	4244	
3	968	4428	4437	
3	707	4244	4428	
3	4437	4428	4244	
3	710	4438	3782	
3	1143	4439	4438	
3	771	3782	4439	
3	4438	4439	3782	
3	1141	3432	4441	
3	894	4440	3432	
3	1026	4441	4440	
3	3432	4440	4441	
3	924	4442	4444	
3	919	4443	4442	
3	287	4444	4443	
3	4442	4443	4444	
3	517	2968	3484	
3	653	4445	2968	
3	712	3484	4445	
3	2968	4445	3484	
3	708	3776	4256	
3	712	4445	3776	
3	653	4256	4445	
3	3776	4445	4256	
3	772	3474	3256	
3	713	2952	3474	
3	428	3256	2952	
3	3474	2952	3256	
3	714	4264	4027	
3	715	4265	4264	
3	655	4027	4265	
3	4264	4265	4027	
3	715	4263	4446	
3	589	2950	4263	
3	713	4446	2950	
3	4263	2950	4446	
3	655	4447	4028	
3	1629	4262	4447	
3	716	4028	4262	
3	4447	4262	4028	
3	713	3473	4446	
3	654	4448	3473	
3	715	4446	4448	
3	3473	4448	4446	
3	654	4449	4450	
3	1078	4259	4449	
3	718	4450	4259	
3	4449	4259	4450	
3	1628	4451	4029	
3	591	4452	4451	
3	592	4029	4452	
3	4451	4452	4029	
3	368	4035	4032	
3	714	4026	4035	
3	716	4032	4026	
3	4035	4026	4032	
3	1079	4453	4455	
3	836	4454	4453	
3	971	4455	4454	
3	4453	4454	4455	
3	810	4456	4458	
3	817	4457	4456	
3	825	4458	4457	
3	4456	4457	4458	
3	654	4450	4448	
3	718	4266	4450	
3	715	4448	4266	
3	4450	4266	4448	
3	719	2253	4459	
3	718	4258	2253	
3	717	4459	4258	
3	2253	4258	4459	
3	1180	4460	4462	
3	1300	4461	4460	
3	1238	4462	4461	
3	4460	4461	4462	
3	209	4037	2052	
3	802	4463	4037	
3	803	2052	4463	
3	4037	4463	2052	
3	839	4464	4466	
3	906	4465	4464	
3	1662	4466	4465	
3	4464	4465	4466	
3	668	4307	4467	
3	533	4308	4307	
3	784	4467	4308	
3	4307	4308	4467	
3	373	4468	4066	
3	724	4469	4468	
3	723	4066	4469	
3	4468	4469	4066	
3	723	4470	4067	
3	727	4471	4470	
3	721	4067	4471	
3	4470	4471	4067	
3	728	4472	4474	
3	600	4473	4472	
3	729	4474	4473	
3	4472	4473	4474	
3	659	4279	4475	
3	721	4471	4279	
3	727	4475	4471	
3	4279	4471	4475	
3	373	3289	4468	
3	433	3950	3289	
3	724	4468	3950	
3	3289	3950	4468	
3	722	4476	4478	
3	725	4477	4476	
3	727	4478	4477	
3	4476	4477	4478	
3	728	4060	4472	
3	724	3949	4060	
3	600	4472	3949	
3	4060	3949	4472	
3	722	4479	4059	
3	723	4469	4479	
3	724	4059	4469	
3	4479	4469	4059	
3	1881	4480	4482	
3	1914	4481	4480	
3	1915	4482	4481	
3	4480	4481	4482	
3	838	4483	4484	
3	720	3820	4483	
3	773	4484	3820	
3	4483	3820	4484	
3	779	4485	4486	
3	729	3953	4485	
3	601	4486	3953	
3	4485	3953	4486	
3	763	4487	4489	
3	764	4488	4487	
3	887	4489	4488	
3	4487	4488	4489	
3	722	4478	4479	
3	727	4470	4478	
3	723	4479	4470	
3	4478	4470	4479	
3	727	4477	4491	
3	725	4490	4477	
3	906	4491	4490	
3	4477	4490	4491	
3	600	4064	4473	
3	529	3951	4064	
3	729	4473	3951	
3	4064	3951	4473	
3	728	4492	4494	
3	726	4493	4492	
3	1687	4494	4493	
3	4492	4493	4494	
3	779	4486	4496	
3	601	4495	4486	
3	842	4496	4495	
3	4486	4495	4496	
3	726	4492	4411	
3	728	4474	4492	
3	729	4411	4474	
3	4492	4474	4411	
3	658	4274	4497	
3	773	3822	4274	
3	901	4497	3822	
3	4274	3822	4497	
3	661	2700	4287	
3	776	4498	2700	
3	37	4287	4498	
3	2700	4498	4287	
3	37	4499	4288	
3	36	4500	4499	
3	731	4288	4500	
3	4499	4500	4288	
3	662	4056	4283	
3	731	4500	4056	
3	36	4283	4500	
3	4056	4500	4283	
3	1035	4501	4503	
3	709	4502	4501	
3	1033	4503	4502	
3	4501	4502	4503	
3	779	4504	4485	
3	908	4412	4504	
3	729	4485	4412	
3	4504	4412	4485	
3	781	4058	3508	
3	295	2573	4058	
3	437	3508	2573	
3	4058	2573	3508	
3	782	4068	4506	
3	733	4505	4068	
3	663	4506	4505	
3	4068	4505	4506	
3	735	2128	4507	
3	531	3813	2128	
3	665	4507	3813	
3	2128	3813	4507	
3	734	4508	3066	
3	664	4509	4508	
3	736	3066	4509	
3	4508	4509	3066	
3	602	4304	4510	
3	735	4507	4304	
3	665	4510	4507	
3	4304	4507	4510	
3	664	4508	4511	
3	734	2126	4508	
3	735	4511	2126	
3	4508	2126	4511	
3	664	4512	4509	
3	737	4513	4512	
3	736	4509	4513	
3	4512	4513	4509	
3	739	4514	2794	
3	122	2191	4514	
3	386	2794	2191	
3	4514	2191	2794	
3	737	4512	4515	
3	664	2612	4512	
3	738	4515	2612	
3	4512	2612	4515	
3	739	4516	4514	
3	123	4517	4516	
3	122	4514	4517	
3	4516	4517	4514	
3	986	2610	4303	
3	664	4511	2610	
3	735	4303	4511	
3	2610	4511	4303	
3	984	4518	3444	
3	985	4519	4518	
3	602	3444	4519	
3	4518	4519	3444	
3	736	4513	3330	
3	737	4520	4513	
3	739	3330	4520	
3	4513	4520	3330	
3	123	4516	2129	
3	739	4520	4516	
3	737	2129	4520	
3	4516	4520	2129	
3	448	3546	3816	
3	449	3534	3546	
3	741	3816	3534	
3	3546	3534	3816	
3	740	3814	4521	
3	741	3684	3814	
3	1632	4521	3684	
3	3814	3684	4521	
3	846	4522	4078	
3	741	3533	4522	
3	441	4078	3533	
3	4522	3533	4078	
3	666	4523	4525	
3	1632	4524	4523	
3	603	4525	4524	
3	4523	4524	4525	
3	752	4526	4527	
3	621	2911	4526	
3	750	4527	2911	
3	4526	2911	4527	
3	743	4528	3755	
3	785	4529	4528	
3	932	3755	4529	
3	4528	4529	3755	
3	784	4530	4532	
3	933	4531	4530	
3	1050	4532	4531	
3	4530	4531	4532	
3	1289	4533	4535	
3	1285	4534	4533	
3	1288	4535	4534	
3	4533	4534	4535	
3	544	4313	4337	
3	748	4536	4313	
3	749	4337	4536	
3	4313	4536	4337	
3	787	4323	4538	
3	608	4537	4323	
3	852	4538	4537	
3	4323	4537	4538	
3	540	4316	3386	
3	745	4321	4316	
3	670	3386	4321	
3	4316	4321	3386	
3	677	4089	4120	
3	745	4330	4089	
3	610	4120	4330	
3	4089	4330	4120	
3	746	4098	4539	
3	609	4322	4098	
3	787	4539	4322	
3	4098	4322	4539	
3	746	4096	3596	
3	672	4540	4096	
3	1626	3596	4540	
3	4096	4540	3596	
3	850	4541	3844	
3	788	4542	4541	
3	786	3844	4542	
3	4541	4542	3844	
3	999	4543	4545	
3	1671	4544	4543	
3	788	4545	4544	
3	4543	4544	4545	
3	748	4115	4332	
3	469	3855	4115	
3	675	4332	3855	
3	4115	3855	4332	
3	748	3624	4536	
3	676	4546	3624	
3	749	4536	4546	
3	3624	4546	4536	
3	853	4547	4548	
3	749	4546	4547	
3	676	4548	4546	
3	4547	4546	4548	
3	744	4336	4550	
3	749	4549	4336	
3	997	4550	4549	
3	4336	4549	4550	
3	200	4551	4140	
3	1598	3877	4551	
3	751	4140	3877	
3	4551	3877	4140	
3	752	4527	2534	
3	750	2506	4527	
3	679	2534	2506	
3	4527	2506	2534	
3	790	4552	2914	
3	271	2691	4552	
3	43	2914	2691	
3	4552	2691	2914	
3	791	4553	2904	
3	751	4554	4553	
3	790	2904	4554	
3	4553	4554	2904	
3	791	4341	4556	
3	792	4555	4341	
3	679	4556	4555	
3	4341	4555	4556	
3	1043	4557	4559	
3	1083	4558	4557	
3	1187	4559	4558	
3	4557	4558	4559	
3	793	4169	4560	
3	627	4162	4169	
3	556	4560	4162	
3	4169	4162	4560	
3	1862	4561	4563	
3	1587	4562	4561	
3	1861	4563	4562	
3	4561	4562	4563	
3	629	4182	4166	
3	754	4181	4182	
3	631	4166	4181	
3	4182	4181	4166	
3	683	4175	4177	
3	754	4183	4175	
3	626	4177	4183	
3	4175	4183	4177	
3	755	4185	4369	
3	630	4564	4185	
3	756	4369	4564	
3	4185	4564	4369	
3	688	3665	3671	
3	755	4368	3665	
3	687	3671	4368	
3	3665	4368	3671	
3	685	4565	4160	
3	794	4566	4565	
3	630	4160	4566	
3	4565	4566	4160	
3	794	4567	4566	
3	756	4564	4567	
3	630	4566	4564	
3	4567	4564	4566	
3	799	4568	4570	
3	945	4569	4568	
3	882	4570	4569	
3	4568	4569	4570	
3	1181	4571	4573	
3	1070	4572	4571	
3	1142	4573	4572	
3	4571	4572	4573	
3	689	4374	4198	
3	758	4574	4374	
3	691	4198	4574	
3	4374	4574	4198	
3	694	4380	4222	
3	758	4373	4380	
3	635	4222	4373	
3	4380	4373	4222	
3	1015	4575	4577	
3	1014	4576	4575	
3	578	4577	4576	
3	4575	4576	4577	
3	695	4220	4579	
3	878	4578	4220	
3	880	4579	4578	
3	4220	4578	4579	
3	811	4580	4582	
3	804	4581	4580	
3	806	4582	4581	
3	4580	4581	4582	
3	758	4389	4574	
3	885	4201	4389	
3	691	4574	4201	
3	4389	4201	4574	
3	641	3210	3767	
3	761	3495	3210	
3	513	3767	3495	
3	3210	3495	3767	
3	762	4413	4583	
3	761	3212	4413	
3	701	4583	3212	
3	4413	3212	4583	
3	762	4583	4585	
3	701	4584	4583	
3	764	4585	4584	
3	4583	4584	4585	
3	764	4586	4585	
3	892	3190	4586	
3	762	4585	3190	
3	4586	3190	4585	
3	701	4587	4584	
3	890	4588	4587	
3	764	4584	4588	
3	4587	4588	4584	
3	909	4589	4591	
3	910	4590	4589	
3	841	4591	4590	
3	4589	4590	4591	
3	891	4216	4593	
3	829	4592	4216	
3	890	4593	4592	
3	4216	4592	4593	
3	892	4586	4595	
3	764	4594	4586	
3	893	4595	4594	
3	4586	4594	4595	
3	768	4596	4239	
3	769	4419	4596	
3	582	4239	4419	
3	4596	4419	4239	
3	357	4234	4238	
3	765	4597	4234	
3	648	4238	4597	
3	4234	4597	4238	
3	766	4417	3223	
3	357	3238	4417	
3	359	3223	3238	
3	4417	3238	3223	
3	767	4598	4599	
3	766	3246	4598	
3	360	4599	3246	
3	4598	3246	4599	
3	766	4598	4416	
3	767	3243	4598	
3	703	4416	3243	
3	4598	3243	4416	
3	423	3458	3460	
3	767	4599	3458	
3	360	3460	4599	
3	3458	4599	3460	
3	1006	3988	4600	
3	644	4228	3988	
3	580	4600	4228	
3	3988	4228	4600	
3	768	3985	4596	
3	704	4601	3985	
3	769	4596	4601	
3	3985	4601	4596	
3	831	4425	4603	
3	962	4602	4425	
3	965	4603	4602	
3	4425	4602	4603	
3	963	4604	4605	
3	1661	3992	4604	
3	769	4605	3992	
3	4604	3992	4605	
3	966	4606	4608	
3	770	4607	4606	
3	965	4608	4607	
3	4606	4607	4608	
3	896	4609	4611	
3	584	4610	4609	
3	898	4611	4610	
3	4609	4610	4611	
3	1143	4438	4612	
3	710	3777	4438	
3	709	4612	3777	
3	4438	3777	4612	
3	519	3487	4430	
3	771	4613	3487	
3	711	4430	4613	
3	3487	4613	4430	
3	428	4614	3257	
3	834	4022	4614	
3	833	3257	4022	
3	4614	4022	3257	
3	772	2289	4024	
3	283	4615	2289	
3	836	4024	4615	
3	2289	4615	4024	
3	434	4281	4617	
3	839	4616	4281	
3	838	4617	4616	
3	4281	4616	4617	
3	902	4618	4620	
3	837	4619	4618	
3	901	4620	4619	
3	4618	4619	4620	
3	1286	4621	4623	
3	1662	4622	4621	
3	907	4623	4622	
3	4621	4622	4623	
3	774	4624	4625	
3	1662	4621	4624	
3	1286	4625	4621	
3	4624	4621	4625	
3	778	4285	4053	
3	596	4048	4285	
3	526	4053	4048	
3	4285	4048	4053	
3	776	2701	4627	
3	775	4626	2701	
3	730	4627	4626	
3	2701	4626	4627	
3	777	2181	4628	
3	776	4627	2181	
3	730	4628	4627	
3	2181	4627	4628	
3	38	4629	2183	
3	37	4498	4629	
3	776	2183	4498	
3	4629	4498	2183	
3	658	4630	4632	
3	837	4631	4630	
3	905	4632	4631	
3	4630	4631	4632	
3	39	2917	2124	
3	1643	4633	2917	
3	274	2124	4633	
3	2917	4633	2124	
3	658	4634	4052	
3	730	4635	4634	
3	778	4052	4635	
3	4634	4635	4052	
3	775	4286	4626	
3	778	4635	4286	
3	730	4626	4635	
3	4286	4635	4626	
3	842	4636	4637	
3	528	3809	4636	
3	780	4637	3809	
3	4636	3809	4637	
3	779	4638	4640	
3	732	4639	4638	
3	909	4640	4639	
3	4638	4639	4640	
3	733	4070	4071	
3	780	3808	4070	
3	597	4071	3808	
3	4070	3808	4071	
3	779	4641	4638	
3	780	4642	4641	
3	732	4638	4642	
3	4641	4642	4638	
3	437	3506	3507	
3	1542	4643	3506	
3	843	3507	4643	
3	3506	4643	3507	
3	844	2460	4645	
3	843	4644	2460	
3	1644	4645	4644	
3	2460	4644	4645	
3	913	4646	4647	
3	782	4506	4646	
3	663	4647	4506	
3	4646	4506	4647	
3	780	4069	4642	
3	782	4648	4069	
3	732	4642	4648	
3	4069	4648	4642	
3	455	4649	2617	
3	1735	4650	4649	
3	1732	2617	4650	
3	4649	4650	2617	
3	1698	4651	4653	
3	622	4652	4651	
3	1701	4653	4652	
3	4651	4652	4653	
3	847	4309	4654	
3	533	3540	4309	
3	666	4654	3540	
3	4309	3540	4654	
3	784	4144	4530	
3	742	4655	4144	
3	933	4530	4655	
3	4144	4655	4530	
3	1050	4656	4658	
3	983	4657	4656	
3	980	4658	4657	
3	4656	4657	4658	
3	849	4085	4659	
3	785	4528	4085	
3	743	4659	4528	
3	4085	4528	4659	
3	671	4660	4662	
3	786	4661	4660	
3	852	4662	4661	
3	4660	4661	4662	
3	614	4663	4339	
3	851	4664	4663	
3	671	4339	4664	
3	4663	4664	4339	
3	787	4538	4666	
3	852	4665	4538	
3	788	4666	4665	
3	4538	4665	4666	
3	746	4539	4097	
3	787	4667	4539	
3	747	4097	4667	
3	4539	4667	4097	
3	939	4668	3858	
3	1056	4669	4668	
3	997	3858	4669	
3	4668	4669	3858	
3	747	4667	4670	
3	787	4666	4667	
3	788	4670	4666	
3	4667	4666	4670	
3	995	4671	4672	
3	853	4548	4671	
3	676	4672	4548	
3	4671	4548	4672	
3	252	4326	4674	
3	871	4673	4326	
3	873	4674	4673	
3	4326	4673	4674	
3	273	2905	2622	
3	790	2916	2905	
3	42	2622	2916	
3	2905	2916	2622	
3	271	4552	3878	
3	790	4554	4552	
3	751	3878	4554	
3	4552	4554	3878	
3	792	4340	4675	
3	273	2910	4340	
3	201	4675	2910	
3	4340	2910	4675	
3	679	2505	4556	
3	751	4553	2505	
3	791	4556	4553	
3	2505	4553	4556	
3	854	4344	4677	
3	201	4676	4344	
3	940	4677	4676	
3	4344	4676	4677	
3	1001	4678	4680	
3	1000	4679	4678	
3	792	4680	4679	
3	4678	4679	4680	
3	1975	4681	3893	
3	556	3906	4681	
3	557	3893	3906	
3	4681	3906	3893	
3	1715	4682	4684	
3	1885	4683	4682	
3	1975	4684	4683	
3	4682	4683	4684	
3	794	4565	4686	
3	685	4685	4565	
3	797	4686	4685	
3	4565	4685	4686	
3	855	4314	4688	
3	756	4687	4314	
3	876	4688	4687	
3	4314	4687	4688	
3	795	4689	4691	
3	797	4690	4689	
3	942	4691	4690	
3	4689	4690	4691	
3	1675	4692	4694	
3	1672	4693	4692	
3	1173	4694	4693	
3	4692	4693	4694	
3	868	4695	4697	
3	335	4696	4695	
3	870	4697	4696	
3	4695	4696	4697	
3	866	4698	4700	
3	58	4699	4698	
3	865	4700	4699	
3	4698	4699	4700	
3	1679	4701	4703	
3	1002	4702	4701	
3	942	4703	4702	
3	4701	4702	4703	
3	797	4689	4365	
3	795	4704	4689	
3	862	4365	4704	
3	4689	4704	4365	
3	642	4395	4706	
3	800	4705	4395	
3	884	4706	4705	
3	4395	4705	4706	
3	1004	4707	4708	
3	943	3922	4707	
3	798	4708	3922	
3	4707	3922	4708	
3	799	4709	4711	
3	878	4710	4709	
3	879	4711	4710	
3	4709	4710	4711	
3	882	4712	4570	
3	881	4713	4712	
3	799	4570	4713	
3	4712	4713	4570	
3	1015	4714	4575	
3	1232	4715	4714	
3	1014	4575	4715	
3	4714	4715	4575	
3	882	4716	4712	
3	948	4717	4716	
3	881	4712	4717	
3	4716	4717	4712	
3	948	4196	4719	
3	1013	4718	4196	
3	759	4719	4718	
3	4196	4718	4719	
3	563	4199	4721	
3	691	4720	4199	
3	950	4721	4720	
3	4199	4720	4721	
3	828	4403	4406	
3	700	4408	4403	
3	698	4406	4408	
3	4403	4408	4406	
3	803	4463	3417	
3	802	4722	4463	
3	760	3417	4722	
3	4463	4722	3417	
3	811	4582	4723	
3	806	3415	4582	
3	760	4723	3415	
3	4582	3415	4723	
3	807	4724	4726	
3	812	4725	4724	
3	805	4726	4725	
3	4724	4725	4726	
3	801	4727	4729	
3	1017	4728	4727	
3	1016	4729	4728	
3	4727	4728	4729	
3	819	4730	4731	
3	805	4725	4730	
3	812	4731	4725	
3	4730	4725	4731	
3	813	4732	4734	
3	1636	4733	4732	
3	806	4734	4733	
3	4732	4733	4734	
3	820	4735	4737	
3	826	4736	4735	
3	805	4737	4736	
3	4735	4736	4737	
3	637	4738	4740	
3	1635	4739	4738	
3	811	4740	4739	
3	4738	4739	4740	
3	806	4581	4734	
3	804	4741	4581	
3	813	4734	4741	
3	4581	4741	4734	
3	809	4742	4743	
3	1636	4732	4742	
3	813	4743	4732	
3	4742	4732	4743	
3	814	2037	4745	
3	807	4744	2037	
3	817	4745	4744	
3	2037	4744	4745	
3	1635	4746	4739	
3	808	4747	4746	
3	811	4739	4747	
3	4746	4747	4739	
3	950	4720	4748	
3	691	4203	4720	
3	886	4748	4203	
3	4720	4203	4748	
3	821	4749	4750	
3	809	4743	4749	
3	813	4750	4743	
3	4749	4743	4750	
3	1238	4751	4753	
3	1132	4752	4751	
3	1272	4753	4752	
3	4751	4752	4753	
3	810	4754	4456	
3	814	4745	4754	
3	817	4456	4745	
3	4754	4745	4456	
3	1864	4755	4757	
3	1865	4756	4755	
3	1866	4757	4756	
3	4755	4756	4757	
3	811	4723	4759	
3	760	4758	4723	
3	828	4759	4758	
3	4723	4758	4759	
3	804	4580	4760	
3	811	4747	4580	
3	808	4760	4747	
3	4580	4747	4760	
3	1636	4761	4762	
3	807	2051	4761	
3	803	4762	2051	
3	4761	2051	4762	
3	819	4763	4765	
3	809	4764	4763	
3	815	4765	4764	
3	4763	4764	4765	
3	804	4766	4768	
3	1023	4767	4766	
3	821	4768	4767	
3	4766	4767	4768	
3	1636	4742	4770	
3	809	4769	4742	
3	812	4770	4769	
3	4742	4769	4770	
3	817	4744	4771	
3	807	4726	4744	
3	805	4771	4726	
3	4744	4726	4771	
3	814	4754	2301	
3	810	4772	4754	
3	818	2301	4772	
3	4754	4772	2301	
3	821	4773	4749	
3	822	4774	4773	
3	809	4749	4774	
3	4773	4774	4749	
3	820	4775	4777	
3	1326	4776	4775	
3	1320	4777	4776	
3	4775	4776	4777	
3	886	4778	4780	
3	1016	4779	4778	
3	1019	4780	4779	
3	4778	4779	4780	
3	822	4781	4774	
3	1303	4782	4781	
3	809	4774	4782	
3	4781	4782	4774	
3	805	4730	4737	
3	819	4783	4730	
3	820	4737	4783	
3	4730	4783	4737	
3	824	4784	4786	
3	825	4785	4784	
3	826	4786	4785	
3	4784	4785	4786	
3	810	4787	4789	
3	1640	4788	4787	
3	1639	4789	4788	
3	4787	4788	4789	
3	278	2302	4791	
3	818	4790	2302	
3	1639	4791	4790	
3	2302	4790	4791	
3	809	4763	4769	
3	819	4731	4763	
3	812	4769	4731	
3	4763	4731	4769	
3	819	4765	4793	
3	815	4792	4765	
3	1326	4793	4792	
3	4765	4792	4793	
3	1303	4794	4796	
3	1275	4795	4794	
3	1319	4796	4795	
3	4794	4795	4796	
3	1338	4797	4799	
3	1339	4798	4797	
3	824	4799	4798	
3	4797	4798	4799	
3	804	4768	4741	
3	821	4750	4768	
3	813	4741	4750	
3	4768	4750	4741	
3	821	4800	4802	
3	816	4801	4800	
3	1748	4802	4801	
3	4800	4801	4802	
3	1020	4384	4804	
3	1128	4803	4384	
3	1130	4804	4803	
3	4384	4803	4804	
3	1271	4805	4807	
3	1180	4806	4805	
3	1270	4807	4806	
3	4805	4806	4807	
3	827	4808	4810	
3	1640	4809	4808	
3	825	4810	4809	
3	4808	4809	4810	
3	157	4010	3260	
3	1637	4811	4010	
3	1638	3260	4811	
3	4010	4811	3260	
3	820	4777	4813	
3	1320	4812	4777	
3	1336	4813	4812	
3	4777	4812	4813	
3	1866	4814	4815	
3	1640	4808	4814	
3	827	4815	4808	
3	4814	4808	4815	
3	826	4785	4816	
3	825	4457	4785	
3	817	4816	4457	
3	4785	4457	4816	
3	825	4784	4810	
3	824	4817	4784	
3	827	4810	4817	
3	4784	4817	4810	
3	805	4736	4771	
3	826	4816	4736	
3	817	4771	4816	
3	4736	4816	4771	
3	826	4735	4819	
3	820	4818	4735	
3	1338	4819	4818	
3	4735	4818	4819	
3	1339	4820	4821	
3	1771	4012	4820	
3	1868	4821	4012	
3	4820	4012	4821	
3	1868	4822	4824	
3	1864	4823	4822	
3	827	4824	4823	
3	4822	4823	4824	
3	811	4759	4740	
3	828	4405	4759	
3	637	4740	4405	
3	4759	4405	4740	
3	802	4404	4722	
3	828	4758	4404	
3	760	4722	4758	
3	4404	4758	4722	
3	952	4825	4827	
3	954	4826	4825	
3	888	4827	4826	
3	4825	4826	4827	
3	1024	4828	4295	
3	1681	4829	4828	
3	912	4295	4829	
3	4828	4829	4295	
3	830	4830	3737	
3	893	4831	4830	
3	894	3737	4831	
3	4830	4831	3737	
3	1158	4832	3736	
3	1162	4833	4832	
3	830	3736	4833	
3	4832	4833	3736	
3	1661	4834	4836	
3	895	4835	4834	
3	962	4836	4835	
3	4834	4835	4836	
3	897	4837	4839	
3	968	4838	4837	
3	969	4839	4838	
3	4837	4838	4839	
3	967	4840	4842	
3	1029	4841	4840	
3	1030	4842	4841	
3	4840	4841	4842	
3	709	3779	4844	
3	896	4843	3779	
3	1029	4844	4843	
3	3779	4843	4844	
3	588	4845	4021	
3	835	4846	4845	
3	833	4021	4846	
3	4845	4846	4021	
3	833	4846	2291	
3	835	4847	4846	
3	283	2291	4847	
3	4846	4847	2291	
3	523	4018	3796	
3	834	4614	4018	
3	428	3796	4614	
3	4018	4614	3796	
3	588	4023	4016	
3	834	4017	4023	
3	587	4016	4017	
3	4023	4017	4016	
3	835	4845	4849	
3	588	4848	4845	
3	1604	4849	4848	
3	4845	4848	4849	
3	283	4847	3790	
3	835	4020	4847	
3	365	3790	4020	
3	4847	4020	3790	
3	971	4454	4850	
3	836	4615	4454	
3	283	4850	4615	
3	4454	4615	4850	
3	971	3792	4455	
3	899	3470	3792	
3	1079	4455	3470	
3	3792	3470	4455	
3	1642	4277	4851	
3	167	2436	4277	
3	202	4851	2436	
3	4277	2436	4851	
3	905	4852	4853	
3	777	4628	4852	
3	730	4853	4628	
3	4852	4628	4853	
3	434	4617	4275	
3	838	4484	4617	
3	773	4275	4484	
3	4617	4484	4275	
3	903	4854	4856	
3	904	4855	4854	
3	1041	4856	4855	
3	4854	4855	4856	
3	906	4464	4857	
3	839	4280	4464	
3	659	4857	4280	
3	4464	4280	4857	
3	838	4616	4859	
3	839	4858	4616	
3	774	4859	4858	
3	4616	4858	4859	
3	38	2182	2476	
3	777	4860	2182	
3	840	2476	4860	
3	2182	4860	2476	
3	777	4861	4863	
3	1642	4862	4861	
3	1643	4863	4862	
3	4861	4862	4863	
3	782	4864	4648	
3	915	4865	4864	
3	732	4648	4865	
3	4864	4865	4648	
3	952	4866	4868	
3	887	4867	4866	
3	829	4868	4867	
3	4866	4867	4868	
3	528	4636	3492	
3	842	4495	4636	
3	601	3492	4495	
3	4636	4495	3492	
3	780	4641	4637	
3	779	4496	4641	
3	842	4637	4496	
3	4641	4496	4637	
3	371	4869	2097	
3	1644	4870	4869	
3	217	2097	4870	
3	4869	4870	2097	
3	1644	4871	4645	
3	287	4872	4871	
3	844	4645	4872	
3	4871	4872	4645	
3	921	4873	4875	
3	919	4874	4873	
3	917	4875	4874	
3	4873	4874	4875	
3	1645	4876	4878	
3	844	4877	4876	
3	921	4878	4877	
3	4876	4877	4878	
3	914	4879	4881	
3	916	4880	4879	
3	917	4881	4880	
3	4879	4880	4881	
3	889	4882	4883	
3	763	4489	4882	
3	887	4883	4489	
3	4882	4489	4883	
3	379	4884	3538	
3	1734	4885	4884	
3	1736	3538	4885	
3	4884	4885	3538	
3	1632	3683	4524	
3	1633	4886	3683	
3	603	4524	4886	
3	3683	4886	4524	
3	603	4887	4525	
3	930	4888	4887	
3	666	4525	4888	
3	4887	4888	4525	
3	1698	4653	4890	
3	1701	4889	4653	
3	1697	4890	4889	
3	4653	4889	4890	
3	1187	4891	4559	
3	1752	4892	4891	
3	1043	4559	4892	
3	4891	4892	4559	
3	1243	4893	4895	
3	1244	4894	4893	
3	1222	4895	4894	
3	4893	4894	4895	
3	984	4896	4898	
3	743	4897	4896	
3	934	4898	4897	
3	4896	4897	4898	
3	849	4899	4900	
3	984	3443	4899	
3	935	4900	3443	
3	4899	3443	4900	
3	788	4541	4901	
3	850	4093	4541	
3	669	4901	4093	
3	4541	4093	4901	
3	937	3845	4903	
3	786	4902	3845	
3	851	4903	4902	
3	3845	4902	4903	
3	937	4904	4116	
3	614	3864	4904	
3	472	4116	3864	
3	4904	3864	4116	
3	786	4660	4902	
3	671	4664	4660	
3	851	4902	4664	
3	4660	4664	4902	
3	671	4662	4320	
3	852	4537	4662	
3	608	4320	4537	
3	4662	4537	4320	
3	786	4542	4661	
3	788	4665	4542	
3	852	4661	4665	
3	4542	4665	4661	
3	996	4905	4907	
3	938	4906	4905	
3	995	4907	4906	
3	4905	4906	4907	
3	853	4333	3857	
3	789	4908	4333	
3	939	3857	4908	
3	4333	4908	3857	
3	167	4276	4141	
3	837	4618	4276	
3	902	4141	4618	
3	4276	4618	4141	
3	201	4343	4675	
3	1001	4680	4343	
3	792	4675	4680	
3	4343	4680	4675	
3	876	4687	4909	
3	756	4567	4687	
3	794	4909	4567	
3	4687	4567	4909	
3	856	3135	4911	
3	855	4910	3135	
3	796	4911	4910	
3	3135	4910	4911	
3	796	4912	4911	
3	860	4913	4912	
3	856	4911	4913	
3	4912	4913	4911	
3	331	3153	4915	
3	857	4914	3153	
3	861	4915	4914	
3	3153	4914	4915	
3	330	3136	4916	
3	856	2836	3136	
3	857	4916	2836	
3	3136	2836	4916	
3	861	4914	4917	
3	857	2835	4914	
3	864	4917	2835	
3	4914	2835	4917	
3	860	4918	4920	
3	862	4919	4918	
3	1646	4920	4919	
3	4918	4919	4920	
3	867	4921	4357	
3	1647	4922	4921	
3	1646	4357	4922	
3	4921	4922	4357	
3	864	4923	4925	
3	860	4924	4923	
3	863	4925	4924	
3	4923	4924	4925	
3	870	4696	4927	
3	335	4926	4696	
3	866	4927	4926	
3	4696	4926	4927	
3	862	4918	4928	
3	860	4912	4918	
3	796	4928	4912	
3	4918	4912	4928	
3	863	4924	4930	
3	860	4929	4924	
3	858	4930	4929	
3	4924	4929	4930	
3	865	2829	4932	
3	861	4931	2829	
3	859	4932	4931	
3	2829	4931	4932	
3	57	4933	2831	
3	331	4915	4933	
3	861	2831	4915	
3	4933	4915	2831	
3	862	4928	4366	
3	796	4934	4928	
3	876	4366	4934	
3	4928	4934	4366	
3	1116	4358	4936	
3	1646	4935	4358	
3	795	4936	4935	
3	4358	4935	4936	
3	868	4937	4938	
3	863	4930	4937	
3	858	4938	4930	
3	4937	4930	4938	
3	863	4939	4925	
3	859	4940	4939	
3	864	4925	4940	
3	4939	4940	4925	
3	864	2837	4923	
3	856	4913	2837	
3	860	4923	4913	
3	2837	4913	4923	
3	859	4931	4940	
3	861	4917	4931	
3	864	4940	4917	
3	4931	4917	4940	
3	866	4700	4941	
3	865	4932	4700	
3	859	4941	4932	
3	4700	4932	4941	
3	57	2830	4942	
3	865	4699	2830	
3	58	4942	4699	
3	2830	4699	4942	
3	870	4943	4944	
3	859	4939	4943	
3	863	4944	4939	
3	4943	4939	4944	
3	58	4698	2216	
3	866	4926	4698	
3	335	2216	4926	
3	4698	4926	2216	
3	942	4945	4691	
3	1057	4946	4945	
3	795	4691	4946	
3	4945	4946	4691	
3	788	4901	4948	
3	669	4947	4901	
3	1056	4948	4947	
3	4901	4947	4948	
3	858	4949	3611	
3	1646	4922	4949	
3	1647	3611	4922	
3	4949	4922	3611	
3	868	4324	4695	
3	252	4950	4324	
3	335	4695	4950	
3	4324	4950	4695	
3	1116	4951	4356	
3	1115	4952	4951	
3	867	4356	4952	
3	4951	4952	4356	
3	872	4953	4955	
3	874	4954	4953	
3	873	4955	4954	
3	4953	4954	4955	
3	859	4943	4941	
3	870	4927	4943	
3	866	4941	4927	
3	4943	4927	4941	
3	863	4937	4944	
3	868	4697	4937	
3	870	4944	4697	
3	4937	4697	4944	
3	858	3610	4938	
3	871	4325	3610	
3	868	4938	4325	
3	3610	4325	4938	
3	869	4956	4958	
3	1654	4957	4956	
3	873	4958	4957	
3	4956	4957	4958	
3	1174	4959	4961	
3	1203	4960	4959	
3	869	4961	4960	
3	4959	4960	4961	
3	1657	4962	4964	
3	1659	4963	4962	
3	1225	4964	4963	
3	4962	4963	4964	
3	869	4958	4965	
3	873	4673	4958	
3	871	4965	4673	
3	4958	4673	4965	
3	872	4966	4953	
3	1648	4967	4966	
3	874	4953	4967	
3	4966	4967	4953	
3	1518	4968	3698	
3	1519	3383	4968	
3	333	3698	3383	
3	4968	3383	3698	
3	873	4954	4969	
3	874	3155	4954	
3	1520	4969	3155	
3	4954	3155	4969	
3	875	4970	4971	
3	942	4702	4970	
3	1002	4971	4702	
3	4970	4702	4971	
3	1674	4972	4974	
3	1676	4973	4972	
3	672	4974	4973	
3	4972	4973	4974	
3	855	4688	4910	
3	876	4934	4688	
3	796	4910	4934	
3	4688	4934	4910	
3	794	4686	4909	
3	797	4367	4686	
3	876	4909	4367	
3	4686	4367	4909	
3	1009	4975	4976	
3	879	4388	4975	
3	1007	4976	4388	
3	4975	4388	4976	
3	770	4435	4607	
3	831	4603	4435	
3	965	4607	4603	
3	4435	4603	4607	
3	879	4710	4386	
3	878	4219	4710	
3	693	4386	4219	
3	4710	4219	4386	
3	880	4578	4977	
3	878	4709	4578	
3	799	4977	4709	
3	4578	4709	4977	
3	1008	4978	4980	
3	944	4979	4978	
3	1007	4980	4979	
3	4978	4979	4980	
3	770	4981	4983	
3	1073	4982	4981	
3	970	4983	4982	
3	4981	4982	4983	
3	881	4392	4713	
3	880	4977	4392	
3	799	4713	4977	
3	4392	4977	4713	
3	880	4984	4986	
3	801	4985	4984	
3	885	4986	4985	
3	4984	4985	4986	
3	879	4987	4711	
3	945	4568	4987	
3	799	4711	4568	
3	4987	4568	4711	
3	881	4988	4393	
3	759	4989	4988	
3	1065	4393	4989	
3	4988	4989	4393	
3	757	4990	4992	
3	947	4991	4990	
3	882	4992	4991	
3	4990	4991	4992	
3	884	4993	4706	
3	798	4418	4993	
3	642	4706	4418	
3	4993	4418	4706	
3	574	3962	4994	
3	575	3969	3962	
3	1265	4994	3969	
3	3962	3969	4994	
3	1016	4778	4729	
3	886	4995	4778	
3	801	4729	4995	
3	4778	4995	4729	
3	948	4996	4197	
3	884	4705	4996	
3	800	4197	4705	
3	4996	4705	4197	
3	947	4997	4991	
3	884	4998	4997	
3	882	4991	4998	
3	4997	4998	4991	
3	880	4986	4579	
3	885	4390	4986	
3	695	4579	4390	
3	4986	4390	4579	
3	886	4202	4995	
3	885	4985	4202	
3	801	4995	4985	
3	4202	4985	4995	
3	1016	4728	5000	
3	1017	4999	4728	
3	951	5000	4999	
3	4728	4999	5000	
3	886	5001	4748	
3	1021	5002	5001	
3	950	4748	5002	
3	5001	5002	4748	
3	890	5003	4588	
3	887	4488	5003	
3	764	4588	4488	
3	5003	4488	4588	
3	957	5004	5006	
3	955	5005	5004	
3	572	5006	5005	
3	5004	5005	5006	
3	910	5007	4590	
3	912	5008	5007	
3	841	4590	5008	
3	5007	5008	4590	
3	952	5009	4866	
3	889	4883	5009	
3	887	4866	4883	
3	5009	4883	4866	
3	1666	5010	5012	
3	959	5011	5010	
3	911	5012	5011	
3	5010	5011	5012	
3	920	5013	5014	
3	845	4291	5013	
3	916	5014	4291	
3	5013	4291	5014	
3	891	4593	5015	
3	890	4587	4593	
3	701	5015	4587	
3	4593	4587	5015	
3	887	5003	4867	
3	890	4592	5003	
3	829	4867	4592	
3	5003	4592	4867	
3	701	3211	5015	
3	641	5016	3211	
3	891	5015	5016	
3	3211	5016	5015	
3	572	4217	5017	
3	891	5016	4217	
3	641	5017	5016	
3	4217	5016	5017	
3	893	4594	5018	
3	764	4487	4594	
3	763	5018	4487	
3	4594	4487	5018	
3	892	5019	5021	
3	830	5020	5019	
3	1641	5021	5020	
3	5019	5020	5021	
3	893	5018	5023	
3	763	5022	5018	
3	1026	5023	5022	
3	5018	5022	5023	
3	830	5019	4830	
3	892	4595	5019	
3	893	4830	4595	
3	5019	4595	4830	
3	889	5024	4882	
3	961	5025	5024	
3	763	4882	5025	
3	5024	5025	4882	
3	911	4293	5027	
3	912	5026	4293	
3	977	5027	5026	
3	4293	5026	5027	
3	769	4601	4605	
3	704	5028	4601	
3	963	4605	5028	
3	4601	5028	4605	
3	1028	5029	5031	
3	963	5030	5029	
3	964	5031	5030	
3	5029	5030	5031	
3	584	4609	4429	
3	896	3778	4609	
3	710	4429	3778	
3	4609	3778	4429	
3	1030	4841	5032	
3	1029	4843	4841	
3	896	5032	4843	
3	4841	4843	5032	
3	896	5033	5035	
3	897	5034	5033	
3	832	5035	5034	
3	5033	5034	5035	
3	706	5036	4247	
3	898	4610	5036	
3	584	4247	4610	
3	5036	4610	4247	
3	707	4427	4423	
3	898	5036	4427	
3	706	4423	5036	
3	4427	5036	4423	
3	896	4611	5033	
3	898	5037	4611	
3	897	5033	5037	
3	4611	5037	5033	
3	1981	5038	3791	
3	1982	5039	5038	
3	899	3791	5039	
3	5038	5039	3791	
3	521	5040	5041	
3	1978	3254	5040	
3	1977	5041	3254	
3	5040	3254	5041	
3	1145	5042	5044	
3	1241	5043	5042	
3	1039	5044	5043	
3	5042	5043	5044	
3	1077	5045	5047	
3	1314	5046	5045	
3	1078	5047	5046	
3	5045	5046	5047	
3	901	3821	4620	
3	720	5048	3821	
3	902	4620	5048	
3	3821	5048	4620	
3	658	4497	4630	
3	901	4619	4497	
3	837	4630	4619	
3	4497	4619	4630	
3	904	5049	5050	
3	902	5048	5049	
3	720	5050	5048	
3	5049	5048	5050	
3	904	5051	5053	
3	975	5052	5051	
3	976	5053	5052	
3	5051	5052	5053	
3	904	5054	4855	
3	1290	5055	5054	
3	1041	4855	5055	
3	5054	5055	4855	
3	848	5056	5058	
3	933	5057	5056	
3	1052	5058	5057	
3	5056	5057	5058	
3	838	5059	5061	
3	1289	5060	5059	
3	1290	5061	5060	
3	5059	5060	5061	
3	975	5051	5062	
3	904	4854	5051	
3	903	5062	4854	
3	5051	4854	5062	
3	658	4632	4634	
3	905	4853	4632	
3	730	4634	4853	
3	4632	4853	4634	
3	1642	5063	4278	
3	905	4631	5063	
3	837	4278	4631	
3	5063	4631	4278	
3	727	4491	4475	
3	906	4857	4491	
3	659	4475	4857	
3	4491	4857	4475	
3	1662	4465	5065	
3	906	5064	4465	
3	1916	5065	5064	
3	4465	5064	5065	
3	1879	5066	5068	
3	1883	5067	5066	
3	1067	5068	5067	
3	5066	5067	5068	
3	1881	5069	5071	
3	1686	5070	5069	
3	953	5071	5070	
3	5069	5070	5071	
3	909	5072	4640	
3	908	4504	5072	
3	779	4640	4504	
3	5072	4504	4640	
3	908	5073	5075	
3	841	5074	5073	
3	1681	5075	5074	
3	5073	5074	5075	
3	910	4589	5076	
3	909	4639	4589	
3	732	5076	4639	
3	4589	4639	5076	
3	908	5072	5073	
3	909	4591	5072	
3	841	5073	4591	
3	5072	4591	5073	
3	915	4864	5077	
3	782	4646	4864	
3	913	5077	4646	
3	4864	4646	5077	
3	888	4826	5079	
3	954	5078	4826	
3	958	5079	5078	
3	4826	5078	5079	
3	977	5080	5082	
3	923	5081	5080	
3	1666	5082	5081	
3	5080	5081	5082	
3	923	5083	5084	
3	845	5013	5083	
3	920	5084	5013	
3	5083	5013	5084	
3	910	5085	5087	
3	915	5086	5085	
3	977	5087	5086	
3	5085	5086	5087	
3	959	5088	5011	
3	1024	4294	5088	
3	911	5011	4294	
3	5088	4294	5011	
3	917	4880	5089	
3	916	4290	4880	
3	913	5089	4290	
3	4880	4290	5089	
3	915	5077	5090	
3	913	4292	5077	
3	845	5090	4292	
3	5077	4292	5090	
3	924	5091	4442	
3	925	5092	5091	
3	919	4442	5092	
3	5091	5092	4442	
3	925	5093	5095	
3	922	5094	5093	
3	1045	5095	5094	
3	5093	5094	5095	
3	915	5090	5086	
3	845	5096	5090	
3	977	5086	5096	
3	5090	5096	5086	
3	732	4865	5076	
3	915	5085	4865	
3	910	5076	5085	
3	4865	5085	5076	
3	917	5089	5097	
3	913	4647	5089	
3	663	5097	4647	
3	5089	4647	5097	
3	1049	5098	5099	
3	920	5014	5098	
3	916	5099	5014	
3	5098	5014	5099	
3	921	5100	4878	
3	663	5101	5100	
3	1645	4878	5101	
3	5100	5101	4878	
3	921	5102	4873	
3	287	4443	5102	
3	919	4873	4443	
3	5102	4443	4873	
3	925	5103	5092	
3	914	5104	5103	
3	919	5092	5104	
3	5103	5104	5092	
3	1141	4441	5106	
3	1026	5105	4441	
3	961	5106	5105	
3	4441	5105	5106	
3	431	5107	5109	
3	922	5108	5107	
3	924	5109	5108	
3	5107	5108	5109	
3	914	4881	5104	
3	917	4874	4881	
3	919	5104	4874	
3	4881	4874	5104	
3	1049	5099	5110	
3	916	4879	5099	
3	914	5110	4879	
3	5099	4879	5110	
3	920	5111	5084	
3	918	5112	5111	
3	923	5084	5112	
3	5111	5112	5084	
3	663	5100	5097	
3	921	4875	5100	
3	917	5097	4875	
3	5100	4875	5097	
3	287	5102	4872	
3	921	4877	5102	
3	844	4872	4877	
3	5102	4877	4872	
3	519	4432	2346	
3	1627	5113	4432	
3	431	2346	5113	
3	4432	5113	2346	
3	709	4501	5115	
3	1035	5114	4501	
3	1071	5115	5114	
3	4501	5114	5115	
3	923	5116	5118	
3	1100	5117	5116	
3	1690	5118	5117	
3	5116	5117	5118	
3	1025	5119	5121	
3	959	5120	5119	
3	960	5121	5120	
3	5119	5120	5121	
3	924	4444	5122	
3	287	3436	4444	
3	1539	5122	3436	
3	4444	3436	5122	
3	924	5108	5091	
3	922	5093	5108	
3	925	5091	5093	
3	5108	5093	5091	
3	978	5123	5125	
3	1072	5124	5123	
3	1071	5125	5124	
3	5123	5124	5125	
3	914	5103	5127	
3	925	5126	5103	
3	979	5127	5126	
3	5103	5126	5127	
3	926	4305	5129	
3	847	5128	4305	
3	929	5129	5128	
3	4305	5128	5129	
3	929	5130	5129	
3	928	4134	5130	
3	926	5129	4134	
3	5130	4134	5129	
3	929	5131	5133	
3	930	5132	5131	
3	1664	5133	5132	
3	5131	5132	5133	
3	1633	5134	4886	
3	1725	5135	5134	
3	603	4886	5135	
3	5134	5135	4886	
3	927	5136	5138	
3	1877	5137	5136	
3	928	5138	5137	
3	5136	5137	5138	
3	1752	5139	5140	
3	752	2533	5139	
3	1000	5140	2533	
3	5139	2533	5140	
3	930	5131	5141	
3	929	5128	5131	
3	847	5141	5128	
3	5131	5128	5141	
3	928	5130	5138	
3	929	5142	5130	
3	927	5138	5142	
3	5130	5142	5138	
3	666	4888	4654	
3	930	5141	4888	
3	847	4654	5141	
3	4888	5141	4654	
3	603	5143	5144	
3	931	4146	5143	
3	1664	5144	4146	
3	5143	4146	5144	
3	1719	5145	5147	
3	1715	5146	5145	
3	1720	5147	5146	
3	5145	5146	5147	
3	1664	4148	5149	
3	1878	5148	4148	
3	927	5149	5148	
3	4148	5148	5149	
3	668	5150	3526	
3	980	5151	5150	
3	785	3526	5151	
3	5150	5151	3526	
3	1102	5152	5153	
3	1051	3756	5152	
3	932	5153	3756	
3	5152	3756	5153	
3	933	5154	5057	
3	1106	5155	5154	
3	1052	5057	5155	
3	5154	5155	5057	
3	983	5156	5157	
3	933	5056	5156	
3	848	5157	5056	
3	5156	5056	5157	
3	1051	5158	3757	
3	1103	5159	5158	
3	743	3757	5159	
3	5158	5159	3757	
3	934	5160	5162	
3	989	5161	5160	
3	985	5162	5161	
3	5160	5161	5162	
3	602	4510	3442	
3	665	5163	4510	
3	935	3442	5163	
3	4510	5163	3442	
3	936	3497	5164	
3	935	5163	3497	
3	665	5164	5163	
3	3497	5163	5164	
3	442	4301	3812	
3	936	5164	4301	
3	665	3812	5164	
3	4301	5164	3812	
3	604	3524	5165	
3	785	4084	3524	
3	991	5165	4084	
3	3524	4084	5165	
3	850	3846	4091	
3	937	4117	3846	
3	744	4091	4117	
3	3846	4117	4091	
3	614	4904	4663	
3	937	4903	4904	
3	851	4663	4903	
3	4904	4903	4663	
3	993	5166	5168	
3	994	5167	5166	
3	1108	5168	5167	
3	5166	5167	5168	
3	938	5169	5170	
3	994	3620	5169	
3	992	5170	3620	
3	5169	3620	5170	
3	1112	5171	5172	
3	939	4908	5171	
3	789	5172	4908	
3	5171	4908	5172	
3	997	4669	5173	
3	1056	4947	4669	
3	669	5173	4947	
3	4669	4947	5173	
3	202	2438	2657	
3	940	4676	2438	
3	201	2657	4676	
3	2438	4676	2657	
3	167	5174	2437	
3	854	4677	5174	
3	940	2437	4677	
3	5174	4677	2437	
3	941	5175	5177	
3	1001	5176	5175	
3	1044	5177	5176	
3	5175	5176	5177	
3	1044	5178	5177	
3	1043	5179	5178	
3	941	5177	5179	
3	5178	5179	5177	
3	1679	5180	5181	
3	797	4685	5180	
3	685	5181	4685	
3	5180	4685	5181	
3	1113	5182	5183	
3	1057	4945	5182	
3	942	5183	4945	
3	5182	4945	5183	
3	798	5184	4708	
3	947	5185	5184	
3	1004	4708	5185	
3	5184	5185	4708	
3	943	5186	5188	
3	877	5187	5186	
3	964	5188	5187	
3	5186	5187	5188	
3	1176	5189	5191	
3	1124	5190	5189	
3	1175	5191	5190	
3	5189	5190	5191	
3	1207	5192	5194	
3	1204	5193	5192	
3	1178	5194	5193	
3	5192	5193	5194	
3	1012	5195	5197	
3	879	5196	5195	
3	946	5197	5196	
3	5195	5196	5197	
3	757	4992	3718	
3	882	4569	4992	
3	945	3718	4569	
3	4992	4569	3718	
3	879	4975	5196	
3	1009	5198	4975	
3	946	5196	5198	
3	4975	5198	5196	
3	1005	5199	5201	
3	1004	5200	5199	
3	757	5201	5200	
3	5199	5200	5201	
3	1004	5185	5200	
3	947	4990	5185	
3	757	5200	4990	
3	5185	4990	5200	
3	884	4997	4993	
3	947	5184	4997	
3	798	4993	5184	
3	4997	5184	4993	
3	881	4717	4988	
3	948	4719	4717	
3	759	4988	4719	
3	4717	4719	4988	
3	884	4996	4998	
3	948	4716	4996	
3	882	4998	4716	
3	4996	4716	4998	
3	949	5202	5204	
3	1013	5203	5202	
3	1014	5204	5203	
3	5202	5203	5204	
3	949	5205	5207	
3	1129	5206	5205	
3	1017	5207	5206	
3	5205	5206	5207	
3	886	4780	5001	
3	1019	5208	4780	
3	1021	5001	5208	
3	4780	5208	5001	
3	1635	5209	4746	
3	950	5210	5209	
3	808	4746	5210	
3	5209	5210	4746	
3	1020	4804	5211	
3	1130	3973	4804	
3	1023	5211	3973	
3	4804	3973	5211	
3	804	5212	4766	
3	1022	5213	5212	
3	1023	4766	5213	
3	5212	5213	4766	
3	829	4218	5214	
3	572	5005	4218	
3	955	5214	5005	
3	4218	5005	5214	
3	888	5215	4827	
3	889	5009	5215	
3	952	4827	5009	
3	5215	5009	4827	
3	955	5004	5217	
3	957	5216	5004	
3	953	5217	5216	
3	5004	5216	5217	
3	956	5218	5220	
3	959	5219	5218	
3	958	5220	5219	
3	5218	5219	5220	
3	952	4868	5221	
3	829	5214	4868	
3	955	5221	5214	
3	4868	5214	5221	
3	1880	5222	5223	
3	958	5078	5222	
3	954	5223	5078	
3	5222	5078	5223	
3	953	5224	5217	
3	954	5225	5224	
3	955	5217	5225	
3	5224	5225	5217	
3	955	5225	5221	
3	954	4825	5225	
3	952	5221	4825	
3	5225	4825	5221	
3	956	5226	5227	
3	1879	5068	5226	
3	1067	5227	5068	
3	5226	5068	5227	
3	1681	5228	5230	
3	1067	5229	5228	
3	1687	5230	5229	
3	5228	5229	5230	
3	641	3766	5232	
3	511	5231	3766	
3	1292	5232	5231	
3	3766	5231	5232	
3	1192	4311	5234	
3	1104	5233	4311	
3	1245	5234	5233	
3	4311	5233	5234	
3	1880	5223	5235	
3	954	5224	5223	
3	953	5235	5224	
3	5223	5224	5235	
3	956	5236	5218	
3	1024	5088	5236	
3	959	5218	5088	
3	5236	5088	5218	
3	959	5010	5120	
3	1666	5237	5010	
3	960	5120	5237	
3	5010	5237	5120	
3	888	5079	5238	
3	958	5219	5079	
3	959	5238	5219	
3	5079	5219	5238	
3	1096	5239	5241	
3	1099	5240	5239	
3	1048	5241	5240	
3	5239	5240	5241	
3	888	5242	5215	
3	1025	5243	5242	
3	889	5215	5243	
3	5242	5243	5215	
3	1689	5244	5245	
3	889	5243	5244	
3	1025	5245	5243	
3	5244	5243	5245	
3	918	5246	5248	
3	1099	5247	5246	
3	1100	5248	5247	
3	5246	5247	5248	
3	1661	4836	5249	
3	962	4424	4836	
3	650	5249	4424	
3	4836	4424	5249	
3	965	4602	5250	
3	962	4835	4602	
3	895	5250	4835	
3	4602	4835	5250	
3	964	5030	5251	
3	963	5028	5030	
3	704	5251	5028	
3	5030	5028	5251	
3	1661	4604	4834	
3	963	5252	4604	
3	895	4834	5252	
3	4604	5252	4834	
3	964	5251	5253	
3	704	3984	5251	
3	1006	5253	3984	
3	5251	3984	5253	
3	965	5254	4608	
3	1028	5255	5254	
3	966	4608	5255	
3	5254	5255	4608	
3	1028	5256	5029	
3	895	5252	5256	
3	963	5029	5252	
3	5256	5252	5029	
3	966	5257	5258	
3	964	5187	5257	
3	877	5258	5187	
3	5257	5187	5258	
3	1058	5259	5260	
3	877	5186	5259	
3	943	5260	5186	
3	5259	5186	5260	
3	970	5261	5263	
3	1074	5262	5261	
3	1069	5263	5262	
3	5261	5262	5263	
3	969	5264	5266	
3	970	5265	5264	
3	832	5266	5265	
3	5264	5265	5266	
3	1034	5267	5269	
3	1142	5268	5267	
3	967	5269	5268	
3	5267	5268	5269	
3	969	4838	4434	
3	968	4437	4838	
3	831	4434	4437	
3	4838	4437	4434	
3	898	4426	5037	
3	968	4837	4426	
3	897	5037	4837	
3	4426	4837	5037	
3	970	5264	4983	
3	969	4433	5264	
3	770	4983	4433	
3	5264	4433	4983	
3	832	5034	5266	
3	897	4839	5034	
3	969	5266	4839	
3	5034	4839	5266	
3	1036	5270	5272	
3	1073	5271	5270	
3	966	5272	5271	
3	5270	5271	5272	
3	1063	5273	5275	
3	1036	5274	5273	
3	1122	5275	5274	
3	5273	5274	5275	
3	521	2255	5276	
3	1982	5038	2255	
3	1981	5276	5038	
3	2255	5038	5276	
3	426	5277	2043	
3	2	5278	5277	
3	972	2043	5278	
3	5277	5278	2043	
3	972	5278	5280	
3	2	5279	5278	
3	1	5280	5279	
3	5278	5279	5280	
3	2	5277	2694	
3	426	3788	5277	
3	365	2694	3788	
3	5277	3788	2694	
3	283	5281	5283	
3	1038	5282	5281	
3	1981	5283	5282	
3	5281	5282	5283	
3	973	5284	5286	
3	900	5285	5284	
3	1040	5286	5285	
3	5284	5285	5286	
3	1102	5287	5152	
3	981	5288	5287	
3	1051	5152	5288	
3	5287	5288	5152	
3	1148	5289	5291	
3	982	5290	5289	
3	1147	5291	5290	
3	5289	5290	5291	
3	975	5062	5293	
3	903	5292	5062	
3	1081	5293	5292	
3	5062	5292	5293	
3	976	5294	4143	
3	854	5174	5294	
3	167	4143	5174	
3	5294	5174	4143	
3	904	5053	5049	
3	976	4142	5053	
3	902	5049	4142	
3	5053	4142	5049	
3	854	5294	5295	
3	976	5052	5294	
3	975	5295	5052	
3	5294	5052	5295	
3	977	5026	5087	
3	912	5007	5026	
3	910	5087	5007	
3	5026	5007	5087	
3	845	5083	5096	
3	923	5080	5083	
3	977	5096	5080	
3	5083	5080	5096	
3	1029	5296	4844	
3	1033	4502	5296	
3	709	4844	4502	
3	5296	4502	4844	
3	918	5111	5297	
3	920	5098	5111	
3	1049	5297	5098	
3	5111	5098	5297	
3	1046	5298	5299	
3	925	5095	5298	
3	1045	5299	5095	
3	5298	5095	5299	
3	925	5298	5126	
3	1046	5300	5298	
3	979	5126	5300	
3	5298	5300	5126	
3	668	4467	5301	
3	784	4532	4467	
3	1050	5301	4532	
3	4467	4532	5301	
3	932	4529	5302	
3	785	5151	4529	
3	980	5302	5151	
3	4529	5151	5302	
3	1148	5303	5305	
3	1749	5304	5303	
3	1750	5305	5304	
3	5303	5304	5305	
3	1248	5306	5308	
3	1245	5307	5306	
3	1246	5308	5307	
3	5306	5307	5308	
3	1147	5309	5311	
3	1165	5310	5309	
3	1083	5311	5310	
3	5309	5310	5311	
3	1042	5312	5313	
3	903	4856	5312	
3	1041	5313	4856	
3	5312	4856	5313	
3	848	5314	5157	
3	932	5315	5314	
3	983	5157	5315	
3	5314	5315	5157	
3	980	4657	5302	
3	983	5315	4657	
3	932	5302	5315	
3	4657	5315	5302	
3	743	4896	4659	
3	984	4899	4896	
3	849	4659	4899	
3	4896	4899	4659	
3	985	4518	5162	
3	984	4898	4518	
3	934	5162	4898	
3	4518	4898	5162	
3	1105	5316	5317	
3	743	5159	5316	
3	1103	5317	5159	
3	5316	5159	5317	
3	986	5318	2611	
3	988	5319	5318	
3	738	2611	5319	
3	5318	5319	2611	
3	602	4519	4302	
3	985	5320	4519	
3	986	4302	5320	
3	4519	5320	4302	
3	986	5320	5318	
3	985	5321	5320	
3	988	5318	5321	
3	5320	5321	5318	
3	168	5322	5324	
3	203	5323	5322	
3	1667	5324	5323	
3	5322	5323	5324	
3	203	5325	5323	
3	1668	5326	5325	
3	1667	5323	5326	
3	5325	5326	5323	
3	989	5327	5161	
3	988	5321	5327	
3	985	5161	5321	
3	5327	5321	5161	
3	1668	5328	5326	
3	987	5329	5328	
3	1667	5326	5329	
3	5328	5329	5326	
3	989	5160	5331	
3	934	5330	5160	
3	1105	5331	5330	
3	5160	5330	5331	
3	988	5327	5332	
3	989	3765	5327	
3	987	5332	3765	
3	5327	3765	5332	
3	990	5333	4310	
3	1103	5334	5333	
3	1104	4310	5334	
3	5333	5334	4310	
3	1192	5335	4312	
3	1669	5336	5335	
3	990	4312	5336	
3	5335	5336	4312	
3	935	3496	4900	
3	991	4083	3496	
3	849	4900	4083	
3	3496	4083	4900	
3	604	5165	3521	
3	991	3498	5165	
3	936	3521	3498	
3	5165	3498	3521	
3	995	5337	4671	
3	992	4334	5337	
3	853	4671	4334	
3	5337	4334	4671	
3	1108	5167	5339	
3	994	5338	5167	
3	1970	5339	5338	
3	5167	5338	5339	
3	993	5168	5341	
3	1108	5340	5168	
3	1110	5341	5340	
3	5168	5340	5341	
3	1876	5342	5344	
3	1659	5343	5342	
3	1054	5344	5343	
3	5342	5343	5344	
3	938	4905	5346	
3	996	5345	4905	
3	1970	5346	5345	
3	4905	5345	5346	
3	994	5166	5348	
3	993	5347	5166	
3	1054	5348	5347	
3	5166	5347	5348	
3	996	4907	5349	
3	995	4672	4907	
3	676	5349	4672	
3	4907	4672	5349	
3	992	5337	5170	
3	995	4906	5337	
3	938	5170	4906	
3	5337	4906	5170	
3	612	4112	3623	
3	996	5349	4112	
3	676	3623	5349	
3	4112	5349	3623	
3	996	4111	5345	
3	543	5350	4111	
3	1970	5345	5350	
3	4111	5350	5345	
3	744	4550	4092	
3	997	5173	4550	
3	669	4092	5173	
3	4550	5173	4092	
3	853	3859	4547	
3	997	4549	3859	
3	749	4547	4549	
3	3859	4549	4547	
3	1111	5351	3622	
3	789	4335	5351	
3	992	3622	4335	
3	5351	4335	3622	
3	867	4952	5353	
3	1115	5352	4952	
3	1174	5353	5352	
3	4952	5352	5353	
3	1973	5354	5355	
3	1056	4668	5354	
3	939	5355	4668	
3	5354	4668	5355	
3	1201	5356	5358	
3	1874	5357	5356	
3	1203	5358	5357	
3	5356	5357	5358	
3	792	4679	4555	
3	1000	2532	4679	
3	679	4555	2532	
3	4679	2532	4555	
3	1752	5140	5360	
3	1000	5359	5140	
3	941	5360	5359	
3	5140	5359	5360	
3	1044	5176	5361	
3	1001	4342	5176	
3	854	5361	4342	
3	5176	4342	5361	
3	1000	4678	5359	
3	1001	5175	4678	
3	941	5359	5175	
3	4678	5175	5359	
3	682	5362	4361	
3	1595	5363	5362	
3	685	4361	5363	
3	5362	5363	4361	
3	1596	5364	5366	
3	1580	5365	5364	
3	1592	5366	5365	
3	5364	5365	5366	
3	1113	5367	5369	
3	875	5368	5367	
3	1114	5369	5368	
3	5367	5368	5369	
3	747	5370	4095	
3	1674	4974	5370	
3	672	4095	4974	
3	5370	4974	4095	
3	757	3720	5201	
3	1012	5371	3720	
3	1005	5201	5371	
3	3720	5371	5201	
3	943	4707	5260	
3	1004	5372	4707	
3	1058	5260	5372	
3	4707	5372	5260	
3	1060	5373	5375	
3	1061	5374	5373	
3	1117	5375	5374	
3	5373	5374	5375	
3	1058	5376	5259	
3	1059	5377	5376	
3	877	5259	5377	
3	5376	5377	5259	
3	580	3923	4600	
3	943	5378	3923	
3	1006	4600	5378	
3	3923	5378	4600	
3	964	5253	5188	
3	1006	5378	5253	
3	943	5188	5378	
3	5253	5378	5188	
3	1008	4980	5379	
3	1007	4387	4980	
3	693	5379	4387	
3	4980	4387	5379	
3	1007	4979	4976	
3	944	5380	4979	
3	1009	4976	5380	
3	4979	5380	4976	
3	694	3909	4391	
3	1008	5379	3909	
3	693	4391	5379	
3	3909	5379	4391	
3	1008	3908	5382	
3	502	5381	3908	
3	1124	5382	5381	
3	3908	5381	5382	
3	1011	4191	5384	
3	1123	5383	4191	
3	1125	5384	5383	
3	4191	5383	5384	
3	1009	5380	5385	
3	944	4192	5380	
3	1011	5385	4192	
3	5380	4192	5385	
3	967	4842	5269	
3	1030	5386	4842	
3	1034	5269	5386	
3	4842	5386	5269	
3	1009	5387	5198	
3	1062	5388	5387	
3	946	5198	5388	
3	5387	5388	5198	
3	1123	4193	5390	
3	944	5389	4193	
3	1124	5390	5389	
3	4193	5389	5390	
3	1118	5391	5393	
3	1062	5392	5391	
3	1011	5393	5392	
3	5391	5392	5393	
3	879	5195	4987	
3	1012	3719	5195	
3	945	4987	3719	
3	5195	3719	4987	
3	1005	5371	5394	
3	1012	5197	5371	
3	946	5394	5197	
3	5371	5197	5394	
3	1014	5203	5395	
3	1013	4195	5203	
3	800	5395	4195	
3	5203	4195	5395	
3	1017	5396	5207	
3	1013	5202	5396	
3	949	5207	5202	
3	5396	5202	5207	
3	579	3970	3987	
3	1680	5397	3970	
3	578	3987	5397	
3	3970	5397	3987	
3	800	4396	5395	
3	578	4576	4396	
3	1014	5395	4576	
3	4396	4576	5395	
3	576	5398	5399	
3	1263	3964	5398	
3	1233	5399	3964	
3	5398	3964	5399	
3	1232	5400	4715	
3	949	5204	5400	
3	1014	4715	5204	
3	5400	5204	4715	
3	801	5401	4727	
3	1065	5402	5401	
3	1017	4727	5402	
3	5401	5402	4727	
3	1019	4779	5403	
3	1016	5000	4779	
3	951	5403	5000	
3	4779	5000	5403	
3	1013	5396	4718	
3	1017	5404	5396	
3	759	4718	5404	
3	5396	5404	4718	
3	1232	5405	5400	
3	1129	5205	5405	
3	949	5400	5205	
3	5405	5205	5400	
3	1019	5406	5408	
3	1020	5407	5406	
3	1018	5408	5407	
3	5406	5407	5408	
3	808	5409	5411	
3	1021	5410	5409	
3	1022	5411	5410	
3	5409	5410	5411	
3	1020	5406	5412	
3	1019	5403	5406	
3	951	5412	5403	
3	5406	5403	5412	
3	1019	5408	5208	
3	1018	5413	5408	
3	1021	5208	5413	
3	5408	5413	5208	
3	1066	5414	5416	
3	1126	5415	5414	
3	1127	5416	5415	
3	5414	5415	5416	
3	1020	5412	4382	
3	951	5417	5412	
3	1126	4382	5417	
3	5412	5417	4382	
3	1022	5410	5418	
3	1021	5413	5410	
3	1018	5418	5413	
3	5410	5413	5418	
3	808	5210	5409	
3	950	5002	5210	
3	1021	5409	5002	
3	5210	5002	5409	
3	1023	5213	5419	
3	1022	5418	5213	
3	1018	5419	5418	
3	5213	5418	5419	
3	808	5411	4760	
3	1022	5212	5411	
3	804	4760	5212	
3	5411	5212	4760	
3	1020	5211	5407	
3	1023	5419	5211	
3	1018	5407	5419	
3	5211	5419	5407	
3	1023	3975	4767	
3	816	4800	3975	
3	821	4767	4800	
3	3975	4800	4767	
3	1067	5420	5227	
3	1024	5236	5420	
3	956	5227	5236	
3	5420	5236	5227	
3	1681	5421	5075	
3	726	4410	5421	
3	908	5075	4410	
3	5421	4410	5075	
3	959	5119	5238	
3	1025	5242	5119	
3	888	5238	5242	
3	5119	5242	5238	
3	1690	5422	5424	
3	1689	5423	5422	
3	960	5424	5423	
3	5422	5423	5424	
3	893	5023	4831	
3	1026	4440	5023	
3	894	4831	4440	
3	5023	4440	4831	
3	763	5025	5022	
3	961	5105	5025	
3	1026	5022	5105	
3	5025	5105	5022	
3	1682	5425	5427	
3	1101	5426	5425	
3	1046	5427	5426	
3	5425	5426	5427	
3	1151	5428	5430	
3	1155	5429	5428	
3	1027	5430	5429	
3	5428	5429	5430	
3	895	5256	5250	
3	1028	5254	5256	
3	965	5250	5254	
3	5256	5254	5250	
3	964	5257	5031	
3	966	5255	5257	
3	1028	5031	5255	
3	5257	5255	5031	
3	1030	5032	5431	
3	896	5035	5032	
3	832	5431	5035	
3	5032	5035	5431	
3	967	5432	5434	
3	1091	5433	5432	
3	1033	5434	5433	
3	5432	5433	5434	
3	970	5263	5265	
3	1069	5435	5263	
3	832	5265	5435	
3	5263	5435	5265	
3	1075	5436	5438	
3	1034	5437	5436	
3	1069	5438	5437	
3	5436	5437	5438	
3	1088	5439	5441	
3	1091	5440	5439	
3	1142	5441	5440	
3	5439	5440	5441	
3	1046	5442	5444	
3	978	5443	5442	
3	1084	5444	5443	
3	5442	5443	5444	
3	1121	5445	5447	
3	1262	5446	5445	
3	1294	5447	5446	
3	5445	5446	5447	
3	1239	5448	5450	
3	1312	5449	5448	
3	1214	5450	5449	
3	5448	5449	5450	
3	967	5434	4840	
3	1033	5296	5434	
3	1029	4840	5296	
3	5434	5296	4840	
3	1035	4503	5452	
3	1033	5451	4503	
3	1031	5452	5451	
3	4503	5451	5452	
3	1069	5437	5453	
3	1034	5386	5437	
3	1030	5453	5386	
3	5437	5386	5453	
3	1753	5454	5455	
3	1181	4573	5454	
3	1142	5455	4573	
3	5454	4573	5455	
3	1085	5456	5458	
3	1047	5457	5456	
3	1084	5458	5457	
3	5456	5457	5458	
3	1084	5459	5460	
3	1071	5114	5459	
3	1035	5460	5114	
3	5459	5114	5460	
3	877	5377	5258	
3	1059	5461	5377	
3	966	5258	5461	
3	5377	5461	5258	
3	1059	5462	5464	
3	1005	5463	5462	
3	1061	5464	5463	
3	5462	5463	5464	
3	972	5465	5466	
3	1979	3255	5465	
3	1978	5466	3255	
3	5465	3255	5466	
3	283	3789	5281	
3	426	2045	3789	
3	1038	5281	2045	
3	3789	2045	5281	
3	1037	5467	5468	
3	212	3468	5467	
3	1980	5468	3468	
3	5467	3468	5468	
3	1288	5469	5471	
3	1185	5470	5469	
3	974	5471	5470	
3	5469	5470	5471	
3	1144	5472	5474	
3	1184	5473	5472	
3	1077	5474	5473	
3	5472	5473	5474	
3	1217	5475	5477	
3	1184	5476	5475	
3	1216	5477	5476	
3	5475	5476	5477	
3	1040	5285	5479	
3	900	5478	5285	
3	1144	5479	5478	
3	5285	5478	5479	
3	1079	5480	4453	
3	654	4025	5480	
3	836	4453	4025	
3	5480	4025	4453	
3	1290	5054	5481	
3	904	5050	5054	
3	720	5481	5050	
3	5054	5050	5481	
3	1042	5313	5483	
3	1041	5482	5313	
3	974	5483	5482	
3	5313	5482	5483	
3	1042	5483	5484	
3	974	5470	5483	
3	1185	5484	5470	
3	5483	5470	5484	
3	1082	5485	5487	
3	1043	5486	5485	
3	1081	5487	5486	
3	5485	5486	5487	
3	1082	5488	5489	
3	903	5312	5488	
3	1042	5489	5312	
3	5488	5312	5489	
3	1082	5490	5485	
3	1083	4557	5490	
3	1043	5485	4557	
3	5490	4557	5485	
3	854	5295	5361	
3	975	5491	5295	
3	1044	5361	5491	
3	5295	5491	5361	
3	1044	5491	5492	
3	975	5293	5491	
3	1081	5492	5293	
3	5491	5293	5492	
3	922	5493	5495	
3	1627	5494	5493	
3	1072	5495	5494	
3	5493	5494	5495	
3	1045	5496	5299	
3	978	5442	5496	
3	1046	5299	5442	
3	5496	5442	5299	
3	978	5125	5443	
3	1071	5459	5125	
3	1084	5443	5459	
3	5125	5459	5443	
3	1682	5427	5497	
3	1046	5444	5427	
3	1084	5497	5444	
3	5427	5444	5497	
3	1085	5498	5499	
3	1035	5452	5498	
3	1031	5499	5452	
3	5498	5452	5499	
3	1101	5500	5502	
3	918	5501	5500	
3	979	5502	5501	
3	5500	5501	5502	
3	1047	5503	5505	
3	1094	5504	5503	
3	1095	5505	5504	
3	5503	5504	5505	
3	1096	5506	5239	
3	1098	5507	5506	
3	1099	5239	5507	
3	5506	5507	5239	
3	914	5127	5110	
3	979	5508	5127	
3	1049	5110	5508	
3	5127	5508	5110	
3	918	5297	5501	
3	1049	5508	5297	
3	979	5501	5508	
3	5297	5508	5501	
3	983	4656	5156	
3	1050	4531	4656	
3	933	5156	4531	
3	4656	4531	5156	
3	668	5301	5150	
3	1050	4658	5301	
3	980	5150	4658	
3	5301	4658	5150	
3	1102	5153	5509	
3	932	5314	5153	
3	848	5509	5314	
3	5153	5314	5509	
3	1103	5158	5510	
3	1051	5288	5158	
3	981	5510	5288	
3	5158	5288	5510	
3	1106	5154	5511	
3	933	4655	5154	
3	742	5511	4655	
3	5154	4655	5511	
3	1102	5509	5513	
3	848	5512	5509	
3	1219	5513	5512	
3	5509	5512	5513	
3	1754	5514	5516	
3	1194	5515	5514	
3	1426	5516	5515	
3	5514	5515	5516	
3	1108	5517	5519	
3	1053	5518	5517	
3	1166	5519	5518	
3	5517	5518	5519	
3	993	5341	5521	
3	1110	5520	5341	
3	1254	5521	5520	
3	5341	5520	5521	
3	1055	5522	5524	
3	1112	5523	5522	
3	1683	5524	5523	
3	5522	5523	5524	
3	789	5351	5526	
3	1111	5525	5351	
3	1683	5526	5525	
3	5351	5525	5526	
3	1673	5527	5529	
3	1972	5528	5527	
3	998	5529	5528	
3	5527	5528	5529	
3	939	5171	5355	
3	1112	5530	5171	
3	1973	5355	5530	
3	5171	5530	5355	
3	788	4948	4545	
3	1056	5531	4948	
3	999	4545	5531	
3	4948	5531	4545	
3	1113	5183	5367	
3	942	4970	5183	
3	875	5367	4970	
3	5183	4970	5367	
3	1057	5532	5534	
3	1003	5533	5532	
3	1115	5534	5533	
3	5532	5533	5534	
3	1004	5199	5372	
3	1005	5535	5199	
3	1058	5372	5535	
3	5199	5535	5372	
3	1059	5376	5462	
3	1058	5535	5376	
3	1005	5462	5535	
3	5376	5535	5462	
3	1060	5375	5537	
3	1117	5536	5375	
3	1062	5537	5536	
3	5375	5536	5537	
3	966	5461	5539	
3	1059	5538	5461	
3	1122	5539	5538	
3	5461	5538	5539	
3	1060	5540	5542	
3	1121	5541	5540	
3	1063	5542	5541	
3	5540	5541	5542	
3	1063	5275	5544	
3	1122	5543	5275	
3	1061	5544	5543	
3	5275	5543	5544	
3	1117	5545	5546	
3	1005	5394	5545	
3	946	5546	5394	
3	5545	5394	5546	
3	1061	5373	5544	
3	1060	5542	5373	
3	1063	5544	5542	
3	5373	5542	5544	
3	1009	5385	5387	
3	1011	5392	5385	
3	1062	5387	5392	
3	5385	5392	5387	
3	1118	5393	5548	
3	1011	5547	5393	
3	1010	5548	5547	
3	5393	5547	5548	
3	1118	5549	5551	
3	1120	5550	5549	
3	1060	5551	5550	
3	5549	5550	5551	
3	1076	5552	5554	
3	1075	5553	5552	
3	1074	5554	5553	
3	5552	5553	5554	
3	1124	5189	5555	
3	1176	3429	5189	
3	1064	5555	3429	
3	5189	3429	5555	
3	1125	5556	5384	
3	1010	5547	5556	
3	1011	5384	5547	
3	5556	5547	5384	
3	1065	5401	4394	
3	801	4984	5401	
3	880	4394	4984	
3	5401	4984	4394	
3	759	5404	4989	
3	1017	5402	5404	
3	1065	4989	5402	
3	5404	5402	4989	
3	1133	5557	5558	
3	1136	3956	5557	
3	1131	5558	3956	
3	5557	3956	5558	
3	1212	5559	5560	
3	1238	4753	5559	
3	1272	5560	4753	
3	5559	4753	5560	
3	958	5222	5220	
3	1880	5561	5222	
3	956	5220	5561	
3	5222	5561	5220	
3	1687	5229	5563	
3	1067	5562	5229	
3	722	5563	5562	
3	5229	5562	5563	
3	1689	5422	5565	
3	1690	5564	5422	
3	1688	5565	5564	
3	5422	5564	5565	
3	1155	5428	5567	
3	1151	5566	5428	
3	1153	5567	5566	
3	5428	5566	5567	
3	832	5435	5431	
3	1069	5453	5435	
3	1030	5431	5453	
3	5435	5453	5431	
3	1073	5568	4982	
3	1074	5261	5568	
3	970	4982	5261	
3	5568	5261	4982	
3	1276	5569	5571	
3	1150	5570	5569	
3	1304	5571	5570	
3	5569	5570	5571	
3	1154	5572	5574	
3	1152	5573	5572	
3	1153	5574	5573	
3	5572	5573	5574	
3	1072	5123	5575	
3	978	5496	5123	
3	1045	5575	5496	
3	5123	5496	5575	
3	711	4613	5576	
3	771	4439	4613	
3	1143	5576	4439	
3	4613	4439	5576	
3	922	5495	5094	
3	1072	5575	5495	
3	1045	5094	5575	
3	5495	5575	5094	
3	711	5577	5578	
3	1071	5124	5577	
3	1072	5578	5124	
3	5577	5124	5578	
3	966	5271	4606	
3	1073	4981	5271	
3	770	4606	4981	
3	5271	4981	4606	
3	1074	5568	5579	
3	1073	5270	5568	
3	1036	5579	5270	
3	5568	5270	5579	
3	1076	5580	5581	
3	1036	5273	5580	
3	1063	5581	5273	
3	5580	5273	5581	
3	1034	5436	5583	
3	1075	5582	5436	
3	1032	5583	5582	
3	5436	5582	5583	
3	1069	5262	5438	
3	1074	5553	5262	
3	1075	5438	5553	
3	5262	5553	5438	
3	1074	5579	5554	
3	1036	5580	5579	
3	1076	5554	5580	
3	5579	5580	5554	
3	1120	5584	5550	
3	1121	5540	5584	
3	1060	5550	5540	
3	5584	5540	5550	
3	1075	5552	5586	
3	1076	5585	5552	
3	1294	5586	5585	
3	5552	5585	5586	
3	1144	5478	5472	
3	900	5587	5478	
3	1184	5472	5587	
3	5478	5587	5472	
3	1077	5473	5589	
3	1184	5588	5473	
3	1277	5589	5588	
3	5473	5588	5589	
3	654	5590	4449	
3	1040	5591	5590	
3	1078	4449	5591	
3	5590	5591	4449	
3	1078	5591	5592	
3	1040	5479	5591	
3	1144	5592	5479	
3	5591	5479	5592	
3	973	5286	3472	
3	1040	5593	5286	
3	1079	3472	5593	
3	5286	5593	3472	
3	654	5480	5590	
3	1079	5593	5480	
3	1040	5590	5593	
3	5480	5593	5590	
3	1762	5594	5596	
3	1278	5595	5594	
3	1281	5596	5595	
3	5594	5595	5596	
3	1762	5597	5599	
3	1287	5598	5597	
3	1242	5599	5598	
3	5597	5598	5599	
3	1082	5487	5488	
3	1081	5292	5487	
3	903	5488	5292	
3	5487	5292	5488	
3	1044	5492	5178	
3	1081	5486	5492	
3	1043	5178	5486	
3	5492	5486	5178	
3	1165	5309	5600	
3	1147	5290	5309	
3	982	5600	5290	
3	5309	5290	5600	
3	1082	5601	5490	
3	1147	5311	5601	
3	1083	5490	5311	
3	5601	5311	5490	
3	1106	5602	5604	
3	1107	5603	5602	
3	1165	5604	5603	
3	5602	5603	5604	
3	1700	3817	5605	
3	752	5139	3817	
3	1752	5605	5139	
3	3817	5139	5605	
3	1085	5458	5498	
3	1084	5460	5458	
3	1035	5498	5460	
3	5458	5460	5498	
3	1084	5457	5497	
3	1047	5606	5457	
3	1682	5497	5606	
3	5457	5606	5497	
3	1087	5607	5608	
3	1085	5499	5607	
3	1031	5608	5499	
3	5607	5499	5608	
3	1094	5609	5610	
3	1087	4003	5609	
3	1092	5610	4003	
3	5609	4003	5610	
3	1213	5611	5613	
3	1087	5612	5611	
3	1090	5613	5612	
3	5611	5612	5613	
3	1027	5614	5430	
3	1096	5615	5614	
3	1151	5430	5615	
3	5614	5615	5430	
3	1090	5612	5616	
3	1087	5608	5612	
3	1031	5616	5608	
3	5612	5608	5616	
3	1089	5617	5619	
3	1092	5618	5617	
3	1093	5619	5618	
3	5617	5618	5619	
3	1090	5620	5621	
3	1091	5439	5620	
3	1088	5621	5439	
3	5620	5439	5621	
3	1182	5622	5624	
3	1183	5623	5622	
3	1088	5624	5623	
3	5622	5623	5624	
3	1089	5625	5627	
3	1096	5626	5625	
3	1095	5627	5626	
3	5625	5626	5627	
3	1085	5628	5456	
3	1094	5503	5628	
3	1047	5456	5503	
3	5628	5503	5456	
3	1091	5620	5629	
3	1090	5616	5620	
3	1031	5629	5616	
3	5620	5616	5629	
3	1090	5621	5613	
3	1088	5630	5621	
3	1213	5613	5630	
3	5621	5630	5613	
3	1033	5433	5451	
3	1091	5629	5433	
3	1031	5451	5629	
3	5433	5629	5451	
3	1091	5432	5440	
3	967	5268	5432	
3	1142	5440	5268	
3	5432	5268	5440	
3	1093	5618	5631	
3	1092	4002	5618	
3	1086	5631	4002	
3	5618	4002	5631	
3	1092	5617	5610	
3	1089	5632	5617	
3	1094	5610	5632	
3	5617	5632	5610	
3	1188	5633	5634	
3	1093	5631	5633	
3	1086	5634	5631	
3	5633	5631	5634	
3	1151	5635	5566	
3	1093	5636	5635	
3	1153	5566	5636	
3	5635	5636	5566	
3	1094	5628	5609	
3	1085	5607	5628	
3	1087	5609	5607	
3	5628	5607	5609	
3	1095	5504	5627	
3	1094	5632	5504	
3	1089	5627	5632	
3	5504	5632	5627	
3	1089	5637	5625	
3	1151	5615	5637	
3	1096	5625	5615	
3	5637	5615	5625	
3	1095	5638	5640	
3	1048	5639	5638	
3	1682	5640	5639	
3	5638	5639	5640	
3	1027	5641	5614	
3	1098	5506	5641	
3	1096	5614	5506	
3	5641	5506	5614	
3	1048	5638	5241	
3	1095	5626	5638	
3	1096	5241	5626	
3	5638	5626	5241	
3	1097	5642	5644	
3	1691	5643	5642	
3	1688	5644	5643	
3	5642	5643	5644	
3	1068	5645	5647	
3	1141	5646	5645	
3	1688	5647	5646	
3	5645	5646	5647	
3	1691	5648	5650	
3	1027	5649	5648	
3	1068	5650	5649	
3	5648	5649	5650	
3	1099	5507	5652	
3	1098	5651	5507	
3	1097	5652	5651	
3	5507	5651	5652	
3	1100	5247	5653	
3	1099	5652	5247	
3	1097	5653	5652	
3	5247	5652	5653	
3	1099	5246	5654	
3	918	5500	5246	
3	1101	5654	5500	
3	5246	5500	5654	
3	1100	5653	5117	
3	1097	5655	5653	
3	1690	5117	5655	
3	5653	5655	5117	
3	918	5248	5112	
3	1100	5116	5248	
3	923	5112	5116	
3	5248	5116	5112	
3	1046	5426	5300	
3	1101	5502	5426	
3	979	5300	5502	
3	5426	5502	5300	
3	1099	5654	5240	
3	1101	5656	5654	
3	1048	5240	5656	
3	5654	5656	5240	
3	1219	5657	5659	
3	1052	5658	5657	
3	1220	5659	5658	
3	5657	5658	5659	
3	981	5660	5662	
3	1190	5661	5660	
3	1104	5662	5661	
3	5660	5661	5662	
3	1104	5334	5662	
3	1103	5510	5334	
3	981	5662	5510	
3	5334	5510	5662	
3	1103	5333	5317	
3	990	5663	5333	
3	1105	5317	5663	
3	5333	5663	5317	
3	1190	5660	5665	
3	981	5664	5660	
3	1191	5665	5664	
3	5660	5664	5665	
3	1667	5666	5324	
3	1669	5667	5666	
3	168	5324	5667	
3	5666	5667	5324	
3	989	5331	3763	
3	1105	5663	5331	
3	990	3763	5663	
3	5331	5663	3763	
3	743	5316	4897	
3	1105	5330	5316	
3	934	4897	5330	
3	5316	5330	4897	
3	742	5668	5511	
3	1692	5669	5668	
3	1106	5511	5669	
3	5668	5669	5511	
3	1052	5155	5670	
3	1106	5604	5155	
3	1165	5670	5604	
3	5155	5604	5670	
3	742	4135	5668	
3	928	5671	4135	
3	1692	5668	5671	
3	4135	5671	5668	
3	1692	5672	5674	
3	1693	5673	5672	
3	1107	5674	5673	
3	5672	5673	5674	
3	1970	5338	5346	
3	994	5169	5338	
3	938	5346	5169	
3	5338	5169	5346	
3	1110	5340	5675	
3	1108	5519	5340	
3	1166	5675	5519	
3	5340	5519	5675	
3	1166	3357	5675	
3	1109	3098	3357	
3	1110	5675	3098	
3	3357	3098	5675	
3	1170	5676	3356	
3	1171	5677	5676	
3	1109	3356	5677	
3	5676	5677	3356	
3	1252	5678	5680	
3	1171	5679	5678	
3	1440	5680	5679	
3	5678	5679	5680	
3	1254	5681	5683	
3	1197	5682	5681	
3	1255	5683	5682	
3	5681	5682	5683	
3	994	5348	3621	
3	1054	5684	5348	
3	1111	3621	5684	
3	5348	5684	3621	
3	1111	5684	5525	
3	1054	5685	5684	
3	1683	5525	5685	
3	5684	5685	5525	
3	1683	5523	5526	
3	1112	5172	5523	
3	789	5526	5172	
3	5523	5172	5526	
3	1055	5686	5688	
3	1972	5687	5686	
3	1973	5688	5687	
3	5686	5687	5688	
3	1591	5689	5691	
3	875	5690	5689	
3	1594	5691	5690	
3	5689	5690	5691	
3	1057	5182	5693	
3	1113	5692	5182	
3	1747	5693	5692	
3	5182	5692	5693	
3	541	3862	5695	
3	1626	5694	3862	
3	1677	5695	5694	
3	3862	5694	5695	
3	1057	5693	5532	
3	1747	5696	5693	
3	1003	5532	5696	
3	5693	5696	5532	
3	1198	5697	5698	
3	1115	5533	5697	
3	1003	5698	5533	
3	5697	5533	5698	
3	869	5699	4961	
3	1647	5700	5699	
3	1174	4961	5700	
3	5699	5700	4961	
3	795	4946	4936	
3	1057	5701	4946	
3	1116	4936	5701	
3	4946	5701	4936	
3	1115	4951	5534	
3	1116	5701	4951	
3	1057	5534	5701	
3	4951	5701	5534	
3	1005	5545	5463	
3	1117	5374	5545	
3	1061	5463	5374	
3	5545	5374	5463	
3	946	5388	5546	
3	1062	5536	5388	
3	1117	5546	5536	
3	5388	5536	5546	
3	1120	5549	5703	
3	1118	5702	5549	
3	1229	5703	5702	
3	5549	5702	5703	
3	1060	5537	5551	
3	1062	5391	5537	
3	1118	5551	5391	
3	5537	5391	5551	
3	1010	5704	5706	
3	1207	5705	5704	
3	1208	5706	5705	
3	5704	5705	5706	
3	1181	5454	5708	
3	1753	5707	5454	
3	1296	5708	5707	
3	5454	5707	5708	
3	1229	5702	5709	
3	1118	5548	5702	
3	1010	5709	5548	
3	5702	5548	5709	
3	1120	5710	5584	
3	1119	5711	5710	
3	1121	5584	5711	
3	5710	5711	5584	
3	1262	5445	5712	
3	1121	5711	5445	
3	1119	5712	5711	
3	5445	5711	5712	
3	1063	5541	5581	
3	1121	5713	5541	
3	1076	5581	5713	
3	5541	5713	5581	
3	966	5539	5272	
3	1122	5274	5539	
3	1036	5272	5274	
3	5539	5274	5272	
3	1061	5543	5464	
3	1122	5538	5543	
3	1059	5464	5538	
3	5543	5538	5464	
3	944	4978	5389	
3	1008	5382	4978	
3	1124	5389	5382	
3	4978	5382	5389	
3	1123	5714	5383	
3	1064	5715	5714	
3	1125	5383	5715	
3	5714	5715	5383	
3	1175	5190	5716	
3	1124	5381	5190	
3	502	5716	5381	
3	5190	5381	5716	
3	1064	5714	5555	
3	1123	5390	5714	
3	1124	5555	5390	
3	5714	5390	5555	
3	1204	5717	5718	
3	1064	3428	5717	
3	1177	5718	3428	
3	5717	3428	5718	
3	1204	5719	5193	
3	1226	5720	5719	
3	1178	5193	5720	
3	5719	5720	5193	
3	1127	5415	5721	
3	1126	5417	5415	
3	951	5721	5417	
3	5415	5417	5721	
3	1128	4383	5722	
3	1126	5414	4383	
3	1066	5722	5414	
3	4383	5414	5722	
3	1017	5723	4999	
3	1127	5721	5723	
3	951	4999	5721	
3	5723	5721	4999	
3	1231	5724	5726	
3	1127	5725	5724	
3	883	5726	5725	
3	5724	5725	5726	
3	1133	5727	5728	
3	1128	5722	5727	
3	1066	5728	5722	
3	5727	5722	5728	
3	1274	5729	5731	
3	1748	5730	5729	
3	1132	5731	5730	
3	5729	5730	5731	
3	883	5725	5733	
3	1127	5732	5725	
3	1129	5733	5732	
3	5725	5732	5733	
3	1017	5206	5723	
3	1129	5732	5206	
3	1127	5723	5732	
3	5206	5732	5723	
3	1133	5734	5736	
3	1139	5735	5734	
3	1138	5736	5735	
3	5734	5735	5736	
3	816	3974	5738	
3	1130	5737	3974	
3	1132	5738	5737	
3	3974	5737	5738	
3	1133	5739	5557	
3	1231	5740	5739	
3	1136	5557	5740	
3	5739	5740	5557	
3	1760	5741	5743	
3	1870	5742	5741	
3	1237	5743	5742	
3	5741	5742	5743	
3	1138	5744	5745	
3	1130	4803	5744	
3	1128	5745	4803	
3	5744	4803	5745	
3	1132	5737	5746	
3	1130	5744	5737	
3	1138	5746	5744	
3	5737	5744	5746	
3	883	5747	5726	
3	1230	5748	5747	
3	1231	5726	5748	
3	5747	5748	5726	
3	1133	5558	5734	
3	1131	5749	5558	
3	1139	5734	5749	
3	5558	5749	5734	
3	1210	5750	5752	
3	1230	5751	5750	
3	1232	5752	5751	
3	5750	5751	5752	
3	1211	5753	5755	
3	1137	5754	5753	
3	1209	5755	5754	
3	5753	5754	5755	
3	1140	5756	5758	
3	1135	5757	5756	
3	1139	5758	5757	
3	5756	5757	5758	
3	1135	5756	5760	
3	1140	5759	5756	
3	1212	5760	5759	
3	5756	5759	5760	
3	1231	5739	5761	
3	1133	5728	5739	
3	1066	5761	5728	
3	5739	5728	5761	
3	1137	3957	5763	
3	1136	5762	3957	
3	1134	5763	5762	
3	3957	5762	5763	
3	1209	5754	5764	
3	1137	5763	5754	
3	1134	5764	5763	
3	5754	5763	5764	
3	1211	5765	5767	
3	1622	5766	5765	
3	1624	5767	5766	
3	5765	5766	5767	
3	1133	5736	5727	
3	1138	5745	5736	
3	1128	5727	5745	
3	5736	5745	5727	
3	1138	5768	5770	
3	1135	5769	5768	
3	1272	5770	5769	
3	5768	5769	5770	
3	1140	5758	4041	
3	1139	5749	5758	
3	1131	4041	5749	
3	5758	5749	4041	
3	1138	5735	5768	
3	1139	5757	5735	
3	1135	5768	5757	
3	5735	5757	5768	
3	1269	5771	5773	
3	1267	5772	5771	
3	1137	5773	5772	
3	5771	5772	5773	
3	1270	4806	5775	
3	1180	5774	4806	
3	1212	5775	5774	
3	4806	5774	5775	
3	1688	5646	5776	
3	1141	5106	5646	
3	961	5776	5106	
3	5646	5106	5776	
3	1156	5777	5779	
3	1068	5778	5777	
3	1155	5779	5778	
3	5777	5778	5779	
3	1753	5780	5781	
3	1034	5583	5780	
3	1032	5781	5583	
3	5780	5583	5781	
3	1182	5782	5783	
3	1142	4572	5782	
3	1070	5783	4572	
3	5782	4572	5783	
3	709	5115	4612	
3	1071	5784	5115	
3	1143	4612	5784	
3	5115	5784	4612	
3	1143	5784	5576	
3	1071	5577	5784	
3	711	5576	5577	
3	5784	5577	5576	
3	212	5785	3469	
3	1039	5786	5785	
3	1218	3469	5786	
3	5785	5786	3469	
3	1078	5592	5047	
3	1144	5474	5592	
3	1077	5047	5474	
3	5592	5474	5047	
3	1350	5787	5789	
3	1356	5788	5787	
3	164	5789	5788	
3	5787	5788	5789	
3	1215	5790	5792	
3	1302	5791	5790	
3	1318	5792	5791	
3	5790	5791	5792	
3	774	5793	5794	
3	1285	4533	5793	
3	1289	5794	4533	
3	5793	4533	5794	
3	1148	5795	5797	
3	1751	5796	5795	
3	1887	5797	5796	
3	5795	5796	5797	
3	1042	5798	5489	
3	1749	5799	5798	
3	1082	5489	5799	
3	5798	5799	5489	
3	1148	5291	5303	
3	1147	5800	5291	
3	1749	5303	5800	
3	5291	5800	5303	
3	1751	5801	5803	
3	1750	5802	5801	
3	1146	5803	5802	
3	5801	5802	5803	
3	1220	5804	5659	
3	1186	5805	5804	
3	1219	5659	5805	
3	5804	5805	5659	
3	1694	5806	5807	
3	1083	5310	5806	
3	1165	5807	5310	
3	5806	5310	5807	
3	1149	5808	5810	
3	1187	5809	5808	
3	1694	5810	5809	
3	5808	5809	5810	
3	1183	5811	5813	
3	1304	5812	5811	
3	1213	5813	5812	
3	5811	5812	5813	
3	1183	5814	5816	
3	1070	5815	5814	
3	1239	5816	5815	
3	5814	5815	5816	
3	1089	5619	5637	
3	1093	5635	5619	
3	1151	5637	5635	
3	5619	5635	5637	
3	1152	5817	5819	
3	1160	5818	5817	
3	1159	5819	5818	
3	5817	5818	5819	
3	415	5820	5822	
3	1189	5821	5820	
3	1160	5822	5821	
3	5820	5821	5822	
3	1068	5777	5645	
3	1156	3433	5777	
3	1141	5645	3433	
3	5777	3433	5645	
3	1093	5633	5824	
3	1188	5823	5633	
3	1154	5824	5823	
3	5633	5823	5824	
3	1153	5573	5567	
3	1152	5825	5573	
3	1155	5567	5825	
3	5573	5825	5567	
3	1093	5824	5636	
3	1154	5574	5824	
3	1153	5636	5574	
3	5824	5574	5636	
3	1150	5826	5828	
3	415	5827	5826	
3	1154	5828	5827	
3	5826	5827	5828	
3	1155	5825	5779	
3	1152	5829	5825	
3	1156	5779	5829	
3	5825	5829	5779	
3	1027	5429	5649	
3	1155	5778	5429	
3	1068	5649	5778	
3	5429	5778	5649	
3	1156	5829	5830	
3	1152	5819	5829	
3	1159	5830	5819	
3	5829	5819	5830	
3	894	3431	3735	
3	1156	5831	3431	
3	1158	3735	5831	
3	3431	5831	3735	
3	1160	5832	5822	
3	1154	5827	5832	
3	415	5822	5827	
3	5832	5827	5822	
3	265	2878	4436	
3	344	5833	2878	
3	1161	4436	5833	
3	2878	5833	4436	
3	1159	5834	5830	
3	1158	5831	5834	
3	1156	5830	5831	
3	5834	5831	5830	
3	1157	2970	5836	
3	1161	5835	2970	
3	1162	5836	5835	
3	2970	5835	5836	
3	1160	5817	5832	
3	1152	5572	5817	
3	1154	5832	5572	
3	5817	5572	5832	
3	1158	5834	5838	
3	1159	5837	5834	
3	1157	5838	5837	
3	5834	5837	5838	
3	1189	5820	5839	
3	415	2416	5820	
3	506	5839	2416	
3	5820	2416	5839	
3	1157	5837	5840	
3	1159	5818	5837	
3	1160	5840	5818	
3	5837	5818	5840	
3	344	3187	5833	
3	345	5841	3187	
3	1161	5833	5841	
3	3187	5841	5833	
3	345	3806	5843	
3	1641	5842	3806	
3	1162	5843	5842	
3	3806	5842	5843	
3	1157	5836	5838	
3	1162	4832	5836	
3	1158	5838	4832	
3	5836	4832	5838	
3	1161	5841	5835	
3	345	5843	5841	
3	1162	5835	5843	
3	5841	5843	5835	
3	981	5287	5664	
3	1102	5844	5287	
3	1191	5664	5844	
3	5287	5844	5664	
3	1186	5845	5847	
3	1887	5846	5845	
3	1191	5847	5846	
3	5845	5846	5847	
3	1243	5848	5849	
3	1104	5661	5848	
3	1190	5849	5661	
3	5848	5661	5849	
3	1245	5306	5851	
3	1248	5850	5306	
3	1164	5851	5850	
3	5306	5850	5851	
3	1165	5600	5670	
3	982	5852	5600	
3	1052	5670	5852	
3	5600	5852	5670	
3	1694	5807	5853	
3	1165	5603	5807	
3	1107	5853	5603	
3	5807	5603	5853	
3	1754	5854	5856	
3	1169	5855	5854	
3	1193	5856	5855	
3	5854	5855	5856	
3	1053	5857	5518	
3	1169	5858	5857	
3	1166	5518	5858	
3	5857	5858	5518	
3	1378	5859	5861	
3	1383	5860	5859	
3	1397	5861	5860	
3	5859	5860	5861	
3	1777	5862	5864	
3	1381	5863	5862	
3	1405	5864	5863	
3	5862	5863	5864	
3	1756	5865	5867	
3	1195	5866	5865	
3	1167	5867	5866	
3	5865	5866	5867	
3	1251	5868	5870	
3	1172	5869	5868	
3	1197	5870	5869	
3	5868	5869	5870	
3	1193	5855	5871	
3	1169	5857	5855	
3	1053	5871	5857	
3	5855	5857	5871	
3	1195	3644	5866	
3	1169	5872	3644	
3	1167	5866	5872	
3	3644	5872	5866	
3	1169	3646	5858	
3	1170	3355	3646	
3	1166	5858	3355	
3	3646	3355	5858	
3	1171	5676	3870	
3	1170	5873	5676	
3	1168	3870	5873	
3	5676	5873	3870	
3	1755	5874	5876	
3	1223	5875	5874	
3	1250	5876	5875	
3	5874	5875	5876	
3	1408	5877	5879	
3	1416	5878	5877	
3	1430	5879	5878	
3	5877	5878	5879	
3	1172	5868	5881	
3	1251	5880	5868	
3	1253	5881	5880	
3	5868	5880	5881	
3	1650	5882	3346	
3	1648	5883	5882	
3	1656	3346	5883	
3	5882	5883	3346	
3	1173	5884	5886	
3	1198	5885	5884	
3	1199	5886	5885	
3	5884	5885	5886	
3	1201	5887	5888	
3	1673	5529	5887	
3	998	5888	5529	
3	5887	5529	5888	
3	1200	5889	5890	
3	1115	5697	5889	
3	1198	5890	5697	
3	5889	5697	5890	
3	1115	5889	5352	
3	1200	5891	5889	
3	1174	5352	5891	
3	5889	5891	5352	
3	559	3171	4377	
3	1175	5716	3171	
3	502	4377	5716	
3	3171	5716	4377	
3	1175	4188	5191	
3	633	5892	4188	
3	1176	5191	5892	
3	4188	5892	5191	
3	633	4186	5894	
3	1617	5893	4186	
3	1205	5894	5893	
3	4186	5893	5894	
3	1177	3728	5718	
3	259	5895	3728	
3	1204	5718	5895	
3	3728	5895	5718	
3	1205	5896	5897	
3	1177	3427	5896	
3	1176	5897	3427	
3	5896	3427	5897	
3	1227	5898	3727	
3	504	5899	5898	
3	259	3727	5899	
3	5898	5899	3727	
3	1259	5900	5902	
3	1208	5901	5900	
3	1178	5902	5901	
3	5900	5901	5902	
3	1010	5556	5704	
3	1125	5903	5556	
3	1207	5704	5903	
3	5556	5903	5704	
3	1209	5904	5906	
3	1210	5905	5904	
3	1179	5906	5905	
3	5904	5905	5906	
3	1234	5907	5909	
3	1211	5908	5907	
3	1179	5909	5908	
3	5907	5908	5909	
3	1297	5910	5912	
3	1298	5911	5910	
3	1271	5912	5911	
3	5910	5911	5912	
3	1218	5913	5914	
3	900	5284	5913	
3	973	5914	5284	
3	5913	5284	5914	
3	1296	5915	5916	
3	1294	5446	5915	
3	1262	5916	5446	
3	5915	5446	5916	
3	1259	5917	5900	
3	1260	5918	5917	
3	1208	5900	5918	
3	5917	5918	5900	
3	1183	5622	5814	
3	1182	5783	5622	
3	1070	5814	5783	
3	5622	5783	5814	
3	1088	5441	5624	
3	1142	5782	5441	
3	1182	5624	5782	
3	5441	5782	5624	
3	1181	5919	4571	
3	1763	5920	5919	
3	1070	4571	5920	
3	5919	5920	4571	
3	1304	5921	5922	
3	1188	5634	5921	
3	1086	5922	5634	
3	5921	5634	5922	
3	900	5923	5587	
3	1216	5476	5923	
3	1184	5587	5476	
3	5923	5476	5587	
3	822	5924	5926	
3	1274	5925	5924	
3	1275	5926	5925	
3	5924	5925	5926	
3	1750	5927	5802	
3	1185	5928	5927	
3	1146	5802	5928	
3	5927	5928	5802	
3	1052	5657	5058	
3	1219	5512	5657	
3	848	5058	5512	
3	5657	5512	5058	
3	1148	5305	5795	
3	1750	5801	5305	
3	1751	5795	5801	
3	5305	5801	5795	
3	1694	5809	5806	
3	1187	4558	5809	
3	1083	5806	4558	
3	5809	4558	5806	
3	1752	4891	5929	
3	1187	5808	4891	
3	1149	5929	5808	
3	4891	5808	5929	
3	1086	5930	5922	
3	1213	5812	5930	
3	1304	5922	5812	
3	5930	5812	5922	
3	1154	5823	5828	
3	1188	5931	5823	
3	1150	5828	5931	
3	5823	5931	5828	
3	1189	5839	3943	
3	506	3946	5839	
3	569	3943	3946	
3	5839	3946	3943	
3	1157	5840	2971	
3	1160	5821	5840	
3	1189	2971	5821	
3	5840	5821	2971	
3	1080	5932	5934	
3	1221	5933	5932	
3	1163	5934	5933	
3	5932	5933	5934	
3	1163	5933	5936	
3	1221	5935	5933	
3	1190	5936	5935	
3	5933	5935	5936	
3	1186	5847	5937	
3	1191	5844	5847	
3	1102	5937	5844	
3	5847	5844	5937	
3	1190	5665	5936	
3	1191	5938	5665	
3	1163	5936	5938	
3	5665	5938	5936	
3	1245	5233	5939	
3	1104	5848	5233	
3	1243	5939	5848	
3	5233	5848	5939	
3	1669	5335	5941	
3	1192	5940	5335	
3	1164	5941	5940	
3	5335	5940	5941	
3	1970	5942	5943	
3	1193	5871	5942	
3	1053	5943	5871	
3	5942	5871	5943	
3	543	5944	5945	
3	1194	5514	5944	
3	1754	5945	5514	
3	5944	5514	5945	
3	1612	5946	5948	
3	1615	5947	5946	
3	1869	5948	5947	
3	5946	5947	5948	
3	1398	5949	5951	
3	1419	5950	5949	
3	1614	5951	5950	
3	5949	5950	5951	
3	1167	5952	5867	
3	1417	5953	5952	
3	1756	5867	5953	
3	5952	5953	5867	
3	1170	3645	5873	
3	1195	5954	3645	
3	1168	5873	5954	
3	3645	5954	5873	
3	1418	5955	5957	
3	1417	5956	5955	
3	1426	5957	5956	
3	5955	5956	5957	
3	1402	5958	5960	
3	1385	5959	5958	
3	1396	5960	5959	
3	5958	5959	5960	
3	1252	5961	5963	
3	1224	5962	5961	
3	1251	5963	5962	
3	5961	5962	5963	
3	1197	5869	5682	
3	1172	5964	5869	
3	1255	5682	5964	
3	5869	5964	5682	
3	1199	5885	5965	
3	1198	5698	5885	
3	1003	5965	5698	
3	5885	5698	5965	
3	1198	5884	5890	
3	1173	5966	5884	
3	1200	5890	5966	
3	5884	5966	5890	
3	1114	5967	5969	
3	1676	5968	5967	
3	1678	5969	5968	
3	5967	5968	5969	
3	1671	5970	4544	
3	747	4670	5970	
3	788	4544	4670	
3	5970	4670	4544	
3	1173	5971	5966	
3	1201	5972	5971	
3	1200	5966	5972	
3	5971	5972	5966	
3	1174	5891	4959	
3	1200	5973	5891	
3	1203	4959	5973	
3	5891	5973	4959	
3	1673	5974	5975	
3	1173	4693	5974	
3	1672	5975	4693	
3	5974	4693	5975	
3	998	5976	5888	
3	1874	5356	5976	
3	1201	5888	5356	
3	5976	5356	5888	
3	1875	5977	5979	
3	1873	5978	5977	
3	1655	5979	5978	
3	5977	5978	5979	
3	1202	5980	5982	
3	1653	5981	5980	
3	1654	5982	5981	
3	5980	5981	5982	
3	1201	5358	5972	
3	1203	5973	5358	
3	1200	5972	5973	
3	5358	5973	5972	
3	1203	5983	5984	
3	1202	5982	5983	
3	1654	5984	5982	
3	5983	5982	5984	
3	1204	5895	5719	
3	259	5985	5895	
3	1226	5719	5985	
3	5895	5985	5719	
3	1064	5717	5715	
3	1204	5986	5717	
3	1125	5715	5986	
3	5717	5986	5715	
3	633	5894	5892	
3	1205	5897	5894	
3	1176	5892	5897	
3	5894	5897	5892	
3	162	2851	2862	
3	189	5987	2851	
3	1206	2862	5987	
3	2851	5987	2862	
3	189	3733	5987	
3	413	5988	3733	
3	1206	5987	5988	
3	3733	5988	5987	
3	1227	4189	5989	
3	1206	5988	4189	
3	413	5989	5988	
3	4189	5988	5989	
3	1204	5192	5986	
3	1207	5903	5192	
3	1125	5986	5903	
3	5192	5903	5986	
3	1208	5705	5901	
3	1207	5194	5705	
3	1178	5901	5194	
3	5705	5194	5901	
3	1258	5990	5992	
3	1228	5991	5990	
3	1259	5992	5991	
3	5990	5991	5992	
3	1119	5710	5993	
3	1120	5703	5710	
3	1229	5993	5703	
3	5710	5703	5993	
3	1210	5904	5994	
3	1209	5764	5904	
3	1134	5994	5764	
3	5904	5764	5994	
3	1211	5755	5908	
3	1209	5906	5755	
3	1179	5908	5906	
3	5755	5906	5908	
3	1230	5750	5995	
3	1210	5994	5750	
3	1134	5995	5994	
3	5750	5994	5995	
3	574	4994	5997	
3	1265	5996	4994	
3	1264	5997	5996	
3	4994	5996	5997	
3	1179	3965	5909	
3	1263	5998	3965	
3	1234	5909	5998	
3	3965	5998	5909	
3	1758	5999	6000	
3	592	4452	5999	
3	591	6000	4452	
3	5999	4452	6000	
3	1237	6001	6002	
3	1212	5759	6001	
3	1140	6002	5759	
3	6001	5759	6002	
3	1212	5774	5559	
3	1180	4462	5774	
3	1238	5559	4462	
3	5774	4462	5559	
3	1213	5930	5611	
3	1086	4004	5930	
3	1087	5611	4004	
3	5930	4004	5611	
3	1088	5623	5630	
3	1183	5813	5623	
3	1213	5630	5813	
3	5623	5813	5630	
3	1507	6003	6004	
3	1506	2368	6003	
3	197	6004	2368	
3	6003	2368	6004	
3	1276	5571	6006	
3	1304	6005	5571	
3	1239	6006	6005	
3	5571	6005	6006	
3	1347	6007	6009	
3	1345	6008	6007	
3	1346	6009	6008	
3	6007	6008	6009	
3	1320	6010	6012	
3	1302	6011	6010	
3	1335	6012	6011	
3	6010	6011	6012	
3	1768	6013	6015	
3	1339	6014	6013	
3	1766	6015	6014	
3	6013	6014	6015	
3	1216	6016	5477	
3	1241	6017	6016	
3	1217	5477	6017	
3	6016	6017	5477	
3	1980	6018	6019	
3	973	3471	6018	
3	899	6019	3471	
3	6018	3471	6019	
3	1218	6020	5913	
3	1216	5923	6020	
3	900	5913	5923	
3	6020	5923	5913	
3	1241	6021	5043	
3	1218	5786	6021	
3	1039	5043	5786	
3	6021	5786	5043	
3	1220	5658	6022	
3	1052	5852	5658	
3	982	6022	5852	
3	5658	5852	6022	
3	1102	5513	5937	
3	1219	5805	5513	
3	1186	5937	5805	
3	5513	5805	5937	
3	982	5289	6022	
3	1148	6023	5289	
3	1220	6022	6023	
3	5289	6023	6022	
3	1148	6024	6023	
3	1186	5804	6024	
3	1220	6023	5804	
3	6024	5804	6023	
3	1080	6025	5932	
3	1278	6026	6025	
3	1221	5932	6026	
3	6025	6026	5932	
3	1244	6027	6029	
3	1221	6028	6027	
3	1280	6029	6028	
3	6027	6028	6029	
3	1190	6030	5849	
3	1244	4893	6030	
3	1243	5849	4893	
3	6030	4893	5849	
3	1247	4215	6032	
3	1291	6031	4215	
3	1246	6032	6031	
3	4215	6031	6032	
3	1380	6033	6035	
3	1388	6034	6033	
3	1383	6035	6034	
3	6033	6034	6035	
3	1431	6036	6038	
3	1437	6037	6036	
3	1425	6038	6037	
3	6036	6037	6038	
3	1432	6039	6041	
3	1433	6040	6039	
3	1430	6041	6040	
3	6039	6040	6041	
3	1224	6042	6044	
3	1441	6043	6042	
3	1253	6044	6043	
3	6042	6043	6044	
3	1225	6045	6047	
3	1255	6046	6045	
3	1256	6047	6046	
3	6045	6046	6047	
3	1256	6048	6050	
3	1660	6049	6048	
3	1657	6050	6049	
3	6048	6049	6050	
3	1257	2652	6051	
3	1226	5985	2652	
3	259	6051	5985	
3	2652	5985	6051	
3	1258	6052	6053	
3	1226	2651	6052	
3	1759	6053	2651	
3	6052	2651	6053	
3	504	5898	3731	
3	1227	5989	5898	
3	413	3731	5989	
3	5898	5989	3731	
3	1205	4190	5896	
3	1227	3729	4190	
3	1177	5896	3729	
3	4190	3729	5896	
3	1331	6054	6055	
3	1343	2152	6054	
3	1508	6055	2152	
3	6054	2152	6055	
3	1260	6056	5918	
3	1119	6057	6056	
3	1208	5918	6057	
3	6056	6057	5918	
3	1010	5706	5709	
3	1208	6058	5706	
3	1229	5709	6058	
3	5706	6058	5709	
3	1119	5993	6057	
3	1229	6058	5993	
3	1208	6057	6058	
3	5993	6058	6057	
3	1231	5748	6059	
3	1230	5995	5748	
3	1134	6059	5995	
3	5748	5995	6059	
3	1232	5751	6060	
3	1230	5747	5751	
3	883	6060	5747	
3	5751	5747	6060	
3	1136	5740	5762	
3	1231	6059	5740	
3	1134	5762	6059	
3	5740	6059	5762	
3	1231	5761	5724	
3	1066	5416	5761	
3	1127	5724	5416	
3	5761	5416	5724	
3	1232	6060	5405	
3	883	5733	6060	
3	1129	5405	5733	
3	6060	5733	5405	
3	1232	4714	6062	
3	1015	6061	4714	
3	1264	6062	6061	
3	4714	6061	6062	
3	1179	5905	3966	
3	1210	6063	5905	
3	1233	3966	6063	
3	5905	6063	3966	
3	1233	6063	6065	
3	1210	6064	6063	
3	1264	6065	6064	
3	6063	6064	6065	
3	171	6066	4269	
3	1522	6067	6066	
3	1757	4269	6067	
3	6066	6067	4269	
3	1211	5907	5765	
3	1234	6068	5907	
3	1622	5765	6068	
3	5907	6068	5765	
3	208	2114	6069	
3	11	2354	2114	
3	1266	6069	2354	
3	2114	2354	6069	
3	1621	6070	4267	
3	656	4045	6070	
3	429	4267	4045	
3	6070	4045	4267	
3	1268	6071	6073	
3	1267	6072	6071	
3	1236	6073	6072	
3	6071	6072	6073	
3	1137	5753	5773	
3	1211	6074	5753	
3	1269	5773	6074	
3	5753	6074	5773	
3	1268	6075	6071	
3	1760	6076	6075	
3	1267	6071	6076	
3	6075	6076	6071	
3	1297	5912	6077	
3	1271	4807	5912	
3	1270	6077	4807	
3	5912	4807	6077	
3	1271	6078	4805	
3	1301	6079	6078	
3	1180	4805	6079	
3	6078	6079	4805	
3	1748	5729	6080	
3	1274	5924	5729	
3	822	6080	5924	
3	5729	5924	6080	
3	1261	6081	6083	
3	1764	6082	6081	
3	1763	6083	6082	
3	6081	6082	6083	
3	1239	5450	6006	
3	1214	6084	5450	
3	1276	6006	6084	
3	5450	6084	6006	
3	1217	6085	6087	
3	1349	6086	6085	
3	1351	6087	6086	
3	6085	6086	6087	
3	1273	6088	6090	
3	1300	6089	6088	
3	1301	6090	6089	
3	6088	6089	6090	
3	1217	6017	6091	
3	1241	5042	6017	
3	1145	6091	5042	
3	6017	5042	6091	
3	1218	6021	6020	
3	1241	6016	6021	
3	1216	6020	6016	
3	6021	6016	6020	
3	1281	5595	6092	
3	1278	6025	5595	
3	1080	6092	6025	
3	5595	6025	6092	
3	1292	6093	6095	
3	1310	6094	6093	
3	1311	6095	6094	
3	6093	6094	6095	
3	1244	6030	6027	
3	1190	5935	6030	
3	1221	6027	5935	
3	6030	5935	6027	
3	1245	5939	6096	
3	1243	4895	5939	
3	1222	6096	4895	
3	5939	4895	6096	
3	1280	6028	6097	
3	1221	6026	6028	
3	1278	6097	6026	
3	6028	6026	6097	
3	1283	6098	6100	
3	1280	6099	6098	
3	1242	6100	6099	
3	6098	6099	6100	
3	1246	5307	6101	
3	1245	6096	5307	
3	1222	6101	6096	
3	5307	6096	6101	
3	1192	5234	5940	
3	1245	5851	5234	
3	1164	5940	5851	
3	5234	5851	5940	
3	1246	6101	6032	
3	1222	6102	6101	
3	1247	6032	6102	
3	6101	6102	6032	
3	1246	6103	5308	
3	418	6104	6103	
3	1248	5308	6104	
3	6103	6104	5308	
3	1284	6105	6106	
3	1222	4894	6105	
3	1244	6106	4894	
3	6105	4894	6106	
3	511	4213	5231	
3	1247	6107	4213	
3	1292	5231	6107	
3	4213	6107	5231	
3	1249	3744	6108	
3	1248	6104	3744	
3	418	6108	6104	
3	3744	6104	6108	
3	1164	5850	6109	
3	1248	3743	5850	
3	168	6109	3743	
3	5850	3743	6109	
3	510	3754	3747	
3	1249	6108	3754	
3	418	3747	6108	
3	3754	6108	3747	
3	168	3742	2016	
3	1249	3753	3742	
3	508	2016	3753	
3	3742	3753	2016	
3	1755	5876	6110	
3	1250	3868	5876	
3	1168	6110	3868	
3	5876	3868	6110	
3	1432	6111	6112	
3	1250	5875	6111	
3	1223	6112	5875	
3	6111	5875	6112	
3	1252	6113	6114	
3	1197	3099	6113	
3	1109	6114	3099	
3	6113	3099	6114	
3	1253	5880	6044	
3	1251	5962	5880	
3	1224	6044	5962	
3	5880	5962	6044	
3	1197	6113	5870	
3	1252	5963	6113	
3	1251	5870	5963	
3	6113	5963	5870	
3	1109	5677	6114	
3	1171	5678	5677	
3	1252	6114	5678	
3	5677	5678	6114	
3	241	6115	6117	
3	324	6116	6115	
3	1837	6117	6116	
3	6115	6116	6117	
3	1533	6118	6120	
3	1534	6119	6118	
3	1512	6120	6119	
3	6118	6119	6120	
3	1197	5681	3100	
3	1254	5520	5681	
3	1110	3100	5520	
3	5681	5520	3100	
3	1876	6121	6123	
3	1254	6122	6121	
3	1225	6123	6122	
3	6121	6122	6123	
3	1255	5964	6125	
3	1172	6124	5964	
3	1841	6125	6124	
3	5964	6124	6125	
3	1254	5683	6122	
3	1255	6045	5683	
3	1225	6122	6045	
3	5683	6045	6122	
3	1838	6126	6128	
3	1909	6127	6126	
3	1253	6128	6127	
3	6126	6127	6128	
3	496	6129	6130	
3	874	4967	6129	
3	1648	6130	4967	
3	6129	4967	6130	
3	1257	6051	3179	
3	259	5899	6051	
3	504	3179	5899	
3	6051	5899	3179	
3	412	3423	6131	
3	190	3426	3423	
3	1759	6131	3426	
3	3423	3426	6131	
3	1228	5990	6133	
3	1258	6132	5990	
3	163	6133	6132	
3	5990	6132	6133	
3	1178	5720	6134	
3	1226	6052	5720	
3	1258	6134	6052	
3	5720	6052	6134	
3	1258	5992	6134	
3	1259	5902	5992	
3	1178	6134	5902	
3	5992	5902	6134	
3	1259	5991	5917	
3	1228	6135	5991	
3	1260	5917	6135	
3	5991	6135	5917	
3	1295	6136	6138	
3	1228	6137	6136	
3	1261	6138	6137	
3	6136	6137	6138	
3	1261	6139	6138	
3	1296	6140	6139	
3	1295	6138	6140	
3	6139	6140	6138	
3	1313	6141	6142	
3	1330	2869	6141	
3	191	6142	2869	
3	6141	2869	6142	
3	1313	6143	6144	
3	1214	5449	6143	
3	1312	6144	5449	
3	6143	5449	6144	
3	1119	6056	5712	
3	1260	6145	6056	
3	1262	5712	6145	
3	6056	6145	5712	
3	1295	6146	6147	
3	1262	6145	6146	
3	1260	6147	6145	
3	6146	6145	6147	
3	576	6148	5398	
3	171	6149	6148	
3	1263	5398	6149	
3	6148	6149	5398	
3	1263	6149	5998	
3	171	4271	6149	
3	1234	5998	4271	
3	6149	4271	5998	
3	1232	6062	5752	
3	1264	6064	6062	
3	1210	5752	6064	
3	6062	6064	5752	
3	574	5997	6150	
3	1264	6061	5997	
3	1015	6150	6061	
3	5997	6061	6150	
3	576	5399	3968	
3	1233	6151	5399	
3	1265	3968	6151	
3	5399	6151	3968	
3	1264	5996	6065	
3	1265	6151	5996	
3	1233	6065	6151	
3	5996	6151	6065	
3	656	2085	6152	
3	1266	2356	2085	
3	10	6152	2356	
3	2085	2356	6152	
3	1266	6153	6155	
3	1235	6154	6153	
3	1757	6155	6154	
3	6153	6154	6155	
3	1137	5772	3958	
3	1267	4039	5772	
3	1131	3958	4039	
3	5772	4039	3958	
3	1758	6156	6157	
3	1268	6073	6156	
3	1236	6157	6073	
3	6156	6073	6157	
3	1870	6158	6159	
3	591	4260	6158	
3	1629	6159	4260	
3	6158	4260	6159	
3	1140	6160	6002	
3	1760	5743	6160	
3	1237	6002	5743	
3	6160	5743	6002	
3	1624	6161	5767	
3	1269	6074	6161	
3	1211	5767	6074	
3	6161	6074	5767	
3	1267	5771	6072	
3	1269	6162	5771	
3	1236	6072	6162	
3	5771	6162	6072	
3	1212	6001	5775	
3	1237	6163	6001	
3	1270	5775	6163	
3	6001	6163	5775	
3	1297	6164	6166	
3	1237	6165	6164	
3	719	6166	6165	
3	6164	6165	6166	
3	717	6167	6169	
3	1314	6168	6167	
3	1298	6169	6168	
3	6167	6168	6169	
3	1271	5911	6171	
3	1298	6170	5911	
3	1299	6171	6170	
3	5911	6170	6171	
3	1138	5770	5746	
3	1272	4752	5770	
3	1132	5746	4752	
3	5770	4752	5746	
3	1212	5560	5760	
3	1272	5769	5560	
3	1135	5760	5769	
3	5560	5769	5760	
3	1318	6172	6174	
3	1275	6173	6172	
3	1273	6174	6173	
3	6172	6173	6174	
3	1238	4461	6176	
3	1300	6175	4461	
3	1315	6176	6175	
3	4461	6175	6176	
3	1132	4751	5731	
3	1238	6177	4751	
3	1274	5731	6177	
3	4751	6177	5731	
3	1315	6178	6179	
3	1275	5925	6178	
3	1274	6179	5925	
3	6178	5925	6179	
3	1215	5792	6181	
3	1318	6180	5792	
3	1316	6181	6180	
3	5792	6180	6181	
3	1275	6172	4795	
3	1318	6182	6172	
3	1319	4795	6182	
3	6172	6182	4795	
3	1329	2885	6183	
3	1214	6143	2885	
3	1313	6183	6143	
3	2885	6143	6183	
3	415	5826	3740	
3	1150	6184	5826	
3	1306	3740	6184	
3	5826	6184	3740	
3	1277	5588	6186	
3	1184	6185	5588	
3	1351	6186	6185	
3	5588	6185	6186	
3	1299	6187	6189	
3	1277	6188	6187	
3	1240	6189	6188	
3	6187	6188	6189	
3	1282	6190	6191	
3	1281	6092	6190	
3	1080	6191	6092	
3	6190	6092	6191	
3	1278	6192	6097	
3	1242	6099	6192	
3	1280	6097	6099	
3	6192	6099	6097	
3	1286	4623	6194	
3	907	6193	4623	
3	1915	6194	6193	
3	4623	6193	6194	
3	1286	6195	6197	
3	1287	6196	6195	
3	1279	6197	6196	
3	6195	6196	6197	
3	1283	6100	6199	
3	1242	6198	6100	
3	1761	6199	6198	
3	6100	6198	6199	
3	1244	6029	6106	
3	1280	6200	6029	
3	1284	6106	6200	
3	6029	6200	6106	
3	1282	6191	6202	
3	1080	6201	6191	
3	1146	6202	6201	
3	6191	6201	6202	
3	1281	6203	5596	
3	1279	6204	6203	
3	1762	5596	6204	
3	6203	6204	5596	
3	1185	5469	5928	
3	1288	6205	5469	
3	1146	5928	6205	
3	5469	6205	5928	
3	1279	6203	6206	
3	1281	6190	6203	
3	1282	6206	6190	
3	6203	6190	6206	
3	1311	6207	6208	
3	957	5006	6207	
3	572	6208	5006	
3	6207	5006	6208	
3	1284	6209	6105	
3	1247	6102	6209	
3	1222	6105	6102	
3	6209	6102	6105	
3	1280	6098	6200	
3	1283	6210	6098	
3	1284	6200	6210	
3	6098	6210	6200	
3	1310	6211	6212	
3	1284	6210	6211	
3	1283	6212	6210	
3	6211	6210	6212	
3	1279	6206	6214	
3	1282	6213	6206	
3	1285	6214	6213	
3	6206	6213	6214	
3	1288	4534	6215	
3	1285	6213	4534	
3	1282	6215	6213	
3	4534	6213	6215	
3	1279	6214	6197	
3	1285	6216	6214	
3	1286	6197	6216	
3	6214	6216	6197	
3	774	4625	5793	
3	1286	6216	4625	
3	1285	5793	6216	
3	4625	6216	5793	
3	1882	6217	6218	
3	1686	5069	6217	
3	1881	6218	5069	
3	6217	5069	6218	
3	1287	6219	6221	
3	1914	6220	6219	
3	1761	6221	6220	
3	6219	6220	6221	
3	1146	6205	6202	
3	1288	6215	6205	
3	1282	6202	6215	
3	6205	6215	6202	
3	1289	4535	6222	
3	1288	5471	4535	
3	974	6222	5471	
3	4535	5471	6222	
3	1290	5060	6223	
3	1289	6222	5060	
3	974	6223	6222	
3	5060	6222	6223	
3	774	5794	4859	
3	1289	5059	5794	
3	838	4859	5059	
3	5794	5059	4859	
3	1041	5055	5482	
3	1290	6223	5055	
3	974	5482	6223	
3	5055	6223	5482	
3	838	5061	4483	
3	1290	5481	5061	
3	720	4483	5481	
3	5061	5481	4483	
3	512	3750	3761	
3	1291	4214	3750	
3	511	3761	4214	
3	3750	4214	3761	
3	1246	6031	6103	
3	1291	3749	6031	
3	418	6103	3749	
3	6031	3749	6103	
3	1310	6224	6211	
3	1247	6209	6224	
3	1284	6211	6209	
3	6224	6209	6211	
3	641	5232	6225	
3	1292	6095	5232	
3	1311	6225	6095	
3	5232	6095	6225	
3	1239	6226	5448	
3	1763	6227	6226	
3	1312	5448	6227	
3	6226	6227	5448	
3	1763	6082	6229	
3	1764	6228	6082	
3	1293	6229	6228	
3	6082	6228	6229	
3	1075	5586	5582	
3	1294	6230	5586	
3	1032	5582	6230	
3	5586	6230	5582	
3	1121	5447	5713	
3	1294	5585	5447	
3	1076	5713	5585	
3	5447	5585	5713	
3	1228	6136	6135	
3	1295	6147	6136	
3	1260	6135	6147	
3	6136	6147	6135	
3	1296	6139	5708	
3	1261	6231	6139	
3	1181	5708	6231	
3	6139	6231	5708	
3	1294	5915	6230	
3	1296	6232	5915	
3	1032	6230	6232	
3	5915	6232	6230	
3	1295	6140	6146	
3	1296	5916	6140	
3	1262	6146	5916	
3	6140	5916	6146	
3	1237	6164	6163	
3	1297	6077	6164	
3	1270	6163	6077	
3	6164	6077	6163	
3	1298	5910	6233	
3	1297	6166	5910	
3	719	6233	6166	
3	5910	6166	6233	
3	719	4459	6233	
3	717	6169	4459	
3	1298	6233	6169	
3	4459	6169	6233	
3	1298	6168	6170	
3	1314	6234	6168	
3	1299	6170	6234	
3	6168	6234	6170	
3	1277	6187	5589	
3	1299	6235	6187	
3	1077	5589	6235	
3	6187	6235	5589	
3	1316	6236	6181	
3	1317	6237	6236	
3	1215	6181	6237	
3	6236	6237	6181	
3	1301	6089	6079	
3	1300	4460	6089	
3	1180	6079	4460	
3	6089	4460	6079	
3	1315	6238	6178	
3	1273	6173	6238	
3	1275	6178	6173	
3	6238	6173	6178	
3	1271	6171	6078	
3	1299	6239	6171	
3	1301	6078	6239	
3	6171	6239	6078	
3	1299	6189	6241	
3	1240	6240	6189	
3	1317	6241	6240	
3	6189	6240	6241	
3	1217	6242	6244	
3	1352	6243	6242	
3	1359	6244	6243	
3	6242	6243	6244	
3	1320	4776	6246	
3	1326	6245	4776	
3	1319	6246	6245	
3	4776	6245	6246	
3	809	4782	4764	
3	1303	6247	4782	
3	815	4764	6247	
3	4782	6247	4764	
3	822	5926	4781	
3	1275	4794	5926	
3	1303	4781	4794	
3	5926	4794	4781	
3	1188	5921	5931	
3	1304	5570	5921	
3	1150	5931	5570	
3	5921	5570	5931	
3	1239	6005	5816	
3	1304	5811	6005	
3	1183	5816	5811	
3	6005	5811	5816	
3	1321	6248	6250	
3	196	6249	6248	
3	1309	6250	6249	
3	6248	6249	6250	
3	1308	3738	6252	
3	1306	6251	3738	
3	1307	6252	6251	
3	3738	6251	6252	
3	1150	5569	6184	
3	1276	6253	5569	
3	1306	6184	6253	
3	5569	6253	6184	
3	1307	6251	6254	
3	1306	6253	6251	
3	1276	6254	6253	
3	6251	6253	6254	
3	1214	2884	6084	
3	1307	6254	2884	
3	1276	6084	6254	
3	2884	6254	6084	
3	1307	6255	6252	
3	1305	6256	6255	
3	1308	6252	6256	
3	6255	6256	6252	
3	1309	6257	6258	
3	1308	6256	6257	
3	1305	6258	6256	
3	6257	6256	6258	
3	415	3739	2417	
3	1308	6259	3739	
3	1324	2417	6259	
3	3739	6259	2417	
3	1321	6250	6260	
3	1309	6258	6250	
3	1305	6260	6258	
3	6250	6258	6260	
3	1309	6249	6262	
3	196	6261	6249	
3	1323	6262	6261	
3	6249	6261	6262	
3	1311	6094	6263	
3	1310	6212	6094	
3	1283	6263	6212	
3	6094	6212	6263	
3	1247	6224	6107	
3	1310	6093	6224	
3	1292	6107	6093	
3	6224	6093	6107	
3	957	6207	6264	
3	1311	6263	6207	
3	1283	6264	6263	
3	6207	6263	6264	
3	641	6225	5017	
3	1311	6208	6225	
3	572	5017	6208	
3	6225	6208	5017	
3	1763	6226	5920	
3	1239	5815	6226	
3	1070	5920	5815	
3	6226	5815	5920	
3	1313	6144	6266	
3	1312	6265	6144	
3	1293	6266	6265	
3	6144	6265	6266	
3	1293	6228	6268	
3	1764	6267	6228	
3	1330	6268	6267	
3	6228	6267	6268	
3	191	6269	6271	
3	1322	6270	6269	
3	1329	6271	6270	
3	6269	6270	6271	
3	1078	5046	4257	
3	1314	6167	5046	
3	717	4257	6167	
3	5046	6167	4257	
3	1077	6235	5045	
3	1299	6234	6235	
3	1314	5045	6234	
3	6235	6234	5045	
3	1238	6176	6177	
3	1315	6179	6176	
3	1274	6177	6179	
3	6176	6179	6177	
3	1273	6238	6088	
3	1315	6175	6238	
3	1300	6088	6175	
3	6238	6175	6088	
3	1273	6090	6273	
3	1301	6272	6090	
3	1316	6273	6272	
3	6090	6272	6273	
3	1317	6236	6274	
3	1316	6272	6236	
3	1301	6274	6272	
3	6236	6272	6274	
3	1299	6241	6239	
3	1317	6274	6241	
3	1301	6239	6274	
3	6241	6274	6239	
3	1215	6237	6275	
3	1317	6240	6237	
3	1240	6275	6240	
3	6237	6240	6275	
3	1316	6180	6273	
3	1318	6174	6180	
3	1273	6273	6174	
3	6180	6174	6273	
3	1319	6182	6276	
3	1318	5791	6182	
3	1302	6276	5791	
3	6182	5791	6276	
3	1319	6276	6246	
3	1302	6010	6276	
3	1320	6246	6010	
3	6276	6010	6246	
3	1303	4796	6247	
3	1319	6277	4796	
3	815	6247	6277	
3	4796	6277	6247	
3	1348	6278	6280	
3	1335	6279	6278	
3	1344	6280	6279	
3	6278	6279	6280	
3	1337	6281	6282	
3	1336	4812	6281	
3	1320	6282	4812	
3	6281	4812	6282	
3	1322	2900	6283	
3	1321	6260	2900	
3	1305	6283	6260	
3	2900	6260	6283	
3	196	6248	2664	
3	1321	6284	6248	
3	270	2664	6284	
3	6248	6284	2664	
3	1307	2883	6255	
3	1329	6285	2883	
3	1305	6255	6285	
3	2883	6285	6255	
3	1505	2369	6287	
3	1506	6286	2369	
3	1508	6287	6286	
3	2369	6286	6287	
3	268	3195	2897	
3	1323	6261	3195	
3	196	2897	6261	
3	3195	6261	2897	
3	1323	3194	3945	
3	346	3193	3194	
3	569	3945	3193	
3	3194	3193	3945	
3	1308	6257	6259	
3	1309	6288	6257	
3	1324	6259	6288	
3	6257	6288	6259	
3	1323	2899	6262	
3	1324	6288	2899	
3	1309	6262	6288	
3	2899	6288	6262	
3	1228	6289	6137	
3	1333	6290	6289	
3	1261	6137	6290	
3	6289	6290	6137	
3	1333	6291	6293	
3	163	6292	6291	
3	1332	6293	6292	
3	6291	6292	6293	
3	819	4793	4783	
3	1326	4775	4793	
3	820	4783	4775	
3	4793	4775	4783	
3	1319	6245	6277	
3	1326	4792	6245	
3	815	6277	4792	
3	6245	4792	6277	
3	1337	6294	6296	
3	1357	6295	6294	
3	1328	6296	6295	
3	6294	6295	6296	
3	820	4813	4818	
3	1336	6297	4813	
3	1338	4818	6297	
3	4813	6297	4818	
3	1341	6298	6300	
3	1337	6299	6298	
3	1335	6300	6299	
3	6298	6299	6300	
3	1340	6301	6303	
3	1766	6302	6301	
3	1328	6303	6302	
3	6301	6302	6303	
3	191	6271	6142	
3	1329	6183	6271	
3	1313	6142	6183	
3	6271	6183	6142	
3	1305	6285	6283	
3	1329	6270	6285	
3	1322	6283	6270	
3	6285	6270	6283	
3	1293	6268	6266	
3	1330	6141	6268	
3	1313	6266	6141	
3	6268	6141	6266	
3	1331	2870	6305	
3	1330	6304	2870	
3	1325	6305	6304	
3	2870	6304	6305	
3	1325	6306	6305	
3	1332	2155	6306	
3	1331	6305	2155	
3	6306	2155	6305	
3	163	6307	6292	
3	1334	2156	6307	
3	1332	6292	2156	
3	6307	2156	6292	
3	1333	6293	6308	
3	1332	6306	6293	
3	1325	6308	6306	
3	6293	6306	6308	
3	1334	6307	6309	
3	163	3424	6307	
3	190	6309	3424	
3	6307	3424	6309	
3	1333	6308	6311	
3	1325	6310	6308	
3	1764	6311	6310	
3	6308	6310	6311	
3	163	6291	6133	
3	1333	6289	6291	
3	1228	6133	6289	
3	6291	6289	6133	
3	1342	6312	6313	
3	1334	6309	6312	
3	190	6313	6309	
3	6312	6309	6313	
3	260	3182	2865	
3	1358	6314	3182	
3	342	2865	6314	
3	3182	6314	2865	
3	1344	6279	6315	
3	1335	6011	6279	
3	1302	6315	6011	
3	6279	6011	6315	
3	1336	6281	6316	
3	1337	6296	6281	
3	1328	6316	6296	
3	6281	6296	6316	
3	1337	6282	6299	
3	1320	6012	6282	
3	1335	6299	6012	
3	6282	6012	6299	
3	1338	6297	6317	
3	1336	6316	6297	
3	1328	6317	6316	
3	6297	6316	6317	
3	1354	6318	6320	
3	1327	6319	6318	
3	1765	6320	6319	
3	6318	6319	6320	
3	1341	6321	6323	
3	1354	6322	6321	
3	1357	6323	6322	
3	6321	6322	6323	
3	1339	4797	6324	
3	1338	6317	4797	
3	1328	6324	6317	
3	4797	6317	6324	
3	1338	4799	4819	
3	824	4786	4799	
3	826	4819	4786	
3	4799	4786	4819	
3	284	6325	6327	
3	1767	6326	6325	
3	1765	6327	6326	
3	6325	6326	6327	
3	1768	6328	6330	
3	1769	6329	6328	
3	1770	6330	6329	
3	6328	6329	6330	
3	1328	6302	6324	
3	1766	6014	6302	
3	1339	6324	6014	
3	6302	6014	6324	
3	1344	6331	6280	
3	1346	6332	6331	
3	1348	6280	6332	
3	6331	6332	6280	
3	1355	6333	6335	
3	1350	6334	6333	
3	1327	6335	6334	
3	6333	6334	6335	
3	190	2020	6313	
3	143	2638	2020	
3	1342	6313	2638	
3	2020	2638	6313	
3	1358	2639	6337	
3	143	6336	2639	
3	142	6337	6336	
3	2639	6336	6337	
3	1331	2154	6054	
3	1334	6338	2154	
3	1343	6054	6338	
3	2154	6338	6054	
3	1334	6312	6339	
3	1342	2637	6312	
3	1358	6339	2637	
3	6312	2637	6339	
3	1302	5790	6315	
3	1215	6340	5790	
3	1344	6315	6340	
3	5790	6340	6315	
3	1344	6340	6331	
3	1215	6341	6340	
3	1346	6331	6341	
3	6340	6341	6331	
3	1347	6009	6342	
3	1346	6341	6009	
3	1215	6342	6341	
3	6009	6341	6342	
3	1353	6343	6345	
3	1356	6344	6343	
3	1345	6345	6344	
3	6343	6344	6345	
3	1347	6342	6346	
3	1215	6275	6342	
3	1240	6346	6275	
3	6342	6275	6346	
3	1348	6332	6347	
3	1346	6008	6332	
3	1345	6347	6008	
3	6332	6008	6347	
3	1240	6188	6348	
3	1277	6186	6188	
3	1351	6348	6186	
3	6188	6186	6348	
3	1349	6349	6086	
3	1347	6350	6349	
3	1351	6086	6350	
3	6349	6350	6086	
3	1353	6345	6352	
3	1345	6351	6345	
3	1349	6352	6351	
3	6345	6351	6352	
3	1335	6278	6300	
3	1348	6353	6278	
3	1341	6300	6353	
3	6278	6353	6300	
3	1217	6091	6242	
3	1145	6354	6091	
3	1352	6242	6354	
3	6091	6354	6242	
3	1345	6007	6351	
3	1347	6349	6007	
3	1349	6351	6349	
3	6007	6349	6351	
3	1355	6335	6355	
3	1327	6318	6335	
3	1354	6355	6318	
3	6335	6318	6355	
3	1348	6356	6353	
3	1355	6357	6356	
3	1341	6353	6357	
3	6356	6357	6353	
3	1351	6350	6348	
3	1347	6346	6350	
3	1240	6348	6346	
3	6350	6346	6348	
3	1217	6087	5475	
3	1351	6185	6087	
3	1184	5475	6185	
3	6087	6185	5475	
3	1349	6085	6358	
3	1217	6244	6085	
3	1359	6358	6244	
3	6085	6244	6358	
3	1359	6359	6361	
3	164	6360	6359	
3	1353	6361	6360	
3	6359	6360	6361	
3	1348	6347	6362	
3	1345	6344	6347	
3	1356	6362	6344	
3	6347	6344	6362	
3	1357	6322	6364	
3	1354	6363	6322	
3	1340	6364	6363	
3	6322	6363	6364	
3	1348	6362	6356	
3	1356	6365	6362	
3	1355	6356	6365	
3	6362	6365	6356	
3	164	5788	6360	
3	1356	6343	5788	
3	1353	6360	6343	
3	5788	6343	6360	
3	1341	6357	6321	
3	1355	6355	6357	
3	1354	6321	6355	
3	6357	6355	6321	
3	1350	6333	5787	
3	1355	6365	6333	
3	1356	5787	6365	
3	6333	6365	5787	
3	1328	6295	6303	
3	1357	6364	6295	
3	1340	6303	6364	
3	6295	6364	6303	
3	1337	6298	6294	
3	1341	6323	6298	
3	1357	6294	6323	
3	6298	6323	6294	
3	342	6314	2089	
3	1358	6337	6314	
3	142	2089	6337	
3	6314	6337	2089	
3	1334	6339	6338	
3	1358	3183	6339	
3	1343	6338	3183	
3	6339	3183	6338	
3	164	6359	6366	
3	1359	6243	6359	
3	1352	6366	6243	
3	6359	6243	6366	
3	1349	6358	6352	
3	1359	6361	6358	
3	1353	6352	6361	
3	6358	6361	6352	
3	1811	6367	6368	
3	1813	2536	6367	
3	1818	6368	2536	
3	6367	2536	6368	
3	1361	2510	6370	
3	91	6369	2510	
3	1362	6370	6369	
3	2510	6369	6370	
3	1364	6371	2500	
3	181	1986	6371	
3	238	2500	1986	
3	6371	1986	2500	
3	91	6372	6369	
3	1365	3637	6372	
3	1362	6369	3637	
3	6372	3637	6369	
3	1366	6373	6375	
3	90	6374	6373	
3	1367	6375	6374	
3	6373	6374	6375	
3	181	6376	3632	
3	1361	6377	6376	
3	1363	3632	6377	
3	6376	6377	3632	
3	1362	3635	6370	
3	1363	6377	3635	
3	1361	6370	6377	
3	3635	6377	6370	
3	92	2508	2599	
3	1361	6378	2508	
3	1364	2599	6378	
3	2508	6378	2599	
3	181	6371	6376	
3	1364	6378	6371	
3	1361	6376	6378	
3	6371	6378	6376	
3	91	6379	6372	
3	90	6380	6379	
3	1365	6372	6380	
3	6379	6380	6372	
3	1366	3638	6373	
3	1365	6380	3638	
3	90	6373	6380	
3	3638	6380	6373	
3	1774	6381	6383	
3	1775	6382	6381	
3	1391	6383	6382	
3	6381	6382	6383	
3	1366	6375	2443	
3	1367	6384	6375	
3	1371	2443	6384	
3	6375	6384	2443	
3	90	6385	6374	
3	89	3111	6385	
3	1367	6374	3111	
3	6385	3111	6374	
3	1369	3112	2589	
3	89	6386	3112	
3	1370	2589	6386	
3	3112	6386	2589	
3	1368	6387	6389	
3	1375	6388	6387	
3	1371	6389	6388	
3	6387	6388	6389	
3	1369	6390	3113	
3	1371	6384	6390	
3	1367	3113	6384	
3	6390	6384	3113	
3	1370	6386	6392	
3	89	6391	6386	
3	88	6392	6391	
3	6386	6391	6392	
3	1369	2588	6390	
3	1368	6389	2588	
3	1371	6390	6389	
3	2588	6389	6390	
3	397	3365	2585	
3	1370	6392	3365	
3	88	2585	6392	
3	3365	6392	2585	
3	1775	6393	6394	
3	1370	3366	6393	
3	325	6394	3366	
3	6393	3366	6394	
3	1391	6395	6397	
3	1387	6396	6395	
3	1390	6397	6396	
3	6395	6396	6397	
3	1362	2581	3636	
3	1372	6398	2581	
3	475	3636	6398	
3	2581	6398	3636	
3	1375	6399	6388	
3	1376	6400	6399	
3	1371	6388	6400	
3	6399	6400	6388	
3	475	6398	6402	
3	1372	6401	6398	
3	1374	6402	6401	
3	6398	6401	6402	
3	1428	6403	6405	
3	1457	6404	6403	
3	1782	6405	6404	
3	6403	6404	6405	
3	1382	6406	6408	
3	1374	6407	6406	
3	1376	6408	6407	
3	6406	6407	6408	
3	1376	6409	6400	
3	1372	2444	6409	
3	1371	6400	2444	
3	6409	2444	6400	
3	1382	6410	6412	
3	1379	6411	6410	
3	1381	6412	6411	
3	6410	6411	6412	
3	1391	6413	6395	
3	242	6414	6413	
3	1387	6395	6414	
3	6413	6414	6395	
3	1377	6415	6416	
3	1376	6399	6415	
3	1375	6416	6399	
3	6415	6399	6416	
3	1377	6416	6418	
3	1375	6417	6416	
3	1373	6418	6417	
3	6416	6417	6418	
3	1374	6401	6407	
3	1372	6409	6401	
3	1376	6407	6409	
3	6401	6409	6407	
3	1377	6418	6420	
3	1373	6419	6418	
3	1379	6420	6419	
3	6418	6419	6420	
3	1376	6415	6408	
3	1377	6421	6415	
3	1382	6408	6421	
3	6415	6421	6408	
3	1378	6422	5859	
3	1379	6423	6422	
3	1383	5859	6423	
3	6422	6423	5859	
3	1405	6424	6426	
3	1399	6425	6424	
3	1406	6426	6425	
3	6424	6425	6426	
3	1386	6427	6429	
3	1384	6428	6427	
3	1383	6429	6428	
3	6427	6428	6429	
3	1379	6422	6411	
3	1378	6430	6422	
3	1381	6411	6430	
3	6422	6430	6411	
3	1380	6035	3101	
3	1383	6428	6035	
3	1384	3101	6428	
3	6035	6428	3101	
3	1402	6431	6433	
3	1413	6432	6431	
3	1412	6433	6432	
3	6431	6432	6433	
3	1378	6434	6436	
3	1404	6435	6434	
3	1405	6436	6435	
3	6434	6435	6436	
3	1406	6437	6426	
3	1777	5864	6437	
3	1405	6426	5864	
3	6437	5864	6426	
3	1379	6410	6420	
3	1382	6421	6410	
3	1377	6420	6421	
3	6410	6421	6420	
3	1374	6406	6438	
3	1382	6412	6406	
3	1381	6438	6412	
3	6406	6412	6438	
3	1386	6439	6440	
3	1379	6419	6439	
3	1373	6440	6419	
3	6439	6419	6440	
3	1396	5959	6442	
3	1385	6441	5959	
3	1388	6442	6441	
3	5959	6441	6442	
3	1389	6443	6444	
3	1384	6427	6443	
3	1386	6444	6427	
3	6443	6427	6444	
3	1460	6445	6447	
3	1461	6446	6445	
3	1459	6447	6446	
3	6445	6446	6447	
3	1417	6448	6450	
3	1409	6449	6448	
3	1196	6450	6449	
3	6448	6449	6450	
3	1394	6451	6453	
3	1397	6452	6451	
3	1388	6453	6452	
3	6451	6452	6453	
3	1379	6439	6423	
3	1386	6429	6439	
3	1383	6423	6429	
3	6439	6429	6423	
3	1389	6444	6454	
3	1386	6440	6444	
3	1373	6454	6440	
3	6444	6440	6454	
3	1389	6454	6456	
3	1373	6455	6454	
3	1390	6456	6455	
3	6454	6455	6456	
3	1463	6457	6459	
3	1466	6458	6457	
3	1446	6459	6458	
3	6457	6458	6459	
3	1401	6460	6461	
3	1396	6442	6460	
3	1388	6461	6442	
3	6460	6442	6461	
3	1388	6441	6453	
3	1385	6462	6441	
3	1394	6453	6462	
3	6441	6462	6453	
3	1390	6455	6463	
3	1373	6417	6455	
3	1375	6463	6417	
3	6455	6417	6463	
3	1387	6464	6466	
3	1464	6465	6464	
3	1462	6466	6465	
3	6464	6465	6466	
3	1375	6387	6468	
3	1368	6467	6387	
3	1774	6468	6467	
3	6387	6467	6468	
3	1387	6469	6396	
3	1389	6456	6469	
3	1390	6396	6456	
3	6469	6456	6396	
3	1774	6470	6468	
3	1390	6463	6470	
3	1375	6468	6463	
3	6470	6463	6468	
3	242	6413	6471	
3	1391	6382	6413	
3	1775	6471	6382	
3	6413	6382	6471	
3	1459	6472	6474	
3	1465	6473	6472	
3	1466	6474	6473	
3	6472	6473	6474	
3	1436	6475	6477	
3	323	6476	6475	
3	1778	6477	6476	
3	6475	6476	6477	
3	1393	6478	6479	
3	1396	6460	6478	
3	1401	6479	6460	
3	6478	6460	6479	
3	1393	6479	3162	
3	1401	6480	6479	
3	1411	3162	6480	
3	6479	6480	3162	
3	1403	6481	6482	
3	1394	6462	6481	
3	1385	6482	6462	
3	6481	6462	6482	
3	1397	6483	5861	
3	1404	6434	6483	
3	1378	5861	6434	
3	6483	6434	5861	
3	1384	6443	6485	
3	1389	6484	6443	
3	1462	6485	6484	
3	6443	6484	6485	
3	1401	6486	6480	
3	1421	6487	6486	
3	1411	6480	6487	
3	6486	6487	6480	
3	1401	6461	6488	
3	1388	6033	6461	
3	1380	6488	6033	
3	6461	6033	6488	
3	1402	5960	6489	
3	1396	6478	5960	
3	1393	6489	6478	
3	5960	6478	6489	
3	1388	6452	6034	
3	1397	5860	6452	
3	1383	6034	5860	
3	6452	5860	6034	
3	1404	6483	6490	
3	1397	6451	6483	
3	1394	6490	6451	
3	6483	6451	6490	
3	1385	6491	6482	
3	1418	6492	6491	
3	1403	6482	6492	
3	6491	6492	6482	
3	1420	6493	6495	
3	1846	6494	6493	
3	1398	6495	6494	
3	6493	6494	6495	
3	1394	6496	6490	
3	1410	6497	6496	
3	1404	6490	6497	
3	6496	6497	6490	
3	1846	6498	6500	
3	1845	6499	6498	
3	1399	6500	6499	
3	6498	6499	6500	
3	1400	3102	6501	
3	1384	6485	3102	
3	1462	6501	6485	
3	3102	6485	6501	
3	1400	6502	6504	
3	1395	6503	6502	
3	1421	6504	6503	
3	6502	6503	6504	
3	1421	6505	6504	
3	1380	3103	6505	
3	1400	6504	3103	
3	6505	3103	6504	
3	1427	6506	6508	
3	1422	6507	6506	
3	1423	6508	6507	
3	6506	6507	6508	
3	1402	6489	6431	
3	1393	6509	6489	
3	1413	6431	6509	
3	6489	6509	6431	
3	1402	6510	6511	
3	1196	6449	6510	
3	1409	6511	6449	
3	6510	6449	6511	
3	1409	6512	6511	
3	1385	5958	6512	
3	1402	6511	5958	
3	6512	5958	6511	
3	1410	6513	6515	
3	1403	6514	6513	
3	1398	6515	6514	
3	6513	6514	6515	
3	1410	6496	6513	
3	1394	6481	6496	
3	1403	6513	6481	
3	6496	6481	6513	
3	1405	6435	6424	
3	1404	6516	6435	
3	1399	6424	6516	
3	6435	6516	6424	
3	1399	6499	6425	
3	1845	6517	6499	
3	1406	6425	6517	
3	6499	6517	6425	
3	1378	6436	6430	
3	1405	5863	6436	
3	1381	6430	5863	
3	6436	5863	6430	
3	1776	6518	3639	
3	477	3655	6518	
3	478	3639	3655	
3	6518	3655	3639	
3	1381	5862	6438	
3	1777	6519	5862	
3	1374	6438	6519	
3	5862	6519	6438	
3	1423	6520	6508	
3	1407	6521	6520	
3	1427	6508	6521	
3	6520	6521	6508	
3	1196	6510	6522	
3	1402	6433	6510	
3	1412	6522	6433	
3	6510	6433	6522	
3	1435	6523	6524	
3	1437	6036	6523	
3	1431	6524	6036	
3	6523	6036	6524	
3	1432	6112	6039	
3	1223	6525	6112	
3	1433	6039	6525	
3	6112	6525	6039	
3	1756	6526	6528	
3	1196	6527	6526	
3	1755	6528	6527	
3	6526	6527	6528	
3	1385	6512	6491	
3	1409	6529	6512	
3	1418	6491	6529	
3	6512	6529	6491	
3	1616	6530	6531	
3	1398	5951	6530	
3	1614	6531	5951	
3	6530	5951	6531	
3	1404	6497	6516	
3	1410	6532	6497	
3	1399	6516	6532	
3	6497	6532	6516	
3	1380	6505	6488	
3	1421	6486	6505	
3	1401	6488	6486	
3	6505	6486	6488	
3	1414	6533	6535	
3	1408	6534	6533	
3	1413	6535	6534	
3	6533	6534	6535	
3	1433	6536	6538	
3	1412	6537	6536	
3	1408	6538	6537	
3	6536	6537	6538	
3	1755	6539	5874	
3	1412	6540	6539	
3	1223	5874	6540	
3	6539	6540	5874	
3	1414	6535	3161	
3	1413	6509	6535	
3	1393	3161	6509	
3	6535	6509	3161	
3	1412	6432	6537	
3	1413	6534	6432	
3	1408	6537	6534	
3	6432	6534	6537	
3	1424	6541	6543	
3	1429	6542	6541	
3	1407	6543	6542	
3	6541	6542	6543	
3	1407	6544	6543	
3	1445	6545	6544	
3	1424	6543	6545	
3	6544	6545	6543	
3	1408	6533	5877	
3	1414	6546	6533	
3	1416	5877	6546	
3	6533	6546	5877	
3	1416	6546	6548	
3	1414	6547	6546	
3	1424	6548	6547	
3	6546	6547	6548	
3	1414	6549	6547	
3	1429	6541	6549	
3	1424	6547	6541	
3	6549	6541	6547	
3	1430	5878	6551	
3	1416	6550	5878	
3	1431	6551	6550	
3	5878	6550	6551	
3	1426	5515	6553	
3	1194	6552	5515	
3	1419	6553	6552	
3	5515	6552	6553	
3	1403	6492	6514	
3	1418	6554	6492	
3	1398	6514	6554	
3	6492	6554	6514	
3	1409	6448	6529	
3	1417	5955	6448	
3	1418	6529	5955	
3	6448	5955	6529	
3	1417	5952	5956	
3	1167	6555	5952	
3	1426	5956	6555	
3	5952	6555	5956	
3	1615	6556	6558	
3	1614	6557	6556	
3	1194	6558	6557	
3	6556	6557	6558	
3	1398	6554	5949	
3	1418	6559	6554	
3	1419	5949	6559	
3	6554	6559	5949	
3	547	6560	6562	
3	616	6561	6560	
3	1609	6562	6561	
3	6560	6561	6562	
3	1844	3650	3652	
3	477	6563	3650	
3	1845	3652	6563	
3	3650	6563	3652	
3	1422	6564	6565	
3	1421	6503	6564	
3	1395	6565	6503	
3	6564	6503	6565	
3	1411	6487	6567	
3	1421	6566	6487	
3	1427	6567	6566	
3	6487	6566	6567	
3	1461	6568	6569	
3	1422	6565	6568	
3	1395	6569	6565	
3	6568	6565	6569	
3	1422	6570	6507	
3	1392	6571	6570	
3	1423	6507	6571	
3	6570	6571	6507	
3	1443	6572	6573	
3	1423	6571	6572	
3	1392	6573	6571	
3	6572	6571	6573	
3	1456	6574	6576	
3	1483	6575	6574	
3	1450	6576	6575	
3	6574	6575	6576	
3	1454	6577	3711	
3	1423	6572	6577	
3	1443	3711	6572	
3	6577	6572	3711	
3	1416	6548	6579	
3	1424	6578	6548	
3	1780	6579	6578	
3	6548	6578	6579	
3	1435	6524	6581	
3	1431	6580	6524	
3	1415	6581	6580	
3	6524	6580	6581	
3	1440	6582	6584	
3	1432	6583	6582	
3	1425	6584	6583	
3	6582	6583	6584	
3	1426	6555	5516	
3	1167	6585	6555	
3	1754	5516	6585	
3	6555	6585	5516	
3	1418	5957	6559	
3	1426	6553	5957	
3	1419	6559	6553	
3	5957	6553	6559	
3	1411	6567	6586	
3	1427	6521	6567	
3	1407	6586	6521	
3	6567	6521	6586	
3	1422	6506	6564	
3	1427	6566	6506	
3	1421	6564	6566	
3	6506	6566	6564	
3	1428	6587	6403	
3	1443	6588	6587	
3	1457	6403	6588	
3	6587	6588	6403	
3	78	3717	6589	
3	408	3408	3717	
3	1854	6589	3408	
3	3717	3408	6589	
3	1414	3160	6549	
3	1411	6590	3160	
3	1429	6549	6590	
3	3160	6590	6549	
3	1407	6542	6586	
3	1429	6590	6542	
3	1411	6586	6590	
3	6542	6590	6586	
3	1431	6550	6580	
3	1416	6591	6550	
3	1415	6580	6591	
3	6550	6591	6580	
3	1430	6592	6041	
3	1425	6583	6592	
3	1432	6041	6583	
3	6592	6583	6041	
3	1778	6593	6477	
3	1435	6594	6593	
3	1436	6477	6594	
3	6593	6594	6477	
3	1425	6592	6038	
3	1430	6551	6592	
3	1431	6038	6551	
3	6592	6551	6038	
3	1440	6584	6596	
3	1425	6595	6584	
3	1439	6596	6595	
3	6584	6595	6596	
3	1250	6111	3869	
3	1432	6597	6111	
3	1171	3869	6597	
3	6111	6597	3869	
3	1412	6536	6540	
3	1433	6525	6536	
3	1223	6540	6525	
3	6536	6525	6540	
3	1408	5879	6538	
3	1430	6040	5879	
3	1433	6538	6040	
3	5879	6040	6538	
3	1444	3108	6599	
3	1438	6598	3108	
3	1434	6599	6598	
3	3108	6598	6599	
3	241	6600	2734	
3	1441	6601	6600	
3	1438	2734	6601	
3	6600	6601	2734	
3	1435	6581	6594	
3	1415	6602	6581	
3	1436	6594	6602	
3	6581	6602	6594	
3	1435	6603	6523	
3	1434	6604	6603	
3	1437	6523	6604	
3	6603	6604	6523	
3	1456	6605	6607	
3	1780	6606	6605	
3	1445	6607	6606	
3	6605	6606	6607	
3	1450	6608	6610	
3	1779	6609	6608	
3	1780	6610	6609	
3	6608	6609	6610	
3	1438	6611	6598	
3	1437	6604	6611	
3	1434	6598	6604	
3	6611	6604	6598	
3	1224	5961	6612	
3	1252	5680	5961	
3	1440	6612	5680	
3	5961	5680	6612	
3	1778	6613	6614	
3	1444	6599	6613	
3	1434	6614	6599	
3	6613	6599	6614	
3	241	6615	6600	
3	1253	6043	6615	
3	1441	6600	6043	
3	6615	6043	6600	
3	1425	6037	6595	
3	1437	6616	6037	
3	1439	6595	6616	
3	6037	6616	6595	
3	1441	6617	6601	
3	1437	6611	6617	
3	1438	6601	6611	
3	6617	6611	6601	
3	1432	6582	6597	
3	1440	5679	6582	
3	1171	6597	5679	
3	6582	5679	6597	
3	1224	6612	6618	
3	1440	6596	6612	
3	1439	6618	6596	
3	6612	6596	6618	
3	1224	6618	6042	
3	1439	6619	6618	
3	1441	6042	6619	
3	6618	6619	6042	
3	1441	6619	6617	
3	1439	6616	6619	
3	1437	6617	6616	
3	6619	6616	6617	
3	1442	6620	6622	
3	1447	6621	6620	
3	1467	6622	6621	
3	6620	6621	6622	
3	1479	6623	6625	
3	1483	6624	6623	
3	1442	6625	6624	
3	6623	6624	6625	
3	1458	6626	6628	
3	1451	6627	6626	
3	1457	6628	6627	
3	6626	6627	6628	
3	1447	3712	6629	
3	1443	6587	3712	
3	1428	6629	6587	
3	3712	6587	6629	
3	323	6630	6632	
3	1448	6631	6630	
3	1444	6632	6631	
3	6630	6631	6632	
3	1448	6633	6631	
3	1449	6634	6633	
3	1444	6631	6634	
3	6633	6634	6631	
3	1468	6635	6636	
3	1423	6577	6635	
3	1454	6636	6577	
3	6635	6577	6636	
3	1453	6637	6638	
3	1456	6607	6637	
3	1445	6638	6607	
3	6637	6607	6638	
3	1392	6639	6641	
3	1460	6640	6639	
3	1458	6641	6640	
3	6639	6640	6641	
3	1446	6458	6643	
3	1466	6642	6458	
3	1477	6643	6642	
3	6458	6642	6643	
3	1447	6644	6621	
3	1471	6645	6644	
3	1467	6621	6645	
3	6644	6645	6621	
3	1453	6646	6637	
3	1442	6647	6646	
3	1456	6637	6647	
3	6646	6647	6637	
3	1794	2711	6648	
3	1448	6630	2711	
3	323	6648	6630	
3	2711	6630	6648	
3	1449	6633	6649	
3	1448	2710	6633	
3	395	6649	2710	
3	6633	2710	6649	
3	68	3359	2698	
3	1449	6649	3359	
3	395	2698	6649	
3	3359	6649	2698	
3	324	6115	6650	
3	241	2733	6115	
3	1455	6650	2733	
3	6115	2733	6650	
3	1467	6651	6622	
3	1479	6625	6651	
3	1442	6622	6625	
3	6651	6625	6622	
3	1415	6652	6602	
3	1779	6653	6652	
3	1436	6602	6653	
3	6652	6653	6602	
3	1458	6654	6641	
3	1443	6573	6654	
3	1392	6641	6573	
3	6654	6573	6641	
3	1889	6655	6657	
3	1782	6656	6655	
3	1451	6657	6656	
3	6655	6656	6657	
3	1478	6658	6659	
3	1446	6643	6658	
3	1477	6659	6643	
3	6658	6643	6659	
3	1890	6660	6662	
3	1489	6661	6660	
3	1494	6662	6661	
3	6660	6661	6662	
3	1445	6544	6664	
3	1407	6663	6544	
3	1468	6664	6663	
3	6544	6663	6664	
3	1447	6620	6665	
3	1442	6646	6620	
3	1453	6665	6646	
3	6620	6646	6665	
3	1447	6665	3713	
3	1453	6666	6665	
3	1454	3713	6666	
3	6665	6666	3713	
3	1468	6667	6664	
3	1453	6638	6667	
3	1445	6664	6638	
3	6667	6638	6664	
3	1444	6634	3107	
3	1449	6668	6634	
3	1455	3107	6668	
3	6634	6668	3107	
3	324	6650	3364	
3	1455	6668	6650	
3	1449	3364	6668	
3	6650	6668	3364	
3	1456	6647	6574	
3	1442	6624	6647	
3	1483	6574	6624	
3	6647	6624	6574	
3	1456	6576	6605	
3	1450	6610	6576	
3	1780	6605	6610	
3	6576	6610	6605	
3	1458	6628	6654	
3	1457	6588	6628	
3	1443	6654	6588	
3	6628	6588	6654	
3	1782	6404	6656	
3	1457	6627	6404	
3	1451	6656	6627	
3	6404	6627	6656	
3	1460	6639	6445	
3	1392	6669	6639	
3	1461	6445	6669	
3	6639	6669	6445	
3	1458	6640	6671	
3	1460	6670	6640	
3	1463	6671	6670	
3	6640	6670	6671	
3	1464	6672	6674	
3	242	6673	6672	
3	1465	6674	6673	
3	6672	6673	6674	
3	1451	6626	6675	
3	1458	6671	6626	
3	1463	6675	6671	
3	6626	6671	6675	
3	1392	6570	6669	
3	1422	6568	6570	
3	1461	6669	6568	
3	6570	6568	6669	
3	1463	6670	6676	
3	1460	6447	6670	
3	1459	6676	6447	
3	6670	6447	6676	
3	1395	6502	6677	
3	1400	6501	6502	
3	1462	6677	6501	
3	6502	6501	6677	
3	1461	6678	6679	
3	1462	6465	6678	
3	1464	6679	6465	
3	6678	6465	6679	
3	1387	6466	6469	
3	1462	6484	6466	
3	1389	6469	6484	
3	6466	6484	6469	
3	1462	6678	6677	
3	1461	6569	6678	
3	1395	6677	6569	
3	6678	6569	6677	
3	1459	6680	6472	
3	1464	6674	6680	
3	1465	6472	6674	
3	6680	6674	6472	
3	1451	6675	6681	
3	1463	6459	6675	
3	1446	6681	6459	
3	6675	6459	6681	
3	242	6672	6414	
3	1464	6464	6672	
3	1387	6414	6464	
3	6672	6464	6414	
3	1461	6679	6446	
3	1464	6680	6679	
3	1459	6446	6680	
3	6679	6680	6446	
3	1465	6682	6473	
3	1474	6683	6682	
3	1466	6473	6683	
3	6682	6683	6473	
3	1459	6474	6676	
3	1466	6457	6474	
3	1463	6676	6457	
3	6474	6457	6676	
3	242	6684	6686	
3	1781	6685	6684	
3	1474	6686	6685	
3	6684	6685	6686	
3	1475	6687	6688	
3	1466	6683	6687	
3	1474	6688	6683	
3	6687	6683	6688	
3	1471	6644	6689	
3	1447	6629	6644	
3	1428	6689	6629	
3	6644	6629	6689	
3	1480	6690	6691	
3	1479	6651	6690	
3	1467	6691	6651	
3	6690	6651	6691	
3	1423	6635	6520	
3	1468	6663	6635	
3	1407	6520	6663	
3	6635	6663	6520	
3	1453	6667	6666	
3	1468	6636	6667	
3	1454	6666	6636	
3	6667	6636	6666	
3	325	6692	6693	
3	1781	6684	6692	
3	242	6693	6684	
3	6692	6684	6693	
3	1827	6694	6696	
3	1475	6695	6694	
3	1476	6696	6695	
3	6694	6695	6696	
3	243	2530	6698	
3	1803	6697	2530	
3	183	6698	6697	
3	2530	6697	6698	
3	1971	6699	6701	
3	1472	6700	6699	
3	1795	6701	6700	
3	6699	6700	6701	
3	1471	6689	6703	
3	1428	6702	6689	
3	1888	6703	6702	
3	6689	6702	6703	
3	1467	6645	6705	
3	1471	6704	6645	
3	1971	6705	6704	
3	6645	6704	6705	
3	1782	6706	6708	
3	1924	6707	6706	
3	1888	6708	6707	
3	6706	6707	6708	
3	1912	6709	6711	
3	1930	6710	6709	
3	1936	6711	6710	
3	6709	6710	6711	
3	1480	6712	6690	
3	1473	6713	6712	
3	1479	6690	6713	
3	6712	6713	6690	
3	69	6714	6716	
3	1786	6715	6714	
3	70	6716	6715	
3	6714	6715	6716	
3	242	6686	6673	
3	1474	6682	6686	
3	1465	6673	6682	
3	6686	6682	6673	
3	1475	6688	6718	
3	1474	6717	6688	
3	1469	6718	6717	
3	6688	6717	6718	
3	1476	6695	6719	
3	1475	6718	6695	
3	1469	6719	6718	
3	6695	6718	6719	
3	1475	6720	6722	
3	1470	6721	6720	
3	1477	6722	6721	
3	6720	6721	6722	
3	1469	6723	6725	
3	1513	6724	6723	
3	1514	6725	6724	
3	6723	6724	6725	
3	183	6726	6728	
3	1822	6727	6726	
3	1827	6728	6727	
3	6726	6727	6728	
3	1475	6722	6687	
3	1477	6642	6722	
3	1466	6687	6642	
3	6722	6642	6687	
3	1477	6721	6730	
3	1470	6729	6721	
3	1903	6730	6729	
3	6721	6729	6730	
3	1807	6731	6733	
3	1819	6732	6731	
3	1821	6733	6732	
3	6731	6732	6733	
3	1932	6734	6736	
3	1919	6735	6734	
3	1917	6736	6735	
3	6734	6735	6736	
3	1480	6691	6738	
3	1467	6737	6691	
3	1452	6738	6737	
3	6691	6737	6738	
3	1479	6713	6740	
3	1473	6739	6713	
3	1481	6740	6739	
3	6713	6739	6740	
3	1480	6738	6742	
3	1452	6741	6738	
3	1492	6742	6741	
3	6738	6741	6742	
3	1489	6743	6661	
3	1491	6744	6743	
3	1494	6661	6744	
3	6743	6744	6661	
3	1487	6745	6747	
3	1486	6746	6745	
3	1481	6747	6746	
3	6745	6746	6747	
3	1779	6748	6653	
3	1485	2730	6748	
3	1436	6653	2730	
3	6748	2730	6653	
3	1492	6741	6750	
3	1452	6749	6741	
3	1899	6750	6749	
3	6741	6749	6750	
3	1554	6751	6753	
3	1848	6752	6751	
3	1933	6753	6752	
3	6751	6752	6753	
3	1479	6740	6623	
3	1481	6754	6740	
3	1483	6623	6754	
3	6740	6754	6623	
3	1483	6754	6575	
3	1481	6755	6754	
3	1450	6575	6755	
3	6754	6755	6575	
3	1473	6756	6758	
3	1491	6757	6756	
3	1487	6758	6757	
3	6756	6757	6758	
3	1785	6759	6760	
3	69	2699	6759	
3	395	6760	2699	
3	6759	2699	6760	
3	1450	6755	6762	
3	1481	6761	6755	
3	1485	6762	6761	
3	6755	6761	6762	
3	1486	2728	6746	
3	1485	6761	2728	
3	1481	6746	6761	
3	2728	6761	6746	
3	1487	6747	6758	
3	1481	6739	6747	
3	1473	6758	6739	
3	6747	6739	6758	
3	1488	3715	6764	
3	1486	6763	3715	
3	1484	6764	6763	
3	3715	6763	6764	
3	1480	6742	6766	
3	1492	6765	6742	
3	1796	6766	6765	
3	6742	6765	6766	
3	1484	6763	6767	
3	1486	6745	6763	
3	1487	6767	6745	
3	6763	6745	6767	
3	1484	6768	6764	
3	1788	6769	6768	
3	1488	6764	6769	
3	6768	6769	6764	
3	1436	3714	6475	
3	1488	6770	3714	
3	323	6475	6770	
3	3714	6770	6475	
3	1500	3157	6771	
3	406	2845	3157	
3	187	6771	2845	
3	3157	2845	6771	
3	1491	6772	6757	
3	1495	6773	6772	
3	1487	6757	6773	
3	6772	6773	6757	
3	1495	6774	6773	
3	1484	6767	6774	
3	1487	6773	6767	
3	6774	6767	6773	
3	1785	6775	6759	
3	1786	6714	6775	
3	69	6759	6714	
3	6775	6714	6759	
3	1496	6776	6777	
3	1473	6712	6776	
3	1480	6777	6712	
3	6776	6712	6777	
3	1491	6743	6779	
3	1489	6778	6743	
3	1493	6779	6778	
3	6743	6778	6779	
3	1971	6701	6781	
3	1795	6780	6701	
3	1899	6781	6780	
3	6701	6780	6781	
3	1853	6782	6784	
3	1852	6783	6782	
3	1784	6784	6783	
3	6782	6783	6784	
3	1892	3158	6786	
3	1500	6785	3158	
3	1893	6786	6785	
3	3158	6785	6786	
3	1793	6787	6789	
3	1789	6788	6787	
3	1792	6789	6788	
3	6787	6788	6789	
3	1491	6756	6790	
3	1473	6776	6756	
3	1496	6790	6776	
3	6756	6776	6790	
3	1797	6791	6793	
3	1492	6792	6791	
3	1482	6793	6792	
3	6791	6792	6793	
3	1491	6779	6772	
3	1493	6794	6779	
3	1495	6772	6794	
3	6779	6794	6772	
3	1495	6794	6795	
3	1493	2723	6794	
3	1788	6795	2723	
3	6794	2723	6795	
3	1796	6796	6766	
3	1496	6777	6796	
3	1480	6766	6777	
3	6796	6777	6766	
3	1491	6790	6744	
3	1496	6797	6790	
3	1494	6744	6797	
3	6790	6797	6744	
3	1499	6798	6800	
3	1501	6799	6798	
3	71	6800	6799	
3	6798	6799	6800	
3	187	3400	6771	
3	1497	6801	3400	
3	1500	6771	6801	
3	3400	6801	6771	
3	253	2764	2843	
3	1498	3401	2764	
3	187	2843	3401	
3	2764	3401	2843	
3	73	2762	2842	
3	1497	3402	2762	
3	1498	2842	3402	
3	2762	3402	2842	
3	1787	6802	6803	
3	1789	6787	6802	
3	1793	6803	6787	
3	6802	6787	6803	
3	1493	6804	6806	
3	1790	6805	6804	
3	1789	6806	6805	
3	6804	6805	6806	
3	1893	6807	6808	
3	1497	2567	6807	
3	1501	6808	2567	
3	6807	2567	6808	
3	1790	6809	6805	
3	1894	6810	6809	
3	1789	6805	6810	
3	6809	6810	6805	
3	71	6799	6811	
3	1501	2566	6799	
3	72	6811	2566	
3	6799	2566	6811	
3	1501	6798	6808	
3	1499	6812	6798	
3	1893	6808	6812	
3	6798	6812	6808	
3	1800	6813	6815	
3	1502	6814	6813	
3	231	6815	6814	
3	6813	6814	6815	
3	1502	6813	6816	
3	1800	2004	6813	
3	1801	6816	2004	
3	6813	2004	6816	
3	1817	6817	6819	
3	1812	6818	6817	
3	84	6819	6818	
3	6817	6818	6819	
3	1805	6820	6821	
3	1803	2529	6820	
3	1503	6821	2529	
3	6820	2529	6821	
3	327	2738	3117	
3	1504	2680	2738	
3	244	3117	2680	
3	2738	2680	3117	
3	49	2673	3116	
3	245	2678	2673	
3	1504	3116	2678	
3	2673	2678	3116	
3	199	2757	2025	
3	1505	3181	2757	
3	141	2025	3181	
3	2757	3181	2025	
3	270	6822	3197	
3	1507	6004	6822	
3	197	3197	6004	
3	6822	6004	3197	
3	1322	6269	6824	
3	191	6823	6269	
3	1506	6824	6823	
3	6269	6823	6824	
3	1508	6286	6825	
3	1506	6823	6286	
3	191	6825	6823	
3	6286	6823	6825	
3	1321	2902	6284	
3	1507	6822	2902	
3	270	6284	6822	
3	2902	6822	6284	
3	1322	6824	2901	
3	1506	6003	6824	
3	1507	2901	6003	
3	6824	6003	2901	
3	1508	6825	6055	
3	191	2868	6825	
3	1331	6055	2868	
3	6825	2868	6055	
3	1505	6287	2867	
3	1508	2151	6287	
3	260	2867	2151	
3	6287	2151	2867	
3	1521	6826	6827	
3	1509	2880	6826	
3	205	6827	2880	
3	6826	2880	6827	
3	264	2122	2683	
3	1509	6828	2122	
3	266	2683	6828	
3	2122	6828	2683	
3	205	3198	2104	
3	275	6829	3198	
3	1510	2104	6829	
3	3198	6829	2104	
3	352	2881	3948	
3	1510	6829	2881	
3	275	3948	6829	
3	2881	6829	3948	
3	32	6830	2317	
3	31	6831	6830	
3	1511	2317	6831	
3	6830	6831	2317	
3	292	2552	2069	
3	1511	6831	2552	
3	31	2069	6831	
3	2552	6831	2069	
3	1537	6832	3392	
3	65	6833	6832	
3	1526	3392	6833	
3	6832	6833	3392	
3	1528	3399	6834	
3	1530	2785	3399	
3	405	6834	2785	
3	3399	2785	6834	
3	1514	6724	6835	
3	1513	3114	6724	
3	243	6835	3114	
3	6724	3114	6835	
3	1781	6836	6837	
3	1513	6723	6836	
3	1469	6837	6723	
3	6836	6723	6837	
3	183	2602	6698	
3	1514	6835	2602	
3	243	6698	6835	
3	2602	6835	6698	
3	1469	6725	6719	
3	1514	2601	6725	
3	1476	6719	2601	
3	6725	2601	6719	
3	251	2745	2833	
3	1516	6838	2745	
3	186	2833	6838	
3	2745	6838	2833	
3	331	4933	2644	
3	57	6839	4933	
3	1515	2644	6839	
3	4933	6839	2644	
3	60	3140	3139	
3	1516	2747	3140	
3	332	3139	2747	
3	3140	2747	3139	
3	60	6840	3141	
3	59	3144	6840	
3	1517	3141	3144	
3	6840	3144	3141	
3	1518	3142	6841	
3	59	2217	3142	
3	335	6841	2217	
3	3142	2217	6841	
3	1520	6842	6843	
3	335	4950	6842	
3	252	6843	4950	
3	6842	4950	6843	
3	1518	6844	4968	
3	1520	3154	6844	
3	1519	4968	3154	
3	6844	3154	4968	
3	874	6129	3156	
3	496	6845	6129	
3	1519	3156	6845	
3	6129	6845	3156	
3	1839	3384	6846	
3	1519	6845	3384	
3	496	6846	6845	
3	3384	6845	6846	
3	335	6842	6841	
3	1520	6844	6842	
3	1518	6841	6844	
3	6842	6844	6841	
3	1520	6843	4969	
3	252	4674	6843	
3	873	4969	4674	
3	6843	4674	4969	
3	1509	6826	6828	
3	1521	3186	6826	
3	266	6828	3186	
3	6826	3186	6828	
3	170	2886	2103	
3	1521	6827	2886	
3	205	2103	6827	
3	2886	6827	2103	
3	1757	6067	6847	
3	1522	3769	6067	
3	208	6847	3769	
3	6067	3769	6847	
3	576	2281	6148	
3	1522	6066	2281	
3	171	6148	6066	
3	2281	6066	6148	
3	293	2982	2316	
3	1523	2136	2982	
3	32	2316	2136	
3	2982	2136	2316	
3	291	3296	2990	
3	1523	2984	3296	
3	376	2990	2984	
3	3296	2984	2990	
3	113	2520	6848	
3	1524	2467	2520	
3	114	6848	2467	
3	2520	2467	6848	
3	1524	2522	3318	
3	383	6849	2522	
3	1525	3318	6849	
3	2522	6849	3318	
3	383	3830	6849	
3	312	6850	3830	
3	1525	6849	6850	
3	3830	6850	6849	
3	1545	3562	3834	
3	1525	6850	3562	
3	312	3834	6850	
3	3562	6850	3834	
3	65	6851	6833	
3	64	6852	6851	
3	1526	6833	6852	
3	6851	6852	6833	
3	403	2094	2703	
3	1526	6852	2094	
3	64	2703	6852	
3	2094	6852	2703	
3	1528	6853	3396	
3	1527	3390	6853	
3	404	3396	3390	
3	6853	3390	3396	
3	1526	2093	3393	
3	1527	6854	2093	
3	405	3393	6854	
3	2093	6854	3393	
3	1528	3395	3397	
3	402	6855	3395	
3	1531	3397	6855	
3	3395	6855	3397	
3	1527	6853	6854	
3	1528	6834	6853	
3	405	6854	6834	
3	6853	6834	6854	
3	1529	6856	6858	
3	1531	6857	6856	
3	1532	6858	6857	
3	6856	6857	6858	
3	1172	6859	6124	
3	1909	6860	6859	
3	1841	6124	6860	
3	6859	6860	6124	
3	1529	6861	6863	
3	1533	6862	6861	
3	1530	6863	6862	
3	6861	6862	6863	
3	1533	6120	6865	
3	1512	6864	6120	
3	1535	6865	6864	
3	6120	6864	6865	
3	1531	6855	6867	
3	402	6866	6855	
3	1872	6867	6866	
3	6855	6866	6867	
3	1530	3398	6863	
3	1531	6856	3398	
3	1529	6863	6856	
3	3398	6856	6863	
3	402	3703	6869	
3	497	6868	3703	
3	1652	6869	6868	
3	3703	6868	6869	
3	1532	6870	6872	
3	1256	6871	6870	
3	1840	6872	6871	
3	6870	6871	6872	
3	1534	6118	6873	
3	1533	6861	6118	
3	1529	6873	6861	
3	6118	6861	6873	
3	1512	6874	6864	
3	1536	3105	6874	
3	1535	6864	3105	
3	6874	3105	6864	
3	1529	6858	6875	
3	1532	6872	6858	
3	1840	6875	6872	
3	6858	6872	6875	
3	1838	6876	2207	
3	241	6117	6876	
3	1837	2207	6117	
3	6876	6117	2207	
3	1537	6877	6832	
3	66	6878	6877	
3	65	6832	6878	
3	6877	6878	6832	
3	1530	6862	6879	
3	1533	6865	6862	
3	1535	6879	6865	
3	6862	6865	6879	
3	324	2781	6880	
3	1536	6874	2781	
3	1512	6880	6874	
3	2781	6874	6880	
3	66	3106	6881	
3	1536	3363	3106	
3	67	6881	3363	
3	3106	3363	6881	
3	1530	6879	2786	
3	1535	6882	6879	
3	1537	2786	6882	
3	6879	6882	2786	
3	66	6877	3104	
3	1537	6882	6877	
3	1535	3104	6882	
3	6877	6882	3104	
3	652	4250	4252	
3	1538	3249	4250	
3	363	4252	3249	
3	4250	3249	4252	
3	516	3235	3773	
3	1538	4251	3235	
3	425	3773	4251	
3	3235	4251	3773	
3	432	3280	3488	
3	1539	3435	3280	
3	371	3488	3435	
3	3280	3435	3488	
3	924	5122	5109	
3	1539	3799	5122	
3	431	5109	3799	
3	5122	3799	5109	
3	1540	3006	3298	
3	293	2987	3006	
3	220	3298	2987	
3	3006	2987	3298	
3	599	4065	3489	
3	1540	3804	4065	
3	435	3489	3804	
3	4065	3804	3489	
3	296	2371	3002	
3	1541	2571	2371	
3	295	3002	2571	
3	2371	2571	3002	
3	436	3301	3300	
3	1541	2370	3301	
3	377	3300	2370	
3	3301	2370	3300	
3	25	2099	6883	
3	1542	3505	2099	
3	26	6883	3505	
3	2099	3505	6883	
3	843	4643	6884	
3	1542	2101	4643	
3	217	6884	2101	
3	4643	2101	6884	
3	736	4300	3067	
3	1543	3531	4300	
3	225	3067	3531	
3	4300	3531	3067	
3	387	3057	2116	
3	1543	4299	3057	
3	313	2116	4299	
3	3057	4299	2116	
3	1524	3560	2466	
3	1544	3558	3560	
3	224	2466	3558	
3	3560	3558	2466	
3	453	3060	3026	
3	1544	3561	3060	
3	454	3026	3561	
3	3060	3561	3026	
3	312	3829	3835	
3	536	3584	3829	
3	1842	3835	3584	
3	3829	3584	3835	
3	385	3027	6885	
3	454	3563	3027	
3	1545	6885	3563	
3	3027	3563	6885	
3	1559	3891	6887	
3	537	6886	3891	
3	1557	6887	6886	
3	3891	6886	6887	
3	1566	6888	6889	
3	1546	4350	6888	
3	1560	6889	4350	
3	6888	4350	6889	
3	304	2815	3041	
3	455	6890	2815	
3	1547	3041	6890	
3	2815	6890	3041	
3	1547	6890	6891	
3	455	2616	6890	
3	1734	6891	2616	
3	6890	2616	6891	
3	1857	6892	6894	
3	459	6893	6892	
3	1583	6894	6893	
3	6892	6893	6894	
3	384	3325	3828	
3	1557	6886	3325	
3	537	3828	6886	
3	3325	6886	3828	
3	480	3658	2787	
3	1549	2555	3658	
3	96	2787	2555	
3	3658	2555	2787	
3	1550	3654	6895	
3	1549	3657	3654	
3	479	6895	3657	
3	3654	3657	6895	
3	1552	6896	6897	
3	1550	6895	6896	
3	479	6897	6895	
3	6896	6895	6897	
3	616	2557	6561	
3	1606	6898	2557	
3	1609	6561	6898	
3	2557	6898	6561	
3	1551	6899	6901	
3	1552	6900	6899	
3	1844	6901	6900	
3	6899	6900	6901	
3	1420	6902	6904	
3	1616	6903	6902	
3	1610	6904	6903	
3	6902	6903	6904	
3	1844	6900	6905	
3	1552	6897	6900	
3	479	6905	6897	
3	6900	6897	6905	
3	1608	6906	6907	
3	1552	6899	6906	
3	1551	6907	6899	
3	6906	6899	6907	
3	501	3708	3716	
3	1553	2578	3708	
3	408	3716	2578	
3	3708	2578	3716	
3	336	3706	3705	
3	1553	3710	3706	
3	499	3705	3710	
3	3706	3710	3705	
3	1899	6908	6750	
3	1895	6909	6908	
3	1492	6750	6909	
3	6908	6909	6750	
3	1554	6910	6912	
3	1961	6911	6910	
3	1930	6912	6911	
3	6910	6911	6912	
3	146	2349	2857	
3	505	6913	2349	
3	1555	2857	6913	
3	2349	6913	2857	
3	413	3734	3732	
3	1555	6913	3734	
3	505	3732	6913	
3	3734	6913	3732	
3	204	2241	2082	
3	1556	3947	2241	
3	169	2082	3947	
3	2241	3947	2082	
3	168	2018	5322	
3	1556	2140	2018	
3	203	5322	2140	
3	2018	2140	5322	
3	1843	6914	3557	
3	1557	3324	6914	
3	452	3557	3324	
3	6914	3324	3557	
3	1548	6915	6917	
3	1859	6916	6915	
3	1559	6917	6916	
3	6915	6916	6917	
3	1856	6918	6919	
3	1548	3564	6918	
3	460	6919	3564	
3	6918	3564	6919	
3	1558	6920	6922	
3	1562	6921	6920	
3	1560	6922	6921	
3	6920	6921	6922	
3	1548	6917	6923	
3	1559	6887	6917	
3	1557	6923	6887	
3	6917	6887	6923	
3	1559	6924	3892	
3	1558	6922	6924	
3	1560	3892	6922	
3	6924	6922	3892	
3	1565	3831	6926	
3	1562	6925	3831	
3	1569	6926	6925	
3	3831	6925	6926	
3	1562	3833	6928	
3	1561	6927	3833	
3	1567	6928	6927	
3	3833	6927	6928	
3	1733	6929	6931	
3	1729	6930	6929	
3	1730	6931	6930	
3	6929	6930	6931	
3	1564	6932	6934	
3	1731	6933	6932	
3	1737	6934	6933	
3	6932	6933	6934	
3	1858	6935	6937	
3	1569	6936	6935	
3	1859	6937	6936	
3	6935	6936	6937	
3	1567	6927	6939	
3	1561	6938	6927	
3	1743	6939	6938	
3	6927	6938	6939	
3	1578	6940	4107	
3	1576	6941	6940	
3	1579	4107	6941	
3	6940	6941	4107	
3	1589	6942	6944	
3	1594	6943	6942	
3	1592	6944	6943	
3	6942	6943	6944	
3	1567	6945	6947	
3	1568	6946	6945	
3	1733	6947	6946	
3	6945	6946	6947	
3	1731	6948	6949	
3	1733	6931	6948	
3	1730	6949	6931	
3	6948	6931	6949	
3	1569	6925	6950	
3	1562	6920	6925	
3	1558	6950	6920	
3	6925	6920	6950	
3	1571	6951	6953	
3	1572	6952	6951	
3	1573	6953	6952	
3	6951	6952	6953	
3	1562	6954	6921	
3	1566	6889	6954	
3	1560	6921	6889	
3	6954	6889	6921	
3	1566	6955	6956	
3	1564	6934	6955	
3	1737	6956	6934	
3	6955	6934	6956	
3	1564	6955	6958	
3	1566	6957	6955	
3	1567	6958	6957	
3	6955	6957	6958	
3	1562	6928	6954	
3	1567	6957	6928	
3	1566	6954	6957	
3	6928	6957	6954	
3	1746	6959	6961	
3	1743	6960	6959	
3	1571	6961	6960	
3	6959	6960	6961	
3	1718	6962	6964	
3	1714	6963	6962	
3	1716	6964	6963	
3	6962	6963	6964	
3	1558	6924	6965	
3	1559	6916	6924	
3	1859	6965	6916	
3	6924	6916	6965	
3	1565	6926	6966	
3	1569	6935	6926	
3	1858	6966	6935	
3	6926	6935	6966	
3	1581	6967	6969	
3	1575	6968	6967	
3	1577	6969	6968	
3	6967	6968	6969	
3	1577	6970	6972	
3	1582	6971	6970	
3	1570	6972	6971	
3	6970	6971	6972	
3	1573	6973	6975	
3	1565	6974	6973	
3	1563	6975	6974	
3	6973	6974	6975	
3	1863	6976	6978	
3	1744	6977	6976	
3	1746	6978	6977	
3	6976	6977	6978	
3	1573	6952	6973	
3	1572	3885	6952	
3	1565	6973	3885	
3	6952	3885	6973	
3	1743	6979	6960	
3	1572	6951	6979	
3	1571	6960	6951	
3	6979	6951	6960	
3	1575	6980	6981	
3	1573	6975	6980	
3	1563	6981	6975	
3	6980	6975	6981	
3	1571	6953	6983	
3	1573	6982	6953	
3	1581	6983	6982	
3	6953	6982	6983	
3	1563	6984	6981	
3	1576	6985	6984	
3	1575	6981	6985	
3	6984	6985	6981	
3	1579	6986	6988	
3	1585	6987	6986	
3	1588	6988	6987	
3	6986	6987	6988	
3	1857	6989	6991	
3	1563	6990	6989	
3	1856	6991	6990	
3	6989	6990	6991	
3	1577	6968	4363	
3	1575	6992	6968	
3	1574	4363	6992	
3	6968	6992	4363	
3	1583	6993	6995	
3	611	6994	6993	
3	1579	6995	6994	
3	6993	6994	6995	
3	1574	6992	4106	
3	1575	6996	6992	
3	1578	4106	6996	
3	6992	6996	4106	
3	1586	6997	4362	
3	1582	6970	6997	
3	1577	4362	6970	
3	6997	6970	4362	
3	1570	6998	6999	
3	1571	6983	6998	
3	1581	6999	6983	
3	6998	6983	6999	
3	1575	6985	6996	
3	1576	6940	6985	
3	1578	6996	6940	
3	6985	6940	6996	
3	1576	7000	6941	
3	1583	6995	7000	
3	1579	6941	6995	
3	7000	6995	6941	
3	611	7001	6994	
3	1584	7002	7001	
3	1579	6994	7002	
3	7001	7002	6994	
3	1584	7003	7002	
3	1585	6986	7003	
3	1579	7002	6986	
3	7003	6986	7002	
3	1589	7004	7006	
3	1586	7005	7004	
3	1588	7006	7005	
3	7004	7005	7006	
3	1580	7007	5365	
3	1589	6944	7007	
3	1592	5365	6944	
3	7007	6944	5365	
3	1575	6967	6980	
3	1581	6982	6967	
3	1573	6980	6982	
3	6967	6982	6980	
3	1570	6999	6972	
3	1581	6969	6999	
3	1577	6972	6969	
3	6999	6969	6972	
3	1580	7008	7010	
3	1590	7009	7008	
3	1582	7010	7009	
3	7008	7009	7010	
3	1861	4562	7012	
3	1587	7011	4562	
3	1860	7012	7011	
3	4562	7011	7012	
3	1857	6894	7013	
3	1583	7000	6894	
3	1576	7013	7000	
3	6894	7000	7013	
3	611	6993	3132	
3	1583	6893	6993	
3	459	3132	6893	
3	6993	6893	3132	
3	1626	3861	7014	
3	1584	7001	3861	
3	611	7014	7001	
3	3861	7001	7014	
3	1584	3860	7016	
3	541	7015	3860	
3	1593	7016	7015	
3	3860	7015	7016	
3	1593	7017	7019	
3	1114	7018	7017	
3	1591	7019	7018	
3	7017	7018	7019	
3	1589	7007	7004	
3	1580	7020	7007	
3	1586	7004	7020	
3	7007	7020	7004	
3	1588	7005	7021	
3	1586	4364	7005	
3	1574	7021	4364	
3	7005	4364	7021	
3	1580	7010	7020	
3	1582	6997	7010	
3	1586	7020	6997	
3	7010	6997	7020	
3	1597	7022	7023	
3	1590	7008	7022	
3	1580	7023	7008	
3	7022	7008	7023	
3	1861	7024	7026	
3	753	7025	7024	
3	680	7026	7025	
3	7024	7025	7026	
3	1579	6988	4108	
3	1588	7021	6988	
3	1574	4108	7021	
3	6988	7021	4108	
3	1588	6987	7006	
3	1585	7027	6987	
3	1589	7006	7027	
3	6987	7027	7006	
3	1591	7028	7029	
3	1589	7027	7028	
3	1585	7029	7027	
3	7028	7027	7029	
3	1594	7030	6943	
3	1002	7031	7030	
3	1592	6943	7031	
3	7030	7031	6943	
3	1597	7023	7032	
3	1580	5364	7023	
3	1596	7032	5364	
3	7023	5364	7032	
3	1862	7033	4561	
3	1590	7034	7033	
3	1587	4561	7034	
3	7033	7034	4561	
3	1593	7019	7035	
3	1591	7029	7019	
3	1585	7035	7029	
3	7019	7029	7035	
3	1114	5368	7018	
3	875	5689	5368	
3	1591	7018	5689	
3	5368	5689	7018	
3	1002	7036	7031	
3	1595	7037	7036	
3	1592	7031	7037	
3	7036	7037	7031	
3	1595	5362	7039	
3	682	7038	5362	
3	1596	7039	7038	
3	5362	7038	7039	
3	1584	7016	7003	
3	1593	7035	7016	
3	1585	7003	7035	
3	7016	7035	7003	
3	1114	7017	7040	
3	1593	7015	7017	
3	541	7040	7015	
3	7017	7015	7040	
3	1591	5691	7028	
3	1594	6942	5691	
3	1589	7028	6942	
3	5691	6942	7028	
3	1002	7030	4971	
3	1594	5690	7030	
3	875	4971	5690	
3	7030	5690	4971	
3	685	5363	7041	
3	1595	7036	5363	
3	1002	7041	7036	
3	5363	7036	7041	
3	682	4359	7038	
3	683	4351	4359	
3	1596	7038	4351	
3	4359	4351	7038	
3	1596	4353	7032	
3	625	7042	4353	
3	1597	7032	7042	
3	4353	7042	7032	
3	1592	7037	5366	
3	1595	7039	7037	
3	1596	5366	7039	
3	7037	7039	5366	
3	1860	7043	4355	
3	1597	7042	7043	
3	625	4355	7042	
3	7043	7042	4355	
3	1590	7022	7034	
3	1597	7044	7022	
3	1587	7034	7044	
3	7022	7044	7034	
3	618	4128	4137	
3	1598	4551	4128	
3	200	4137	4551	
3	4128	4551	4137	
3	617	2647	4127	
3	1598	4129	2647	
3	550	4127	4129	
3	2647	4129	4127	
3	1522	2280	3218	
3	1599	3961	2280	
3	354	3218	3961	
3	2280	3961	3218	
3	575	3449	3967	
3	1599	2282	3449	
3	576	3967	2282	
3	3449	2282	3967	
3	1601	7045	3476	
3	522	4008	7045	
3	585	3476	4008	
3	7045	4008	3476	
3	1600	7046	7048	
3	586	7047	7046	
3	1602	7048	7047	
3	7046	7047	7048	
3	586	7046	7050	
3	1600	7049	7046	
3	1601	7050	7049	
3	7046	7049	7050	
3	522	7045	2269	
3	1601	7049	7045	
3	1600	2269	7049	
3	7045	7049	2269	
3	1864	7051	7052	
3	1602	7047	7051	
3	586	7052	7047	
3	7051	7047	7052	
3	824	7053	4817	
3	1868	4824	7053	
3	827	4817	4824	
3	7053	4824	4817	
3	214	2276	2670	
3	1603	2458	2276	
3	173	2670	2458	
3	2276	2458	2670	
3	1604	7054	2267	
3	1603	2275	7054	
3	4	2267	2275	
3	7054	2275	2267	
3	835	4849	4019	
3	1604	2266	4849	
3	3	4019	2266	
3	4849	2266	4019	
3	1603	7054	4015	
3	1604	4848	7054	
3	588	4015	4848	
3	7054	4848	4015	
3	213	2960	2222	
3	1605	2214	2960	
3	8	2222	2214	
3	2960	2214	2222	
3	524	2168	2955	
3	1605	2959	2168	
3	285	2955	2959	
3	2168	2959	2955	
3	1607	2543	7055	
3	240	2314	2543	
3	99	7055	2314	
3	2543	2314	7055	
3	1607	2800	2541	
3	1608	7056	2800	
3	1606	2541	7056	
3	2800	7056	2541	
3	98	7057	7059	
3	1611	7058	7057	
3	99	7059	7058	
3	7057	7058	7059	
3	1611	7060	2799	
3	1550	7061	7060	
3	1608	2799	7061	
3	7060	7061	2799	
3	1552	6906	6896	
3	1608	7061	6906	
3	1550	6896	7061	
3	6906	7061	6896	
3	1608	7062	7064	
3	1610	7063	7062	
3	1609	7064	7063	
3	7062	7063	7064	
3	1606	7056	6898	
3	1608	7064	7056	
3	1609	6898	7064	
3	7056	7064	6898	
3	1610	7062	7065	
3	1608	6907	7062	
3	1551	7065	6907	
3	7062	6907	7065	
3	1610	7065	7067	
3	1551	7066	7065	
3	1847	7067	7066	
3	7065	7066	7067	
3	547	6562	7068	
3	1609	7063	6562	
3	1610	7068	7063	
3	6562	7063	7068	
3	99	7058	7055	
3	1611	2798	7058	
3	1607	7055	2798	
3	7058	2798	7055	
3	1550	7060	3618	
3	1611	7057	7060	
3	98	3618	7057	
3	7060	7057	3618	
3	1613	4125	7069	
3	616	6560	4125	
3	547	7069	6560	
3	4125	6560	7069	
3	1869	7070	7071	
3	543	4113	7070	
3	612	7071	4113	
3	7070	4113	7071	
3	1614	7072	7073	
3	1613	7069	7072	
3	547	7073	7069	
3	7072	7069	7073	
3	1615	7074	6556	
3	1613	7072	7074	
3	1614	6556	7072	
3	7074	7072	6556	
3	1614	7073	6531	
3	547	7075	7073	
3	1616	6531	7075	
3	7073	7075	6531	
3	1194	6557	6552	
3	1614	5950	6557	
3	1419	6552	5950	
3	6557	5950	6552	
3	1869	7076	7070	
3	1194	5944	7076	
3	543	7070	5944	
3	7076	5944	7070	
3	1612	4126	5946	
3	1613	7074	4126	
3	1615	5946	7074	
3	4126	7074	5946	
3	1610	6903	7068	
3	1616	7075	6903	
3	547	7068	7075	
3	6903	7075	7068	
3	1398	6530	6495	
3	1616	6902	6530	
3	1420	6495	6902	
3	6530	6902	6495	
3	338	3168	2854	
3	1617	3414	3168	
3	339	2854	3414	
3	3168	3414	2854	
3	1205	5893	2864	
3	1617	3167	5893	
3	162	2864	3167	
3	5893	3167	2864	
3	699	4401	2524	
3	1618	3918	4401	
3	154	2524	3918	
3	4401	3918	2524	
3	638	4409	7077	
3	700	3939	4409	
3	1619	7077	3939	
3	4409	3939	7077	
3	155	4211	2211	
3	1619	3938	4211	
3	278	2211	3938	
3	4211	3938	2211	
3	638	7077	4400	
3	1619	4210	7077	
3	1618	4400	4210	
3	7077	4210	4400	
3	593	3271	4046	
3	1620	3480	3271	
3	9	4046	3480	
3	3271	3480	4046	
3	656	6152	3270	
3	10	3481	6152	
3	1620	3270	3481	
3	6152	3481	3270	
3	1269	6161	6162	
3	1624	7078	6161	
3	1236	6162	7078	
3	6161	7078	6162	
3	1623	7079	4044	
3	1621	7080	7079	
3	1622	4044	7080	
3	7079	7080	4044	
3	1235	4042	7081	
3	1622	6068	4042	
3	1234	7081	6068	
3	4042	6068	7081	
3	1621	4268	7083	
3	592	7082	4268	
3	1625	7083	7082	
3	4268	7082	7083	
3	1266	2084	6153	
3	1623	4043	2084	
3	1235	6153	4043	
3	2084	4043	6153	
3	656	6070	2086	
3	1621	7079	6070	
3	1623	2086	7079	
3	6070	7079	2086	
3	1625	7084	7083	
3	1622	7080	7084	
3	1621	7083	7080	
3	7084	7080	7083	
3	1624	7085	7087	
3	1625	7086	7085	
3	1758	7087	7086	
3	7085	7086	7087	
3	1625	7082	7086	
3	592	5999	7082	
3	1758	7086	5999	
3	7082	5999	7086	
3	1622	7084	5766	
3	1625	7085	7084	
3	1624	5766	7085	
3	7084	7085	5766	
3	674	3597	4331	
3	1626	7014	3597	
3	611	4331	7014	
3	3597	7014	4331	
3	1677	7088	7089	
3	672	4973	7088	
3	1676	7089	4973	
3	7088	4973	7089	
3	1072	5494	5578	
3	1627	4431	5494	
3	711	5578	4431	
3	5494	4431	5578	
3	922	5107	5493	
3	431	5113	5107	
3	1627	5493	5113	
3	5107	5113	5493	
3	368	4031	3797	
3	1628	4030	4031	
3	590	3797	4030	
3	4031	4030	3797	
3	591	4451	4261	
3	1628	4033	4451	
3	716	4261	4033	
3	4451	4033	4261	
3	655	2251	4447	
3	719	7090	2251	
3	1629	4447	7090	
3	2251	7090	4447	
3	1870	7091	5742	
3	719	6165	7091	
3	1237	5742	6165	
3	7091	6165	5742	
3	123	2131	7093	
3	1630	7092	2131	
3	124	7093	7092	
3	2131	7092	7093	
3	737	4515	2130	
3	738	4298	4515	
3	1630	2130	4298	
3	4515	4298	2130	
3	1630	4297	7092	
3	1631	2359	4297	
3	124	7092	2359	
3	4297	2359	7092	
3	988	2036	5319	
3	1631	4296	2036	
3	738	5319	4296	
3	2036	4296	5319	
3	740	4521	3824	
3	1632	4523	4521	
3	666	3824	4523	
3	4521	4523	3824	
3	1633	3682	7094	
3	741	4522	3682	
3	846	7094	4522	
3	3682	4522	7094	
3	783	7095	7097	
3	1726	7096	7095	
3	846	7097	7096	
3	7095	7096	7097	
3	1726	7098	7100	
3	1727	7099	7098	
3	1724	7100	7099	
3	7098	7099	7100	
3	1737	7101	7102	
3	1732	4650	7101	
3	1735	7102	4650	
3	7101	4650	7102	
3	846	7103	7097	
3	1871	7104	7103	
3	783	7097	7104	
3	7103	7104	7097	
3	696	4397	4399	
3	1635	4738	4397	
3	637	4399	4738	
3	4397	4738	4399	
3	950	5209	4721	
3	1635	4398	5209	
3	563	4721	4398	
3	5209	4398	4721	
3	807	4761	4724	
3	1636	4770	4761	
3	812	4724	4770	
3	4761	4770	4724	
3	806	4733	3416	
3	1636	4762	4733	
3	803	3416	4762	
3	4733	4762	3416	
3	1639	3261	7105	
3	1637	4009	3261	
3	156	7105	4009	
3	3261	4009	7105	
3	1638	4811	7106	
3	1637	3263	4811	
3	823	7106	3263	
3	4811	3263	7106	
3	823	7107	7108	
3	1640	4814	7107	
3	1866	7108	4814	
3	7107	4814	7108	
3	158	3258	2958	
3	1638	7109	3258	
3	366	2958	7109	
3	3258	7109	2958	
3	278	4791	2212	
3	1639	7105	4791	
3	156	2212	7105	
3	4791	7105	2212	
3	810	4789	4772	
3	1639	4790	4789	
3	818	4772	4790	
3	4789	4790	4772	
3	1639	4788	3262	
3	1640	7107	4788	
3	823	3262	7107	
3	4788	7107	3262	
3	825	4809	4458	
3	1640	4787	4809	
3	810	4458	4787	
3	4809	4787	4458	
3	892	5021	3191	
3	1641	3805	5021	
3	170	3191	3805	
3	5021	3805	3191	
3	1162	5842	4833	
3	1641	5020	5842	
3	830	4833	5020	
3	5842	5020	4833	
3	1643	4862	7110	
3	1642	4851	4862	
3	202	7110	4851	
3	4862	4851	7110	
3	905	5063	4852	
3	1642	4861	5063	
3	777	4852	4861	
3	5063	4861	4852	
3	274	4633	2919	
3	1643	7110	4633	
3	202	2919	7110	
3	4633	7110	2919	
3	777	4863	4860	
3	1643	2918	4863	
3	840	4860	2918	
3	4863	2918	4860	
3	217	4870	6884	
3	1644	4644	4870	
3	843	6884	4644	
3	4870	4644	6884	
3	287	4871	3434	
3	1644	4869	4871	
3	371	3434	4869	
3	4871	4869	3434	
3	733	3283	4505	
3	1645	5101	3283	
3	663	4505	5101	
3	3283	5101	4505	
3	781	2461	3285	
3	844	4876	2461	
3	1645	3285	4876	
3	2461	4876	3285	
3	860	4920	4929	
3	1646	4949	4920	
3	858	4929	4949	
3	4920	4949	4929	
3	795	4935	4704	
3	1646	4919	4935	
3	862	4704	4919	
3	4935	4919	4704	
3	1174	5700	5353	
3	1647	4921	5700	
3	867	5353	4921	
3	5700	4921	5353	
3	871	3609	4965	
3	1647	5699	3609	
3	869	4965	5699	
3	3609	5699	4965	
3	872	7111	4966	
3	1651	7112	7111	
3	1648	4966	7112	
3	7111	7112	4966	
3	1650	3345	7114	
3	1658	7113	3345	
3	1872	7114	7113	
3	3345	7113	7114	
3	1651	7115	7117	
3	1653	7116	7115	
3	1873	7117	7116	
3	7115	7116	7117	
3	1874	7118	7119	
3	1655	5978	7118	
3	1873	7119	5978	
3	7118	5978	7119	
3	496	6130	3701	
3	1648	5882	6130	
3	1650	3701	5882	
3	6130	5882	3701	
3	1648	7112	5883	
3	1651	7120	7112	
3	1656	5883	7120	
3	7112	7120	5883	
3	1653	7115	7121	
3	1651	7111	7115	
3	872	7121	7111	
3	7115	7111	7121	
3	1651	7122	7120	
3	1649	7123	7122	
3	1656	7120	7123	
3	7122	7123	7120	
3	496	3700	7124	
3	1652	6868	3700	
3	497	7124	6868	
3	3700	6868	7124	
3	1872	7125	7114	
3	1652	3702	7125	
3	1650	7114	3702	
3	7125	3702	7114	
3	1654	5981	7126	
3	1653	7121	5981	
3	872	7126	7121	
3	5981	7121	7126	
3	1874	7119	7128	
3	1873	7127	7119	
3	1202	7128	7127	
3	7119	7127	7128	
3	873	4957	4955	
3	1654	7126	4957	
3	872	4955	7126	
3	4957	7126	4955	
3	1654	4956	5984	
3	869	4960	4956	
3	1203	5984	4960	
3	4956	4960	5984	
3	1684	7129	7131	
3	998	7130	7129	
3	1055	7131	7130	
3	7129	7130	7131	
3	1685	7132	7134	
3	1655	7133	7132	
3	1684	7134	7133	
3	7132	7133	7134	
3	1657	7135	7136	
3	1656	7123	7135	
3	1649	7136	7123	
3	7135	7123	7136	
3	1658	7137	7113	
3	1532	7138	7137	
3	1872	7113	7138	
3	7137	7138	7113	
3	1659	4962	7139	
3	1657	7136	4962	
3	1649	7139	7136	
3	4962	7136	7139	
3	1256	6050	6047	
3	1657	4964	6050	
3	1225	6047	4964	
3	6050	4964	6047	
3	1660	7140	6049	
3	1656	7135	7140	
3	1657	6049	7135	
3	7140	7135	6049	
3	1532	7137	7142	
3	1658	7141	7137	
3	1660	7142	7141	
3	7137	7141	7142	
3	1875	7143	7144	
3	1659	7139	7143	
3	1649	7144	7139	
3	7143	7139	7144	
3	1054	5347	5344	
3	993	7145	5347	
3	1876	5344	7145	
3	5347	7145	5344	
3	1532	7142	6870	
3	1660	6048	7142	
3	1256	6870	6048	
3	7142	6048	6870	
3	1656	7140	3347	
3	1660	7141	7140	
3	1658	3347	7141	
3	7140	7141	3347	
3	1968	7146	7147	
3	1661	5249	7146	
3	650	7147	5249	
3	7146	5249	7147	
3	765	3993	4597	
3	1661	7148	3993	
3	648	4597	7148	
3	3993	7148	4597	
3	839	4466	4858	
3	1662	4624	4466	
3	774	4858	4624	
3	4466	4624	4858	
3	1916	5064	7149	
3	906	4490	5064	
3	725	7149	4490	
3	5064	4490	7149	
3	1665	4345	7151	
3	1703	7150	4345	
3	1702	7151	7150	
3	4345	7150	7151	
3	1693	7152	7154	
3	1696	7153	7152	
3	1694	7154	7153	
3	7152	7153	7154	
3	929	5133	5142	
3	1664	5149	5133	
3	927	5142	5149	
3	5133	5149	5142	
3	603	5144	4887	
3	1664	5132	5144	
3	930	4887	5132	
3	5144	5132	4887	
3	1707	7155	7157	
3	1718	7156	7155	
3	1706	7157	7156	
3	7155	7156	7157	
3	1713	7158	7160	
3	555	7159	7158	
3	1708	7160	7159	
3	7158	7159	7160	
3	977	5082	5027	
3	1666	5012	5082	
3	911	5027	5012	
3	5082	5012	5027	
3	1690	7161	5118	
3	1666	5081	7161	
3	923	5118	5081	
3	7161	5081	5118	
3	1668	5325	7162	
3	203	2163	5325	
3	126	7162	2163	
3	5325	2163	7162	
3	1669	5666	7163	
3	1667	5329	5666	
3	987	7163	5329	
3	5666	5329	7163	
3	1670	7164	4076	
3	1668	7162	7164	
3	126	4076	7162	
3	7164	7162	4076	
3	988	5332	7165	
3	987	5328	5332	
3	1668	7165	5328	
3	5332	5328	7165	
3	990	5336	3764	
3	1669	7163	5336	
3	987	3764	7163	
3	5336	7163	3764	
3	168	5667	6109	
3	1669	5941	5667	
3	1164	6109	5941	
3	5667	5941	6109	
3	1631	2035	2360	
3	1670	4075	2035	
3	125	2360	4075	
3	2035	4075	2360	
3	1668	7164	7165	
3	1670	2034	7164	
3	988	7165	2034	
3	7164	2034	7165	
3	1672	7166	7167	
3	1671	4543	7166	
3	999	7167	4543	
3	7166	4543	7167	
3	1671	7166	7168	
3	1672	4692	7166	
3	1675	7168	4692	
3	7166	4692	7168	
3	1973	7169	5354	
3	999	5531	7169	
3	1056	5354	5531	
3	7169	5531	5354	
3	1675	4694	7170	
3	1173	5886	4694	
3	1199	7170	5886	
3	4694	5886	7170	
3	1173	5974	5971	
3	1673	5887	5974	
3	1201	5971	5887	
3	5974	5887	5971	
3	1672	7167	7172	
3	999	7171	7167	
3	1972	7172	7171	
3	7167	7171	7172	
3	1674	7173	4972	
3	1199	7174	7173	
3	1676	4972	7174	
3	7173	7174	4972	
3	747	5970	5370	
3	1671	7175	5970	
3	1674	5370	7175	
3	5970	7175	5370	
3	1199	7173	7170	
3	1674	7176	7173	
3	1675	7170	7176	
3	7173	7176	7170	
3	1671	7168	7175	
3	1675	7176	7168	
3	1674	7175	7176	
3	7168	7176	7175	
3	1678	5968	7177	
3	1676	7174	5968	
3	1199	7177	7174	
3	5968	7174	7177	
3	1677	7178	5695	
3	1114	7040	7178	
3	541	5695	7040	
3	7178	7040	5695	
3	672	7088	4540	
3	1677	5694	7088	
3	1626	4540	5694	
3	7088	5694	4540	
3	1114	7178	5967	
3	1677	7089	7178	
3	1676	5967	7089	
3	7178	7089	5967	
3	1199	5965	7177	
3	1003	7179	5965	
3	1678	7177	7179	
3	5965	7179	7177	
3	1678	7179	7180	
3	1003	5696	7179	
3	1747	7180	5696	
3	7179	5696	7180	
3	797	5180	4690	
3	1679	4703	5180	
3	942	4690	4703	
3	5180	4703	4690	
3	685	7041	5181	
3	1002	4701	7041	
3	1679	5181	4701	
3	7041	4701	5181	
3	574	6150	3978	
3	1015	7181	6150	
3	1680	3978	7181	
3	6150	7181	3978	
3	578	5397	4577	
3	1680	7181	5397	
3	1015	4577	7181	
3	5397	7181	4577	
3	912	4829	5008	
3	1681	5074	4829	
3	841	5008	5074	
3	4829	5074	5008	
3	1067	5228	5420	
3	1681	4828	5228	
3	1024	5420	4828	
3	5228	4828	5420	
3	1095	5640	5505	
3	1682	5606	5640	
3	1047	5505	5606	
3	5640	5606	5505	
3	1101	5425	5656	
3	1682	5639	5425	
3	1048	5656	5639	
3	5425	5639	5656	
3	1685	7182	7183	
3	1054	5343	7182	
3	1659	7183	5343	
3	7182	5343	7183	
3	1684	7184	7134	
3	1683	7185	7184	
3	1685	7134	7185	
3	7184	7185	7134	
3	1684	7133	7186	
3	1655	7118	7133	
3	1874	7186	7118	
3	7133	7118	7186	
3	1055	5524	7131	
3	1683	7184	5524	
3	1684	7131	7184	
3	5524	7184	7131	
3	1054	7182	5685	
3	1685	7185	7182	
3	1683	5685	7185	
3	7182	7185	5685	
3	1685	7183	7187	
3	1659	7143	7183	
3	1875	7187	7143	
3	7183	7143	7187	
3	953	5216	5071	
3	957	7188	5216	
3	1881	5071	7188	
3	5216	7188	5071	
3	1883	7189	5067	
3	722	5562	7189	
3	1067	5067	5562	
3	7189	5562	5067	
3	728	4494	4061	
3	1687	5563	4494	
3	722	4061	5563	
3	4494	5563	4061	
3	1681	5230	5421	
3	1687	4493	5230	
3	726	5421	4493	
3	5230	4493	5421	
3	1688	5776	5565	
3	961	7190	5776	
3	1689	5565	7190	
3	5776	7190	5565	
3	1691	5642	7191	
3	1097	5651	5642	
3	1098	7191	5651	
3	5642	5651	7191	
3	889	5244	5024	
3	1689	7190	5244	
3	961	5024	7190	
3	5244	7190	5024	
3	960	5423	5121	
3	1689	5245	5423	
3	1025	5121	5245	
3	5423	5245	5121	
3	960	5237	5424	
3	1666	7161	5237	
3	1690	5424	7161	
3	5237	7161	5424	
3	1097	5644	5655	
3	1688	5564	5644	
3	1690	5655	5564	
3	5644	5564	5655	
3	1027	5648	5641	
3	1691	7191	5648	
3	1098	5641	7191	
3	5648	7191	5641	
3	1068	5647	5650	
3	1688	5643	5647	
3	1691	5650	5643	
3	5647	5643	5650	
3	1693	5672	7192	
3	1692	5671	5672	
3	928	7192	5671	
3	5672	5671	7192	
3	1106	5669	5602	
3	1692	5674	5669	
3	1107	5602	5674	
3	5669	5674	5602	
3	1877	7193	5137	
3	1693	7192	7193	
3	928	5137	7192	
3	7193	7192	5137	
3	1696	7194	7196	
3	1697	7195	7194	
3	1695	7196	7195	
3	7194	7195	7196	
3	1107	5673	5853	
3	1693	7154	5673	
3	1694	5853	7154	
3	5673	7154	5853	
3	1696	7152	7198	
3	1693	7197	7152	
3	1663	7198	7197	
3	7152	7197	7198	
3	1699	7199	7200	
3	619	4132	7199	
3	621	7200	4132	
3	7199	4132	7200	
3	1149	5810	7202	
3	1694	7201	5810	
3	1695	7202	7201	
3	5810	7201	7202	
3	1697	7194	7203	
3	1696	7198	7194	
3	1663	7203	7198	
3	7194	7198	7203	
3	1694	7153	7201	
3	1696	7196	7153	
3	1695	7201	7196	
3	7153	7196	7201	
3	1697	7203	4890	
3	1663	7204	7203	
3	1698	4890	7204	
3	7203	7204	4890	
3	1697	7205	7206	
3	619	7199	7205	
3	1699	7206	7199	
3	7205	7199	7206	
3	1702	7207	7208	
3	1698	7204	7207	
3	1663	7208	7204	
3	7207	7204	7208	
3	1703	7209	7150	
3	1698	7207	7209	
3	1702	7150	7207	
3	7209	7207	7150	
3	752	3819	4526	
3	1699	7200	3819	
3	621	4526	7200	
3	3819	7200	4526	
3	1697	7206	7195	
3	1699	7210	7206	
3	1695	7195	7210	
3	7206	7210	7195	
3	1149	7202	7212	
3	1695	7211	7202	
3	1700	7212	7211	
3	7202	7211	7212	
3	1699	3818	7210	
3	1700	7211	3818	
3	1695	7210	7211	
3	3818	7211	7210	
3	623	4139	4150	
3	1701	4652	4139	
3	622	4150	4652	
3	4139	4652	4150	
3	1697	4889	7205	
3	1701	4149	4889	
3	619	7205	4149	
3	4889	4149	7205	
3	1877	7213	7214	
3	1702	7208	7213	
3	1663	7214	7208	
3	7213	7208	7214	
3	1878	7215	5148	
3	1702	7216	7215	
3	927	5148	7216	
3	7215	7216	5148	
3	1706	7217	4347	
3	1705	3887	7217	
3	1703	4347	3887	
3	7217	3887	4347	
3	622	4651	3889	
3	1698	7209	4651	
3	1703	3889	7209	
3	4651	7209	3889	
3	1707	7157	7218	
3	1706	4346	7157	
3	1665	7218	4346	
3	7157	4346	7218	
3	1712	7219	7221	
3	1720	7220	7219	
3	1713	7221	7220	
3	7219	7220	7221	
3	1711	3692	7223	
3	1705	7222	3692	
3	1704	7223	7222	
3	3692	7222	7223	
3	623	4152	3880	
3	1709	3897	4152	
3	489	3880	3897	
3	4152	3897	3880	
3	1728	7224	7226	
3	1707	7225	7224	
3	1878	7226	7225	
3	7224	7225	7226	
3	1704	7222	7227	
3	1705	7217	7222	
3	1706	7227	7217	
3	7222	7217	7227	
3	1724	7228	7230	
3	1722	7229	7228	
3	1723	7230	7229	
3	7228	7229	7230	
3	1722	7231	7233	
3	1727	7232	7231	
3	1740	7233	7232	
3	7231	7232	7233	
3	1711	7234	7236	
3	1712	7235	7234	
3	1708	7236	7235	
3	7234	7235	7236	
3	555	3688	7238	
3	490	7237	3688	
3	1717	7238	7237	
3	3688	7237	7238	
3	622	3888	4151	
3	1705	3691	3888	
3	1709	4151	3691	
3	3888	3691	4151	
3	1711	7239	3690	
3	1710	3898	7239	
3	1709	3690	3898	
3	7239	3898	3690	
3	1717	7240	7238	
3	1708	7159	7240	
3	555	7238	7159	
3	7240	7159	7238	
3	489	3896	7242	
3	1710	7241	3896	
3	1717	7242	7241	
3	3896	7241	7242	
3	1712	7234	7243	
3	1711	7223	7234	
3	1704	7243	7223	
3	7234	7223	7243	
3	1710	7239	7244	
3	1711	7236	7239	
3	1708	7244	7236	
3	7239	7236	7244	
3	1716	7245	7246	
3	1712	7243	7245	
3	1704	7246	7243	
3	7245	7243	7246	
3	1713	7247	7249	
3	1715	7248	7247	
3	553	7249	7248	
3	7247	7248	7249	
3	555	7158	3900	
3	1713	7249	7158	
3	553	3900	7249	
3	7158	7249	3900	
3	1708	7235	7160	
3	1712	7221	7235	
3	1713	7160	7221	
3	7235	7221	7160	
3	1718	7250	6962	
3	1723	7251	7250	
3	1714	6962	7251	
3	7250	7251	6962	
3	1745	7252	7254	
3	1721	7253	7252	
3	1714	7254	7253	
3	7252	7253	7254	
3	1716	7255	7256	
3	1719	5147	7255	
3	1720	7256	5147	
3	7255	5147	7256	
3	1715	7257	4682	
3	680	7258	7257	
3	1885	4682	7258	
3	7257	7258	4682	
3	1718	6964	7259	
3	1716	7246	6964	
3	1704	7259	7246	
3	6964	7246	7259	
3	1716	6963	7255	
3	1714	7260	6963	
3	1719	7255	7260	
3	6963	7260	7255	
3	489	7242	3679	
3	1717	7237	7242	
3	490	3679	7237	
3	7242	7237	3679	
3	1708	7240	7244	
3	1717	7241	7240	
3	1710	7244	7241	
3	7240	7241	7244	
3	1706	7156	7227	
3	1718	7259	7156	
3	1704	7227	7259	
3	7156	7259	7227	
3	1718	7155	7250	
3	1707	7261	7155	
3	1723	7250	7261	
3	7155	7261	7250	
3	1886	7262	3578	
3	1714	7253	7262	
3	1721	3578	7253	
3	7262	7253	3578	
3	1715	5145	7264	
3	1719	7263	5145	
3	1886	7264	7263	
3	5145	7263	7264	
3	1713	7220	7247	
3	1720	5146	7220	
3	1715	7247	5146	
3	7220	5146	7247	
3	1716	7256	7245	
3	1720	7219	7256	
3	1712	7245	7219	
3	7256	7219	7245	
3	1723	7265	7251	
3	1974	7266	7265	
3	1714	7251	7266	
3	7265	7266	7251	
3	1862	7267	7268	
3	1570	6971	7267	
3	1582	7268	6971	
3	7267	6971	7268	
3	1707	7224	7270	
3	1728	7269	7224	
3	1724	7270	7269	
3	7224	7269	7270	
3	1740	7271	7273	
3	1729	7272	7271	
3	1741	7273	7272	
3	7271	7272	7273	
3	1724	7230	7270	
3	1723	7261	7230	
3	1707	7270	7261	
3	7230	7261	7270	
3	1723	7229	7265	
3	1722	7274	7229	
3	1974	7265	7274	
3	7229	7274	7265	
3	1725	7275	5135	
3	931	5143	7275	
3	603	5135	5143	
3	7275	5143	5135	
3	1725	7276	7277	
3	1726	7100	7276	
3	1724	7277	7100	
3	7276	7100	7277	
3	1726	7276	7278	
3	1725	5134	7276	
3	1633	7278	5134	
3	7276	5134	7278	
3	1725	7277	7279	
3	1724	7269	7277	
3	1728	7279	7269	
3	7277	7269	7279	
3	846	7096	7094	
3	1726	7278	7096	
3	1633	7094	7278	
3	7096	7278	7094	
3	1726	7095	7098	
3	783	7280	7095	
3	1727	7098	7280	
3	7095	7280	7098	
3	1729	7281	7282	
3	1727	7280	7281	
3	783	7282	7280	
3	7281	7280	7282	
3	1724	7099	7228	
3	1727	7231	7099	
3	1722	7228	7231	
3	7099	7231	7228	
3	1878	7225	7283	
3	1707	7218	7225	
3	1665	7283	7218	
3	7225	7218	7283	
3	1725	7279	7275	
3	1728	7284	7279	
3	931	7275	7284	
3	7279	7284	7275	
3	1730	6930	7285	
3	1729	7282	6930	
3	783	7285	7282	
3	6930	7282	7285	
3	1729	7286	7272	
3	1568	7287	7286	
3	1741	7272	7287	
3	7286	7287	7272	
3	1871	7288	7104	
3	1730	7285	7288	
3	783	7104	7285	
3	7288	7285	7104	
3	1731	6949	7290	
3	1730	7289	6949	
3	1634	7290	7289	
3	6949	7289	7290	
3	1732	7291	7292	
3	1731	7290	7291	
3	1634	7292	7290	
3	7291	7290	7292	
3	1733	6948	7293	
3	1731	6932	6948	
3	1564	7293	6932	
3	6948	6932	7293	
3	1734	2618	7294	
3	1732	7292	2618	
3	1634	7294	7292	
3	2618	7292	7294	
3	385	7295	3559	
3	1735	4649	7295	
3	455	3559	4649	
3	7295	4649	3559	
3	1567	6947	6958	
3	1733	7293	6947	
3	1564	6958	7293	
3	6947	7293	6958	
3	1729	6929	7286	
3	1733	6946	6929	
3	1568	7286	6946	
3	6929	6946	7286	
3	1736	4885	7296	
3	1734	7294	4885	
3	1634	7296	7294	
3	4885	7294	7296	
3	1734	4884	6891	
3	379	3518	4884	
3	1547	6891	3518	
3	4884	3518	6891	
3	385	7297	7295	
3	1739	7298	7297	
3	1735	7295	7298	
3	7297	7298	7295	
3	1735	7299	7300	
3	1546	6888	7299	
3	1566	7300	6888	
3	7299	6888	7300	
3	1736	7296	7302	
3	1634	7301	7296	
3	1871	7302	7301	
3	7296	7301	7302	
3	1736	4079	3539	
3	441	3510	4079	
3	447	3539	3510	
3	4079	3510	3539	
3	1732	7101	7291	
3	1737	6933	7101	
3	1731	7291	6933	
3	7101	6933	7291	
3	1566	6956	7300	
3	1737	7102	6956	
3	1735	7300	7102	
3	6956	7102	7300	
3	1738	7303	7305	
3	1741	7304	7303	
3	1742	7305	7304	
3	7303	7304	7305	
3	1745	7306	7252	
3	1744	7307	7306	
3	1721	7252	7307	
3	7306	7307	7252	
3	1545	3321	6885	
3	1739	7297	3321	
3	385	6885	7297	
3	3321	7297	6885	
3	1546	7299	7308	
3	1735	7298	7299	
3	1739	7308	7298	
3	7299	7298	7308	
3	1729	7271	7281	
3	1740	7232	7271	
3	1727	7281	7232	
3	7271	7232	7281	
3	1974	7309	7311	
3	1740	7310	7309	
3	1738	7311	7310	
3	7309	7310	7311	
3	1742	7304	7312	
3	1741	7287	7304	
3	1568	7312	7287	
3	7304	7287	7312	
3	1740	7273	7310	
3	1741	7303	7273	
3	1738	7310	7303	
3	7273	7303	7310	
3	1743	7313	7314	
3	1742	7312	7313	
3	1568	7314	7312	
3	7313	7312	7314	
3	1746	6977	7316	
3	1744	7315	6977	
3	1742	7316	7315	
3	6977	7315	7316	
3	1567	6939	6945	
3	1743	7314	6939	
3	1568	6945	7314	
3	6939	7314	6945	
3	1743	6938	6979	
3	1561	3886	6938	
3	1572	6979	3886	
3	6938	3886	6979	
3	1738	7305	7317	
3	1742	7315	7305	
3	1744	7317	7315	
3	7305	7315	7317	
3	1743	6959	7313	
3	1746	7316	6959	
3	1742	7313	7316	
3	6959	7316	7313	
3	1974	7318	7266	
3	1745	7254	7318	
3	1714	7266	7254	
3	7318	7254	7266	
3	1738	7317	7319	
3	1744	7306	7317	
3	1745	7319	7306	
3	7317	7306	7319	
3	1571	6998	6961	
3	1570	7320	6998	
3	1746	6961	7320	
3	6998	7320	6961	
3	1570	7267	7322	
3	1862	7321	7267	
3	1863	7322	7321	
3	7267	7321	7322	
3	1113	5369	5692	
3	1114	7323	5369	
3	1747	5692	7323	
3	5369	7323	5692	
3	1678	7180	5969	
3	1747	7323	7180	
3	1114	5969	7323	
3	7180	7323	5969	
3	821	4802	4773	
3	1748	6080	4802	
3	822	4773	6080	
3	4802	6080	4773	
3	816	5738	4801	
3	1132	5730	5738	
3	1748	4801	5730	
3	5738	5730	4801	
3	1082	5799	5601	
3	1749	5800	5799	
3	1147	5601	5800	
3	5799	5800	5601	
3	1750	5304	7324	
3	1749	5798	5304	
3	1042	7324	5798	
3	5304	5798	7324	
3	1185	5927	5484	
3	1750	7324	5927	
3	1042	5484	7324	
3	5927	7324	5484	
3	1146	6201	5803	
3	1080	7325	6201	
3	1751	5803	7325	
3	6201	7325	5803	
3	1080	5934	7325	
3	1163	7326	5934	
3	1751	7325	7326	
3	5934	7326	7325	
3	1887	5796	7327	
3	1751	7326	5796	
3	1163	7327	7326	
3	5796	7326	7327	
3	1043	4892	5179	
3	1752	5360	4892	
3	941	5179	5360	
3	4892	5360	5179	
3	1700	5605	7212	
3	1752	5929	5605	
3	1149	7212	5929	
3	5605	5929	7212	
3	1034	5780	5267	
3	1753	5455	5780	
3	1142	5267	5455	
3	5780	5455	5267	
3	1296	5707	6232	
3	1753	5781	5707	
3	1032	6232	5781	
3	5707	5781	6232	
3	1169	5854	5872	
3	1754	6585	5854	
3	1167	5872	6585	
3	5854	6585	5872	
3	543	5945	7328	
3	1754	5856	5945	
3	1193	7328	5856	
3	5945	5856	7328	
3	1195	7329	5954	
3	1755	6110	7329	
3	1168	5954	6110	
3	7329	6110	5954	
3	1412	6539	6522	
3	1755	6527	6539	
3	1196	6522	6527	
3	6539	6527	6522	
3	1196	6526	6450	
3	1756	5953	6526	
3	1417	6450	5953	
3	6526	5953	6450	
3	1195	5865	7329	
3	1756	6528	5865	
3	1755	7329	6528	
3	5865	6528	7329	
3	1266	6155	6069	
3	1757	6847	6155	
3	208	6069	6847	
3	6155	6847	6069	
3	1234	4270	7081	
3	1757	6154	4270	
3	1235	7081	6154	
3	4270	6154	7081	
3	1268	6156	7330	
3	1758	6000	6156	
3	591	7330	6000	
3	6156	6000	7330	
3	1758	6157	7087	
3	1236	7078	6157	
3	1624	7087	7078	
3	6157	7078	7087	
3	1759	3425	6053	
3	163	6132	3425	
3	1258	6053	6132	
3	3425	6132	6053	
3	412	6131	2022	
3	1759	2653	6131	
3	1257	2022	2653	
3	6131	2653	2022	
3	1267	6076	4040	
3	1760	6160	6076	
3	1140	4040	6160	
3	6076	6160	4040	
3	1870	5741	7331	
3	1760	6075	5741	
3	1268	7331	6075	
3	5741	6075	7331	
3	1287	6221	5598	
3	1761	6198	6221	
3	1242	5598	6198	
3	6221	6198	5598	
3	957	6264	7332	
3	1283	6199	6264	
3	1761	7332	6199	
3	6264	6199	7332	
3	1762	5599	5594	
3	1242	6192	5599	
3	1278	5594	6192	
3	5599	6192	5594	
3	1279	6196	6204	
3	1287	5597	6196	
3	1762	6204	5597	
3	6196	5597	6204	
3	1261	6083	6231	
3	1763	5919	6083	
3	1181	6231	5919	
3	6083	5919	6231	
3	1312	6227	6265	
3	1763	6229	6227	
3	1293	6265	6229	
3	6227	6229	6265	
3	1333	6311	6290	
3	1764	6081	6311	
3	1261	6290	6081	
3	6311	6081	6290	
3	1330	6267	6304	
3	1764	6310	6267	
3	1325	6304	6310	
3	6267	6310	6304	
3	1767	7333	6326	
3	1340	7334	7333	
3	1765	6326	7334	
3	7333	7334	6326	
3	1354	6320	6363	
3	1765	7334	6320	
3	1340	6363	7334	
3	6320	7334	6363	
3	1766	7335	6015	
3	1767	7336	7335	
3	1768	6015	7336	
3	7335	7336	6015	
3	1768	7336	7337	
3	1767	6325	7336	
3	284	7337	6325	
3	7336	6325	7337	
3	1340	7333	6301	
3	1767	7335	7333	
3	1766	6301	7335	
3	7333	7335	6301	
3	427	7338	7339	
3	1770	6329	7338	
3	1769	7339	6329	
3	7338	6329	7339	
3	427	2270	7338	
3	1600	7340	2270	
3	1770	7338	7340	
3	2270	7340	7338	
3	1600	7048	7340	
3	1602	7341	7048	
3	1770	7340	7341	
3	7048	7341	7340	
3	1768	7337	6328	
3	284	7342	7337	
3	1769	6328	7342	
3	7337	7342	6328	
3	1771	7343	4013	
3	1770	7341	7343	
3	1602	4013	7341	
3	7343	7341	4013	
3	1339	6013	4820	
3	1768	7344	6013	
3	1771	4820	7344	
3	6013	7344	4820	
3	1770	7343	6330	
3	1771	7344	7343	
3	1768	6330	7344	
3	7343	7344	6330	
3	1818	7345	6368	
3	1833	7346	7345	
3	1811	6368	7346	
3	7345	7346	6368	
3	474	2512	3633	
3	1773	3641	2512	
3	394	3633	3641	
3	2512	3641	3633	
3	475	6402	2511	
3	1374	3642	6402	
3	1773	2511	3642	
3	6402	3642	2511	
3	1775	6381	7347	
3	1774	6467	6381	
3	1368	7347	6467	
3	6381	6467	7347	
3	1390	6470	6397	
3	1774	6383	6470	
3	1391	6397	6383	
3	6470	6383	6397	
3	1370	6393	2590	
3	1775	7347	6393	
3	1368	2590	7347	
3	6393	7347	2590	
3	242	6471	6693	
3	1775	6394	6471	
3	325	6693	6394	
3	6471	6394	6693	
3	1374	7348	3643	
3	1776	3647	7348	
3	394	3643	3647	
3	7348	3647	3643	
3	477	6518	7350	
3	1776	7349	6518	
3	1406	7350	7349	
3	6518	7349	7350	
3	1406	7349	6437	
3	1776	7351	7349	
3	1777	6437	7351	
3	7349	7351	6437	
3	1374	6519	7348	
3	1777	7351	6519	
3	1776	7348	7351	
3	6519	7351	7348	
3	1444	6613	6632	
3	1778	6476	6613	
3	323	6632	6476	
3	6613	6476	6632	
3	1435	6593	6603	
3	1778	6614	6593	
3	1434	6603	6614	
3	6593	6614	6603	
3	1780	6609	7352	
3	1779	6652	6609	
3	1415	7352	6652	
3	6609	6652	7352	
3	1485	6748	6762	
3	1779	6608	6748	
3	1450	6762	6608	
3	6748	6608	6762	
3	1416	6579	6591	
3	1780	7352	6579	
3	1415	6591	7352	
3	6579	7352	6591	
3	1424	6545	6578	
3	1445	6606	6545	
3	1780	6578	6606	
3	6545	6606	6578	
3	1513	6836	2091	
3	1781	6692	6836	
3	325	2091	6692	
3	6836	6692	2091	
3	1474	6685	6717	
3	1781	6837	6685	
3	1469	6717	6837	
3	6685	6837	6717	
3	1889	6657	7353	
3	1451	6681	6657	
3	1446	7353	6681	
3	6657	6681	7353	
3	1935	7354	7356	
3	1928	7355	7354	
3	1927	7356	7355	
3	7354	7355	7356	
3	183	7357	6726	
3	1808	7358	7357	
3	1822	6726	7358	
3	7357	7358	6726	
3	1930	6709	6912	
3	1912	7359	6709	
3	1554	6912	7359	
3	6709	7359	6912	
3	1891	7360	7362	
3	1791	7361	7360	
3	1890	7362	7361	
3	7360	7361	7362	
3	1797	7363	7365	
3	1494	7364	7363	
3	1796	7365	7364	
3	7363	7364	7365	
3	1794	7366	2709	
3	1785	6760	7366	
3	395	2709	6760	
3	7366	6760	2709	
3	1785	7367	6775	
3	1490	7368	7367	
3	1786	6775	7368	
3	7367	7368	6775	
3	1787	7369	2725	
3	1490	7370	7369	
3	1788	2725	7370	
3	7369	7370	2725	
3	1786	7368	7371	
3	1490	7369	7368	
3	1787	7371	7369	
3	7368	7369	7371	
3	1493	6806	2724	
3	1789	6802	6806	
3	1787	2724	6802	
3	6806	6802	2724	
3	1499	7372	7373	
3	1792	6788	7372	
3	1789	7373	6788	
3	7372	6788	7373	
3	1488	6769	3362	
3	1788	7370	6769	
3	1490	3362	7370	
3	6769	7370	3362	
3	1788	6768	6795	
3	1484	6774	6768	
3	1495	6795	6774	
3	6768	6774	6795	
3	1790	6804	7374	
3	1493	6778	6804	
3	1489	7374	6778	
3	6804	6778	7374	
3	1792	7372	7375	
3	1499	6800	7372	
3	71	7375	6800	
3	7372	6800	7375	
3	1791	7376	7377	
3	1790	7374	7376	
3	1489	7377	7374	
3	7376	7374	7377	
3	1892	6786	7379	
3	1893	7378	6786	
3	1791	7379	7378	
3	6786	7378	7379	
3	1791	7377	7361	
3	1489	6660	7377	
3	1890	7361	6660	
3	7377	6660	7361	
3	1791	7360	7379	
3	1891	7380	7360	
3	1892	7379	7380	
3	7360	7380	7379	
3	70	7381	7383	
3	1793	7382	7381	
3	71	7383	7382	
3	7381	7382	7383	
3	1793	7381	7384	
3	70	6715	7381	
3	1786	7384	6715	
3	7381	6715	7384	
3	1787	6803	7371	
3	1793	7384	6803	
3	1786	7371	7384	
3	6803	7384	7371	
3	71	7382	7375	
3	1793	6789	7382	
3	1792	7375	6789	
3	7382	6789	7375	
3	1488	3361	6770	
3	1794	6648	3361	
3	323	6770	6648	
3	3361	6648	6770	
3	1785	7366	7367	
3	1794	3360	7366	
3	1490	7367	3360	
3	7366	3360	7367	
3	1888	6707	7386	
3	1924	7385	6707	
3	1472	7386	7385	
3	6707	7385	7386	
3	1482	7387	7389	
3	1895	7388	7387	
3	1897	7389	7388	
3	7387	7388	7389	
3	1797	7365	6791	
3	1796	6765	7365	
3	1492	6791	6765	
3	7365	6765	6791	
3	1496	6796	6797	
3	1796	7364	6796	
3	1494	6797	7364	
3	6796	7364	6797	
3	1853	7390	7391	
3	1797	6793	7390	
3	1482	7391	6793	
3	7390	6793	7391	
3	1890	7392	7394	
3	1797	7393	7392	
3	1784	7394	7393	
3	7392	7393	7394	
3	1799	2732	7395	
3	1798	2712	2732	
3	106	7395	2712	
3	2732	2712	7395	
3	1901	4100	7396	
3	1502	6816	4100	
3	1801	7396	6816	
3	4100	6816	7396	
3	106	7397	7395	
3	105	7398	7397	
3	1799	7395	7398	
3	7397	7398	7395	
3	105	2311	7399	
3	232	2789	2311	
3	1900	7399	2789	
3	2311	2789	7399	
3	1802	7400	2448	
3	231	2055	7400	
3	235	2448	2055	
3	7400	2055	2448	
3	1801	2006	7401	
3	236	4118	2006	
3	610	7401	4118	
3	2006	4118	7401	
3	673	7402	4329	
3	1801	7401	7402	
3	610	4329	7401	
3	7402	7401	4329	
3	1901	4327	3077	
3	180	3333	4327	
3	388	3077	3333	
3	4327	3333	3077	
3	236	4122	4103	
3	1802	1996	4122	
3	615	4103	1996	
3	4122	1996	4103	
3	231	7400	6815	
3	1802	4121	7400	
3	1800	6815	4121	
3	7400	4121	6815	
3	1810	7403	7404	
3	1809	2582	7403	
3	1805	7404	2582	
3	7403	2582	7404	
3	1808	7405	7407	
3	1805	7406	7405	
3	1815	7407	7406	
3	7405	7406	7407	
3	1804	7408	7410	
3	1828	7409	7408	
3	1816	7410	7409	
3	7408	7409	7410	
3	1808	7357	7411	
3	183	6697	7357	
3	1803	7411	6697	
3	7357	6697	7411	
3	1812	7412	6818	
3	85	7413	7412	
3	84	6818	7413	
3	7412	7413	6818	
3	1805	2584	7406	
3	1804	7414	2584	
3	1815	7406	7414	
3	2584	7414	7406	
3	1825	7415	7417	
3	1817	7416	7415	
3	1824	7417	7416	
3	7415	7416	7417	
3	1829	7418	7420	
3	1809	7419	7418	
3	1813	7420	7419	
3	7418	7419	7420	
3	1807	7421	7423	
3	1815	7422	7421	
3	1816	7423	7422	
3	7421	7422	7423	
3	1820	7424	7425	
3	1821	6732	7424	
3	1819	7425	6732	
3	7424	6732	7425	
3	1805	7405	6820	
3	1808	7411	7405	
3	1803	6820	7411	
3	7405	7411	6820	
3	1822	7358	7427	
3	1808	7426	7358	
3	1807	7427	7426	
3	7358	7426	7427	
3	1810	7404	7428	
3	1805	6821	7404	
3	1503	7428	6821	
3	7404	6821	7428	
3	1813	7419	2537	
3	1809	7429	7419	
3	1806	2537	7429	
3	7419	7429	2537	
3	1810	7428	7431	
3	1503	7430	7428	
3	1836	7431	7430	
3	7428	7430	7431	
3	1806	7429	7432	
3	1809	7403	7429	
3	1810	7432	7403	
3	7429	7403	7432	
3	1817	7433	6817	
3	1806	7434	7433	
3	1812	6817	7434	
3	7433	7434	6817	
3	1360	7435	7437	
3	1923	7436	7435	
3	1906	7437	7436	
3	7435	7436	7437	
3	1806	7432	7434	
3	1810	7438	7432	
3	1812	7434	7438	
3	7432	7438	7434	
3	85	7412	7439	
3	1812	7438	7412	
3	1810	7439	7438	
3	7412	7438	7439	
3	1817	7440	7433	
3	1818	2535	7440	
3	1806	7433	2535	
3	7440	2535	7433	
3	1813	6367	7420	
3	1811	7441	6367	
3	1829	7420	7441	
3	6367	7441	7420	
3	1921	7442	7444	
3	1814	7443	7442	
3	1825	7444	7443	
3	7442	7443	7444	
3	1832	7445	7446	
3	1818	7440	7445	
3	1817	7446	7440	
3	7445	7440	7446	
3	1816	7422	7410	
3	1815	7414	7422	
3	1804	7410	7414	
3	7422	7414	7410	
3	1808	7407	7426	
3	1815	7421	7407	
3	1807	7426	7421	
3	7407	7421	7426	
3	1829	7447	7449	
3	1831	7448	7447	
3	1835	7449	7448	
3	7447	7448	7449	
3	1828	7450	7452	
3	1835	7451	7450	
3	1823	7452	7451	
3	7450	7451	7452	
3	84	7453	6819	
3	1824	7416	7453	
3	1817	6819	7416	
3	7453	7416	6819	
3	1921	7454	7456	
3	1904	7455	7454	
3	1902	7456	7455	
3	7454	7455	7456	
3	1819	7457	7425	
3	1783	7458	7457	
3	1820	7425	7458	
3	7457	7458	7425	
3	1772	7459	7461	
3	1831	7460	7459	
3	1833	7461	7460	
3	7459	7460	7461	
3	1807	7423	6731	
3	1816	2518	7423	
3	1819	6731	2518	
3	7423	2518	6731	
3	1917	7462	7464	
3	1924	7463	7462	
3	1929	7464	7463	
3	7462	7463	7464	
3	1903	7465	6730	
3	1478	6659	7465	
3	1477	6730	6659	
3	7465	6659	6730	
3	1903	7466	7467	
3	1821	7424	7466	
3	1820	7467	7424	
3	7466	7424	7467	
3	1470	7468	7469	
3	1827	6727	7468	
3	1822	7469	6727	
3	7468	6727	7469	
3	1807	6733	7427	
3	1821	7470	6733	
3	1822	7427	7470	
3	6733	7470	7427	
3	1470	7469	7471	
3	1822	7470	7469	
3	1821	7471	7470	
3	7469	7470	7471	
3	1828	7452	7409	
3	1823	7472	7452	
3	1816	7409	7472	
3	7452	7472	7409	
3	1831	7473	7448	
3	1834	7474	7473	
3	1835	7448	7474	
3	7473	7474	7448	
3	84	7475	7453	
3	83	7476	7475	
3	1824	7453	7476	
3	7475	7476	7453	
3	1825	7417	7477	
3	1824	7476	7417	
3	83	7477	7476	
3	7417	7476	7477	
3	1904	7478	7479	
3	1825	7477	7478	
3	83	7479	7477	
3	7478	7477	7479	
3	1833	7480	7482	
3	1905	7481	7480	
3	1826	7482	7481	
3	7480	7481	7482	
3	1475	6694	6720	
3	1827	7468	6694	
3	1470	6720	7468	
3	6694	7468	6720	
3	1818	7483	7345	
3	1905	7480	7483	
3	1833	7345	7480	
3	7483	7480	7345	
3	183	6728	2600	
3	1827	6696	6728	
3	1476	2600	6696	
3	6728	6696	2600	
3	1829	7484	7485	
3	1828	7408	7484	
3	1804	7485	7408	
3	7484	7408	7485	
3	1834	7486	7474	
3	1830	7487	7486	
3	1835	7474	7487	
3	7486	7487	7474	
3	1829	7485	7418	
3	1804	2583	7485	
3	1809	7418	2583	
3	7485	2583	7418	
3	1829	7441	7447	
3	1811	7488	7441	
3	1831	7447	7488	
3	7441	7488	7447	
3	1823	7489	7491	
3	1923	7490	7489	
3	1962	7491	7490	
3	7489	7490	7491	
3	1783	7457	7492	
3	1819	2517	7457	
3	1907	7492	2517	
3	7457	2517	7492	
3	1833	7460	7346	
3	1831	7488	7460	
3	1811	7346	7488	
3	7460	7488	7346	
3	1823	7451	7493	
3	1835	7487	7451	
3	1830	7493	7487	
3	7451	7487	7493	
3	1817	7415	7446	
3	1825	7494	7415	
3	1832	7446	7494	
3	7415	7494	7446	
3	1905	7495	7496	
3	1825	7443	7495	
3	1814	7496	7443	
3	7495	7443	7496	
3	1905	7483	7497	
3	1818	7445	7483	
3	1832	7497	7445	
3	7483	7445	7497	
3	1772	7461	7498	
3	1833	7482	7461	
3	1826	7498	7482	
3	7461	7482	7498	
3	1835	7450	7449	
3	1828	7484	7450	
3	1829	7449	7484	
3	7450	7484	7449	
3	1831	7459	7473	
3	1772	7499	7459	
3	1834	7473	7499	
3	7459	7499	7473	
3	1810	7431	7439	
3	1836	2797	7431	
3	85	7439	2797	
3	7431	2797	7439	
3	1836	7430	2324	
3	1503	2531	7430	
3	243	2324	2531	
3	7430	2531	2324	
3	324	6880	6116	
3	1512	7500	6880	
3	1837	6116	7500	
3	6880	7500	6116	
3	1534	2208	6119	
3	1837	7500	2208	
3	1512	6119	7500	
3	2208	7500	6119	
3	1909	6126	7501	
3	1838	2209	6126	
3	1534	7501	2209	
3	6126	2209	7501	
3	241	6876	6615	
3	1838	6128	6876	
3	1253	6615	6128	
3	6876	6128	6615	
3	497	3697	7124	
3	1839	6846	3697	
3	496	7124	6846	
3	3697	6846	7124	
3	1839	3150	2401	
3	186	6838	3150	
3	1516	2401	6838	
3	3150	6838	2401	
3	1841	7502	7503	
3	1840	6871	7502	
3	1256	7503	6871	
3	7502	6871	7503	
3	1534	6873	7504	
3	1529	6875	6873	
3	1840	7504	6875	
3	6873	6875	7504	
3	1255	6125	6046	
3	1841	7503	6125	
3	1256	6046	7503	
3	6125	7503	6046	
3	1909	6859	6127	
3	1172	5881	6859	
3	1253	6127	5881	
3	6859	5881	6127	
3	1560	4349	3890	
3	1842	3583	4349	
3	537	3890	3583	
3	4349	3583	3890	
3	1842	4348	3320	
3	1546	7308	4348	
3	1739	3320	7308	
3	4348	7308	3320	
3	460	3566	3555	
3	1843	3575	3566	
3	389	3555	3575	
3	3566	3575	3555	
3	1557	6914	6923	
3	1843	3565	6914	
3	1548	6923	3565	
3	6914	3565	6923	
3	480	3648	3656	
3	1844	6905	3648	
3	479	3656	6905	
3	3648	6905	3656	
3	1406	6517	7350	
3	1845	6563	6517	
3	477	7350	6563	
3	6517	6563	7350	
3	1846	6500	7505	
3	1399	6532	6500	
3	1410	7505	6532	
3	6500	6532	7505	
3	1845	6498	3653	
3	1846	7506	6498	
3	1847	3653	7506	
3	6498	7506	3653	
3	1398	6494	6515	
3	1846	7505	6494	
3	1410	6515	7505	
3	6494	7505	6515	
3	1847	7506	7507	
3	1846	6493	7506	
3	1420	7507	6493	
3	7506	6493	7507	
3	1610	7067	6904	
3	1847	7507	7067	
3	1420	6904	7507	
3	7067	7507	6904	
3	1844	3651	6901	
3	1847	7066	3651	
3	1551	6901	7066	
3	3651	7066	6901	
3	1849	7508	7510	
3	1851	7509	7508	
3	1852	7510	7509	
3	7508	7509	7510	
3	1848	6751	7512	
3	1554	7511	6751	
3	1850	7512	7511	
3	6751	7511	7512	
3	1895	7387	6909	
3	1482	6792	7387	
3	1492	6909	6792	
3	7387	6792	6909	
3	1851	7513	2791	
3	1933	6752	7513	
3	1848	2791	6752	
3	7513	6752	2791	
3	1912	7514	7359	
3	1850	7511	7514	
3	1554	7359	7511	
3	7514	7511	7359	
3	1910	7515	7517	
3	78	7516	7515	
3	1850	7517	7516	
3	7515	7516	7517	
3	1852	7509	2592	
3	1851	2790	7509	
3	500	2592	2790	
3	7509	2790	2592	
3	1851	7508	7513	
3	1849	7518	7508	
3	1933	7513	7518	
3	7508	7518	7513	
3	1891	2593	7519	
3	500	3707	2593	
3	336	7519	3707	
3	2593	3707	7519	
3	1797	7390	7393	
3	1853	6784	7390	
3	1784	7393	6784	
3	7390	6784	7393	
3	1898	7520	7521	
3	1482	7389	7520	
3	1897	7521	7389	
3	7520	7389	7521	
3	1849	7510	7522	
3	1852	6782	7510	
3	1853	7522	6782	
3	7510	6782	7522	
3	1848	7512	3407	
3	1850	7523	7512	
3	1854	3407	7523	
3	7512	7523	3407	
3	78	6589	7516	
3	1854	7523	6589	
3	1850	7516	7523	
3	6589	7523	7516	
3	1961	6910	7524	
3	1554	6753	6910	
3	1933	7524	6753	
3	6910	6753	7524	
3	1855	7525	7527	
3	1940	7526	7525	
3	1920	7527	7526	
3	7525	7526	7527	
3	1857	6991	7528	
3	1856	6919	6991	
3	460	7528	6919	
3	6991	6919	7528	
3	1858	7529	7530	
3	1856	6990	7529	
3	1563	7530	6990	
3	7529	6990	7530	
3	459	6892	3587	
3	1857	7528	6892	
3	460	3587	7528	
3	6892	7528	3587	
3	1563	6989	6984	
3	1857	7013	6989	
3	1576	6984	7013	
3	6989	7013	6984	
3	1565	6966	6974	
3	1858	7530	6966	
3	1563	6974	7530	
3	6966	7530	6974	
3	1859	6936	6965	
3	1569	6950	6936	
3	1558	6965	6950	
3	6936	6950	6965	
3	1548	6918	6915	
3	1856	7531	6918	
3	1859	6915	7531	
3	6918	7531	6915	
3	1858	6937	7529	
3	1859	7531	6937	
3	1856	7529	7531	
3	6937	7531	7529	
3	1861	7012	7024	
3	1860	4354	7012	
3	753	7024	4354	
3	7012	4354	7024	
3	1597	7043	7044	
3	1860	7011	7043	
3	1587	7044	7011	
3	7043	7011	7044	
3	680	7532	7533	
3	1886	3577	7532	
3	1913	7533	3577	
3	7532	3577	7533	
3	1582	7009	7268	
3	1590	7033	7009	
3	1862	7268	7033	
3	7009	7033	7268	
3	1913	7534	7533	
3	1861	7026	7534	
3	680	7533	7026	
3	7534	7026	7533	
3	1570	7322	7320	
3	1863	6978	7322	
3	1746	7320	6978	
3	7322	6978	7320	
3	1913	7535	7536	
3	1863	7321	7535	
3	1862	7536	7321	
3	7535	7321	7536	
3	1744	6976	7307	
3	1863	7537	6976	
3	1721	7307	7537	
3	6976	7537	7307	
3	586	7538	7052	
3	1865	4755	7538	
3	1864	7052	4755	
3	7538	4755	7052	
3	1865	7539	4756	
3	1638	7540	7539	
3	1866	4756	7540	
3	7539	7540	4756	
3	586	7050	7541	
3	1601	3795	7050	
3	1867	7541	3795	
3	7050	3795	7541	
3	1638	7539	7109	
3	1865	2048	7539	
3	366	7109	2048	
3	7539	2048	7109	
3	823	7108	7106	
3	1866	7540	7108	
3	1638	7106	7540	
3	7108	7540	7106	
3	827	4823	4815	
3	1864	4757	4823	
3	1866	4815	4757	
3	4823	4757	4815	
3	366	2050	2956	
3	1867	4005	2050	
3	159	2956	4005	
3	2050	4005	2956	
3	586	7541	7538	
3	1867	2049	7541	
3	1865	7538	2049	
3	7541	2049	7538	
3	1339	4821	4798	
3	1868	7053	4821	
3	824	4798	7053	
3	4821	7053	4798	
3	1864	4822	7051	
3	1868	4014	4822	
3	1602	7051	4014	
3	4822	4014	7051	
3	1612	5948	3872	
3	1869	7071	5948	
3	612	3872	7071	
3	5948	7071	3872	
3	1194	7076	6558	
3	1869	5947	7076	
3	1615	6558	5947	
3	7076	5947	6558	
3	591	6158	7330	
3	1870	7331	6158	
3	1268	7330	7331	
3	6158	7331	7330	
3	719	7091	7090	
3	1870	6159	7091	
3	1629	7090	6159	
3	7091	6159	7090	
3	1736	7302	4077	
3	1871	7103	7302	
3	846	4077	7103	
3	7302	7103	4077	
3	1730	7288	7289	
3	1871	7301	7288	
3	1634	7289	7301	
3	7288	7301	7289	
3	1531	6867	6857	
3	1872	7138	6867	
3	1532	6857	7138	
3	6867	7138	6857	
3	1652	7125	6869	
3	1872	6866	7125	
3	402	6869	6866	
3	7125	6866	6869	
3	1651	7117	7122	
3	1873	7542	7117	
3	1649	7122	7542	
3	7117	7542	7122	
3	1202	7127	5980	
3	1873	7116	7127	
3	1653	5980	7116	
3	7127	7116	5980	
3	1874	7128	5357	
3	1202	5983	7128	
3	1203	5357	5983	
3	7128	5983	5357	
3	1684	7186	7129	
3	1874	5976	7186	
3	998	7129	5976	
3	7186	5976	7129	
3	1873	5977	7542	
3	1875	7144	5977	
3	1649	7542	7144	
3	5977	7144	7542	
3	1685	7187	7132	
3	1875	5979	7187	
3	1655	7132	5979	
3	7187	5979	7132	
3	1254	6121	5521	
3	1876	7145	6121	
3	993	5521	7145	
3	6121	7145	5521	
3	1225	4963	6123	
3	1659	5342	4963	
3	1876	6123	5342	
3	4963	5342	6123	
3	1702	7213	7216	
3	1877	5136	7213	
3	927	7216	5136	
3	7213	5136	7216	
3	1693	7193	7197	
3	1877	7214	7193	
3	1663	7197	7214	
3	7193	7214	7197	
3	1728	7226	7284	
3	1878	4147	7226	
3	931	7284	4147	
3	7226	4147	7284	
3	1702	7215	7151	
3	1878	7283	7215	
3	1665	7151	7283	
3	7215	7283	7151	
3	1880	7543	5561	
3	1879	5226	7543	
3	956	5561	5226	
3	7543	5226	5561	
3	1883	5066	7545	
3	1879	7544	5066	
3	1686	7545	7544	
3	5066	7544	7545	
3	953	5070	5235	
3	1686	7546	5070	
3	1880	5235	7546	
3	5070	7546	5235	
3	1880	7546	7543	
3	1686	7544	7546	
3	1879	7543	7544	
3	7546	7544	7543	
3	1914	7547	6220	
3	957	7332	7547	
3	1761	6220	7332	
3	7547	7332	6220	
3	1287	6195	7548	
3	1286	6194	6195	
3	1915	7548	6194	
3	6195	6194	7548	
3	1916	7549	7551	
3	1882	7550	7549	
3	1915	7551	7550	
3	7549	7550	7551	
3	1884	7552	7553	
3	722	7189	7552	
3	1883	7553	7189	
3	7552	7189	7553	
3	1686	6217	7545	
3	1882	7554	6217	
3	1883	7545	7554	
3	6217	7554	7545	
3	1884	7553	7555	
3	1883	7554	7553	
3	1882	7555	7554	
3	7553	7554	7555	
3	1916	7556	7549	
3	1884	7555	7556	
3	1882	7549	7555	
3	7556	7555	7549	
3	722	7552	4476	
3	1884	7557	7552	
3	725	4476	7557	
3	7552	7557	4476	
3	753	4153	7025	
3	1885	7258	4153	
3	680	7025	7258	
3	4153	7258	7025	
3	793	4560	7558	
3	556	4681	4560	
3	1975	7558	4681	
3	4560	4681	7558	
3	1715	7264	7257	
3	1886	7532	7264	
3	680	7257	7532	
3	7264	7532	7257	
3	1714	7262	7260	
3	1886	7263	7262	
3	1719	7260	7263	
3	7262	7263	7260	
3	1191	5846	5938	
3	1887	7327	5846	
3	1163	5938	7327	
3	5846	7327	5938	
3	1148	5797	6024	
3	1887	5845	5797	
3	1186	6024	5845	
3	5797	5845	6024	
3	1888	7386	7559	
3	1472	6699	7386	
3	1971	7559	6699	
3	7386	6699	7559	
3	1428	6405	6702	
3	1782	6708	6405	
3	1888	6702	6708	
3	6405	6708	6702	
3	1446	6658	7353	
3	1478	7560	6658	
3	1889	7353	7560	
3	6658	7560	7353	
3	1926	7561	7562	
3	1889	7560	7561	
3	1478	7562	7560	
3	7561	7560	7562	
3	1797	7392	7363	
3	1890	6662	7392	
3	1494	7363	6662	
3	7392	6662	7363	
3	1890	7394	7362	
3	1784	7563	7394	
3	1891	7362	7563	
3	7394	7563	7362	
3	1852	2594	6783	
3	1891	7563	2594	
3	1784	6783	7563	
3	2594	7563	6783	
3	1892	7380	7564	
3	1891	7519	7380	
3	336	7564	7519	
3	7380	7519	7564	
3	406	3159	3704	
3	1892	7564	3159	
3	336	3704	7564	
3	3159	7564	3704	
3	1497	6807	6801	
3	1893	6785	6807	
3	1500	6801	6785	
3	6807	6785	6801	
3	1894	7565	6810	
3	1499	7373	7565	
3	1789	6810	7373	
3	7565	7373	6810	
3	1893	7566	7378	
3	1894	7567	7566	
3	1791	7378	7567	
3	7566	7567	7378	
3	1791	7567	7376	
3	1894	6809	7567	
3	1790	7376	6809	
3	7567	6809	7376	
3	1499	7565	6812	
3	1894	7566	7565	
3	1893	6812	7566	
3	7565	7566	6812	
3	1895	7568	7388	
3	1918	7569	7568	
3	1897	7388	7569	
3	7568	7569	7388	
3	1918	7568	7571	
3	1895	7570	7568	
3	1795	7571	7570	
3	7568	7570	7571	
3	1919	7572	7574	
3	1795	7573	7572	
3	1925	7574	7573	
3	7572	7573	7574	
3	1947	7575	7577	
3	1950	7576	7575	
3	1962	7577	7576	
3	7575	7576	7577	
3	1912	6711	7579	
3	1936	7578	6711	
3	1956	7579	7578	
3	6711	7578	7579	
3	1853	7580	7522	
3	1898	7581	7580	
3	1849	7522	7581	
3	7580	7581	7522	
3	1482	7520	7391	
3	1898	7580	7520	
3	1853	7391	7580	
3	7520	7580	7391	
3	1963	7582	7584	
3	1942	7583	7582	
3	1955	7584	7583	
3	7582	7583	7584	
3	1899	6749	6781	
3	1452	7585	6749	
3	1971	6781	7585	
3	6749	7585	6781	
3	1895	6908	7570	
3	1899	6780	6908	
3	1795	7570	6780	
3	6908	6780	7570	
3	1502	2576	6814	
3	1900	2726	2576	
3	231	6814	2726	
3	2576	2726	6814	
3	105	7399	7398	
3	1900	2575	7399	
3	1799	7398	2575	
3	7399	2575	7398	
3	1798	4101	2713	
3	1901	3076	4101	
3	237	2713	3076	
3	4101	3076	2713	
3	673	4328	7402	
3	1901	7396	4328	
3	1801	7402	7396	
3	4328	7396	7402	
3	82	7586	7588	
3	1922	7587	7586	
3	1902	7588	7587	
3	7586	7587	7588	
3	1821	7466	7471	
3	1903	6729	7466	
3	1470	7471	6729	
3	7466	6729	7471	
3	1927	7589	7590	
3	1903	7467	7589	
3	1820	7590	7467	
3	7589	7467	7590	
3	83	7591	7479	
3	82	7592	7591	
3	1904	7479	7592	
3	7591	7592	7479	
3	1902	7455	7588	
3	1904	7592	7455	
3	82	7588	7592	
3	7455	7592	7588	
3	1825	7495	7494	
3	1905	7497	7495	
3	1832	7494	7497	
3	7495	7497	7494	
3	1826	7481	7593	
3	1905	7496	7481	
3	1814	7593	7496	
3	7481	7496	7593	
3	1816	7472	2519	
3	1823	7594	7472	
3	1907	2519	7594	
3	7472	7594	2519	
3	1823	7493	7596	
3	1830	7595	7493	
3	1906	7596	7595	
3	7493	7595	7596	
3	1911	7597	7599	
3	1963	7598	7597	
3	1959	7599	7598	
3	7597	7598	7599	
3	1935	7600	7602	
3	1939	7601	7600	
3	1943	7602	7601	
3	7600	7601	7602	
3	1940	7603	7605	
3	1937	7604	7603	
3	1941	7605	7604	
3	7603	7604	7605	
3	1534	7504	7501	
3	1840	7606	7504	
3	1909	7501	7606	
3	7504	7606	7501	
3	1841	6860	7502	
3	1909	7606	6860	
3	1840	7502	7606	
3	6860	7606	7502	
3	1912	7607	7514	
3	79	7608	7607	
3	1850	7514	7608	
3	7607	7608	7514	
3	1850	7608	7517	
3	79	7609	7608	
3	1910	7517	7609	
3	7608	7609	7517	
3	1934	7610	7612	
3	1945	7611	7610	
3	1908	7612	7611	
3	7610	7611	7612	
3	1942	7613	7615	
3	1976	7614	7613	
3	1855	7615	7614	
3	7613	7614	7615	
3	1959	7616	7599	
3	1936	7617	7616	
3	1911	7599	7617	
3	7616	7617	7599	
3	1863	7535	7537	
3	1913	3576	7535	
3	1721	7537	3576	
3	7535	3576	7537	
3	1861	7534	4563	
3	1913	7536	7534	
3	1862	4563	7536	
3	7534	7536	4563	
3	1914	6219	4481	
3	1287	7548	6219	
3	1915	4481	7548	
3	6219	7548	4481	
3	957	7547	7188	
3	1914	4480	7547	
3	1881	7188	4480	
3	7547	4480	7188	
3	1916	7551	7618	
3	1915	6193	7551	
3	907	7618	6193	
3	7551	6193	7618	
3	1915	7550	4482	
3	1882	6218	7550	
3	1881	4482	6218	
3	7550	6218	4482	
3	1662	5065	4622	
3	1916	7618	5065	
3	907	4622	7618	
3	5065	7618	4622	
3	1884	7556	7557	
3	1916	7149	7556	
3	725	7557	7149	
3	7556	7149	7557	
3	1919	7574	6735	
3	1925	7619	7574	
3	1917	6735	7619	
3	7574	7619	6735	
3	1928	7620	7622	
3	1929	7621	7620	
3	1926	7622	7621	
3	7620	7621	7622	
3	1919	7623	7572	
3	1918	7571	7623	
3	1795	7572	7571	
3	7623	7571	7572	
3	1951	7624	7626	
3	1946	7625	7624	
3	1948	7626	7625	
3	7624	7625	7626	
3	1925	7573	7627	
3	1795	6700	7573	
3	1472	7627	6700	
3	7573	6700	7627	
3	1937	7628	7630	
3	1928	7629	7628	
3	1943	7630	7629	
3	7628	7629	7630	
3	1957	7631	7633	
3	80	7632	7631	
3	1956	7633	7632	
3	7631	7632	7633	
3	1855	7634	7525	
3	1932	7635	7634	
3	1940	7525	7635	
3	7634	7635	7525	
3	1904	7454	7478	
3	1921	7444	7454	
3	1825	7478	7444	
3	7454	7444	7478	
3	1902	7636	7456	
3	1814	7442	7636	
3	1921	7456	7442	
3	7636	7442	7456	
3	1906	7436	7596	
3	1923	7489	7436	
3	1823	7596	7489	
3	7436	7489	7596	
3	82	7637	7586	
3	81	7638	7637	
3	1922	7586	7638	
3	7637	7638	7586	
3	1896	7639	7641	
3	1957	7640	7639	
3	1936	7641	7640	
3	7639	7640	7641	
3	1926	7642	7561	
3	1782	6655	7642	
3	1889	7561	6655	
3	7642	6655	7561	
3	1924	6706	7643	
3	1782	7642	6706	
3	1926	7643	7642	
3	6706	7642	7643	
3	1472	7385	7627	
3	1924	7644	7385	
3	1925	7627	7644	
3	7385	7644	7627	
3	1917	7619	7462	
3	1925	7644	7619	
3	1924	7462	7644	
3	7619	7644	7462	
3	1927	7645	7589	
3	1478	7465	7645	
3	1903	7589	7465	
3	7645	7465	7589	
3	1926	7562	7646	
3	1478	7645	7562	
3	1927	7646	7645	
3	7562	7645	7646	
3	1944	7647	7649	
3	1945	7648	7647	
3	1946	7649	7648	
3	7647	7648	7649	
3	1926	7646	7622	
3	1927	7355	7646	
3	1928	7622	7355	
3	7646	7355	7622	
3	1927	7590	7356	
3	1820	7650	7590	
3	1935	7356	7650	
3	7590	7650	7356	
3	1917	7464	7652	
3	1929	7651	7464	
3	1937	7652	7651	
3	7464	7651	7652	
3	1926	7621	7643	
3	1929	7463	7621	
3	1924	7643	7463	
3	7621	7463	7643	
3	1937	7651	7628	
3	1929	7620	7651	
3	1928	7628	7620	
3	7651	7620	7628	
3	1955	7653	7655	
3	1920	7654	7653	
3	1954	7655	7654	
3	7653	7654	7655	
3	1898	7521	7657	
3	1897	7656	7521	
3	1976	7657	7656	
3	7521	7656	7657	
3	1932	6736	7658	
3	1917	7652	6736	
3	1937	7658	7652	
3	6736	7652	7658	
3	1855	7659	7660	
3	1897	7569	7659	
3	1918	7660	7569	
3	7659	7569	7660	
3	1855	7527	7615	
3	1920	7661	7527	
3	1942	7615	7661	
3	7527	7661	7615	
3	1961	7662	6911	
3	1911	7663	7662	
3	1930	6911	7663	
3	7662	7663	6911	
3	1976	7664	7657	
3	1849	7581	7664	
3	1898	7657	7581	
3	7664	7581	7657	
3	1936	6710	7617	
3	1930	7663	6710	
3	1911	7617	7663	
3	6710	7663	7617	
3	1940	7605	7666	
3	1941	7665	7605	
3	1954	7666	7665	
3	7605	7665	7666	
3	1918	7623	7667	
3	1919	6734	7623	
3	1932	7667	6734	
3	7623	6734	7667	
3	1783	7668	7458	
3	1935	7650	7668	
3	1820	7458	7650	
3	7668	7650	7458	
3	1907	7594	7669	
3	1823	7491	7594	
3	1962	7669	7491	
3	7594	7491	7669	
3	1360	7670	7672	
3	1908	7671	7670	
3	1947	7672	7671	
3	7670	7671	7672	
3	1932	7634	7667	
3	1855	7660	7634	
3	1918	7667	7660	
3	7634	7660	7667	
3	1938	7673	7675	
3	1961	7674	7673	
3	1976	7675	7674	
3	7673	7674	7675	
3	1953	7676	7678	
3	1783	7677	7676	
3	1950	7678	7677	
3	7676	7677	7678	
3	1947	7671	7679	
3	1908	7611	7671	
3	1945	7679	7611	
3	7671	7611	7679	
3	1932	7658	7635	
3	1937	7603	7658	
3	1940	7635	7603	
3	7658	7603	7635	
3	1937	7630	7604	
3	1943	7680	7630	
3	1941	7604	7680	
3	7630	7680	7604	
3	1944	7649	7682	
3	1946	7681	7649	
3	1949	7682	7681	
3	7649	7681	7682	
3	1940	7666	7526	
3	1954	7654	7666	
3	1920	7526	7654	
3	7666	7654	7526	
3	1955	7583	7653	
3	1942	7661	7583	
3	1920	7653	7661	
3	7583	7661	7653	
3	1942	7683	7613	
3	1938	7675	7683	
3	1976	7613	7675	
3	7683	7675	7613	
3	1935	7602	7354	
3	1943	7629	7602	
3	1928	7354	7629	
3	7602	7629	7354	
3	1941	7680	7684	
3	1943	7601	7680	
3	1939	7684	7601	
3	7680	7601	7684	
3	1952	7685	7687	
3	1939	7686	7685	
3	1953	7687	7686	
3	7685	7686	7687	
3	1946	7648	7688	
3	1945	7610	7648	
3	1934	7688	7610	
3	7648	7610	7688	
3	1947	7679	7689	
3	1945	7647	7679	
3	1944	7689	7647	
3	7679	7647	7689	
3	1951	7690	7692	
3	1941	7691	7690	
3	1949	7692	7691	
3	7690	7691	7692	
3	1949	7693	7694	
3	1939	7685	7693	
3	1952	7694	7685	
3	7693	7685	7694	
3	1950	7575	7695	
3	1947	7689	7575	
3	1944	7695	7689	
3	7575	7689	7695	
3	1947	7696	7672	
3	1923	7435	7696	
3	1360	7672	7435	
3	7696	7435	7672	
3	1951	7692	7624	
3	1949	7681	7692	
3	1946	7624	7681	
3	7692	7681	7624	
3	1946	7688	7625	
3	1934	7697	7688	
3	1948	7625	7697	
3	7688	7697	7625	
3	1941	7684	7691	
3	1939	7693	7684	
3	1949	7691	7693	
3	7684	7693	7691	
3	1952	7698	7699	
3	1950	7695	7698	
3	1944	7699	7695	
3	7698	7695	7699	
3	1962	7700	7669	
3	1783	7492	7700	
3	1907	7669	7492	
3	7700	7492	7669	
3	1948	7701	7626	
3	1931	7702	7701	
3	1951	7626	7702	
3	7701	7702	7626	
3	1961	7703	7662	
3	1963	7597	7703	
3	1911	7662	7597	
3	7703	7597	7662	
3	1949	7694	7682	
3	1952	7699	7694	
3	1944	7682	7699	
3	7694	7699	7682	
3	1953	7686	7704	
3	1939	7600	7686	
3	1935	7704	7600	
3	7686	7600	7704	
3	1783	7676	7668	
3	1953	7704	7676	
3	1935	7668	7704	
3	7676	7704	7668	
3	1950	7698	7678	
3	1952	7687	7698	
3	1953	7678	7687	
3	7698	7687	7678	
3	1941	7690	7665	
3	1951	7705	7690	
3	1954	7665	7705	
3	7690	7705	7665	
3	1951	7702	7707	
3	1931	7706	7702	
3	1960	7707	7706	
3	7702	7706	7707	
3	1960	7708	7707	
3	1954	7705	7708	
3	1951	7707	7705	
3	7708	7705	7707	
3	1958	7709	7711	
3	1896	7710	7709	
3	1959	7711	7710	
3	7709	7710	7711	
3	80	7712	7632	
3	79	7713	7712	
3	1956	7632	7713	
3	7712	7713	7632	
3	1912	7579	7607	
3	1956	7713	7579	
3	79	7607	7713	
3	7579	7713	7607	
3	1960	7714	7715	
3	1958	7711	7714	
3	1959	7715	7711	
3	7714	7711	7715	
3	1976	7674	7716	
3	1961	7524	7674	
3	1933	7716	7524	
3	7674	7524	7716	
3	1959	7717	7715	
3	1955	7718	7717	
3	1960	7715	7718	
3	7717	7718	7715	
3	1896	7641	7710	
3	1936	7616	7641	
3	1959	7710	7616	
3	7641	7616	7710	
3	1960	7718	7708	
3	1955	7655	7718	
3	1954	7708	7655	
3	7718	7655	7708	
3	1957	7633	7640	
3	1956	7578	7633	
3	1936	7640	7578	
3	7633	7578	7640	
3	1931	7719	7706	
3	1958	7714	7719	
3	1960	7706	7714	
3	7719	7714	7706	
3	1961	7673	7703	
3	1938	7720	7673	
3	1963	7703	7720	
3	7673	7720	7703	
3	1947	7577	7696	
3	1962	7490	7577	
3	1923	7696	7490	
3	7577	7490	7696	
3	1783	7700	7677	
3	1962	7576	7700	
3	1950	7677	7576	
3	7700	7576	7677	
3	1942	7582	7683	
3	1963	7720	7582	
3	1938	7683	7720	
3	7582	7720	7683	
3	1959	7598	7717	
3	1963	7584	7598	
3	1955	7717	7584	
3	7598	7584	7717	
3	1964	3134	7722	
3	185	7721	3134	
3	1966	7722	7721	
3	3134	7721	7722	
3	857	3152	4916	
3	1964	7723	3152	
3	330	4916	7723	
3	3152	7723	4916	
3	56	2825	2643	
3	1965	2823	2825	
3	331	2643	2823	
3	2825	2823	2643	
3	249	3133	2824	
3	1964	2821	3133	
3	1965	2824	2821	
3	3133	2821	2824	
3	185	2364	7721	
3	250	7724	2364	
3	1966	7721	7724	
3	2364	7724	7721	
3	688	3670	4164	
3	1966	7724	3670	
3	250	4164	7724	
3	3670	7724	4164	
3	330	7723	3590	
3	1964	7725	7723	
3	1967	3590	7725	
3	7723	7725	3590	
3	1966	2482	7722	
3	1967	7725	2482	
3	1964	7722	7725	
3	2482	7725	7722	
3	1661	7146	7148	
3	1968	4243	7146	
3	648	7148	4243	
3	7146	4243	7148	
3	650	4245	7726	
3	707	4422	4245	
3	1969	7726	4422	
3	4245	4422	7726	
3	649	3999	4237	
3	1969	4421	3999	
3	518	4237	4421	
3	3999	4421	4237	
3	650	7726	7147	
3	1969	4001	7726	
3	1968	7147	4001	
3	7726	4001	7147	
3	1193	5942	7328	
3	1970	5350	5942	
3	543	7328	5350	
3	5942	5350	7328	
3	1108	5339	5517	
3	1970	5943	5339	
3	1053	5517	5943	
3	5339	5943	5517	
3	1467	6705	6737	
3	1971	7585	6705	
3	1452	6737	7585	
3	6705	7585	6737	
3	1888	7559	6703	
3	1971	6704	7559	
3	1471	6703	6704	
3	7559	6704	6703	
3	998	5528	7130	
3	1972	5686	5528	
3	1055	7130	5686	
3	5528	5686	7130	
3	1672	7172	5975	
3	1972	5527	7172	
3	1673	5975	5527	
3	7172	5527	5975	
3	1055	5688	5522	
3	1973	5530	5688	
3	1112	5522	5530	
3	5688	5530	5522	
3	999	7169	7171	
3	1973	5687	7169	
3	1972	7171	5687	
3	7169	5687	7171	
3	1740	7309	7233	
3	1974	7274	7309	
3	1722	7233	7274	
3	7309	7274	7233	
3	1745	7318	7319	
3	1974	7311	7318	
3	1738	7319	7311	
3	7318	7311	7319	
3	1715	4684	7248	
3	1975	3895	4684	
3	553	7248	3895	
3	4684	3895	7248	
3	793	7558	4155	
3	1975	4683	7558	
3	1885	4155	4683	
3	7558	4683	4155	
3	1976	7716	7664	
3	1933	7518	7716	
3	1849	7664	7518	
3	7716	7518	7664	
3	1976	7656	7614	
3	1897	7659	7656	
3	1855	7614	7659	
3	7656	7659	7614	
3	1981	7727	5276	
3	1978	5040	7727	
3	521	5276	5040	
3	7727	5040	5276	
3	972	5466	2044	
3	1978	7728	5466	
3	1038	2044	7728	
3	5466	7728	2044	
3	1	2292	5280	
3	1979	5465	2292	
3	972	5280	5465	
3	2292	5465	5280	
3	0	7729	2294	
3	1977	3253	7729	
3	1979	2294	3253	
3	7729	3253	2294	
3	973	6018	5914	
3	1980	3467	6018	
3	1218	5914	3467	
3	6018	3467	5914	
3	1980	6019	7730	
3	899	5039	6019	
3	1982	7730	5039	
3	6019	5039	7730	
3	283	5283	4850	
3	1981	3793	5283	
3	971	4850	3793	
3	5283	3793	4850	
3	1981	5282	7727	
3	1038	7728	5282	
3	1978	7727	7728	
3	5282	7728	7727	
3	1980	7730	5468	
3	1982	2254	7730	
3	1037	5468	2254	
3	7730	2254	5468	
CELL_TYPES 15064
5 5 5 5 5 5 5 5 5 5 5 5 5 5 5 5 5 5 5 5 5 5 5 5 5 5 5 5 5 5 5 5 5 5 5 5 5 5 5 5 5 5 5 5 5 5 5 5 5 5 5 5 5 5 5 5 5 5 5 5 5 5 5 5 5 5 5 5 5 5 5 5 5 5 5 5 5 5 5 5 5 5 5 5 5 5 5 5 5 5 5 5 5 5 5 5 5 5 5 5 5 5 5 5 5 5 5 5 5 5 5 5 5 5 5 5 5 5 5 5 5 5 5 5 5 5 5 5 5 5 5 5 5 5 5 5 5 5 5 5 5 5 5 5 5 5 5 5 5 5 5 5 5 5 5 5 5 5 5 5 5 5 5 5 5 5 5 5 5 5 5 5 5 5 5 5 5 5 5 5 5 5 5 5 5 5 5 5 5 5 5 5 5 5 5 5 5 5 5 5 5 5 5 5 5 5 5 5 5 5 5 5 5 5 5 5 5 5 5 5 5 5 5 5 5 5 5 5 5 5 5 5 5 5 5 5 5 5 5 5 5 5 5 5 5 5 5 5 5 5 5 5 5 5 5 5 5 5 5 5 5 5 5 5 5 5 5 5 5 5 5 5 5 5 5 5 5 5 5 5 5 5 5 5 5 5 5 5 5 5 5 5 5 5 5 5 5 5 5 5 5 5 5 5 5 5 5 5 5 5 5 5 5 5 5 5 5 5 5 5 5 5 5 5 5 5 5 5 5 5 5 5 5 5 5 5 5 5 5 5 5 5 5 5 5 5 5 5 5 5 5 5 5 5 5 5 5 5 5 5 5 5 5 5 5 5 5 5 5 5 5 5 5 5 5 5 5 5 5 5 5 5 5 5 5 5 5 5 5 5 5 5 5 5 5 5 5 5 5 5 5 5 5 5 5 5 5 5 5 5 5 5 5 5 5 5 5 5 5 5 5 5 5 5 5 5 5 5 5 5 5 5 5 5 5 5 5 5 5 5 5 5 5 5 5 5 5 5 5 5 5 5 5 5 5 5 5 5 5 5 5 5 5 5 5 5 5 5 5 5 5 5 5 5 5 5 5 5 5 5 5 5 5 5 5 5 5 5 5 5 5 5 5 5 5 5 5 5 5 5 5 5 5 5 5 5 5 5 5 5 5 5 5 5 5 5 5 5 5 5 5 5 5 5 5 5 5 5 5 5 5 5 5 5 5 5 5 5 5 5 5 5 5 5 5 5 5 5 5 5 5 5 5 5 5 5 5 5 5 5 5 5 5 5 5 5 5 5 5 5 5 5 5 5 5 5 5 5 5 5 5 5 5 5 5 5 5 5 5 5 5 5 5 5 5 5 5 5 5 5 5 5 5 5 5 5 5 5 5 5 5 5 5 5 5 5 5 5 5 5 5 5 5 5 5 5 5 5 5 5 5 5 5 5 5 5 5 5 5 5 5 5 5 5 5 5 5 5 5 5 5 5 5 5 5 5 5 5 5 5 5 5 5 5 5 5 5 5 5 5 5 5 5 5 5 5 5 5 5 5 5 5 5 5 5 5 5 5 5 5 5 5 5 5 5 5 5 5 5 5 5 5 5 5 5 5 5 5 5 5 5 5 5 5 5 5 5 5 5 5 5 5 5 5 5 5 5 5 5 5 5 5 5 5 5 5 5 5 5 5 5 5 5 5 5 5 5 5 5 5 5 5 5 5 5 5 5 5 5 5 5 5 5 5 5 5 5 5 5 5 5 5 5 5 5 5 5 5 5 5 5 5 5 5 5 5 5 5 5 5 5 5 5 5 5 5 5 5 5 5 5 5 5 5 5 5 5 5 5 5 5 5 5 5 5 5 5 5 5 5 5 5 5 5 5 5 5 5 5 5 5 5 5 5 5 5 5 5 5 5 5 5 5 5 5 5 5 5 5 5 5 5 5 5 5 5 5 5 5 5 5 5 5 5 5 5 5 5 5 5 5 5 5 5 5 5 5 5 5 5 5 5 5 5 5 5 5 5 5 5 5 5 5 5 5 5 5 5 5 5 5 5 5 5 5 5 5 5 5 5 5 5 5 5 5 5 5 5 5 5 5 5 5 5 5 5 5 5 5 5 5 5 5 5 5 5 5 5 5 5 5 5 5 5 5 5 5 5 5 5 5 5 5 5 5 5 5 5 5 5 5 5 5 5 5 5 5 5 5 5 5 5 5 5 5 5 5 5 5 5 5 5 5 5 5 5 5 5 5 5 5 5 5 5 5 5 5 5 5 5 5 5 5 5 5 5 5 5 5 5 5 5 5 5 5 5 5 5 5 5 5 5 5 5 5 5 5 5 5 5 5 5 5 5 5 5 5 5 5 5 5 5 5 5 5 5 5 5 5 5 5 5 5 5 5 5 5 5 5 5 5 5 5 5 5 5 5 5 5 5 5 5 5 5 5 5 5 5 5 5 5 5 5 5 5 5 5 5 5 5 5 5 5 5 5 5 5 5 5 5 5 5 5 5 5 5 5 5 5 5 5 5 5 5 5 5 5 5 5 5 5 5 5 5 5 5 5 5 5 5 5 5 5 5 5 5 5 5 5 5 5 5 5 5 5 5 5 5 5 5 5 5 5 5 5 5 5 5 5 5 5 5 5 5 5 5 5 5 5 5 5 5 5 5 5 5 5 5 5 5 5 5 5 5 5 5 5 5 5 5 5 5 5 5 5 5 5 5 5 5 5 5 5 5 5 5 5 5 5 5 5 5 5 5 5 5 5 5 5 5 5 5 5 5 5 5 5 5 5 5 5 5 5 5 5 5 5 5 5 5 5 5 5 5 5 5 5 5 5 5 5 5 5 5 5 5 5 5 5 5 5 5 5 5 5 5 5 5 5 5 5 5 5 5 5 5 5 5 5 5 5 5 5 5 5 5 5 5 5 5 5 5 5 5 5 5 5 5 5 5 5 5 5 5 5 5 5 5 5 5 5 5 5 5 5 5 5 5 5 5 5 5 5 5 5 5 5 5 5 5 5 5 5 5 5 5 5 5 5 5 5 5 5 5 5 5 5 5 5 5 5 5 5 5 5 5 5 5 5 5 5 5 5 5 5 5 5 5 5 5 5 5 5 5 5 5 5 5 5 5 5 5 5 5 5 5 5 5 5 5 5 5 5 5 5 5 5 5 5 5 5 5 5 5 5 5 5 5 5 5 5 5 5 5 5 5 5 5 5 5 5 5 5 5 5 5 5 5 5 5 5 5 5 5 5 5 5 5 5 5 5 5 5 5 5 5 5 5 5 5 5 5 5 5 5 5 5 5 5 5 5 5 5 5 5 5 5 5 5 5 5 5 5 5 5 5 5 5 5 5 5 5 5 5 5 5 5 5 5 5 5 5 5 5 5 5 5 5 5 5 5 5 5 5 5 5 5 5 5 5 5 5 5 5 5 5 5 5 5 5 5 5 5 5 5 5 5 5 5 5 5 5 5 5 5 5 5 5 5 5 5 5 5 5 5 5 5 5 5 5 5 5 5 5 5 5 5 5 5 5 5 5 5 5 5 5 5 5 5 5 5 5 5 5 5 5 5 5 5 5 5 5 5 5 5 5 5 5 5 5 5 5 5 5 5 5 5 5 5 5 5 5 5 5 5 5 5 5 5 5 5 5 5 5 5 5 5 5 5 5 5 5 5 5 5 5 5 5 5 5 5 5 5 5 5 5 5 5 5 5 5 5 5 5 5 5 5 5 5 5 5 5 5 5 5 5 5 5 5 5 5 5 5 5 5 5 5 5 5 5 5 5 5 5 5 5 5 5 5 5 5 5 5 5 5 5 5 5 5 5 5 5 5 5 5 5 5 5 5 5 5 5 5 5 5 5 5 5 5 5 5 5 5 5 5 5 5 5 5 5 5 5 5 5 5 5 5 5 5 5 5 5 5 5 5 5 5 5 5 5 5 5 5 5 5 5 5 5 5 5 5 5 5 5 5 5 5 5 5 5 5 5 5 5 5 5 5 5 5 5 5 5 5 5 5 5 5 5 5 5 5 5 5 5 5 5 5 5 5 5 5 5 5 5 5 5 5 5 5 5 5 5 5 5 5 5 5 5 5 5 5 5 5 5 5 5 5 5 5 5 5 5 5 5 5 5 5 5 5 5 5 5 5 5 5 5 5 5 5 5 5 5 5 5 5 5 5 5 5 5 5 5 5 5 5 5 5 5 5 5 5 5 5 5 5 5 5 5 5 5 5 5 5 5 5 5 5 5 5 5 5 5 5 5 5 5 5 5 5 5 5 5 5 5 5 5 5 5 5 5 5 5 5 5 5 5 5 5 5 5 5 5 5 5 5 5 5 5 5 5 5 5 5 5 5 5 5 5 5 5 5 5 5 5 5 5 5 5 5 5 5 5 5 5 5 5 5 5 5 5 5 5 5 5 5 5 5 5 5 5 5 5 5 5 5 5 5 5 5 5 5 5 5 5 5 5 5 5 5 5 5 5 5 5 5 5 5 5 5 5 5 5 5 5 5 5 5 5 5 5 5 5 5 5 5 5 5 5 5 5 5 5 5 5 5 5 5 5 5 5 5 5 5 5 5 5 5 5 5 5 5 5 5 5 5 5 5 5 5 5 5 5 5 5 5 5 5 5 5 5 5 5 5 5 5 5 5 5 5 5 5 5 5 5 5 5 5 5 5 5 5 5 5 5 5 5 5 5 5 5 5 5 5 5 5 5 5 5 5 5 5 5 5 5 5 5 5 5 5 5 5 5 5 5 5 5 5 5 5 5 5 5 5 5 5 5 5 5 5 5 5 5 5 5 5 5 5 5 5 5 5 5 5 5 5 5 5 5 5 5 5 5 5 5 5 5 5 5 5 5 5 5 5 5 5 5 5 5 5 5 5 5 5 5 5 5 5 5 5 5 5 5 5 5 5 5 5 5 5 5 5 5 5 5 5 5 5 5 5 5 5 5 5 5 5 5 5 5 5 5 5 5 5 5 5 5 5 5 5 5 5 5 5 5 5 5 5 5 5 5 5 5 5 5 5 5 5 5 5 5 5 5 5 5 5 5 5 5 5 5 5 5 5 5 5 5 5 5 5 5 5 5 5 5 5 5 5 5 5 5 5 5 5 5 5 5 5 5 5 5 5 5 5 5 5 5 5 5 5 5 5 5 5 5 5 5 5 5 5 5 5 5 5 5 5 5 5 5 5 5 5 5 5 5 5 5 5 5 5 5 5 5 5 5 5 5 5 5 5 5 5 5 5 5 5 5 5 5 5 5 5 5 5 5 5 5 5 5 5 5 5 5 5 5 5 5 5 5 5 5 5 5 5 5 5 5 5 5 5 5 5 5 5 5 5 5 5 5 5 5 5 5 5 5 5 5 5 5 5 5 5 5 5 5 5 5 5 5 5 5 5 5 5 5 5 5 5 5 5 5 5 5 5 5 5 5 5 5 5 5 5 5 5 5 5 5 5 5 5 5 5 5 5 5 5 5 5 5 5 5 5 5 5 5 5 5 5 5 5 5 5 5 5 5 5 5 5 5 5 5 5 5 5 5 5 5 5 5 5 5 5 5 5 5 5 5 5 5 5 5 5 5 5 5 5 5 5 5 5 5 5 5 5 5 5 5 5 5 5 5 5 5 5 5 5 5 5 5 5 5 5 5 5 5 5 5 5 5 5 5 5 5 5 5 5 5 5 5 5 5 5 5 5 5 5 5 5 5 5 5 5 5 5 5 5 5 5 5 5 5 5 5 5 5 5 5 5 5 5 5 5 5 5 5 5 5 5 5 5 5 5 5 5 5 5 5 5 5 5 5 5 5 5 5 5 5 5 5 5 5 5 5 5 5 5 5 5 5 5 5 5 5 5 5 5 5 5 5 5 5 5 5 5 5 5 5 5 5 5 5 5 5 5 5 5 5 5 5 5 5 5 5 5 5 5 5 5 5 5 5 5 5 5 5 5 5 5 5 5 5 5 5 5 5 5 5 5 5 5 5 5 5 5 5 5 5 5 5 5 5 5 5 5 5 5 5 5 5 5 5 5 5 5 5 5 5 5 5 5 5 5 5 5 5 5 5 5 5 5 5 5 5 5 5 5 5 5 5 5 5 5 5 5 5 5 5 5 5 5 5 5 5 5 5 5 5 5 5 5 5 5 5 5 5 5 5 5 5 5 5 5 5 5 5 5 5 5 5 5 5 5 5 5 5 5 5 5 5 5 5 5 5 5 5 5 5 5 5 5 5 5 5 5 5 5 5 5 5 5 5 5 5 5 5 5 5 5 5 5 5 5 5 5 5 5 5 5 5 5 5 5 5 5 5 5 5 5 5 5 5 5 5 5 5 5 5 5 5 5 5 5 5 5 5 5 5 5 5 5 5 5 5 5 5 5 5 5 5 5 5 5 5 5 5 5 5 5 5 5 5 5 5 5 5 5 5 5 5 5 5 5 5 5 5 5 5 5 5 5 5 5 5 5 5 5 5 5 5 5 5 5 5 5 5 5 5 5 5 5 5 5 5 5 5 5 5 5 5 5 5 5 5 5 5 5 5 5 5 5 5 5 5 5 5 5 5 5 5 5 5 5 5 5 5 5 5 5 5 5 5 5 5 5 5 5 5 5 5 5 5 5 5 5 5 5 5 5 5 5 5 5 5 5 5 5 5 5 5 5 5 5 5 5 5 5 5 5 5 5 5 5 5 5 5 5 5 5 5 5 5 5 5 5 5 5 5 5 5 5 5 5 5 5 5 5 5 5 5 5 5 5 5 5 5 5 5 5 5 5 5 5 5 5 5 5 5 5 5 5 5 5 5 5 5 5 5 5 5 5 5 5 5 5 5 5 5 5 5 5 5 5 5 5 5 5 5 5 5 5 5 5 5 5 5 5 5 5 5 5 5 5 5 5 5 5 5 5 5 5 5 5 5 5 5 5 5 5 5 5 5 5 5 5 5 5 5 5 5 5 5 5 5 5 5 5 5 5 5 5 5 5 5 5 5 5 5 5 5 5 5 5 5 5 5 5 5 5 5 5 5 5 5 5 5 5 5 5 5 5 5 5 5 5 5 5 5 5 5 5 5 5 5 5 5 5 5 5 5 5 5 5 5 5 5 5 5 5 5 5 5 5 5 5 5 5 5 5 5 5 5 5 5 5 5 5 5 5 5 5 5 5 5 5 5 5 5 5 5 5 5 5 5 5 5 5 5 5 5 5 5 5 5 5 5 5 5 5 5 5 5 5 5 5 5 5 5 5 5 5 5 5 5 5 5 5 5 5 5 5 5 5 5 5 5 5 5 5 5 5 5 5 5 5 5 5 5 5 5 5 5 5 5 5 5 5 5 5 5 5 5 5 5 5 5 5 5 5 5 5 5 5 5 5 5 5 5 5 5 5 5 5 5 5 5 5 5 5 5 5 5 5 5 5 5 5 5 5 5 5 5 5 5 5 5 5 5 5 5 5 5 5 5 5 5 5 5 5 5 5 5 5 5 5 5 5 5 5 5 5 5 5 5 5 5 5 5 5 5 5 5 5 5 5 5 5 5 5 5 5 5 5 5 5 5 5 5 5 5 5 5 5 5 5 5 5 5 5 5 5 5 5 5 5 5 5 5 5 5 5 5 5 5 5 5 5 5 5 5 5 5 5 5 5 5 5 5 5 5 5 5 5 5 5 5 5 5 5 5 5 5 5 5 5 5 5 5 5 5 5 5 5 5 5 5 5 5 5 5 5 5 5 5 5 5 5 5 5 5 5 5 5 5 5 5 5 5 5 5 5 5 5 5 5 5 5 5 5 5 5 5 5 5 5 5 5 5 5 5 5 5 5 5 5 5 5 5 5 5 5 5 5 5 5 5 5 5 5 5 5 5 5 5 5 5 5 5 5 5 5 5 5 5 5 5 5 5 5 5 5 5 5 5 5 5 5 5 5 5 5 5 5 5 5 5 5 5 5 5 5 5 5 5 5 5 5 5 5 5 5 5 5 5 5 5 5 5 5 5 5 5 5 5 5 5 5 5 5 5 5 5 5 5 5 5 5 5 5 5 5 5 5 5 5 5 5 5 5 5 5 5 5 5 5 5 5 5 5 5 5 5 5 5 5 5 5 5 5 5 5 5 5 5 5 5 5 5 5 5 5 5 5 5 5 5 5 5 5 5 5 5 5 5 5 5 5 5 5 5 5 5 5 5 5 5 5 5 5 5 5 5 5 5 5 5 5 5 5 5 5 5 5 5 5 5 5 5 5 5 5 5 5 5 5 5 5 5 5 5 5 5 5 5 5 5 5 5 5 5 5 5 5 5 5 5 5 5 5 5 5 5 5 5 5 5 5 5 5 5 5 5 5 5 5 5 5 5 5 5 5 5 5 5 5 5 5 5 5 5 5 5 5 5 5 5 5 5 5 5 5 5 5 5 5 5 5 5 5 5 5 5 5 5 5 5 5 5 5 5 5 5 5 5 5 5 5 5 5 5 5 5 5 5 5 5 5 5 5 5 5 5 5 5 5 5 5 5 5 5 5 5 5 5 5 5 5 5 5 5 5 5 5 5 5 5 5 5 5 5 5 5 5 5 5 5 5 5 5 5 5 5 5 5 5 5 5 5 5 5 5 5 5 5 5 5 5 5 5 5 5 5 5 5 5 5 5 5 5 5 5 5 5 5 5 5 5 5 5 5 5 5 5 5 5 5 5 5 5 5 5 5 5 5 5 5 5 5 5 5 5 5 5 5 5 5 5 5 5 5 5 5 5 5 5 5 5 5 5 5 5 5 5 5 5 5 5 5 5 5 5 5 5 5 5 5 5 5 5 5 5 5 5 5 5 5 5 5 5 5 5 5 5 5 5 5 5 5 5 5 5 5 5 5 5 5 5 5 5 5 5 5 5 5 5 5 5 5 5 5 5 5 5 5 5 5 5 5 5 5 5 5 5 5 5 5 5 5 5 5 5 5 5 5 5 5 5 5 5 5 5 5 5 5 5 5 5 5 5 5 5 5 5 5 5 5 5 5 5 5 5 5 5 5 5 5 5 5 5 5 5 5 5 5 5 5 5 5 5 5 5 5 5 5 5 5 5 5 5 5 5 5 5 5 5 5 5 5 5 5 5 5 5 5 5 5 5 5 5 5 5 5 5 5 5 5 5 5 5 5 5 5 5 5 5 5 5 5 5 5 5 5 5 5 5 5 5 5 5 5 5 5 5 5 5 5 5 5 5 5 5 5 5 5 5 5 5 5 5 5 5 5 5 5 5 5 5 5 5 5 5 5 5 5 5 5 5 5 5 5 5 5 5 5 5 5 5 5 5 5 5 5 5 5 5 5 5 5 5 5 5 5 5 5 5 5 5 5 5 5 5 5 5 5 5 5 5 5 5 5 5 5 5 5 5 5 5 5 5 5 5 5 5 5 5 5 5 5 5 5 5 5 5 5 5 5 5 5 5 5 5 5 5 5 5 5 5 5 5 5 5 5 5 5 5 5 5 5 5 5 5 5 5 5 5 5 5 5 5 5 5 5 5 5 5 5 5 5 5 5 5 5 5 5 5 5 5 5 5 5 5 5 5 5 5 5 5 5 5 5 5 5 5 5 5 5 5 5 5 5 5 5 5 5 5 5 5 5 5 5 5 5 5 5 5 5 5 5 5 5 5 5 5 5 5 5 5 5 5 5 5 5 5 5 5 5 5 5 5 5 5 5 5 5 5 5 5 5 5 5 5 5 5 5 5 5 5 5 5 5 5 5 5 5 5 5 5 5 5 5 5 5 5 5 5 5 5 5 5 5 5 5 5 5 5 5 5 5 5 5 5 5 5 5 5 5 5 5 5 5 5 5 5 5 5 5 5 5 5 5 5 5 5 5 5 5 5 5 5 5 5 5 5 5 5 5 5 5 5 5 5 5 5 5 5 5 5 5 5 5 5 5 5 5 5 5 5 5 5 5 5 5 5 5 5 5 5 5 5 5 5 5 5 5 5 5 5 5 5 5 5 5 5 5 5 5 5 5 5 5 5 5 5 5 5 5 5 5 5 5 5 5 5 5 5 5 5 5 5 5 5 5 5 5 5 5 5 5 5 5 5 5 5 5 5 5 5 5 5 5 5 5 5 5 5 5 5 5 5 5 5 5 5 5 5 5 5 5 5 5 5 5 5 5 5 5 5 5 5 5 5 5 5 5 5 5 5 5 5 5 5 5 5 5 5 5 5 5 5 5 5 5 5 5 5 5 5 5 5 5 5 5 5 5 5 5 5 5 5 5 5 5 5 5 5 5 5 5 5 5 5 5 5 5 5 5 5 5 5 5 5 5 5 5 5 5 5 5 5 5 5 5 5 5 5 5 5 5 5 5 5 5 5 5 5 5 5 5 5 5 5 5 5 5 5 5 5 5 5 5 5 5 5 5 5 5 5 5 5 5 5 5 5 5 5 5 5 5 5 5 5 5 5 5 5 5 5 5 5 5 5 5 5 5 5 5 5 5 5 5 5 5 5 5 5 5 5 5 5 5 5 5 5 5 5 5 5 5 5 5 5 5 5 5 5 5 5 5 5 5 5 5 5 5 5 5 5 5 5 5 5 5 5 5 5 5 5 5 5 5 5 5 5 5 5 5 5 5 5 5 5 5 5 5 5 5 5 5 5 5 5 5 5 5 5 5 5 5 5 5 5 5 5 5 5 5 5 5 5 5 5 5 5 5 5 5 5 5 5 5 5 5 5 5 5 5 5 5 5 5 5 5 5 5 5 5 5 5 5 5 5 5 5 5 5 5 5 5 5 5 5 5 5 5 5 5 5 5 5 5 5 5 5 5 5 5 5 5 5 5 5 5 5 5 5 5 5 5 5 5 5 5 5 5 5 5 5 5 5 5 5 5 5 5 5 5 5 5 5 5 5 5 5 5 5 5 5 5 5 5 5 5 5 5 5 5 5 5 5 5 5 5 5 5 5 5 5 5 5 5 5 5 5 5 5 5 5 5 5 5 5 5 5 5 5 5 5 5 5 5 5 5 5 5 5 5 5 5 5 5 5 5 5 5 5 5 5 5 5 5 5 5 5 5 5 5 5 5 5 5 5 5 5 5 5 5 5 5 5 5 5 5 5 5 5 5 5 5 5 5 5 5 5 5 5 5 5 5 5 5 5 5 5 5 5 5 5 5 5 5 5 5 5 5 5 5 5 5 5 5 5 5 5 5 5 5 5 5 5 5 5 5 5 5 5 5 5 5 5 5 5 5 5 5 5 5 5 5 5 5 5 5 5 5 5 5 5 5 5 5 5 5 5 5 5 5 5 5 5 5 5 5 5 5 5 5 5 5 5 5 5 5 5 5 5 5 5 5 5 5 5 5 5 5 5 5 5 5 5 5 5 5 5 5 5 5 5 5 5 5 5 5 5 5 5 5 5 5 5 5 5 5 5 5 5 5 5 5 5 5 5 5 5 5 5 5 5 5 5 5 5 5 5 5 5 5 5 5 5 5 5 5 5 5 5 5 5 5 5 5 5 5 5 5 5 5 5 5 5 5 5 5 5 5 5 5 5 5 5 5 5 5 5 5 5 5 5 5 5 5 5 5 5 5 5 5 5 5 5 5 5 5 5 5 5 5 5 5 5 5 5 5 5 5 5 5 5 5 5 5 5 5 5 5 5 5 5 5 5 5 5 5 5 5 5 5 5 5 5 5 5 5 5 5 5 5 5 5 5 5 5 5 5 5 5 5 5 5 5 5 5 5 5 5 5 5 5 5 5 5 5 5 5 5 5 5 5 5 5 5 5 5 5 5 5 5 5 5 5 5 5 5 5 5 5 5 5 5 5 5 5 5 5 5 5 5 5 5 5 5 5 5 5 5 5 5 5 5 5 5 5 5 5 5 5 5 5 5 5 5 5 5 5 5 5 5 5 5 5 5 5 5 5 5 5 5 5 5 5 5 5 5 5 5 5 5 5 5 5 5 5 5 5 5 5 5 5 5 5 5 5 5 5 5 5 5 5 5 5 5 5 5 5 5 5 5 5 5 5 5 5 5 5 5 5 5 5 5 5 5 5 5 5 5 5 5 5 5 5 5 5 5 5 5 5 5 5 5 5 5 5 5 5 5 5 5 5 5 5 5 5 5 5 5 5 5 5 5 5 5 5 5 5 5 5 5 5 5 5 5 5 5 5 5 5 5 5 5 5 5 5 5 5 5 5 5 5 5 5 5 5 5 5 5 5 5 5 5 5 5 5 5 5 5 5 5 5 5 5 5 5 5 5 5 5 5 5 5 5 5 5 5 5 5 5 5 5 5 5 5 5 5 5 5 5 5 5 5 5 5 5 5 5 5 5 5 5 5 5 5 5 5 5 5 5 5 5 5 5 5 5 5 5 5 5 5 5 5 5 5 5 5 5 5 5 5 5 5 5 5 5 5 5 5 5 5 5 5 5 5 5 5 5 5 5 5 5 5 5 5 5 5 5 5 5 5 5 5 5 5 5 5 5 5 5 5 5 5 5 5 5 5 5 5 5 5 5 5 5 5 5 5 5 5 5 5 5 5 5 5 5 5 5 5 5 5 5 5 5 5 5 5 5 5 5 5 5 5 5 5 5 5 5 5 5 5 5 5 5 5 5 5 5 5 5 5 5 5 5 5 5 5 5 5 5 5 5 5 5 5 5 5 5 5 5 5 5 5 5 5 5 5 5 5 5 5 5 5 5 5 5 5 5 5 5 5 5 5 5 5 5 5 5 5 5 5 5 5 5 5 5 5 5 5 5 5 5 5 5 5 5 5 5 5 5 5 5 5 5 5 5 5 5 5 5 5 5 5 5 5 5 5 5 5 5 5 5 5 5 5 5 5 5 5 5 5 5 5 5 5 5 5 5 5 5 5 5 5 5 5 5 5 5 5 5 5 5 5 5 5 5 5 5 5 5 5 5 5 5 5 5 5 5 5 5 5 5 5 5 5 5 5 5 5 5 5 5 5 5 5 5 5 5 5 5 5 5 5 5 5 5 5 5 5 5 5 5 5 5 5 5 5 5 5 5 5 5 5 5 5 5 5 5 5 5 5 5 5 5 5 5 5 5 5 5 5 5 5 5 5 5 5 5 5 5 5 5 5 5 5 5 5 5 5 5 5 5 5 5 5 5 5 5 5 5 5 5 5 5 5 5 5 5 5 5 5 5 5 5 5 5 5 5 5 5 5 5 5 5 5 5 5 5 5 5 5 5 5 5 5 5 5 5 5 5 5 5 5 5 5 5 5 5 5 5 5 5 5 5 5 5 5 5 5 5 5 5 5 5 5 5 5 5 5 5 5 5 5 5 5 5 5 5 5 5 5 5 5 5 5 5 5 5 5 5 5 5 5 5 5 5 5 5 5 5 5 5 5 5 5 5 5 5 5 5 5 5 5 5 5 5 5 5 5 5 5 5 5 5 5 5 5 5 5 5 5 5 5 5 5 5 5 5 5 5 5 5 5 5 5 5 5 5 5 5 5 5 5 5 5 5 5 5 5 5 5 5 5 5 5 5 5 5 5 5 5 5 5 5 5 5 5 5 5 5 5 5 5 5 5 5 5 5 5 5 5 5 5 5 5 5 5 5 5 5 5 5 5 5 5 5 5 5 5 5 5 5 5 5 5 5 5 5 5 5 5 5 5 5 5 5 5 5 5 5 5 5 5 5 5 5 5 5 5 5 5 5 5 5 5 5 5 5 5 5 5 5 5 5 5 5 5 5 5 5 5 5 5 5 5 5 5 5 5 5 5 5 5 5 5 5 5 5 5 5 5 5 5 5 5 5 5 5 5 5 5 5 5 5 5 5 5 5 5 5 5 5 5 5 5 5 5 5 5 5 5 5 5 5 5 5 5 5 5 5 5 5 5 5 5 5 5 5 5 5 5 5 5 5 5 5 5 5 5 5 5 5 5 5 5 5 5 5 5 5 5 5 5 5 5 5 5 5 5 5 5 5 5 5 5 5 5 5 5 5 5 5 5 5 5 5 5 5 5 5 5 5 5 5 5 5 5 5 5 5 5 5 5 5 5 5 5 5 5 5 5 5 5 5 5 5 5 5 5 5 5 5 5 5 5 5 5 5 5 5 5 5 5 5 5 5 5 5 5 5 5 5 5 5 5 5 5 5 5 5 5 5 5 5 5 5 5 5 5 5 5 5 5 5 5 5 5 5 5 5 5 5 5 5 5 5 5 5 5 5 5 5 5 5 5 5 5 5 5 5 5 5 5 5 5 5 5 5 5 5 5 5 5 5 5 5 5 5 5 5 5 5 5 5 5 5 5 5 5 5 5 5 5 5 5 5 5 5 5 5 5 5 5 5 5 5 5 5 5 5 5 5 5 5 5 5 5 5 5 5 5 5 5 5 5 5 5 5 5 5 5 5 5 5 5 5 5 5 5 5 5 5 5 5 5 5 5 5 5 5 5 5 5 5 5 5 5 5 5 5 5 5 5 5 5 5 5 5 5 5 5 5 5 5 5 5 5 5 5 5 5 5 5 5 5 5 5 5 5 5 5 5 5 5 5 5 5 5 5 5 5 5 5 5 5 5 5 5 5 5 5 5 5 5 5 5 5 5 5 5 5 5 5 5 5 5 5 5 5 5 5 5 5 5 5 5 5 5 5 5 5 5 5 5 5 5 5 5 5 5 5 5 5 5 5 5 5 5 5 5 5 5 5 5 5 5 5 5 5 5 5 5 5 5 5 5 5 5 5 5 5 5 5 5 5 5 5 5 5 5 5 5 5 5 5 5 5 5 5 5 5 5 5 5 5 5 5 5 5 5 5 5 5 5 5 5 5 5 5 5 5 5 5 5 5 5 5 5 5 5 5 5 5 5 5 5 5 5 5 5 5 5 5 5 5 5 5 5 5 5 5 5 5 5 5 5 5 5 5 5 5 5 5 5 5 5 5 5 5 5 5 5 5 5 5 5 5 5 5 5 5 5 5 5 5 5 5 5 5 5 5 5 5 5 5 5 5 5 5 5 5 5 5 5 5 5 5 5 5 5 5 5 5 5 5 5 5 5 5 5 5 5 5 5 5 5 5 5 5 5 5 5 5 5 5 5 5 5 5 5 5 5 5 5 5 5 5 5 5 5 5 5 5 5 5 5 5 5 5 5 5 5 5 5 5 5 5 5 5 5 5 5 5 5 5 5 5 5 5 5 5 5 5 5 5 5 5 5 5 5 5 5 5 5 5 5 5 5 5 5 5 5 5 5 5 5 5 5 5 5 5 5 5 5 5 5 5 5 5 5 5 5 5 5 5 5 5 5 5 5 5 5 5 5 5 5 5 5 5 5 5 5 5 5 5 5 5 5 5 5 5 5 5 5 5 5 5 5 5 5 5 5 5 5 5 5 5 5 5 5 5 5 5 5 5 5 5 5 5 5 5 5 5 5 5 5 5 5 5 5 5 5 5 5 5 5 5 5 5 5 5 5 5 5 5 5 5 5 5 5 5 5 5 5 5 5 5 5 5 5 5 5 5 5 5 5 5 5 5 5 5 5 5 5 5 5 5 5 5 5 5 5 5 5 5 5 5 5 5 5 5 5 5 5 5 5 5 5 5 5 5 5 5 5 5 5 5 5 5 5 5 5 5 5 5 5 5 5 5 5 5 5 5 5 5 5 5 5 5 5 5 5 5 5 5 5 5 5 5 5 5 5 5 5 5 5 5 5 5 5 5 5 5 5 5 5 5 5 5 5 5 5 5 5 5 5 5 5 5 5 5 5 5 5 5 5 5 5 5 5 5 5 5 5 5 5 5 5 5 5 5 5 5 5 5 5 5 5 5 5 5 5 5 5 5 5 5 5 5 5 5 5 5 5 5 5 5 5 5 5 5 5 5 5 5 5 5 5 5 5 5 5 5 5 5 5 5 5 5 5 5 5 5 5 5 5 5 5 5 5 5 5 5 5 5 5 5 5 5 5 5 5 5 5 5 5 5 5 5 5 5 5 5 5 5 5 5 5 5 5 5 5 5 5 5 5 5 5 5 5 5 5 5 5 5 5 5 5 5 5 5 5 5 5 5 5 5 5 5 5 5 5 5 5 5 5 5 5 5 5 5 5 5 5 5 5 5 5 5 5 5 5 5 5 5 5 5 5 5 5 5 5 5 5 5 5 5 5 5 5 5 5 5 5 5 5 5 5 5 5 5 5 5 5 5 5 5 5 5 5 5 5 5 5 5 5 5 5 5 5 5 5 5 5 5 5 5 5 5 5 5 5 5 5 5 5 5 5 5 5 5 5 5 5 5 5 5 5 5 5 5 5 5 5 5 5 5 5 5 5 5 5 5 5 5 5 5 5 5 5 5 5 5 5 5 5 5 5 5 5 5 5 5 5 5 5 5 5 5 5 5 5 5 5 5 5 5 5 5 5 5 5 5 5 5 5 5 5 5 5 5 5 5 5 5 5 5 5 5 5 5 5 5 5 5 5 5 5 5 5 5 5 5 5 5 5 5 5 5 5 5 5 5 5 5 5 5 5 5 5 5 5 5 5 5 5 5 5 5 5 5 5 5 5 5 5 5 5 5 5 5 5 5 5 5 5 5 5 5 5 5 5 5 5 5 5 5 5 5 5 5 5 5 5 5 5 5 5 5 5 5 5 5 5 5 5 5 5 5 5 5 5 5 5 5 5 5 5 5 5 5 5 5 5 5 5 5 5 5 5 5 5 5 5 5 5 5 5 5 5 5 5 5 5 5 5 5 5 5 5 5 5 5 5 5 5 5 5 5 5 5 5 5 5 5 5 5 5 5 5 5 5 5 5 5 5 5 5 5 5 5 5 5 5 5 5 5 5 5 5 5 5 5 5 5 5 5 5 5 5 5 5 5 5 5 5 5 5 5 5 5 5 5 5 5 5 5 5 5 5 5 5 5 5 5 5 5 5 5 5 5 5 5 5 5 5 5 5 5 5 5 5 5 5 5 5 5 5 5 5 5 5 5 5 5 5 5 5 5 5 5 5 5 5 5 5 5 5 5 5 5 5 5 5 5 5 5 5 5 5 5 5 5 5 5 5 5 5 5 5 5 5 5 5 5 5 5 5 5 5 5 5 5 5 5 5 5 5 5 5 5 5 5 5 5 5 5 5 5 5 5 5 5 5 5 5 5 5 5 5 5 5 5 5 5 5 5 5 5 5 5 5 5 5 5 5 5 5 5 5 5 5 5 5 5 5 5 5 5 5 5 5 5 5 5 5 5 5 5 5 5 5 5 5 5 5 5 5 5 5 5 5 5 5 5 5 5 5 5 5 5 5 5 5 5 5 5 5 5 5 5 5 5 5 5 5 5 5 5 5 5 5 5 5 5 5 5 5 5 5 5 5 5 5 5 5 5 5 5 5 5 5 5 5 5 5 5 5 5 5 5 5 5 5 5 5 5 5 5 5 5 5 5 5 5 5 5 5 5 5 5 5 5 5 5 5 5 5 5 5 5 5 5 5 5 5 5 5 5 5 5 5 5 5 5 5 5 5 5 5 5 5 5 5 5 5 5 5 5 5 5 5 5 5 5 5 5 5 5 5 5 5 5 5 5 5 5 5 5 5 5 5 5 5 5 5 5 5 5 5 5 5 5 5 5 5 5 5 5 5 5 5 5 5 5 5 5 5 5 5 5 5 5 5 5 5 5 5 5 5 5 5 5 5 5 5 5 5 5 5 5 5 5 5 5 5 5 5 5 5 5 5 5 5 5 5 5 5 5 5 5 5 5 5 5 5 5 5 5 5 5 5 5 5 5 5 5 5 5 5 5 5 5 5 5 5 5 5 5 5 5 5 5 5 5 5 5 5 5 5 5 5 5 5 5 5 5 5 5 5 5 5 5 5 5 5 5 5 5 5 5 5 5 5 5 5 5 5 5 5 5 5 5 5 5 5 5 5 5 5 5 5 5 5 5 5 5 5 5 5 5 5 5 5 5 5 5 5 5 5 5 5 5 5 5 5 5 5 5 5 5 5 5 5 5 5 5 5 5 5 5 5 5 5 5 5 5 5 5 5 5 5 5 5 5 5 5 5 5 5 5 5 5 5 5 5 5 5 5 5 5 5 5 5 5 5 5 5 5 5 5 5 5 5 5 5 5 5 5 5 5 5 5 5 5 5 5 5 5 5 5 5 5 5 5 5 5 5 5 5 5 5 5 5 5 5 5 5 5 5 5 5 5 5 5 5 5 5 5 5 5 5 5 5 5 5 5 5 5 5 5 5 5 5 5 5 5 5 5 5 5 5 5 5 5 5 5 5 5 5 5 5 5 5 5 5 5 5 5 5 5 5 5 5 5 5 5 5 5 5 5 5 5 5 5 5 5 5 5 5 5 5 5 5 5 5 5 5 5 5 5 5 5 5 5 5 5 5 5 5 5 5 5 5 5 5 5 5 5 5 5 5 5 5 5 5 5 5 5 5 5 5 5 5 5 5 5 5 5 5 5 5 5 5 5 5 5 5 5 5 5 5 5 5 5 5 5 5 5 5 5 5 5 5 5 5 5 5 5 5 5 5 5 5 5 5 5 5 5 5 5 5 5 5 5 5 5 5 5 5 5 5 5 5 5 5 5 5 5 5 5 5 5 5 5 5 5 5 5 5 5 5 5 5 5 5 5 5 5 5 5 5 5 5 5 5 5 5 5 5 5 5 5 5 5 5 5 5 5 5 5 5 5 5 5 5 5 5 5 5 5 5 5 5 5 5 5 5 5 5 5 5 5 5 5 5 5 5 5 5 5 5 5 5 5 5 5 5 5 5 5 5 5 5 5 5 5 5 5 5 5 5 5 5 5 5 5 5 5 5 5 5 5 5 5 5 5 5 5 5 5 5 5 5 5 5 5 5 5 5 5 5 5 5 5 5 5 5 5 5 5 5 5 5 5 5 5 5 5 5 5 5 5 5 5 5 5 5 5 5 5 5 5 5 5 5 5 5 5 5 5 5 5 5 5 5 5 5 5 5 5 5 5 5 5 5 5 5 5 5 5 5 5 5 5 5 5 5 5 5 5 5 5 5 5 5 5 5 5 5 5 5 5 5 5 5 5 5 5 5 5 5 5 5 5 5 5 5 5 5 5 5 5 5 5 5 5 5 5 5 5 5 5 5 5 5 5 5 5 5 5 5 5 5 5 5 5 5 5 5 5 5 5 5 5 5 5 5 5 5 5 5 5 5 5 5 5 5 5 5 5 5 5 5 5 5 5 5 5 5 5 5 5 5 5 5 5 5 5 5 5 5 5 5 5 5 5 5 5 5 5 5 5 5 5 5 5 5 5 5 5 5 5 5 5 5 5 5 5 5 5 5 5 5 5 5 5 5 5 5 5 5 5 5 5 5 5 5 5 5 5 5 5 5 5 5 5 5 5 5 5 5 5 5 5 5 5 5 5 5 5 5 5 5 5 5 5 5 5 5 5 5 5 5 5 5 5 5 5 5 5 5 5 5 5 5 5 5 5 5 5 5 5 5 5 5 5 5 5 5 5 5 5 5 5 5 5 5 5 5 5 5 5 5 5 5 5 5 5 5 5 5 5 5 5 5 5 5 5 5 5 5 5 5 5 5 5 5 5 5 5 5 5 5 5 5 5 5 5 5 5 5 5 5 5 5 5 5 5 5 5 5 5 5 5 5 5 5 5 5 5 5 5 5 5 5 5 5 5 5 5 5 5 5 5 5 5 5 5 5 5 5 5 5 5 5 5 5 5 5 5 5 5 5 5 5 5 5 5 5 5 5 5 5 5 5 5 5 5 5 5 5 5 5 5 5 5 5 5 5 5 5 5 5 5 5 5 5 5 5 5 5 5 5 5 5 5 5 5 5 5 5 5 5 5 5 5 5 5 5 5 5 5 5 5 5 5 5 5 5 5 5 5 5 5 5 5 5 5 5 5 5 5 5 5 5 5 5 5 5 5 5 5 5 5 5 5 5 5 5 5 5 5 5 5 5 5 5 5 5 5 5 5 5 5 5 5 5 5 5 5 5 5 5 5 5 5 5 5 5 5 5 5 5 5 5 5 5 5 5 5 5 5 5 5 5 5 5 5 5 5 5 5 5 5 5 5 5 5 5 5 5 5 5 5 5 5 5 5 5 5 5 5 5 5 5 5 5 5 5 5 5 5 5 5 5 5 5 5 5 5 5 5 5 5 5 5 5 5 5 5 5 5 5 5 5 5 5 5 5 5 5 5 5 5 5 5 5 5 5 5 5 5 5 5 5 5 5 5 5 5 5 5 5 5 5 5 5 5 5 5 5 5 5 5 5 5 5 5 5 5 5 5 5 5 5 5 5 5 5 5 5 5 5 5 5 5 5 5 5 5 5 5 5 5 5 5 5 5 5 5 5 5 5 5 5 5 5 5 5 5 5 5 5 5 5 5 5 5 5 5 5 5 5 5 5 5 5 5 5 5 5 5 5 5 5 5 5 5 5 5 5 5 5 5 5 5 5 5 5 5 5 5 5 5 5 5 5 5 5 5 5 5 5 5 5 5 5 5 5 5 5 5 5 5 5 5 5 5 5 5 5 5 5 5 5 5 5 5 5 5 5 5 5 5 5 5 5 5 5 5 5 5 5 5 5 5 5 5 5 5 5 5 5 5 5 5 5 5 5 5 5 5 5 5 5 5 5 5 5 5 5 5 5 5 5 5 5 5 5 5 5 5 5 5 5 5 5 5 5 5 5 5 5 5 5 5 5 5 5 5 5 5 5 5 5 5 5 5 5 5 5 5 5 5 5 5 5 5 5 5 5 5 5 5 5 5 5 5 5 5 5 5 5 5 5 5 5 5 5 5 5 5 5 5 5 5 5 5 5 5 5 5 5 5 5 5 5 5 5 5 5 5 5 5 5 5 5 5 5 5 5 5 5 5 5 5 5 5 5 5 5 5 5 5 5 5 5 5 5 5 5 5 5 5 5 5 5 5 5 5 5 5 5 5 5 5 5 5 5 5 5 5 5 5 5 5 5 5 5 5 5 5 5 5 5 5 5 5 5 5 5 5 5 5 5 5 5 5 5 5 5 5 5 5 5 5 5 5 5 5 5 5 5 5 5 5 5 5 5 5 5 5 5 5 5 5 5 5 5 5 5 5 5 5 5 5 5 5 5 5 5 5 5 5 5 5 5 5 5 5 5 5 5 5 5 5 5 5 5 5 5 5 5 5 5 5 5 5 5 5 5 5 5 5 5 5 5 5 5 5 5 5 5 5 5 5 5 5 5 5 5 5 5 5 5 5 5 5 5 5 5 5 5 5 5 5 5 5 5 5 5 5 5 5 5 5 5 5 5 5 5 5 5 5 5 5 5 5 5 5 5 5 5 5 5 5 5 5 5 5 5 5 5 5 5 5 5 5 5 5 5 5 5 5 5 5 5 5 5 5 5 5 5 5 5 5 5 5 5 5 5 5 5 5 5 5 5 5 5 5 5 5 5 5 5 5 5 5 5 5 5 5 5 5 5 5 5 5 5 5 5 5 5 5 5 5 5 5 5 5 5 5 5 5 5 5 5 5 5 5 5 5 5 5 5 5 5 5 5 5 5 5 5 5 5 5 5 5 5 5 5 5 5 5 5 5 5 5 5 5 5 5 5 5 5 5 5 5 5 5 5 5 5 5 5 5 5 5 5 5 5 5 5 5 5 5 5 5 5 5 5 5 5 5 5 5 5 5 5 5 5 5 5 5 5 5 5 5 5 5 5 5 5 5 5 5 5 5 5 5 5 5 5 5 5 5 5 5 5 5 5 5 5 5 5 5 5 5 5 5 5 5 5 5 5 5 5 5 5 5 5 5 5 5 5 5 5 5 5 5 5 5 5 5 5 5 5 5 5 5 5 5 5 5 5 5 5 5 5 5 5 5 5 5 5 5 5 5 5 5 5 5 5 5 5 5 5 5 5 5 5 5 5 5 5 5 5 5 5 5 5 5 5 5 5 5 5 5 5 5 5 5 5 5 5 5 5 5 5 5 5 5 5 5 5 5 5 5 5 5 5 5 5 5 5 5 5 5 5 5 5 5 5 5 5 5 5 5 5 5 5 5 5 5 5 5 5 5 5 5 5 5 5 5 5 5 5 5 5 5 5 5 5 5 5 5 5 5 5 5 5 5 5 5 5 5 5 5 5 5 5 5 5 5 5 5 5 5 5 5 5 5 5 5 5 5 5 5 5 5 5 5 5 5 5 5 5 5 5 5 5 5 5 5 5 5 5 5 5 5 5 5 5 5 5 5 5 5 5 5 5 5 5 5 5 5 5 5 5 5 5 5 5 5 5 5 5 5 5 5 5 5 5 5 5 5 5 5 5 5 5 5 5 5 5 5 5 5 5 5 5 5 5 5 5 5 5 5 5 5 5 5 5 5 5 5 5 5 5 5 5 5 5 5 5 5 5 5 5 5 5 5 5 5 5 5 5 5 5 5 5 5 5 5 5 5 5 5 5 5 5 5 5 5 5 5 5 5 5 5 5 5 5 5 5 5 5 5 5 5 5 5 5 5 5 5 5 5 5 5 5 5 5 5 5 5 5 5 5 5 5 5 5 5 5 5 5 5 5 5 5 5 5 5 5 5 5 5 5 5 5 5 5 5 5 5 5 5 5 5 5 5 5 5 5 5 5 5 5 5 5 5 5 5 5 5 5 5 5 5 5 5 5 5 5 5 5 5 5 5 5 5 5 5 5 5 5 5 5 5 5 5 5 5 5 5 5 5 5 5 5 5 5 5 5 5 5 5 5 5 5 5 5 5 5 5 5 5 5 5 5 5 5 5 5 5 5 5 5 5 5 5 5 5 5 5 5 5 5 5 5 5 5 5 5 5 5 5 5 5 5 5 5 5 5 5 5 5 5 5 5 5 5 5 5 5 5 5 5 5 5 5 5 5 5 5 5 5 5 5 5 5 5 5 5 5 5 5 5 5 5 5 5 5 5 5 5 5 5 5 5 5 5 5 5 5 5 5 5 5 5 5 5 5 5 5 5 5 5 5 5 5 5 5 5 5 5 5 5 5 5 5 5 5 5 5 5 5 5 5 5 5 5 5 5 5 5 5 5 5 5 5 5 5 5 5 5 5 5 5 5 5 5 5 5 5 5 5 5 5 5 5 5 5 5 5 5 5 5 5 5 5 5 5 5 5 5 5 5 5 5 5 5 5 5 5 5 5 5 5 5 5 5 5 5 5 5 5 5 5 5 5 5 5 5 5 5 5 5 5 5 5 5 5 5 5 5 5 5 5 5 5 5 5 5 5 5 5 5 5 5 5 5 5 5 5 5 5 5 5 5 5 5 5 5 5 5 5 5 5 5 5 5 5 5 5 5 5 5 5 5 5 5 5 5 5 5 5 5 5 5 5 5 5 5 5 5 5 5 5 5 5 5 5 5 5 5 5 5 5 5 5 5 5 5 5 5 5 5 5 5 5 5 5 5 5 5 5 5 5 5 5 5 5 5 5 5 5 5 5 5 5 5 5 5 5 5 5 5 5 5 5 5 5 5 5 5 5 5 5 5 5 5 5 5 5 5 5 5 5 5 5 5 5 5 5 5 5 5 5 5 5 5 5 5 5 5 5 5 5 5 5 5 5 5 5 5 5 5 5 5 5 5 5 5 5 5 5 5 5 5 5 5 5 5 5 5 5 5 5 5 5 5 5 5 5 5 5 5 5 5 5 5 5 5 5 5 5 5 5 5 5 5 5 5 5 5 5 5 5 5 5 5 5 5 5 5 5 5 5 5 5 5 5 5 5 5 5 5 5 5 5 5 5 5 5 5 5 5 5 5 5 5 5 5 5 5 5 5 5 5 5 5 5 5 5 5 5 5 5 5 5 5 5 5 5 5 5 5 5 5 5 5 5 5 5 5 5 5 5 5 5 5 5 5 5 5 5 5 5 5 5 5 5 5 5 5 5 5 5 5 5 5 5 5 5 5 5 5 5 5 5 5 5 5 5 5 5 5 5 5 5 5 5 5 5 5 5 5 5 5 5 5 5 5 5 5 5 5 5 5 5 5 5 5 5 5 5 5 5 5 5 5 5 5 5 5 5 5 5 5 5 5 5 5 5 5 5 5 5 5 5 5 5 5 5 5 5 5 5 5 5 5 5 5 5 5 5 5 5 5 5 5 5 5 5 5 5 5 5 5 5 5 5 5 5 5 5 5 5 5 5 5 5 5 5 5 5 5 5 5 5 5 5 5 5 5 5 5 5 5 5 5 5 5 5 5 5 5 5 5 5 5 5 5 5 5 5 5 5 5 5 5 5 5 5 5 5 5 5 5 5 5 5 5 5 5 5 5 5 5 5 5 5 5 5 5 5 5 5 5 5 5 5 5 5 5 5 5 5 5 5 5 5 5 5 5 5 5 5 5 5 5 5 5 5 5 5 5 5 5 5 5 5 5 5 5 5 5 5 5 5 5 5 5 5 5 5 5 5 5 5 5 5 5 5 5 5 5 5 5 5 5 5 5 5 5 5 5 5 5 5 5 5 5 5 5 5 5 5 5 5 5 5 5 5 5 5 5 5 5 5 5 5 5 5 5 5 5 5 5 5 5 5 5 5 5 5 5 5 5 5 5 5 5 5 5 5 5 5 5 5 5 5 5 5 5 5 5 5 5 5 5 5 5 5 5 5 5 5 5 5 5 5 5 5 5 5 5 5 5 5 5 5 5 5 5 5 5 5 5 5 5 5 5 5 5 5 5 5 5 5 5 5 5 5 5 5 5 5 5 5 5 5 5 5 5 5 5 5 5 5 5 5 5 5 5 5 5 5 5 5 5 5 5 5 5 5 5 5 5 5 5 5 5 5 5 5 5 5 5 5 5 5 5 5 5 5 5 5 5 5 5 5 5 5 5 5 5 5 5 5 5 5 5 5 5 5 5 5 5 5 5 5 5 5 5 5 5 5 5 5 5 5 5 5 5 5 5 5 5 5 5 5 5 5 5 5 5 5 5 5 5 5 5 5 5 5 5 5 5 5 5 5 5 5 5 5 5 5 5 5 5 5 5 5 5 5 5 5 5 5 5 5 5 5 5 5 5 5 5 5 5 5 5 5 5 5 5 5 5 5 5 5 5 5 5 5 5 5 5 5 5 5 5 5 5 5 5 5 5 5 5 5 5 5 5 5 5 5 5 5 5 5 5 5 5 5 5 5 5 5 5 5 5 5 5 5 5 5 5 5 5 5 5 5 5 5 5 5 5 5 5 5 5 5 5 5 5 5 5 5 5 5 5 5 5 5 5 5 5 5 5 5 5 5 5 5 5 5 5 5 5 5 5 5 5 5 5 5 5 5 5 5 5 5 5 5 5 5 5 5 5 5 5 5 5 5 5 5 5 5 5 5 5 5 5 5 5 5 5 5 5 5 5 5 5 5 5 5 5 5 5 5 5 5 5 5 5 5 5 5 5 5 5 5 5 5 5 5 5 5 5 5 5 5 5 5 5 5 5 5 5 5 5 5 5 5 5 5 5 5 5 5 5 5 5 5 5 5 5 5 5 5 5 5 5 5 5 5 5 5 5 5 5 5 5 5 5 5 5 5 5 5 5 5 5 5 5 5 5 5 5 5 5 5 5 5 5 5 5 5 5 5 5 5 5 5 5 5 5 5 5 5 5 5 5 5 5 5 5 5 5 5 5 5 5 5 5 5 5 5 5 5 5 5 5 5 5 5 5 5 5 5 5 5 5 5 5 5 5 5 5 5 5 5 5 5 5 5 5 5 5 5 5 5 5 5 5 5 5 5 5 5 5 5 5 5 5 5 5 5 5 5 5 5 5 5 5 5 5 5 5 5 5 5 5 5 5 5 5 5 5 5 5 5 5 5 5 5 5 5 5 5 5 5 5 5 5 5 5 5 5 5 5 5 5 5 5 5 5 5 5 5 5 5 5 5 5 5 5 5 5 5 5 5 5 5 5 5 5 5 5 5 5 5 5 5 5 5 5 5 5 5 5 5 5 5 5 5 5 5 5 5 5 5 5 5 5 5 5 5 5 5 5 5 5 5 5 5 5 5 5 5 5 5 5 5 5 5 5 5 5 5 5 5 5 5 5 5 5 5 5 5 5 5 5 5 5 5 5 5 5 5 5 5 5 5 5 5 5 5 5 5 5 5 5 5 5 5 5 5 5 5 5 5 5 5 5 5 5 5 5 5 5 5 5 5 5 5 5 5 5 5 5 5 5 5 5 5 5 5 5 5 5 5 5 5 5 5 5 5 5 5 5 5 5 5 5 5 5 5 5 5 5 5 5 5 5 5 5 5 5 5 5 5 5 5 5 5 5 5 5 5 5 5 5 5 5 5 5 5 5 5 5 5 5 5 5 5 5 5 5 5 5 5 5 5 5 5 5 5 5 5 5 5 5 5 5 5 5 5 5 5 5 5 5 5 5 5 5 5 5 5 5 5 5 5 5 5 5 5 5 5 5 5 5 5 5 5 5 5 5 5 5 5 5 5 5 5 5 5 5 5 5 5 5 5 5 5 5 5 5 5 5 5 5 5 5 5 5 5 5 5 5 5 5 5 5 5 5 5 5 5 5 5 5 5 5 5 5 5 5 5 5 5 5 5 5 5 5 5 5 5 5 5 5 5 5 5 5 5 5 5 5 5 5 5 5 5 5 5 5 5 5 5 5 5 5 5 5 5 5 5 5 5 5 5 5 5 5 5 5 5 5 5 5 5 5 5 5 5 5 5 5 5 5 5 5 5 5 5 5 5 5 5 5 5 5 5 5 5 5 5 5 5 5 5 5 5 5 5 5 5 5 5 5 5 5 5 5 5 5 5 5 5 5 5 5 5 5 5 5 5 5 5 5 5 5 5 5 5 5 5 5 5 5 5 5 5 5 5 5 5 5 5 5 5 5 5 5 5 5 5 5 5 5 5 5 5 5 5 5 5 5 5 5 5 5 5 5 5 5 5 5 5 5 5 5 5 5 5 5 5 5 5 5 5 5 5 5 5 5 5 5 5 5 5 5 5 5 5 5 5 5 5 5 5 5 5 5 5 5 5 5 5 5 5 5 5 5 5 5 5 5 5 5 5 5 5 5 5 5 5 5 5 5 5 5 5 5 5 5 5 5 5 5 5 5 5 5 5 5 5 5 5 5 5 5 5 5 5 5 5 5 5 5 5 5 5 5 5 5 5 5 5 5 5 5 5 5 5 5 5 5 5 5 5 5 5 5 5 5 5 5 5 5 5 5 5 5 5 5 5 5 5 5 5 5 5 5 5 5 5 5 5 5 5 5 5 5 5 5 5 5 5 5 5 5 5 5 5 5 5 5 5 5 5 5 5 5 5 5 5 5 5 5 5 5 5 5 5 5 5 5 5 5 5 5 5 5 5 5 5 5 5 5 5 5 5 5 5 5 5 5 5 5 5 5 5 5 5 5 5 5 5 5 5 5 5 5 5 5 5 5 5 5 5 5 5 5 5 5 5 5 5 5 5 5 5 5 5 5 5 5 5 5 5 5 5 5 5 5 5 5 5 5 5 5 5 5 5 5 5 5 5 5 5 5 5 5 5 5 5 5 5 5 5 5 5 5 5 5 5 5 5 5 5 5 5 5 5 5 5 5 5 5 5 5 5 5 5 5 5 5 5 5 5 5 5 5 5 5 5 5 5 5 5 5 5 5 5 5 5 5 5 5 5 5 5 5 5 5 5 5 5 5 5 5 5 5 5 5 5 5 5 5 5 5 5 5 5 5 5 5 5 5 5 5 5 5 5 5 5 5 5 5 5 5 5 5 5 5 5 5 5 5 5 5 5 5 5 5 5 5 5 5 5 5 5 5 5 5 5 5 5 5 5 5 5 5 5 5 5 5 5 5 5 5 5 5 5 5 5 5 5 5 5 5 5 5 5 5 5 5 5 5 5 5 5 5 5 5 5 5 5 5 5 5 5 5 5 5 5 5 5 5 5 5 5 5 5 5 5 5 5 5 5 5 5 5 5 5 5 5 5 5 5 5 5 5 5 5 5 5 5 5 5 5 5 5 5 5 5 5 5 5 5 5 5 5 5 5 5 5 5 5 5 5 5 5 5 5 5 5 5 5 5 5 5 5 5 5 5 5 5 5 5 5 5 5 5 5 5 5 5 5 5 5 5 5 5 5 5 5 5 5 5 5 5 5 5 5 5 5 5 5 5 5 5 5 5 5 5 5 5 5 5 5 5 5 5 5 5 5 5 5 5 5 5 5 5 5 5 5 5 5 5 5 5 5 5 5 5 5 5 5 5 5 5 5 5 5 5 5 5 5 5 5 5 5 5 5 5 5 5 5 5 5 5 5 5 5 5 5 5 5 5 5 5 5 5 5 5 5 5 5 5 5 5 5 5 5 5 5 5 5 5 5 5 5 5 5 5 5 5 5 5 5 5 5 5 5 5 5 5 5 5 5 5 5 5 5 5 5 5 5 5 5 5 5 5 5 5 5 5 5 5 5 5 5 5 5 5 5 5 5 5 5 5 5 5 5 5 5 5 5 5 5 5 5 5 5 5 5 5 5 5 5 5 5 5 5 5 5 5 5 5 5 5 5 5 5 5 5 5 5 5 5 5 5 5 5 5 5 5 5 5 5 5 5 5 5 5 5 5 5 5 5 5 5 5 5 5 5 5 5 5 5 5 5 5 5 5 5 5 5 5 5 5 5 5 5 5 5 5 5 5 5 5 5 5 5 5 5 5 5 5 5 5 5 5 5 5 5 5 5 5 5 5 5 5 5 5 5 5 5 5 5 5 5 5 5 5 5 5 5 5 5 5 5 5 5 5 5 5 5 5 5 5 5 5 5 5 5 5 5 5 5 5 5 5 5 5 5 5 5 5 5 5 5 5 5 5 5 5 5 5 5 5 5 5 5 5 5 5 5 5 5 5 5 5 5 5 5 5 5 5 5 5 5 5 5 5 5 5 5 5 5 5 5 5 5 5 5 5 5 5 5 5 5 5 5 5 5 5 5 5 5 5 5 5 5 5 5 5 5 5 5 5 5 5 5 5 5 5 5 5 5 5 5 5 5 5 5 5 5 5 5 5 5 5 5 5 5 5 5 5 5 5 5 5 5 5 5 5 5 5 5 5 5 5 5 5 5 5 5 5 5 5 5 5 5 5 5 5 5 5 5 5 5 5 5 5 5 5 5 5 5 5 5 5 5 5 5 5 5 5 5 5 5 5 5 5 5 5 5 5 5 5 5 5 5 5 5 5 5 5 5 5 5 5 5 5 5 5 5 5 5 5 5 5 5 5 5 5 5 5 5 5 5 5 5 5 5 5 5 5 5 5 5 5 5 5 5 5 5 5 5 5 5 5 5 5 5 5 5 5 5 5 5 5 5 5 5 5 5 5 5 5 5 5 5 5 5 5 5 5 5 5 5 5 5 5 5 5 5 5 5 5 5 5 5 5 5 5 5 5 5 5 5 5 5 5 5 5 5 5 5 5 5 5 5 5 5 5 5 5 5 5 5 5 5 5 5 5 5 5 5 5 5 5 5 5 5 5 5 5 5 5 5 5 5 5 5 5 5 5 5 5 5 5 5 5 5 5 5 5 5 5 5 5 5 5 5 5 5 5 5 5 5 5 5 5 5 5 5 5 5 5 5 5 5 5 5 5 5 5 5 5 5 5 5 5 5 5 5 5 5 5 5 5 5 5 5 5 5 5 5 5 5 5 5 5 5 5 5 5 5 5 5 5 5 5 5 5 5 5 5 5 5 5 5 5 5 5 5 5 5 5 5 5 5 5 5 5 5 5 5 5 5 5 5 5 5 5 5 5 5 5 5 5 5 5 5 5 5 5 5 5 5 5 5 5 5 5 5 5 5 5 5 5 5 5 5 5 5 5 5 5 5 5 5 5 5 5 5 5 5 5 5 5 5 5 5 5 5 5 5 5 5 5 5 5 5 5 5 5 5 5 5 5 5 5 5 5 5 5 5 5 5 5 5 5 5 5 5 5 5 5 5 5 5 5 5 5 5 5 5 5 5 5 5 5 5 5 5 5 5 5 5 5 5 5 5 5 5 5 5 5 5 5 5 5 5 5 5 5 5 5 5 5 5 5 5 5 5 5 5 5 5 5 5 5 5 5 5 5 5 5 5 5 5 5 5 5 5 5 5 5 5 5 5 5 5 5 5 5 5 5 5 5 5 5 5 5 5 5 5 5 5 5 5 5 5 5 5 5 5 5 5 5 5 5 5 5 5 5 5 5 5 5 5 5 5 5 5 5 5 5 5 5 5 5 5 5 5 5 5 5 5 5 5 5 5 5 5 5 5 5 5 5 5 5 5 5 5 5 5 5 5 5 5 5 5 5 5 5 5 5 5 5 5 5 5 5 5 5 5 5 5 5 5 5 5 5 5 5 5 5 5 5 5 5 5 5 5 5 5 5 5 5 5 5 5 5 5 5 5 5 5 5 5 5 5 5 5 5 5 5 5 5 5 5 5 5 5 5 5 5 5 5 5 5 5 5 5 5 5 5 5 5 5 5 5 5 5 5 5 5 5 5 5 5 5 5 5 5 5 5 5 5 5 5 5 5 5 5 5 5 5 5 5 5 5 5 5 5 5 5 5 5 5 5 5 5 5 5 5 5 5 5 5 5 5 5 5 5 5 5 5 5 5 5 5 5 5 5 5 5 5 5 5 5 5 5 5 5 5 5 5 5 5 5 5 5 5 5 5 5 5 5 5 5 5 5 5 5 5 5 5 5 5 5 5 5 5 5 5 5 5 5 5 5 5 5 5 5 5 5 5 5 5 5 5 5 5 5 5 5 5 5 5 5 5 5 5 5 5 5 5 5 5 5 5 5 5 5 5 5 5 5 5 5 5 5 5 5 5 5 5 5 5 5 5 5 5 5 5 5 5 5 5 5 5 5 5 5 5 5 5 5 5 5 5 5 5 5 5 5 5 5 5 5 5 5 5 5 5 5 5 5 5 5 5 5 5 5 5 5 5 5 5 5 5 5 5 5 5 5 5 5 5 5 5 5 5 5 5 5 5 5 5 5 5 5 5 5 5 5 5 5 5 5 5 5 5 5 5 5 5 5 5 5 5 5 5 5 5 5 5 5 5 5 5 5 5 5 5 5 5 5 5 5 5 5 5 5 5 5 5 5 5 5 5 5 5 5 5 5 5 5 5 5 5 5 5 5 5 5 5 5 5 5 5 5 5 5 5 5 5 5 5 5 5 5 5 5 5 5 5 5 5 5 5 5 5 5 5 5 5 5 5 5 5 5 5 5 5 5 5 5 5 5 5 5 5 5 5 5 5 5 5 5 5 5 5 5 5 5 5 5 5 5 5 5 5 5 5 5 5 5 5 5 5 5 5 5 5 5 5 5 5 5 5 5 5 5 5 5 5 5 5 5 5 5 5 5 5 5 5 5 5 5 5 5 5 5 5 5 5 5 5 5 5 5 5 5 5 5 5 5 5 5 5 5 5 5 5 5 5 5 5 5 5 5 5 5 5 5 5 5 5 5 5 5 5 5 5 5 5 5 5 5 5 5 5 5 5 5 5 5 5 5 5 5 5 5 5 5 5 5 5 5 5 5 5 5 5 5 5 5 5 5 5 5 5 5 5 5 5 5 5 5 5 5 5 5 5 5 5 5 5 5 5 5 5 5 5 5 5 5 5 5 5 5 5 5 5 5 5 5 5 5 5 5 5 5 5 5 5 5 5 5 5 5 5 5 5 5 5 5 5 5 5 5 5 5 5 5 5 5 5 5 5 5 5 5 5 5 5 5 5 5 5 5 5 5 5 5 5 5 5 5 5 5 5 5 5 5 5 5 5 5 5 5 5 5 5 5 5 5 5 5 5 5 5 5 5 5 5 5 5 5 5 5 5 5 5 5 5 5 5 5 5 5 5 5 5 5 5 5 5 5 5 5 5 5 5 5 5 5 5 5 5 5 5 5 5 5 5 5 5 5 5 5 5 5 5 5 5 5 5 5 5 5 5 5 5 5 5 5 5 5 5 5 5 5 5 5 5 5 5 5 5 5 5 5 5 5 5 5 5 5 5 5 5 5 5 5 5 5 5 5 5 5 5 5 5 5 5 5 5 5 5 5 5 5 5 5 5 5 5 5 5 5 5 5 5 5 5 5 5 5 5 5 5 5 5 5 5 5 5 5 5 5 5 5 5 5 5 5 5 5 5 5 5 5 5 5 5 5 5 5 5 5 5 5 5 5 5 5 5 5 5 5 5 5 5 5 5 5 5 5 5 5 5 5 5 5 5 5 5 5 5 5 5 5 5 5 5 5 5 5 5 5 5 5 5 5 5 5 5 5 5 5 5 5 5 5 5 5 5 5 5 5 5 5 5 5 5 5 5 5 5 5 5 5 5 5 5 5 5 5 5 5 5 5 5 5 5 5 5 5 5 5 5 5 5 5 5 5 5 5 5 5 5 5 5 5 5 5 5 5 5 5 5 5 5 5 5 5 5 5 5 5 5 5 5 5 5 5 5 5 5 5 5 5 5 5 5 5 5 5 5 5 5 5 5 5 5 5 5 5 5 5 5 5 5 5 5 5 5 5 5 5 5 5 5 5 5 5 5 5 5 5 5 5 5 5 5 5 5 5 5 5 5 5 5 5 5 5 5 5 5 5 5 5 5 5 5 5 5 5 5 5 5 5 5 5 5 5 5 5 5 5 5 5 5 5 5 5 5 5 5 5 5 5 5 5 5 5 5 5 5 5 5 5 5 5 5 5 5 5 5 5 5 5 5 5 5 5 5 5 5 5 5 5 5 5 5 5 5 5 5 5 5 5 5 5 5 5 5 5 5 5 5 5 5 5 5 5 5 5 5 5 5 5 5 5 5 5 5 5 5 5 5 5 5 5 5 5 5 5 5 5 5 5 5 5 5 5 5 5 5 5 5 5 5 5 5 5 5 5 5 5 5 5 5 5 5 5 5 5 5 5 5 5 5 5 5 5 5 5 5 5 5 5 5 5 5 5 5 5 5 5 5 5 5 5 5 5 5 5 5 5 5 5 5 5 5 5 5 5 5 5 5 5 5 5 5 5 5 5 5 5 5 5 5 5 5 5 5 5 5 5 5 5 5 5 5 5 5 5 5 5 5 5 5 5 5 5 5 5 5 5 5 5 5 5 5 5 5 5 5 5 5 5 5 5 5 5 5 5 5 5 5 5 5 5 5 5 5 5 5 5 5 5 5 5 5 5 5 5 5 5 5 5 5 5 5 5 5 5 5 5 5 5 5 5 5 5 5 5 5 5 5 5 5 5 5 5 5 5 5 5 5 5 5 5 5 5 5 5 5 5 5 5 5 5 5 5 5 5 5 5 5 5 5 5 5 5 5 5 5 5 5 5 5 5 5 5 5 5 5 5 5 5 5 5 5 5 5 5 5 5 5 5 5 5 5 5 5 5 5 5 5 5 5 5 5 5 5 5 5 5 5 5 5 5 5 5 5 5 5 5 5 5 5 5 5 5 5 5 5 5 5 5 5 5 5 5 5 5 5 5 5 5 5 5 5 5 5 5 5 5 5 5 5 5 5 5 5 5 5 5 5 5 5 5 5 5 5 5 5 5 5 5 5 5 5 5 5 5 5 5 5 5 5 5 5 5 5 5 5 5 5 5 5 5 5 5 5 5 5 5 5 5 5 5 5 5 5 5 5 5 5 5 5 5 5 5 5 5 5 5 5 5 5 5 5 5 5 5 5 5 5 5 5 5 5 5 5 5 5 5 5 5 5 5 5 5 5 5 5 5 5 5 5 5 5 5 5 5 5 5 5 5 5 5 5 5 5 5 5 5 5 5 5 5 5 5 5 5 5 5 5 5 5 5 5 5 5 5 5 5 5 5 5 5 5 5 5 5 5 5 5 5 5 5 5 5 5 5 5 5 5 5 5 5 5 5 5 5 5 5 5 5 5 5 5 5 5 5 5 5 5 5 5 5 5 5 5 5 5 5 5 5 5 5 5 5 5 5 5 5 5 5 5 5 5 5 5 5 5 5 5 5 5 5 5 5 5 5 5 5 5 5 5 5 
CELL_DATA 15064
SCALARS Marker double 1
LOOKUP_TABLE default
0 0 0 0 1 1 1 1 2 2 2 2 3 3 3 3 4 4 4 4 5 5 5 5 6 6 6 6 7 7 7 7 8 8 8 8 9 9 9 9 10 10 10 10 11 11 11 11 12 12 12 12 13 13 13 13 14 14 14 14 15 15 15 15 16 16 16 16 17 17 17 17 18 18 18 18 19 19 19 19 20 20 20 20 21 21 21 21 22 22 22 22 23 23 23 23 24 24 24 24 25 25 25 25 26 26 26 26 27 27 27 27 28 28 28 28 29 29 29 29 30 30 30 30 31 31 31 31 32 32 32 32 33 33 33 33 34 34 34 34 35 35 35 35 36 36 36 36 37 37 37 37 38 38 38 38 39 39 39 39 40 40 40 40 41 41 41 41 42 42 42 42 43 43 43 43 44 44 44 44 45 45 45 45 46 46 46 46 47 47 47 47 48 48 48 48 49 49 49 49 50 50 50 50 51 51 51 51 52 52 52 52 53 53 53 53 54 54 54 54 55 55 55 55 56 56 56 56 57 57 57 57 58 58 58 58 59 59 59 59 60 60 60 60 61 61 61 61 62 62 62 62 63 63 63 63 64 64 64 64 65 65 65 65 66 66 66 66 67 67 67 67 68 68 68 68 69 69 69 69 70 70 70 70 71 71 71 71 72 72 72 72 73 73 73 73 74 74 74 74 75 75 75 75 76 76 76 76 77 77 77 77 78 78 78 78 79 79 79 79 80 80 80 80 81 81 81 81 82 82 82 82 83 83 83 83 84 84 84 84 85 85 85 85 86 86 86 86 87 87 87 87 88 88 88 88 89 89 89 89 90 90 90 90 91 91 91 91 92 92 92 92 93 93 93 93 94 94 94 94 95 95 95 95 96 96 96 96 97 97 97 97 98 98 98 98 99 99 99 99 100 100 100 100 101 101 101 101 102 102 102 102 103 103 103 103 104 104 104 104 105 105 105 105 106 106 106 106 107 107 107 107 108 108 108 108 109 109 109 109 110 110 110 110 111 111 111 111 112 112 112 112 113 113 113 113 114 114 114 114 115 115 115 115 116 116 116 116 117 117 117 117 118 118 118 118 119 119 119 119 120 120 120 120 121 121 121 121 122 122 122 122 123 123 123 123 124 124 124 124 125 125 125 125 126 126 126 126 127 127 127 127 128 128 128 128 129 129 129 129 130 130 130 130 131 131 131 131 132 132 132 132 133 133 133 133 134 134 134 134 135 135 135 135 136 136 136 136 137 137 137 137 138 138 138 138 139 139 139 139 140 140 140 140 141 141 141 141 142 142 142 142 143 143 143 143 144 144 144 144 145 145 145 145 146 146 146 146 147 147 147 147 148 148 148 148 149 149 149 149 150 150 150 150 151 151 151 151 152 152 152 152 153 153 153 153 154 154 154 154 155 155 155 155 156 156 156 156 157 157 157 157 158 158 158 158 159 159 159 159 160 160 160 160 161 161 161 161 162 162 162 162 163 163 163 163 164 164 164 164 165 165 165 165 166 166 166 166 167 167 167 167 168 168 168 168 169 169 169 169 170 170 170 170 171 171 171 171 172 172 172 172 173 173 173 173 174 174 174 174 175 175 175 175 176 176 176 176 177 177 177 177 178 178 178 178 179 179 179 179 180 180 180 180 181 181 181 181 182 182 182 182 183 183 183 183 184 184 184 184 185 185 185 185 186 186 186 186 187 187 187 187 188 188 188 188 189 189 189 189 190 190 190 190 191 191 191 191 192 192 192 192 193 193 193 193 194 194 194 194 195 195 195 195 196 196 196 196 197 197 197 197 198 198 198 198 199 199 199 199 200 200 200 200 201 201 201 201 202 202 202 202 203 203 203 203 204 204 204 204 205 205 205 205 206 206 206 206 207 207 207 207 208 208 208 208 209 209 209 209 210 210 210 210 211 211 211 211 212 212 212 212 213 213 213 213 214 214 214 214 215 215 215 215 216 216 216 216 217 217 217 217 218 218 218 218 219 219 219 219 220 220 220 220 221 221 221 221 222 222 222 222 223 223 223 223 224 224 224 224 225 225 225 225 226 226 226 226 227 227 227 227 228 228 228 228 229 229 229 229 230 230 230 230 231 231 231 231 232 232 232 232 233 233 233 233 234 234 234 234 235 235 235 235 236 236 236 236 237 237 237 237 238 238 238 238 239 239 239 239 240 240 240 240 241 241 241 241 242 242 242 242 243 243 243 243 244 244 244 244 245 245 245 245 246 246 246 246 247 247 247 247 248 248 248 248 249 249 249 249 250 250 250 250 251 251 251 251 252 252 252 252 253 253 253 253 254 254 254 254 255 255 255 255 256 256 256 256 257 257 257 257 258 258 258 258 259 259 259 259 260 260 260 260 261 261 261 261 262 262 262 262 263 263 263 263 264 264 264 264 265 265 265 265 266 266 266 266 267 267 267 267 268 268 268 268 269 269 269 269 270 270 270 270 271 271 271 271 272 272 272 272 273 273 273 273 274 274 274 274 275 275 275 275 276 276 276 276 277 277 277 277 278 278 278 278 279 279 279 279 280 280 280 280 281 281 281 281 282 282 282 282 283 283 283 283 284 284 284 284 285 285 285 285 286 286 286 286 287 287 287 287 288 288 288 288 289 289 289 289 290 290 290 290 291 291 291 291 292 292 292 292 293 293 293 293 294 294 294 294 295 295 295 295 296 296 296 296 297 297 297 297 298 298 298 298 299 299 299 299 300 300 300 300 301 301 301 301 302 302 302 302 303 303 303 303 304 304 304 304 305 305 305 305 306 306 306 306 307 307 307 307 308 308 308 308 309 309 309 309 310 310 310 310 311 311 311 311 312 312 312 312 313 313 313 313 314 314 314 314 315 315 315 315 316 316 316 316 317 317 317 317 318 318 318 318 319 319 319 319 320 320 320 320 321 321 321 321 322 322 322 322 323 323 323 323 324 324 324 324 325 325 325 325 326 326 326 326 327 327 327 327 328 328 328 328 329 329 329 329 330 330 330 330 331 331 331 331 332 332 332 332 333 333 333 333 334 334 334 334 335 335 335 335 336 336 336 336 337 337 337 337 338 338 338 338 339 339 339 339 340 340 340 340 341 341 341 341 342 342 342 342 343 343 343 343 344 344 344 344 345 345 345 345 346 346 346 346 347 347 347 347 348 348 348 348 349 349 349 349 350 350 350 350 351 351 351 351 352 352 352 352 353 353 353 353 354 354 354 354 355 355 355 355 356 356 356 356 357 357 357 357 358 358 358 358 359 359 359 359 360 360 360 360 361 361 361 361 362 362 362 362 363 363 363 363 364 364 364 364 365 365 365 365 366 366 366 366 367 367 367 367 368 368 368 368 369 369 369 369 370 370 370 370 371 371 371 371 372 372 372 372 373 373 373 373 374 374 374 374 375 375 375 375 376 376 376 376 377 377 377 377 378 378 378 378 379 379 379 379 380 380 380 380 381 381 381 381 382 382 382 382 383 383 383 383 384 384 384 384 385 385 385 385 386 386 386 386 387 387 387 387 388 388 388 388 389 389 389 389 390 390 390 390 391 391 391 391 392 392 392 392 393 393 393 393 394 394 394 394 395 395 395 395 396 396 396 396 397 397 397 397 398 398 398 398 399 399 399 399 400 400 400 400 401 401 401 401 402 402 402 402 403 403 403 403 404 404 404 404 405 405 405 405 406 406 406 406 407 407 407 407 408 408 408 408 409 409 409 409 410 410 410 410 411 411 411 411 412 412 412 412 413 413 413 413 414 414 414 414 415 415 415 415 416 416 416 416 417 417 417 417 418 418 418 418 419 419 419 419 420 420 420 420 421 421 421 421 422 422 422 422 423 423 423 423 424 424 424 424 425 425 425 425 426 426 426 426 427 427 427 427 428 428 428 428 429 429 429 429 430 430 430 430 431 431 431 431 432 432 432 432 433 433 433 433 434 434 434 434 435 435 435 435 436 436 436 436 437 437 437 437 438 438 438 438 439 439 439 439 440 440 440 440 441 441 441 441 442 442 442 442 443 443 443 443 444 444 444 444 445 445 445 445 446 446 446 446 447 447 447 447 448 448 448 448 449 449 449 449 450 450 450 450 451 451 451 451 452 452 452 452 453 453 453 453 454 454 454 454 455 455 455 455 456 456 456 456 457 457 457 457 458 458 458 458 459 459 459 459 460 460 460 460 461 461 461 461 462 462 462 462 463 463 463 463 464 464 464 464 465 465 465 465 466 466 466 466 467 467 467 467 468 468 468 468 469 469 469 469 470 470 470 470 471 471 471 471 472 472 472 472 473 473 473 473 474 474 474 474 475 475 475 475 476 476 476 476 477 477 477 477 478 478 478 478 479 479 479 479 480 480 480 480 481 481 481 481 482 482 482 482 483 483 483 483 484 484 484 484 485 485 485 485 486 486 486 486 487 487 487 487 488 488 488 488 489 489 489 489 490 490 490 490 491 491 491 491 492 492 492 492 493 493 493 493 494 494 494 494 495 495 495 495 496 496 496 496 497 497 497 497 498 498 498 498 499 499 499 499 500 500 500 500 501 501 501 501 502 502 502 502 503 503 503 503 504 504 504 504 505 505 505 505 506 506 506 506 507 507 507 507 508 508 508 508 509 509 509 509 510 510 510 510 511 511 511 511 512 512 512 512 513 513 513 513 514 514 514 514 515 515 515 515 516 516 516 516 517 517 517 517 518 518 518 518 519 519 519 519 520 520 520 520 521 521 521 521 522 522 522 522 523 523 523 523 524 524 524 524 525 525 525 525 526 526 526 526 527 527 527 527 528 528 528 528 529 529 529 529 530 530 530 530 531 531 531 531 532 532 532 532 533 533 533 533 534 534 534 534 535 535 535 535 536 536 536 536 537 537 537 537 538 538 538 538 539 539 539 539 540 540 540 540 541 541 541 541 542 542 542 542 543 543 543 543 544 544 544 544 545 545 545 545 546 546 546 546 547 547 547 547 548 548 548 548 549 549 549 549 550 550 550 550 551 551 551 551 552 552 552 552 553 553 553 553 554 554 554 554 555 555 555 555 556 556 556 556 557 557 557 557 558 558 558 558 559 559 559 559 560 560 560 560 561 561 561 561 562 562 562 562 563 563 563 563 564 564 564 564 565 565 565 565 566 566 566 566 567 567 567 567 568 568 568 568 569 569 569 569 570 570 570 570 571 571 571 571 572 572 572 572 573 573 573 573 574 574 574 574 575 575 575 575 576 576 576 576 577 577 577 577 578 578 578 578 579 579 579 579 580 580 580 580 581 581 581 581 582 582 582 582 583 583 583 583 584 584 584 584 585 585 585 585 586 586 586 586 587 587 587 587 588 588 588 588 589 589 589 589 590 590 590 590 591 591 591 591 592 592 592 592 593 593 593 593 594 594 594 594 595 595 595 595 596 596 596 596 597 597 597 597 598 598 598 598 599 599 599 599 600 600 600 600 601 601 601 601 602 602 602 602 603 603 603 603 604 604 604 604 605 605 605 605 606 606 606 606 607 607 607 607 608 608 608 608 609 609 609 609 610 610 610 610 611 611 611 611 612 612 612 612 613 613 613 613 614 614 614 614 615 615 615 615 616 616 616 616 617 617 617 617 618 618 618 618 619 619 619 619 620 620 620 620 621 621 621 621 622 622 622 622 623 623 623 623 624 624 624 624 625 625 625 625 626 626 626 626 627 627 627 627 628 628 628 628 629 629 629 629 630 630 630 630 631 631 631 631 632 632 632 632 633 633 633 633 634 634 634 634 635 635 635 635 636 636 636 636 637 637 637 637 638 638 638 638 639 639 639 639 640 640 640 640 641 641 641 641 642 642 642 642 643 643 643 643 644 644 644 644 645 645 645 645 646 646 646 646 647 647 647 647 648 648 648 648 649 649 649 649 650 650 650 650 651 651 651 651 652 652 652 652 653 653 653 653 654 654 654 654 655 655 655 655 656 656 656 656 657 657 657 657 658 658 658 658 659 659 659 659 660 660 660 660 661 661 661 661 662 662 662 662 663 663 663 663 664 664 664 664 665 665 665 665 666 666 666 666 667 667 667 667 668 668 668 668 669 669 669 669 670 670 670 670 671 671 671 671 672 672 672 672 673 673 673 673 674 674 674 674 675 675 675 675 676 676 676 676 677 677 677 677 678 678 678 678 679 679 679 679 680 680 680 680 681 681 681 681 682 682 682 682 683 683 683 683 684 684 684 684 685 685 685 685 686 686 686 686 687 687 687 687 688 688 688 688 689 689 689 689 690 690 690 690 691 691 691 691 692 692 692 692 693 693 693 693 694 694 694 694 695 695 695 695 696 696 696 696 697 697 697 697 698 698 698 698 699 699 699 699 700 700 700 700 701 701 701 701 702 702 702 702 703 703 703 703 704 704 704 704 705 705 705 705 706 706 706 706 707 707 707 707 708 708 708 708 709 709 709 709 710 710 710 710 711 711 711 711 712 712 712 712 713 713 713 713 714 714 714 714 715 715 715 715 716 716 716 716 717 717 717 717 718 718 718 718 719 719 719 719 720 720 720 720 721 721 721 721 722 722 722 722 723 723 723 723 724 724 724 724 725 725 725 725 726 726 726 726 727 727 727 727 728 728 728 728 729 729 729 729 730 730 730 730 731 731 731 731 732 732 732 732 733 733 733 733 734 734 734 734 735 735 735 735 736 736 736 736 737 737 737 737 738 738 738 738 739 739 739 739 740 740 740 740 741 741 741 741 742 742 742 742 743 743 743 743 744 744 744 744 745 745 745 745 746 746 746 746 747 747 747 747 748 748 748 748 749 749 749 749 750 750 750 750 751 751 751 751 752 752 752 752 753 753 753 753 754 754 754 754 755 755 755 755 756 756 756 756 757 757 757 757 758 758 758 758 759 759 759 759 760 760 760 760 761 761 761 761 762 762 762 762 763 763 763 763 764 764 764 764 765 765 765 765 766 766 766 766 767 767 767 767 768 768 768 768 769 769 769 769 770 770 770 770 771 771 771 771 772 772 772 772 773 773 773 773 774 774 774 774 775 775 775 775 776 776 776 776 777 777 777 777 778 778 778 778 779 779 779 779 780 780 780 780 781 781 781 781 782 782 782 782 783 783 783 783 784 784 784 784 785 785 785 785 786 786 786 786 787 787 787 787 788 788 788 788 789 789 789 789 790 790 790 790 791 791 791 791 792 792 792 792 793 793 793 793 794 794 794 794 795 795 795 795 796 796 796 796 797 797 797 797 798 798 798 798 799 799 799 799 800 800 800 800 801 801 801 801 802 802 802 802 803 803 803 803 804 804 804 804 805 805 805 805 806 806 806 806 807 807 807 807 808 808 808 808 809 809 809 809 810 810 810 810 811 811 811 811 812 812 812 812 813 813 813 813 814 814 814 814 815 815 815 815 816 816 816 816 817 817 817 817 818 818 818 818 819 819 819 819 820 820 820 820 821 821 821 821 822 822 822 822 823 823 823 823 824 824 824 824 825 825 825 825 826 826 826 826 827 827 827 827 828 828 828 828 829 829 829 829 830 830 830 830 831 831 831 831 832 832 832 832 833 833 833 833 834 834 834 834 835 835 835 835 836 836 836 836 837 837 837 837 838 838 838 838 839 839 839 839 840 840 840 840 841 841 841 841 842 842 842 842 843 843 843 843 844 844 844 844 845 845 845 845 846 846 846 846 847 847 847 847 848 848 848 848 849 849 849 849 850 850 850 850 851 851 851 851 852 852 852 852 853 853 853 853 854 854 854 854 855 855 855 855 856 856 856 856 857 857 857 857 858 858 858 858 859 859 859 859 860 860 860 860 861 861 861 861 862 862 862 862 863 863 863 863 864 864 864 864 865 865 865 865 866 866 866 866 867 867 867 867 868 868 868 868 869 869 869 869 870 870 870 870 871 871 871 871 872 872 872 872 873 873 873 873 874 874 874 874 875 875 875 875 876 876 876 876 877 877 877 877 878 878 878 878 879 879 879 879 880 880 880 880 881 881 881 881 882 882 882 882 883 883 883 883 884 884 884 884 885 885 885 885 886 886 886 886 887 887 887 887 888 888 888 888 889 889 889 889 890 890 890 890 891 891 891 891 892 892 892 892 893 893 893 893 894 894 894 894 895 895 895 895 896 896 896 896 897 897 897 897 898 898 898 898 899 899 899 899 900 900 900 900 901 901 901 901 902 902 902 902 903 903 903 903 904 904 904 904 905 905 905 905 906 906 906 906 907 907 907 907 908 908 908 908 909 909 909 909 910 910 910 910 911 911 911 911 912 912 912 912 913 913 913 913 914 914 914 914 915 915 915 915 916 916 916 916 917 917 917 917 918 918 918 918 919 919 919 919 920 920 920 920 921 921 921 921 922 922 922 922 923 923 923 923 924 924 924 924 925 925 925 925 926 926 926 926 927 927 927 927 928 928 928 928 929 929 929 929 930 930 930 930 931 931 931 931 932 932 932 932 933 933 933 933 934 934 934 934 935 935 935 935 936 936 936 936 937 937 937 937 938 938 938 938 939 939 939 939 940 940 940 940 941 941 941 941 942 942 942 942 943 943 943 943 944 944 944 944 945 945 945 945 946 946 946 946 947 947 947 947 948 948 948 948 949 949 949 949 950 950 950 950 951 951 951 951 952 952 952 952 953 953 953 953 954 954 954 954 955 955 955 955 956 956 956 956 957 957 957 957 958 958 958 958 959 959 959 959 960 960 960 960 961 961 961 961 962 962 962 962 963 963 963 963 964 964 964 964 965 965 965 965 966 966 966 966 967 967 967 967 968 968 968 968 969 969 969 969 970 970 970 970 971 971 971 971 972 972 972 972 973 973 973 973 974 974 974 974 975 975 975 975 976 976 976 976 977 977 977 977 978 978 978 978 979 979 979 979 980 980 980 980 981 981 981 981 982 982 982 982 983 983 983 983 984 984 984 984 985 985 985 985 986 986 986 986 987 987 987 987 988 988 988 988 989 989 989 989 990 990 990 990 991 991 991 991 992 992 992 992 993 993 993 993 994 994 994 994 995 995 995 995 996 996 996 996 997 997 997 997 998 998 998 998 999 999 999 999 1000 1000 1000 1000 1001 1001 1001 1001 1002 1002 1002 1002 1003 1003 1003 1003 1004 1004 1004 1004 1005 1005 1005 1005 1006 1006 1006 1006 1007 1007 1007 1007 1008 1008 1008 1008 1009 1009 1009 1009 1010 1010 1010 1010 1011 1011 1011 1011 1012 1012 1012 1012 1013 1013 1013 1013 1014 1014 1014 1014 1015 1015 1015 1015 1016 1016 1016 1016 1017 1017 1017 1017 1018 1018 1018 1018 1019 1019 1019 1019 1020 1020 1020 1020 1021 1021 1021 1021 1022 1022 1022 1022 1023 1023 1023 1023 1024 1024 1024 1024 1025 1025 1025 1025 1026 1026 1026 1026 1027 1027 1027 1027 1028 1028 1028 1028 1029 1029 1029 1029 1030 1030 1030 1030 1031 1031 1031 1031 1032 1032 1032 1032 1033 1033 1033 1033 1034 1034 1034 1034 1035 1035 1035 1035 1036 1036 1036 1036 1037 1037 1037 1037 1038 1038 1038 1038 1039 1039 1039 1039 1040 1040 1040 1040 1041 1041 1041 1041 1042 1042 1042 1042 1043 1043 1043 1043 1044 1044 1044 1044 1045 1045 1045 1045 1046 1046 1046 1046 1047 1047 1047 1047 1048 1048 1048 1048 1049 1049 1049 1049 1050 1050 1050 1050 1051 1051 1051 1051 1052 1052 1052 1052 1053 1053 1053 1053 1054 1054 1054 1054 1055 1055 1055 1055 1056 1056 1056 1056 1057 1057 1057 1057 1058 1058 1058 1058 1059 1059 1059 1059 1060 1060 1060 1060 1061 1061 1061 1061 1062 1062 1062 1062 1063 1063 1063 1063 1064 1064 1064 1064 1065 1065 1065 1065 1066 1066 1066 1066 1067 1067 1067 1067 1068 1068 1068 1068 1069 1069 1069 1069 1070 1070 1070 1070 1071 1071 1071 1071 1072 1072 1072 1072 1073 1073 1073 1073 1074 1074 1074 1074 1075 1075 1075 1075 1076 1076 1076 1076 1077 1077 1077 1077 1078 1078 1078 1078 1079 1079 1079 1079 1080 1080 1080 1080 1081 1081 1081 1081 1082 1082 1082 1082 1083 1083 1083 1083 1084 1084 1084 1084 1085 1085 1085 1085 1086 1086 1086 1086 1087 1087 1087 1087 1088 1088 1088 1088 1089 1089 1089 1089 1090 1090 1090 1090 1091 1091 1091 1091 1092 1092 1092 1092 1093 1093 1093 1093 1094 1094 1094 1094 1095 1095 1095 1095 1096 1096 1096 1096 1097 1097 1097 1097 1098 1098 1098 1098 1099 1099 1099 1099 1100 1100 1100 1100 1101 1101 1101 1101 1102 1102 1102 1102 1103 1103 1103 1103 1104 1104 1104 1104 1105 1105 1105 1105 1106 1106 1106 1106 1107 1107 1107 1107 1108 1108 1108 1108 1109 1109 1109 1109 1110 1110 1110 1110 1111 1111 1111 1111 1112 1112 1112 1112 1113 1113 1113 1113 1114 1114 1114 1114 1115 1115 1115 1115 1116 1116 1116 1116 1117 1117 1117 1117 1118 1118 1118 1118 1119 1119 1119 1119 1120 1120 1120 1120 1121 1121 1121 1121 1122 1122 1122 1122 1123 1123 1123 1123 1124 1124 1124 1124 1125 1125 1125 1125 1126 1126 1126 1126 1127 1127 1127 1127 1128 1128 1128 1128 1129 1129 1129 1129 1130 1130 1130 1130 1131 1131 1131 1131 1132 1132 1132 1132 1133 1133 1133 1133 1134 1134 1134 1134 1135 1135 1135 1135 1136 1136 1136 1136 1137 1137 1137 1137 1138 1138 1138 1138 1139 1139 1139 1139 1140 1140 1140 1140 1141 1141 1141 1141 1142 1142 1142 1142 1143 1143 1143 1143 1144 1144 1144 1144 1145 1145 1145 1145 1146 1146 1146 1146 1147 1147 1147 1147 1148 1148 1148 1148 1149 1149 1149 1149 1150 1150 1150 1150 1151 1151 1151 1151 1152 1152 1152 1152 1153 1153 1153 1153 1154 1154 1154 1154 1155 1155 1155 1155 1156 1156 1156 1156 1157 1157 1157 1157 1158 1158 1158 1158 1159 1159 1159 1159 1160 1160 1160 1160 1161 1161 1161 1161 1162 1162 1162 1162 1163 1163 1163 1163 1164 1164 1164 1164 1165 1165 1165 1165 1166 1166 1166 1166 1167 1167 1167 1167 1168 1168 1168 1168 1169 1169 1169 1169 1170 1170 1170 1170 1171 1171 1171 1171 1172 1172 1172 1172 1173 1173 1173 1173 1174 1174 1174 1174 1175 1175 1175 1175 1176 1176 1176 1176 1177 1177 1177 1177 1178 1178 1178 1178 1179 1179 1179 1179 1180 1180 1180 1180 1181 1181 1181 1181 1182 1182 1182 1182 1183 1183 1183 1183 1184 1184 1184 1184 1185 1185 1185 1185 1186 1186 1186 1186 1187 1187 1187 1187 1188 1188 1188 1188 1189 1189 1189 1189 1190 1190 1190 1190 1191 1191 1191 1191 1192 1192 1192 1192 1193 1193 1193 1193 1194 1194 1194 1194 1195 1195 1195 1195 1196 1196 1196 1196 1197 1197 1197 1197 1198 1198 1198 1198 1199 1199 1199 1199 1200 1200 1200 1200 1201 1201 1201 1201 1202 1202 1202 1202 1203 1203 1203 1203 1204 1204 1204 1204 1205 1205 1205 1205 1206 1206 1206 1206 1207 1207 1207 1207 1208 1208 1208 1208 1209 1209 1209 1209 1210 1210 1210 1210 1211 1211 1211 1211 1212 1212 1212 1212 1213 1213 1213 1213 1214 1214 1214 1214 1215 1215 1215 1215 1216 1216 1216 1216 1217 1217 1217 1217 1218 1218 1218 1218 1219 1219 1219 1219 1220 1220 1220 1220 1221 1221 1221 1221 1222 1222 1222 1222 1223 1223 1223 1223 1224 1224 1224 1224 1225 1225 1225 1225 1226 1226 1226 1226 1227 1227 1227 1227 1228 1228 1228 1228 1229 1229 1229 1229 1230 1230 1230 1230 1231 1231 1231 1231 1232 1232 1232 1232 1233 1233 1233 1233 1234 1234 1234 1234 1235 1235 1235 1235 1236 1236 1236 1236 1237 1237 1237 1237 1238 1238 1238 1238 1239 1239 1239 1239 1240 1240 1240 1240 1241 1241 1241 1241 1242 1242 1242 1242 1243 1243 1243 1243 1244 1244 1244 1244 1245 1245 1245 1245 1246 1246 1246 1246 1247 1247 1247 1247 1248 1248 1248 1248 1249 1249 1249 1249 1250 1250 1250 1250 1251 1251 1251 1251 1252 1252 1252 1252 1253 1253 1253 1253 1254 1254 1254 1254 1255 1255 1255 1255 1256 1256 1256 1256 1257 1257 1257 1257 1258 1258 1258 1258 1259 1259 1259 1259 1260 1260 1260 1260 1261 1261 1261 1261 1262 1262 1262 1262 1263 1263 1263 1263 1264 1264 1264 1264 1265 1265 1265 1265 1266 1266 1266 1266 1267 1267 1267 1267 1268 1268 1268 1268 1269 1269 1269 1269 1270 1270 1270 1270 1271 1271 1271 1271 1272 1272 1272 1272 1273 1273 1273 1273 1274 1274 1274 1274 1275 1275 1275 1275 1276 1276 1276 1276 1277 1277 1277 1277 1278 1278 1278 1278 1279 1279 1279 1279 1280 1280 1280 1280 1281 1281 1281 1281 1282 1282 1282 1282 1283 1283 1283 1283 1284 1284 1284 1284 1285 1285 1285 1285 1286 1286 1286 1286 1287 1287 1287 1287 1288 1288 1288 1288 1289 1289 1289 1289 1290 1290 1290 1290 1291 1291 1291 1291 1292 1292 1292 1292 1293 1293 1293 1293 1294 1294 1294 1294 1295 1295 1295 1295 1296 1296 1296 1296 1297 1297 1297 1297 1298 1298 1298 1298 1299 1299 1299 1299 1300 1300 1300 1300 1301 1301 1301 1301 1302 1302 1302 1302 1303 1303 1303 1303 1304 1304 1304 1304 1305 1305 1305 1305 1306 1306 1306 1306 1307 1307 1307 1307 1308 1308 1308 1308 1309 1309 1309 1309 1310 1310 1310 1310 1311 1311 1311 1311 1312 1312 1312 1312 1313 1313 1313 1313 1314 1314 1314 1314 1315 1315 1315 1315 1316 1316 1316 1316 1317 1317 1317 1317 1318 1318 1318 1318 1319 1319 1319 1319 1320 1320 1320 1320 1321 1321 1321 1321 1322 1322 1322 1322 1323 1323 1323 1323 1324 1324 1324 1324 1325 1325 1325 1325 1326 1326 1326 1326 1327 1327 1327 1327 1328 1328 1328 1328 1329 1329 1329 1329 1330 1330 1330 1330 1331 1331 1331 1331 1332 1332 1332 1332 1333 1333 1333 1333 1334 1334 1334 1334 1335 1335 1335 1335 1336 1336 1336 1336 1337 1337 1337 1337 1338 1338 1338 1338 1339 1339 1339 1339 1340 1340 1340 1340 1341 1341 1341 1341 1342 1342 1342 1342 1343 1343 1343 1343 1344 1344 1344 1344 1345 1345 1345 1345 1346 1346 1346 1346 1347 1347 1347 1347 1348 1348 1348 1348 1349 1349 1349 1349 1350 1350 1350 1350 1351 1351 1351 1351 1352 1352 1352 1352 1353 1353 1353 1353 1354 1354 1354 1354 1355 1355 1355 1355 1356 1356 1356 1356 1357 1357 1357 1357 1358 1358 1358 1358 1359 1359 1359 1359 1360 1360 1360 1360 1361 1361 1361 1361 1362 1362 1362 1362 1363 1363 1363 1363 1364 1364 1364 1364 1365 1365 1365 1365 1366 1366 1366 1366 1367 1367 1367 1367 1368 1368 1368 1368 1369 1369 1369 1369 1370 1370 1370 1370 1371 1371 1371 1371 1372 1372 1372 1372 1373 1373 1373 1373 1374 1374 1374 1374 1375 1375 1375 1375 1376 1376 1376 1376 1377 1377 1377 1377 1378 1378 1378 1378 1379 1379 1379 1379 1380 1380 1380 1380 1381 1381 1381 1381 1382 1382 1382 1382 1383 1383 1383 1383 1384 1384 1384 1384 1385 1385 1385 1385 1386 1386 1386 1386 1387 1387 1387 1387 1388 1388 1388 1388 1389 1389 1389 1389 1390 1390 1390 1390 1391 1391 1391 1391 1392 1392 1392 1392 1393 1393 1393 1393 1394 1394 1394 1394 1395 1395 1395 1395 1396 1396 1396 1396 1397 1397 1397 1397 1398 1398 1398 1398 1399 1399 1399 1399 1400 1400 1400 1400 1401 1401 1401 1401 1402 1402 1402 1402 1403 1403 1403 1403 1404 1404 1404 1404 1405 1405 1405 1405 1406 1406 1406 1406 1407 1407 1407 1407 1408 1408 1408 1408 1409 1409 1409 1409 1410 1410 1410 1410 1411 1411 1411 1411 1412 1412 1412 1412 1413 1413 1413 1413 1414 1414 1414 1414 1415 1415 1415 1415 1416 1416 1416 1416 1417 1417 1417 1417 1418 1418 1418 1418 1419 1419 1419 1419 1420 1420 1420 1420 1421 1421 1421 1421 1422 1422 1422 1422 1423 1423 1423 1423 1424 1424 1424 1424 1425 1425 1425 1425 1426 1426 1426 1426 1427 1427 1427 1427 1428 1428 1428 1428 1429 1429 1429 1429 1430 1430 1430 1430 1431 1431 1431 1431 1432 1432 1432 1432 1433 1433 1433 1433 1434 1434 1434 1434 1435 1435 1435 1435 1436 1436 1436 1436 1437 1437 1437 1437 1438 1438 1438 1438 1439 1439 1439 1439 1440 1440 1440 1440 1441 1441 1441 1441 1442 1442 1442 1442 1443 1443 1443 1443 1444 1444 1444 1444 1445 1445 1445 1445 1446 1446 1446 1446 1447 1447 1447 1447 1448 1448 1448 1448 1449 1449 1449 1449 1450 1450 1450 1450 1451 1451 1451 1451 1452 1452 1452 1452 1453 1453 1453 1453 1454 1454 1454 1454 1455 1455 1455 1455 1456 1456 1456 1456 1457 1457 1457 1457 1458 1458 1458 1458 1459 1459 1459 1459 1460 1460 1460 1460 1461 1461 1461 1461 1462 1462 1462 1462 1463 1463 1463 1463 1464 1464 1464 1464 1465 1465 1465 1465 1466 1466 1466 1466 1467 1467 1467 1467 1468 1468 1468 1468 1469 1469 1469 1469 1470 1470 1470 1470 1471 1471 1471 1471 1472 1472 1472 1472 1473 1473 1473 1473 1474 1474 1474 1474 1475 1475 1475 1475 1476 1476 1476 1476 1477 1477 1477 1477 1478 1478 1478 1478 1479 1479 1479 1479 1480 1480 1480 1480 1481 1481 1481 1481 1482 1482 1482 1482 1483 1483 1483 1483 1484 1484 1484 1484 1485 1485 1485 1485 1486 1486 1486 1486 1487 1487 1487 1487 1488 1488 1488 1488 1489 1489 1489 1489 1490 1490 1490 1490 1491 1491 1491 1491 1492 1492 1492 1492 1493 1493 1493 1493 1494 1494 1494 1494 1495 1495 1495 1495 1496 1496 1496 1496 1497 1497 1497 1497 1498 1498 1498 1498 1499 1499 1499 1499 1500 1500 1500 1500 1501 1501 1501 1501 1502 1502 1502 1502 1503 1503 1503 1503 1504 1504 1504 1504 1505 1505 1505 1505 1506 1506 1506 1506 1507 1507 1507 1507 1508 1508 1508 1508 1509 1509 1509 1509 1510 1510 1510 1510 1511 1511 1511 1511 1512 1512 1512 1512 1513 1513 1513 1513 1514 1514 1514 1514 1515 1515 1515 1515 1516 1516 1516 1516 1517 1517 1517 1517 1518 1518 1518 1518 1519 1519 1519 1519 1520 1520 1520 1520 1521 1521 1521 1521 1522 1522 1522 1522 1523 1523 1523 1523 1524 1524 1524 1524 1525 1525 1525 1525 1526 1526 1526 1526 1527 1527 1527 1527 1528 1528 1528 1528 1529 1529 1529 1529 1530 1530 1530 1530 1531 1531 1531 1531 1532 1532 1532 1532 1533 1533 1533 1533 1534 1534 1534 1534 1535 1535 1535 1535 1536 1536 1536 1536 1537 1537 1537 1537 1538 1538 1538 1538 1539 1539 1539 1539 1540 1540 1540 1540 1541 1541 1541 1541 1542 1542 1542 1542 1543 1543 1543 1543 1544 1544 1544 1544 1545 1545 1545 1545 1546 1546 1546 1546 1547 1547 1547 1547 1548 1548 1548 1548 1549 1549 1549 1549 1550 1550 1550 1550 1551 1551 1551 1551 1552 1552 1552 1552 1553 1553 1553 1553 1554 1554 1554 1554 1555 1555 1555 1555 1556 1556 1556 1556 1557 1557 1557 1557 1558 1558 1558 1558 1559 1559 1559 1559 1560 1560 1560 1560 1561 1561 1561 1561 1562 1562 1562 1562 1563 1563 1563 1563 1564 1564 1564 1564 1565 1565 1565 1565 1566 1566 1566 1566 1567 1567 1567 1567 1568 1568 1568 1568 1569 1569 1569 1569 1570 1570 1570 1570 1571 1571 1571 1571 1572 1572 1572 1572 1573 1573 1573 1573 1574 1574 1574 1574 1575 1575 1575 1575 1576 1576 1576 1576 1577 1577 1577 1577 1578 1578 1578 1578 1579 1579 1579 1579 1580 1580 1580 1580 1581 1581 1581 1581 1582 1582 1582 1582 1583 1583 1583 1583 1584 1584 1584 1584 1585 1585 1585 1585 1586 1586 1586 1586 1587 1587 1587 1587 1588 1588 1588 1588 1589 1589 1589 1589 1590 1590 1590 1590 1591 1591 1591 1591 1592 1592 1592 1592 1593 1593 1593 1593 1594 1594 1594 1594 1595 1595 1595 1595 1596 1596 1596 1596 1597 1597 1597 1597 1598 1598 1598 1598 1599 1599 1599 1599 1600 1600 1600 1600 1601 1601 1601 1601 1602 1602 1602 1602 1603 1603 1603 1603 1604 1604 1604 1604 1605 1605 1605 1605 1606 1606 1606 1606 1607 1607 1607 1607 1608 1608 1608 1608 1609 1609 1609 1609 1610 1610 1610 1610 1611 1611 1611 1611 1612 1612 1612 1612 1613 1613 1613 1613 1614 1614 1614 1614 1615 1615 1615 1615 1616 1616 1616 1616 1617 1617 1617 1617 1618 1618 1618 1618 1619 1619 1619 1619 1620 1620 1620 1620 1621 1621 1621 1621 1622 1622 1622 1622 1623 1623 1623 1623 1624 1624 1624 1624 1625 1625 1625 1625 1626 1626 1626 1626 1627 1627 1627 1627 1628 1628 1628 1628 1629 1629 1629 1629 1630 1630 1630 1630 1631 1631 1631 1631 1632 1632 1632 1632 1633 1633 1633 1633 1634 1634 1634 1634 1635 1635 1635 1635 1636 1636 1636 1636 1637 1637 1637 1637 1638 1638 1638 1638 1639 1639 1639 1639 1640 1640 1640 1640 1641 1641 1641 1641 1642 1642 1642 1642 1643 1643 1643 1643 1644 1644 1644 1644 1645 1645 1645 1645 1646 1646 1646 1646 1647 1647 1647 1647 1648 1648 1648 1648 1649 1649 1649 1649 1650 1650 1650 1650 1651 1651 1651 1651 1652 1652 1652 1652 1653 1653 1653 1653 1654 1654 1654 1654 1655 1655 1655 1655 1656 1656 1656 1656 1657 1657 1657 1657 1658 1658 1658 1658 1659 1659 1659 1659 1660 1660 1660 1660 1661 1661 1661 1661 1662 1662 1662 1662 1663 1663 1663 1663 1664 1664 1664 1664 1665 1665 1665 1665 1666 1666 1666 1666 1667 1667 1667 1667 1668 1668 1668 1668 1669 1669 1669 1669 1670 1670 1670 1670 1671 1671 1671 1671 1672 1672 1672 1672 1673 1673 1673 1673 1674 1674 1674 1674 1675 1675 1675 1675 1676 1676 1676 1676 1677 1677 1677 1677 1678 1678 1678 1678 1679 1679 1679 1679 1680 1680 1680 1680 1681 1681 1681 1681 1682 1682 1682 1682 1683 1683 1683 1683 1684 1684 1684 1684 1685 1685 1685 1685 1686 1686 1686 1686 1687 1687 1687 1687 1688 1688 1688 1688 1689 1689 1689 1689 1690 1690 1690 1690 1691 1691 1691 1691 1692 1692 1692 1692 1693 1693 1693 1693 1694 1694 1694 1694 1695 1695 1695 1695 1696 1696 1696 1696 1697 1697 1697 1697 1698 1698 1698 1698 1699 1699 1699 1699 1700 1700 1700 1700 1701 1701 1701 1701 1702 1702 1702 1702 1703 1703 1703 1703 1704 1704 1704 1704 1705 1705 1705 1705 1706 1706 1706 1706 1707 1707 1707 1707 1708 1708 1708 1708 1709 1709 1709 1709 1710 1710 1710 1710 1711 1711 1711 1711 1712 1712 1712 1712 1713 1713 1713 1713 1714 1714 1714 1714 1715 1715 1715 1715 1716 1716 1716 1716 1717 1717 1717 1717 1718 1718 1718 1718 1719 1719 1719 1719 1720 1720 1720 1720 1721 1721 1721 1721 1722 1722 1722 1722 1723 1723 1723 1723 1724 1724 1724 1724 1725 1725 1725 1725 1726 1726 1726 1726 1727 1727 1727 1727 1728 1728 1728 1728 1729 1729 1729 1729 1730 1730 1730 1730 1731 1731 1731 1731 1732 1732 1732 1732 1733 1733 1733 1733 1734 1734 1734 1734 1735 1735 1735 1735 1736 1736 1736 1736 1737 1737 1737 1737 1738 1738 1738 1738 1739 1739 1739 1739 1740 1740 1740 1740 1741 1741 1741 1741 1742 1742 1742 1742 1743 1743 1743 1743 1744 1744 1744 1744 1745 1745 1745 1745 1746 1746 1746 1746 1747 1747 1747 1747 1748 1748 1748 1748 1749 1749 1749 1749 1750 1750 1750 1750 1751 1751 1751 1751 1752 1752 1752 1752 1753 1753 1753 1753 1754 1754 1754 1754 1755 1755 1755 1755 1756 1756 1756 1756 1757 1757 1757 1757 1758 1758 1758 1758 1759 1759 1759 1759 1760 1760 1760 1760 1761 1761 1761 1761 1762 1762 1762 1762 1763 1763 1763 1763 1764 1764 1764 1764 1765 1765 1765 1765 1766 1766 1766 1766 1767 1767 1767 1767 1768 1768 1768 1768 1769 1769 1769 1769 1770 1770 1770 1770 1771 1771 1771 1771 1772 1772 1772 1772 1773 1773 1773 1773 1774 1774 1774 1774 1775 1775 1775 1775 1776 1776 1776 1776 1777 1777 1777 1777 1778 1778 1778 1778 1779 1779 1779 1779 1780 1780 1780 1780 1781 1781 1781 1781 1782 1782 1782 1782 1783 1783 1783 1783 1784 1784 1784 1784 1785 1785 1785 1785 1786 1786 1786 1786 1787 1787 1787 1787 1788 1788 1788 1788 1789 1789 1789 1789 1790 1790 1790 1790 1791 1791 1791 1791 1792 1792 1792 1792 1793 1793 1793 1793 1794 1794 1794 1794 1795 1795 1795 1795 1796 1796 1796 1796 1797 1797 1797 1797 1798 1798 1798 1798 1799 1799 1799 1799 1800 1800 1800 1800 1801 1801 1801 1801 1802 1802 1802 1802 1803 1803 1803 1803 1804 1804 1804 1804 1805 1805 1805 1805 1806 1806 1806 1806 1807 1807 1807 1807 1808 1808 1808 1808 1809 1809 1809 1809 1810 1810 1810 1810 1811 1811 1811 1811 1812 1812 1812 1812 1813 1813 1813 1813 1814 1814 1814 1814 1815 1815 1815 1815 1816 1816 1816 1816 1817 1817 1817 1817 1818 1818 1818 1818 1819 1819 1819 1819 1820 1820 1820 1820 1821 1821 1821 1821 1822 1822 1822 1822 1823 1823 1823 1823 1824 1824 1824 1824 1825 1825 1825 1825 1826 1826 1826 1826 1827 1827 1827 1827 1828 1828 1828 1828 1829 1829 1829 1829 1830 1830 1830 1830 1831 1831 1831 1831 1832 1832 1832 1832 1833 1833 1833 1833 1834 1834 1834 1834 1835 1835 1835 1835 1836 1836 1836 1836 1837 1837 1837 1837 1838 1838 1838 1838 1839 1839 1839 1839 1840 1840 1840 1840 1841 1841 1841 1841 1842 1842 1842 1842 1843 1843 1843 1843 1844 1844 1844 1844 1845 1845 1845 1845 1846 1846 1846 1846 1847 1847 1847 1847 1848 1848 1848 1848 1849 1849 1849 1849 1850 1850 1850 1850 1851 1851 1851 1851 1852 1852 1852 1852 1853 1853 1853 1853 1854 1854 1854 1854 1855 1855 1855 1855 1856 1856 1856 1856 1857 1857 1857 1857 1858 1858 1858 1858 1859 1859 1859 1859 1860 1860 1860 1860 1861 1861 1861 1861 1862 1862 1862 1862 1863 1863 1863 1863 1864 1864 1864 1864 1865 1865 1865 1865 1866 1866 1866 1866 1867 1867 1867 1867 1868 1868 1868 1868 1869 1869 1869 1869 1870 1870 1870 1870 1871 1871 1871 1871 1872 1872 1872 1872 1873 1873 1873 1873 1874 1874 1874 1874 1875 1875 1875 1875 1876 1876 1876 1876 1877 1877 1877 1877 1878 1878 1878 1878 1879 1879 1879 1879 1880 1880 1880 1880 1881 1881 1881 1881 1882 1882 1882 1882 1883 1883 1883 1883 1884 1884 1884 1884 1885 1885 1885 1885 1886 1886 1886 1886 1887 1887 1887 1887 1888 1888 1888 1888 1889 1889 1889 1889 1890 1890 1890 1890 1891 1891 1891 1891 1892 1892 1892 1892 1893 1893 1893 1893 1894 1894 1894 1894 1895 1895 1895 1895 1896 1896 1896 1896 1897 1897 1897 1897 1898 1898 1898 1898 1899 1899 1899 1899 1900 1900 1900 1900 1901 1901 1901 1901 1902 1902 1902 1902 1903 1903 1903 1903 1904 1904 1904 1904 1905 1905 1905 1905 1906 1906 1906 1906 1907 1907 1907 1907 1908 1908 1908 1908 1909 1909 1909 1909 1910 1910 1910 1910 1911 1911 1911 1911 1912 1912 1912 1912 1913 1913 1913 1913 1914 1914 1914 1914 1915 1915 1915 1915 1916 1916 1916 1916 1917 1917 1917 1917 1918 1918 1918 1918 1919 1919 1919 1919 1920 1920 1920 1920 1921 1921 1921 1921 1922 1922 1922 1922 1923 1923 1923 1923 1924 1924 1924 1924 1925 1925 1925 1925 1926 1926 1926 1926 1927 1927 1927 1927 1928 1928 1928 1928 1929 1929 1929 1929 1930 1930 1930 1930 1931 1931 1931 1931 1932 1932 1932 1932 1933 1933 1933 1933 1934 1934 1934 1934 1935 1935 1935 1935 1936 1936 1936 1936 1937 1937 1937 1937 1938 1938 1938 1938 1939 1939 1939 1939 1940 1940 1940 1940 1941 1941 1941 1941 1942 1942 1942 1942 1943 1943 1943 1943 1944 1944 1944 1944 1945 1945 1945 1945 1946 1946 1946 1946 1947 1947 1947 1947 1948 1948 1948 1948 1949 1949 1949 1949 1950 1950 1950 1950 1951 1951 1951 1951 1952 1952 1952 1952 1953 1953 1953 1953 1954 1954 1954 1954 1955 1955 1955 1955 1956 1956 1956 1956 1957 1957 1957 1957 1958 1958 1958 1958 1959 1959 1959 1959 1960 1960 1960 1960 1961 1961 1961 1961 1962 1962 1962 1962 1963 1963 1963 1963 1964 1964 1964 1964 1965 1965 1965 1965 1966 1966 1966 1966 1967 1967 1967 1967 1968 1968 1968 1968 1969 1969 1969 1969 1970 1970 1970 1970 1971 1971 1971 1971 1972 1972 1972 1972 1973 1973 1973 1973 1974 1974 1974 1974 1975 1975 1975 1975 1976 1976 1976 1976 1977 1977 1977 1977 1978 1978 1978 1978 1979 1979 1979 1979 1980 1980 1980 1980 1981 1981 1981 1981 1982 1982 1982 1982 1983 1983 1983 1983 1984 1984 1984 1984 1985 1985 1985 1985 1986 1986 1986 1986 1987 1987 1987 1987 1988 1988 1988 1988 1989 1989 1989 1989 1990 1990 1990 1990 1991 1991 1991 1991 1992 1992 1992 1992 1993 1993 1993 1993 1994 1994 1994 1994 1995 1995 1995 1995 1996 1996 1996 1996 1997 1997 1997 1997 1998 1998 1998 1998 1999 1999 1999 1999 2000 2000 2000 2000 2001 2001 2001 2001 2002 2002 2002 2002 2003 2003 2003 2003 2004 2004 2004 2004 2005 2005 2005 2005 2006 2006 2006 2006 2007 2007 2007 2007 2008 2008 2008 2008 2009 2009 2009 2009 2010 2010 2010 2010 2011 2011 2011 2011 2012 2012 2012 2012 2013 2013 2013 2013 2014 2014 2014 2014 2015 2015 2015 2015 2016 2016 2016 2016 2017 2017 2017 2017 2018 2018 2018 2018 2019 2019 2019 2019 2020 2020 2020 2020 2021 2021 2021 2021 2022 2022 2022 2022 2023 2023 2023 2023 2024 2024 2024 2024 2025 2025 2025 2025 2026 2026 2026 2026 2027 2027 2027 2027 2028 2028 2028 2028 2029 2029 2029 2029 2030 2030 2030 2030 2031 2031 2031 2031 2032 2032 2032 2032 2033 2033 2033 2033 2034 2034 2034 2034 2035 2035 2035 2035 2036 2036 2036 2036 2037 2037 2037 2037 2038 2038 2038 2038 2039 2039 2039 2039 2040 2040 2040 2040 2041 2041 2041 2041 2042 2042 2042 2042 2043 2043 2043 2043 2044 2044 2044 2044 2045 2045 2045 2045 2046 2046 2046 2046 2047 2047 2047 2047 2048 2048 2048 2048 2049 2049 2049 2049 2050 2050 2050 2050 2051 2051 2051 2051 2052 2052 2052 2052 2053 2053 2053 2053 2054 2054 2054 2054 2055 2055 2055 2055 2056 2056 2056 2056 2057 2057 2057 2057 2058 2058 2058 2058 2059 2059 2059 2059 2060 2060 2060 2060 2061 2061 2061 2061 2062 2062 2062 2062 2063 2063 2063 2063 2064 2064 2064 2064 2065 2065 2065 2065 2066 2066 2066 2066 2067 2067 2067 2067 2068 2068 2068 2068 2069 2069 2069 2069 2070 2070 2070 2070 2071 2071 2071 2071 2072 2072 2072 2072 2073 2073 2073 2073 2074 2074 2074 2074 2075 2075 2075 2075 2076 2076 2076 2076 2077 2077 2077 2077 2078 2078 2078 2078 2079 2079 2079 2079 2080 2080 2080 2080 2081 2081 2081 2081 2082 2082 2082 2082 2083 2083 2083 2083 2084 2084 2084 2084 2085 2085 2085 2085 2086 2086 2086 2086 2087 2087 2087 2087 2088 2088 2088 2088 2089 2089 2089 2089 2090 2090 2090 2090 2091 2091 2091 2091 2092 2092 2092 2092 2093 2093 2093 2093 2094 2094 2094 2094 2095 2095 2095 2095 2096 2096 2096 2096 2097 2097 2097 2097 2098 2098 2098 2098 2099 2099 2099 2099 2100 2100 2100 2100 2101 2101 2101 2101 2102 2102 2102 2102 2103 2103 2103 2103 2104 2104 2104 2104 2105 2105 2105 2105 2106 2106 2106 2106 2107 2107 2107 2107 2108 2108 2108 2108 2109 2109 2109 2109 2110 2110 2110 2110 2111 2111 2111 2111 2112 2112 2112 2112 2113 2113 2113 2113 2114 2114 2114 2114 2115 2115 2115 2115 2116 2116 2116 2116 2117 2117 2117 2117 2118 2118 2118 2118 2119 2119 2119 2119 2120 2120 2120 2120 2121 2121 2121 2121 2122 2122 2122 2122 2123 2123 2123 2123 2124 2124 2124 2124 2125 2125 2125 2125 2126 2126 2126 2126 2127 2127 2127 2127 2128 2128 2128 2128 2129 2129 2129 2129 2130 2130 2130 2130 2131 2131 2131 2131 2132 2132 2132 2132 2133 2133 2133 2133 2134 2134 2134 2134 2135 2135 2135 2135 2136 2136 2136 2136 2137 2137 2137 2137 2138 2138 2138 2138 2139 2139 2139 2139 2140 2140 2140 2140 2141 2141 2141 2141 2142 2142 2142 2142 2143 2143 2143 2143 2144 2144 2144 2144 2145 2145 2145 2145 2146 2146 2146 2146 2147 2147 2147 2147 2148 2148 2148 2148 2149 2149 2149 2149 2150 2150 2150 2150 2151 2151 2151 2151 2152 2152 2152 2152 2153 2153 2153 2153 2154 2154 2154 2154 2155 2155 2155 2155 2156 2156 2156 2156 2157 2157 2157 2157 2158 2158 2158 2158 2159 2159 2159 2159 2160 2160 2160 2160 2161 2161 2161 2161 2162 2162 2162 2162 2163 2163 2163 2163 2164 2164 2164 2164 2165 2165 2165 2165 2166 2166 2166 2166 2167 2167 2167 2167 2168 2168 2168 2168 2169 2169 2169 2169 2170 2170 2170 2170 2171 2171 2171 2171 2172 2172 2172 2172 2173 2173 2173 2173 2174 2174 2174 2174 2175 2175 2175 2175 2176 2176 2176 2176 2177 2177 2177 2177 2178 2178 2178 2178 2179 2179 2179 2179 2180 2180 2180 2180 2181 2181 2181 2181 2182 2182 2182 2182 2183 2183 2183 2183 2184 2184 2184 2184 2185 2185 2185 2185 2186 2186 2186 2186 2187 2187 2187 2187 2188 2188 2188 2188 2189 2189 2189 2189 2190 2190 2190 2190 2191 2191 2191 2191 2192 2192 2192 2192 2193 2193 2193 2193 2194 2194 2194 2194 2195 2195 2195 2195 2196 2196 2196 2196 2197 2197 2197 2197 2198 2198 2198 2198 2199 2199 2199 2199 2200 2200 2200 2200 2201 2201 2201 2201 2202 2202 2202 2202 2203 2203 2203 2203 2204 2204 2204 2204 2205 2205 2205 2205 2206 2206 2206 2206 2207 2207 2207 2207 2208 2208 2208 2208 2209 2209 2209 2209 2210 2210 2210 2210 2211 2211 2211 2211 2212 2212 2212 2212 2213 2213 2213 2213 2214 2214 2214 2214 2215 2215 2215 2215 2216 2216 2216 2216 2217 2217 2217 2217 2218 2218 2218 2218 2219 2219 2219 2219 2220 2220 2220 2220 2221 2221 2221 2221 2222 2222 2222 2222 2223 2223 2223 2223 2224 2224 2224 2224 2225 2225 2225 2225 2226 2226 2226 2226 2227 2227 2227 2227 2228 2228 2228 2228 2229 2229 2229 2229 2230 2230 2230 2230 2231 2231 2231 2231 2232 2232 2232 2232 2233 2233 2233 2233 2234 2234 2234 2234 2235 2235 2235 2235 2236 2236 2236 2236 2237 2237 2237 2237 2238 2238 2238 2238 2239 2239 2239 2239 2240 2240 2240 2240 2241 2241 2241 2241 2242 2242 2242 2242 2243 2243 2243 2243 2244 2244 2244 2244 2245 2245 2245 2245 2246 2246 2246 2246 2247 2247 2247 2247 2248 2248 2248 2248 2249 2249 2249 2249 2250 2250 2250 2250 2251 2251 2251 2251 2252 2252 2252 2252 2253 2253 2253 2253 2254 2254 2254 2254 2255 2255 2255 2255 2256 2256 2256 2256 2257 2257 2257 2257 2258 2258 2258 2258 2259 2259 2259 2259 2260 2260 2260 2260 2261 2261 2261 2261 2262 2262 2262 2262 2263 2263 2263 2263 2264 2264 2264 2264 2265 2265 2265 2265 2266 2266 2266 2266 2267 2267 2267 2267 2268 2268 2268 2268 2269 2269 2269 2269 2270 2270 2270 2270 2271 2271 2271 2271 2272 2272 2272 2272 2273 2273 2273 2273 2274 2274 2274 2274 2275 2275 2275 2275 2276 2276 2276 2276 2277 2277 2277 2277 2278 2278 2278 2278 2279 2279 2279 2279 2280 2280 2280 2280 2281 2281 2281 2281 2282 2282 2282 2282 2283 2283 2283 2283 2284 2284 2284 2284 2285 2285 2285 2285 2286 2286 2286 2286 2287 2287 2287 2287 2288 2288 2288 2288 2289 2289 2289 2289 2290 2290 2290 2290 2291 2291 2291 2291 2292 2292 2292 2292 2293 2293 2293 2293 2294 2294 2294 2294 2295 2295 2295 2295 2296 2296 2296 2296 2297 2297 2297 2297 2298 2298 2298 2298 2299 2299 2299 2299 2300 2300 2300 2300 2301 2301 2301 2301 2302 2302 2302 2302 2303 2303 2303 2303 2304 2304 2304 2304 2305 2305 2305 2305 2306 2306 2306 2306 2307 2307 2307 2307 2308 2308 2308 2308 2309 2309 2309 2309 2310 2310 2310 2310 2311 2311 2311 2311 2312 2312 2312 2312 2313 2313 2313 2313 2314 2314 2314 2314 2315 2315 2315 2315 2316 2316 2316 2316 2317 2317 2317 2317 2318 2318 2318 2318 2319 2319 2319 2319 2320 2320 2320 2320 2321 2321 2321 2321 2322 2322 2322 2322 2323 2323 2323 2323 2324 2324 2324 2324 2325 2325 2325 2325 2326 2326 2326 2326 2327 2327 2327 2327 2328 2328 2328 2328 2329 2329 2329 2329 2330 2330 2330 2330 2331 2331 2331 2331 2332 2332 2332 2332 2333 2333 2333 2333 2334 2334 2334 2334 2335 2335 2335 2335 2336 2336 2336 2336 2337 2337 2337 2337 2338 2338 2338 2338 2339 2339 2339 2339 2340 2340 2340 2340 2341 2341 2341 2341 2342 2342 2342 2342 2343 2343 2343 2343 2344 2344 2344 2344 2345 2345 2345 2345 2346 2346 2346 2346 2347 2347 2347 2347 2348 2348 2348 2348 2349 2349 2349 2349 2350 2350 2350 2350 2351 2351 2351 2351 2352 2352 2352 2352 2353 2353 2353 2353 2354 2354 2354 2354 2355 2355 2355 2355 2356 2356 2356 2356 2357 2357 2357 2357 2358 2358 2358 2358 2359 2359 2359 2359 2360 2360 2360 2360 2361 2361 2361 2361 2362 2362 2362 2362 2363 2363 2363 2363 2364 2364 2364 2364 2365 2365 2365 2365 2366 2366 2366 2366 2367 2367 2367 2367 2368 2368 2368 2368 2369 2369 2369 2369 2370 2370 2370 2370 2371 2371 2371 2371 2372 2372 2372 2372 2373 2373 2373 2373 2374 2374 2374 2374 2375 2375 2375 2375 2376 2376 2376 2376 2377 2377 2377 2377 2378 2378 2378 2378 2379 2379 2379 2379 2380 2380 2380 2380 2381 2381 2381 2381 2382 2382 2382 2382 2383 2383 2383 2383 2384 2384 2384 2384 2385 2385 2385 2385 2386 2386 2386 2386 2387 2387 2387 2387 2388 2388 2388 2388 2389 2389 2389 2389 2390 2390 2390 2390 2391 2391 2391 2391 2392 2392 2392 2392 2393 2393 2393 2393 2394 2394 2394 2394 2395 2395 2395 2395 2396 2396 2396 2396 2397 2397 2397 2397 2398 2398 2398 2398 2399 2399 2399 2399 2400 2400 2400 2400 2401 2401 2401 2401 2402 2402 2402 2402 2403 2403 2403 2403 2404 2404 2404 2404 2405 2405 2405 2405 2406 2406 2406 2406 2407 2407 2407 2407 2408 2408 2408 2408 2409 2409 2409 2409 2410 2410 2410 2410 2411 2411 2411 2411 2412 2412 2412 2412 2413 2413 2413 2413 2414 2414 2414 2414 2415 2415 2415 2415 2416 2416 2416 2416 2417 2417 2417 2417 2418 2418 2418 2418 2419 2419 2419 2419 2420 2420 2420 2420 2421 2421 2421 2421 2422 2422 2422 2422 2423 2423 2423 2423 2424 2424 2424 2424 2425 2425 2425 2425 2426 2426 2426 2426 2427 2427 2427 2427 2428 2428 2428 2428 2429 2429 2429 2429 2430 2430 2430 2430 2431 2431 2431 2431 2432 2432 2432 2432 2433 2433 2433 2433 2434 2434 2434 2434 2435 2435 2435 2435 2436 2436 2436 2436 2437 2437 2437 2437 2438 2438 2438 2438 2439 2439 2439 2439 2440 2440 2440 2440 2441 2441 2441 2441 2442 2442 2442 2442 2443 2443 2443 2443 2444 2444 2444 2444 2445 2445 2445 2445 2446 2446 2446 2446 2447 2447 2447 2447 2448 2448 2448 2448 2449 2449 2449 2449 2450 2450 2450 2450 2451 2451 2451 2451 2452 2452 2452 2452 2453 2453 2453 2453 2454 2454 2454 2454 2455 2455 2455 2455 2456 2456 2456 2456 2457 2457 2457 2457 2458 2458 2458 2458 2459 2459 2459 2459 2460 2460 2460 2460 2461 2461 2461 2461 2462 2462 2462 2462 2463 2463 2463 2463 2464 2464 2464 2464 2465 2465 2465 2465 2466 2466 2466 2466 2467 2467 2467 2467 2468 2468 2468 2468 2469 2469 2469 2469 2470 2470 2470 2470 2471 2471 2471 2471 2472 2472 2472 2472 2473 2473 2473 2473 2474 2474 2474 2474 2475 2475 2475 2475 2476 2476 2476 2476 2477 2477 2477 2477 2478 2478 2478 2478 2479 2479 2479 2479 2480 2480 2480 2480 2481 2481 2481 2481 2482 2482 2482 2482 2483 2483 2483 2483 2484 2484 2484 2484 2485 2485 2485 2485 2486 2486 2486 2486 2487 2487 2487 2487 2488 2488 2488 2488 2489 2489 2489 2489 2490 2490 2490 2490 2491 2491 2491 2491 2492 2492 2492 2492 2493 2493 2493 2493 2494 2494 2494 2494 2495 2495 2495 2495 2496 2496 2496 2496 2497 2497 2497 2497 2498 2498 2498 2498 2499 2499 2499 2499 2500 2500 2500 2500 2501 2501 2501 2501 2502 2502 2502 2502 2503 2503 2503 2503 2504 2504 2504 2504 2505 2505 2505 2505 2506 2506 2506 2506 2507 2507 2507 2507 2508 2508 2508 2508 2509 2509 2509 2509 2510 2510 2510 2510 2511 2511 2511 2511 2512 2512 2512 2512 2513 2513 2513 2513 2514 2514 2514 2514 2515 2515 2515 2515 2516 2516 2516 2516 2517 2517 2517 2517 2518 2518 2518 2518 2519 2519 2519 2519 2520 2520 2520 2520 2521 2521 2521 2521 2522 2522 2522 2522 2523 2523 2523 2523 2524 2524 2524 2524 2525 2525 2525 2525 2526 2526 2526 2526 2527 2527 2527 2527 2528 2528 2528 2528 2529 2529 2529 2529 2530 2530 2530 2530 2531 2531 2531 2531 2532 2532 2532 2532 2533 2533 2533 2533 2534 2534 2534 2534 2535 2535 2535 2535 2536 2536 2536 2536 2537 2537 2537 2537 2538 2538 2538 2538 2539 2539 2539 2539 2540 2540 2540 2540 2541 2541 2541 2541 2542 2542 2542 2542 2543 2543 2543 2543 2544 2544 2544 2544 2545 2545 2545 2545 2546 2546 2546 2546 2547 2547 2547 2547 2548 2548 2548 2548 2549 2549 2549 2549 2550 2550 2550 2550 2551 2551 2551 2551 2552 2552 2552 2552 2553 2553 2553 2553 2554 2554 2554 2554 2555 2555 2555 2555 2556 2556 2556 2556 2557 2557 2557 2557 2558 2558 2558 2558 2559 2559 2559 2559 2560 2560 2560 2560 2561 2561 2561 2561 2562 2562 2562 2562 2563 2563 2563 2563 2564 2564 2564 2564 2565 2565 2565 2565 2566 2566 2566 2566 2567 2567 2567 2567 2568 2568 2568 2568 2569 2569 2569 2569 2570 2570 2570 2570 2571 2571 2571 2571 2572 2572 2572 2572 2573 2573 2573 2573 2574 2574 2574 2574 2575 2575 2575 2575 2576 2576 2576 2576 2577 2577 2577 2577 2578 2578 2578 2578 2579 2579 2579 2579 2580 2580 2580 2580 2581 2581 2581 2581 2582 2582 2582 2582 2583 2583 2583 2583 2584 2584 2584 2584 2585 2585 2585 2585 2586 2586 2586 2586 2587 2587 2587 2587 2588 2588 2588 2588 2589 2589 2589 2589 2590 2590 2590 2590 2591 2591 2591 2591 2592 2592 2592 2592 2593 2593 2593 2593 2594 2594 2594 2594 2595 2595 2595 2595 2596 2596 2596 2596 2597 2597 2597 2597 2598 2598 2598 2598 2599 2599 2599 2599 2600 2600 2600 2600 2601 2601 2601 2601 2602 2602 2602 2602 2603 2603 2603 2603 2604 2604 2604 2604 2605 2605 2605 2605 2606 2606 2606 2606 2607 2607 2607 2607 2608 2608 2608 2608 2609 2609 2609 2609 2610 2610 2610 2610 2611 2611 2611 2611 2612 2612 2612 2612 2613 2613 2613 2613 2614 2614 2614 2614 2615 2615 2615 2615 2616 2616 2616 2616 2617 2617 2617 2617 2618 2618 2618 2618 2619 2619 2619 2619 2620 2620 2620 2620 2621 2621 2621 2621 2622 2622 2622 2622 2623 2623 2623 2623 2624 2624 2624 2624 2625 2625 2625 2625 2626 2626 2626 2626 2627 2627 2627 2627 2628 2628 2628 2628 2629 2629 2629 2629 2630 2630 2630 2630 2631 2631 2631 2631 2632 2632 2632 2632 2633 2633 2633 2633 2634 2634 2634 2634 2635 2635 2635 2635 2636 2636 2636 2636 2637 2637 2637 2637 2638 2638 2638 2638 2639 2639 2639 2639 2640 2640 2640 2640 2641 2641 2641 2641 2642 2642 2642 2642 2643 2643 2643 2643 2644 2644 2644 2644 2645 2645 2645 2645 2646 2646 2646 2646 2647 2647 2647 2647 2648 2648 2648 2648 2649 2649 2649 2649 2650 2650 2650 2650 2651 2651 2651 2651 2652 2652 2652 2652 2653 2653 2653 2653 2654 2654 2654 2654 2655 2655 2655 2655 2656 2656 2656 2656 2657 2657 2657 2657 2658 2658 2658 2658 2659 2659 2659 2659 2660 2660 2660 2660 2661 2661 2661 2661 2662 2662 2662 2662 2663 2663 2663 2663 2664 2664 2664 2664 2665 2665 2665 2665 2666 2666 2666 2666 2667 2667 2667 2667 2668 2668 2668 2668 2669 2669 2669 2669 2670 2670 2670 2670 2671 2671 2671 2671 2672 2672 2672 2672 2673 2673 2673 2673 2674 2674 2674 2674 2675 2675 2675 2675 2676 2676 2676 2676 2677 2677 2677 2677 2678 2678 2678 2678 2679 2679 2679 2679 2680 2680 2680 2680 2681 2681 2681 2681 2682 2682 2682 2682 2683 2683 2683 2683 2684 2684 2684 2684 2685 2685 2685 2685 2686 2686 2686 2686 2687 2687 2687 2687 2688 2688 2688 2688 2689 2689 2689 2689 2690 2690 2690 2690 2691 2691 2691 2691 2692 2692 2692 2692 2693 2693 2693 2693 2694 2694 2694 2694 2695 2695 2695 2695 2696 2696 2696 2696 2697 2697 2697 2697 2698 2698 2698 2698 2699 2699 2699 2699 2700 2700 2700 2700 2701 2701 2701 2701 2702 2702 2702 2702 2703 2703 2703 2703 2704 2704 2704 2704 2705 2705 2705 2705 2706 2706 2706 2706 2707 2707 2707 2707 2708 2708 2708 2708 2709 2709 2709 2709 2710 2710 2710 2710 2711 2711 2711 2711 2712 2712 2712 2712 2713 2713 2713 2713 2714 2714 2714 2714 2715 2715 2715 2715 2716 2716 2716 2716 2717 2717 2717 2717 2718 2718 2718 2718 2719 2719 2719 2719 2720 2720 2720 2720 2721 2721 2721 2721 2722 2722 2722 2722 2723 2723 2723 2723 2724 2724 2724 2724 2725 2725 2725 2725 2726 2726 2726 2726 2727 2727 2727 2727 2728 2728 2728 2728 2729 2729 2729 2729 2730 2730 2730 2730 2731 2731 2731 2731 2732 2732 2732 2732 2733 2733 2733 2733 2734 2734 2734 2734 2735 2735 2735 2735 2736 2736 2736 2736 2737 2737 2737 2737 2738 2738 2738 2738 2739 2739 2739 2739 2740 2740 2740 2740 2741 2741 2741 2741 2742 2742 2742 2742 2743 2743 2743 2743 2744 2744 2744 2744 2745 2745 2745 2745 2746 2746 2746 2746 2747 2747 2747 2747 2748 2748 2748 2748 2749 2749 2749 2749 2750 2750 2750 2750 2751 2751 2751 2751 2752 2752 2752 2752 2753 2753 2753 2753 2754 2754 2754 2754 2755 2755 2755 2755 2756 2756 2756 2756 2757 2757 2757 2757 2758 2758 2758 2758 2759 2759 2759 2759 2760 2760 2760 2760 2761 2761 2761 2761 2762 2762 2762 2762 2763 2763 2763 2763 2764 2764 2764 2764 2765 2765 2765 2765 2766 2766 2766 2766 2767 2767 2767 2767 2768 2768 2768 2768 2769 2769 2769 2769 2770 2770 2770 2770 2771 2771 2771 2771 2772 2772 2772 2772 2773 2773 2773 2773 2774 2774 2774 2774 2775 2775 2775 2775 2776 2776 2776 2776 2777 2777 2777 2777 2778 2778 2778 2778 2779 2779 2779 2779 2780 2780 2780 2780 2781 2781 2781 2781 2782 2782 2782 2782 2783 2783 2783 2783 2784 2784 2784 2784 2785 2785 2785 2785 2786 2786 2786 2786 2787 2787 2787 2787 2788 2788 2788 2788 2789 2789 2789 2789 2790 2790 2790 2790 2791 2791 2791 2791 2792 2792 2792 2792 2793 2793 2793 2793 2794 2794 2794 2794 2795 2795 2795 2795 2796 2796 2796 2796 2797 2797 2797 2797 2798 2798 2798 2798 2799 2799 2799 2799 2800 2800 2800 2800 2801 2801 2801 2801 2802 2802 2802 2802 2803 2803 2803 2803 2804 2804 2804 2804 2805 2805 2805 2805 2806 2806 2806 2806 2807 2807 2807 2807 2808 2808 2808 2808 2809 2809 2809 2809 2810 2810 2810 2810 2811 2811 2811 2811 2812 2812 2812 2812 2813 2813 2813 2813 2814 2814 2814 2814 2815 2815 2815 2815 2816 2816 2816 2816 2817 2817 2817 2817 2818 2818 2818 2818 2819 2819 2819 2819 2820 2820 2820 2820 2821 2821 2821 2821 2822 2822 2822 2822 2823 2823 2823 2823 2824 2824 2824 2824 2825 2825 2825 2825 2826 2826 2826 2826 2827 2827 2827 2827 2828 2828 2828 2828 2829 2829 2829 2829 2830 2830 2830 2830 2831 2831 2831 2831 2832 2832 2832 2832 2833 2833 2833 2833 2834 2834 2834 2834 2835 2835 2835 2835 2836 2836 2836 2836 2837 2837 2837 2837 2838 2838 2838 2838 2839 2839 2839 2839 2840 2840 2840 2840 2841 2841 2841 2841 2842 2842 2842 2842 2843 2843 2843 2843 2844 2844 2844 2844 2845 2845 2845 2845 2846 2846 2846 2846 2847 2847 2847 2847 2848 2848 2848 2848 2849 2849 2849 2849 2850 2850 2850 2850 2851 2851 2851 2851 2852 2852 2852 2852 2853 2853 2853 2853 2854 2854 2854 2854 2855 2855 2855 2855 2856 2856 2856 2856 2857 2857 2857 2857 2858 2858 2858 2858 2859 2859 2859 2859 2860 2860 2860 2860 2861 2861 2861 2861 2862 2862 2862 2862 2863 2863 2863 2863 2864 2864 2864 2864 2865 2865 2865 2865 2866 2866 2866 2866 2867 2867 2867 2867 2868 2868 2868 2868 2869 2869 2869 2869 2870 2870 2870 2870 2871 2871 2871 2871 2872 2872 2872 2872 2873 2873 2873 2873 2874 2874 2874 2874 2875 2875 2875 2875 2876 2876 2876 2876 2877 2877 2877 2877 2878 2878 2878 2878 2879 2879 2879 2879 2880 2880 2880 2880 2881 2881 2881 2881 2882 2882 2882 2882 2883 2883 2883 2883 2884 2884 2884 2884 2885 2885 2885 2885 2886 2886 2886 2886 2887 2887 2887 2887 2888 2888 2888 2888 2889 2889 2889 2889 2890 2890 2890 2890 2891 2891 2891 2891 2892 2892 2892 2892 2893 2893 2893 2893 2894 2894 2894 2894 2895 2895 2895 2895 2896 2896 2896 2896 2897 2897 2897 2897 2898 2898 2898 2898 2899 2899 2899 2899 2900 2900 2900 2900 2901 2901 2901 2901 2902 2902 2902 2902 2903 2903 2903 2903 2904 2904 2904 2904 2905 2905 2905 2905 2906 2906 2906 2906 2907 2907 2907 2907 2908 2908 2908 2908 2909 2909 2909 2909 2910 2910 2910 2910 2911 2911 2911 2911 2912 2912 2912 2912 2913 2913 2913 2913 2914 2914 2914 2914 2915 2915 2915 2915 2916 2916 2916 2916 2917 2917 2917 2917 2918 2918 2918 2918 2919 2919 2919 2919 2920 2920 2920 2920 2921 2921 2921 2921 2922 2922 2922 2922 2923 2923 2923 2923 2924 2924 2924 2924 2925 2925 2925 2925 2926 2926 2926 2926 2927 2927 2927 2927 2928 2928 2928 2928 2929 2929 2929 2929 2930 2930 2930 2930 2931 2931 2931 2931 2932 2932 2932 2932 2933 2933 2933 2933 2934 2934 2934 2934 2935 2935 2935 2935 2936 2936 2936 2936 2937 2937 2937 2937 2938 2938 2938 2938 2939 2939 2939 2939 2940 2940 2940 2940 2941 2941 2941 2941 2942 2942 2942 2942 2943 2943 2943 2943 2944 2944 2944 2944 2945 2945 2945 2945 2946 2946 2946 2946 2947 2947 2947 2947 2948 2948 2948 2948 2949 2949 2949 2949 2950 2950 2950 2950 2951 2951 2951 2951 2952 2952 2952 2952 2953 2953 2953 2953 2954 2954 2954 2954 2955 2955 2955 2955 2956 2956 2956 2956 2957 2957 2957 2957 2958 2958 2958 2958 2959 2959 2959 2959 2960 2960 2960 2960 2961 2961 2961 2961 2962 2962 2962 2962 2963 2963 2963 2963 2964 2964 2964 2964 2965 2965 2965 2965 2966 2966 2966 2966 2967 2967 2967 2967 2968 2968 2968 2968 2969 2969 2969 2969 2970 2970 2970 2970 2971 2971 2971 2971 2972 2972 2972 2972 2973 2973 2973 2973 2974 2974 2974 2974 2975 2975 2975 2975 2976 2976 2976 2976 2977 2977 2977 2977 2978 2978 2978 2978 2979 2979 2979 2979 2980 2980 2980 2980 2981 2981 2981 2981 2982 2982 2982 2982 2983 2983 2983 2983 2984 2984 2984 2984 2985 2985 2985 2985 2986 2986 2986 2986 2987 2987 2987 2987 2988 2988 2988 2988 2989 2989 2989 2989 2990 2990 2990 2990 2991 2991 2991 2991 2992 2992 2992 2992 2993 2993 2993 2993 2994 2994 2994 2994 2995 2995 2995 2995 2996 2996 2996 2996 2997 2997 2997 2997 2998 2998 2998 2998 2999 2999 2999 2999 3000 3000 3000 3000 3001 3001 3001 3001 3002 3002 3002 3002 3003 3003 3003 3003 3004 3004 3004 3004 3005 3005 3005 3005 3006 3006 3006 3006 3007 3007 3007 3007 3008 3008 3008 3008 3009 3009 3009 3009 3010 3010 3010 3010 3011 3011 3011 3011 3012 3012 3012 3012 3013 3013 3013 3013 3014 3014 3014 3014 3015 3015 3015 3015 3016 3016 3016 3016 3017 3017 3017 3017 3018 3018 3018 3018 3019 3019 3019 3019 3020 3020 3020 3020 3021 3021 3021 3021 3022 3022 3022 3022 3023 3023 3023 3023 3024 3024 3024 3024 3025 3025 3025 3025 3026 3026 3026 3026 3027 3027 3027 3027 3028 3028 3028 3028 3029 3029 3029 3029 3030 3030 3030 3030 3031 3031 3031 3031 3032 3032 3032 3032 3033 3033 3033 3033 3034 3034 3034 3034 3035 3035 3035 3035 3036 3036 3036 3036 3037 3037 3037 3037 3038 3038 3038 3038 3039 3039 3039 3039 3040 3040 3040 3040 3041 3041 3041 3041 3042 3042 3042 3042 3043 3043 3043 3043 3044 3044 3044 3044 3045 3045 3045 3045 3046 3046 3046 3046 3047 3047 3047 3047 3048 3048 3048 3048 3049 3049 3049 3049 3050 3050 3050 3050 3051 3051 3051 3051 3052 3052 3052 3052 3053 3053 3053 3053 3054 3054 3054 3054 3055 3055 3055 3055 3056 3056 3056 3056 3057 3057 3057 3057 3058 3058 3058 3058 3059 3059 3059 3059 3060 3060 3060 3060 3061 3061 3061 3061 3062 3062 3062 3062 3063 3063 3063 3063 3064 3064 3064 3064 3065 3065 3065 3065 3066 3066 3066 3066 3067 3067 3067 3067 3068 3068 3068 3068 3069 3069 3069 3069 3070 3070 3070 3070 3071 3071 3071 3071 3072 3072 3072 3072 3073 3073 3073 3073 3074 3074 3074 3074 3075 3075 3075 3075 3076 3076 3076 3076 3077 3077 3077 3077 3078 3078 3078 3078 3079 3079 3079 3079 3080 3080 3080 3080 3081 3081 3081 3081 3082 3082 3082 3082 3083 3083 3083 3083 3084 3084 3084 3084 3085 3085 3085 3085 3086 3086 3086 3086 3087 3087 3087 3087 3088 3088 3088 3088 3089 3089 3089 3089 3090 3090 3090 3090 3091 3091 3091 3091 3092 3092 3092 3092 3093 3093 3093 3093 3094 3094 3094 3094 3095 3095 3095 3095 3096 3096 3096 3096 3097 3097 3097 3097 3098 3098 3098 3098 3099 3099 3099 3099 3100 3100 3100 3100 3101 3101 3101 3101 3102 3102 3102 3102 3103 3103 3103 3103 3104 3104 3104 3104 3105 3105 3105 3105 3106 3106 3106 3106 3107 3107 3107 3107 3108 3108 3108 3108 3109 3109 3109 3109 3110 3110 3110 3110 3111 3111 3111 3111 3112 3112 3112 3112 3113 3113 3113 3113 3114 3114 3114 3114 3115 3115 3115 3115 3116 3116 3116 3116 3117 3117 3117 3117 3118 3118 3118 3118 3119 3119 3119 3119 3120 3120 3120 3120 3121 3121 3121 3121 3122 3122 3122 3122 3123 3123 3123 3123 3124 3124 3124 3124 3125 3125 3125 3125 3126 3126 3126 3126 3127 3127 3127 3127 3128 3128 3128 3128 3129 3129 3129 3129 3130 3130 3130 3130 3131 3131 3131 3131 3132 3132 3132 3132 3133 3133 3133 3133 3134 3134 3134 3134 3135 3135 3135 3135 3136 3136 3136 3136 3137 3137 3137 3137 3138 3138 3138 3138 3139 3139 3139 3139 3140 3140 3140 3140 3141 3141 3141 3141 3142 3142 3142 3142 3143 3143 3143 3143 3144 3144 3144 3144 3145 3145 3145 3145 3146 3146 3146 3146 3147 3147 3147 3147 3148 3148 3148 3148 3149 3149 3149 3149 3150 3150 3150 3150 3151 3151 3151 3151 3152 3152 3152 3152 3153 3153 3153 3153 3154 3154 3154 3154 3155 3155 3155 3155 3156 3156 3156 3156 3157 3157 3157 3157 3158 3158 3158 3158 3159 3159 3159 3159 3160 3160 3160 3160 3161 3161 3161 3161 3162 3162 3162 3162 3163 3163 3163 3163 3164 3164 3164 3164 3165 3165 3165 3165 3166 3166 3166 3166 3167 3167 3167 3167 3168 3168 3168 3168 3169 3169 3169 3169 3170 3170 3170 3170 3171 3171 3171 3171 3172 3172 3172 3172 3173 3173 3173 3173 3174 3174 3174 3174 3175 3175 3175 3175 3176 3176 3176 3176 3177 3177 3177 3177 3178 3178 3178 3178 3179 3179 3179 3179 3180 3180 3180 3180 3181 3181 3181 3181 3182 3182 3182 3182 3183 3183 3183 3183 3184 3184 3184 3184 3185 3185 3185 3185 3186 3186 3186 3186 3187 3187 3187 3187 3188 3188 3188 3188 3189 3189 3189 3189 3190 3190 3190 3190 3191 3191 3191 3191 3192 3192 3192 3192 3193 3193 3193 3193 3194 3194 3194 3194 3195 3195 3195 3195 3196 3196 3196 3196 3197 3197 3197 3197 3198 3198 3198 3198 3199 3199 3199 3199 3200 3200 3200 3200 3201 3201 3201 3201 3202 3202 3202 3202 3203 3203 3203 3203 3204 3204 3204 3204 3205 3205 3205 3205 3206 3206 3206 3206 3207 3207 3207 3207 3208 3208 3208 3208 3209 3209 3209 3209 3210 3210 3210 3210 3211 3211 3211 3211 3212 3212 3212 3212 3213 3213 3213 3213 3214 3214 3214 3214 3215 3215 3215 3215 3216 3216 3216 3216 3217 3217 3217 3217 3218 3218 3218 3218 3219 3219 3219 3219 3220 3220 3220 3220 3221 3221 3221 3221 3222 3222 3222 3222 3223 3223 3223 3223 3224 3224 3224 3224 3225 3225 3225 3225 3226 3226 3226 3226 3227 3227 3227 3227 3228 3228 3228 3228 3229 3229 3229 3229 3230 3230 3230 3230 3231 3231 3231 3231 3232 3232 3232 3232 3233 3233 3233 3233 3234 3234 3234 3234 3235 3235 3235 3235 3236 3236 3236 3236 3237 3237 3237 3237 3238 3238 3238 3238 3239 3239 3239 3239 3240 3240 3240 3240 3241 3241 3241 3241 3242 3242 3242 3242 3243 3243 3243 3243 3244 3244 3244 3244 3245 3245 3245 3245 3246 3246 3246 3246 3247 3247 3247 3247 3248 3248 3248 3248 3249 3249 3249 3249 3250 3250 3250 3250 3251 3251 3251 3251 3252 3252 3252 3252 3253 3253 3253 3253 3254 3254 3254 3254 3255 3255 3255 3255 3256 3256 3256 3256 3257 3257 3257 3257 3258 3258 3258 3258 3259 3259 3259 3259 3260 3260 3260 3260 3261 3261 3261 3261 3262 3262 3262 3262 3263 3263 3263 3263 3264 3264 3264 3264 3265 3265 3265 3265 3266 3266 3266 3266 3267 3267 3267 3267 3268 3268 3268 3268 3269 3269 3269 3269 3270 3270 3270 3270 3271 3271 3271 3271 3272 3272 3272 3272 3273 3273 3273 3273 3274 3274 3274 3274 3275 3275 3275 3275 3276 3276 3276 3276 3277 3277 3277 3277 3278 3278 3278 3278 3279 3279 3279 3279 3280 3280 3280 3280 3281 3281 3281 3281 3282 3282 3282 3282 3283 3283 3283 3283 3284 3284 3284 3284 3285 3285 3285 3285 3286 3286 3286 3286 3287 3287 3287 3287 3288 3288 3288 3288 3289 3289 3289 3289 3290 3290 3290 3290 3291 3291 3291 3291 3292 3292 3292 3292 3293 3293 3293 3293 3294 3294 3294 3294 3295 3295 3295 3295 3296 3296 3296 3296 3297 3297 3297 3297 3298 3298 3298 3298 3299 3299 3299 3299 3300 3300 3300 3300 3301 3301 3301 3301 3302 3302 3302 3302 3303 3303 3303 3303 3304 3304 3304 3304 3305 3305 3305 3305 3306 3306 3306 3306 3307 3307 3307 3307 3308 3308 3308 3308 3309 3309 3309 3309 3310 3310 3310 3310 3311 3311 3311 3311 3312 3312 3312 3312 3313 3313 3313 3313 3314 3314 3314 3314 3315 3315 3315 3315 3316 3316 3316 3316 3317 3317 3317 3317 3318 3318 3318 3318 3319 3319 3319 3319 3320 3320 3320 3320 3321 3321 3321 3321 3322 3322 3322 3322 3323 3323 3323 3323 3324 3324 3324 3324 3325 3325 3325 3325 3326 3326 3326 3326 3327 3327 3327 3327 3328 3328 3328 3328 3329 3329 3329 3329 3330 3330 3330 3330 3331 3331 3331 3331 3332 3332 3332 3332 3333 3333 3333 3333 3334 3334 3334 3334 3335 3335 3335 3335 3336 3336 3336 3336 3337 3337 3337 3337 3338 3338 3338 3338 3339 3339 3339 3339 3340 3340 3340 3340 3341 3341 3341 3341 3342 3342 3342 3342 3343 3343 3343 3343 3344 3344 3344 3344 3345 3345 3345 3345 3346 3346 3346 3346 3347 3347 3347 3347 3348 3348 3348 3348 3349 3349 3349 3349 3350 3350 3350 3350 3351 3351 3351 3351 3352 3352 3352 3352 3353 3353 3353 3353 3354 3354 3354 3354 3355 3355 3355 3355 3356 3356 3356 3356 3357 3357 3357 3357 3358 3358 3358 3358 3359 3359 3359 3359 3360 3360 3360 3360 3361 3361 3361 3361 3362 3362 3362 3362 3363 3363 3363 3363 3364 3364 3364 3364 3365 3365 3365 3365 3366 3366 3366 3366 3367 3367 3367 3367 3368 3368 3368 3368 3369 3369 3369 3369 3370 3370 3370 3370 3371 3371 3371 3371 3372 3372 3372 3372 3373 3373 3373 3373 3374 3374 3374 3374 3375 3375 3375 3375 3376 3376 3376 3376 3377 3377 3377 3377 3378 3378 3378 3378 3379 3379 3379 3379 3380 3380 3380 3380 3381 3381 3381 3381 3382 3382 3382 3382 3383 3383 3383 3383 3384 3384 3384 3384 3385 3385 3385 3385 3386 3386 3386 3386 3387 3387 3387 3387 3388 3388 3388 3388 3389 3389 3389 3389 3390 3390 3390 3390 3391 3391 3391 3391 3392 3392 3392 3392 3393 3393 3393 3393 3394 3394 3394 3394 3395 3395 3395 3395 3396 3396 3396 3396 3397 3397 3397 3397 3398 3398 3398 3398 3399 3399 3399 3399 3400 3400 3400 3400 3401 3401 3401 3401 3402 3402 3402 3402 3403 3403 3403 3403 3404 3404 3404 3404 3405 3405 3405 3405 3406 3406 3406 3406 3407 3407 3407 3407 3408 3408 3408 3408 3409 3409 3409 3409 3410 3410 3410 3410 3411 3411 3411 3411 3412 3412 3412 3412 3413 3413 3413 3413 3414 3414 3414 3414 3415 3415 3415 3415 3416 3416 3416 3416 3417 3417 3417 3417 3418 3418 3418 3418 3419 3419 3419 3419 3420 3420 3420 3420 3421 3421 3421 3421 3422 3422 3422 3422 3423 3423 3423 3423 3424 3424 3424 3424 3425 3425 3425 3425 3426 3426 3426 3426 3427 3427 3427 3427 3428 3428 3428 3428 3429 3429 3429 3429 3430 3430 3430 3430 3431 3431 3431 3431 3432 3432 3432 3432 3433 3433 3433 3433 3434 3434 3434 3434 3435 3435 3435 3435 3436 3436 3436 3436 3437 3437 3437 3437 3438 3438 3438 3438 3439 3439 3439 3439 3440 3440 3440 3440 3441 3441 3441 3441 3442 3442 3442 3442 3443 3443 3443 3443 3444 3444 3444 3444 3445 3445 3445 3445 3446 3446 3446 3446 3447 3447 3447 3447 3448 3448 3448 3448 3449 3449 3449 3449 3450 3450 3450 3450 3451 3451 3451 3451 3452 3452 3452 3452 3453 3453 3453 3453 3454 3454 3454 3454 3455 3455 3455 3455 3456 3456 3456 3456 3457 3457 3457 3457 3458 3458 3458 3458 3459 3459 3459 3459 3460 3460 3460 3460 3461 3461 3461 3461 3462 3462 3462 3462 3463 3463 3463 3463 3464 3464 3464 3464 3465 3465 3465 3465 3466 3466 3466 3466 3467 3467 3467 3467 3468 3468 3468 3468 3469 3469 3469 3469 3470 3470 3470 3470 3471 3471 3471 3471 3472 3472 3472 3472 3473 3473 3473 3473 3474 3474 3474 3474 3475 3475 3475 3475 3476 3476 3476 3476 3477 3477 3477 3477 3478 3478 3478 3478 3479 3479 3479 3479 3480 3480 3480 3480 3481 3481 3481 3481 3482 3482 3482 3482 3483 3483 3483 3483 3484 3484 3484 3484 3485 3485 3485 3485 3486 3486 3486 3486 3487 3487 3487 3487 3488 3488 3488 3488 3489 3489 3489 3489 3490 3490 3490 3490 3491 3491 3491 3491 3492 3492 3492 3492 3493 3493 3493 3493 3494 3494 3494 3494 3495 3495 3495 3495 3496 3496 3496 3496 3497 3497 3497 3497 3498 3498 3498 3498 3499 3499 3499 3499 3500 3500 3500 3500 3501 3501 3501 3501 3502 3502 3502 3502 3503 3503 3503 3503 3504 3504 3504 3504 3505 3505 3505 3505 3506 3506 3506 3506 3507 3507 3507 3507 3508 3508 3508 3508 3509 3509 3509 3509 3510 3510 3510 3510 3511 3511 3511 3511 3512 3512 3512 3512 3513 3513 3513 3513 3514 3514 3514 3514 3515 3515 3515 3515 3516 3516 3516 3516 3517 3517 3517 3517 3518 3518 3518 3518 3519 3519 3519 3519 3520 3520 3520 3520 3521 3521 3521 3521 3522 3522 3522 3522 3523 3523 3523 3523 3524 3524 3524 3524 3525 3525 3525 3525 3526 3526 3526 3526 3527 3527 3527 3527 3528 3528 3528 3528 3529 3529 3529 3529 3530 3530 3530 3530 3531 3531 3531 3531 3532 3532 3532 3532 3533 3533 3533 3533 3534 3534 3534 3534 3535 3535 3535 3535 3536 3536 3536 3536 3537 3537 3537 3537 3538 3538 3538 3538 3539 3539 3539 3539 3540 3540 3540 3540 3541 3541 3541 3541 3542 3542 3542 3542 3543 3543 3543 3543 3544 3544 3544 3544 3545 3545 3545 3545 3546 3546 3546 3546 3547 3547 3547 3547 3548 3548 3548 3548 3549 3549 3549 3549 3550 3550 3550 3550 3551 3551 3551 3551 3552 3552 3552 3552 3553 3553 3553 3553 3554 3554 3554 3554 3555 3555 3555 3555 3556 3556 3556 3556 3557 3557 3557 3557 3558 3558 3558 3558 3559 3559 3559 3559 3560 3560 3560 3560 3561 3561 3561 3561 3562 3562 3562 3562 3563 3563 3563 3563 3564 3564 3564 3564 3565 3565 3565 3565 3566 3566 3566 3566 3567 3567 3567 3567 3568 3568 3568 3568 3569 3569 3569 3569 3570 3570 3570 3570 3571 3571 3571 3571 3572 3572 3572 3572 3573 3573 3573 3573 3574 3574 3574 3574 3575 3575 3575 3575 3576 3576 3576 3576 3577 3577 3577 3577 3578 3578 3578 3578 3579 3579 3579 3579 3580 3580 3580 3580 3581 3581 3581 3581 3582 3582 3582 3582 3583 3583 3583 3583 3584 3584 3584 3584 3585 3585 3585 3585 3586 3586 3586 3586 3587 3587 3587 3587 3588 3588 3588 3588 3589 3589 3589 3589 3590 3590 3590 3590 3591 3591 3591 3591 3592 3592 3592 3592 3593 3593 3593 3593 3594 3594 3594 3594 3595 3595 3595 3595 3596 3596 3596 3596 3597 3597 3597 3597 3598 3598 3598 3598 3599 3599 3599 3599 3600 3600 3600 3600 3601 3601 3601 3601 3602 3602 3602 3602 3603 3603 3603 3603 3604 3604 3604 3604 3605 3605 3605 3605 3606 3606 3606 3606 3607 3607 3607 3607 3608 3608 3608 3608 3609 3609 3609 3609 3610 3610 3610 3610 3611 3611 3611 3611 3612 3612 3612 3612 3613 3613 3613 3613 3614 3614 3614 3614 3615 3615 3615 3615 3616 3616 3616 3616 3617 3617 3617 3617 3618 3618 3618 3618 3619 3619 3619 3619 3620 3620 3620 3620 3621 3621 3621 3621 3622 3622 3622 3622 3623 3623 3623 3623 3624 3624 3624 3624 3625 3625 3625 3625 3626 3626 3626 3626 3627 3627 3627 3627 3628 3628 3628 3628 3629 3629 3629 3629 3630 3630 3630 3630 3631 3631 3631 3631 3632 3632 3632 3632 3633 3633 3633 3633 3634 3634 3634 3634 3635 3635 3635 3635 3636 3636 3636 3636 3637 3637 3637 3637 3638 3638 3638 3638 3639 3639 3639 3639 3640 3640 3640 3640 3641 3641 3641 3641 3642 3642 3642 3642 3643 3643 3643 3643 3644 3644 3644 3644 3645 3645 3645 3645 3646 3646 3646 3646 3647 3647 3647 3647 3648 3648 3648 3648 3649 3649 3649 3649 3650 3650 3650 3650 3651 3651 3651 3651 3652 3652 3652 3652 3653 3653 3653 3653 3654 3654 3654 3654 3655 3655 3655 3655 3656 3656 3656 3656 3657 3657 3657 3657 3658 3658 3658 3658 3659 3659 3659 3659 3660 3660 3660 3660 3661 3661 3661 3661 3662 3662 3662 3662 3663 3663 3663 3663 3664 3664 3664 3664 3665 3665 3665 3665 3666 3666 3666 3666 3667 3667 3667 3667 3668 3668 3668 3668 3669 3669 3669 3669 3670 3670 3670 3670 3671 3671 3671 3671 3672 3672 3672 3672 3673 3673 3673 3673 3674 3674 3674 3674 3675 3675 3675 3675 3676 3676 3676 3676 3677 3677 3677 3677 3678 3678 3678 3678 3679 3679 3679 3679 3680 3680 3680 3680 3681 3681 3681 3681 3682 3682 3682 3682 3683 3683 3683 3683 3684 3684 3684 3684 3685 3685 3685 3685 3686 3686 3686 3686 3687 3687 3687 3687 3688 3688 3688 3688 3689 3689 3689 3689 3690 3690 3690 3690 3691 3691 3691 3691 3692 3692 3692 3692 3693 3693 3693 3693 3694 3694 3694 3694 3695 3695 3695 3695 3696 3696 3696 3696 3697 3697 3697 3697 3698 3698 3698 3698 3699 3699 3699 3699 3700 3700 3700 3700 3701 3701 3701 3701 3702 3702 3702 3702 3703 3703 3703 3703 3704 3704 3704 3704 3705 3705 3705 3705 3706 3706 3706 3706 3707 3707 3707 3707 3708 3708 3708 3708 3709 3709 3709 3709 3710 3710 3710 3710 3711 3711 3711 3711 3712 3712 3712 3712 3713 3713 3713 3713 3714 3714 3714 3714 3715 3715 3715 3715 3716 3716 3716 3716 3717 3717 3717 3717 3718 3718 3718 3718 3719 3719 3719 3719 3720 3720 3720 3720 3721 3721 3721 3721 3722 3722 3722 3722 3723 3723 3723 3723 3724 3724 3724 3724 3725 3725 3725 3725 3726 3726 3726 3726 3727 3727 3727 3727 3728 3728 3728 3728 3729 3729 3729 3729 3730 3730 3730 3730 3731 3731 3731 3731 3732 3732 3732 3732 3733 3733 3733 3733 3734 3734 3734 3734 3735 3735 3735 3735 3736 3736 3736 3736 3737 3737 3737 3737 3738 3738 3738 3738 3739 3739 3739 3739 3740 3740 3740 3740 3741 3741 3741 3741 3742 3742 3742 3742 3743 3743 3743 3743 3744 3744 3744 3744 3745 3745 3745 3745 3746 3746 3746 3746 3747 3747 3747 3747 3748 3748 3748 3748 3749 3749 3749 3749 3750 3750 3750 3750 3751 3751 3751 3751 3752 3752 3752 3752 3753 3753 3753 3753 3754 3754 3754 3754 3755 3755 3755 3755 3756 3756 3756 3756 3757 3757 3757 3757 3758 3758 3758 3758 3759 3759 3759 3759 3760 3760 3760 3760 3761 3761 3761 3761 3762 3762 3762 3762 3763 3763 3763 3763 3764 3764 3764 3764 3765 3765 3765 3765 
POINT_DATA 7731
SCALARS ab-pot double 1
LOOKUP_TABLE default
0.55546295680186 0.55853155624397 0.56517785438193 0.57261804849303 0.57888177235643 0.58417940886041 0.59185792166889 0.5989899082659 0.61108737087069 0.6227514563366 0.63216570350743 0.642312397832 0.65664343855597 0.69095452491691 0.74743102289093 0.81788368755533 0.98996217775309 0.74007533654825 0.75131574349053 0.61137284022047 -0.70204173390727 -0.74219259299596 -0.77088011420246 -0.80996159452672 -0.85173763956151 -1 -0.83156801088605 -0.78327652023978 -0.76170703070091 -0.74740936581738 -0.73979924539083 -0.73104027005316 -0.72503146573989 -0.71846494175628 -0.7122433314676 -0.70845638556423 -0.7038734635019 -0.7000120987266 -0.69555576225521 -0.68990396028825 -0.68475209730837 -0.67883092673845 -0.6723058825194 -0.6656243142606 -0.65872614578501 -0.65218147584805 -0.6467867222378 -0.64204485825331 -0.63811918235675 -0.63526138738117 -0.6327712335384 -0.6306290152412 -0.62914420088797 -0.62759708515482 -0.62585082020408 -0.62360633054664 -0.62174380050992 -0.61980087768321 -0.6177601516453 -0.61598547022228 -0.61427843375531 -0.61296445814985 -0.61169887707981 -0.6101512300698 -0.60840917289255 -0.60609615438569 -0.60383945126495 -0.60126216943328 -0.59904480460557 -0.5976784039167 -0.59647566376721 -0.59560586652263 -0.59490556248844 -0.59428953487674 -0.59359083271881 -0.59290840123478 -0.59220078122776 -0.59152749478741 -0.59098142248091 -0.59035996240627 -0.58994349985754 -0.58754073756428 -0.58754341811463 -0.58755573749662 -0.58758291775493 -0.58764214296793 -0.58776977206739 -0.58799981737537 -0.58843462368732 -0.588865282415 -0.58924707091058 -0.5895562811093 -0.58977358109202 -0.58988638661344 -0.59003579281852 -0.59039355842155 -0.59104039278815 -0.59236756249323 -0.59422483243436 -0.59737885843767 -0.60321491102271 -0.60953301714972 -0.61257241150195 -0.61406446390778 -0.61605657494711 -0.61932364951119 -0.62310619256396 -0.62531281146869 -0.62620348594111 -0.62653450255033 -0.62672703597569 -0.62701859006223 -0.62727552182262 -0.62747728731547 -0.62764950758259 -0.62780307704369 -0.6279614890071 -0.62818051912268 -0.62850968259862 -0.62903703723397 -0.62963163716326 -0.6301265887819 -0.63055522507083 -0.63102320716545 -0.63154998950417 -0.63222696885219 -0.63316776261783 -0.63395743366441 -0.63431270679035 -0.6346750594016 -0.63511264977861 -0.6349955804632 -0.63367568165591 -0.62981396702805 -0.62152423431036 -0.61643775694805 -0.61337935425614 -0.60755712971877 -0.60171716178661 -0.59922496021412 -0.59343002923485 -0.58065635167364 -0.56389442130254 -0.54262312481447 -0.50863837094869 -0.429745165097 0.44136129402322 0.47236650755805 0.49051778429349 0.50542378920096 0.51595403996999 0.52304925202156 0.52886196242517 0.53401774857633 0.53758668097714 0.53997653031378 0.54075664300302 0.54084504590256 0.54083033811192 0.54083352381754 0.54084561300956 0.5408419575706 0.49804092980866 -0.53586654244147 0.54217463899305 -0.61677017918326 -0.59983661834192 -0.68944142601737 -0.63457138491829 -0.63444715897484 -0.63590719550435 0.64905184390703 0.74312851663889 0.59186141803662 -0.82015859981071 -0.70919385589075 -0.74524810628914 -0.6279200434826 -0.6266262113301 -0.61394033635915 -0.62364482190872 -0.58989608604283 -0.60135756761687 -0.58782469875734 -0.63451548563235 -0.62423042346027 -0.61163854978024 -0.59350720589334 0.51174342716575 0.47683968487843 -0.53170975985629 -0.58018170193653 -0.61209037055461 -0.60023482828517 -0.60384500150104 -0.59679564918452 -0.60799080414947 -0.59128709352754 -0.60438310636498 -0.59246100187271 -0.65887655030611 -0.67527749933607 -0.68784810912866 -0.63387177071405 -0.63424115153941 -0.63324129474227 -0.63709941885585 0.67271800583858 0.65000103664528 0.54160407598891 0.71245100169412 0.79645880340783 0.54752643874898 0.59801744929015 0.58678015402753 0.592364111021 -0.8630856450719 -0.83336743303591 -0.77401881351983 -0.71019001541045 -0.73361439822029 -0.7445460445834 -0.75294693798321 -0.62806255072807 -0.62776074625882 -0.63030645108649 -0.62679193776647 -0.62598710590036 -0.61348534836154 -0.61122841401934 -0.61537789978389 -0.61820039125795 -0.6174089076663 -0.6162704437654 -0.61425706404966 -0.61599827091027 -0.61855420198409 -0.62412673487983 -0.58993755570562 -0.59014795988848 -0.6002704457681 -0.5991711531749 -0.5884466411707 -0.58784044145081 -0.63247582762315 -0.63579998139597 -0.6397847645767 -0.6255978539656 -0.62705641959223 -0.62340183041401 -0.6284522493978 -0.61287799255107 -0.6155652556346 -0.59353615232388 -0.59271932132558 0.51122922429448 0.49993965033246 0.51972426725356 0.48017597397919 -0.43349490891566 -0.57483649197074 -0.61563152630015 -0.61844003677985 -0.62115085050936 -0.62507050613587 -0.62351880896851 -0.62906331129809 -0.62089869193826 -0.61239749081771 -0.60795235252538 -0.60003852493002 -0.6617656503308 -0.68251930812466 -0.67436301958646 -0.68706229874859 -0.63540046387678 0.71470423267425 0.6809498796357 0.54072819367924 0.55737487565043 0.71953227570634 -0.71556380779483 0.84662205032257 0.55998833554668 0.54127814083848 0.59674816735732 -0.78559556752744 -0.78658539935194 -0.71009666788418 -0.71284419332513 -0.71626749874778 -0.71546061920376 -0.73561351955524 -0.72873307721236 -0.74454143574406 -0.78285122270088 -0.74854496843853 -0.73783693451269 -0.62806079235267 -0.62790663549158 -0.62825068084625 -0.6284135516951 -0.62825826552852 -0.62807216355369 -0.62811413273505 -0.62888983061735 -0.62850304165136 -0.62861286464042 -0.62907303556483 -0.62905697486058 -0.62878070127862 -0.62934673072299 -0.62744315625121 -0.63033216730074 -0.62650725839564 -0.62588951065374 -0.62530936103598 -0.62627314424526 -0.62539358412869 -0.62557509784642 -0.61142634452933 -0.59017536253229 -0.59064030011968 -0.59751150255751 -0.59994765100419 -0.58828587008318 -0.58785657905152 -0.63220440979817 -0.63044113684923 -0.64253076713465 -0.62175253951775 -0.62130509380401 -0.61306316755022 -0.61422955588471 -0.61010180629196 -0.61663233344182 -0.59208485387251 -0.59201714887988 0.50387478617513 0.5151776429827 0.52602929486317 -0.46874541581915 -0.57335386125245 -0.62464845524275 -0.62669868744927 -0.63277290532079 -0.61671769116542 -0.60006247054609 -0.63469879311714 -0.63538094076531 -0.63617318655724 -0.63567267622824 -0.63853238677646 0.73828802200868 0.66202452343669 0.69877059847822 0.71823735215469 0.70171904515993 0.70553525238133 0.71550830425651 0.76820978092062 0.75355315491794 -0.71310075692734 -0.75020556045953 0.85710493474612 0.56578172896904 0.54084525585203 0.59277141446665 0.59747712041219 0.59397990373592 -0.79064922917123 -0.79977241276602 -0.71180541552042 -0.70889165125138 -0.7109104609472 -0.70899102054563 -0.72259765987954 -0.78461284728049 -0.62820341934128 -0.62847454496131 -0.62872739103321 -0.62846572074044 -0.62972192959631 -0.62739975133395 -0.62708169236737 -0.62776054424293 -0.63034032282134 -0.62990829604742 -0.62476876319831 -0.62640182521502 -0.61389009663551 -0.60745870772889 -0.60828260577156 -0.59039105735448 -0.59014497762874 -0.59806023578458 -0.60022369587351 -0.58823553135056 -0.63105890228733 -0.64612455280781 -0.63809136776054 -0.61114036591089 -0.60932356675323 -0.60967239405157 -0.61010548773876 -0.60779276306325 -0.5924908544881 -0.59202865312068 -0.59118865397824 0.5194570175238 0.53200661007502 0.52471705839186 -0.50740028079524 0.42071247592892 -0.61673762635538 -0.62106996442523 -0.63530200320056 -0.6349705845702 -0.63671446390884 0.71513078184831 0.66968821935727 0.66995301641768 0.67818047914236 0.75079149448682 -0.74200358491198 -0.75840941700443 0.55958298195498 0.5410555623206 0.58554405125171 0.61633331605831 -0.80661340977748 -0.7785546695587 -0.80008906829919 -0.71250607370443 -0.70278051303424 -0.72623378816764 -0.78980361638013 -0.80091331826408 -0.6293244914769 -0.62953635325293 -0.62952929548759 -0.62909261743427 -0.63077592631232 -0.62992374121319 -0.62984875249345 -0.62919665102013 -0.63014221670369 -0.62879984940394 -0.63000709378268 -0.62960620765579 -0.62716448726701 -0.62688005483981 -0.62677441498961 -0.62790266785746 -0.62767557199695 -0.62805753672446 -0.62610239996866 -0.62598775134449 -0.62648719152533 -0.62575050548744 -0.62636427646818 -0.62572301397785 -0.62358709456379 -0.62491435382623 -0.60716405441423 -0.60376356801563 -0.60641033617493 -0.60996449416519 -0.60466937403193 -0.60620925867865 -0.60620622720491 -0.60221090186482 -0.61431905709698 -0.61069427405212 -0.59005940880912 -0.58974299578002 -0.59033624953153 -0.59122906896595 -0.59078070795076 -0.59189261663567 -0.59111028117521 -0.63112540372379 -0.632786488836 -0.62972673800498 -0.63260304687331 -0.63014095283452 -0.62943560160799 -0.62887989013711 -0.64191493233337 -0.64184412981302 -0.64086887438672 -0.64606501607889 -0.63699130323018 -0.63623208152269 -0.63823860629152 -0.61055500248105 -0.61240462035076 -0.61100499482698 -0.59250314860657 -0.59201942128712 -0.59121956134651 -0.59144229962474 0.52503900837151 0.53044388489482 -0.41042308768557 -0.37405165978278 -0.61999626445888 -0.63493623770797 -0.63502101208009 -0.63656324879666 -0.63552959052767 -0.6400186853614 -0.63797522359284 -0.63988889765852 0.65785618679107 0.68925103419398 -0.77348916396402 -0.75900798553627 -0.69589575155821 -0.76099910684189 -0.73447790011952 0.55313104271806 0.54089962018902 0.5928446878061 0.60303077219782 -0.7804420486255 -0.70513063535246 -0.73074290522138 -0.72953415214826 -0.71962402513556 -0.62928424378148 -0.63057016214548 -0.63037831945883 -0.63209963574327 -0.63081765334344 -0.62698824886493 -0.62727302623999 -0.62726779579468 -0.62434305291522 -0.62439698397975 -0.62294675078449 -0.62393196027999 -0.60343233442899 -0.60119536915712 -0.6106354731127 -0.61460460770288 -0.6118026441755 -0.59545207420198 -0.6299727612711 -0.64278697169655 -0.64879448111104 -0.64504301514962 -0.63440437180886 -0.6340929647858 -0.63504723394594 -0.63839359242432 -0.63202526326202 -0.63303052908658 -0.640559252145 0.52695886836634 0.52560077748169 0.52926714244439 0.53431968702203 0.5446057939083 0.53547626558784 0.53829927540974 0.53384891250423 0.53788864195042 0.53155752944057 -0.62003525153675 -0.63479090044697 -0.63802526662322 -0.65614703142796 0.68338000593166 0.66132697773622 0.66979008249624 0.6584402729376 0.66929776638782 0.64454390287346 0.65811055148986 0.63635468234847 0.65412667129097 0.67390922906916 -0.63136722344666 -0.72935711827552 0.54085974608382 0.54091116248678 0.59231397994995 0.57720676165187 0.59271171943783 0.60478638153692 0.60991265654924 0.61732033417425 0.62157534003955 -0.70735178119154 -0.70621559704476 -0.70627225263082 -0.74360290042656 -0.71688675863322 -0.72125301740795 -0.71441821857544 -0.72360208849278 -0.63184582170866 -0.63099147218363 -0.63166601721689 -0.63097577440151 -0.62502382502108 -0.62333388923569 -0.62041977352572 -0.62204581356165 -0.62128705341685 -0.62486803923696 -0.60255981397323 -0.60875555904626 -0.61775704740958 -0.61621310517716 -0.5981623349785 -0.65523303327454 -0.65027662023118 -0.6549333846547 -0.64980481901014 -0.66126625255042 -0.64303232256226 -0.64464762320183 -0.63149016316147 -0.62967985116856 -0.62991781587327 -0.63080396300085 -0.63066670809091 -0.63004572363729 -0.62539546254471 -0.62908509988804 0.52075817075037 0.50648696646436 0.52369310937813 0.54185725977106 0.53767923397039 0.54189846688613 0.53898819863368 0.53419610728413 0.52881868925991 -0.64486495718738 0.63580840602277 0.69576759154475 0.66678759882404 0.66466873910661 0.66745851974263 0.6973958484816 0.66390549093606 -0.62792678438318 -0.61829563486538 -0.70128900342039 -0.72710078055169 -0.74270000901159 0.55811487949965 0.58625514469884 0.62866761643219 -0.70440122346014 -0.702372703103 -0.70471476733012 -0.70847261865958 -0.70173615969823 -0.70467922726122 -0.77328060343158 -0.63108879225644 -0.63121537773566 -0.6311264833272 -0.63149580798886 -0.63272410959021 -0.61598889684611 -0.62177132702657 -0.61993303740842 -0.62223184665487 -0.62268019869682 -0.62423385403872 -0.60355890069138 -0.60756360063242 -0.61950062502461 -0.60022913818693 -0.66556183794459 -0.63026267551757 -0.63004768313915 -0.62707714245256 -0.62909565806767 -0.62774223662381 -0.62348837870728 -0.6303527014871 -0.62466927626186 -0.62895798539847 0.54169672516447 0.53510510725493 0.55304248454018 0.53347547595378 0.54661946577413 0.5409474780354 0.55557511296399 0.54105735660388 0.53772947471055 0.53998607999505 0.53705891137311 0.54067713238216 -0.6446667245977 0.68133244537878 0.70526450449507 0.62945035637738 -0.68582498140174 -0.71974726518207 -0.68311258103785 -0.7459718794511 -0.71160521273605 -0.72927526589102 -0.74758131678327 -0.7552817107865 0.57595474434376 0.59377640004987 0.57933142636366 0.60233658850161 0.55887939750261 0.56983317868256 0.57050937823516 -0.6972224282043 -0.70659959679856 -0.70706525267569 -0.70772652322958 -0.71054450369407 -0.70362861021699 -0.71316734995939 -0.70579050580228 -0.71288408566876 -0.71838280168595 -0.69997022608517 -0.70227449556849 -0.73213974257105 -0.77330106555089 -0.63073785674881 -0.63109485918524 -0.63071708346185 -0.63106018190212 -0.63158237705881 -0.63074414029115 -0.63041427265879 -0.62960519931475 -0.64234420707809 -0.6332814774543 -0.61436393370031 -0.62145945045982 -0.62262575489247 -0.6205695926255 -0.60800521401147 -0.61128685316358 -0.66350553824474 -0.66477316531437 -0.6647393997049 -0.63042743377449 -0.62921605317145 -0.62665342564479 -0.62210066793589 0.58405366499648 0.54929042909642 0.60112083982914 0.54261254997318 -0.64094123590484 -0.64094930084604 -0.65490475363095 -0.64729927649794 0.67085046965949 0.72730274678162 0.71760057598619 0.65517728471742 0.63761848216395 -0.61716427945724 -0.74232696965931 0.56734239480089 -0.7004683868406 -0.69731213316862 -0.70198384787075 -0.69889685347405 -0.69407149289157 -0.70337650130333 -0.72370201205212 -0.73485943784281 -0.79348741860917 -0.75322395417578 -0.62879340298371 -0.63503398903725 -0.63262809202305 -0.61790349913936 -0.62087655926347 -0.61889764383483 -0.61177515737135 -0.66886563302911 -0.66790620181824 -0.66721336573967 -0.63125563997757 -0.62239544566236 -0.62024971780397 -0.62076098790804 -0.62135916372561 0.6126515205359 0.57420452023744 0.62282637068285 0.5748632410314 0.54162631440058 0.54272352705894 0.54936828310549 0.54208865864037 0.54489543284737 0.54216727212647 0.54748044486246 0.54465668053583 0.54120161231947 0.54436853641434 0.54303609408741 0.54594321959258 0.5414433705842 0.543012412513 0.55448153167189 0.54155921148725 0.54102007029013 0.54271862521925 0.54175523584746 0.54808460424529 0.54720603875755 0.5409290184983 0.54127441057378 0.54131610461994 0.54160389186798 0.54105719901966 0.54157742079693 -0.65643495569869 -0.64162296894784 -0.64452436895023 -0.67680716953589 0.57378859405216 0.58647988723753 0.57312650560253 0.5570136635247 -0.69765282209838 -0.69887183887361 -0.70195366360153 -0.69214026899373 -0.71949377830209 -0.7274200495966 -0.80509726049241 -0.79104814069922 -0.73749903789117 -0.62902251382605 -0.63387314986684 -0.64023797301153 -0.63218046057693 -0.61624366712831 -0.6180266482442 -0.61916484039779 -0.61052166418376 -0.67001194091777 -0.62138768533117 -0.62080038574542 -0.621289559601 -0.61859770615358 -0.61940774481827 -0.61991773142543 -0.62029742821215 -0.61999553812521 -0.61927870862577 -0.62043371476063 -0.61897118747861 -0.61795313084205 -0.61863213620916 -0.6175594131353 -0.6163038931193 -0.61838798647846 -0.61630565463819 -0.61450615135618 -0.6149585394447 -0.6139484243652 -0.62307317414508 -0.62123136243391 0.57248455561597 0.56036507276984 0.55496055897637 0.57233359229776 0.58632025601923 0.59478680763263 0.62429125857539 0.61844281478029 0.56237478094587 0.56191683189147 -0.65553980987832 -0.67960056735485 -0.66735503558881 -0.64981280867978 -0.64980115569887 -0.64199020855617 -0.64699999329425 -0.65140736120325 -0.40204434291521 -0.70441917669952 -0.68951297945269 -0.7106920889694 0.55172787393246 0.54690381380141 -0.69864759765516 -0.69441189204681 -0.6755805879908 -0.68927044405536 -0.69799404567736 -0.70318415726853 -0.69709315342232 -0.71910408956161 -0.72435812160437 -0.72689609713916 -0.7071718696198 -0.71688346727494 -0.75266143244601 -0.76395988796011 -0.73674915708083 -0.75606130315303 -0.77424939015243 -0.72404709533047 -0.77869856952366 -0.73837627298222 -0.78419823613901 -0.76879804215522 -0.71229529885431 -0.77820664728531 -0.76337844565097 -0.63751131082894 -0.63908477369708 -0.64438080836506 -0.63735712653782 -0.63336677498058 -0.63359096527263 -0.63479368140005 -0.63906596217466 -0.63290898789647 -0.6316715404708 -0.63138521199223 -0.61601555753831 -0.60528982340392 -0.61435498710205 -0.6797365471342 -0.66591892503638 -0.62165939648683 0.6095555847353 0.52044950881034 0.57482038062249 0.54926875410866 0.59979182505816 0.6069713729983 0.62049526086396 0.55158011618134 0.58647997794283 -0.66716685136154 -0.67985203486671 -0.67638639988196 -0.66671932911678 -0.69737717821867 -0.6674203278771 -0.68773746539804 -0.69614966301808 -0.69285430382416 -0.66500643197357 -0.61099605719564 0.60612173417263 0.58984264015503 -0.59410530711704 -0.47347195587318 -0.65938204486798 -0.67666324914628 -0.65699936963512 -0.63801095645923 0.55514915269087 0.55763851235656 0.55006399710523 -0.68688554416707 -0.67295213448265 -0.68500360223807 -0.71702940362988 -0.73577430454805 -0.74244716144616 -0.63380575889168 -0.63753745411171 -0.65842821593709 -0.63692908215727 -0.63233345568626 -0.63233234489208 -0.63181674484831 -0.63342746724345 -0.63238743556285 -0.63296866083382 -0.63439465825085 -0.63195746918129 -0.60859550458086 -0.60442235411527 -0.60579288555619 -0.60749033345073 -0.60418155077579 -0.61355147672292 -0.61621565134806 -0.61729249665205 -0.6655231260625 -0.66655896305792 -0.62416498421397 -0.61985072131269 0.59477871651592 0.55889878735255 0.62721841786767 0.53900273401642 0.53280085586819 0.53196137843466 -0.42900454761549 0.49191516182676 0.56835569423691 0.61581363799178 0.63348595148293 0.64806583958244 0.57652229644354 0.594339155722 0.56379763074031 0.57306342105725 0.57544303042851 0.55593751366774 0.55480438390529 0.55735980812224 -0.70794369989341 -0.68054174850258 -0.6558907041848 -0.67405249000599 0.48619722119483 -0.68745147391226 -0.66472409243548 -0.68067056632396 -0.60209802312623 -0.69165481151482 -0.63146504148858 -0.71068406924232 -0.57775315159146 0.5505834161521 0.55584745083538 0.54535394172738 0.55066482747831 -0.68543274861354 -0.67399537606164 -0.66591167091441 -0.66720753505614 -0.75456606859298 -0.7367781041182 -0.70616956552745 -0.70952090960395 -0.74789523746511 -0.63525279667996 -0.63537480393305 -0.64778319443727 -0.60126765636004 -0.61016743376002 -0.61522161125173 -0.61612560236428 -0.62020248029893 0.57668529273097 0.52824938293969 0.39833056363477 0.51209184989887 0.51100695940529 -0.52139894906177 0.47337703711135 0.58773061303388 0.60235545052397 -0.70528992799152 -0.66465798056692 -0.6375980438139 -0.61291505147526 -0.73266962045838 -0.74984377065208 -0.61043241411411 -0.60895330526319 -0.61180620181911 -0.5735090104977 0.5473346261378 0.55283980983159 0.55254334060881 -0.66178160606475 -0.66914936631209 -0.6676704920126 -0.66367838013027 -0.7165900131655 -0.69308383126013 -0.64824024318803 -0.66710641715047 -0.64467739945369 -0.67330921938776 -0.66201206771304 -0.66487668360668 -0.66485627062014 -0.65019517015319 -0.68515834611096 -0.69328747869564 -0.68985370355013 -0.69081263011365 -0.68660618586132 -0.70424123220083 -0.70565291424345 -0.7241057426686 -0.63940263171649 -0.63491694963053 -0.63648825034871 -0.63374603801852 -0.64532678540688 -0.65555589506994 -0.60287797622073 -0.5996771373568 -0.60132021886507 -0.60917486180086 -0.61403475693279 -0.62150213432809 -0.62227076668789 -0.6187500650777 -0.61946515627784 0.53260065425815 0.41429866182441 -0.53523203154264 -0.49640382448997 -0.53813679124301 -0.5077867898382 0.49280325567176 0.51275416193403 0.39557878965104 0.58949361252936 0.60438384454171 0.58587442250771 0.61526342331556 0.56755524436306 0.60991699581268 0.55776721761263 0.60273337029326 0.62943981329477 0.58081307404278 0.61756139155941 0.62736297171039 0.5772707440508 0.59599159545792 0.59367283600215 -0.6602150347567 -0.62704825691144 -0.73079289342386 0.54801386558432 0.54379223669274 -0.67402171312508 -0.66428870906684 -0.661605966477 -0.66403372752443 -0.62803553871554 -0.66384207775368 -0.64011520457326 -0.64836639763982 -0.63239419462775 -0.65404786147028 -0.64476887484586 -0.63075834840923 -0.6419171522729 -0.63675104981607 -0.62885647350548 -0.62912720594561 -0.63603227443565 -0.64749066127098 -0.63544709246955 -0.65938212390864 -0.60017818312938 -0.59756264341027 -0.5983011120533 -0.59917022585492 -0.59916443935394 -0.59868986898939 -0.60136366486682 -0.61804483025333 -0.61742159870383 0.51276348548827 0.49453606235669 0.45134646751708 -0.50713121424852 0.64239220818083 0.55659978415455 -0.5984064484181 -0.62881952490237 -0.62642147086945 0.54474749791319 -0.67869152172834 -0.64942638315463 -0.6647287806072 -0.64002524950063 -0.62528746626178 -0.64096282548707 -0.64158961303383 -0.63536313380818 -0.60022546965886 -0.59817837979292 -0.59817767984225 -0.59611920933676 -0.6005963725917 -0.61872893538035 -0.61954805554243 -0.61762628831786 -0.61697650881312 -0.61561449534301 -0.61653914319106 -0.39835689490189 0.48707214095002 0.47634507961218 -0.47213154430109 -0.51599774894303 0.63552022775414 0.64206734076168 0.63425878885 0.57017555484601 -0.64393716676117 -0.60013359132362 0.54292159150144 0.5450134356125 0.5431811978791 0.54634322604867 -0.64610915908877 -0.65430634748094 -0.64939800565805 -0.63985501120431 -0.59746714589316 -0.59927092479407 -0.60500571637271 -0.49355293029125 0.45078394312587 -0.54661511524008 -0.49457769297401 0.63257107603315 0.6190757348581 0.63895750363027 0.65045359434556 0.64137470298891 0.63869272287117 0.62109774030181 0.58192654430169 0.55519934414336 -0.60800625702685 0.54418259527912 0.54462772709323 -0.66267957801353 -0.6390890406366 -0.64436799946044 -0.63707343694674 -0.63769447709888 -0.64109581866694 -0.63578493389148 -0.63565084641019 -0.5981296441698 -0.60012484526756 -0.59938087126859 -0.60026589239213 -0.60280700023696 -0.60201822700691 -0.6040484128003 -0.48926381740783 -0.51885100244322 -0.52909413523566 -0.54709670980893 -0.57324983286349 -0.56984859586852 0.65065630170262 0.64854693057865 0.65754148323226 0.63850359575097 0.61289033916367 0.61021148615845 0.62766370216458 0.56791858255045 0.55631980089243 0.56539270618218 0.54542871579127 0.55076945015003 0.54497380163618 -0.61389536501473 0.5451683035532 -0.658259316542 -0.68123482600524 -0.65143052150349 -0.66931926863422 -0.67787413109334 -0.65354494435448 -0.64503258488925 -0.6893037271601 -0.69226261994865 -0.68227403036583 -0.68549495499254 -0.69368127263706 -0.69422292241924 -0.63863983122238 -0.64373881279705 -0.58907379331025 -0.5814941994586 -0.5657177916771 -0.58735754773323 0.56802519623218 0.55836007174497 0.5486213493382 0.55044120354676 0.5475393226027 0.5424347774546 0.54449809767322 -0.62487547028932 -0.60522829265387 -0.61819326536882 -0.60940393669388 -0.61324861922381 -0.60900951175324 -0.64691426024602 -0.65121101843871 -0.5977326122775 -0.58815461043344 0.55126927833171 0.54842407647809 0.54451476837784 0.54522717944748 0.54347345930298 0.54276566916918 0.54191908844015 -0.60292161189054 -0.59375117528466 -0.6123028769164 -0.61472386052347 -0.57008875453835 0.5422141597398 0.54162577202612 0.54145672292294 -0.59451748242067 -0.57843659451558 -0.56800108187898 -0.55582251620952 -0.55905977780733 -0.55401126045242 0.5419098700435 0.541625168152 0.54164288943348 0.54142308519396 0.54123719504227 0.54149437655494 0.54171698934036 -0.54685329661936 -0.56626982212439 0.54231515350972 0.54230922776658 0.54242169143829 0.54288984052027 0.54197897361921 0.54270462150323 0.54184503744218 0.54349884867788 0.54275752500305 0.54231542695341 0.54161503923402 0.54183195177127 0.54200560881694 0.54158740666863 -0.56024524630372 0.54267980588974 -0.58766373232408 -0.58970808637534 -0.58950635352568 -0.58976258356987 -0.5898222549506 -0.5894154544954 -0.58926585972469 -0.58907281162329 -0.58882331344702 -0.58888050246492 -0.58860251721328 -0.58915191331044 -0.58948300976626 -0.58948588261038 -0.58984497129226 -0.58914529699132 -0.58943589976884 -0.58950439940197 -0.59060692801046 -0.58994084074942 -0.59078183892892 -0.59016829010382 -0.58975390354604 -0.59041646613724 -0.5897644951511 -0.59283658859246 -0.58987146183452 -0.58897694550175 -0.5914953116894 -0.58933810268748 -0.58907426043046 -0.58875964488364 -0.58973417570594 -0.59364777901142 -0.5916702874051 -0.59003653901626 -0.59275594135799 -0.59097108183073 -0.59384125332706 -0.59143263011002 -0.59016149029764 -0.59189528888703 -0.59463581991319 -0.59294746642623 -0.59122321259501 -0.59072022578238 -0.59094390702262 -0.59280414004466 -0.59626102172562 -0.59452986981606 -0.59249773366891 -0.59272841787718 -0.59615383042743 -0.59500962132252 -0.59496190570312 -0.59743168589264 -0.59682967816244 -0.5959308982356 -0.59439500452224 -0.59591419955135 -0.59345707336223 -0.59109770960148 -0.59033183305568 -0.59098238083158 -0.59523058807697 -0.59813735070503 -0.59653675743303 -0.59154081969393 -0.58949069363394 -0.59402937676004 -0.59747135224896 -0.59773203646503 -0.59798106399442 -0.59712550174091 -0.59788292755281 -0.59778735262465 -0.5974646011147 -0.59817415148258 -0.59833536943514 -0.59862187139725 -0.59879941490861 -0.5989303944368 -0.59386718646783 -0.58987936032982 -0.59787958566095 -0.59407395140573 -0.58827667839698 -0.59121496069994 -0.59774346003716 -0.59900996370091 -0.59643767526768 -0.58879056463093 -0.59046518759435 -0.59284566926765 -0.59124564465369 -0.59853923316602 -0.59507469144706 -0.58927228798709 -0.5892010659627 -0.58876138409712 -0.58907721333228 -0.58926332454522 -0.58929368904548 -0.58857461376046 -0.5888724363053 -0.58844748672561 -0.58822823761234 -0.59160578035767 -0.59254640030409 -0.58806568100434 -0.58792141690013 -0.59037762681392 -0.58899426373597 -0.59552830096625 -0.58819557087094 -0.58800236714945 -0.58793470132015 -0.58806999717019 -0.58803402742652 -0.59426848490949 -0.59293022099776 -0.59645491836984 -0.59005979608035 -0.59528956245012 -0.59672467540937 -0.59701602056998 -0.59703990965946 -0.59645605893922 -0.59723232867723 -0.59531564964646 -0.59681963774246 -0.59567075652578 -0.5904206292712 -0.59564528149376 -0.59384896976175 -0.59609223975763 -0.59441115519246 -0.59457967038153 -0.59383372965509 -0.59520454248776 -0.59431694149513 -0.59495511520348 -0.62154813988668 -0.58769269155513 -0.63391662177791 -0.58318325697675 -0.58693733814597 -0.5943278085835 -0.57993242983294 -0.63081592236333 -0.63551751361345 -0.72833433185425 -0.60291224980997 -0.58801325365215 -0.58792605391688 -0.62123535319582 -0.61367360055307 -0.61468514808964 -0.61514687008059 -0.61369582826385 -0.61448350002973 -0.63261773859436 0.65386156124023 -0.72255878519955 -0.62758024826337 -0.62752655101922 -0.60771824439254 -0.60907395926463 -0.60781667281081 -0.60424732621076 -0.60530588943716 -0.60560773619041 -0.60552126477961 -0.60407501964355 -0.60274032709008 -0.60372555554742 -0.60258059729337 -0.60550195607872 -0.76807032242128 -0.78909426056498 -0.72619660932295 -0.78934879714233 -0.8253574581204 -0.63018956929003 -0.62778118185881 -0.62760581057691 -0.62753743134116 -0.62822949543292 -0.6267638668323 -0.5916588273251 -0.59321048163684 -0.59312217962678 -0.59272932291661 -0.59139959206356 -0.59033100012942 0.44502812203658 -0.63438866953243 -0.62702725761213 -0.6271268956434 -0.62713918287678 -0.62735305142157 -0.62752257805431 -0.62734379391476 -0.62688422456178 -0.62777847193561 -0.62721110498452 -0.62755197299434 -0.62757148519208 -0.6279660055684 -0.62713634259639 -0.62771078442665 -0.62748456603212 -0.6273964667217 -0.62715955845212 -0.62656378479979 -0.62685039133751 -0.62630082090959 -0.62716397621309 -0.62642589357243 -0.62566449687628 -0.62725149450158 -0.62732309328059 -0.62765897765119 -0.62580976751349 -0.62486261652187 -0.62529526225187 -0.62679149955296 -0.62882677915106 -0.62613312226961 -0.62561877737013 -0.62798241672051 -0.62417591660189 -0.62616360611323 -0.62417684159565 -0.62467478103878 -0.62592620011849 -0.62819842278846 -0.6288350016421 -0.65588109194975 0.66401973845936 0.54096960846512 0.54089633279032 0.54104882447062 0.57919553866901 0.57717436661332 0.60939089589741 -0.59767179030346 -0.59728384969159 -0.59487701523095 -0.59613508996056 -0.59439701278942 -0.59511945322976 -0.59958650684195 -0.59735463163221 -0.59578392272337 -0.59834134458251 -0.59462395172607 0.5071717290935 0.53891011077981 0.5400389712651 0.62874779275272 0.62616482126812 0.63323963827444 0.63248893057388 0.62778443132991 0.62479350808318 -0.6236377046283 -0.76449345602195 0.60772787227654 0.59421995878377 -0.63136357224908 -0.63186660769934 -0.63025723582153 -0.62969702007416 -0.62832980063931 0.5446703601717 0.54363495999817 0.54084699579373 0.54087363305879 0.5408813474659 0.54105892491232 -0.63714284034834 -0.69252587956413 -0.69078505509886 -0.79850894896007 -0.78576052954827 -0.61908911126406 -0.61762031267804 -0.61352110177678 -0.61326175676959 -0.61145529851451 -0.61393656320546 -0.61099942316649 -0.61478229339954 -0.61530138245282 -0.61466738049103 -0.61210341432519 -0.60924191550918 -0.60938887099643 -0.61110226692334 -0.60735430750959 0.5855365802138 -0.70006491908748 -0.65048513991199 -0.63507020421428 -0.63841170200883 -0.7045474381519 -0.6338547698381 -0.63312217642706 -0.63427616345682 -0.632640467089 -0.61898640647345 -0.61796446670775 -0.61712960073104 -0.6200247072677 -0.61900402945932 -0.62119075016423 -0.62261828932643 -0.62043409857255 -0.62276482397697 0.65564619767792 -0.71327045625752 -0.71675723688363 -0.61322862494715 -0.61491153396347 -0.61320978787738 -0.6956305817614 -0.70912176813758 -0.67597566797786 -0.67607998651419 -0.68854399711885 -0.67691827975254 -0.64818436842761 -0.65338318000313 -0.66137107938729 -0.66126759428441 -0.657485211248 -0.65540471390548 -0.64640803895698 -0.66060153149628 -0.66356445578644 -0.64772494632502 -0.64252682964737 -0.64136387336173 -0.63566713876678 -0.63908064104853 -0.63697041935881 -0.63302206691588 -0.63759988680879 -0.64096727991192 -0.6397654269263 -0.6375580976558 -0.6350217145918 -0.63542335228764 -0.63021928673621 -0.63224994429925 -0.6326488315822 -0.6395496149735 -0.63298763802657 -0.6312095485849 -0.63292419300602 -0.62921217889757 -0.62999298258284 -0.63139562569889 -0.63055946919634 -0.63052862770008 -0.62941144396715 -0.62919280689283 -0.63239489989028 -0.62840747578321 -0.62837037834901 -0.62805875257864 -0.62808905903986 -0.62795993731983 -0.62830992615609 -0.62781518154762 -0.62864828532269 -0.62789225490075 -0.62863697678071 -0.62768390856075 -0.62895340637686 -0.62832226668087 -0.62800826502162 -0.62775969989386 -0.62846250731089 -0.62920459528554 -0.62789044629352 -0.62106904809692 0.55195647249581 -0.66699710567156 -0.66836130276087 -0.66087229224726 -0.6652784392931 -0.61321283831925 -0.59861723328649 -0.59732317559067 -0.59698429018294 0.64562519473723 0.61825760803606 -0.51851853304349 0.59887874456887 -0.66559116405889 -0.67406442142644 -0.59638632633088 -0.57699009516839 0.54144631387925 0.54135240068992 0.54136153694738 0.54120671466227 0.54116729554805 0.54107889196356 0.54114271449537 -0.5875938409829 -0.58990459693569 -0.58884665400863 -0.5885640375703 -0.59049672377267 -0.59042963646837 -0.59764545283874 -0.5971637781788 -0.59659104882831 -0.58821043934976 -0.58852520905414 -0.58773480574434 -0.59165448290107 -0.59753234810582 -0.59681324153533 -0.59594841595099 -0.59644911259293 -0.59535923294367 -0.59537611813294 -0.5950525953289 -0.59564704189933 -0.59610801515514 -0.59730397852337 -0.58910167126017 -0.59235187182043 -0.5912563354698 -0.62301605582016 -0.62090178755237 -0.61968300218092 -0.62162309924375 -0.6176476684741 -0.58775547661815 -0.5876412222423 -0.58767304821268 -0.5875993574648 -0.5877266371381 -0.58773995362094 -0.58762397418033 -0.58763210413236 -0.58759165729193 -0.58760530635289 -0.58760064883007 -0.58755633468768 -0.58768340579414 -0.58766570472496 -0.58757491156466 -0.58757714508008 -0.58772359019326 -0.58784046260006 -0.58779737761109 -0.58780351967291 -0.58764463491845 -0.58756784351021 -0.58755583557583 -0.58757384446312 -0.58789210796285 -0.58763468086493 -0.58761107916659 -0.58762001436929 -0.58759837215737 -0.58756651988788 -0.58757797580585 -0.58760615799123 -0.58761824461294 -0.58769542274813 -0.60102556635641 -0.60061880471143 -0.61225890920762 -0.60346711051914 -0.60267010714419 -0.62743615577339 -0.62666683094784 -0.59196419362637 -0.59200617266006 -0.5926303472697 -0.59273544876732 -0.59082902425772 -0.59037039294523 -0.59062189593329 -0.59079342761733 -0.5910688291576 -0.59063378269959 -0.59087308318984 -0.5885967133022 -0.62673807240523 -0.62640410019118 -0.6269512261863 -0.62691843454977 -0.62963009863581 -0.62952110512068 -0.62843882218523 -0.62831645534367 0.54095766070592 0.54088747292205 0.54094417743659 0.54085071793878 0.54112150772255 -0.60037025981403 0.59705385447765 -0.6286278973165 -0.60912456836646 -0.61444821321655 -0.61559014630374 -0.61337020847528 -0.60746149612335 -0.64528608747572 -0.63701510506297 -0.69953879696984 -0.69039427533116 -0.68486876066942 -0.69749775626077 -0.70279235170333 -0.70267689993666 -0.63139211631595 -0.63015893404934 -0.65246174100675 -0.58900644688764 -0.58838064589848 -0.59400497788532 -0.59233251416096 -0.59420492468206 -0.59517400569804 -0.59527804174541 -0.58945976292302 -0.58889427295038 -0.58920983735101 -0.58991136132818 -0.58978619862427 -0.61898712931923 -0.62321388230407 -0.58754468601806 -0.58790767200919 -0.58754874365657 -0.58756537124216 -0.58763820178726 -0.58767931920745 -0.58771221258231 -0.60207851320339 -0.59065967392309 -0.58936176266162 -0.5902492167016 -0.62914091041255 -0.67846938945948 -0.69288899382256 -0.70045481648285 -0.58836295824356 -0.58881903129071 -0.58868642624283 -0.58828386387553 -0.5875504441338 -0.58754188122885 -0.5876617823795 -0.58840307434751 -0.58865206696606 -0.58815117670731 -0.58795702100282 -0.58806083137634 -0.58822714804181 -0.58993521946913 -0.58801149496356 -0.58843677920198 -0.59017696370565 -0.5877782268072 -0.58785687366649 -0.58976121750018 -0.58811330772778 -0.58896936936234 -0.58787508389032 -0.58824015774304 -0.58796272994688 -0.58859662499399 -0.58798607532985 -0.58776450076034 -0.58774757707785 -0.58781608599397 -0.58770228431621 -0.58786371983558 -0.58784253577907 -0.58773818264254 -0.58792408068816 -0.58779597695113 -0.5878015625334 -0.5880601326751 -0.5883764312274 -0.59001581325939 -0.58967453927034 -0.58829118385464 -0.5886179374166 -0.58814951870019 -0.58963316007261 -0.58768802032563 -0.58880707933326 -0.62317823451857 -0.62287940994736 -0.62417240260362 -0.62286359083222 0.50596272901065 -0.65913914735432 -0.60235388074425 -0.58977762536613 -0.61670086259951 -0.6158027644037 -0.62946275438835 -0.63236631155281 -0.58943396197891 0.55470594307398 0.55433940566959 0.55547110352546 0.54832258649532 0.55372320530097 0.55118186159057 0.48109148542451 0.47585701282972 0.48574939371221 -0.58992088865267 -0.59002052744827 -0.59003015962394 0.51364898406911 0.51108175074795 0.50838780757405 -0.62674937779108 -0.62683538367925 -0.62671029782194 -0.61522210927431 -0.61694654104244 -0.61599219256724 0.5060277848748 0.50618704985765 0.51141667670717 0.49007992107407 0.49218110082434 0.50182862965361 -0.62066036715128 -0.61912062212615 -0.62007986893414 0.72995524050393 0.72003786032081 0.7313029612277 -0.70757963586136 -0.70733689379889 -0.70891513862357 0.82774310186244 0.85559315598198 0.87214345194093 -0.6348241981708 -0.63469762295415 -0.63446371780785 -0.52976104234058 -0.53711274773995 -0.52292207445394 -0.49899805242576 -0.4807221059898 -0.49106536673113 -0.58756082143392 -0.58849047901078 -0.5927404692327 -0.44050777677946 -0.41358075402834 -0.45671402806027 -0.61578682741745 -0.61636903655691 -0.61669766342401 -0.63251083702457 -0.63223335284204 -0.63212236338112 0.54177560129582 0.54152974339014 0.54192241394489 0.54084586013687 0.54085024530432 0.54084763666288 0.5583687000561 0.5569038619807 0.55772338937931 0.54110716821165 0.5410905641625 0.5408623545133 0.54086547666453 0.54084749025599 0.54245425668705 0.54211155435215 -0.61720589478389 -0.61615460070076 -0.61711782053599 -0.73460174689784 -0.73899477429371 -0.73899554161394 0.51774415700535 0.52145523296666 0.5198620758263 0.52444193011864 0.52751084227455 0.52599794742963 0.53022185515259 0.5288931933961 0.52740560026275 -0.73849217326512 -0.73349523115388 -0.73590478572525 0.4628205473587 0.46720924883705 0.52511311817107 0.52267368465669 0.52200553298249 0.49071078714847 0.49534913774907 -0.60202771275442 -0.60230958778321 -0.59990046966887 -0.63445989871816 -0.63432674763201 -0.63456765851185 0.63575473905953 0.6335221469575 0.63047866399243 -0.57321614454417 -0.57694714261291 -0.56913499878477 -0.58811011269873 -0.58815015876398 -0.58825987543817 -0.60835280162688 -0.60856770477983 -0.60934124943651 -0.81000335150502 -0.8127223131486 -0.83056508765626 -0.88210177286183 -0.88794837325905 -0.83489058805157 -0.63570030262668 -0.63440462024289 -0.63442458540022 -0.61614335447973 -0.61708713158825 -0.61777401925426 -0.60116201012379 -0.59956018978627 -0.60037576930348 -0.86983867382314 -0.89911944994644 0.64980797058863 0.64514808718668 0.6543683275589 -0.6301152137757 -0.63033548515976 -0.63012664995928 0.51571481673642 -0.62721642694775 -0.63030603154258 -0.62817231083537 -0.68723170869278 -0.68881796010975 -0.68563478344817 -0.63091146051888 -0.63065198083663 -0.63083195954216 -0.63104309366814 -0.63120818960749 -0.63118524822199 -0.63011515743367 -0.63023842306216 -0.63043071704113 -0.72233641071934 -0.72349796947369 -0.72119681060566 -0.63409324498781 -0.63385452967841 -0.6341473117489 -0.68005644168211 -0.71202245293252 -0.65199914156751 -0.6161480027419 -0.61436049982229 -0.61516087420706 -0.60187599049658 -0.60273914887999 -0.47901938352992 -0.49083197833822 -0.57742502391854 -0.57372684943991 -0.57075400571825 -0.56174379143432 -0.56232741964079 -0.55473766499244 -0.61974296249878 -0.61900940803554 -0.61401024374451 -0.61264074518006 -0.61113028866301 -0.61005267961452 -0.63353647163657 -0.63363207643338 0.66295628953925 0.65960788291711 0.66577633988479 0.60680001576577 0.61301316589641 0.61557791260945 -0.59869115395367 -0.59824373445072 -0.63445620458121 -0.63428412401675 -0.6366426313138 -0.63597068365287 -0.63631914495613 -0.6354195152653 -0.63498935405549 -0.6351170450331 -0.69667237972502 -0.69457198951276 -0.69733161760657 -0.63411470325606 -0.63420512406467 -0.63517429162172 -0.63530517772883 -0.63546615285803 -0.63033649212996 -0.6302284103261 -0.63044830878697 -0.62962420436225 -0.62983599448268 -0.62992360879604 -0.61515158636109 -0.61508788586282 -0.61391044279864 -0.63401630899091 -0.63323091844981 -0.6342369027127 0.53222301856946 0.53236365160425 0.534021690966 0.67601090533729 0.69117355187489 0.68398883486595 -0.60085724401834 -0.6016338797033 -0.60162823151785 0.5404391262493 0.54034001794756 0.54067381859539 0.6174298047955 0.61079261459441 -0.61679832196922 -0.6169683023415 -0.61653245433102 -0.62418470753826 -0.62372273946916 -0.62463674914864 0.59932827762693 0.60274498514282 0.60308731636454 0.59266865036297 0.59507160050877 0.59402212388076 0.78010205024378 0.75841873795497 0.78773700677076 0.81867096694637 0.80322973088252 0.80546570170933 0.77977987866975 -0.62815089817202 -0.62821554773729 -0.6281190097055 -0.60005484103062 -0.59819537735936 0.79176532618446 0.77597321059591 -0.63426334249897 0.6804790791153 0.66698997492596 0.68469536373998 -0.63538071794852 -0.63521085344199 -0.63600178481377 -0.74458352789193 -0.74471717249719 -0.74474652223948 0.57918109833956 0.57858804175791 0.57048157654448 0.55077553723999 0.55222653471391 0.55209458484401 -0.62528813293167 -0.6255925430453 -0.62563716942343 -0.61690765471549 -0.61580460500101 -0.60860097199705 -0.61070571419414 -0.60949436421561 0.57643215906425 0.57481470523987 0.57836633842224 0.54096589953082 0.54093107527735 0.54100868217917 -0.61008908475102 -0.60778750495991 0.58969752705931 0.59106091645451 0.57901004035052 0.58272421416308 0.58174342232666 0.58738418856427 0.58497266741711 0.65881026258906 0.65648676626465 0.66114048887038 -0.61366812861064 -0.6147340875075 -0.61438707862426 -0.7978781378638 -0.80454250833983 -0.8158064829244 0.56359180211186 0.57108609285408 0.5672775546614 0.5571930916294 0.5565081535884 0.55544258665825 -0.59028102536324 -0.59039869886588 -0.59027810267562 0.86100830119134 0.80944791408742 0.80924885102082 0.54120737848967 0.54089776029869 -0.89336339394636 -0.85720351287564 0.71496096176546 0.71236552384409 -0.78880692351932 -0.79554078957892 -0.63219179278348 -0.63175082922892 -0.61835124129364 -0.61751438536075 -0.60031307825988 -0.59903611225936 -0.60147545777659 -0.72707648415795 -0.72690694702591 -0.72850100737056 -0.83778806074786 -0.8087427537863 -0.83476300678672 -0.58784939678995 -0.5877681720176 -0.58776822270251 -0.7092830969954 -0.71059761630788 -0.70963689104373 -0.71126694962901 -0.71029891599408 -0.711457133919 -0.70916919959414 -0.70761447997766 -0.70682979780745 -0.7017241077495 -0.70386481479383 -0.7041338505229 -0.71009743059407 -0.71105013031435 0.59710903671835 0.59474320908474 0.59473911810229 -0.70750420709178 -0.70764171891825 -0.70897562301549 -0.77059445508296 -0.76994358056503 -0.77944554788701 0.37740534479346 0.39992073598208 -0.6019445821665 -0.63019609175273 -0.63026408986767 -0.63046246386021 0.64073344911973 0.63789423291876 0.63528711990742 0.75788376180198 0.73522015966242 -0.63170498741028 -0.63204251631748 -0.63187015628061 -0.60385450611982 -0.6055974526806 -0.62629113753245 -0.62583693610226 -0.62783041362489 -0.58759194225399 -0.58908864253525 -0.58486198295003 -0.78784111907169 -0.77365109667048 -0.77004653175838 -0.7436071191015 -0.74593092736877 -0.74124362660586 0.58178836041556 -0.76859078448919 -0.77344682332407 -0.74996052346937 -0.7548893983154 -0.75987250724908 -0.74962861937206 -0.73995548657035 -0.61494035400311 -0.62566002525965 -0.62543755214773 -0.62577631403649 -0.74723515178072 -0.63454187482611 -0.63483852639511 -0.84464556832101 -0.64454995465024 -0.64669727337886 -0.64409338469982 -0.62347252613152 0.54911798327508 -0.70909863115477 -0.70808846935253 -0.70838269211882 -0.61335043119305 -0.61295865830934 -0.6139517177357 -0.62905610967157 -0.62918936437386 -0.62890719369237 -0.59023805153451 -0.59037063986492 -0.59026618164337 -0.62772813902553 -0.62769620370784 -0.62777862048826 0.71015034279586 0.71152549937291 0.71689219220805 -0.61749208948946 -0.62034319155126 -0.61777803729227 -0.71292146387544 -0.71404202470027 -0.71469863241267 -0.62664355382524 -0.62655766115845 -0.62863848398576 -0.62864323588114 -0.62850719293555 -0.62806120484839 -0.62798133332876 -0.62797993954851 -0.61292255557631 -0.61384474426129 -0.61336969093648 -0.65481761693946 0.54369058963099 0.69863349994145 -0.61460000118366 -0.68947774358791 -0.68421041085255 -0.6856089406273 -0.61249421483489 -0.61193333936212 -0.61491556051865 -0.58936680271094 -0.58920400349969 -0.58932627506802 -0.71469045074928 -0.70911494936343 -0.61516052634928 -0.61681135607267 -0.61879187873395 -0.6210722047346 -0.62800782757602 -0.62806150185983 -0.62783299612339 -0.62784758537159 -0.62833671768827 -0.62837611144546 0.59206984125482 0.58530236654685 0.58681953161701 -0.79680403521263 -0.79289336392123 -0.79821320032455 -0.6283776029318 -0.62837169356932 -0.62825472867031 -0.62766789298116 -0.62761107431293 -0.6266342381364 -0.62662522991967 -0.62651595197208 -0.62693333699495 -0.62697728637349 -0.6270339080639 -0.69090287577423 -0.69237199702386 -0.69390179509463 -0.59009060523587 -0.59017042430188 -0.59009936563648 -0.59509091303635 -0.59713504389075 -0.62358163517925 -0.62446519336195 -0.62369769950198 -0.62603423733652 -0.62582817167051 -0.62675883734384 -0.62721331528646 -0.62727952457386 -0.62733381274741 0.51737917908617 0.51574572590798 0.51327011490164 -0.62683682475662 -0.62689729176855 -0.61257125056953 -0.61123257890921 -0.61279562535147 -0.589861130222 -0.58988034645564 -0.58990709265026 -0.62592763936994 -0.58999062400113 -0.58994886730653 -0.66525704153316 -0.66459819767167 -0.66392801052987 -0.58974078820554 -0.58968278533388 -0.58962987626411 -0.58981960337449 -0.58999213229667 -0.58990950401488 -0.60952102951497 -0.62790995647897 -0.62799173016754 -0.58769944962616 -0.58769466289599 -0.58767249041087 -0.62752376472521 -0.62743291608525 -0.62748791631931 0.53556326747116 0.53728105724239 0.53590777204422 -0.71294957746103 -0.71372989456617 -0.71132771078968 -0.5877251416181 -0.58779476643626 -0.58776106643923 -0.66552226293237 -0.66516689840342 -0.66514403235074 -0.58758697944419 -0.5875883106555 -0.58760000954416 -0.60723431812796 -0.60653018801201 -0.60543448963092 -0.59750724056073 -0.59892124450292 -0.59881217776579 -0.59069617971746 -0.59068923492434 -0.59262315176805 -0.5927603759148 -0.59253615590811 -0.63521171154279 -0.6348910166151 -0.63513434633219 -0.73169497027098 -0.73167007961427 -0.59168451992165 -0.59135801447588 -0.59201104738961 -0.59793538628622 -0.59919846907956 -0.59898649868132 -0.59095123196403 -0.59086985993514 -0.59071257304306 -0.59622169844109 -0.59648170848269 -0.59470407610967 -0.59494277664009 -0.59478999591982 -0.60850933965039 -0.60623245303175 -0.61016104362943 -0.78626313514038 -0.79422633166559 -0.79104416192461 -0.62127855694008 -0.61992107364703 -0.62026909133027 -0.59102132500748 -0.59126830056421 -0.59111069910232 -0.58939343452812 -0.58948720818162 -0.58764722125075 -0.58763326092464 -0.58765562510662 -0.58833243524911 -0.58823216394591 -0.58812941969987 -0.5888465601771 -0.58874805374114 -0.58871423551164 -0.61405295552008 -0.59114226240006 -0.59167705684364 -0.59168428920853 0.61138511069994 0.61689471786875 0.61101901717002 -0.58983609074934 -0.58979239704062 -0.58787938115576 -0.58793093436023 -0.58787156760133 -0.60414289850153 -0.62296509231624 -0.62321700682533 -0.62269876314398 0.72864751702086 0.70666731886005 0.71861415557794 -0.63143516299513 -0.63169596181207 -0.63133195176189 -0.64090111383618 -0.64097792932857 -0.64229333818502 -0.62818026115426 -0.62807260127517 -0.62819638137911 -0.6439334124746 -0.64274632510575 -0.67648533039634 -0.67379179445961 -0.67543264217423 -0.62644469216212 -0.6263939930991 -0.62532493228263 -0.62572738220385 -0.6253275080036 -0.62479265055259 -0.62424985945457 -0.6325558201303 -0.63151692994663 -0.63202171733435 -0.61889789443406 -0.62216817339177 -0.62022487284262 -0.554024671898 -0.54477362219501 -0.55240018023272 -0.71035482437923 -0.71060612425713 -0.6214448415871 -0.62134244046495 -0.62122208131124 -0.65884635891942 -0.65889759987283 -0.65563762054338 -0.62910332145659 -0.62800859814569 -0.62792550397614 -0.50727881666793 -0.49182313195149 -0.50586150603461 -0.62737656887672 -0.59174505468923 -0.59612671579514 -0.68335593540872 -0.6789552356386 -0.68523509829868 -0.68223805956457 -0.6838661818938 -0.68067481090296 -0.60613897168687 -0.60423708873731 -0.60232565956832 -0.58786461420082 -0.58781386649612 -0.58791972277727 -0.67754520074527 0.58954644278282 0.59214650679709 -0.63715030802082 -0.6355866426211 -0.6365090674386 -0.62604328664487 -0.62605951033461 -0.62581195390834 -0.63481459096313 -0.63405870618402 -0.63324813902699 -0.62693232618143 -0.62487640088792 -0.62722212523758 -0.60587798006707 -0.76893448684769 -0.62522805834297 0.71565232155199 0.71456408042023 -0.64162294122687 -0.64139509734816 -0.66351427366909 -0.66063728152505 -0.66217221025415 0.56618170673578 0.56981684675622 0.56843366371447 -0.59828027298854 -0.59842560330046 -0.59805163753525 -0.70040252528712 -0.70038600259657 -0.60993708788728 -0.60885738779038 -0.6093935196233 -0.59486629910046 -0.79050296247063 -0.78291705902825 -0.79499768784268 -0.59761651617852 -0.59790911081057 -0.59753928053475 -0.62308028897606 -0.62358835248602 -0.6055212396334 -0.60841084493041 -0.60705744825226 -0.59147632315319 -0.59183110626697 -0.59174976464792 -0.59202068880526 -0.59209630685801 -0.59206864108796 -0.59604935111184 -0.59581506245398 -0.59617154555908 -0.61861611605756 -0.61761834140372 -0.59703904580298 -0.59723375300891 -0.5972294318671 -0.62225088588589 -0.62199331144883 -0.59880081152251 -0.59877897676822 -0.59840851818746 -0.59124277283075 -0.59125608612021 -0.6329735655572 -0.6331714961406 -0.6144702599677 -0.61416874468226 -0.6119044490863 -0.61146052673997 -0.61061247401023 -0.61313050407638 -0.6129798326118 -0.61338523705595 -0.61214658654644 -0.6124858335146 -0.61295299787808 -0.83642095168295 -0.61136994981885 -0.61026463630483 0.53859221459011 0.53985126305352 0.53694265219318 -0.58838864495147 -0.62584005900897 -0.62603689709892 -0.59324144410716 -0.59310919244577 -0.59441356870491 -0.59456465136601 -0.59364160884422 -0.59357976788582 -0.59364349588721 -0.59340785591969 -0.60824598803046 -0.60686401009043 -0.62815361092402 -0.62815457972348 -0.60019911522943 -0.60081647288631 -0.59963412407258 -0.6121844863609 -0.61440942920026 -0.61472454031262 -0.61001154420552 -0.61074320953809 0.59470603843365 -0.60109046318056 -0.60011668937712 -0.60128023903729 -0.60667461758226 -0.60660922838579 -0.60549902290641 -0.59109931435387 -0.59084398145561 -0.61818248339091 -0.59100492561523 -0.59081975329424 -0.59101212442553 -0.63053659937031 -0.63053332664625 -0.58773018789199 -0.58769875656297 -0.58766924617713 -0.59619960008975 -0.59501463672256 -0.59603346431532 -0.6318157568535 -0.63079403816937 -0.63145043931846 -0.63132809460539 -0.63931393784967 -0.63816764037616 -0.63931295788451 -0.6336498977771 -0.63430035502003 -0.62874864647778 -0.62882819171384 -0.6289719164444 -0.62800412758649 -0.62797517063786 -0.62808547546163 -0.62647564427844 -0.62742052626791 -0.62507163185673 -0.62379258275624 -0.62808820443135 -0.62309033509202 -0.62228430255117 -0.62202660629652 -0.62324187446453 -0.62225198347778 -0.62991623629633 -0.62960861502832 -0.62980792864083 -0.61968585957113 -0.61927754659262 -0.62001178449361 -0.61298862462148 -0.61230612615774 -0.61089440331858 -0.6208477277601 -0.62106916435827 -0.62060398418578 -0.61270981681458 -0.61322153901794 -0.61123629485129 -0.59376842252469 -0.5941230557645 -0.59353087659688 -0.59304076434099 -0.59297263980008 -0.59262974653452 -0.59239211874656 0.50278388910657 0.51601649768359 0.49848991145886 0.48787333964077 0.50107902608257 0.50804332779868 0.50970438262401 0.52305668607635 0.46061010387689 0.44145418645707 0.47866709886997 0.6565422992348 0.66193342328318 0.66391833121858 0.48864993512769 0.48149895105191 0.4930173782832 -0.57397542960271 -0.57876313612649 -0.57920283658402 -0.57459596978271 -0.57924618665591 -0.57338230097541 -0.61727450535379 -0.61852914021034 -0.61993169415425 -0.6214913171065 -0.62328235592732 -0.62306457607105 -0.62385560727464 -0.6251411765392 -0.62521092771499 -0.63213163206109 -0.63703223166694 -0.63749054953992 -0.60251116807102 -0.60532024925202 -0.5972754115606 -0.63432497171484 -0.63453811648814 -0.63261984633109 -0.62280930908974 -0.6256680601339 -0.62290826347752 -0.61671352466861 -0.61450136276286 -0.61461382655735 -0.61674918176833 -0.61885350469454 -0.61028983769793 -0.61613064609079 -0.61339208842978 -0.59880253222987 -0.59389631170897 -0.59879320650262 -0.67089514800771 -0.66924530290873 -0.67206328293139 -0.64950651522989 -0.64767599459138 -0.64680388307442 -0.68473988924626 -0.67497919864096 -0.66235590756816 -0.66021289421423 -0.6614398351422 -0.66744965471537 -0.66898802825407 -0.67045380877222 -0.6902720033603 -0.69133842506112 -0.68747650264472 -0.63512574629555 -0.63514507673025 -0.63522100882002 -0.63662546807312 -0.63584433200434 -0.63698908881785 0.7016462430864 0.7099110947235 0.69447395135883 0.71006261977752 0.69415083093802 0.66242436227482 0.65729344405368 0.69010173038663 0.67712544363851 0.68470609486611 0.53664519076815 0.5365979210829 0.53775729704749 0.59241194161018 0.69007272523907 0.71406906484136 0.68866119025081 0.6924361048349 -0.73071086395734 -0.74259020209073 -0.72928446421169 0.839038392529 0.89588247682765 0.87596247544904 0.58495312947986 0.58909199967936 0.58117331140734 0.59571102934658 0.59890281015222 0.59910340598494 0.54083560783665 0.54083101652672 0.54083388734496 0.60299315881589 0.60174594714927 0.59227052550478 0.59321000932586 -0.75206465465369 -0.75222954405823 -0.77996090370896 -0.78227260354617 -0.73954837329134 -0.75072461183126 -0.74808421291868 -0.62988413242051 -0.62813196282152 -0.62731994154268 -0.70761107463786 -0.714128531199 -0.71694888337351 -0.71178742664128 -0.74147033619854 -0.7356031136783 -0.63830390692217 -0.63936866456344 -0.63973944794947 -0.72577153146123 -0.72571629459513 -0.72268439587927 -0.71581658340516 -0.71373536368984 -0.73097110772466 -0.73418997303609 -0.73224316546857 -0.71891528746431 -0.71953878444025 -0.76871855782829 -0.74706145816781 -0.7457610286788 -0.73013495667105 -0.72784153451702 -0.72848479966201 -0.74389444993316 -0.78449603357342 -0.76354955366498 -0.748093406145 -0.77066591289481 -0.73351330179114 -0.74042219415457 -0.73667024636873 -0.7276483358929 -0.72428801066391 -0.62793423125985 -0.62787724056921 -0.62783235924539 -0.62816259202054 -0.62813496673016 -0.62823147742777 -0.62825672464137 -0.62830438299936 -0.62815868513774 -0.62876400347581 -0.62859241369466 -0.62862929253725 -0.62806667338207 -0.62855893203905 -0.62842674592848 -0.62799436294349 -0.62801141850571 -0.62809291473089 -0.62778135013417 -0.62771371127947 -0.62783013949969 -0.62930286923065 -0.62913444536082 -0.62936254555848 -0.62867019673058 -0.62851133809525 -0.62856554194245 -0.62948759672338 -0.6293288868121 -0.62833423555233 -0.62868974097519 -0.62883565385131 -0.62888805155985 -0.62817074248908 -0.62834398619697 -0.62827959059955 -0.62959230350592 -0.62987706778195 -0.62962310820853 -0.6291897012215 -0.62906361891615 -0.62919620249176 -0.62942416436736 -0.62929059105828 -0.62911386251183 -0.628764915274 -0.62916931694384 -0.62940420967818 -0.6300171230368 -0.63004258822474 -0.62721594467967 -0.62733359939208 -0.62783682628285 -0.62791104896498 -0.62784754637906 -0.62988381683995 -0.62976280381066 -0.6300185744601 -0.63072606658817 -0.63051374361371 -0.63051868789199 -0.62640154972604 -0.62634929790827 -0.62608840414056 -0.62621671981992 -0.62472861794773 -0.62612899954481 -0.62447453863364 -0.62365031661203 -0.6240303062349 -0.62500234574027 -0.62517652520995 -0.6245751385717 -0.6262359303281 -0.62636499158906 -0.62384195659861 -0.62345904452271 -0.62398158604758 -0.62669535298602 -0.62682619233361 -0.62502764356948 -0.62577080711706 -0.62604257024834 -0.60937787811507 -0.60732822139176 -0.60912460990189 -0.59011018066525 -0.58997025647509 -0.5904912578931 -0.59054915397055 -0.60046288886575 -0.60014712982665 -0.60095216152472 -0.59025463724599 -0.58995804978581 -0.5904772073645 -0.60367578167546 -0.60330182200374 -0.60332363459504 -0.59822850422771 -0.59806537114224 -0.58794009934716 -0.58800872670001 -0.58897226641667 -0.58886505880369 -0.58897730675568 -0.58792556283931 -0.63382178818766 -0.63472978866618 -0.63232783696936 -0.63184260423683 -0.63109115595762 -0.63197388507724 -0.6294963928553 -0.6296435239634 -0.62912742267637 -0.64839780587176 -0.64958414246735 -0.6462501649262 -0.64012092736124 -0.63889214419857 -0.63060661969149 -0.63029047670093 -0.62488330071368 -0.62533135896147 -0.62349916946486 -0.6237460097964 -0.62110202213333 -0.62126860593133 -0.62153972232007 -0.61335612615507 -0.61376271728673 -0.61406607254144 -0.61444180557938 -0.61547252295068 -0.61502327960495 -0.61520370400218 -0.61036957805201 -0.61075528217662 -0.6104637384086 -0.61136639352345 -0.61109749386596 -0.61185972645224 -0.60993721578093 -0.62212634411609 -0.6213298816084 -0.61410226815923 -0.61423865421485 -0.61374853728313 -0.59337513456167 -0.59427292872049 -0.593122284661 -0.59385404984889 -0.59429215272796 -0.59320521090151 -0.5922495666193 -0.59262355275292 -0.59199583401346 -0.59230929460339 0.50276599276918 0.50530456496536 0.52385743642915 0.51719527110856 0.52091493272788 0.5314940265708 0.5301601190889 0.53279049675414 0.51951596495967 0.52172113144001 0.52488956170622 -0.50844682780536 -0.46332330339362 -0.44755387102982 -0.58173098735961 -0.56836226963005 -0.56339215808038 -0.62787390914069 -0.63082086593056 -0.63094532163352 -0.62989405157665 -0.63847133501899 -0.6397121211469 -0.64156360457066 -0.63866748958163 -0.62184124229566 -0.61836035485176 -0.61460674428198 -0.61228826678837 -0.60000048254814 -0.59583754854574 -0.63452760113847 -0.63558129452446 -0.63536972010864 -0.63571529055078 -0.63756490144458 -0.63512012400236 -0.6351700615632 -0.63503252956462 -0.63460582145853 -0.63471416885235 -0.63687413828686 -0.63608730751019 -0.64295298467731 -0.64496783579891 -0.64277510528796 0.7399540152853 0.72531844803164 0.73187578958321 0.74824253530956 0.65619156033514 0.65774352842505 0.67155377715849 0.66757863203097 0.69040476936245 0.68740073210084 0.72596010118697 0.73440550908137 0.74121294969131 0.72818332748673 0.69399302676259 0.70422134950658 -0.76615081354463 -0.7666864527864 -0.77389462468974 -0.75899047478722 -0.74680488468685 -0.7771151880233 -0.77250019201871 -0.77905910392973 0.75408619057322 0.71032126276545 0.69904655319761 0.70784058757785 0.76675229344187 0.7997058431639 0.71192727160531 0.7061378339417 0.70224007921839 0.74668066559339 -0.72870131757262 -0.75940287373505 -0.75817218706834 -0.77040569137349 0.80304874350473 0.80462371246352 0.55510472614499 0.55448119122533 0.55507452725674 0.57663321075876 0.57947657063584 0.54084260380464 0.54083745318158 0.54085172063455 0.54085641427967 0.54091094119453 0.54088105142575 0.59448807774584 0.59603071008921 0.5937069906139 0.59285269264831 0.59327796986442 0.62530448970171 0.62851713263631 0.6253091658899 0.59253384797884 0.59255583981608 0.59913534248532 0.60409561981956 -0.78532880328154 -0.77722884645075 -0.78961690233791 -0.78553692204562 -0.79358313635613 -0.79593039382834 -0.80967509792236 -0.78011457391093 -0.78373276974972 -0.7895781847326 -0.71054557890189 -0.71221538995199 -0.71009649097665 -0.71067136988542 -0.63723579356406 -0.63755605363907 -0.71463846762626 -0.70622706290102 -0.70679404455586 -0.70559643615871 -0.71910345978789 -0.72830404056825 -0.72970531792025 -0.7856116513283 -0.78679056061819 -0.79033613598725 -0.79836279399316 -0.64225445323538 -0.64389979982632 -0.64432870403437 -0.62844045274002 -0.62889781339352 -0.62847101771227 -0.62863167939797 -0.62952151575483 -0.62942776330819 -0.62982068242738 -0.63014764567861 -0.62714848770165 -0.62709487484699 -0.62759797857937 -0.62762165754953 -0.62755169218893 -0.62629664998691 -0.62755272271617 -0.62764146667503 -0.62751868522233 -0.62692564687421 -0.62689724483038 -0.62705230591766 -0.63345648945009 -0.63355612107001 -0.63448368435256 -0.63051630698673 -0.63073064119427 -0.62931413385822 -0.62956247748036 -0.62420583303658 -0.62401666767082 -0.6261972166487 -0.62624815319858 -0.61269567599906 -0.61279607999283 -0.60571558371636 -0.60722033492916 -0.60535777565101 -0.60553032906746 -0.60352122329681 -0.60258596783998 -0.61047674639703 -0.61175753661106 -0.61078779592978 -0.61218887284378 -0.61086741699861 -0.6130721172156 -0.59019319173628 -0.59051292770536 -0.58990437366848 -0.58975249623702 -0.59965269310748 -0.5994417491824 -0.59991957952088 -0.59950433690433 -0.59921519712162 -0.59704870202459 -0.5972708845622 -0.59699425137771 -0.60176732086361 -0.59946884315827 -0.58842848528818 -0.5884415833253 -0.63666301312526 -0.63567250659327 -0.63181471996605 -0.63202718763778 -0.63130550135543 -0.65553975878301 -0.65688353907846 -0.6541614655269 -0.64183107959544 -0.6413812280745 -0.63836981986213 -0.6376031337735 -0.63718324204099 -0.63719210847679 -0.61110670524089 -0.61142998272514 -0.61396876669756 -0.61314920483211 -0.62313886897795 -0.62235118225129 -0.62256248177751 -0.6101496908327 -0.60973356523871 -0.60952999001145 -0.61029093571486 -0.60664262298788 -0.6078280779129 -0.60988914065328 -0.6083933781435 -0.60918141784378 -0.60684347652276 -0.60542715825322 -0.60639322001053 -0.59400552379664 -0.59370570041054 -0.59419227522003 -0.59249377783292 -0.59228998588314 -0.59132110299065 -0.59179903939739 -0.59085317734799 -0.59103779718417 0.52030327253763 0.52460172218304 0.52168141157131 0.51447660288964 0.51789318646643 0.51145031978424 0.5437178691873 0.54370655284364 0.54273880541099 0.52282157220581 0.52561163407658 0.52851546012877 0.53056277239266 0.52712495407483 -0.52112638785994 -0.53393960102818 -0.52820250149364 -0.52531596197142 0.47777164659694 0.46216591585499 0.48547535084841 0.46331103470255 -0.64842546431364 -0.65589818852893 -0.65281852389794 -0.79191461021559 -0.79388682130812 -0.78796074486109 -0.63492427688268 -0.63480818811234 -0.63479551287471 -0.63489394347808 -0.63461039719219 -0.63176225891036 -0.63199754920422 -0.63208397241017 -0.63892916311672 -0.63836469394729 0.69784264116862 0.67018471558079 0.66736875368635 0.67149119236355 0.66831855851022 0.52974125306433 0.68855690573446 0.70106279357498 -0.58818628544213 -0.72766046796144 -0.70242616629789 0.73281571262782 0.71846929711305 0.76612612002918 -0.74634348355334 0.68743927779768 0.67361567578658 0.59424395246954 0.66800087553695 0.61174667370904 0.54740286412847 0.54786245731264 0.54689608538653 0.55207130051445 0.5509649101706 0.55127700897825 0.56719580330155 0.57201467649563 0.56363548830009 0.54087428652027 0.5408604816652 0.5929269772171 0.60944464156788 0.62582107314247 0.63048693112419 0.62847295776363 -0.76444160107571 -0.75715793274212 -0.75328193539363 -0.74433851748 -0.75152832186933 -0.80050509862638 -0.7236657206382 -0.72289357206606 -0.72047737646372 -0.72666747166154 -0.72486848396851 -0.63894306307196 -0.64045414068179 -0.63179853416224 -0.63152666637173 -0.63167016867769 -0.7186991006231 -0.71905602502153 -0.71664855719231 -0.79563621594633 -0.80800706997212 -0.81440293819241 -0.8332849549391 -0.81105710374911 -0.80529407565331 -0.79756735563239 -0.62962263219631 -0.62894723893601 -0.62914031245311 -0.62899762245533 -0.63025367862107 -0.63057919515994 -0.63045860714547 -0.62972356962069 -0.62908428624408 -0.62834898757002 -0.63118300910835 -0.63132324007349 -0.63152195902373 -0.6298709421038 -0.62957001660287 -0.63215188267548 -0.63216373983099 -0.63268173520947 -0.63035933318689 -0.62988288078368 -0.63005971687493 -0.62968813923494 -0.63024416385956 -0.6289325918571 -0.62935001898759 -0.62959379892417 -0.62933993075357 -0.6293990592913 -0.63066262232696 -0.62856001420859 -0.62871699743638 -0.63166280253738 -0.63143410757201 -0.63095425101828 -0.63041641738998 -0.63058853487208 -0.63019189668598 -0.62980637440796 -0.62998930981877 -0.62707444264556 -0.62700382058281 -0.6271206530145 -0.62717398338136 -0.62655594751583 -0.62662755759258 -0.62616036843368 -0.62637669370923 -0.62656978674319 -0.62671917735716 -0.62776925532501 -0.62790004804702 -0.62767281811235 -0.62772755776644 -0.62756199529088 -0.62763976203632 -0.62657004520492 -0.62671090749818 -0.62652085775208 -0.63272469510619 -0.62547711779559 -0.62569372721727 -0.62644173301855 -0.62425900364641 -0.62461364133902 -0.62604185494545 -0.62585502688598 -0.62653376158275 -0.62918881359749 -0.62964164111827 -0.62967856940616 -0.625547291425 -0.63284366166609 -0.63221546592172 -0.62726718404294 -0.62734932430713 -0.62734943452773 -0.62468094737009 -0.62496682656866 -0.62606512957885 -0.60850635145709 -0.60948913281097 -0.62232912080824 -0.62239712767479 -0.62189354924204 -0.62537744709597 -0.62520751414626 -0.62343329632109 -0.62312145652162 -0.62394345856748 -0.60342643985111 -0.60202111623472 -0.60303986411071 -0.6008361549063 -0.60512364148746 -0.61009450794055 -0.60281373732152 -0.60420684850479 -0.60484794897858 -0.60621716836374 -0.60422999362649 -0.6169757438897 -0.61747489235745 -0.6180988806642 -0.60403402874845 -0.60242113890551 -0.60969135630261 -0.61063724116614 -0.6097353419345 -0.5928021725775 -0.5937163282089 -0.59327384003064 -0.60724310687321 -0.60751531199534 -0.60888079585757 -0.60506697910043 -0.60779270959374 -0.60528463314437 -0.62191795552978 -0.62269653415048 -0.60750788424123 -0.60749566373671 -0.61254103939431 -0.61443735083336 -0.58983362216448 -0.59009982300843 -0.5902466944717 -0.58964036005769 -0.58961844291436 -0.58945750234586 -0.58934008678516 -0.59064700555522 -0.59041721943471 -0.59002577455584 -0.58987652193667 -0.5900080187985 -0.59866047562328 -0.5987134605507 -0.59917752763642 -0.59031242178297 -0.59152925710732 -0.59117763918568 -0.5915986229151 -0.59235054921174 -0.59199017125264 -0.59237127711321 -0.59241684265387 -0.59099788855971 -0.59149264645928 -0.59178577394532 -0.59137827370913 -0.63262985796928 -0.63069229800531 -0.6302525667031 -0.63376353094726 -0.62903983030515 -0.62791975595086 -0.62791471531533 -0.64029783322919 -0.63476955923 -0.63397682281413 -0.6307046336944 -0.62675271523759 -0.62694591956251 -0.62891267816889 -0.62864237308549 -0.629942024823 -0.62996670114541 -0.6296830103253 -0.64396254606438 -0.64231364397185 -0.6413947445688 -0.64346874369936 -0.64401821756701 -0.62964184201573 -0.62998348543422 -0.62992936092717 -0.63563682942857 -0.6360867180855 -0.64881430567168 -0.63959656942289 -0.63915345357584 -0.6392454144072 -0.64006652507866 -0.63829532903496 -0.63701619043966 -0.63829384459497 -0.6392447748521 -0.63966041145792 -0.61165896276694 -0.61468024634558 -0.61251736031034 -0.61170591151667 -0.61199472161561 -0.61123407232847 -0.61035791689001 -0.59226796171756 -0.59203173852195 -0.59175304165545 -0.59167758838152 -0.59139522547897 -0.59161611323197 -0.59169450165436 -0.59054521623416 -0.59054293681367 -0.59126386954706 -0.59735066982826 -0.59714081553978 -0.59132587530769 -0.59109909480881 0.57993442908774 0.57199304871151 0.57654445376848 0.53467733807152 0.53595396831841 0.53196014524423 0.52983192785594 0.53096088095328 0.53263773521792 0.37448100334508 0.3662942247765 0.45038631008528 -0.39981340750457 0.32309580789468 0.36060563300378 0.45851298718731 0.43369303997626 -0.64671471202273 -0.64190636756575 -0.64627928740604 -0.6154787567032 -0.61742349928219 -0.61978497589857 -0.63494510046325 -0.63512467173521 -0.63516363561268 -0.6357282920566 -0.63666664054463 -0.63601907631605 -0.63606869169281 -0.63563337554827 -0.63764102992222 -0.63834686938073 -0.63739243595199 -0.63529214820613 -0.63531387569959 -0.63560658994047 -0.63399942047394 -0.63515073211809 -0.63428423325105 -0.70459627699294 -0.70376971838006 -0.70356760876947 -0.6389721326041 -0.64006274288968 -0.63365671839896 -0.63387619886389 -0.63320298429482 -0.64237731649765 -0.64229236974753 0.65460295607968 0.65182292038313 0.67850614688069 0.68546919926953 0.68903261109932 -0.76619332617193 -0.59268367525025 -0.75836431013735 -0.75059389698889 -0.72120362209086 -0.71746953645701 -0.70884379847622 -0.76730326575489 -0.73783506211512 -0.73589229179791 -0.71464499446445 -0.69908089803724 -0.68004709221337 -0.72719284123891 -0.7316289003039 0.56247479849929 0.56012615940308 0.56336672249214 0.55293620967149 0.55340575860805 0.55439056157882 0.54084623334651 0.54087013193889 0.58989145211024 0.60117005449994 0.61933163029719 -0.78389729108326 -0.70328912743674 -0.70365134571093 -0.70476998948601 -0.70679174725695 -0.72626276342822 -0.63646633350023 -0.63501477387841 -0.71469427418151 -0.73994306771292 -0.73217044233373 -0.71570190772113 -0.7135342067799 -0.6309973519463 -0.63088384916446 -0.63001069695589 -0.63019911230918 -0.62979719080002 -0.66415670925835 -0.66214141919145 -0.66273931759988 -0.69880904432076 -0.69796025279643 -0.69952347430874 -0.63061887383539 -0.63076637336271 -0.63178541540493 -0.63116877966297 -0.62688500586239 -0.62716914717988 -0.62735510207337 -0.62741674444049 -0.62727423432187 -0.62736780985302 -0.62742314721209 -0.62752087297497 -0.6274383150352 -0.62490417440824 -0.62436330762797 -0.62367990080814 -0.6236500331832 -0.62331096692432 -0.6248794177944 -0.62316971156231 -0.62281159559719 -0.61706758663609 -0.61697431266544 -0.61612666513898 -0.61254898832088 -0.61432858501873 -0.63033441932062 -0.63020212158213 -0.63054534364377 -0.601833673825 -0.60079646949982 -0.602905415414 -0.6048926256633 -0.60124718902041 -0.61253102085426 -0.61394605970133 -0.61206515660213 -0.62440253649378 -0.62425482067046 -0.62377390461483 -0.61620526449015 -0.61608085848915 -0.6154274151694 -0.61699932151592 -0.61441383897669 -0.59820253639613 -0.59841699266632 -0.59850069112351 -0.60153598303211 -0.60110769730553 -0.60307012699351 -0.64587288176257 -0.64731745001594 -0.65021169646447 -0.66101176767587 -0.6634253303461 -0.64482331242118 -0.64318002338688 -0.64736958642729 -0.64991750032218 -0.6366986305894 -0.63770687620807 -0.62730100108078 -0.62746030553166 -0.64015080932518 -0.64096601064083 -0.64235326852956 -0.62730677659638 -0.62720254405069 -0.6272422168479 -0.63275118235418 -0.63358952846886 -0.63318269734932 -0.64082341537075 -0.64140446422538 -0.64034596541004 -0.63459672940065 -0.63620763217843 -0.63004116962937 -0.63022315981816 -0.63066235734187 -0.6310525182547 -0.63087295081475 -0.63252828077324 -0.63177518104615 0.52873304145749 0.53745939165302 0.53348325116575 0.52741081052074 0.52637779410324 0.52727823807307 0.53321500717527 0.52813281880951 0.53615316300669 0.53534014697293 0.53825587001112 0.5394228470979 0.53884414858213 0.62496227576236 0.61202361469539 0.62372987196323 0.67565230790543 0.67812663478434 0.53603907264429 0.53793658029149 0.53569832385214 0.53407918206834 0.53828477466324 0.54186182295189 0.53983897393707 0.53935500033639 0.53627464002309 0.53358584497575 0.53774920232392 0.53923625095624 0.54042431882081 0.54031305773717 0.54066951879744 0.53291683137709 0.5348062867666 -0.62259719087843 -0.6242858367131 -0.61633172197436 -0.61998838373195 -0.63441473743293 -0.63668718455745 -0.71239701635528 -0.71162526705069 -0.71895323538888 -0.72162317833087 -0.72096556427951 0.67580226556703 0.67019222491934 0.61382390103338 0.62309775515152 0.6192168187614 0.67013902171843 0.66369427054968 0.66323939099349 0.66537301271866 0.66539316713255 0.65073816293279 0.64622387331517 0.64630850263086 0.66421580896012 0.65818371325855 0.66331059866229 0.65706506278857 0.66207184141074 0.67868267653141 0.56272209688511 0.56099144410272 0.5562428659013 0.5414368845472 0.54340677963537 0.65868087746485 0.64061086197291 0.645222970921 0.64971001629218 0.63672272544827 0.64582518541254 0.62858653677907 0.64343395127596 0.64159409256021 0.65124336666002 0.64863484484327 0.66156459990409 0.66069379743228 0.66903191140443 0.6206003174018 0.64324839478184 0.65483068606993 -0.71692639015463 -0.7207977969558 -0.69864225450254 -0.73085484889943 -0.64967978974491 -0.57675043471023 -0.62376586982709 -0.65707227837401 -0.66626314627215 -0.65807724465684 0.54083850798317 0.54083950441738 0.54085844614786 0.54087597877476 0.54081568299768 0.54084563442223 0.54083378603588 0.54112838799933 0.54109216344001 0.54108254553435 0.57816019626185 0.58558687103211 0.58960936246986 0.59015685646444 0.5733154008527 0.56928048700589 0.57619450174366 0.58027810975784 0.58158617528867 0.56217879326091 0.55769180938161 0.59777147645665 0.59059753074551 0.59489637166839 0.61239315249779 0.60639874767549 0.60280169924378 0.600794244778 0.60499250821524 0.59291024644667 0.59605533026149 0.5411339698942 0.54163272263728 0.54120516838602 0.61161798192661 0.60394639246888 0.60236472100386 0.63619456042882 0.635439158725 0.63289669784033 0.62385360956909 0.62189456245286 0.61844005621976 -0.70588225173448 -0.70768215361864 -0.7064244371785 -0.70254735233306 -0.70293608058576 -0.7042635484834 -0.70322683928638 -0.70192932270477 -0.7035192535269 -0.77852645677464 -0.78854050885976 -0.70877646103322 -0.7117629133711 -0.70963743010001 -0.72199358746525 -0.71824677527676 -0.71697392614091 -0.72373094958794 -0.70834734576825 -0.70721997035963 -0.76334066943844 -0.74510622810689 -0.75388974106035 -0.76099097612061 -0.63067897697971 -0.63087029062147 -0.63264909889768 -0.63243057246291 -0.6328797164996 -0.62883557722062 -0.62905000492723 -0.62886520524656 -0.64724144703964 -0.63158477130754 -0.63210713806284 -0.63206162604954 -0.6322912350703 -0.63237856315728 -0.63089470007027 -0.63121991496471 -0.62067359392972 -0.62050684680644 -0.61973069469877 -0.61531448782389 -0.61519805778096 -0.6161037841983 -0.62281566541744 -0.62139425865804 -0.62243724954393 -0.62157617249839 -0.62233851070536 -0.62310857062087 -0.62240941892337 -0.62313811895805 -0.61816504020558 -0.61738726940738 -0.62389735956845 -0.62458560371541 -0.6264846622778 -0.62605811407392 -0.62610442107256 -0.59988278020255 -0.60086381267556 -0.60266886917364 -0.60339465314418 -0.60189012988977 -0.60838457164419 -0.60711344010474 -0.6151708761904 -0.61519464356806 -0.61995691962608 -0.61903953152085 -0.62038427715567 -0.61867121393378 -0.61808697226071 -0.59952453339282 -0.59889910889704 -0.59774477511302 -0.59847823069301 -0.65212992114308 -0.65303384283714 -0.65261537341739 -0.656077599608 -0.65412054643871 -0.65834677206572 -0.65252396999528 -0.64100192297234 -0.64371091485647 -0.6399507099239 -0.65478761972354 -0.64901835923202 -0.64621372656387 -0.66205601156461 -0.69148079989166 -0.69008300922124 -0.68754963209161 -0.63856581689683 -0.63633765380587 -0.63435749046995 -0.63528002156988 -0.63616223556331 -0.65117681368822 -0.64400607461725 -0.64195398423342 -0.64285427391791 -0.63088558778502 -0.63084302472292 -0.63134190265926 -0.6307708568682 -0.63040419600448 -0.63039185704764 -0.62554202548652 -0.62435105947725 -0.6266002403911 -0.63137102149692 -0.63117062349277 -0.62869702153059 -0.62919241066434 -0.629550004903 -0.62942955354656 -0.62988934090592 -0.63103099120692 -0.62987727600957 -0.63028606971845 -0.63000180883527 -0.62843803498906 -0.62851654184363 -0.62913741730177 -0.6300233924376 -0.6295173775013 -0.62998612438375 -0.6295646028001 -0.62840607883026 -0.62912298264712 -0.6296631532403 -0.62955463656806 -0.6274035829348 -0.62604409313436 0.50672019226125 0.51453594608489 0.50948486756288 0.46565408683219 0.47236548359125 0.49209163191983 0.50947257945164 0.50816611530129 0.52960210404897 0.6195783556652 0.61182357219211 0.61512479333172 0.54712588219634 0.54853009696398 0.54269006426894 0.55763143218759 0.5626109159982 0.55775354682143 0.53939522766317 0.53838501404114 0.53887083175803 0.53989108086088 0.54079630643719 0.53904387998743 0.53950732241348 0.53992975007508 0.53627900518211 -0.64063360400202 -0.63935067184878 -0.63984195249053 -0.65320896133373 -0.65307154162477 -0.6565517658902 0.55365224667098 0.55816115862104 0.55181750579934 0.54158393456212 0.53790625963991 0.53708073735465 0.67544475510919 0.68555861556865 0.6901565913491 0.6520089448279 0.68091681126031 0.67095916938247 -0.71026610339665 -0.66149246920057 0.68980916073658 0.68744905229414 0.70686322442643 -0.67475828396091 -0.67471767181363 0.68545078025524 0.66505019262972 0.59492800495627 0.62552305653162 -0.62849774937977 0.63485659647093 -0.66563601982797 -0.65868073004524 -0.63890591790807 -0.72573268370393 -0.73596374974962 -0.74529233796852 -0.75200868655957 -0.76459075046074 -0.74002180780958 -0.72889759536731 -0.71064649890082 -0.73782833325651 -0.74518298502681 0.55590344612566 0.56453964766293 0.56088842007189 0.60241188656316 0.60628553583426 0.59905733210602 0.58695668387893 0.58715939074418 0.58263249054484 0.57503040469957 0.62097697811337 0.62191001297335 0.64739052378327 0.64373856996351 0.64510458479817 -0.70527281476784 -0.70544166973738 -0.70146511535204 -0.70156952856411 -0.69376413748152 -0.69160143409845 -0.69499338204077 -0.70558778661122 -0.70326936002442 -0.70242232636159 -0.70473622234042 -0.70413075458821 -0.70629973144174 -0.70484543194014 -0.70278440004901 -0.70098126106498 -0.70108849830352 -0.7067714606294 -0.75514022658591 -0.74700284314245 -0.7451504319809 -0.71243196345582 -0.70766016106541 -0.71224632074033 -0.63172101974897 -0.63160275605338 -0.63147062772017 -0.63026095413702 -0.6304481270589 -0.63107606124672 -0.63183065847742 -0.63145205403114 -0.63145275912144 -0.63562415523864 -0.63455172133165 -0.63246019368854 -0.63351558369111 -0.63296141470906 -0.63539140302557 -0.63591909046509 -0.63488841315965 -0.6093515022275 -0.62177268896627 -0.62206466228156 -0.62220162461 -0.62123886445 -0.62108296477239 -0.62085098303719 -0.62019366758468 -0.62162677763131 -0.62144910742513 -0.62066573918295 -0.61654746764712 -0.61693797233863 -0.61592015076699 -0.62343676627012 -0.62295168717262 -0.62198340806432 -0.62138367817733 -0.62453830755996 -0.60580017935807 -0.61113072168134 -0.60956405503885 -0.61021687540289 -0.61285600067564 -0.61095231159287 -0.61863617612297 -0.6188588177039 -0.67077760944368 -0.6677139974809 -0.66822325177469 -0.67010489361819 -0.67171010697045 -0.63999907230067 -0.63768039030702 -0.63907322610254 -0.62748402150879 -0.62739354476181 -0.62744365402985 -0.62862944333934 -0.62940411753504 -0.62894001726917 -0.63001137831572 -0.62966497125779 -0.61905460141752 -0.61884237297302 -0.61921795708854 -0.62810900752338 -0.62739310189338 -0.62532672900739 -0.62700091271993 -0.62686649583722 -0.62665758628849 -0.62065720431555 -0.62065439514115 -0.62128538992746 -0.62572040459536 -0.62419312614761 -0.62336183643419 -0.62933006926292 0.53339916226122 0.54557204972271 0.54518959869951 0.53131020776847 0.53004776033331 0.5260544369055 0.52971532333383 0.55239247838388 0.54564328352555 0.5484262250375 0.58271242284801 0.58807574389841 0.58096763752571 0.53441732864041 0.55094115748226 0.54337737660666 0.5471477989736 0.55575818453174 0.55934264085097 0.54377469783277 0.57952630545757 0.58743343618525 0.58035626659373 0.6296396247355 0.63413662463429 0.54293495241503 0.54476790393969 0.54156202910124 0.5389043642105 0.53803097508555 0.53805394830671 0.54101790926072 0.54163049341764 0.54172870912552 0.54078218649477 0.53733904812613 0.54036098660369 0.53989776277924 -0.71599638737685 -0.71576187691372 -0.71874166828766 -0.64105723981463 0.67402496698961 0.67340704781002 0.71747898939392 0.71488402910592 0.62503604721119 0.65849087789199 -0.69012792861909 -0.67879870788335 -0.67441654010253 -0.70283520417909 -0.61619879512638 -0.63150324269621 -0.69520239551071 -0.69955770458139 -0.68058695564646 -0.73026116006785 -0.7545394985075 -0.75602754848047 -0.76307287789939 -0.63953176707087 -0.65278250617777 -0.63313276742092 -0.62640646540338 -0.66206258878686 -0.73037807958144 -0.73682759446526 -0.65375629433746 -0.65809625455781 -0.77864212628567 -0.78246652615787 -0.7820251432955 -0.74913904769717 0.57784621427306 0.59021770986652 0.56857645177437 0.55579598604079 0.56416022395348 0.60977132180521 0.61371192036398 0.55486261440765 0.55604968454246 0.55399266747593 0.5413687557688 0.54142807946809 0.54126697263215 0.56457894690394 0.55352920254026 0.55294689319977 0.55630803539509 0.54219234937853 -0.70254299107603 -0.70159028954099 -0.70111715399184 -0.63386928831334 -0.70974129249215 -0.70901048635508 -0.70670718749644 -0.7062204657845 -0.71364562612346 -0.71648705713218 -0.71560509420639 -0.70524944842576 -0.70526531319906 -0.70474224547489 -0.70648779409114 -0.70747922685465 -0.68171318021528 -0.68617472515526 -0.68918487511112 -0.69811908092675 -0.69971817518102 -0.72101782359251 -0.72361235469318 -0.65119793865161 -0.65147167756188 -0.65537500170902 -0.70342296576361 -0.7043861894084 -0.71313081563528 -0.71108276444361 -0.71104701334284 -0.72544129274255 -0.72566284818395 -0.70053115075055 -0.69939614852973 -0.70221486062926 -0.70324489047078 -0.71194202224552 -0.70219608533681 -0.7023390188188 -0.72153117116219 -0.77387224043922 -0.76427164241301 -0.63115148527371 -0.63091332912947 -0.63089680052456 -0.63152875740053 -0.63109028713506 -0.63107405990918 -0.63088562920915 -0.63064462678357 -0.63130934585465 -0.63088237945797 -0.63077773035926 -0.63232898794327 -0.63208785756322 -0.63089603695741 -0.63033729334121 -0.62931090432689 -0.63069704179676 -0.6306095085602 -0.6310994837771 -0.66303322095949 -0.66415784406817 -0.6329903190069 -0.63367969304295 -0.6370833959873 -0.63711063037545 -0.63519102111902 -0.6916945314043 -0.68745806068591 -0.68967918359614 -0.60966955730799 -0.6197836478192 -0.6200451087775 -0.62174437977379 -0.62293218928386 -0.61768275324361 -0.61845542005779 -0.61813866638386 -0.61895098214815 -0.61805142890422 -0.60945876989669 -0.61088246653864 -0.60904881345469 -0.61243830600621 -0.61391826389861 -0.65717742432902 -0.66490403144154 -0.66638466175108 -0.66665260192735 -0.66638685426976 -0.66652342080969 -0.66502057471046 -0.66424892970271 -0.6653132536999 -0.63164319420552 -0.62866389950175 -0.62917708678618 -0.62896662732984 -0.62367164829043 -0.62295264192246 -0.62384433694823 -0.62226109736428 0.57512293308038 0.58521709588195 0.5849829871144 -0.6067674936697 -0.62041271890872 -0.61385716100535 0.55142342920174 0.64128986261993 0.6390387517859 0.64683553066467 0.5668055960852 0.56395482239694 0.54680209904397 0.54695928004054 0.54474155160316 -0.64284911676578 -0.64612805310006 -0.64400993152684 -0.644682798282 -0.64724137535201 -0.64863224354904 -0.72581349700979 -0.72302194419495 -0.72199627848602 -0.65316405306267 -0.64995162450357 -0.64730147552869 -0.64445361105848 0.64832318102019 0.66800029555506 0.7282571582391 0.74239873230817 0.63241972227981 0.6340698469289 -0.60491795025916 -0.62349844909637 0.59741723892092 0.62336862788047 -0.58141485976519 -0.60926832585699 -0.55900521380851 -0.71875652997037 -0.7205634892346 -0.71099353510865 -0.7217633403536 -0.74510345006915 0.58606174150375 0.55886430114699 -0.70030241537664 -0.70076732887598 -0.69625938754285 -0.69811854828524 -0.69653875561905 -0.69640689332369 -0.69870451451355 -0.69463907654152 -0.69859022851716 -0.69487836795517 -0.70100084978697 -0.69915671855139 -0.69740898528105 -0.69796093363897 -0.69987020414018 -0.69787774025003 -0.70025865095146 -0.68932623821231 -0.70147631103824 -0.70160738968066 -0.72855306768102 -0.73103399669546 -0.72772621387725 -0.72814403818846 -0.72414243608891 -0.72911810600617 -0.7343943883968 -0.81372291073798 -0.80202944255459 -0.79423931417089 -0.75372573044302 -0.76298453896476 -0.74233925391767 -0.62793276954144 -0.62794630597635 -0.64473428993079 -0.6452398196873 -0.64731726084468 -0.63245753300298 -0.64085894323552 -0.63613250989864 -0.63526260166911 -0.6345294558988 -0.63273680409527 -0.61893543483312 -0.61854772199211 -0.61955181373574 -0.61788106875569 -0.6189935749209 -0.61903597642281 -0.61984983611351 -0.62073107378196 -0.61523828494544 -0.61490555400212 -0.61972973605758 -0.6090212042051 -0.60753137233725 -0.61562482816793 -0.61529095266313 -0.67120428459694 -0.67670201369205 -0.6756094574685 -0.66603752808207 -0.66621831065963 -0.66685924114201 -0.63220733140928 -0.63181494841136 -0.63188425439112 -0.63237862065853 -0.62240850516682 -0.62188399506207 -0.62170236755761 -0.62127859872653 -0.62084267881391 -0.62151557557759 -0.62093222752422 -0.61847946524529 -0.61801980341333 -0.61853235025871 -0.61704028623319 -0.61740737664972 -0.61801816436428 -0.61787013405252 -0.61855349547242 -0.61845128313699 -0.62347788625697 -0.62291386785818 -0.62221109001943 -0.62008918007711 0.62092450360113 0.62739048145983 0.60264799900864 0.60417560605938 0.56734154880811 0.55848617401915 0.56550891509161 0.5912415160096 0.58060169263624 0.64338026760689 0.63690511739586 0.60127649673926 0.59703035350801 0.60866738859531 0.6044025039327 0.55255157762596 0.54805075608652 0.54207441237895 0.54342632783484 0.54259524694636 0.54252434794171 0.54215567504494 0.58500757032519 0.58583525457808 0.57623506178244 0.54239964677519 0.54290709052339 0.54471120014233 0.54430568548116 0.54553083187718 0.54168636208401 0.54183141328106 0.54192626304065 0.54318608960993 0.54466825687284 0.54325763464708 0.54764145803332 0.54420393538096 0.54539211436455 0.54183537415898 0.54151750950491 0.5461637937965 0.54587472888058 0.55663452070936 0.54636581408739 0.5470466406783 0.55682716346128 0.561771780267 0.56039263745186 0.54130874827086 0.54091891519273 0.5409131649392 0.54095076807745 0.54213796436961 0.54290747364633 0.54877121540677 0.54283683010977 0.54320908890125 0.54364855991781 0.54384934091145 0.54288671266009 0.55334769877547 0.55263718685989 0.54902027699582 0.54381775212628 0.54335267856396 0.54180797433756 0.54112504607637 0.54783567499174 0.54592967644918 0.54197750668068 0.5420614648411 0.5418443812042 0.56928150980189 0.57508699122013 0.56791947712038 0.5458157763442 0.54468638260086 0.54218273435417 0.54129358283167 0.54145765755877 0.54141836910903 0.54112245161229 0.54097798040866 0.54102544394206 0.54093284529517 0.54081131290786 0.54258829656573 0.54247188028321 0.54478744554635 0.54378316709391 0.54359658617256 0.54131975477812 0.5412460295556 0.54134855592106 0.55118854271988 0.55334477795972 0.55005393888605 0.57688736885984 0.572014092807 0.55689451344426 0.56238319223868 0.56236708071784 0.54105813494764 0.54117973669092 0.54116692622408 0.54086535576167 0.54176793455042 0.54168730121516 0.54099342277777 0.54099647757217 0.54159714136601 0.54116058043655 0.54157628737251 0.54149764849198 0.54118820207499 0.54117379238108 0.54103070617906 0.54100159961881 0.54108888420448 -0.67189654320214 -0.67810901602469 -0.67364743245857 -0.71082687257373 -0.71501612369996 -0.64440386700401 -0.64928672822691 -0.63887084441247 -0.63897226263109 0.53864157950705 -0.57397609882585 -0.54238891983378 -0.68417325533328 -0.66791042799283 -0.67454198402447 -0.67440906051725 -0.67734923173507 -0.66280941749054 -0.69660390583119 -0.70037840618211 0.57547159329928 0.57315817434348 0.56697245345513 0.57709385472743 0.5756096923472 0.55756375889857 -0.69037163322917 -0.69610146327531 -0.69898314485663 -0.68234714142611 -0.68741586525749 -0.68076267846752 -0.70397030934764 -0.69971837577645 -0.69817472782214 -0.69314226508079 -0.6930453999614 -0.69171534268805 -0.69238094896333 -0.7452479218369 -0.73540173424354 -0.66141301305643 -0.65615087174751 -0.66198844155916 -0.79972772722576 -0.81099261150258 -0.7919457051459 -0.78934307593848 -0.78134115915489 -0.77699229155715 -0.77906375154212 -0.78866887690511 -0.78725449559614 -0.78543105352276 -0.76068613070993 -0.76520337930915 -0.76923487169486 -0.661265641873 -0.66164650940589 -0.628388855382 -0.62847689498933 -0.6303259088899 -0.63216553109193 -0.63216920511309 -0.65169150442355 -0.65063857713411 -0.66501671539384 -0.66555211615099 -0.64167737089448 -0.64208299420754 -0.63954175488724 -0.63279868134203 -0.63308442365043 -0.63262067295038 -0.63226041211076 -0.63192098793459 -0.61750482204054 -0.61796222032122 -0.61703741745179 -0.61687128035166 -0.60475832566353 -0.60640285872629 -0.60584824849494 -0.61308000204094 -0.62180688861212 -0.62107874802932 -0.62076861642902 -0.62034892401619 -0.6203753794424 -0.62079948298345 -0.62083477212148 -0.62153652712216 -0.62037735809504 -0.61993406229715 -0.6195702983924 -0.61949706823074 -0.61814676173893 -0.61839386019119 -0.62020600808697 -0.61958098689026 -0.61989499684985 -0.61721492153091 -0.61817796135946 -0.62039300230375 -0.61928213606437 -0.61895513956438 -0.61985320926978 -0.61917900319647 -0.62077025469182 -0.6209875060771 -0.61965738093468 -0.61986718649164 -0.61842105053583 -0.61807446447353 -0.61937779887543 -0.61991571641397 -0.61867653545325 -0.61894715894048 -0.6189075484418 -0.61881168720772 -0.62094262026014 -0.62020205827588 -0.61604493314842 -0.61749910345889 -0.61883795501658 -0.61612941784404 -0.61910181394069 -0.61864687009361 -0.61419216485266 -0.61441021655391 -0.61473589763655 -0.61579504806096 -0.61513493210835 -0.6156376873372 -0.61696651432482 -0.61640202893144 -0.61688502813492 -0.61019868923669 -0.60819065154262 -0.60712060779723 -0.61630939354925 -0.61401890398628 -0.61375368974388 -0.61441402696321 -0.61465663617226 -0.62237690748662 -0.6235976442675 -0.62060506928068 -0.62171124772839 -0.6211073105858 0.54494786440742 0.53621268216814 0.57380597543172 0.52771367052519 0.53042616870391 0.53582244941535 -0.61472633047797 -0.62585527455309 -0.63030041882504 0.57407458579936 0.5687524716809 0.56754754178386 0.56523241395889 0.59396240868266 0.59464386762558 0.59222995874968 0.59761806191397 0.59042065541607 0.61614423051955 0.65958806972466 0.56852385202382 0.6130126436101 0.60964675970445 0.60702900762132 0.59128999248652 0.58174946755388 0.55918721852844 0.55399682880137 -0.65273825230327 -0.66732105024289 -0.66162738765203 -0.66197973091498 -0.72182979359374 -0.71854009602846 -0.6674542702736 -0.70024666660217 -0.70175665844946 -0.70598187008566 -0.7387390722645 -0.74732915312639 -0.64721707507869 -0.64742780931249 -0.65043479864996 -0.65098991366494 -0.64195095539659 -0.63927419854628 -0.63965909538059 -0.6555070519441 -0.65137256289873 -0.66639187134635 -0.66002242641964 -0.71729061946042 -0.71200446234225 0.61994477185795 0.56945000185305 0.59745865802677 0.5636959725702 -0.68620532233066 -0.70009458720658 -0.68510246797463 -0.69191425286836 -0.71551821006874 -0.70050117017068 0.55246837143262 0.55141093134752 0.55374603972921 0.5541000164425 0.54421074722634 0.54499207743597 0.54459961953955 0.54918471057075 0.55225304772991 0.55014187587302 -0.69574440559081 -0.69214975549313 -0.69342557281543 -0.68163588343006 -0.67942861786518 -0.6871732964469 -0.69188423367962 -0.6899441656445 -0.63979258575155 -0.64343552639789 -0.64407028760914 -0.69630014457612 -0.6939875614272 -0.69657832639754 -0.67469299371308 -0.69508830513899 -0.70207179283594 -0.70030134506518 -0.70125363177756 -0.70391566692802 -0.70249553881162 -0.69055237755999 -0.68839446078181 -0.68240003046099 -0.72159428261073 -0.71939024503623 -0.71625127909816 -0.71632579614573 -0.72984420825132 -0.74459157697509 -0.68234746627887 -0.68380838226136 -0.71512320906967 -0.70845718107297 -0.71115117798928 -0.72549249585125 -0.72514323015199 -0.73189253434706 -0.7269611010369 -0.72306392929169 -0.70268005672045 -0.76485776915763 -0.73761826494929 -0.77072182286996 -0.77098488629075 -0.76659585533146 -0.76180260274574 -0.75932260704086 -0.72675931209711 -0.77414735286463 -0.74343253616779 -0.75269337682399 -0.77973081735853 -0.77917757058786 -0.78585408532679 -0.76424889908588 -0.77129743834229 -0.66056485340128 -0.66275043539306 -0.77403033766127 -0.77344850931736 -0.77951878973269 -0.75597244771648 -0.73194632935672 -0.7185213653319 -0.77136176867563 -0.72227434063995 -0.72316536650958 -0.70933922890292 -0.69714021744524 -0.70096793461665 -0.68890788645764 -0.69466635395697 -0.68688016815013 -0.78349230809911 -0.74320322709546 -0.74152799985519 -0.73462091377667 -0.75329800120547 -0.75378343696759 -0.63562356859474 -0.63760007003385 -0.64079369662229 -0.63524490613464 -0.63426351144717 -0.63626131873861 -0.63008817991915 -0.63080354330895 -0.64208615153343 -0.64504399021259 -0.64177278178884 -0.66497169410521 -0.66541076072357 -0.63370833444315 -0.63841122755743 -0.63225582267077 -0.63287803362872 -0.63178947969609 -0.63261627729362 -0.63204030161372 -0.63809480975413 -0.63703730833797 -0.63328391556984 -0.63318676043537 -0.63732215005461 -0.63707116755569 -0.64223406770279 -0.64663470810194 -0.63803146745566 -0.63858510273226 -0.63516094730958 -0.63409580796536 -0.63293130048808 -0.63265043044911 -0.63261143318876 -0.63143954319037 -0.6312924473634 -0.63181424252078 -0.60514395665317 -0.60432224008689 -0.60368777611353 -0.60557208989231 -0.60693991910789 -0.61417715422129 -0.61293288770493 -0.61479700009483 -0.68023222651084 -0.66626502426913 -0.66685554025207 -0.66651784806478 -0.66663007938072 -0.66591958265837 -0.62204577878876 -0.62313960908154 -0.62085622095538 -0.62158537022831 0.60650529052942 0.59804751851902 0.59367065412597 0.5817455388567 0.60268411022837 0.50370024002436 0.51259599691495 0.50466451876574 -0.44732063274976 -0.47695382707679 -0.49310820568315 0.56206643199568 0.55334014774374 0.55941299764981 0.54073086089987 0.57818248129588 0.58984990771934 0.57334757281961 0.61844077522536 0.62492228670826 0.627157091342 0.61809904999976 0.60548805622626 0.60812529966434 0.56423096192133 0.54789125764195 0.54959852302814 0.56655708030365 0.55216367644621 0.55633927862724 -0.66172477169051 -0.67371534821282 -0.6740912467962 -0.67353881241018 -0.69672263720167 -0.69203637703927 -0.69282607228241 -0.667244502682 -0.68904771008628 -0.68374121859805 -0.67820565252429 -0.67184506653985 -0.69846216441383 -0.70166089823311 -0.70914660287004 -0.7073067808548 -0.71101213310487 -0.64180962449774 -0.6444286132929 -0.63683620659206 -0.6362033824941 -0.68540601996141 -0.70279475550102 -0.69892573709002 -0.68841089126228 -0.69795998354649 -0.70738322685613 -0.70014140080979 -0.68016253915264 -0.67423003974023 -0.6719420334814 -0.67847445210991 -0.71472514095487 -0.70532760328777 -0.71501923569231 -0.52904122585469 -0.56714205488246 0.6114412125956 0.57435491969639 0.61135843030596 -0.55141365829996 -0.37011472390057 0.41342380030212 0.54519832561981 0.53654322797737 0.57538077794885 0.59396304860063 -0.62456718666813 -0.62507768410382 -0.63911851022569 -0.64937082851669 -0.65987695591794 -0.66986003827606 -0.63032360109792 -0.64449465166865 -0.64731301897933 -0.59586069918498 -0.5802349082818 -0.5570223867582 -0.55358789216243 -0.55353290150968 -0.51699780587942 0.55311723197565 0.56325022662134 0.5615647563621 0.56067832565002 0.55888141486513 0.557640309283 0.55498307002671 0.55642491060696 0.54853283098268 0.54875678165302 0.55033565367247 -0.63850819865377 -0.63649255181318 -0.65981916496942 -0.66153308848519 -0.66333999532163 -0.67252664861069 -0.67106492595468 -0.67693871154234 -0.67159393906658 -0.69016010535542 -0.73633447239161 -0.75061594685963 -0.74635312444061 -0.74024784118166 -0.6339479591742 -0.63435862221553 -0.66457285394952 -0.66790195910345 -0.66486840755949 -0.63640098809327 -0.63744057970025 -0.63669097778728 -0.66169966685766 -0.66161645257591 -0.66382641440906 -0.67549855348077 -0.67960522066346 -0.63733270435847 -0.63587927857435 -0.63350940538086 -0.63431581348949 -0.63209078553906 -0.63196682148342 -0.63206899038828 -0.63234922254192 -0.63418607268752 -0.63384782186979 -0.63422120938422 -0.63351228224673 -0.63349109796291 -0.63266308822693 -0.6332629998746 -0.6336430364431 -0.63332638096814 -0.633332352901 -0.63289968523039 -0.63464780662226 -0.63573306185732 -0.6347812518496 -0.63433621235585 -0.60804771733642 -0.60406857273687 -0.60268300718713 -0.60211793022375 -0.60279676013856 -0.60929972123211 -0.61061748031884 -0.60886221460101 -0.6032834651237 -0.60381448792747 -0.60731631598418 -0.60800110925492 -0.60589426921989 -0.60181737465588 -0.61048979113299 -0.61812104868874 -0.61803027511695 -0.61594921641243 -0.61510510777505 -0.61624717195597 -0.61604861777254 -0.61677358289532 -0.66570815374241 -0.66560864252133 -0.66893354138483 -0.62647403023075 -0.62479887539789 -0.62768467075786 -0.62676298142104 -0.62714362331587 -0.62229203810409 -0.62264081420957 -0.62185976587497 -0.62030710321585 0.56531123191268 0.58665098612309 0.47874050585586 0.52484117125432 0.50104948000854 0.55772173910248 0.55294601143414 0.61879377979252 0.53991767917192 0.52608383187259 0.51969683991451 0.52358103236723 0.46639251409691 0.46106222845719 0.5153874255998 -0.64968679668933 0.52395830156597 0.53305360413119 0.51630417781335 0.5045769917819 0.48244248777408 0.50134743899745 0.47008533196916 0.5551474613203 0.62849565995485 0.60587723181851 0.65042338068262 0.65435177381335 0.65423188233129 0.63057057807239 0.58147503310869 0.59138160190687 0.57994390702316 0.59839858521262 0.62785405981004 0.57472979674448 0.56973271880398 0.56855875423675 0.55147616259923 0.55562358778549 0.55100158002082 0.58144982809219 0.55994139517374 0.59617932054825 0.59732249882983 0.60369957079349 0.588228558014 0.5592169666287 0.56089392806489 -0.70638366558672 -0.71323460446365 -0.68254048108401 -0.68492243723057 -0.69093011009351 -0.72131787381031 -0.73120113303935 -0.72727780380243 -0.65903010072874 -0.66415756422627 -0.66953019754672 -0.67169340102495 -0.66295920080518 -0.67921996554652 -0.67736286875119 -0.65914664250321 -0.62299048120122 -0.63555503323228 -0.62551799396166 -0.65533526088485 -0.64819344758655 -0.63754246107067 -0.73683868251438 -0.72672105893121 -0.72773183446175 -0.55777658049998 -0.57594552018173 -0.5635667958298 -0.60312209073968 -0.59900353312209 -0.60385423657506 -0.68659378495913 -0.69703014482888 -0.65277373580689 -0.60604121738085 -0.62087148998832 -0.70018484974173 -0.711640559549 -0.70565729261779 -0.72526376816195 -0.71406074214958 0.49125414024286 0.54801279294075 0.54001482821124 0.52114482653027 0.55640896908956 0.55599290231454 0.54918306561091 0.54942962401619 -0.68219828319074 -0.68279094558859 -0.68636390616894 0.54633331380411 0.54594414702256 0.54772040487659 0.54393377194923 0.54488969793331 0.54409603957044 0.54744799228483 0.54940047881731 0.55518806360926 -0.69577790001165 -0.68634116581933 -0.68036662624129 -0.67644433653479 -0.66688146586699 -0.66741439821137 -0.66871290757221 -0.67126765788284 -0.67117678259168 -0.66537997177866 -0.66989987903834 -0.6682475977525 -0.76717520945208 -0.75755670538204 -0.75941700754279 -0.74551240380634 -0.71740000908807 -0.70238789980532 -0.68771705051774 -0.72448201285417 -0.73356766141206 -0.73358997200238 -0.69628829473723 -0.68987602034478 -0.70014148636547 -0.688461220852 -0.6958405633516 -0.74562019984561 -0.63995861263657 -0.63620929507766 -0.64387134508167 -0.64325059549115 -0.64284852796652 -0.59841715947177 -0.59731767703006 -0.59758222212294 -0.60208183242827 -0.60072084397657 -0.60143445146699 -0.60209038435105 -0.6036750458508 -0.61464837014767 -0.61358960783461 -0.61421661796957 -0.61128958316292 -0.61250745975268 -0.61694060176797 -0.61647493721916 -0.6166584509748 -0.61493029170399 -0.61672868847377 -0.62001634468756 -0.61929602177829 -0.61950457411334 0.56794954067165 0.52213804620029 0.48554574603709 0.44547825526936 -0.49975261550324 -0.50188752020367 -0.53192441694884 -0.47660281260006 0.44202429673609 -0.40354377431947 0.54690212803419 0.54228931443868 0.44510007437471 -0.35553116708288 -0.45008405114515 -0.4607767102562 0.40807799476193 -0.59517236362005 -0.61135651415103 -0.59255599214366 0.49726918420817 -0.36131926144567 0.61049691652001 0.60676985597429 0.56289802759772 0.56824974627196 -0.69398632556602 -0.70631404843349 -0.7079922241494 -0.6826606447267 -0.67609925808264 -0.65623540252658 -0.65160226090752 -0.61068797289574 -0.62141622893334 -0.62682269991984 -0.61945415794648 -0.636772640002 -0.64422906106896 -0.64071212306692 -0.75246222828226 -0.73943526311197 -0.74069345406485 -0.74898246024812 -0.59647681193546 -0.57720706941807 -0.55468373339886 -0.60729971667831 -0.61783389063625 -0.52058654110139 -0.57850456791438 -0.59778035418338 0.54586507465151 0.54494102621685 0.54627394017131 0.55432125042 0.55176493661313 0.55036623359621 0.55166025106162 -0.66621753125029 -0.66399895915395 -0.67179444124025 -0.67822078136223 -0.67287832365034 -0.66869348679687 -0.65885682296846 -0.66613306408579 -0.65069436312689 -0.65752024983761 -0.6526185572554 -0.66446923007766 -0.71192707112037 -0.68100283064266 -0.67424274244926 -0.6771554452057 -0.67554654333915 -0.65636889131617 -0.6649878677377 -0.65319345533119 -0.68221922392763 -0.67763309038858 -0.67176372152522 -0.66958007992864 -0.65764747731316 -0.66233762860272 -0.66384125750446 -0.65409108375127 -0.62805277385837 -0.63556905495178 -0.63731560599642 -0.68261409004131 -0.69191369346152 -0.6838913773868 -0.6894070220908 -0.67367199070697 -0.64465573248092 -0.64950416408363 -0.67941657243678 -0.64551420453074 -0.64422611447761 -0.65773726737178 -0.64949854750758 -0.66877367686897 -0.70201014197006 -0.71347124898005 -0.70556333502151 -0.68069807277966 -0.68418805743696 -0.67659972553705 -0.68360751081775 -0.66256679737121 -0.66834532327902 -0.67063550053277 -0.67581294120032 -0.66947031088328 -0.67095269328182 -0.68905174448206 -0.69772685372372 -0.69864110965506 -0.71443867475805 -0.68972818146208 -0.71729924108463 -0.64699184731235 -0.65109068115347 -0.65028270136517 -0.63926571326681 -0.6386686453888 -0.63705266616549 -0.63407900081368 -0.63955142483665 -0.64140100511521 -0.63404724951165 -0.63443419551793 -0.64535274858979 -0.64698107739334 -0.6539343729324 -0.64635510748554 -0.65091557490571 -0.65456557197459 -0.65190838934942 -0.60078726486042 -0.59889431238966 -0.59916508152207 -0.59903688032949 -0.59875715023852 -0.59908809527611 -0.60166772744268 -0.60131002416933 -0.60243959515492 -0.60965450307941 -0.61172992826333 -0.61594966140228 -0.61627709846001 -0.61548001454838 -0.6236269582389 -0.62388678029338 -0.62439179627055 -0.62127939408209 -0.62061375936355 -0.62313018079033 -0.62328043048845 -0.62046838069998 -0.61872700546973 -0.61929754925097 -0.61697808094296 -0.6174812311428 -0.61983050650508 -0.45368835015485 -0.49576609826473 -0.45673283042762 -0.49794423064841 -0.49000980295029 -0.60134508308946 -0.59372765306039 -0.47093764502322 -0.52025719709204 -0.53714918282095 -0.55491375967635 -0.55748270961655 0.48307073592091 0.45040140890496 0.51911910225207 0.42996887409889 0.40177082862245 -0.46635288620374 -0.50083274001178 0.595829176271 0.59456918902158 0.60022456299959 0.61241288935281 0.61486497550684 0.62193338195129 0.5948464044012 0.60297270736205 0.5515574948772 0.55492236930635 0.55431505421922 0.61014842809185 0.62001915770233 0.5996362798426 0.58714535363342 0.590684832369 0.56327532223379 0.55640378547446 0.61142778676784 0.61857481923769 0.5980908997997 0.59011565444661 0.59112235560762 0.57268423318519 0.58208583805671 0.56789062421982 0.62870509528107 0.62603490396652 0.60325986023964 0.6373936753109 0.63585938873284 0.6408075427081 0.63106467110839 0.63137308574542 0.63531064644577 0.58767868985769 0.58874216983542 0.59524756083793 0.58274096426974 0.57626042104067 0.61108483286425 0.62358882871544 0.62874659585288 0.63267676499528 0.63389179643478 0.630447365178 0.63114674010181 0.57944760638982 0.57329511643275 0.57194108965099 0.62067838552709 0.62007195374581 0.6276706972779 0.56360347746816 0.56936283584449 -0.67065434355864 -0.65473375402005 -0.6598512563291 -0.64935563934958 -0.62272958843609 -0.60841892047057 -0.62828125432959 -0.62116131457981 -0.73194029140158 0.54648736253524 0.54580350625988 0.54192263493267 0.54208944047551 0.54200370860502 0.54266859954538 0.54294543756616 0.54318948123569 -0.69341780129823 -0.69556111074441 -0.66150420435788 -0.65672400945625 -0.65747729285328 -0.67032370057878 -0.66789483939672 -0.66550872381727 -0.66502229663011 -0.67121993507674 -0.66759439395612 -0.65202002894111 -0.6477979219792 -0.66254086283159 -0.66052461024191 -0.66438127189396 -0.66309946982132 -0.66269326376861 -0.62584231458195 -0.6343068007063 -0.63571916488336 -0.62061673344783 -0.6104432536825 -0.61758221208885 -0.63459214761196 -0.63310163078362 -0.63838925846299 -0.62331295105566 -0.62701202330161 -0.62525733815192 -0.63593985636876 -0.64110648868369 -0.64737160109405 -0.62417448106651 -0.62689579882662 -0.6305740699389 -0.64276377009985 -0.64087934494832 -0.64348500809288 -0.63062003282809 -0.62785577906356 -0.63964918022428 -0.63268881168359 -0.63380324737653 -0.63371077839285 -0.63659469998005 -0.62274816073896 -0.6299062809602 -0.63113637918356 -0.63665997821631 -0.63428956431452 -0.64057029062366 -0.65097998413726 -0.64698596369472 -0.64560624704526 -0.63778767869267 -0.64009320693912 -0.63564056278299 -0.63623531569268 -0.65341476748078 -0.65857569615625 -0.59892819236432 -0.59967953197625 -0.59942431602517 -0.60018869161146 -0.59972534933723 -0.59051640138595 -0.59069893878189 -0.59078539883756 -0.59030626198691 -0.59044183553547 -0.59057114577287 -0.59759436369057 -0.59788628178482 -0.59725651398041 -0.60072058616159 -0.60092119407763 -0.60038530707313 -0.60077362064997 -0.59839317417348 -0.59873939472213 -0.59738116147945 -0.59780117320872 -0.59774697656492 -0.5965269121575 -0.59713346591931 -0.59689095108539 -0.60018908221451 -0.60089913245131 -0.61247078140018 -0.61286840206203 -0.6183838887536 -0.61913475151522 -0.61880209208999 -0.61707162360104 -0.61659377249974 -0.61819224853934 -0.61818775425254 -0.6175105194321 0.5011523988841 0.4986087919721 0.49777814854921 -0.42249230228772 0.47325929239342 0.49044567870024 0.39282262029039 -0.42457900866326 -0.52315258032304 -0.51175801598489 -0.51923925724967 -0.42699714059623 0.63890309714335 0.64255522511179 0.63884215230329 0.63760943170837 0.63841119572305 0.6420974272022 0.56318738814555 0.55751646801259 0.56234591901053 0.54660507438349 0.54814737098005 -0.58517865508822 -0.57951495458062 -0.53840926117606 -0.53378512051188 -0.59763988718757 -0.60521027317082 -0.63312823127816 -0.63703920986152 0.54593538241222 0.5490526010272 0.54773245002475 0.54621410161889 -0.67347971371409 -0.67658315438717 -0.66466933384846 -0.64659300617327 -0.63423068442483 -0.65583633786191 -0.648633195005 -0.65451122271137 -0.64519144318948 -0.6442985417614 -0.64451623450164 -0.64462131180613 -0.63807687927847 -0.63541382714854 -0.6348450105908 -0.60126226765503 -0.60181314545317 -0.59968504350067 -0.59983902020095 -0.59897147621539 -0.59935910936763 -0.60001970004318 -0.59489448710618 -0.59585260712464 -0.59480916572353 -0.59675456427896 -0.59647030918987 -0.59823625262998 -0.59518247305911 -0.59622519251993 -0.59548295544764 -0.59371595289801 -0.59280065869574 -0.59370591530301 -0.59934809132224 -0.5997158771818 -0.59972711850366 -0.6017223165917 -0.61968919395039 -0.61783504578193 -0.62172877424422 -0.6208146350447 -0.62135213452622 -0.6197555633497 -0.61750447772116 -0.61729143725537 -0.61710338737459 -0.61757960671506 -0.61753544337358 -0.61589298916924 -0.61392939984628 -0.6145433654121 -0.61402614925574 -0.61518177104379 -0.61502758449131 -0.61546332840886 -0.61606872677169 -0.61594325334566 -0.47191806285889 -0.29563594289449 0.47623052379351 0.45664674014114 0.43665146414673 -0.53437961305729 -0.53876423989401 -0.52411984716676 -0.51831341709526 0.63574707425957 0.63103088197655 0.65282920992682 0.65435657700707 0.64597694130393 0.61813691719856 0.61371592650924 0.57649545381862 0.58873854405023 -0.59091537828371 -0.59267478376657 -0.61754047312618 -0.6114532538923 0.5425900997236 0.54236400818034 0.54264893651476 0.5421799922055 0.54215416625921 0.54191276920563 0.54121945181714 0.5412918188631 0.54127403374536 0.54480674765455 0.54390679140539 0.54912679364901 0.54996104667613 0.54571168035795 0.54549598745106 -0.65647805428888 -0.65797033819641 -0.65585804197015 -0.66030171896964 -0.65386584274853 -0.64701056967566 -0.65051137658209 -0.6479282456503 -0.64280263133345 -0.63821919256679 -0.63933650336033 -0.59114613883925 -0.5909471797141 -0.59059798135449 -0.5979562908292 -0.5981785665001 -0.59791573497169 -0.59756542708195 -0.59729571733522 -0.59770882249936 -0.59912660897304 -0.59956687056596 -0.59970643848364 -0.60349893962045 -0.60294147774607 -0.60448336447377 -0.60569081787347 -0.60832322325021 -0.60664641269963 -0.46858931890092 -0.50784076733093 -0.51889695384091 -0.56707468050127 -0.57436076778286 -0.54203507930357 -0.52615390139817 -0.50709359914998 0.62450823853274 0.63177183417727 0.64854944705925 0.64380538490102 0.64605810987277 0.64513883578744 0.6497487854083 0.65151309000363 0.6496256828524 0.63728367859467 0.64347088344538 0.6280366509259 0.61160315450285 0.61744261601526 0.6156196772358 0.63082676686958 0.60495096807488 0.60619066939591 0.56830285730552 0.55184482648993 0.55200546043207 0.54959748622379 -0.57527798257197 -0.5870256173687 -0.58632753612092 -0.60744441407734 0.54294662208126 0.54308714361906 0.54332999804493 0.54787063428114 0.5491915827269 0.54661599373519 0.54347669809133 -0.66561091218874 -0.6453843760853 -0.64909143603581 -0.64734625640181 -0.63846745116093 -0.65509732478517 -0.65268235446614 -0.65719793392694 -0.65837936818982 -0.63874655023608 -0.6405739103369 -0.637225902518 -0.63627686679508 -0.64241154250552 -0.64482839491033 -0.64247631922008 -0.63616749617737 -0.63497083529282 -0.59782320046197 -0.59803503674847 -0.59772413299601 -0.59998983472108 -0.59953081686609 -0.5994028365736 -0.60035747809395 -0.60015125489334 -0.60351349236392 -0.6027782601257 -0.60344393816052 -0.6050842315369 -0.60389403633464 -0.60633204547938 -0.60199528605893 -0.60224007633666 -0.60136814910017 -0.60117617951277 -0.60050149764275 -0.61328614838936 -0.61294274419075 -0.51367804105796 -0.52804045322086 -0.54131315599924 -0.51332312936932 -0.54666980339699 -0.55627961599233 -0.561477020607 -0.56978590073013 -0.57992641072446 -0.57688936486902 -0.58364479116889 -0.58406241859179 -0.59451834170932 -0.59284077557137 -0.55884167056194 -0.56776984868722 -0.55734845466593 0.65377094424611 0.64998764389507 0.65442270271112 0.65375342176896 0.63003651681931 0.63870118551418 0.64200160817557 0.64173053721661 0.6146948177834 0.6198986703395 0.60432674370081 0.59571402284171 0.59644702674018 0.62800180681293 0.62436248096816 0.5750533844814 0.57518147303354 0.57678071000368 0.56951027806303 0.5550398663914 0.55473146380868 0.55868326700183 0.55356596651965 0.55255768291355 0.54425452683582 0.54529004230842 0.5444301521256 0.54949737571352 0.55172934106145 0.55309694479527 0.54665822673461 0.54969079997418 0.54396874662113 0.54371087405473 0.54313627276887 -0.59154877356412 -0.62305341692841 0.54415106266236 0.54428655841581 0.54672228979144 0.54471183545217 0.5462749730434 -0.67392858557739 -0.67023327248991 -0.6606099852613 -0.69515302367187 -0.69262694036399 -0.68795024783539 -0.68193044826362 -0.68692275299588 -0.6642689453765 -0.65976624374235 -0.64827508831199 -0.66866208547395 -0.67608215052542 -0.67543786466638 -0.67792357953035 -0.67983617622199 -0.67962957730622 -0.65942264075665 -0.65386837530998 -0.64312443876288 -0.6492095473843 -0.64604988643691 -0.65023838056734 -0.68373559366605 -0.68559572716631 -0.68196898435856 -0.69072132692078 -0.69652279791027 -0.69169875874103 -0.6805159108749 -0.6722354873432 -0.67439361649246 -0.6903621940188 -0.69060610006213 -0.64390311439134 -0.64820532196723 -0.6029686576324 -0.59701001542777 -0.58356151107711 -0.59259999206068 -0.59282606876637 -0.58615951136325 -0.59502077931155 0.56472562074237 0.55012110855994 0.54794474728526 0.54491908025318 0.54401905241156 0.54695718958693 0.54835182210751 0.54471012504724 0.54696131752726 0.54295977837117 0.54271547706624 0.54293345606567 0.54249507682485 0.54231143703002 0.54372348400881 -0.60556485512869 -0.60839111510557 -0.60610810191927 -0.61398862526715 -0.61144912403754 -0.61631929262186 -0.61159988212969 -0.60723266312484 -0.60944250989498 -0.61097850114406 -0.607198225573 -0.61396413543218 -0.60396648652213 -0.6101714773091 -0.61070343179611 -0.65256028798791 -0.66077279824478 -0.59369220804869 -0.58838684560366 -0.57755176453176 -0.58346775541159 -0.58765683209576 -0.59405662990874 -0.5878613689611 0.54601623988803 0.54498324996223 0.54638763724341 0.54356111329666 0.54261435340401 0.54293502584963 0.54194034044773 0.54211105562822 0.54213478149377 0.54163105502492 0.54177130680133 -0.59988665676602 -0.60140691490921 -0.60048300702056 -0.58363403931649 -0.58128139218907 -0.61193975415936 -0.55337087551063 -0.56625177281001 -0.54857032293481 -0.54694396706742 -0.55737801454888 0.54161301073292 0.54151607188114 0.54154440508271 0.54152258657324 0.54167477590755 0.54177370913777 0.54180396101423 0.54141868669545 0.5414011748016 0.5414681341679 -0.57452259849996 -0.56877443978743 -0.5633829947884 -0.5454581050183 -0.56507004237303 -0.54427851776557 -0.57351249813357 -0.56873472877744 -0.55064202926803 -0.53973183294848 -0.56720502849441 0.54237021400215 0.541534606781 0.54143869407915 0.54161759069044 0.54153159559911 0.54152461965517 0.54166372074977 0.54159747219105 0.54164911698226 0.54134212511261 0.54131680080947 0.54140078935334 0.54135609715728 0.54118443433692 0.54112027660718 0.54113822583123 0.54236771468968 0.54219407156255 0.54183317910893 0.54173236922728 0.54172030022881 -0.55405781663974 -0.56192524403089 -0.56060983781083 -0.55706895685877 0.542611111055 0.54267093951748 0.54292320728941 0.5421578779745 0.54214786685872 0.54230648952292 0.54351533242123 0.54214109516099 0.5438197934181 0.54279427466253 0.54320392656402 0.54250920775052 0.54250604205486 0.54184472552807 0.5432668287787 0.54171920380204 0.54190298404072 0.54177307913496 0.54268721889866 0.54241753266665 0.54224088552491 0.54249651231877 0.54198243582841 0.54155119595427 0.54153895600653 0.54191543366014 0.54246512102532 -0.58759554449261 -0.58758447564797 -0.58952237943304 -0.58961636172005 -0.589852686777 -0.58948789215733 -0.58924750412258 -0.58916123304423 -0.58917146830462 -0.5897978701861 -0.58973086245391 -0.58977038837993 -0.58941272968542 -0.58933365707163 -0.58870770927144 -0.58865075276414 -0.58879870621468 -0.58909703873087 -0.58906824860485 -0.58873125142112 -0.58898048558608 -0.58914018477427 -0.58899597377228 -0.58901670240212 -0.58866822628308 -0.58851884881654 -0.58857770662494 -0.58842944098813 -0.58886688155997 -0.58902370533785 -0.58891924794499 -0.58962160484952 -0.5892968854684 -0.58929023792398 -0.58966168288649 -0.58978628286676 -0.58939065651533 -0.58887066730516 -0.58895621910471 -0.58980230840069 -0.58965261382471 -0.58959260852581 -0.58945623690085 -0.5898397745138 -0.59006154731172 -0.58996101267204 -0.58860875707071 -0.58871535730099 -0.58946470344542 -0.5893263147439 -0.5893019641416 -0.58949370775063 -0.589720679578 -0.58971591369002 -0.58963409095782 -0.59027679346996 -0.5901664954666 -0.59107243022344 -0.59118412566788 -0.59083956791535 -0.58982128759398 -0.59009941317616 -0.59014485124793 -0.59037368218822 -0.59481612551147 -0.59559498147831 -0.59540978207188 -0.59091862312328 -0.59096431823056 -0.59066816991076 -0.59068360047968 -0.58999335588666 -0.5899076550383 -0.58967364631515 -0.59217886699965 -0.59211628150511 -0.58954700918277 -0.58960702799164 -0.58917211347217 -0.58901270801624 -0.58891707936934 -0.59523311453066 -0.59533671738751 -0.59600874035333 -0.59132256033827 -0.59123061711665 -0.59158843462517 -0.58941578632322 -0.58928205092262 -0.58920149981487 -0.58840069080988 -0.58825204538575 -0.58842579993112 -0.59233630290656 -0.59169776954898 -0.5922425362701 -0.58910892286376 -0.58892384772951 -0.58908723977818 -0.58913040606879 -0.58882931398519 -0.58900109357222 -0.58915939581792 -0.58895481632433 -0.58849804156512 -0.58860342175949 -0.58833546488331 -0.58848995625489 -0.59749852439668 -0.59757367235289 -0.59755388755031 -0.59319193028646 -0.59277133764694 -0.59230675964002 -0.59231198599546 -0.59289573119813 -0.59110018330939 -0.58931635180558 -0.58953813208497 -0.59150686260448 -0.5919032319867 -0.59133051856335 -0.59415687600629 -0.59144606266881 -0.59362353825187 -0.59367203047263 -0.59304666564648 -0.59322776731195 -0.5936367318029 -0.59209466424322 -0.5918576146569 -0.59232043143996 -0.59172724046318 -0.59202375382592 -0.5897186186636 -0.59010278779062 -0.59055684115957 -0.59060484503696 -0.59094210786881 -0.59091547950709 -0.5906495892192 -0.59127924168753 -0.59433887027029 -0.59539657296559 -0.59457340642484 -0.59369176919245 -0.59272267969454 -0.59340015953957 -0.59317169390971 -0.59133602852465 -0.59146142158734 -0.59085301783454 -0.59012070937982 -0.59189218161732 -0.5921620015372 -0.59611692949313 -0.59796095768044 -0.59776954581291 -0.59728260973229 -0.59654340230981 -0.59674129991488 -0.59714711756189 -0.59445850617067 -0.59422620687328 -0.59521141979704 -0.59195438557818 -0.59562421284171 -0.59563670887852 -0.59497893194629 -0.59664752554378 -0.59618584555969 -0.59669835185587 -0.59673095422522 -0.59683760699726 -0.59462764808425 -0.59342339857485 -0.59401361834787 -0.59344879898275 -0.59466396201591 -0.59590492538289 -0.59509814782238 -0.59604940457311 -0.59450478970653 -0.59729673697994 -0.59760818587395 -0.59704485582257 -0.59623321173453 -0.59412394793733 -0.59706905590596 -0.59706359771378 -0.59702302512862 -0.59826396608949 -0.59514343160903 -0.59678111659938 -0.59716927621562 -0.59578762919565 -0.59161039366618 -0.59072914588517 -0.59018589128361 -0.59132575191859 -0.5921450206252 -0.58977691159369 -0.58965100443695 -0.59004345295469 -0.5903414748581 -0.59044466032909 -0.58981703034595 -0.59519348037107 -0.59586004629048 -0.59575840043252 -0.59112829251642 -0.59591521442073 -0.59669858829959 -0.5975674250386 -0.59760635868509 -0.5983914419104 -0.5980688630907 -0.59844997326301 -0.59807027284323 -0.59277658073245 -0.58970143834342 -0.58957459169222 -0.59093057236286 -0.59337559740549 -0.59714476752904 -0.59781520623869 -0.59773288636797 -0.59762439921253 -0.59837000162396 -0.59872068187766 -0.59831961777701 -0.59810246641233 -0.59788052228329 -0.59907934545113 -0.5986295891728 -0.59747040035119 -0.59784058721568 -0.59803312619322 -0.59585681031604 -0.59536921189868 -0.59457008922054 -0.59679971866746 -0.59689076493807 -0.59650501580217 -0.59825891188875 -0.59901768121075 -0.59777543925708 -0.59775992492148 -0.5996888744647 -0.59839984540517 -0.59851354608464 -0.59893056432469 -0.59876579794473 -0.5925148360657 -0.59145440554683 -0.59273479826144 -0.59475877785766 -0.59461150980932 -0.59411753913586 -0.58899925118732 -0.58903025747294 -0.58924310016895 -0.59029658511047 -0.59762164495505 -0.59781162372082 -0.59770926556295 -0.59830885209065 -0.59832108667291 -0.59174650412048 -0.59189912097135 -0.59396242177187 -0.59346875232942 -0.58939747639998 -0.58914528872209 -0.58947053009177 -0.58814904472267 -0.58817443634389 -0.59080338620332 -0.59098759369473 -0.59335357760192 -0.59446944530718 -0.59740251349663 -0.59846654076529 -0.59926095115224 -0.59298562578735 -0.59729530261921 -0.59732582454298 -0.58953532119075 -0.58846080582483 -0.58866063261032 -0.58857950833996 -0.58814861035962 -0.58805181077474 -0.59471113479429 -0.59469551464958 -0.59392287940695 -0.59269064353257 -0.59330203388428 -0.59203434016456 -0.59202046603157 -0.5927150556187 -0.59879823108548 -0.58949497000146 -0.58882179266079 -0.58887260961779 -0.58865185103283 -0.5884401174352 -0.58866489343554 -0.5886804736182 -0.5886708317173 -0.58964045000678 -0.58928203298295 -0.58906033274163 -0.58881735193 -0.5885225232686 -0.58832018768796 -0.58821359718362 -0.58833174301478 -0.58819783898499 -0.58831278295997 -0.58811453916112 -0.58809679655755 -0.58993614076172 -0.59355233425578 -0.59235799608659 -0.58824372633003 -0.58836161518266 -0.58794686182658 -0.58797025541984 -0.58791188281177 -0.58779129871526 -0.58783210052622 -0.58937343874933 -0.58905115207685 -0.5893873706122 -0.58924969840076 -0.58961476570292 -0.59010021377012 -0.59062783946417 -0.58846779629086 -0.58867780514789 -0.5887622858402 -0.59010315352636 -0.58982956303569 -0.58997515263443 -0.59428484479334 -0.59493564238665 -0.59713378139147 -0.59669571735369 -0.59696868423233 -0.58813317367435 -0.58803309032662 -0.587998140362 -0.58795947751153 -0.58799391957073 -0.58803610213091 -0.58804071361346 -0.58796723626979 -0.58799755225252 -0.58781356816667 -0.58784731903542 -0.58785977109194 -0.58791449958446 -0.58798198228987 -0.58772479270961 -0.587759341062 -0.58776270935182 -0.58855293162921 -0.58852700359106 -0.5884015165474 -0.59103415281659 -0.59172923646496 -0.59594241015961 -0.59537444654778 -0.59046205206654 -0.59160052016345 -0.59545649769475 -0.59480699134815 -0.59671570301741 -0.59676968984769 -0.59650178415279 -0.59707589689153 -0.59009445820065 -0.59013463778791 -0.59056576300888 -0.59053080540097 -0.59026738551285 -0.59588126140888 -0.59643282181999 -0.59564584319075 -0.59599828759009 -0.59600820400104 -0.59760943162765 -0.5978454000606 -0.5967178255041 -0.59674555057002 -0.59690226145577 -0.59696537725308 -0.59135779533928 -0.59262442421203 -0.59660917663303 -0.59658577592762 -0.59684334911548 -0.59736803859774 -0.59388004130493 -0.5958673677935 -0.596292296969 -0.59639436176461 -0.59714880251713 -0.59492253889662 -0.59371187584908 -0.59547604820496 -0.59573738080746 -0.58944329112947 -0.58978711451238 -0.59086914801469 -0.59132374349698 -0.59114894593113 -0.59474436527502 -0.59479399401621 -0.59570994776555 -0.59549180944645 -0.59586414756243 -0.59513622779027 -0.59088012607084 -0.59019671982431 -0.59062064080889 -0.59589685425467 -0.5962829529189 -0.59343335218636 -0.59408679934913 -0.59507141153501 -0.59517489302252 -0.5953780295446 -0.59446321284202 -0.59563182333111 -0.59603964223759 -0.59548909265004 -0.59537465441452 -0.59548771757061 -0.59489565510626 -0.59506184777496 -0.59532304472215 -0.59531852012941 -0.59518259652405 -0.59519375560727 -0.62060802351942 -0.61984620838573 -0.61894620780801 -0.62160332651979 -0.58758843081934 -0.58759400072649 -0.58757890831661 -0.58771148595109 -0.58768302201184 -0.5973936931605 -0.58362382527874 -0.59037787654831 -0.58000940004908 -0.63165216495917 -0.63287540056017 -0.62988995059451 -0.63543644391634 -0.72829377211432 -0.72964073382633 -0.60564797341027 -0.60705845310857 -0.60772707018888 -0.58788554165121 -0.58811658153159 -0.58813352127648 -0.61273533355416 -0.62060681085329 -0.61478819347732 -0.61590203083124 -0.61561550972919 -0.61495688545138 -0.61485441268623 -0.61313718738595 -0.61223355079751 0.64795344926824 -0.62756241737298 -0.62746005380806 -0.62748348650128 -0.60765088936834 -0.60810949419258 -0.60860445356426 -0.60839494285194 -0.60732311648817 -0.60497510580201 -0.6054880716512 -0.60475711918881 -0.60163853384906 -0.60235916680719 -0.60414113184508 -0.60468598604535 -0.60490007572833 -0.6033075828627 -0.60395480295099 -0.60918763605663 -0.60708978840042 -0.61103924290046 -0.61012360608032 -0.6048558995133 -0.60369760495877 -0.60448019686471 -0.60350850261344 -0.60282488388443 -0.60385926421262 -0.59979445031564 -0.60478315441002 -0.60496133291109 -0.60458496658098 -0.60130543583007 -0.60258309921191 -0.60471257773855 -0.88669128974614 -0.81720678458673 -0.62767962007713 -0.62714491803804 -0.62707982350241 -0.62754283855597 -0.62744821300743 -0.62814033213714 -0.62826816285606 -0.6260835665308 -0.62577220798918 -0.62612152236899 -0.59253325928023 -0.59297362110664 -0.59230732655555 -0.59689839334979 -0.59293079129907 -0.59234958201124 -0.59253604504046 -0.5940454227598 -0.59449250039673 -0.59391351197605 -0.59193266580309 -0.59377017179081 -0.59396761792919 -0.58960385687235 -0.58991552939822 -0.59001195325415 -0.5898038071607 -0.59011726116148 0.40499631458638 -0.62684754616459 -0.62683701498685 -0.62702864978117 -0.62695322890017 -0.62674528237271 -0.6265447184671 -0.62723176937957 -0.62734311265979 -0.6272391200636 -0.62689605393925 -0.62713078606658 -0.62724028444623 -0.62716850299282 -0.62754111924481 -0.62745704364381 -0.62817366806089 -0.62838538505752 -0.62816476221992 -0.62791655966501 -0.6279736408208 -0.62783449240329 -0.62704423116295 -0.6270241601587 -0.62692993349737 -0.62763974616735 -0.62765089161395 -0.62635307852779 -0.62599226594992 -0.62516157389208 -0.62540414591012 -0.6258325398137 -0.62775570645292 -0.62795984860461 -0.6277640211369 -0.62800827902326 -0.62821120868119 -0.62712781162032 -0.62743648000969 -0.6272829883659 -0.62732052869813 -0.6274454463881 -0.62766004950344 -0.6277161385749 -0.62755928576747 -0.62767514849185 -0.62781091660087 -0.62762502462691 -0.6276850821772 -0.63152832649142 -0.63139783893619 -0.63284980726451 -0.62702222881181 -0.62707779187951 -0.62708508139001 -0.62699025939354 -0.62724976967349 -0.62738596751956 -0.62770081941411 -0.62744064412715 -0.62718253987849 -0.62705133176938 -0.62701596286534 -0.62840134688784 -0.62817537774488 -0.62809244907281 -0.62757810724841 -0.62701376892981 -0.62685939365133 -0.62723115251265 -0.62740750800646 -0.62660881600217 -0.62656815732201 -0.62545652877617 -0.62572294546791 -0.6258555163207 -0.62663803348455 -0.6267997816103 -0.62657425192225 -0.62671224383743 -0.62535461663791 -0.62525477117402 -0.62573090044359 -0.62664359427401 -0.62722621214529 -0.62758440331991 -0.62750676073067 -0.62605443307976 -0.62485340788413 -0.62527018425903 -0.62504633128129 -0.62625745485635 -0.6264515607631 -0.62589140379702 -0.62641279131404 -0.62762445920153 -0.62782106735953 -0.62750537117523 -0.62922043800025 -0.62959784342603 -0.62634717025364 -0.62425599172898 -0.624045706582 -0.62451405810378 -0.62324698558356 -0.62322651394165 -0.62416574433671 -0.62699179857908 -0.62635791836946 -0.6283997513535 -0.62801143874352 -0.6299797127573 -0.6303849269955 -0.6298880957874 -0.62543134786763 -0.62490093507646 -0.62475679280463 -0.62442861234487 -0.62523942238257 -0.62853153487217 -0.62825331075488 -0.62839364852276 -0.62474500301162 -0.6250384188431 -0.62604669129973 -0.62768406881006 -0.62712350981917 -0.62312826216526 -0.62385243660073 -0.62924149941075 -0.6292267885199 -0.62883972463507 0.54089831437075 0.54093755437078 0.54097068395716 0.54100559100047 0.54092844649271 0.54090341969382 0.54099929567129 0.5409323597976 0.54119211525676 0.57810071333272 -0.59735183335359 -0.59629610745136 -0.59470373870596 -0.59615818500774 -0.59566118498321 -0.59413011613879 -0.5940630332521 -0.59464262462199 -0.59525683102353 -0.5955240192319 -0.59376452950172 -0.59293061530381 -0.59355980109459 -0.59492622385073 -0.59641860902674 -0.60081238175146 -0.60145808663762 -0.59655672915056 -0.59562045232165 -0.59786405722222 -0.59503588777059 -0.59923661662694 0.5395446157358 0.62447026699997 0.62963165559797 0.62959609104462 0.64023929476534 0.62113261893614 0.62547536482386 0.62898134616521 0.62636156438866 0.62154769781914 0.62290395497557 -0.62242371024068 -0.62190566394506 0.5833402040781 0.58466508831011 -0.63145602398253 -0.63126976156364 -0.62936023092346 -0.6291049573223 -0.62919552870043 -0.62889872025963 -0.62931535016551 -0.62985644793416 -0.62996018269935 -0.62798871712663 -0.62785160118866 -0.62882489305535 -0.62870318733134 0.5408071625028 0.54089822664876 0.54098833026146 0.54093912448642 0.54085807384289 -0.68932937158819 -0.61422394078077 -0.61374156090069 -0.60919868567307 -0.61030282338909 -0.61436517007936 -0.61462376268333 -0.61421709762111 -0.61512596105932 -0.61497959918992 -0.61300231675289 -0.61465688327385 -0.61360124505648 -0.61265935393059 -0.61163248680762 -0.61022361026136 -0.61489771000579 -0.61501073866336 -0.61561898834126 -0.61556355926962 -0.6157992873256 -0.61504786726883 -0.61398359943439 -0.61478195156636 -0.61405183035936 -0.61065673199445 -0.6113882167716 -0.60759664236254 -0.60740750746926 -0.61221823573063 -0.60987212684073 -0.60831728257435 -0.60652952114948 -0.6122595453288 -0.6133155971423 -0.6059438405502 0.56385966498985 -0.59578126293033 0.6288933513665 -0.7020469996041 -0.642133707869 -0.64035199928189 -0.65558402763364 -0.65944212029517 -0.65739150386225 -0.63302369288017 -0.63496393617346 -0.63507425434527 -0.63689376380392 -0.63803028332388 -0.63652541587319 -0.697267652923 -0.63311285930628 -0.63385006244093 -0.63288424097742 -0.6327573592274 -0.61847167682196 -0.6176668978584 -0.61900960464327 -0.61653559082395 -0.61927967606856 -0.61698588155008 -0.61732723394925 -0.6197970216537 -0.62036077355378 -0.61950644848255 -0.61950703990353 -0.6199887204199 -0.62244425483706 -0.62013849330484 -0.62075060268359 0.6516466917655 -0.61177146311941 -0.61216537919806 -0.61412796253598 -0.61318103667169 -0.61530817752107 -0.61326480805836 -0.6767762658764 -0.70502274657819 -0.67073839238906 -0.68184848975105 -0.64886434935683 -0.64928464580266 -0.65653115321712 -0.65838087456666 -0.65946442860576 -0.65224375865182 -0.65392232972131 -0.65783298145713 -0.66087001282886 -0.66139849710343 -0.66272710120442 -0.65302331775132 -0.64864609117658 -0.65537108566292 -0.65811754720689 -0.64475088747047 -0.64630684065486 -0.64371988333257 -0.6609438319962 -0.66236534054063 -0.66381093202674 -0.64407319180266 -0.64801927724385 -0.63975131518578 -0.64104728334182 -0.6381198082274 -0.63564120483039 -0.63391366812226 -0.63418208747496 -0.63528710863154 -0.63737529212561 -0.63661681795417 -0.63274353197292 -0.6349583896089 -0.63456265558384 -0.6362941573534 -0.63029124337606 -0.63067717317435 -0.63100798730956 -0.62958490329333 -0.62908761676109 -0.62945022025213 -0.63630675307311 -0.63629309407802 -0.63760277757063 -0.64021040178569 -0.63896513727147 -0.63866187125652 -0.63857176403742 -0.63967346813946 -0.64070565075706 -0.63540053377028 -0.63866076860241 -0.63381481637029 -0.63411580938271 -0.63370836627164 -0.6331903826996 -0.63478686360441 -0.63220949640375 -0.63081742043553 -0.62921399115674 -0.62972003795475 -0.62971190267618 -0.63192787202109 -0.63282005308395 -0.63119868644093 -0.63084248277685 -0.6343673719494 -0.63071590647403 -0.63220614117706 -0.63020091706891 -0.6306701721482 -0.63120528752523 -0.63036165980419 -0.62984766559206 -0.6280497624356 -0.62804726208171 -0.63146682398453 -0.63177151435464 -0.62866432891316 -0.62836863327657 -0.62862816999057 -0.6297366120368 -0.63196590931575 -0.62995992445672 -0.63057659937304 -0.62955894738835 -0.63144403376758 -0.6289833779062 -0.62878613683789 -0.62860682485764 -0.63785521251567 -0.63301774078105 -0.62857909751365 -0.6281926430316 -0.62813886675438 -0.62849765794843 -0.62834581896332 -0.62819169414094 -0.62807174608591 -0.62820749461728 -0.62786643868087 -0.62831874853938 -0.62778548882299 -0.62848441537481 -0.62772145789565 -0.62774720928008 -0.62766979903705 -0.62768123226281 -0.62847704781992 -0.62863464444425 -0.62847455264057 -0.62816908648009 -0.62831653499853 -0.62882901033435 -0.62882062045858 -0.62760904359621 -0.62921381404031 -0.62880301467008 -0.62904445409628 -0.62797903345973 -0.62788145099754 -0.62786469555741 -0.62821860230605 -0.62795107010406 -0.62855734390366 -0.62934299662105 -0.62890641199066 -0.62781258498102 -0.62838823234848 -0.62801271645965 -0.62166944525621 -0.6715024707887 -0.66154370154187 -0.65427523916582 -0.65013284656381 -0.60070041058749 -0.59771883004073 0.61026496143174 0.60388168222502 -0.66673796243307 0.54142488487721 0.5414662685019 0.54135399904768 0.54127859154384 0.5412393096027 0.54106621128882 0.54110739141625 0.54101895716072 0.54106156727971 0.54121934228569 0.54110866606336 0.54117273739066 -0.58757726010069 -0.58758453553783 -0.58869643115023 -0.59017008309988 -0.59071430173412 -0.59109622021177 -0.59046979109713 -0.59700917839204 -0.58833307657581 -0.58795823735762 -0.58801050266082 -0.58790721347459 -0.58778127530044 -0.58777221031015 -0.59028613330991 -0.59368679943955 -0.59451390675528 -0.59330317119612 -0.59251304087214 -0.59310284478664 -0.59180287951116 -0.59740965441748 -0.59717416380219 -0.59684153840677 -0.59642934147863 -0.59664775566456 -0.59637705943269 -0.59537619773303 -0.59527382016942 -0.59536274219569 -0.59568890540161 -0.59521648422164 -0.59515871417888 -0.59512652033186 -0.59460980289877 -0.59335183828151 -0.59628081463335 -0.59589512502366 -0.59598772772955 -0.59645386359873 -0.58868625749489 -0.58900876474656 -0.58977628029576 -0.58930620718447 -0.58962682192241 -0.59086046692936 -0.59036939162184 -0.59269625239462 -0.5915461058023 -0.59271848948396 -0.62188651704873 -0.62240469594797 -0.6209994206196 -0.62011120611898 -0.61920742632909 -0.61793928634844 -0.62146735465615 -0.6221851758195 -0.58762820260338 -0.58765370470678 -0.58770678096836 -0.58767883893889 -0.58771026779352 -0.58763752650937 -0.58765021538394 -0.58765416246501 -0.5877474231867 -0.58762201510162 -0.58760773466059 -0.58766129221997 -0.58756424335067 -0.58757126165071 -0.5875608068129 -0.58761651659833 -0.58761161339268 -0.58760604412938 -0.5877054707581 -0.58767354388012 -0.58769361189522 -0.58781856053858 -0.58778074398603 -0.5877329092205 -0.58776396649194 -0.58766026893674 -0.58761168554048 -0.58769492622908 -0.5876597876719 -0.58761455626524 -0.58758683799741 -0.587602287529 -0.5876619391758 -0.58764876568825 -0.58765129571054 -0.58761902389365 -0.58763855188889 -0.58757589266279 -0.58760121287159 -0.58755312968151 -0.58755527003237 -0.5875526811845 -0.58757173176269 -0.58757024652578 -0.58760396734629 -0.58760838980591 -0.58761423364998 -0.5876250158489 -0.58763174650009 -0.58763894754532 -0.58757489135669 -0.58754906402226 -0.58754592208373 -0.58754726384146 -0.58772929138203 -0.58778536995192 -0.5875953200588 -0.58758821994587 -0.58758537261656 -0.58838262497431 -0.58831412844749 -0.58829687401123 -0.58797218518989 -0.5878528026302 -0.58787346984037 -0.58790665307108 -0.58786275811465 -0.58780006043191 -0.58785718696186 -0.58765258354977 -0.58760153349674 -0.58761109540823 -0.58756771061616 -0.58756138916747 -0.58755548420513 -0.58755199275762 -0.58755180374031 -0.58757153810807 -0.58756923038983 -0.58757533560548 -0.58757054577727 -0.58762305381083 -0.58762506231601 -0.58761340660627 -0.58761814340007 -0.58759490923766 -0.58765339363311 -0.5876740702927 -0.58766678102111 -0.58770703104038 -0.58763047977909 -0.58756093759934 -0.58756020733129 -0.58756049449734 -0.58756539933539 -0.58758383226528 -0.587600144562 -0.60209494266734 -0.60245555829005 -0.60305058835286 -0.60340382124738 -0.60310480726757 -0.59256779672875 -0.59268226471999 -0.59309732568618 -0.59059103778634 -0.59091831739317 -0.59071493826547 -0.59049694517713 -0.59069468428482 -0.59047950882188 -0.59045681588076 -0.5908051243105 -0.59077885643397 -0.59065232653786 -0.59026838439883 -0.59219833931744 -0.58996803028342 -0.58957215582472 -0.59048205365303 -0.59072816193996 -0.58988812389764 -0.5884193434086 -0.58826492545021 -0.58843893163336 -0.62637468407564 -0.62684318837434 -0.62691486020422 -0.62682884756351 -0.63022098199778 -0.62968713066707 -0.62935033537777 -0.62871292542377 -0.62879020528717 -0.62876079591669 0.5408986155918 0.54088106848162 0.54090438955305 0.5408744854542 -0.61384151197108 -0.69527302289609 -0.69755668707782 -0.69942686964917 -0.6930821135014 -0.67342351726611 -0.68781634824531 -0.69899068109062 -0.69517327499446 -0.69682581369689 -0.70483570596787 -0.70269461798005 -0.70015100349843 -0.7001749180959 -0.70148437614412 -0.70320245566599 -0.63178077660989 -0.58940388659893 -0.58819666580402 -0.58826120304777 -0.58809737162442 -0.59205808025664 -0.59308752911016 -0.59524297341788 -0.5952180121348 -0.59518541571482 -0.5891429929044 -0.58900848854719 -0.58929527964527 -0.588951363365 -0.58889884026128 -0.58888787737587 -0.5886698228809 -0.58771823491361 -0.58771318268065 -0.58769481377585 -0.58990981887557 -0.59009902226111 -0.59028555955436 -0.59013775425551 -0.58871330389536 -0.58847862326265 -0.5885837252926 -0.59014644544444 -0.58754216796135 -0.58754303536286 -0.58754340799136 -0.58793066666978 -0.58789880062039 -0.58754829399551 -0.58754563417464 -0.58756470288982 -0.58766086377485 -0.58762942836645 -0.58763963945547 -0.58909055342164 -0.58870494429776 -0.58897210426491 -0.5878642074055 -0.58792991568427 -0.58792113007747 -0.5881787718459 -0.58803275902686 -0.58809021882299 -0.60281462662853 -0.59032841455325 -0.59052799788381 -0.59051670437328 -0.58776279256989 -0.587729592491 -0.58774591924427 -0.58900064914847 -0.58899191117023 -0.5886015456471 -0.58922532966616 -0.58958410896231 -0.69872934066369 -0.58850026282037 -0.58814336292931 -0.58818799758775 -0.58810166057032 -0.58875264362836 -0.58787335002251 -0.58783870285008 -0.58789141172907 -0.58881570016103 -0.5880883578289 -0.58802261486416 -0.58805083366377 -0.58984959728862 -0.58997243394986 -0.58984804780917 -0.58851520377071 -0.58833878751731 -0.58754993121682 -0.58754149428339 -0.58754103960956 -0.58931173197381 -0.58969358544578 -0.5893319192029 -0.58833251675042 -0.58827882783626 -0.58853242099275 -0.5879924667114 -0.58805390031522 -0.58775479991791 -0.58778192409916 -0.58779113428322 -0.58784918558888 -0.58816636871778 -0.58823228757506 -0.58833189320036 -0.58816832303301 -0.58821850375774 -0.5893155410925 -0.58966685878998 -0.58827301881295 -0.58891184201269 -0.58870377522634 -0.58843521324116 -0.58948330968996 -0.58965423182086 -0.58991523676608 -0.58801314528318 -0.58814387603485 -0.58863264311807 -0.58779426075251 -0.58768337577993 -0.5876883370772 -0.58770613433804 -0.58768176228493 -0.58929382147603 -0.58955447632856 -0.58920796948066 -0.58776825745201 -0.58773564975488 -0.58776864041402 -0.58772547268285 -0.58797309505967 -0.58782697503993 -0.5878031350037 -0.58878451490252 -0.58792235665652 -0.58783466044838 -0.58783849478472 -0.58779835614502 -0.58779496820955 -0.58773383312174 -0.58794048350739 -0.58790553495436 -0.58788418531086 -0.58785758751277 -0.58782001803828 -0.58775143632681 -0.58768246558596 -0.58782301014801 -0.58776772837889 -0.58777869569123 -0.58770922801755 -0.58793928287941 -0.58796590881741 -0.58920210556312 -0.58782801969455 -0.58799000665787 -0.58807955100957 -0.58803756774877 -0.58810504166213 -0.58857945423813 -0.58875704875532 -0.58845226629141 -0.59006367655604 -0.59016316321223 -0.58822042090034 -0.58837572804179 -0.58981658951649 -0.58850345222093 -0.58826254385426 -0.58814974531549 -0.58888891322164 -0.6241412294358 -0.62361459401456 -0.62242536943225 -0.62654287652241 -0.62297813474905 -0.64088679178681 0.55413492375149 0.55493081574029 0.55526252088577 0.54984547758554 
SCALARS mn-pot double 1
LOOKUP_TABLE default
0.43808459619074 0.44181855113707 0.44975293557109 0.45830473567685 0.46531198771724 0.47121101649573 0.47954058630201 0.48742634680192 0.50059642179027 0.51298361144567 0.52295193228727 0.5337313221998 0.5489019168659 0.58436675284702 0.63836286311502 0.69824747850839 0.75027653837753 0.98610544548166 -1 -0.80316257446014 -0.74680649457349 -0.715350698474 -0.69351023535094 -0.66928676591279 -0.65428661883045 -0.63750914627207 -0.61592257556092 -0.60241728663852 -0.59114756511233 -0.58391487227243 -0.57945656221128 -0.5734576412471 -0.56920312265434 -0.56444037162182 -0.55984094107831 -0.55689710327212 -0.55322613827942 -0.55005658571867 -0.54632902981466 -0.54155361591786 -0.5371643470536 -0.53209960374655 -0.52653960583989 -0.52086909033311 -0.51505719403973 -0.50959880030438 -0.50515296814806 -0.50126383574072 -0.49803953971584 -0.49568339175608 -0.4936191397839 -0.49182864202888 -0.49053562853588 -0.48922085116832 -0.48764379026678 -0.48565214134531 -0.48397280588472 -0.48221072804293 -0.48033655970541 -0.4787030352188 -0.47710610243386 -0.47586498139223 -0.47465567978318 -0.47317721179465 -0.47150883065007 -0.46928786897473 -0.46711473021826 -0.46462616505569 -0.4624916123448 -0.46118815887724 -0.46001726530808 -0.45916996266004 -0.458489960653 -0.45788929713368 -0.45721053901811 -0.45654657767173 -0.45585525913306 -0.45519800272177 -0.45466187795055 -0.45405591678886 -0.45365262111763 -0.4512998971804 -0.45130252277002 -0.45131460100723 -0.45134124882471 -0.45139932104085 -0.45152446969064 -0.45174988567995 -0.45217603409889 -0.45259812447094 -0.45297233986552 -0.45327532110045 -0.45348838135185 -0.45359870199315 -0.45374508000887 -0.45409529151049 -0.45472771343841 -0.45602643794516 -0.4578418403304 -0.46092389822663 -0.4665911131982 -0.47273847503977 -0.4756866993502 -0.47712507897862 -0.47905713765004 -0.4822141727332 -0.48590196528758 -0.48803326743131 -0.48891048306753 -0.48923904895652 -0.48943292187527 -0.48972220025949 -0.48998103705391 -0.49018629104 -0.49036176556895 -0.4905178814358 -0.49067745953039 -0.4908970728743 -0.49122721976453 -0.4917567717453 -0.49235521673374 -0.49285432298195 -0.49328696890904 -0.49376016964854 -0.49429610100055 -0.49499531678554 -0.49600098591318 -0.49691981483044 -0.49738103813629 -0.49788164764463 -0.49867946300989 -0.49924660047407 -0.49923993391999 -0.49788343710662 -0.49398468605322 -0.49140946128205 -0.48986644352335 -0.48689179451527 -0.48379913049326 -0.4824936620056 -0.47950007700383 -0.47270181925082 -0.4634216107073 -0.45176046372018 -0.43545952818723 -0.41365554380602 -0.39310942885154 -0.37654434838505 -0.35060448283026 -0.23215686922022 0.34142297314314 0.37097104786957 0.38837629885908 0.40145559931048 0.40992653303125 0.41581280654675 0.41816579911052 0.41876715815594 0.41888296040776 0.41894511580469 0.41900812238816 0.41901813016091 -0.33691824103474 -0.45230828289305 0.42097287202369 -0.49185020983592 -0.48306149233856 -0.54109738225126 -0.49736896576942 -0.49750884044022 -0.50156976817925 0.540702618264 0.61484155882928 0.47953369028081 -0.6447878217321 -0.55761400542192 -0.58314295051568 -0.49062465741377 -0.48932098979348 -0.4770118809738 -0.48638609456979 -0.45360823422434 -0.46478159457586 -0.45157822370377 -0.49512352676167 -0.48620522259628 -0.47459905819227 -0.45712988324922 0.30728342137306 -0.37340091007037 -0.44706505322687 -0.47555500087751 -0.48932438014753 -0.48305790591322 -0.48503904963765 -0.48127840719725 -0.48829010772362 -0.47896642178644 -0.48572870740499 -0.47911080289966 -0.51530171050942 -0.52908609419295 -0.53980569534032 -0.49675192601629 -0.49727719325255 -0.49951314390742 -0.50045763223526 0.5655181473879 0.54182755931146 0.41867257382369 -0.69484908221631 0.81422834879153 0.42810228233886 0.48635651160205 0.47401713145263 0.48008568633536 -0.64997985517641 -0.6299947765809 -0.65516841292836 -0.55829390908779 -0.57522124612089 -0.58281873036126 -0.5867130063607 -0.49077547898678 -0.49047189658264 -0.49301030084225 -0.48949393589239 -0.48868779683314 -0.47657573137137 -0.47437120697578 -0.47840729645068 -0.48113615091394 -0.48039262155085 -0.47927135893406 -0.47730174927417 -0.4790019025406 -0.48145471890318 -0.48687835542589 -0.45364888827732 -0.45385467895669 -0.46373083566396 -0.4626202568141 -0.45218746700383 -0.45159370416215 -0.49339288332737 -0.49614734976689 -0.4994737488144 -0.48742748271844 -0.4887186279798 -0.48546232612325 -0.48996214467783 -0.47578454164016 -0.47834214814012 -0.45715911997264 -0.4563604134005 0.30680127230068 -0.31702150619094 0.35798787423831 -0.36855628784497 -0.41805440183613 -0.47023553087143 -0.49105447804093 -0.49245386251604 -0.49394344000647 -0.49576184561338 -0.49677427034374 -0.49808040415849 -0.49437104029351 -0.48995130388701 -0.48730730022625 -0.48429667453617 -0.51762256380799 -0.53525326286714 -0.52830297532047 -0.53913404143401 -0.49989089805305 0.60821071438171 0.57424473340652 0.41754001419111 -0.77512476524935 -0.73249918980439 -0.73163651985181 0.77639812284239 0.4436523179073 0.41968910679675 0.48502022500681 -0.67195629597852 -0.62949247652285 -0.55818698349431 -0.56034556319791 -0.56297694803184 -0.56229032122983 -0.5766014656116 -0.57188558328413 -0.58279515430893 -0.60608897795215 -0.58447568702229 -0.57790705196292 -0.49077660875241 -0.49062095883426 -0.49096557038159 -0.49111101037025 -0.490966336056 -0.49077940987533 -0.49080835623047 -0.49159978298459 -0.49121492929965 -0.4913166619368 -0.49174734195247 -0.49175288690001 -0.49149727216857 -0.4920646876399 -0.49013632710346 -0.49305639247926 -0.48921028007825 -0.48859697373184 -0.48802615251615 -0.48897469117997 -0.48807225210486 -0.48827042905165 -0.47456651424971 -0.45388177003719 -0.45433672495928 -0.46101653483539 -0.46335745942976 -0.45203013960069 -0.45160957271433 -0.49314163641161 -0.49168667373637 -0.50167661116552 -0.48402793552384 -0.48358738467203 -0.47596076802954 -0.47706692444206 -0.47313046285377 -0.47931154386617 -0.4557423164835 -0.45567669566993 -0.29045157505891 0.32252954909034 0.38000551040052 -0.42245381495344 -0.46877783623604 -0.49592122129632 -0.49759475081084 -0.50089369721867 -0.49302628468479 -0.48358897036939 -0.49943845918131 -0.49933140200802 -0.49999673975252 -0.49906809312631 -0.50231765886959 0.63092879048838 0.55446274469296 0.59235015527251 -0.68352330864707 -0.65656705800455 -0.6741049176685 -0.66922129730157 0.6664328463126 0.6153455213593 -0.73644825315193 -0.70084248782822 0.73217709992033 0.45048184334906 0.41893306880218 0.48054775774291 0.48590107442548 0.48192395022086 -0.65420013765529 -0.63265861986398 -0.5596175196755 -0.5574496225661 -0.55888635858981 -0.55749695061017 -0.56760297567636 -0.60317197628096 -0.49090477704852 -0.49114073206603 -0.49141594466544 -0.49114963319313 -0.49240521337224 -0.49010385526413 -0.48977148765217 -0.49044495503853 -0.49306925552841 -0.4926312407272 -0.48748594208587 -0.48907122616803 -0.47695940010792 -0.47070609310481 -0.47150389879786 -0.45409255281258 -0.45385149063243 -0.46155210632542 -0.46362409645814 -0.45198078135611 -0.49228617506326 -0.5046326586508 -0.49805018443795 -0.47411934051706 -0.47238700733499 -0.47271894162514 -0.47313523127413 -0.47091885842761 -0.45613840022005 -0.45568805670643 -0.4548669577364 0.35395852918795 0.39016111876434 0.37006812263761 -0.43570900490018 -0.39978569211447 -0.49230937251645 -0.50074498929631 -0.49889232681617 -0.49821220594747 -0.49947821426514 0.60834244386507 0.56264945260059 0.55930505149671 -0.68475077883235 0.6446433887117 -0.71445699808091 -0.66707480209993 0.44313851567071 0.41934848750787 0.47281012864893 0.50630322129049 -0.663523998408 -0.64227021637243 -0.64266849026805 -0.56020112631918 -0.55253847935025 -0.57023101829282 -0.60507131751156 -0.61317699460342 -0.49200912696696 -0.49219558092513 -0.49223130259428 -0.49171312108098 -0.49339781031282 -0.49262327795668 -0.49256232702387 -0.49184518213638 -0.49279594276536 -0.49146401020209 -0.49258400728316 -0.49223509212727 -0.4898655136376 -0.48957495719518 -0.48945255721804 -0.49059657743296 -0.4903771064089 -0.49072833051733 -0.48878811793123 -0.48865778199675 -0.48917208720988 -0.48837327186869 -0.48900218198206 -0.4883746661486 -0.48626728034251 -0.48756651123961 -0.47038737504508 -0.46712780720385 -0.46970078467399 -0.47313993125857 -0.46799992808686 -0.469473904638 -0.46948077933124 -0.46560089936756 -0.47732404070145 -0.47382671547936 -0.45376797858106 -0.45345803262795 -0.45403888162436 -0.45491131960153 -0.45447330994372 -0.45556104650484 -0.4547966307245 -0.49229237760647 -0.49368416354778 -0.49110428178549 -0.49358995426696 -0.49145258927849 -0.49083022881784 -0.49033539860388 -0.50120518601811 -0.50118427131818 -0.5003741624866 -0.50456158806004 -0.49718998921724 -0.49651936029962 -0.49814824774789 -0.47356465592283 -0.47533942547565 -0.47399854240994 -0.45615159301232 -0.45567827951447 -0.45489695448395 -0.45511397210168 0.33362379647345 0.39071650592176 -0.41311277852868 -0.40894102326978 -0.49677961581159 -0.49828715161414 -0.49801450737288 -0.49964471008354 -0.49866089601335 -0.50241397377703 -0.50089552949421 -0.50277946754139 0.55017720729075 0.58184937116264 -0.66625967328647 -0.6531110115832 -0.64645986700034 -0.64440971726238 -0.65288558215337 0.4352101124533 0.41910694350522 0.48065643774827 0.49196908291452 -0.6494863118873 -0.55444887472518 -0.57327380501192 -0.57255781149296 -0.56555580921593 -0.49199447792268 -0.49324661298723 -0.49298017015214 -0.49434833895709 -0.49331435527651 -0.48968970568961 -0.48996829657828 -0.4899407657551 -0.48703353182729 -0.48710514773045 -0.48568105255293 -0.48651889454329 -0.46679416642062 -0.46459550040662 -0.47375098722074 -0.47762363876463 -0.47491828948167 -0.45902937748789 -0.49127859333724 -0.50193596137157 -0.50684568327208 -0.50379813025563 -0.49507357803582 -0.49490658022628 -0.49563812943998 -0.49836217258525 -0.49319630589891 -0.49399024053453 -0.50005396985483 0.36792159684228 0.37644833966072 0.3855154619582 0.39901892613872 0.41580636412562 0.40425397057132 0.40491007145183 0.3995578794875 0.40846046532515 0.3950848920805 -0.49551885229134 -0.49788715010772 -0.50148779274762 -0.51519290980654 0.57639278000556 0.5529204937125 0.5621570104969 0.55048843490493 0.5608631926297 0.53192089111991 0.54719901713933 0.50154570598665 0.5373532360352 -0.42732325095663 -0.66360528312249 -0.63342364004978 0.41904321222039 0.41909418307742 0.48004586943775 0.46347172517255 0.48060494989046 0.49391481607427 0.49960938359167 0.50737079782016 0.51178626450057 -0.55620850084869 -0.55533354436288 -0.55531276204677 -0.58195964660141 -0.56349145989674 -0.56668882243452 -0.5617030777516 -0.56848857758205 -0.49451016896026 -0.49317968227251 -0.49415100850514 -0.4935292468237 -0.48769442663173 -0.4860411481228 -0.48319395739776 -0.48476551129479 -0.48409272735675 -0.48748285975175 -0.46592616182191 -0.47194336467333 -0.48065928314844 -0.4791934230806 -0.46166892881685 -0.512136183218 -0.50810624000264 -0.51210121754812 -0.50775093763549 -0.51740824411514 -0.50224194925404 -0.50350887229641 -0.49270820122897 -0.49130003951212 -0.49137518846221 -0.4921944123235 -0.49199805854061 -0.49142316297523 -0.48733703341517 -0.49057849585031 0.34826018467068 -0.31403790457915 0.37183897851519 0.40248178402753 0.40614588181527 0.4153444755127 0.41267455919014 0.40170272968381 0.38744287668114 -0.50641218437336 0.51595501339908 0.58362095966789 0.54470012761604 -0.67200039433964 -0.66221163184539 -0.66716484764496 -0.64946235441353 -0.65388507721919 -0.6280339055119 -0.65568864246206 -0.66876583600557 -0.64452539943339 0.44151589951123 0.47409800735895 0.51925593507323 -0.5538714587422 -0.55219422858587 -0.5541332430511 -0.55698459976036 -0.55148424637323 -0.55387816213571 -0.61024200082353 -0.49380539571587 -0.4938709839196 -0.49343901925193 -0.49392898477268 -0.4949609920255 -0.47888483133357 -0.4845213295097 -0.48275004120633 -0.4848999056127 -0.48543945287832 -0.48688222411623 -0.46690331377578 -0.47076193486213 -0.48235973424867 -0.46368030433617 -0.52102374663598 -0.49194621155108 -0.49154260657517 -0.48897643979152 -0.4907118499734 -0.48947524858631 -0.48571410476841 -0.49165909573731 -0.48662381351431 -0.49041627090632 0.40775303596311 0.39262109107693 0.42437247049027 0.38024340607163 0.39263855060052 0.39223422690094 0.42140583973949 0.41191366852649 0.40927794781367 0.41369234063181 0.40846613457285 0.41641110169911 -0.50704943539229 0.56979726045853 -0.52184459705229 -0.52138434485356 -0.68122902695268 -0.63957636196314 -0.63221222736158 -0.6384647709161 -0.60427797895338 -0.62382189744722 -0.62909487244562 -0.64634834637712 0.46231884681806 0.48199760349674 0.46625039092774 0.49142830919279 0.4426010324379 0.45560262831516 0.45655950066535 -0.54782415119935 -0.5556508259999 -0.55605907732557 -0.55655937793256 -0.55875808688933 -0.55323187223331 -0.56100090009418 -0.55500785112252 -0.56060361331877 -0.56477711022164 -0.55011022277036 -0.55192526283961 -0.57618270883627 -0.6056093147392 -0.49344017140862 -0.49378743889419 -0.49343978014304 -0.49379288320245 -0.49431710172746 -0.49347588003304 -0.49289814870792 -0.49215918592881 -0.50226581652562 -0.49568566053152 -0.47734141395234 -0.48423891293547 -0.4853100839598 -0.48329609722848 -0.47119895061119 -0.47436098520826 -0.51927591362283 -0.52025313273915 -0.52036089317068 -0.49197774274244 -0.49074052500687 -0.48840991120465 -0.48435841483911 0.40434674962415 0.41534047736545 0.4814759710953 0.41872788334237 -0.5039741228338 -0.50468573731214 -0.51696802388126 -0.50997647132194 -0.61204918102797 -0.58456162872452 0.6052308102614 -0.35319817271581 -0.57941653445025 -0.57303240662084 -0.63107553563993 0.45239043074792 -0.55059928206835 -0.54789819324912 -0.55175691455917 -0.5491381965262 -0.54508577261019 -0.55299056554482 -0.56892178393363 -0.57694746374912 -0.6175060262445 -0.59259703808494 -0.49130456731993 -0.49663893434241 -0.49501918552436 -0.48076234413995 -0.48361706190134 -0.48168831606678 -0.47479112462826 -0.52361908482341 -0.52291989474621 -0.52240313386425 -0.49260545723809 -0.48466727374016 -0.48276229402076 -0.48316836369485 -0.48376640822073 0.47118402030426 0.43894523656166 0.50553947504136 0.45276656809886 0.41792659568349 0.41993747079977 0.42799324547437 0.42028266156476 0.4222346028771 0.41996296717523 0.4234751732113 0.42334334642441 0.41909375898477 0.42043867289444 0.42126661865664 0.42433842407958 0.4190834359093 0.42172563318606 0.43575302775335 0.41958519652345 0.4185064839525 0.42115824519554 0.42017854155123 0.42752791752254 0.42714312219623 0.41878848068791 0.41953483921914 0.41945194590367 0.41985970965893 0.41917161931884 0.416294702137 -0.51628115111869 -0.50739402729466 -0.60663333901306 -0.58988086140484 0.45970600564457 0.47377367356251 0.45890357937663 0.44009031861769 -0.54818175149387 -0.54923650180431 -0.55184236244487 -0.54345316199746 -0.56644187488518 -0.5713997538766 -0.62292672727608 -0.62375285741658 -0.58403458201218 -0.49158576871519 -0.49559278194127 -0.50093216386813 -0.49473947241174 -0.4791493088764 -0.48090362004359 -0.48197111589517 -0.47360298686823 -0.52472990862192 -0.48371897580525 -0.48318193678534 -0.48360547201401 -0.48119040869564 -0.48188912371008 -0.48239623532895 -0.48268082351726 -0.48249188456054 -0.48179788354119 -0.48283700101039 -0.48144876574214 -0.48053494029386 -0.48125639596712 -0.48021511970511 -0.47906294220643 -0.48096096504191 -0.47905290412169 -0.47735223824722 -0.47778099278536 -0.47681555183172 -0.48551956350562 -0.48361314076549 -0.49599874076612 0.42141912732933 0.38559694994435 0.44477614517891 0.46090381645374 0.46224272893025 0.51354563009541 0.49401273497884 0.43539150354067 0.43929689878139 -0.51636382813947 -0.53516375868744 -0.52627436901501 -0.51132355855271 -0.51065847203784 -0.50638223820246 -0.51088916031631 -0.51672672972683 -0.59205922564236 -0.60579707077321 -0.61397377205403 -0.62904290934472 0.43348621752285 0.42731208098194 -0.54904606069889 -0.54540920188741 -0.52937384170387 -0.54097448589625 -0.54846931339301 -0.55286746457982 -0.54773581339205 -0.56561088044292 -0.56998973554865 -0.57288478861987 -0.55789301499215 -0.56516542937465 -0.59479939238652 -0.61144269957906 -0.58152282451726 -0.60081301084671 -0.61508991041445 -0.57955290978798 -0.62320319319757 -0.58812437355012 -0.62279952196191 -0.62866442059902 -0.56452379041397 -0.62808491275817 -0.6178799080697 -0.49844417164059 -0.49942527344759 -0.50372792234588 -0.4981924141308 -0.49507165405015 -0.49507041957576 -0.49675742091727 -0.49986139428716 -0.49550131793282 -0.49429943594803 -0.4939726421084 -0.47895130419459 -0.46855237830153 -0.47728578800224 -0.53299647405924 -0.52134842516742 -0.48411300288685 -0.35784948138549 -0.3595025885753 0.42253577113141 -0.38735897045428 0.45827830027622 0.48450489887217 0.50721593140361 0.42605243927572 0.4713899375794 -0.52505015993875 -0.53414632274754 -0.5318723999326 -0.52375736172036 -0.5487527243095 -0.52368392501998 -0.54115296033473 -0.54850096560404 -0.54775768553661 -0.52650655663915 -0.61005510036688 -0.56921274358583 -0.52853077512187 -0.58363407127053 -0.53758499934094 -0.56024565733682 -0.61860405359665 -0.59563427796816 -0.56708909557788 0.43776392029638 0.44076842072168 0.43139042457921 -0.53895720204339 -0.52716669910525 -0.53733267134741 -0.56650777189833 -0.60826152376752 -0.59833390875609 -0.49589216989989 -0.49920754873366 -0.51521361011511 -0.49831097262191 -0.49494387387492 -0.49501188485834 -0.49452810086489 -0.49614430457854 -0.49513991418708 -0.49563996686473 -0.49688229225719 -0.49447403784033 -0.47173618795576 -0.46769569710492 -0.46902609748948 -0.47068196067841 -0.46749003301722 -0.47653210555812 -0.47901758700429 -0.48010722364951 -0.52101533554565 -0.52187263719398 -0.48643873873579 -0.48249351135219 0.34682079357381 -0.44166375809589 -0.32232819688407 0.33083695615532 0.34799126218552 -0.37561691683537 -0.43992809025997 -0.41525525408125 0.35859902541356 0.4998192988392 0.52070233414239 0.53827634707002 0.45795687035234 0.47744635921404 0.44512359446766 0.45552472554234 0.46001899005254 0.43394122744497 0.43405162339471 0.43840423941583 -0.55743863846164 -0.53718320821702 -0.51904087310577 -0.54215728413291 -0.55845952899989 -0.58628584834745 -0.57205821187775 -0.56913148957797 -0.51759353797892 -0.58371138910684 -0.54137853094752 -0.59388379666464 -0.53212082963623 0.43201915363372 0.43858874045423 0.42525691332197 0.43219251140408 -0.5377071486573 -0.52806548587122 -0.52134176256763 -0.52240737040489 -0.6184341931895 -0.60071028877633 -0.58066092410949 -0.57422631303437 -0.59869544648076 -0.49691897048099 -0.49738055964847 -0.50672295828696 -0.46465837640648 -0.47322568198987 -0.47808894394442 -0.47899431883519 -0.48277643667442 -0.45383096056239 -0.49079702955216 -0.46162395628424 -0.46691049072139 -0.42897978947095 -0.49697812919478 -0.39739040192449 0.46710026037176 0.49056241134519 -0.55479943488032 -0.52971579892242 -0.55510265344497 -0.51079851444408 -0.61421242947506 -0.62303722080522 -0.55543855137763 -0.54063853452976 -0.53238034680039 -0.50912073417126 0.42791307635733 0.43500518040588 0.43455076666849 -0.51828313838278 -0.52401346840438 -0.52278943143082 -0.5194928604317 -0.59358414991078 -0.57499102136691 -0.5321194091666 -0.5518631974805 -0.53790370100761 -0.54890675074374 -0.55154579038666 -0.55923115435085 -0.54549220091725 -0.5282238106377 -0.56300820682532 -0.56451500672643 -0.55677428288517 -0.55070604285992 -0.55042565700382 -0.56411697419412 -0.56177654908859 -0.58339760010725 -0.50045177368397 -0.49717692139369 -0.49860844177035 -0.49622880417276 -0.50469089585079 -0.5128094888209 -0.46621145167931 -0.46311211832261 -0.46470143332831 -0.47228366497104 -0.47696334844163 -0.48402245471023 -0.48484676533143 -0.48140535035505 -0.48205294609946 -0.43649276632639 -0.44468509986881 -0.47287846116819 -0.4647511662253 -0.48551950221126 -0.51393082317173 -0.39657236932753 -0.34259192677149 -0.42196831651938 0.4758862008629 0.49181839355405 0.47271835549265 0.5028421101933 0.45169368142416 0.49961775120661 0.44060206433465 0.49163998720209 0.51984055298437 0.4680054454042 0.50749987037516 0.51788882863206 0.46352088488739 0.48466950694366 0.48239869101952 -0.5241613711177 -0.52876891694021 -0.61902947740733 0.42878254960452 0.42317374775012 -0.52817244542758 -0.52001211874229 -0.51787438127979 -0.51978041746264 -0.51083317713143 -0.53684683051814 -0.5129965064043 -0.5226341354174 -0.51012197649087 -0.52360271256163 -0.5135649514085 -0.50276403453309 -0.50932568876946 -0.50813434054064 -0.50420495775587 -0.49999048680412 -0.50405682128866 -0.50689112804333 -0.49795232358642 -0.51596068009127 -0.46360008343247 -0.46106976110431 -0.46178270414645 -0.46262708955855 -0.46261811226035 -0.46215659124073 -0.46473569417079 -0.48077375287295 -0.48013295008192 -0.29290554225234 -0.36805345998689 -0.39812287258701 -0.44557506012401 0.53354586599747 0.43978971981278 -0.50486208947641 -0.52581277583696 -0.5177127045051 0.42446049737991 -0.53204129116384 -0.50815867691346 -0.52036160895176 -0.52186512682628 -0.50003524058462 -0.50204352253986 -0.50227371736452 -0.49775977811658 -0.46365381572486 -0.46167155913275 -0.46166443965984 -0.45966643131906 -0.46399745906654 -0.48141569778141 -0.48224376845848 -0.48034879113639 -0.47973880106324 -0.47841869982983 -0.47930189959306 -0.41964416128394 -0.36927449223462 -0.37671584503674 -0.43866171741156 -0.45624156604006 0.52632643611793 0.53291840021703 0.52511593758848 0.45608129501145 -0.5326545032832 -0.49173071576012 0.42197037128681 0.42481019981781 0.42234849493269 0.42656335212883 -0.50548843459051 -0.51196020901182 -0.50861230148068 -0.50159570694075 -0.46097324000508 -0.46271731692976 -0.46824518869156 -0.43493189364713 -0.39421655684744 -0.46424225888882 -0.45510776226673 0.52282138299576 0.50868749649453 0.52901250537047 0.54189400949861 0.53258644645553 0.52983877215835 0.5114086935791 0.46962019489745 0.43782289890601 -0.50143067839849 0.42370350779327 0.42429333030155 -0.51937372162732 -0.50077103960498 -0.5049358669838 -0.49931589092843 -0.50005532342477 -0.50288215551783 -0.4984705452671 -0.49852060880104 -0.46161527315279 -0.46354175057061 -0.46282415256499 -0.46367678039727 -0.46613186061905 -0.46536777156496 -0.4673196343373 -0.43044659594206 -0.44633303285474 -0.45710332002702 -0.47117534669678 -0.48262265983569 -0.49121124950465 0.5422940054831 0.53953556382622 0.54930831857775 0.52964545234656 0.50285095490302 0.5000240734594 0.51824127300639 0.45353714584963 0.43950244744805 0.45017611154914 0.42528090145147 0.43196167310745 0.42450189630027 -0.50100785680566 0.42503137882291 -0.51565154421049 -0.53432218340199 -0.51048342449022 -0.52449287402018 -0.53143148546933 -0.51251600336196 -0.50572455294504 -0.54107358673162 -0.543619540814 -0.53535398699009 -0.53780116873207 -0.544780402139 -0.54524103849096 -0.50106491975327 -0.50519006457486 -0.48853524339643 -0.50521410566398 -0.48256540145534 -0.50093637281713 0.45369892771212 0.44202217448917 0.42962467674968 0.4318706252937 0.42817619005204 0.42124206976098 0.42370158177085 -0.51180353871079 -0.49009353964278 -0.501366936117 -0.49493072317965 -0.49514021800017 -0.4903608597402 -0.50742494326406 -0.51100125779989 -0.49315480712241 -0.48354264300001 0.43305250501781 0.42911075255586 0.42411504904942 0.4251060529941 0.42261633878304 0.42158948995094 0.42050950990126 -0.48701871695574 -0.48286803859735 -0.49118464270692 -0.4942597770947 -0.47323304539291 0.42079677061006 0.42020166919206 0.41990903848893 -0.48553003669519 -0.47686000013988 -0.46862772225149 -0.46329832607044 -0.46838885784983 -0.45929996463387 0.42056334135812 0.42010299188031 0.42018421849403 0.41979915460271 0.41958760087565 0.42000314341606 0.42032081022577 -0.45442297429984 -0.46597160175995 0.42112678801944 0.42115194160554 0.42129501708151 0.42194593064245 0.4206890510829 0.4216981104376 0.42051338413273 0.42277885752983 0.42177299664056 0.42116560286776 0.42018297234964 0.42049189002068 0.42073718346491 0.42012732724984 -0.46174553280782 0.42166632128018 -0.45142041950518 -0.4534239995385 -0.45322627468195 -0.45347731907105 -0.45353599378458 -0.45313726466577 -0.45299065312456 -0.45280139497621 -0.45255683314671 -0.45261301701669 -0.45234046705869 -0.45287878132528 -0.45320318132979 -0.45320481540661 -0.45355727638315 -0.45287192704382 -0.4531567639607 -0.45322342878702 -0.45430087133306 -0.45364992635696 -0.45446961563947 -0.45387318118758 -0.45346784807828 -0.45411394190796 -0.45347646255557 -0.4564739914785 -0.45358164307557 -0.45270652803338 -0.45516629335548 -0.45305991544249 -0.45280216117714 -0.45249412002422 -0.45344543287946 -0.45726186770186 -0.45533848696781 -0.45374143182241 -0.45639432506748 -0.45465587476596 -0.45745554109764 -0.4551086218562 -0.4538639607744 -0.45555502124625 -0.45822366176315 -0.45658436991714 -0.45490292436841 -0.4544125031494 -0.45463176209324 -0.45643923717833 -0.45980208368095 -0.45812277299591 -0.45614711011946 -0.45636587117982 -0.45969845960863 -0.45858684311601 -0.45853948385004 -0.46093851526574 -0.4603537401846 -0.45948537698027 -0.45799236621187 -0.45947246283063 -0.45708483017453 -0.454776704706 -0.45402912524968 -0.4546630441026 -0.45880025876749 -0.46162171000925 -0.46007493163618 -0.45520843766738 -0.45320676820186 -0.45763292306971 -0.46097632602779 -0.4612292672624 -0.46147030383959 -0.46064132700626 -0.46137583777409 -0.46128321411618 -0.4609708882574 -0.46165743102244 -0.46181336206743 -0.46209042139566 -0.46226207354343 -0.4623881741908 -0.45747363403333 -0.45358649816518 -0.4613726043667 -0.45767510562969 -0.45202051755386 -0.45488966684562 -0.46124141430687 -0.46246271211009 -0.45997406878176 -0.45252309233809 -0.45415874954172 -0.45647918783122 -0.45492005196611 -0.46200949417656 -0.45864869117162 -0.45299350550001 -0.45292426994274 -0.45249502358896 -0.45280363812817 -0.45298581654759 -0.45301594745883 -0.45231219308497 -0.45260393271513 -0.45218819965062 -0.45197329076595 -0.45527054993614 -0.45618796140427 -0.45181432989635 -0.45167288954607 -0.45407277221882 -0.45272247666375 -0.45909204849579 -0.45194146652663 -0.45175220873717 -0.45168600370382 -0.45181834090502 -0.45178301641782 -0.45786461870171 -0.45656121914048 -0.45999093786973 -0.45376479839797 -0.4588582324942 -0.46025469779776 -0.46053598234066 -0.4605593436217 -0.45999363964143 -0.46074655491647 -0.45888869179133 -0.46034987427753 -0.45923245770654 -0.45411330327078 -0.45920918834056 -0.45745927035633 -0.45964171852406 -0.45801005914584 -0.4581746464586 -0.45744852015532 -0.45878242239181 -0.45791940037682 -0.45853934645083 -0.48437848796664 -0.45144887218303 -0.49458202735439 -0.47440467588133 -0.47751820064521 -0.48146226591089 -0.47388491077835 -0.49850339308278 -0.5006018870565 -0.57157534776099 -0.46622667295756 -0.45176302476971 -0.45167756982393 -0.48351418394579 -0.47653908203039 -0.47749571136613 -0.47792148654817 -0.47656944133449 -0.47731876517617 -0.49988773853239 0.54583798773294 -0.56740605866082 -0.49028894311847 -0.49022909163633 -0.47084543377184 -0.47214692584538 -0.47093947516117 -0.46751058220813 -0.46852748741369 -0.46881819545189 -0.46873523590301 -0.46734482465274 -0.46606041030721 -0.46700394063164 -0.4658939245707 -0.46871239059934 -0.68805017961104 -0.63671249588689 -0.57017497943819 -0.60680990872184 -0.61961830073677 -0.49290476448043 -0.49048763308251 -0.490297129994 -0.49020372748947 -0.49090939763965 -0.48941414768381 -0.45533259851458 -0.45685023790858 -0.45676141110916 -0.45637867878731 -0.45507281396172 -0.4540299219298 -0.39230009422973 -0.49734739300071 -0.48969927343105 -0.48976589808613 -0.48979835194194 -0.49000439636808 -0.49008274280956 -0.48995830919198 -0.48945557874599 -0.49039956929396 -0.48978607226917 -0.49019225203313 -0.49017626972673 -0.49050280995933 -0.48974803311513 -0.49005171022571 -0.48996690446925 -0.48993653911677 -0.48968932469633 -0.48903269076174 -0.48936639255813 -0.48887916508379 -0.48958310527407 -0.48895950758366 -0.48823148575744 -0.48942243256144 -0.48977975379615 -0.48989494228871 -0.48840533577091 -0.48744716100647 -0.48778087536809 -0.48914072946522 -0.49072796096742 -0.48857393966883 -0.48797269576718 -0.49007448041916 -0.48664565819698 -0.48833489870652 -0.48670964255158 -0.48700902473202 -0.48802808847598 -0.49005586291389 -0.49065685969828 -0.51272016620308 0.55645588607105 0.41920970320123 0.41909378663921 0.41929869961901 0.46567165878454 0.46341727283761 0.49880992985711 -0.46119795742177 -0.46082419475187 -0.45847375954795 -0.4596992800793 -0.45800497409055 -0.45871672028516 -0.46304643156724 -0.46088010388229 -0.45934837534062 -0.46183423006429 -0.45822198863691 -0.27672029543249 0.41302896338438 0.41559550095476 0.51934711413836 0.51667123360337 0.52408190113864 0.52331006117777 0.5183699635271 0.51523739287641 -0.48626988630343 -0.63731572358762 0.49714442570539 0.48294950568064 -0.49410323379801 -0.4946184522402 -0.49267408489544 -0.49212806235249 -0.49095349248952 0.41835527135363 0.42155648692209 0.41861664503619 0.41885186016084 0.41847719874452 0.41903570534898 -0.50343775746702 -0.5437819845036 -0.5423089520416 -0.62681384419076 -0.61716652924531 -0.48165864181235 -0.48029783955808 -0.47640930153634 -0.47616706006357 -0.47443085938386 -0.4768094295807 -0.47399333743129 -0.47762021343701 -0.47811238180131 -0.47752273844495 -0.47505369108961 -0.47231179592538 -0.47245020577842 -0.47410691577691 -0.47049806475507 -0.61534230487459 -0.55023857235278 -0.50851668148131 -0.49629732689762 -0.49868505460606 -0.55693159556612 -0.49664046500288 -0.49591283040209 -0.49693417746213 -0.49542530939174 -0.48174565882915 -0.48072792543491 -0.47990625898002 -0.48273761468394 -0.48173508350035 -0.48385013207931 -0.48524697630572 -0.48308788665547 -0.4851056100334 0.54605243915036 -0.56139194115289 -0.58455215857683 -0.47616962441233 -0.47777228421828 -0.47613550637014 -0.5468414657555 -0.55778493306902 -0.53681623410574 -0.53495844007068 -0.54601599930844 -0.5402696006871 -0.50683101044532 -0.51096507044252 -0.51756183489682 -0.51745040797027 -0.51430463364443 -0.51253369534989 -0.50508691636858 -0.51686929870817 -0.51938166093694 -0.50610551959955 -0.50203908067619 -0.50096886334585 -0.49632449331426 -0.49903651559453 -0.49744447769276 -0.49446291153751 -0.49777301717889 -0.50050837053431 -0.49951041418551 -0.49777747073364 -0.49573859628643 -0.49600895833653 -0.49209875058324 -0.49349589748737 -0.49394614620543 -0.49931203531586 -0.4943155946729 -0.49276737252703 -0.49408616586996 -0.4912508941438 -0.49208523109915 -0.49315564090285 -0.49262424622838 -0.49270667104732 -0.49181477219545 -0.4915476564131 -0.49406244691385 -0.49091479130536 -0.49094525852095 -0.49067536728111 -0.49073630131502 -0.49054747621617 -0.4909628491466 -0.49047718481166 -0.49127800837564 -0.49053252674955 -0.49096509312472 -0.49035635363182 -0.49128391846804 -0.49077880234461 -0.49045525050627 -0.49028858264013 -0.49074602552413 -0.49132006005799 -0.4902927121708 -0.48365765984436 0.43306328762443 -0.5222539897659 -0.52343646820412 -0.51741988732217 -0.52081680032117 -0.5210178946977 -0.4620941383092 -0.4608339252108 -0.46050737705849 0.53714788541591 0.50839289618289 -0.44241324234545 0.48807232568183 -0.52194820579432 -0.52850444837035 -0.49772120261855 -0.48079315891653 0.41994035048351 0.41978358188792 0.41981122259238 0.41957316706456 0.4195205364159 0.41937657375808 0.41945875488238 -0.45135195385948 -0.45361615857666 -0.45257957920208 -0.45230271138387 -0.45419500724045 -0.45412910399673 -0.46114615041202 -0.46067871869355 -0.46012199304722 -0.45195620988064 -0.45226326294589 -0.45149002742594 -0.45532347456872 -0.46103785556812 -0.46035359818427 -0.45950288375005 -0.45998779846902 -0.4589319075448 -0.45894813810428 -0.45863335248838 -0.45921554821484 -0.45966505846038 -0.46081534836366 -0.45282646588615 -0.45600509452127 -0.45493194427483 -0.48580104882455 -0.48378689896849 -0.48257238315994 -0.48443631090947 -0.48059142062851 -0.45151041717291 -0.45139840243153 -0.45142960173841 -0.45135737348494 -0.45148209155518 -0.45149517559156 -0.45138150014927 -0.45138947850311 -0.45134981903575 -0.45136321252147 -0.45135863811995 -0.45131518801291 -0.45143974770868 -0.45142236554438 -0.45133340598659 -0.45133559385102 -0.45147908967254 -0.45159350393958 -0.45155136679381 -0.45155743911209 -0.45140170457291 -0.45132648261253 -0.45131470039783 -0.45133235887586 -0.45164423459599 -0.45139198168089 -0.45136885130798 -0.45137758838686 -0.45135639857712 -0.45132518164195 -0.45133640721928 -0.45136401869767 -0.45137586831077 -0.45145156286132 -0.46440760874879 -0.46401673352607 -0.47519767764303 -0.46676022882502 -0.46599364188495 -0.49011584158576 -0.48933230479042 -0.45562966265291 -0.45566939260589 -0.45627739545453 -0.45638137191556 -0.45451585497158 -0.45406832322091 -0.45431326085772 -0.45448156484442 -0.45475146226499 -0.45432378576849 -0.45456046433648 -0.45233319211394 -0.48935637865672 -0.48901499946175 -0.48955225882031 -0.48955227140832 -0.49132479223759 -0.49132753322552 -0.49055659104395 -0.49055064762936 0.41910834805621 0.4190208952653 0.41900601962371 0.4189912368196 0.41935909008732 -0.46380198179543 0.48608122219266 -0.49121280347386 -0.47219491207849 -0.47730348677633 -0.47840399739147 -0.47627834966729 -0.47061935033419 -0.50436249047201 -0.49769244710124 -0.55019132881371 -0.54282692594423 -0.53784557722128 -0.54815626949519 -0.5526285295506 -0.55247478354901 -0.492775538249 -0.4919312103957 -0.51065980679794 -0.45273384226911 -0.45212220182501 -0.45761387902233 -0.45597985551829 -0.45780600598611 -0.45875249879108 -0.45885334856386 -0.4531771815357 -0.45262263503604 -0.45293292843606 -0.45361969575447 -0.45349667594639 -0.48191019982554 -0.48598047628027 -0.45130376712486 -0.45165933680358 -0.45130775054868 -0.45132405139987 -0.45139541024492 -0.45143571456956 -0.45146791325742 -0.46542357540836 -0.4543507473745 -0.45308285897006 -0.45394997419777 -0.49112684271277 -0.53238292671875 -0.54424233928426 -0.55059229809065 -0.45210475385258 -0.45255079321282 -0.45242109511678 -0.45202788545098 -0.45130941925322 -0.45130102148556 -0.4514185256798 -0.45214382940941 -0.45238768009895 -0.45189747988541 -0.45170759484684 -0.4518091576647 -0.45197186887752 -0.4536437324203 -0.45176051869467 -0.45217705705613 -0.45387937244017 -0.45153255353059 -0.45160956625454 -0.45347324858907 -0.451860369597 -0.45269994267277 -0.45162734609319 -0.45198459824451 -0.45171305152437 -0.45233311470822 -0.45173600886797 -0.45151911170105 -0.45150255038979 -0.45156958720248 -0.45145816147209 -0.4516161692468 -0.45159546485289 -0.45149333884353 -0.45167521885112 -0.45154993874447 -0.45155546022809 -0.45180830403528 -0.45211786802163 -0.45372407847024 -0.4533898336131 -0.45203422763739 -0.4523544857612 -0.45189570138515 -0.45334750853981 -0.45144421330912 -0.45254061277344 -0.485279762174 -0.48500537212782 -0.48616280579651 -0.48500899078844 -0.64551590901425 -0.64097422563346 -0.46571303195199 -0.45348666515845 -0.47951448160398 -0.4786651850687 -0.49159818805777 -0.49351583710408 -0.45315230018643 0.43716209241435 0.436716509389 0.43810669172519 0.42913689433244 0.4359678101867 0.43278345678717 -0.36715334808404 -0.37326430837058 -0.36023615390288 -0.45363253867983 -0.45373002047011 -0.4537394911086 0.32740962171811 0.30627842039994 0.26535909848844 -0.48944395423802 -0.48953435888879 -0.48940911051546 -0.47823609217458 -0.47990802311712 -0.47898686023569 -0.2084642945026 -0.21653596817175 0.30683634875101 -0.35313189388299 -0.34941299675421 -0.30616927766388 -0.48351053450147 -0.48201390076649 -0.48293901411178 -0.64912199944701 -0.70175275914645 -0.66180494651451 -0.55635027871379 -0.5561242651862 -0.55736403461177 0.85028226781 0.85716491826661 0.76045798802218 -0.49770938407079 -0.49767454670106 -0.49734488508865 -0.44513678835117 -0.44910818314402 -0.44214167039096 -0.43306293565084 -0.42668035921867 -0.42938474676756 -0.47643992907394 -0.47688629317345 -0.47915698097256 -0.41600537171274 -0.41170509587404 -0.41884526282772 -0.47880283981674 -0.47937325891988 -0.47969414851038 -0.49527950669517 -0.49499798155103 -0.49487591576564 0.41947310077567 0.41889901414764 0.41937304475175 0.41902092948661 0.41902357462113 0.41902623119648 0.44166123009495 0.43987696639442 0.44088482114726 0.41835875409192 0.41798071902775 0.41896986864501 0.41900166721974 0.41896355709102 0.41997631768235 0.41922368991378 -0.48017651056742 -0.47915623669028 -0.48008721575781 -0.57591203657302 -0.578927757654 -0.57888236175776 0.3500412319297 0.3652416640942 0.35932834545248 0.37541795334513 0.3845669845525 0.38027075421554 0.39144608061169 0.38811651794965 0.38377964909099 -0.57858173386416 -0.57515895441407 -0.57680995450753 -0.38371910207448 -0.38104173482688 0.37336997818206 0.36661184421999 0.36231185010042 -0.3508122184973 -0.33698175771615 -0.48434594131792 -0.48471366801747 -0.48326638737412 -0.49757251812694 -0.49737441572361 -0.49770926382323 0.52674609371797 0.52438943963876 0.52118313854737 -0.46859849978243 -0.4706972246784 -0.46635034158191 -0.45185791858267 -0.45189716318592 -0.45200467482874 -0.47145489535609 -0.47166083100847 -0.47240249044066 -0.63862883749937 -0.63143482157409 -0.63756344487386 -0.62731121516551 -0.63377551220425 -0.62548456708681 -0.50108032776346 -0.50043005308178 -0.50007489185655 -0.49139780889879 -0.49178026097745 -0.49219364481905 -0.48351564532872 -0.48267247208724 -0.48309230059414 -0.63880133012614 -0.64422124896794 0.54170750999879 0.53673318362335 0.54651365029676 -0.4928388122628 -0.49306258896675 -0.4928526162797 0.33931908935901 -0.49674904438646 -0.4981534857555 -0.49724962202876 -0.53927775025124 -0.54063359415459 -0.53791581691917 -0.49360931084027 -0.49334160109229 -0.493515445061 -0.49377921339667 -0.49394408884348 -0.49392399596452 -0.49281666100679 -0.49292850692122 -0.4931226795666 -0.56724458318121 -0.56809372398259 -0.56638110461094 -0.49705807318437 -0.49677683153882 -0.49706541601124 -0.74631270355177 -0.73641025787898 -0.76949384682469 -0.49127645065513 -0.49037673958385 -0.49076798583197 -0.48395921697524 -0.48436798629845 -0.42461782078896 -0.4287725947009 -0.47206919251407 -0.47029140406536 -0.46818464549392 -0.46433692041052 -0.46614463017965 -0.46103676322398 -0.49315063476196 -0.49293104778891 -0.49026447129682 -0.48951408466235 -0.48871686561947 -0.48820768290711 -0.49640088667919 -0.49652822438734 0.55557740917163 0.55199157724828 0.55849508705077 0.49605045664747 0.50274064617384 0.50543627460301 -0.48226474182533 -0.48198728425084 -0.49757284322468 -0.49734103099175 -0.50022735950214 -0.4995610608032 -0.49971975113478 -0.49963539346753 -0.49962622109379 -0.49942666087351 -0.54727826354667 -0.54550420992824 -0.54782386032006 -0.49711616103968 -0.49723647327572 -0.49857063763806 -0.49862852733584 -0.49896655482768 -0.49306615615541 -0.49295698964563 -0.49317873990598 -0.49229570656819 -0.49249216351367 -0.49259382717287 -0.47818443915542 -0.47812486968638 -0.47698064142556 -0.49951178461959 -0.49924318196748 -0.49935834959618 0.39540982246056 0.39494019118994 0.39920774328595 0.56916780024814 0.58455914570894 0.57735716949618 -0.46424587761733 -0.46499438468611 -0.4649894129588 0.41710783895394 0.41669787815784 0.41770503625511 0.50737285018151 0.50029823275893 -0.4794591331747 -0.47961832327396 -0.47921130772166 -0.48694883813551 -0.48649150071187 -0.48738103119502 0.48780265544058 0.49156043715524 0.49193269830255 0.48044726204425 0.48310631890312 0.48194343159634 0.66821910279906 0.6486875642369 0.67577723809366 0.81020074267581 0.87808922799023 0.75899810356112 0.75959638233603 -0.49086634053104 -0.49093175605648 -0.49083532467049 -0.48303958393435 -0.48209790170664 0.82515971239034 -0.86025312114654 -0.49726691626287 -0.65786910877782 -0.65663785555763 -0.66465620141062 -0.49582629655985 -0.49567424491696 -0.49631986982675 -0.58284200249738 -0.58290917153687 -0.5829161721179 0.46638228052959 0.46559300972347 0.45645619080295 0.43226417931014 0.43408776709403 0.43392036815198 -0.48801046068712 -0.4883045590989 -0.48834554643125 -0.47989470917643 -0.47882231476792 -0.47182144271881 -0.4738631767854 -0.47268901616328 0.46271550166227 0.46076187233458 0.46474372352024 0.41920996549463 0.41915444609692 0.41927461190873 -0.48835035815993 -0.48707452256152 0.47718355548396 0.47867402041273 0.46545816530469 0.46957684428459 0.46849064552621 0.47468266090747 0.47206670043643 0.55102867024875 0.54853917653796 0.55337744326532 -0.47674888678553 -0.47778306096004 -0.47744691779441 -0.65938474912054 -0.65013299779134 -0.65419245432928 0.44797080437451 0.45666875276524 0.45226130546936 0.44020145388975 0.43936900138512 0.4380647206084 -0.45398506159156 -0.45410021668292 -0.45398227303221 0.7531742811863 0.71009816848738 0.71890003227604 0.4187523839127 0.41807279686135 -0.6486103784202 -0.65291349286661 0.60785673165512 0.60541382860155 -0.66276268370831 -0.66795943154695 -0.49880264270426 -0.49875525805413 -0.48129216702788 -0.48048303151555 -0.46377916903469 -0.46253011042024 -0.46490808086459 -0.57068950972785 -0.57056143525902 -0.57170321095394 -0.65782973755732 -0.66711262742394 -0.65569444042405 -0.45160249941025 -0.45152289681314 -0.4515229275096 -0.55760605056752 -0.55863004983931 -0.55790688700107 -0.55912679044186 -0.55835812866375 -0.5592601637649 -0.55746606037011 -0.55622700137374 -0.55559107597495 -0.55150500096658 -0.55327158145404 -0.55354060955343 -0.55818331611105 -0.55891648271932 0.48538160992835 0.4827485641814 0.48276002642237 -0.55635828527037 -0.55645397004149 -0.55749904296638 -0.64751119013251 -0.64435820361014 -0.64547993583428 -0.40290975572695 -0.40108743172734 -0.48410186724125 -0.49147313931164 -0.49152772274909 -0.49169291657944 0.53203789421079 0.52902527752157 0.52625027579731 -0.7101286212042 -0.87339970019689 -0.49445440041794 -0.49480255435235 -0.4946251500563 -0.48494743046475 -0.48590599760355 -0.48803699624425 -0.4876329293766 -0.48940686654248 -0.47689447111509 -0.4781671725445 -0.47579209572907 -0.60527899841877 -0.59771705296351 -0.59530165516111 -0.58178868507331 -0.58318660925564 -0.58043542892425 0.46852696584052 -0.5946293904027 -0.5971111813531 -0.5852878673022 -0.58768700950076 -0.59020546413154 -0.58507733520948 -0.57959303331489 -0.47797625473651 -0.48836730579753 -0.48814436199693 -0.48847471703182 -0.58402252593709 -0.49934864050702 -0.49933765744445 -0.64735876542773 -0.50332341906087 -0.50507838560649 -0.5029504298276 -0.77734847398149 -0.78680139465815 -0.55756056047731 -0.55679006528851 -0.55699891694865 -0.47623529624136 -0.4758603119134 -0.47680172598342 -0.49177326314261 -0.4919090777197 -0.49162578183569 -0.45394285872156 -0.4540726278288 -0.45397041575433 -0.49044168220542 -0.49040854222209 -0.49049230736897 -0.67341795315431 -0.67774986750257 -0.67239057731685 -0.49562116580709 -0.49852333583242 -0.49734486462851 -0.56038496084687 -0.56123300521857 -0.56174914013644 -0.4893459153495 -0.48925750727142 -0.49135287319975 -0.49136072894916 -0.49122328483078 -0.49077587822917 -0.49069646564855 -0.49069372985563 -0.47602690464687 -0.47691775078602 -0.47645797771825 -0.7123186939624 -0.72611607994069 -0.68896105205598 -0.47765325831417 -0.54118025573656 -0.53668565977461 -0.53790463164536 -0.4756082254396 -0.47506162420878 -0.47795750856611 -0.45308945492196 -0.45292993818464 -0.45304963543503 -0.73411678120958 -0.73975775343032 -0.47818386191764 -0.47978568365324 -0.49306790693276 -0.494130324026 -0.49072392088959 -0.49077781980423 -0.49054586995231 -0.49056250159885 -0.49105372040401 -0.49109273852023 0.47976460695721 0.47242437049837 0.4740948543469 -0.62367549094564 -0.6207723356397 -0.6198865627493 -0.4910876441952 -0.49108530200334 -0.49096683298659 -0.49037785244119 -0.49032208568105 -0.48933872948723 -0.48933044403469 -0.48922030554016 -0.48963189475069 -0.48966973193514 -0.48973074835115 -0.5424012785031 -0.54364709922953 -0.54494062293148 -0.45379869747997 -0.4538768123758 -0.4538074272449 -0.48036545982391 -0.48140640490719 -0.48564150390902 -0.48643012064077 -0.48575437610088 -0.48874233488075 -0.48853789893711 -0.48946349646899 -0.48991727245754 -0.48998188045758 -0.49003934797747 0.34123796031139 0.33615759124721 0.31495165376828 -0.48954247770495 -0.48960105764014 -0.47568112570684 -0.47437819310298 -0.47589786682312 -0.45357401116559 -0.45359286809384 -0.45361910345132 -0.48863296698537 -0.45370079286329 -0.45365995484185 -0.52071416324021 -0.52020325701098 -0.51958837582383 -0.45345611564725 -0.45339929407936 -0.45334741891476 -0.45353298655898 -0.45370198588089 -0.45362114450159 -0.47271176575179 -0.49062057656059 -0.49070101913676 -0.45145542858427 -0.45145074580676 -0.45142901768718 -0.49023310033488 -0.49014023103113 -0.49019430069022 0.40509614910391 0.40915239805391 0.40596424644908 -0.56043117031257 -0.56103483975289 -0.55923091171487 -0.45148068333595 -0.45154892944208 -0.45151590104892 -0.5210033091948 -0.52071842467028 -0.52068988509854 -0.45134523722112 -0.45134654110775 -0.45135801154695 -0.47048321851714 -0.46980535575571 -0.46873811206199 -0.46103992803706 -0.46241715908384 -0.46231266972276 -0.45439130445516 -0.45438460604726 -0.45626769724239 -0.45640133542913 -0.45618283440485 -0.49841154452977 -0.49805646705209 -0.49825287801383 -0.57391490289402 -0.57390731566837 -0.45535800744821 -0.45503819479908 -0.45567771160115 -0.46145156333323 -0.4626775573086 -0.46247508878568 -0.4546405128637 -0.45456123209865 -0.45440710577661 -0.48132513093291 -0.48128182388017 -0.45829498823656 -0.45852688815338 -0.45837896844514 -0.48793441741715 -0.48654177052539 -0.48861393358823 -0.60694754728929 -0.60951086987215 -0.61014466100664 -0.48413151226963 -0.48282058579437 -0.48315226727769 -0.45470397468976 -0.45494471845022 -0.45479099970624 -0.45311564282627 -0.4532074446907 -0.45140428830981 -0.45139060083448 -0.45141252193572 -0.45207588963843 -0.45197755278537 -0.45187663145829 -0.4525796768025 -0.45248317059902 -0.45244997287981 -0.47711134856521 -0.45482214107095 -0.45534368773353 -0.45535079958956 0.50104867109117 0.50690592360991 0.50063986073953 -0.45354954123852 -0.45350677552814 -0.45163180229419 -0.45168233132838 -0.451624164268 -0.4853543438269 -0.48506920293254 -0.48529342021315 -0.48483053002451 0.62150208437771 0.60024403733293 0.61216778645531 -0.49414936151237 -0.49442094627127 -0.49405670688236 -0.50038123878351 -0.50042640548724 -0.50149491602582 -0.49084250533687 -0.49073207653334 -0.4908463945548 -0.50281900236142 -0.50184378948157 -0.53010092102678 -0.52780777048827 -0.52920216509816 -0.48914319247686 -0.4890962859102 -0.48796286280248 -0.4883655748858 -0.48797875882066 -0.48671920373274 -0.48622329194504 -0.49343170925525 -0.49255477647647 -0.49299018095554 -0.49372641873948 -0.49549855403883 -0.4949883865666 -0.45830896871688 -0.45301064473247 -0.45713728363793 -0.55850918329497 -0.55872012179631 -0.48370384111014 -0.48361334739461 -0.48350547074838 -0.51516259875199 -0.51522901149117 -0.51248983044235 -0.49051865788686 -0.48956477548481 -0.4895015410847 -0.43874437730014 -0.43271663850111 -0.43681648683118 -0.49008362905015 -0.47892146192776 -0.48154841269395 -0.53596024911509 -0.53220668840899 -0.53757558211441 -0.5350122351882 -0.53640719629808 -0.53367448165627 -0.4869571645659 -0.48645479709827 -0.48501566333064 -0.4516174407729 -0.45156767300322 -0.45167156503795 -0.53100577687426 0.47702947979925 0.47984239289948 -0.4972490978644 -0.49596034788331 -0.4967189121979 -0.48782096042836 -0.48783418810772 -0.48761257552587 -0.49532926679709 -0.49470796646434 -0.49402870165347 -0.49705191878774 -0.4958101257371 -0.49693889423459 -0.48616016070138 -0.59487991223962 -0.48709895996053 -0.70776985592493 -0.69193140209956 -0.50092803672536 -0.50073262238739 -0.51908916121362 -0.51666481486528 -0.51795495417328 0.45092750879088 0.45512726157692 0.45353865958087 -0.46177147101656 -0.46190719900508 -0.46154458004215 -0.55038874274058 -0.55040160216229 -0.47297246124987 -0.47193887449268 -0.47245188453767 -0.48031839222598 -0.67918353118625 -0.68083762216149 -0.67310100123746 -0.46112025954957 -0.46140263628275 -0.4610437968906 -0.485870031634 -0.48635775532824 -0.46877048080328 -0.47163180094219 -0.47030615353637 -0.45514769858836 -0.45549468290045 -0.45541501654007 -0.45568005600894 -0.45575358955203 -0.45572678856881 -0.45960070317377 -0.45937380604199 -0.45971926296804 -0.48154557487445 -0.48058105216188 -0.46055844372157 -0.46074734250766 -0.46074290619726 -0.48506268079248 -0.48482745402038 -0.46226240598861 -0.46224177882823 -0.46188372710165 -0.45491923147192 -0.45493209527906 -0.49379147062545 -0.49395665101186 -0.47729178821276 -0.47700623347656 -0.47485236821536 -0.47442747422357 -0.47361741981814 -0.47602402994066 -0.47588125911092 -0.47626615109166 -0.47508538794806 -0.47540827657916 -0.47585530593386 -0.65887230065311 -0.47451261925992 -0.47343831419958 0.40084783059184 0.40610884488128 0.39962412458024 -0.47704841204636 -0.48853033345622 -0.48873079340597 -0.45687245192673 -0.45674178212785 -0.45801233917687 -0.45815912640614 -0.45726124894892 -0.45720043421523 -0.45726298653217 -0.45703425371107 -0.4714769734991 -0.47013793739804 -0.49086757403674 -0.49086541692751 -0.46361388474577 -0.46420147683035 -0.46303670439901 -0.48956203855217 -0.49058157142092 -0.49096273312152 -0.47304386947154 -0.47374200778651 0.48269688202586 -0.46446243701782 -0.46352124820498 -0.46464298503675 -0.46984238896405 -0.46978021217692 -0.46871186051476 -0.45478566662031 -0.45453595671495 -0.48113258903283 -0.45468784871601 -0.45450704964362 -0.45469478818871 -0.49326449058982 -0.49326354774384 -0.45148566636637 -0.4514548324457 -0.45142588522856 -0.45976928479699 -0.45861107688055 -0.45960476949778 -0.49285549941386 -0.49199728905367 -0.49253602692575 -0.49242081762849 -0.49903982490679 -0.49809892838622 -0.49902990960612 -0.4944039427738 -0.4949201231969 -0.49145560031328 -0.49152837775828 -0.49167587936714 -0.49069822495014 -0.49065864437648 -0.49076887183443 -0.48820818572021 -0.48905293220298 -0.48695448930251 -0.48581676489156 -0.48966016077874 -0.48519694789416 -0.48447912890824 -0.48423961176913 -0.48532401181739 -0.48443089659687 -0.49126399435356 -0.49099014007121 -0.49115942313231 -0.48211470570648 -0.48173261821571 -0.48240638218689 -0.47588975102232 -0.47523423069244 -0.47388769228654 -0.48320903547299 -0.48341447064673 -0.48299770426442 -0.47578411837135 -0.47628850552646 -0.47436104878612 -0.45738383640099 -0.45772869132323 -0.4571533459298 -0.4566748648956 -0.45660851361454 -0.4562742337044 -0.45604242663461 -0.29098809384644 0.33986268364064 -0.32312108181011 -0.3599160654686 -0.3188905000579 0.22586643491324 0.25654603330722 0.37045198192117 -0.3849309656539 -0.39316820426325 -0.37077125164831 0.54320024542529 0.54824821770004 0.55309497070348 -0.36092726443776 -0.37350138919111 -0.35536446719205 -0.46938441474836 -0.47187982830743 -0.4724068883329 -0.47239500449926 -0.47612672191624 -0.47283560567198 -0.49185096464806 -0.49248160345021 -0.49319269172048 -0.49400576882046 -0.49486260342205 -0.49483852270574 -0.49602246825329 -0.49719418806657 -0.4957851275503 -0.49906398246708 -0.50144565149746 -0.50210013264644 -0.49065121078439 -0.49362171036965 -0.48860243720846 -0.50075970356447 -0.50135734584665 -0.50033847031104 -0.49516899225027 -0.49671705358185 -0.49492145265852 -0.49262771674344 -0.4914181218727 -0.49116219773464 -0.4920420390403 -0.49337107430462 -0.48914807295506 -0.49396619711921 -0.49259094393925 -0.48521774860699 -0.48199978268611 -0.48436447301258 -0.52539823916301 -0.52398264060447 -0.526342791642 -0.50744759063614 -0.505957283993 -0.50522461071154 -0.53715382647973 -0.5288435578489 -0.51831468927984 -0.51647282641151 -0.51749322282183 -0.5224157388645 -0.5237198419103 -0.52496575427638 -0.54186938893216 -0.54277555639141 -0.53948828389111 -0.49924610324395 -0.4990236670499 -0.49899430287904 -0.50060504533159 -0.49997355568358 -0.50066655242802 0.59474032606029 0.60353322972987 0.58774573949698 -0.68137852958933 -0.67858281485476 0.55504539964595 0.54961139803843 0.58358465663811 0.57025812013697 0.5779755365806 0.40687511087546 0.40626521817428 0.40879631048348 0.48013726481513 -0.82533446488736 -0.8782357281621 -0.75058120594698 -0.77943008841806 -0.72460413413195 -0.71462224273605 -0.72629382584353 0.71618961372002 0.74777751065349 0.73459948462551 0.47226229410324 0.47668017165743 0.46806890790589 0.48385741899135 0.48742531393681 0.48763545588842 0.41893587048495 0.41891344455793 0.41889986457723 0.4918919281241 0.49049013820839 0.4799821910805 0.48104842265096 -0.70678566404418 -0.70692232725516 -0.66318257228843 -0.65588901132634 -0.64865985772182 -0.64873274691161 -0.65335799666009 -0.50130944563196 -0.50148239772752 -0.50003181078757 -0.55623049061601 -0.56129295872191 -0.5633449679459 -0.55953738692836 -0.58038817600694 -0.57649807376338 -0.5019234564553 -0.50264895631373 -0.50314489227073 -0.56976694691384 -0.5697991340866 -0.56758549157753 -0.56259925076527 -0.56107117645429 -0.57343927616342 -0.57553999794209 -0.57428308698765 -0.56487543252146 -0.5653850617579 -0.5944911168857 -0.58386465761682 -0.58320628917313 -0.57288411372551 -0.57136545937756 -0.57176189147506 -0.58178127385103 -0.60302344186156 -0.59446495380157 -0.58406773931852 -0.59687108698 -0.57510859539073 -0.57957623570345 -0.57736450890353 -0.57115807567431 -0.56882225888019 -0.49064972096963 -0.49059271824321 -0.49054090068115 -0.49087027568547 -0.49083949858601 -0.49093643196105 -0.49095262830088 -0.49100387759479 -0.49085665222809 -0.49144125711831 -0.49127864651275 -0.49130395078805 -0.49077708991482 -0.49126726170374 -0.49113280522624 -0.49070033944778 -0.49071135021178 -0.49079438317735 -0.49047946352301 -0.49040772993787 -0.49051941677648 -0.49197002806699 -0.49179669837315 -0.49201613576328 -0.49136719673702 -0.49121207500035 -0.49125877096037 -0.4922091907859 -0.49205033582514 -0.49103756780326 -0.49140063688171 -0.49154960382133 -0.49158021715821 -0.4908582030232 -0.49102593994167 -0.49096899831182 -0.49230870460728 -0.4925961175047 -0.49234336182326 -0.49188044996288 -0.49174972096798 -0.4918755823742 -0.49211789503055 -0.49198928633736 -0.49182792342736 -0.49148335946885 -0.49187288233968 -0.49211079644734 -0.49273144922544 -0.49276270821652 -0.48991453235183 -0.49003359426588 -0.49053785060644 -0.49061075406226 -0.4905531445056 -0.49260936393188 -0.49248671324627 -0.49274455899062 -0.49343978882348 -0.49322701484465 -0.49322164649071 -0.48910619188293 -0.48905391385301 -0.48879313206204 -0.48892184156967 -0.48746190185352 -0.4888302870276 -0.48720842446581 -0.48640999072389 -0.48677124749016 -0.48770383865058 -0.48788233641743 -0.4872880292305 -0.48892857919145 -0.48906037041133 -0.48654053898141 -0.48615316908209 -0.48666712884451 -0.48938285274341 -0.48951368325613 -0.48774522364084 -0.48845464204548 -0.48872102603525 -0.47257080679412 -0.47058365054474 -0.47232425217396 -0.45381772051924 -0.4536807616236 -0.45419065644709 -0.45424704837585 -0.46387238800515 -0.4635651773398 -0.46434326377004 -0.45395513551559 -0.45366539100108 -0.45417223315828 -0.46695573276246 -0.46659450411449 -0.46661604532425 -0.46170954866682 -0.46155227852495 -0.45169137650154 -0.45175860358818 -0.45270292306606 -0.4525978732728 -0.4527078531268 -0.45167711719189 -0.4944961969758 -0.49524685307038 -0.49325811644931 -0.49291876252743 -0.49228437000171 -0.49300507969521 -0.49086895003697 -0.49100221591847 -0.49055469590369 -0.50647737896782 -0.50745777701961 -0.50472473952411 -0.49970790731464 -0.49872399022268 -0.49185179075074 -0.49156844568675 -0.48751801264072 -0.48794881575547 -0.48555790538189 -0.48577954470945 -0.48345760639429 -0.48359913527197 -0.48384605946299 -0.4762313162096 -0.47661915464518 -0.47690812404232 -0.47726224032874 -0.4782258806317 -0.47780929855368 -0.47798762803529 -0.47338810105968 -0.47375823436625 -0.47347921103664 -0.47434326383119 -0.47408305733448 -0.47481343425135 -0.47297281087054 -0.48434872443538 -0.48362479162961 -0.47695589298038 -0.47708921536451 -0.47662180153086 -0.4570007898233 -0.45787452026004 -0.45675351838617 -0.45746201105368 -0.4578884814048 -0.45683064220833 -0.45590359792198 -0.45626811343532 -0.45565581820278 -0.45596156151303 -0.31662650321717 -0.28488714184906 0.35876063950477 0.30669478472327 0.32983252519613 0.39524637450164 0.39174536493401 0.39839492299054 0.35596890075874 0.36531756089858 0.37618528348242 -0.43561051349522 -0.4223547470621 -0.41799514211459 -0.47337789330479 -0.46643453712545 -0.46388192174594 -0.49783079744494 -0.49938358485463 -0.49903895715852 -0.49932748901014 -0.5031352998163 -0.50348190333207 -0.50560213714156 -0.50377252666635 -0.49618610950507 -0.49425196758742 -0.49216032992892 -0.49043774037773 -0.48387417080729 -0.48173894283674 -0.49983101696778 -0.49922731291435 -0.49912981739021 -0.49962455153863 -0.5009790905902 -0.49858679144792 -0.49876336158671 -0.49848336452539 -0.49768510111765 -0.4978540574624 -0.50007876996855 -0.49933423007756 -0.50520850120947 -0.50684318572703 -0.50549540756493 0.63150975131182 0.61890288259255 0.62572613948316 0.64104946777527 0.54837121807082 0.54994302399353 0.56450410872962 0.56025381312094 0.58374818808071 0.58029518679163 -0.63510032530059 -0.62963095069689 -0.50272745164318 -0.64897088861998 0.58477834159484 0.59541951881818 -0.65922849413673 -0.65463838111529 -0.66056685523651 -0.66000243793032 -0.65970965393365 -0.68022976513469 -0.67703597561784 -0.66965720856478 0.62997639955812 -0.66258794910163 -0.66240697258474 -0.66985124554304 0.66008627265763 0.73070333207151 0.56636404103021 0.59280312699942 0.561630371807 0.61504575473223 -0.72400840319232 -0.69895780880189 -0.6960313157382 -0.69027639631416 0.69029268473663 0.69419858858693 0.43765329848197 0.43688639867634 0.43761897647135 0.46298647236568 0.46611744247262 0.41886049938704 0.41884059167653 0.4187907785875 0.41853273418787 0.41864942727845 0.41868715670929 0.48257676262626 0.48425420195929 0.48165131284968 0.48064718278828 0.48113497660833 0.51570962766188 0.51909630618273 0.51570962114188 0.48029774979991 0.48030855489773 0.48770172957204 0.4931453737288 -0.65184277323719 -0.65251669930615 -0.6469893329115 -0.64333898520677 -0.63963078192812 -0.64830080712429 -0.64380497248789 -0.61161720547338 -0.61227198306593 -0.61761738677288 -0.55869804036168 -0.55994722785294 -0.55828906086384 -0.55881349958859 -0.50024782080993 -0.50068646172089 -0.56178419973654 -0.55532245935963 -0.55578093071715 -0.55483111014654 -0.5649532514057 -0.57163013864313 -0.57257986274158 -0.60346999248082 -0.60414694317284 -0.60617050193932 -0.60923274648906 -0.50149192648365 -0.50281720646987 -0.50317810372831 -0.49113159077267 -0.49157971923171 -0.49114649920922 -0.49129681151916 -0.49220535191187 -0.49210084206168 -0.49251223560323 -0.4928274242541 -0.48985231296103 -0.48979772760358 -0.49030006616447 -0.49032750568629 -0.49025764718354 -0.48898157229206 -0.49022890114658 -0.4903241487696 -0.49020432048651 -0.48960946451062 -0.48957235572303 -0.48973405500152 -0.49429360742142 -0.49435210820629 -0.49511670318605 -0.49323994422104 -0.49345866697777 -0.4920287606106 -0.49227412783229 -0.48693406315864 -0.48674162081989 -0.48886655281791 -0.48892608901559 -0.47579892052227 -0.47589236318653 -0.46901656515798 -0.47046486367625 -0.46865862093212 -0.46883944047015 -0.46688864076658 -0.46598015416574 -0.47349307562132 -0.4747213742007 -0.47379210792725 -0.4752987793405 -0.47401412422585 -0.47615136009539 -0.45389887837549 -0.45421194742251 -0.45361620057927 -0.45346739868576 -0.46309111103308 -0.46288550233001 -0.46334824653274 -0.46293147711952 -0.46265583935198 -0.46056977358635 -0.46078387032215 -0.46051629912423 -0.4651091943615 -0.4628991769918 -0.45216993963678 -0.4521827658895 -0.4968953460689 -0.49609144573126 -0.49292793252456 -0.49313245827081 -0.49252222152562 -0.51239068336686 -0.51351421897434 -0.51124226334485 -0.50115768164598 -0.50078093670632 -0.49831606633819 -0.49766968645472 -0.49730327571474 -0.49729781634406 -0.47408849046851 -0.47439501095858 -0.47682019328481 -0.47604860892985 -0.48586032807425 -0.48509376303177 -0.4852906178201 -0.47317682993476 -0.47277832735957 -0.47258357080635 -0.47331176071686 -0.46981142781248 -0.47095129491528 -0.47292861764307 -0.47149346955433 -0.47224930251131 -0.47000524817796 -0.46864454230516 -0.46957278059515 -0.45761550856137 -0.45732358410275 -0.45779736793699 -0.45614172296865 -0.45594252422677 -0.45499624817822 -0.45546345897214 -0.45454004622267 -0.45472024915544 0.35240725480869 0.3741034226753 0.36401166506545 0.3054781134463 0.33643037783048 0.27214577749922 0.42044057547476 0.42093514495906 0.41945060060764 0.36066289094711 0.36874914168564 0.38113038204564 0.38773680222164 0.37859485275526 -0.44185350596983 -0.44956272170441 -0.44772235328934 -0.44467302119539 -0.3858195531036 -0.39800841693095 -0.38460872098532 -0.38404880722079 -0.51536426667499 -0.52052602534965 -0.51911762820549 -0.63108248012365 -0.63504957749653 -0.63257557751374 -0.49828298996884 -0.49808386328231 -0.49803632544642 -0.49794223343261 -0.49763282954051 -0.49440762305964 -0.49461658600451 -0.49472316072469 -0.50183741805102 -0.50152823717754 0.59128991118698 0.5632339843011 0.55983424375595 0.56410501136285 0.56094773953549 0.38095147235657 -0.66780828458546 -0.67031888114565 -0.68406527401226 -0.70209929410896 -0.71072406443616 0.62645190264462 0.61028696703726 0.66427019185402 -0.70743389184156 -0.67259506063979 -0.67871518502759 -0.66786552968933 -0.66709624199278 -0.66279033738028 0.42794683684746 0.4285386739912 0.42728339209473 0.43393581980509 0.43252893960087 0.43294206313151 0.45233173494672 0.45781172876891 0.44809488408689 0.41906310340318 0.41903513009163 0.48079509086489 0.49893959509045 0.5162141412996 0.52119107602014 0.51897249063949 -0.65077550580602 -0.64955818796217 -0.64156419671779 -0.63476580399784 -0.63798097331242 -0.63775441994266 -0.56842916619869 -0.56790946208527 -0.56614957416245 -0.57063730400506 -0.56932302711543 -0.50211886525229 -0.50340445911047 -0.49437400045021 -0.49413239156962 -0.49422367947351 -0.56479699002339 -0.56508889711149 -0.56328567425836 -0.6064844551669 -0.61039017119334 -0.61449443063791 -0.61791162439296 -0.61649721455891 -0.61856195122206 -0.61628710082804 -0.49231636927703 -0.49159131485921 -0.49177500971344 -0.49165410703845 -0.49288303700988 -0.49318938453011 -0.49309743856176 -0.49242433655004 -0.49179431703098 -0.49102234331733 -0.49375118947783 -0.49384288461844 -0.49405945543502 -0.49251080879827 -0.49221458594266 -0.49458906434621 -0.49453265788708 -0.4949887507088 -0.49302315353466 -0.49259018737126 -0.4927673408379 -0.49239604733739 -0.49295421715821 -0.49160169610684 -0.49193894190657 -0.49218655154183 -0.49196354022563 -0.49203804094092 -0.49331370194249 -0.49120915682622 -0.49136457319013 -0.49392895022084 -0.49381649504824 -0.49335879203324 -0.49295432967565 -0.49314061972428 -0.49277990901335 -0.49241055356884 -0.49260454754153 -0.48977555005867 -0.48970688199088 -0.48981694441855 -0.48986641247808 -0.48924612274008 -0.48930891258436 -0.48881564383139 -0.48903147512736 -0.48924607228544 -0.48939111807813 -0.49047836181543 -0.49057818574789 -0.49038073636281 -0.49043162125208 -0.4902596070236 -0.49033651442306 -0.48921365529698 -0.4893692514518 -0.48917276671455 -0.49365736879138 -0.48816517703573 -0.48836772035736 -0.48911957872248 -0.48692498637945 -0.48728657595249 -0.48868623801068 -0.48851637064043 -0.48920105086743 -0.49119818099986 -0.4915223537025 -0.49158494065981 -0.48821349106818 -0.49381187356581 -0.49331529725361 -0.489952948781 -0.49002555598244 -0.4900379574985 -0.48736153047965 -0.48762860624946 -0.48869469931796 -0.47170982707199 -0.47266780114247 -0.48453728769048 -0.4846069501033 -0.48416335677473 -0.48803823949422 -0.48788212859761 -0.48609938237546 -0.48578133844681 -0.48658392503941 -0.46679920387178 -0.46543409408536 -0.46641766366096 -0.464277694715 -0.46844986697323 -0.47326111641598 -0.46618991233633 -0.46754056153573 -0.4681656742055 -0.46948655946868 -0.46755787365169 -0.47968686101827 -0.48014725381853 -0.48073530868094 -0.4673806499259 -0.46581362955432 -0.47284352907891 -0.47376336592672 -0.47289522229141 -0.45645109953743 -0.45734508702423 -0.45691236028758 -0.47042859635214 -0.47068604848684 -0.47200571463009 -0.46835232119815 -0.47098869991367 -0.46856761378784 -0.48465333308588 -0.48540959698286 -0.47073893893537 -0.47072104974703 -0.47561010527547 -0.47745088869312 -0.45354697388969 -0.45380741462531 -0.45395110081001 -0.45335759034404 -0.45333606428595 -0.45317845313883 -0.45306340607948 -0.45434234761487 -0.45411775673454 -0.45373477438139 -0.45358842989883 -0.45371718498351 -0.46213282935124 -0.46218264094948 -0.46263247975284 -0.45401505521301 -0.45520540708566 -0.45486156253082 -0.45527245173219 -0.45600656539409 -0.455654428182 -0.45602591213052 -0.45607417966553 -0.45468553957882 -0.45517017884639 -0.45545688021624 -0.45505848381528 -0.49353584205164 -0.4919366935657 -0.49155926330926 -0.49456710162224 -0.49050877332257 -0.48953894989149 -0.48950787487994 -0.49990007662224 -0.49539159910042 -0.49476419264157 -0.4919723460837 -0.48845505124859 -0.48863645679564 -0.49036828362702 -0.49012822003976 -0.49126593186425 -0.4912602911983 -0.49100526382617 -0.50285615101569 -0.50155821778813 -0.50081041599218 -0.50250990051706 -0.50294935681281 -0.4921346701388 -0.49240284048734 -0.49241739501735 -0.49608129346679 -0.49646626554041 -0.50681826343381 -0.49933952764064 -0.49896869112785 -0.49912778188055 -0.4998045982539 -0.49838742535596 -0.49714552665347 -0.49818723447701 -0.4989681317255 -0.49930751265887 -0.47462437577277 -0.47748811676956 -0.47557620042809 -0.47467038405697 -0.47494740630154 -0.47421855973036 -0.47337838807338 -0.45592086476638 -0.45569034659271 -0.45541809931603 -0.45534436589377 -0.45506844009086 -0.45528443257636 -0.4553609394505 -0.4542365455809 -0.4542341700643 -0.45493750822801 -0.4608607641086 -0.46065752239449 -0.45500059350049 -0.45477916386676 0.41788508994277 0.40221424797617 0.38506719766234 0.40198983918796 0.40426620004996 0.3928945007632 0.38818168751682 0.39297404108852 0.39728744203728 -0.40716940953141 -0.40925794511012 -0.39627829626742 -0.41126925895747 -0.40674407926099 -0.40479167988751 -0.3875813346988 -0.39620764634668 -0.51305692604577 -0.50845932355644 -0.51186209197836 -0.49800956147845 -0.49814547226789 -0.50118953500783 -0.49824585982305 -0.49795202317043 -0.49791173719456 -0.49850331230788 -0.49957630542568 -0.49913568029877 -0.49903240803036 -0.49888573806296 -0.50024854121065 -0.50100180581748 -0.5002138691507 -0.49834824587451 -0.49825181265833 -0.49859928029337 -0.49618857129178 -0.49711451051463 -0.49650186003047 -0.55403503233558 -0.55335771855139 -0.55319016580558 -0.50163895752254 -0.50267003629913 -0.49624995733774 -0.49648900286613 -0.49589368739538 -0.50437749536159 -0.50453585879812 0.54672024900872 0.54372865770462 0.57146467171708 0.57622975558485 0.57713415354928 -0.66719351305074 -0.67620637848088 -0.64540888634556 -0.64245541708237 -0.61462217773389 -0.61554011326113 -0.60549456461537 -0.64916155381587 -0.63146451398849 -0.62765959376801 -0.66206860136551 -0.66614675941161 -0.65971744976567 -0.64636963546562 -0.6422012313083 0.44659174117627 0.44379837383325 0.44765953093703 0.43499598314528 0.43559504343378 0.43680994728042 0.41899742189451 0.4190399280797 0.47750553703115 0.48996745166793 0.50945067552692 -0.6399425512071 -0.55295663894287 -0.55324843109819 -0.55416490350141 -0.55574603336854 -0.57023301645948 -0.50246618187166 -0.50219991177913 -0.56184914290816 -0.58003186330673 -0.57465149771025 -0.56263585891701 -0.56100116920018 -0.49363421967625 -0.49355053554557 -0.49252904479923 -0.49273257186106 -0.49236067759632 -0.51987488917181 -0.51817579039842 -0.51867478682986 -0.54918619307491 -0.54845854195192 -0.549795107678 -0.49310631773578 -0.49316660826901 -0.49412767740446 -0.49363188950754 -0.48958663732762 -0.48985153433368 -0.4900492986884 -0.49011633359486 -0.48986871600635 -0.48993504887325 -0.49001258179106 -0.49021312171864 -0.49012525115724 -0.48759765510669 -0.487063502526 -0.48640099792104 -0.4863626882146 -0.48604868387733 -0.48756323211778 -0.48591965573098 -0.48555873814946 -0.47994975294803 -0.47987148247729 -0.47904798390698 -0.47559511313348 -0.47732109765775 -0.49169207938165 -0.49154372113603 -0.49185683209415 -0.4652402448111 -0.46423407900557 -0.46627219307577 -0.46819686225831 -0.46466750242113 -0.47553532966357 -0.47690262712397 -0.47509485327837 -0.48698740313587 -0.48686384547596 -0.4863853240757 -0.47916652523256 -0.47903329422156 -0.47842630559909 -0.47994197069362 -0.47744858391232 -0.46168639842177 -0.46189304309072 -0.46197463909717 -0.46493986420086 -0.46452130280054 -0.46642517383604 -0.50445179521938 -0.50562012948934 -0.50797944249887 -0.51705204725597 -0.51905934724503 -0.5036344123668 -0.50229090239307 -0.50572607068816 -0.50782683022863 -0.49698180888251 -0.49778806279763 -0.48985927130098 -0.49001007923377 -0.49994464158541 -0.50056266573031 -0.50172844425593 -0.48996961638755 -0.48986864066574 -0.48989743860858 -0.49379277586239 -0.49447145440642 -0.49417353326569 -0.50036146305009 -0.50084542061959 -0.49999280220965 -0.49529207707038 -0.49660157322138 -0.49163085171056 -0.49173166710356 -0.49212126392711 -0.49233247988265 -0.49214994850361 -0.49359278637824 -0.49296693480923 0.34004657634785 0.37646499712046 0.37052893605633 0.38107434899169 0.38037241200856 0.38244168779103 0.3949217198995 0.38418104991395 0.40174613310453 0.39817948071851 0.41150896910434 0.41436989987516 0.41295802732498 0.48661909594745 0.44472816460153 0.4603029075025 0.56797614706753 0.57016644426959 0.40271585752712 0.40547859238804 0.40526737604841 0.40156006356031 0.39722276564022 0.40542698491632 0.40875619838454 0.40905194223333 0.40419490590218 0.39992202439211 0.40728024330879 0.40987418799195 0.41664361615746 0.41593403068721 0.41692278086814 0.39853378406403 0.40295126208605 -0.49769874070851 -0.49824909309764 -0.49347802211228 -0.49610661210684 -0.49742720361848 -0.5009099671628 -0.56017430514584 -0.55955652648444 -0.56512381755708 -0.56704022670609 -0.56664559118741 0.56847298941564 0.5622278903733 0.50365987263904 0.51339104063498 0.50939647909631 0.56077084312365 0.55404689337781 0.55570236513981 0.55733432795638 0.55699840669271 0.54229265242411 0.53758890115411 0.53760264258867 0.5564656360869 0.55010821380149 0.55536282102495 0.54690784939072 0.55299336865291 0.56969194428492 0.44547651267567 0.44378527486196 0.43751554174311 0.4104599041857 0.41233135384164 0.54971051504817 0.52501109076673 0.52680681331938 0.53547903670613 0.51126208884894 0.52182996965126 -0.48450480160436 -0.49853376866618 -0.37931408407954 0.5394028476153 0.49996549262287 0.51341481555976 0.54157576821488 0.5540297582404 -0.60111485645753 -0.6164622151415 -0.59742442261773 -0.64993268977635 -0.65441485808937 -0.65120028999924 -0.66089481867358 -0.64755919806199 -0.65015324210869 -0.64308253778825 -0.53931696819248 -0.54888305940843 -0.54243194884614 0.41896252394422 0.41897664464193 0.41904333344487 0.41906985366961 0.41843791886627 0.41869650435981 0.41858239398071 0.41940877994569 0.41937333407852 0.41932754396484 0.46452473366609 0.47276660619543 0.47715085441503 0.4777554651048 0.45909900859825 0.45452650858658 0.46237742604207 0.46697344662458 0.46838075059191 0.44632451784366 0.4409566618504 0.48643928071225 0.47871516337332 0.48347315632454 0.50214165551381 0.49568287422397 0.49178652654232 0.48965126804693 0.4942380152121 0.48094033415845 0.48440480845165 0.41714356068531 0.41833417695016 0.41766192849052 0.5014853286018 0.49342883945003 0.49168244895765 0.52719455219616 0.52641145318099 0.52373419301303 0.51422365149268 0.5121001017611 0.50843934422153 -0.55502570197187 -0.55650634910619 -0.5555061353975 -0.55234407679514 -0.55264641475371 -0.55373213120809 -0.55270262077775 -0.55164243779371 -0.55293946126485 -0.60637711032435 -0.61147543793472 -0.55740445657427 -0.55971564413512 -0.55810402034551 -0.56719201070973 -0.56451808997702 -0.56361138254505 -0.56845349860883 -0.55703784104215 -0.55615004837454 -0.59943138195571 -0.5854009292264 -0.59113119116588 -0.59501210499099 -0.49325725919503 -0.49345898376374 -0.49543983765754 -0.49520753883276 -0.49568535951141 -0.49143363620582 -0.49164221045139 -0.49148995448799 -0.50563917047053 -0.49404062680895 -0.4944459337677 -0.49459801002909 -0.49474714412163 -0.49485826856083 -0.49341733531558 -0.49371720014085 -0.48347243534207 -0.4833250897939 -0.48256902337634 -0.4782561304025 -0.47813526859924 -0.47900523112292 -0.48551521791311 -0.48409197464559 -0.48511393934464 -0.48428172061081 -0.48504105524611 -0.48579077319666 -0.48520837346652 -0.48591652426017 -0.48106824059892 -0.48032834410875 -0.48656241771334 -0.48723555417352 -0.48898746086732 -0.4886076720675 -0.48862765744291 -0.4633392572088 -0.46429017745512 -0.46602434611901 -0.46673175888443 -0.46527358496596 -0.47157568988987 -0.47034298969247 -0.4781416092607 -0.47815099929451 -0.48281011546865 -0.48191978688358 -0.48321630144111 -0.48158609213328 -0.48101149370884 -0.46300033227964 -0.46238254139638 -0.46126109147577 -0.4619711654697 -0.50957525529272 -0.5103713435544 -0.51000226655231 -0.51301134429394 -0.51132794293973 -0.51495198192966 -0.51005227702054 -0.50110758209764 -0.50326486860749 -0.50036809404361 -0.51186024976517 -0.50713661345775 -0.50482758506714 -0.51797346919031 -0.54287226673816 -0.54167646608687 -0.53949596110427 -0.49934029503725 -0.49758559769624 -0.49570363843361 -0.49635883813058 -0.49708568023226 -0.50896461100947 -0.5030095151708 -0.50133755403322 -0.5020451021243 -0.49235817416704 -0.49229167442172 -0.49270474390659 -0.49212450851792 -0.4918515765629 -0.49179801676145 -0.48753768767652 -0.48644032993135 -0.4884319327625 -0.49266117516156 -0.49246893269026 -0.49017997230792 -0.49062115381963 -0.49098882956168 -0.49086338917542 -0.49126435816115 -0.49240133812607 -0.49143071622915 -0.49168193566214 -0.49141578699333 -0.49010951511541 -0.49014214856661 -0.49070751274897 -0.49136820927334 -0.49105358774183 -0.49146047460502 -0.49112293883779 -0.49001830707303 -0.49063323176967 -0.4911120722749 -0.49104715995 -0.48910647439865 -0.48788898744688 -0.29925025047605 0.29181614475932 -0.30575013961382 -0.38603739570057 -0.3836019460604 -0.40648147123452 -0.39440257136077 -0.38298592585237 0.38906735829328 0.50305552207414 0.49315426704814 0.49544549750681 0.41586349221999 0.41968145059557 0.41364182084579 0.42977062658141 0.43815104660318 0.43241746542539 0.41305123638486 0.41103326072457 0.41154178877379 0.41197083579514 0.414332066317 0.41128842945398 0.4143948753308 0.41558657191843 0.4064164672976 -0.50269174551024 -0.50175111570529 -0.50195374631299 -0.51352863823063 -0.51298352396787 -0.51589353656058 0.40820162843936 0.42190755207207 0.41020259922236 0.39820695415448 0.39265480074446 0.38602894075119 0.56430131109317 0.5459731260759 -0.50204784772158 0.52336182046683 0.562932998293 0.52202449288301 -0.67540478054347 -0.67196353059035 -0.59383470547699 -0.63544612089506 -0.61986155289294 -0.65488323491063 -0.64992703708622 -0.6537058447923 -0.41922464242122 -0.65763952149416 -0.65373096817681 -0.65908087029132 -0.6478208228694 -0.62089297414855 -0.63071502644922 -0.61760765511304 -0.63649449843499 -0.63910374114225 -0.66894698295235 -0.68054952521694 -0.67764782481716 -0.68463535214339 -0.69268042104066 -0.64284370918816 -0.6360263647999 -0.64158825367564 0.4388904334377 0.44941225365873 0.44499786431508 0.49169575208259 0.49571912579753 0.48804680912973 0.47453451797803 0.47485837178752 0.47000667763322 0.46149183394931 0.51121411609483 0.51220451356007 0.53898552801603 0.53511609869421 0.53652359105236 -0.55457826505463 -0.55472059483732 -0.55143809764729 -0.55152717600721 -0.54484124668646 -0.54298031803163 -0.54589908046753 -0.55484126222888 -0.55294215682952 -0.55223851058816 -0.55395031004667 -0.55343268659757 -0.55516718619906 -0.55417281066775 -0.55245736633273 -0.55086205339849 -0.55094883186533 -0.5555786370206 -0.59835720530189 -0.59263104909859 -0.58958336697988 -0.56189581472476 -0.55768889634488 -0.56116945432607 -0.4944643042082 -0.49434728023889 -0.49420861489131 -0.49298098407881 -0.49316668121113 -0.4936814245491 -0.49451922139949 -0.4941520825605 -0.49413298170844 -0.49696290635443 -0.49619034352766 -0.4946905102742 -0.49545773314169 -0.49494613212655 -0.49771295294603 -0.49817880892938 -0.49733006905427 -0.47250557368919 -0.48406475974648 -0.48483413195901 -0.48495850569848 -0.48398497374726 -0.48384529267617 -0.48363462181938 -0.48298966317174 -0.48439182657609 -0.48417932674329 -0.48342303882933 -0.47926609762323 -0.47963957180895 -0.47868308819946 -0.4861911884668 -0.48571588124988 -0.48476551462176 -0.48417648107277 -0.48717058558883 -0.46907096782516 -0.47418038410858 -0.47267482040528 -0.47329503166256 -0.4758805579729 -0.47404776874626 -0.48151646489504 -0.48171986447557 -0.52532960143817 -0.52279399931767 -0.52324609111068 -0.52479466234774 -0.52613373180379 -0.49991188889963 -0.49805595075063 -0.4991257233178 -0.4901573885086 -0.49006007712548 -0.49010254000772 -0.49036278624182 -0.49101766970767 -0.4906837613846 -0.49163816864565 -0.49131938421856 -0.48165947074913 -0.48144075487088 -0.48179856321567 -0.48986727795897 -0.48920625758286 -0.48738940961989 -0.48937998847462 -0.4893107214682 -0.48906870079049 -0.48311069738459 -0.48309125826529 -0.48367995243731 -0.4875661077616 -0.48622568824284 -0.48546888286277 -0.49074987182204 0.3911482802186 0.40903676612798 0.41108253993468 0.38198819696191 0.3738150177078 0.35498618805791 0.36346387182037 0.4182953153952 0.40577440686596 0.40800695805612 0.46830922509939 0.47478518254553 0.46682699478563 0.38726619282215 0.39054274273295 0.37299770671336 0.36326877112725 0.42551406821577 0.42926357664793 0.39258792615667 0.45311901626782 0.46476165768492 0.45667427933615 0.51131234558486 0.51932723259239 0.41527838613957 0.41729778471226 0.41378430295788 0.41279497291811 0.41084084132651 0.41065270739646 0.41620487577274 0.41717962531909 0.41581365337169 0.41500367270463 0.40880800432153 0.41510735704719 0.41467545083588 -0.56321896979558 -0.56290907484344 -0.56518256371337 -0.50440416213714 0.55772655907857 -0.57496526711545 -0.56131513716436 -0.63603674827862 0.49704795102706 -0.557400292362 -0.63982282625816 -0.64403408319109 -0.63639168211412 -0.63630072258102 -0.61941052252675 -0.60856417038054 -0.6243880511545 -0.63052575127131 -0.62562565215717 -0.62879342453252 -0.63671686619839 -0.63348301170797 -0.6408241436654 -0.58571462053574 -0.60147525785965 -0.59136337668202 -0.49844738546092 -0.61320933905604 -0.62156981887304 -0.62523194729491 -0.51796469155331 -0.52158817229507 -0.62555031197562 -0.62635313815702 -0.6290726455919 -0.64548696093948 0.46450901590113 0.47853042461675 0.45400555274045 0.43868754915009 0.4488762810207 0.49939368917009 0.5035822542828 0.43744530237259 0.43888806215834 0.43634532916618 0.41931763670557 0.41950871864019 0.41928793474322 0.44953747491612 0.43588086905199 0.43503368561294 0.4393405855564 0.41896176350591 -0.55233363613998 -0.55152904046554 -0.55113147630495 -0.49578898313382 -0.55812026261234 -0.55756777595124 -0.55574652760605 -0.55535241090959 -0.56115215035431 -0.56330409845468 -0.56269061633853 -0.55456822972338 -0.55458782510615 -0.5541521620853 -0.55557685132231 -0.55637633424008 -0.53514090683394 -0.53867606183948 -0.5412437806848 -0.54859396969892 -0.54996152116779 -0.56683778672454 -0.56865932073509 -0.5135333582483 -0.51321452016587 -0.51676088948752 -0.55306320438171 -0.5538611760451 -0.56087723275019 -0.55935128211778 -0.55924678824718 -0.56988255914758 -0.57025465863176 -0.55064856640343 -0.54954862750296 -0.55187508267326 -0.55271665306421 -0.59956104044075 -0.5945296038952 -0.58986583617758 -0.56739851950263 -0.60832060835132 -0.6020393010223 -0.49382651353159 -0.49362234339325 -0.49361685808085 -0.49418751979322 -0.49379555993003 -0.49380004836944 -0.49361314325461 -0.49337689851658 -0.49404297915465 -0.49361705385358 -0.4935117954681 -0.49497377210521 -0.49475800422515 -0.49362823747269 -0.49278541633059 -0.49186725887258 -0.49306041240618 -0.49291410261878 -0.49333485042503 -0.51891159601871 -0.51985171936567 -0.49537593510859 -0.49587134113907 -0.49827613681845 -0.49835092493574 -0.49681267971496 -0.54308987563896 -0.5394855607462 -0.54135869284077 -0.47280420496012 -0.48257369574483 -0.48281747882905 -0.48445706934139 -0.48558229598328 -0.48052898450189 -0.48128036191254 -0.48092525466806 -0.48172690026614 -0.4808552627205 -0.47259424341719 -0.47396068965927 -0.47219008191874 -0.47546588589118 -0.47689884897373 -0.51383844141254 -0.52026868092015 -0.52162620100579 -0.52178540432556 -0.5217154644956 -0.52179448771595 -0.52060346989929 -0.51996417310658 -0.5208467565523 -0.49290200117212 -0.49066384182687 -0.49103152648872 -0.49092962629894 -0.4857807690138 -0.4851967794885 -0.48595941649748 -0.48452159397974 0.4333814592564 0.44462772449052 0.4512787123124 -0.50856758753044 -0.52023132247273 -0.5179258951158 0.42041388425704 0.53015893046176 0.52633063698178 0.53589499106528 0.43448000230895 0.43331006770761 0.42417889458117 0.42487872782153 0.42151092874255 -0.50589100341867 -0.50861216371648 -0.50725621890641 -0.50820645697956 -0.5091903289419 -0.51070119223478 -0.57156370799741 -0.56950998635413 -0.56829705522837 -0.51382707795368 -0.51108303898338 -0.51052535143115 -0.50860401970568 -0.54456709546481 -0.63403671552277 0.58587988823816 0.63364231338326 0.47273984438911 -0.55452528219774 -0.59767579951705 -0.59646267228082 -0.59497604679702 -0.57507014065447 -0.55877509261204 -0.57899976954782 -0.56352981791938 -0.62106951565215 -0.63136776874607 -0.61849922965724 -0.61221118824322 -0.63012297992641 0.47334171168609 0.44231945167306 -0.5504518745323 -0.55084976282598 -0.54699398855758 -0.54858872167485 -0.54723655055786 -0.54713488003415 -0.54908981443271 -0.5456451259589 -0.54898694326073 -0.54582833063629 -0.55095140792601 -0.54938624279268 -0.54792612511606 -0.54834960569985 -0.55008204602242 -0.5483738938755 -0.55039777493093 -0.54106505217787 -0.55140797089483 -0.55149804531742 -0.57203587857014 -0.57410012781467 -0.5723487279806 -0.573009482225 -0.56954542143998 -0.57292403720865 -0.57729145772978 -0.62142972256939 -0.62504974651008 -0.6251680532425 -0.59431632336093 -0.60271988205877 -0.58414562393772 -0.49059915757197 -0.4906012568833 -0.50367606799897 -0.50405463687295 -0.5058001704174 -0.49448733247623 -0.50117216385134 -0.49764620488423 -0.49702141756519 -0.49640171368485 -0.49522291136035 -0.48177281147994 -0.48137998744468 -0.48236457196305 -0.48077160691539 -0.48183987312484 -0.48183495740574 -0.48261646709381 -0.4834648327346 -0.47813825887331 -0.4778291522556 -0.48248914240679 -0.47215766984738 -0.47072618046329 -0.47841119222309 -0.47809015205988 -0.52570007322559 -0.53034183920226 -0.52942289393594 -0.52144315553713 -0.52158524057983 -0.52211614180021 -0.49336521340858 -0.49313222689577 -0.49314805187047 -0.49356175151564 -0.48473010523261 -0.48422347745912 -0.48401822699178 -0.48363637170432 -0.48330095353768 -0.48394420407274 -0.48341591757335 -0.48122675828549 -0.48076638773425 -0.48126160177225 -0.4797068934722 -0.4800344249288 -0.48062936363949 -0.48044851318279 -0.48105653116164 -0.48098273231709 -0.48578252738234 -0.48528158054598 -0.48460976867982 -0.4825955581616 0.50064636057946 0.50531045485477 0.16287091626447 0.43962252013126 0.43032591135494 0.40908664413864 0.41866741242113 0.46299279885641 0.45093599128224 0.53350284717959 0.525846956861 0.4745555137772 0.47321618386938 0.49097496015245 0.48355326170572 0.4256379554959 0.42091811315054 0.41825770873131 0.41948402778622 0.42060189666284 0.42072257557541 0.42016758696142 0.46583600233791 0.46826219386526 0.4561816121045 0.42071231608235 0.42125874096039 0.4228357569057 0.42195949550622 0.42344658106539 0.42002614312469 0.42005358678706 0.42025015822433 0.41670456703317 0.41967086023638 0.41810447533908 0.42614795221347 0.4225330848876 0.42398357801031 0.41974404009434 0.41936090907915 0.42105029275015 0.42188648196258 0.43253039002467 0.42541985765621 0.4259755000811 0.43967574258889 0.44567643224208 0.44420185447106 0.4190736496419 0.41905896338871 0.41901690414084 0.4190600366316 0.41758638463591 0.41826705602323 0.4263097587256 0.42066589444776 0.42078510588356 0.42220509883629 0.42258807961694 0.42147003399211 0.43320556591172 0.43291679380447 0.42816834996003 0.42225966582528 0.42144600737825 0.41990784838293 0.41883139593394 0.42764242913936 0.42524789683165 0.42047498691864 0.42064985020527 0.420356102659 0.4488485306984 0.45715177382083 0.4481991050441 0.42537731496201 0.42369753017526 0.42060850233599 0.41949382004355 0.41965016401253 0.41967313813512 0.41905379406444 0.41877845395641 0.41875210428316 0.41845576292354 0.41802687182224 0.42122889632862 0.42099688936629 0.42417389840161 0.42292643400393 0.42260231817977 0.41968148053145 0.41955412178667 0.41966508915807 0.43153402466199 0.43459750549436 0.43036591289631 0.4625460717631 0.45651254945135 0.44020370915668 0.44691649051888 0.44693634621537 0.41910670234856 0.41922886137019 0.41928336494905 0.41875391826512 0.42029900351632 0.42013964127389 0.41901345991498 0.41908030441435 0.41974634632557 0.41934259847456 0.41997170138792 0.41981674658128 0.41952063840101 0.41946595111495 0.41921834878305 0.41913502098516 0.41926687422529 -0.52852554948731 -0.53359186677274 -0.53031595182693 -0.55961626090506 -0.56319446370009 -0.50920963704471 -0.51383003336583 -0.50661979339397 -0.50583132185887 -0.60411893427239 -0.60212784837531 -0.61326996981522 -0.61639626357013 -0.6079253112906 -0.6057398142351 -0.57423497567508 -0.58005682749864 -0.56672173698535 -0.59662204525745 -0.59603389236494 0.46153436737586 0.45896251628377 0.4518850579909 0.46333462796097 0.46167893671165 0.44072253128904 -0.54195153739848 -0.54683092608867 -0.54928903106233 -0.53507236740109 -0.53939297673224 -0.53373706900952 -0.55352050041252 -0.54994824982366 -0.54863467280172 -0.54430048675753 -0.54423051510171 -0.54309753107596 -0.543659437016 -0.5875506760457 -0.57957689388558 -0.5207369296028 -0.5164254867076 -0.52080946877464 -0.62967212870225 -0.62832215022596 -0.62859274817399 -0.62683851443946 -0.62306696912016 -0.61934623472446 -0.61895931909728 -0.62043752093923 -0.6233399166337 -0.62014700832747 -0.60654407314277 -0.60815228375948 -0.61352636146163 -0.52172807438787 -0.52147903811625 -0.49104844225332 -0.49111863167387 -0.49264169120172 -0.49411634019301 -0.49419321422048 -0.50941886935604 -0.50857391115551 -0.52060041396117 -0.52104522469435 -0.50281611018956 -0.50323647810213 -0.50122863641737 -0.49531379897028 -0.495584483915 -0.49522103025574 -0.49484356180148 -0.49451618584071 -0.48034593023533 -0.48083026230293 -0.47994282587021 -0.47979150209907 -0.46804287861682 -0.46962918423191 -0.46909875341639 -0.47605223460628 -0.48413586831115 -0.48344798339959 -0.48316288457407 -0.48279140124929 -0.48280448218976 -0.48315033952038 -0.48316750413109 -0.48383065152651 -0.4827695461389 -0.48242204190479 -0.48210176057301 -0.48202214241594 -0.48079562343063 -0.48101675683492 -0.48264349482899 -0.48208082946141 -0.4823539485745 -0.47984997341774 -0.48075452576944 -0.48284399793284 -0.48181758806232 -0.48150946433179 -0.48228597067801 -0.48165980208889 -0.48309657205861 -0.48338247855706 -0.48219788958002 -0.48241756057137 -0.48100930275507 -0.48069744229439 -0.48187499188641 -0.48235875484748 -0.48120735706406 -0.48142601832822 -0.48143452403935 -0.48135950695514 -0.4834581418762 -0.48274632347609 -0.47892805826422 -0.48032872709369 -0.48141866165089 -0.47885280790511 -0.48172491308953 -0.4812884690114 -0.47705027286759 -0.47725730648029 -0.47757023393096 -0.47858117381895 -0.47795104327649 -0.47842783153833 -0.47970538246693 -0.4791633681727 -0.47961792341343 -0.47323446307426 -0.47130956418091 -0.47027669899831 -0.47906164073191 -0.47688596645063 -0.47663087593442 -0.47724121717109 -0.477488012343 -0.48482316550054 -0.48596228471977 -0.48329205086946 -0.48437524509415 -0.48379742044673 0.25879463682792 -0.3133792176727 0.44309916853256 -0.22930142614067 -0.30180332613069 0.34088593717286 -0.5647116570626 -0.56201873393129 -0.57069489369739 0.44967576792859 0.44439330599952 0.4403858113432 0.4056964466423 0.47170870870842 0.47457207181951 0.4369857982604 0.46128785389417 0.44408740744471 0.48525825824775 0.55129651902634 0.44628025813647 0.4897181547201 0.47838073173104 0.47887168214222 0.47560397803178 0.46511666541976 0.43698857295714 0.4304010443988 -0.51388031082065 -0.52387431885926 -0.51961108058998 -0.51954413388243 -0.56903475313076 -0.56608573529231 -0.52577572735007 -0.55256892527225 -0.55329043559889 -0.55747200998557 -0.58667993376022 -0.59467938635309 -0.50883429898357 -0.50859663312955 -0.51073286884463 -0.51395738813587 -0.50698884067982 -0.5053330385862 -0.50496026878895 -0.51808170956329 -0.51489538870758 -0.52648280012515 -0.52176303796917 -0.56608722019147 -0.56212474807317 -0.55081435797515 -0.56567468094105 -0.55150672087497 -0.54629854501762 -0.59055016207754 -0.61055596232015 -0.60293772912432 -0.59865539324424 -0.63447584000892 -0.6220139015655 0.43440171214481 0.43307812446956 0.4359776380101 0.43641468264551 0.4237356158611 0.42477747244967 0.42425507099278 0.43034543505119 0.43428773057151 0.43156810182654 -0.54655280993183 -0.54345412110136 -0.5445527998117 -0.53446339111384 -0.53259651471795 -0.53917999896243 -0.54322681349568 -0.54156410905736 -0.50050137424948 -0.50328191514313 -0.50384747967295 -0.54702825266832 -0.54504086252115 -0.54726815834915 -0.52862097713261 -0.5459796316431 -0.55193540324247 -0.55044501960955 -0.55146160116599 -0.55361075272021 -0.55256943660681 -0.5425891724325 -0.54099521052333 -0.53599061461301 -0.56768300878783 -0.56608688207654 -0.5638330272409 -0.5636646726404 -0.57483541809957 -0.58810276278804 -0.53673745432582 -0.53824523809717 -0.56589789500631 -0.56076293592951 -0.56205009061066 -0.57501476950957 -0.57628386720914 -0.57725010618282 -0.57427959937365 -0.57062421632808 -0.55348965320093 -0.60584232985095 -0.58319021193941 -0.62321932927193 -0.62095692080065 -0.62313079882443 -0.62378011214126 -0.61820296103556 -0.57491968116078 -0.61287243432195 -0.59361408218851 -0.60032237033377 -0.61694133614629 -0.61378071422217 -0.62610465674744 -0.61490624785505 -0.61744491355386 -0.52286185058724 -0.52542502302089 -0.6349869461647 -0.62852622619017 -0.63419874822366 -0.60517977411987 -0.58443075314267 -0.57217794839551 -0.64017852952602 -0.6046059595771 -0.61028684609522 -0.56344248588849 -0.55397950905236 -0.55589940109024 -0.54324237228491 -0.54814478270815 -0.54262576067854 -0.63216412086547 -0.61588069680426 -0.61906058537841 -0.61137907384009 -0.60844214419767 -0.6055413409231 -0.49689074382189 -0.49844456001935 -0.50088695366275 -0.49653767400368 -0.49571560554494 -0.49728303463529 -0.49239760301091 -0.49297496184664 -0.50180324094137 -0.50421164770951 -0.50160542484703 -0.52055876568909 -0.52092545977659 -0.49539697348216 -0.49895488860333 -0.4940911819878 -0.49462035109926 -0.49317622226673 -0.49381529844878 -0.49340334074991 -0.49859336238961 -0.49782506270519 -0.4954392373752 -0.49543206931402 -0.49886546972221 -0.49858904955327 -0.50229211630899 -0.50576865655114 -0.49910797715452 -0.49962187072442 -0.49728543343284 -0.49642382076865 -0.49556182371702 -0.49532505174925 -0.49525168618255 -0.49408187701065 -0.49391545403127 -0.49431311517156 -0.46839589748045 -0.46760657607456 -0.46699027268104 -0.4688186899004 -0.47014249959076 -0.4771072779795 -0.4759040682722 -0.47773403161869 -0.53328087909662 -0.52163228069317 -0.52211886297445 -0.52184152468777 -0.52193434087874 -0.5213491793266 -0.48441985214521 -0.48542170719542 -0.48340288464839 -0.48407199564741 0.46509520586512 0.43573382382433 -0.47205929586609 -0.51319518671083 -0.49227404726036 -0.35854456223453 -0.32385656322019 -0.34479333139027 -0.42946538490009 -0.43396860962833 -0.44247409483354 0.37916041337415 0.29155698295307 -0.33442916611917 -0.38176156440251 -0.4174442770847 0.390620147039 -0.38666976256473 0.50398428419652 0.51062727651714 0.51413943710634 0.50532475789361 0.49122103042173 0.49327782387659 0.44456595455025 0.42187645133327 0.42488646767492 0.44955159711566 0.43113044164711 0.4366101432315 -0.52009152114719 -0.5308722806507 -0.5292498453876 -0.52912300802257 -0.54856106663091 -0.544902589879 -0.5451677917956 -0.52458579053365 -0.54194723921819 -0.5375930992108 -0.5330509483379 -0.52803193954022 -0.54946135026801 -0.55202464038995 -0.55801108321654 -0.55638090503149 -0.55941332456126 -0.50375016038069 -0.50589531413126 -0.49899684357773 -0.49852409579896 -0.53871373066035 -0.55323094803908 -0.55254277735179 -0.54228765052015 -0.56115874792311 -0.5694078381544 -0.56594951268974 -0.53620359062897 -0.5319483418239 -0.53075257630889 -0.53616479278652 -0.57232088547512 -0.56320205516588 -0.57078037610921 -0.6230213752337 -0.58845038808658 -0.52925895464744 -0.5827582145901 -0.50184619580065 -0.57282611551001 -0.54893484527992 -0.5766070983832 -0.53684215785799 -0.52162270107207 -0.47782857575796 -0.43937182374232 -0.5549000182048 -0.54878125092871 -0.56185996931078 -0.58254520526742 -0.58006513856725 -0.59347584427927 -0.53593307291318 -0.54584500108916 -0.55225998818892 -0.54473888980843 -0.54934196974223 -0.53647523650228 -0.51617326594463 -0.5241783409313 -0.50616708374886 0.43520191500543 0.44749452371876 0.44549930460194 0.44444234032349 0.44226907012058 0.44079533866755 0.43752677944147 0.43931894222445 0.4294277591027 0.42973223696704 0.4317526939765 -0.49984976851708 -0.49831962522385 -0.51638311446979 -0.51774932846771 -0.51925129753883 -0.52681698693849 -0.52559789952078 -0.53049861700834 -0.52603467191873 -0.58542185009023 -0.58948424763841 -0.61004882016335 -0.61003691748703 -0.59983613487946 -0.49590956187039 -0.49637169506292 -0.52027708155527 -0.52302525251977 -0.52055165393892 -0.49886707221395 -0.49972106348172 -0.49923053983826 -0.51787270955004 -0.51779408558101 -0.51962184600734 -0.52931149641224 -0.53277056686593 -0.49869753124001 -0.49754204862365 -0.49594620495984 -0.49669330859265 -0.49481973438568 -0.49470801142988 -0.49476622209447 -0.49506692374608 -0.49703493386647 -0.49668110724627 -0.49701291048905 -0.4963428913116 -0.49628284899508 -0.49538332732402 -0.49602106107537 -0.49639014188766 -0.49586691001795 -0.49591769243382 -0.49564182251144 -0.49701966596356 -0.49791397043283 -0.4973188560272 -0.49690313985522 -0.47121398093896 -0.4673671263222 -0.46602724846021 -0.46547446015162 -0.46612749940289 -0.47238098152964 -0.47364995228235 -0.47196800170797 -0.46661648458612 -0.46712615126026 -0.47048447621061 -0.47114898407364 -0.46914747574877 -0.46519631059742 -0.47355131934327 -0.48080183989773 -0.48069989036067 -0.47881565614638 -0.47800138800593 -0.47903676369849 -0.47883909988565 -0.47953521531748 -0.52117203946553 -0.52109147873878 -0.52383249285353 -0.4884764909206 -0.48694768820984 -0.48969805491163 -0.48892592523799 -0.48916687392862 -0.48477500847283 -0.48515783460987 -0.48440830493229 -0.48302719668207 -0.39221296980654 -0.41924546976762 -0.46502146731044 -0.45310273221656 -0.4521001392735 -0.47775416910781 -0.49449516549207 -0.36054323279554 0.37407806073963 -0.36789667500023 -0.21091687107594 -0.065474961493866 -0.41117679258482 -0.41948423047724 -0.40135000921578 -0.55823398452308 -0.40825340913798 -0.41506157515895 -0.35208949225054 -0.37603241673728 -0.43837074644807 -0.42237428709446 -0.43149937204564 -0.41699433607774 0.51377116600904 0.48961951955476 0.53943603279912 0.54618378414271 0.54595908959047 0.51925023874203 0.46019269918728 0.47284129054933 0.46373441325448 0.48042578792517 0.51681443426551 0.45843826051619 0.45281297106327 0.45049706417594 0.4283917366465 0.43436982733384 0.42864109750667 0.46635334208 0.43973504629513 0.4835852351577 0.48432500354077 0.49159600365119 0.473965967146 0.43950964236122 0.4422036507233 -0.55589006727176 -0.5612014078172 -0.54068978998063 -0.54172370557188 -0.5470134275598 -0.5844813495574 -0.59236528964982 -0.59312210389932 -0.5302108881141 -0.53296778576639 -0.53994248435107 -0.58173384681499 -0.56033686052731 -0.57247934438461 -0.57362022301356 -0.57439169159453 -0.53766560145618 -0.54899104134865 -0.54456994431937 -0.54914331666419 -0.54598531817934 -0.53456551539029 -0.6046073208555 -0.60143707405569 -0.59793988963213 -0.4892278009524 -0.49849567741487 -0.49658450789563 -0.49750677245148 -0.49248703611581 -0.49642311292623 -0.57678606299604 -0.58285811296879 -0.56467309746142 -0.5132829550038 -0.52543003237517 -0.57832046927861 -0.58726810682067 -0.58512358340308 -0.60423980241592 -0.59405118369565 -0.51698272114503 -0.47098191827073 -0.45812654336379 -0.479380707965 0.43926140720123 0.43875650687292 0.43023656565191 0.4305533062532 -0.53500185843509 -0.53548756185028 -0.53852741899377 0.42657301531259 0.42606373475504 0.42840955284834 0.42336635896446 0.42464791765042 0.42358351075872 0.42803327128355 0.43057615463403 0.43788306293295 -0.5465797114643 -0.53848720267354 -0.53342625607005 -0.53013273676721 -0.52213948159744 -0.52258032665288 -0.52365214776152 -0.52577206513301 -0.52570521149701 -0.5209009505281 -0.52463051938061 -0.52326642505347 -0.63273046610517 -0.63027748029802 -0.62633182434931 -0.61377813274309 -0.58930699197985 -0.58490081598406 -0.57277400850305 -0.58172080074959 -0.58912898125124 -0.59116760635009 -0.57246248815815 -0.56427098456661 -0.57288159381961 -0.55375131770994 -0.55767759049022 -0.59883899261204 -0.50079078438026 -0.49818240621455 -0.5035049081698 -0.50325972614246 -0.50301522111734 -0.46190171280159 -0.46083477909224 -0.46109023293988 -0.46544391911651 -0.46412710532798 -0.46481590444201 -0.4654428105479 -0.46697219311933 -0.47754592726832 -0.47652549150487 -0.47712128729547 -0.47431283802608 -0.4754862897721 -0.47973538644857 -0.47928188640615 -0.47944800794212 -0.47782494042719 -0.47957025652762 -0.48262695968292 -0.48194397033535 -0.48211891694217 -0.44871562016396 -0.43299016861286 -0.44752371798461 -0.50446365496998 -0.52657428817151 -0.47609762436426 -0.49166515175801 -0.48095641800969 -0.4932027608956 -0.48534196589472 -0.43949852733257 -0.4176295934824 -0.42966418110487 -0.44243372116034 -0.45565631097799 -0.4638198384003 -0.45343836481492 -0.52203949580845 -0.53705575729257 -0.52613536797668 -0.37837761121178 -0.43138513409057 0.49999216803627 0.4961588147501 0.4473881069892 0.45371660566903 -0.54587295043493 -0.55552502121285 -0.55683661563934 -0.54177818603994 -0.53591300799589 -0.52986766563202 -0.52340076901921 -0.54859680903781 -0.50628312259425 -0.51153518084303 -0.50652553372711 -0.51191566118626 -0.51778638036935 -0.51664709613483 -0.62071556003846 -0.62448639742701 -0.62201942735918 -0.62598460682325 -0.53745946922785 -0.52165745581402 -0.5044611177468 -0.52536132126371 -0.53039630714064 -0.47591725943783 -0.50755201698546 -0.51991271624656 0.42594660570156 0.42472352510454 0.42650756102155 0.43682249415147 0.43361834878829 0.43184067514994 0.43344777592528 -0.52207337422047 -0.52020197574253 -0.52657236283572 -0.53196313941107 -0.52761700937597 -0.52415955151994 -0.51554674894893 -0.52152581710426 -0.50890895231744 -0.51442571337581 -0.51048104057654 -0.52014017771932 -0.58294157948178 -0.564301122209 -0.56081549405988 -0.55833742585357 -0.55478221361355 -0.54309017312791 -0.55207001043166 -0.54234256877532 -0.54978714034062 -0.5476551826967 -0.56075138967397 -0.54759998551422 -0.53693412842939 -0.53913087467113 -0.55571800284526 -0.54539872091651 -0.52210141740089 -0.52789018327274 -0.5323210142624 -0.55363073520441 -0.56081157250653 -0.55730953870888 -0.5691518546457 -0.56497962183212 -0.53558702169326 -0.5303790390502 -0.556100739629 -0.52541810455822 -0.52706318919983 -0.53313780311161 -0.52556402080987 -0.54301365222729 -0.56986263969947 -0.57956865929603 -0.57512610524093 -0.54663215801367 -0.54575866812281 -0.53861654220498 -0.54394458438018 -0.5270249770436 -0.53074151435142 -0.53352688736506 -0.54140873314049 -0.53596494708709 -0.53515595545799 -0.55079824194049 -0.55758782778668 -0.55660426360946 -0.57399253619038 -0.54837769183791 -0.57922223570337 -0.50613468436535 -0.50936708448614 -0.50876159903051 -0.50063436648503 -0.50028504702487 -0.49893012575171 -0.4965605534727 -0.50072745053222 -0.50224139413724 -0.49677361628012 -0.49715434860833 -0.50460384395446 -0.50593365202898 -0.51156755612466 -0.50533548904659 -0.50899325338706 -0.51196522749603 -0.50983632565615 -0.46418777886077 -0.46235547044201 -0.46261672180088 -0.46249204172915 -0.46222144578517 -0.46254117656709 -0.46503229627491 -0.46468552923499 -0.46577569627741 -0.47273880673697 -0.47472889305225 -0.47879045949487 -0.47911474031908 -0.47834606072284 -0.48608239232624 -0.48627796338845 -0.48679860031541 -0.48383521132218 -0.48319491936 -0.48576030850768 -0.48588807689449 -0.48308387475475 -0.48139904936298 -0.48196192270642 -0.47969671640564 -0.48017756668046 -0.48241071072473 -0.45073642408282 -0.46002684712058 -0.43941935517268 -0.44795698159522 -0.44915569520593 -0.51178604883052 -0.5034339174828 -0.44791702757934 -0.46948722497259 -0.47941361782245 -0.48294714735774 -0.49829570039135 -0.3973171407426 -0.41077797176671 0.27271120048005 -0.41010805537607 -0.40982732794003 -0.42814325194487 -0.44026019595008 0.4821555442781 0.48221549430475 0.48594873827908 0.50114827635786 0.50331108429032 0.51141653827298 0.48291090720351 0.49161681099592 0.43278818772831 0.43693644980053 0.43638842280676 0.49771812556213 0.50853428167871 0.48846666616896 0.47483657129242 0.47856413218289 0.4469899932031 0.43857482382989 0.50076796461464 0.50838830580171 0.48722355490018 0.47862447468536 0.47972734580569 0.45800882699408 0.4687433713644 0.45273751910358 0.5185118499814 0.51598157801446 0.49252232982266 0.52793772469408 0.52603681253272 0.531317119721 0.52176381059594 0.52203578665277 0.52617161792001 0.47577618003044 0.47678861800519 0.48400920136319 0.47040653352637 0.46299493114041 0.50008518478565 0.51376981911301 0.51925214616981 0.52329352498701 0.52475045699891 0.52115457946151 0.52187862240233 0.46626425097944 0.45943958073366 0.4576593270827 0.51097646935041 0.51033496095014 0.51823364572225 0.44833757836141 0.45519413849342 -0.53179023148831 -0.52175018824271 -0.52704384094203 -0.51855916703379 -0.53169541923605 -0.51976210943627 -0.52752681465176 -0.51862771258854 -0.61668135790115 0.42674818016112 0.42585124218412 0.42062200205474 0.42085455943437 0.42073553274176 0.42159790199368 0.42191654719479 0.42229639319079 -0.54457394984056 -0.54639630845838 -0.51784712164664 -0.51407046837107 -0.51458556255611 -0.52500919213465 -0.52298415979505 -0.52102118882634 -0.52073447521541 -0.52582226327344 -0.52287269232559 -0.51016854848597 -0.50684499329706 -0.51854483507239 -0.51687974378715 -0.52007181106035 -0.51900519606411 -0.51866295893034 -0.51493854847813 -0.52226017573178 -0.52567319666673 -0.51499649380383 -0.50607392324577 -0.50994974111118 -0.50869851005485 -0.50639347870832 -0.51050781888682 -0.50041560020961 -0.50205348321804 -0.50271265830505 -0.51567828685859 -0.51903673567553 -0.51857489647723 -0.50545061086359 -0.50561602075818 -0.51078866320621 -0.51352547176253 -0.51096642033999 -0.5115103107256 -0.50711322887733 -0.49872548581039 -0.50887090261603 -0.50207882830529 -0.50363802363479 -0.50541791171158 -0.50620229149648 -0.49848627944478 -0.50350414959112 -0.50054823667238 -0.5037883161283 -0.5023937369848 -0.50141467432951 -0.50943436777725 -0.50639898266351 -0.50525461553948 -0.49968938015975 -0.50145161302378 -0.49822129158018 -0.49861732833584 -0.51118403220185 -0.51526257699242 -0.4623943193385 -0.4631224894172 -0.46287697045638 -0.4636140138096 -0.46316348047086 -0.45421200554651 -0.45438994905258 -0.45447486893943 -0.45400826403191 -0.45414050619557 -0.45426713437214 -0.46109898408305 -0.46138282144807 -0.46077201273599 -0.46411604461868 -0.46430995676106 -0.46379341206045 -0.46418211656004 -0.46187477594633 -0.46220688797549 -0.46088998585746 -0.46129691091336 -0.46124479527018 -0.46005996719019 -0.46064862489365 -0.46041341947263 -0.46360313140101 -0.46428764007118 -0.47540393136529 -0.47578570362912 -0.48109273937691 -0.4818256583709 -0.48151337069227 -0.47984059733178 -0.47937657818381 -0.48088243696496 -0.48089134212747 -0.48022778291485 -0.34770589488065 -0.34254597682703 -0.34996699658943 -0.4190100811231 -0.38547964346125 -0.36902269599425 -0.40463737499566 -0.41570317405229 -0.45677396505152 -0.45092522718785 -0.45166866427069 -0.43112695134696 0.52975519283733 0.5335894330553 0.52980426146054 0.5286236898975 0.52942566951818 0.53329470972519 0.44792662219712 0.44099104837425 0.44691871833435 0.42691278135236 0.42892045409373 -0.50345600819891 -0.49658940330106 -0.4642329671178 -0.46440342190492 -0.5014836666343 -0.50478477109988 -0.51738436875935 -0.52248767886647 0.42603470590021 0.42964988207678 0.42807979109066 0.42600345810085 -0.52767592090672 -0.53028536935223 -0.52030982146167 -0.53278157000492 -0.51654611257406 -0.51359246216544 -0.50789051567577 -0.51245305724627 -0.50532658933982 -0.50450548765859 -0.50435544651145 -0.50464002372588 -0.50004019250306 -0.49786038089941 -0.49743426766262 -0.46465703946153 -0.46518795277816 -0.46313308915096 -0.46328059732943 -0.46244786280547 -0.46282155142738 -0.46346443114357 -0.45848077227147 -0.45941386879407 -0.45839922047283 -0.4602853637004 -0.46000877040035 -0.46172045153746 -0.45875825112768 -0.45977176942809 -0.45905106662783 -0.45732965903064 -0.45643844264565 -0.4573192235387 -0.46279213297488 -0.4631469541068 -0.4631581929469 -0.46508185395725 -0.48236051186876 -0.48056076526257 -0.48434932649129 -0.48347104806569 -0.4839679963785 -0.48249861724033 -0.48025011168547 -0.48003514031407 -0.4798447946439 -0.48033335092812 -0.48030564972306 -0.47870092443747 -0.47681064850777 -0.47739885719946 -0.47690746147121 -0.4780033506202 -0.47785306224702 -0.47827039787858 -0.47885277592796 -0.47872801206129 -0.42708360074095 -0.42084625788882 -0.37519876950302 -0.38967641629755 -0.39738679101396 -0.45587146042941 -0.46099857847449 -0.45165533410273 -0.46468672319506 0.52636642897526 0.5213761187263 0.54417956800915 0.54560614257843 0.53740045320561 0.50824729838983 0.50361729509708 0.46345802006367 0.47710626828246 -0.4796709597145 -0.48010398045245 -0.50752866448472 -0.5015147484996 0.42153637529628 0.42122222784754 0.42161248926093 0.42087913291531 0.42087900762647 0.42053682057105 0.41957925342515 0.41968238822061 0.41967088238141 0.42453306396882 0.42332840425988 0.43017980938658 0.43124263060706 0.4257340436483 0.42544666852186 -0.51366677707551 -0.5149173656664 -0.51325054963653 -0.51718082502394 -0.51214347309834 -0.50685285242685 -0.50960724070066 -0.50772550415616 -0.50358741749079 -0.50059651256426 -0.50143099291883 -0.45482539647852 -0.4546318235253 -0.45429063741352 -0.46144659224061 -0.46166166640294 -0.4614071802311 -0.46106772294101 -0.46080613168384 -0.4612065637511 -0.4625778021574 -0.46300255777534 -0.46313742612296 -0.4667945647382 -0.46625568749379 -0.46773994950024 -0.46889930203599 -0.47142905327982 -0.46981855239757 -0.42466961822817 -0.44102234313577 -0.44429546835428 -0.46720225396848 -0.47137920320055 -0.47221209846219 -0.46482492892677 -0.45589496000538 0.51456104905169 0.52142866338872 0.53920508902662 0.53431714428146 0.53717211412949 0.53605004441762 0.5409843797052 0.54332909314646 0.54136896777254 0.5283123242533 0.53491969737946 0.51862442238492 0.50150485399154 0.5076055314029 0.50568671033 0.5215350470976 0.49451122387733 0.49582316081996 0.45401706110089 0.43381559372268 0.43398557963329 0.43014900817479 -0.48175332666584 -0.48947958570247 -0.49108398997664 -0.49671301299956 0.422029401138 0.42221946429465 0.42255012529917 0.42851588257425 0.43030954125306 0.42691531888957 0.4227486582006 -0.52142324901587 -0.50634113341848 -0.50923131103429 -0.50799041263055 -0.50046358535786 -0.51324295560767 -0.51163326550566 -0.51501268859053 -0.51610909308215 -0.50080116712013 -0.502306009897 -0.49978146889465 -0.49899311544471 -0.50363870751671 -0.50541647413468 -0.50407856952766 -0.49899059338438 -0.49763034260192 -0.46131922354901 -0.46152296818839 -0.46122172466978 -0.46341225790561 -0.46296979684367 -0.46284030006212 -0.46375814637557 -0.46356451365585 -0.4668045871097 -0.46609644646996 -0.46673690499771 -0.46832812209605 -0.46717732979191 -0.46952584684029 -0.46534398375814 -0.46558021135949 -0.46473903998476 -0.46455426965771 -0.46390379953585 -0.47618281735893 -0.47585504298856 -0.43921509075695 -0.44946748420734 -0.45817832691522 -0.44593361499111 -0.4675842746838 -0.47339197917895 -0.47428828774508 -0.48274019804061 -0.49168496254833 -0.49204577966696 -0.48043977509863 -0.47942351168833 -0.48793003613703 -0.48828636105309 -0.48146834361818 -0.48696423408142 -0.47733485031071 0.54563839679315 0.541646709252 0.54528880421489 0.54534254617531 0.52070406990065 0.52985582422455 0.53332570841363 0.53306129367376 0.50469029782334 0.51013599568365 0.49378048946746 0.48460834677564 0.48544412606951 0.51859919968805 0.51481140227208 0.46184106946662 0.46199839850994 0.463809077667 0.45542692580249 0.43784241972768 0.4374800820764 0.44239328530952 0.43601775764394 0.43473886065446 0.42360539463579 0.42502230936282 0.4239198329382 0.43058396270129 0.43339893286852 0.43506051679592 0.42676117525379 0.4306695293456 0.42333763135017 0.42303527868837 0.42212578996771 -0.4846330838322 -0.50606823770649 0.42366032559918 0.4238444350385 0.42711059856023 0.42441897927562 0.4265161626106 -0.528206458133 -0.52513315713194 -0.51761944783751 -0.5461162887481 -0.5439628197926 -0.54001846604371 -0.5349783578414 -0.53909846192307 -0.52075295304199 -0.51735209590698 -0.50812008903653 -0.52379500769193 -0.52991132632631 -0.52951003481416 -0.53161937879036 -0.53302788270172 -0.53294108239313 -0.51738410106748 -0.51323497737807 -0.50434242588335 -0.50905229324297 -0.50662976598114 -0.50996705737394 -0.53635546177843 -0.53795282905922 -0.53484206376105 -0.54229163723317 -0.54743689590262 -0.54338999275881 -0.53397175222934 -0.52729773242767 -0.52894175019209 -0.54193330020419 -0.54213616094657 -0.50507608493081 -0.50881478945808 -0.50014720985611 -0.4953248876338 -0.48500746445542 -0.49303480748227 -0.51207041569531 -0.49401773850405 -0.50957743227709 0.4497468936975 0.43157971471748 0.42872832867968 0.4246795480317 0.42346878628976 0.42725596352657 0.42927063321207 0.42441381855889 0.42743057806417 0.42204817503605 0.42171548214723 0.42201204789294 0.42119816081111 0.4210065177895 0.42266726136921 -0.48764128051787 -0.48917779000035 -0.48879967668382 -0.49829762978787 -0.49510144834723 -0.50135987207293 -0.49791433867461 -0.49243338120307 -0.49278697953359 -0.49258644535217 -0.49023039870653 -0.49465920676288 -0.48844447644652 -0.48974633304401 -0.49079182732098 -0.51188535832795 -0.51830578458852 -0.49106310930531 -0.48583293067739 -0.47862892798453 -0.48240716917355 -0.47963626169699 -0.4840941934263 -0.48090649410826 0.4261403803876 0.42472001601697 0.42665362128268 0.42285435692715 0.42143913208691 0.42172441225105 0.42062233108199 0.42084301053573 0.42089233012789 0.42014185528688 0.42033509945132 -0.48677037731466 -0.48558278337451 -0.48815346177858 -0.4758144950425 -0.473878289298 -0.4923680213989 -0.46650431894846 -0.47557027756746 -0.46082317108936 -0.45827992158491 -0.46578074790895 0.42015354740862 0.42001150101764 0.42003873889073 0.41994799225159 0.42024739107759 0.42036991435347 0.42043032048445 0.41988716275733 0.4198429731965 0.41994912185513 -0.47520130532299 -0.47069331946726 -0.46848436078833 -0.45579247714422 -0.47104331206389 -0.4537941845796 -0.47698920887736 -0.475012891217 -0.45691046539564 -0.45086599772218 -0.46545611170916 0.42118040822707 0.41999768188318 0.41985365450142 0.42018908144552 0.42006532551426 0.42005422153903 0.4202491271324 0.42015141479773 0.4202201314421 0.41974089183963 0.41974651705079 0.41987201846493 0.41980613990919 0.41954482204944 0.41944640424958 0.41946805531321 0.42121129434666 0.42098354305695 0.42049597439491 0.42035410571347 0.42033603989551 -0.45795937637279 -0.46241980975517 -0.46287763261575 -0.46040178287654 0.42153855194737 0.42163131618956 0.4219838386195 0.42094826093201 0.4209321500531 0.42115123386551 0.42279807086486 0.42091722220034 0.42321323565674 0.42181825340614 0.42237698198275 0.42142901399124 0.42142681224055 0.42050079208591 0.4224648995512 0.42033218046107 0.42058759273409 0.42040535528527 0.42167557657519 0.42130732632508 0.42106389829331 0.42141505521692 0.42070097646311 0.42008850462485 0.42006292520093 0.42061037053338 0.42137292239015 -0.4513536312975 -0.45134278025245 -0.45324205419777 -0.45333411867015 -0.45356574426297 -0.45320827243824 -0.4529726886601 -0.45288813528281 -0.45289813309247 -0.45351199489922 -0.4534463017458 -0.45348511636285 -0.4531346193934 -0.45305714506243 -0.45244346569631 -0.4523875816866 -0.45253246787565 -0.45282515253545 -0.45279699345721 -0.45246672626155 -0.4527106936818 -0.45286715097633 -0.45272600447944 -0.45274639077668 -0.45240494498998 -0.45225849953106 -0.45231614767364 -0.45217082879756 -0.45259896371484 -0.45275248435496 -0.45265038485943 -0.45333902120532 -0.45302051078899 -0.45301420081498 -0.45337805135178 -0.45350019853674 -0.45310910242113 -0.45260111905841 -0.45268468697651 -0.45351540660659 -0.45336899334637 -0.45331005741325 -0.4531768253061 -0.45355148928807 -0.45376835863698 -0.45367042251767 -0.45234630060357 -0.45245059276413 -0.45318475808933 -0.45304914105369 -0.45302511912748 -0.45321271007026 -0.45343456973057 -0.4534301618171 -0.45335045036162 -0.453978311239 -0.45387013586369 -0.45475664067759 -0.45486617096505 -0.45452947837466 -0.45353227352111 -0.45380399062725 -0.45384868640346 -0.45407346279776 -0.45839879751411 -0.45915562633885 -0.45897599454154 -0.45460543313575 -0.45465057679351 -0.45436116111713 -0.45437734895946 -0.45370231229656 -0.45361723395251 -0.453388328369 -0.45583300935153 -0.45577139789497 -0.45326404293726 -0.45332297478361 -0.4528965200847 -0.45274082304788 -0.45264717909323 -0.45880674092685 -0.45890656826741 -0.45955994434256 -0.45499900885375 -0.45490861159765 -0.45525786780788 -0.4531360815569 -0.4530054459153 -0.45292647292772 -0.45214204167903 -0.45199652061794 -0.45216650517177 -0.45598514556002 -0.45536306651278 -0.45589586796252 -0.452836220159 -0.45265439217887 -0.45281406429741 -0.45285647015297 -0.45256264025798 -0.45273077544477 -0.45288507008291 -0.45268534084073 -0.4522379637236 -0.45234064302102 -0.45207838775086 -0.452229498173 -0.46100394544858 -0.46107670518679 -0.46105745041621 -0.45681846454266 -0.45640852400147 -0.45595556657872 -0.45596447412685 -0.45653269004641 -0.45478235866698 -0.45303837767451 -0.45325508776106 -0.4551760203744 -0.45556203545751 -0.45500460615267 -0.45775758738014 -0.45512010015597 -0.45724133178061 -0.457289372872 -0.45668401026363 -0.45685915827717 -0.45725814236643 -0.455753241452 -0.45552249372204 -0.45597559588116 -0.45539657711424 -0.45568558495057 -0.45343128492396 -0.45380633352244 -0.45424915064655 -0.45429626248636 -0.45462544063976 -0.45459856165204 -0.45433888830729 -0.45495301097346 -0.45793436007159 -0.45896380926274 -0.45816395226808 -0.45730696331234 -0.45636573455913 -0.4570255451303 -0.456803834237 -0.45501365121771 -0.45513742370737 -0.45454355764167 -0.45382704569837 -0.45555054106142 -0.45581373753846 -0.45966332974334 -0.46145123039509 -0.46126578799621 -0.46079385071282 -0.46007867900204 -0.46026995420027 -0.46066424539558 -0.45805378566332 -0.45783231231021 -0.45879257491834 -0.45561742766189 -0.45918336446102 -0.4591958793809 -0.45855640612259 -0.46017763847254 -0.45972933619623 -0.46022669679298 -0.46025929050346 -0.46036238068885 -0.4582143084696 -0.45704253198483 -0.45761677640641 -0.45706678586054 -0.45824920474671 -0.45945583462355 -0.45867180351814 -0.4595960576548 -0.45809506610729 -0.46080710837026 -0.46110907105235 -0.46057108819381 -0.45978125345371 -0.45772987974111 -0.46059133586204 -0.46059301284706 -0.46055170375966 -0.46175686099293 -0.45872174670582 -0.46032471175987 -0.46070440302325 -0.45935841817803 -0.4552833503813 -0.45441702854546 -0.45388692776829 -0.45499888015972 -0.45579747271907 -0.45348750295814 -0.45336473761562 -0.45374748630898 -0.4540380637578 -0.45413851790564 -0.45352593962547 -0.45876446213306 -0.45941265701509 -0.45931366112976 -0.45480547098293 -0.45946559108331 -0.46022657378838 -0.46106989399689 -0.46110783026256 -0.46186760482727 -0.46155533170175 -0.46192417877601 -0.461562953497 -0.45641270080824 -0.4534126716482 -0.45328886587917 -0.45461445080034 -0.45699624142348 -0.4606597489665 -0.46130967172302 -0.46123064741321 -0.46112555668823 -0.46184684740854 -0.46218591793656 -0.46179827469895 -0.46158819307009 -0.46137356255194 -0.46253182925412 -0.462097628814 -0.46097622122186 -0.4613348282583 -0.46152110054261 -0.45940910508822 -0.458935000572 -0.45815784623739 -0.46032545400637 -0.46041345447964 -0.46003895057181 -0.46173944827232 -0.46247290363442 -0.46127193386062 -0.46125687914805 -0.46312004601678 -0.46187571712419 -0.46198558416407 -0.46238862133699 -0.46222934973864 -0.45615677135617 -0.455123095676 -0.45637102130874 -0.45834180943919 -0.45819832790085 -0.45771761354947 -0.45272703300294 -0.45275719230243 -0.45296519525396 -0.45399364200429 -0.46112331744398 -0.46130697286928 -0.46120795792115 -0.46178719244727 -0.46179813895689 -0.45540835368679 -0.45555708621517 -0.45756651251042 -0.45708598780663 -0.4531165229708 -0.45286996365629 -0.45318769370581 -0.4518957514298 -0.45192052252801 -0.45448817232638 -0.45466777395566 -0.45697371971152 -0.45805993994833 -0.46091115875945 -0.46194001214834 -0.46270214515063 -0.45661549895817 -0.46080623806977 -0.46083612264435 -0.45325067939898 -0.4522004399012 -0.45239586273802 -0.45231667163627 -0.45189518252534 -0.45180047231639 -0.45830072376451 -0.45828466300618 -0.45753252150435 -0.45632853333485 -0.45692377365277 -0.45568858160412 -0.45567520520866 -0.45635204705686 -0.46225735672064 -0.45321194010219 -0.45255389409363 -0.45260342833704 -0.45238829209791 -0.45218103021258 -0.45240092106301 -0.45241551594503 -0.45240636425442 -0.453354666073 -0.45300433571867 -0.45278753972461 -0.4525499144703 -0.45226099944311 -0.45206351911639 -0.45195905024157 -0.45207499240151 -0.45194377948111 -0.45205634111871 -0.4518620303724 -0.45184471487707 -0.45364177698327 -0.45716780704763 -0.4560041166685 -0.45198884004009 -0.45210430777376 -0.45169785732894 -0.45172079703548 -0.45166362187077 -0.4515455102231 -0.45158550395144 -0.45309241210165 -0.45277760491587 -0.45310610177781 -0.45297142715294 -0.45332798068395 -0.45380184499958 -0.45431676894936 -0.45220718196378 -0.45241260871281 -0.45249513006646 -0.45380752993369 -0.45354028874012 -0.45368262858658 -0.45788216181432 -0.45851460896477 -0.46066541331964 -0.46023601948847 -0.4605019600592 -0.45188039977948 -0.45178235559408 -0.45174815568603 -0.4517101820246 -0.45174386734223 -0.45178520163333 -0.45178990934421 -0.45171793555744 -0.45174760805826 -0.45156730047117 -0.4516003508172 -0.45161257091706 -0.45166606786849 -0.45173214449825 -0.45148027292664 -0.45151410758346 -0.45151742380517 -0.45229057713239 -0.4522652134643 -0.45214248254404 -0.45471329266175 -0.45539139402635 -0.45949371037132 -0.45894087421328 -0.45415574992332 -0.45526734385975 -0.45902502247312 -0.45839299749753 -0.46024524809703 -0.46029699793231 -0.46003719022301 -0.46059374124594 -0.45379712789879 -0.45383574029074 -0.45425906102369 -0.45422495160233 -0.45396768075931 -0.45943347712077 -0.45996939774235 -0.45920741906109 -0.45954996675066 -0.45955850164352 -0.46111671237676 -0.46134379653898 -0.4602464099537 -0.46027312167325 -0.46042642982117 -0.46048783446579 -0.45503112445879 -0.45626661845808 -0.46014239919067 -0.46012027508494 -0.46036998328018 -0.46087779562669 -0.45749328603899 -0.4594234884787 -0.45983527756689 -0.45993453820612 -0.4606731000878 -0.45850444696294 -0.45732574381066 -0.45904472156955 -0.45929784477291 -0.45316090512344 -0.45349656494136 -0.45455527536826 -0.45499968298758 -0.4548284729404 -0.45833431280817 -0.45838147068276 -0.45927426022819 -0.45906238947798 -0.45942638196896 -0.45871314249017 -0.45456409976601 -0.45389714579042 -0.45431176957131 -0.45945265302504 -0.45982686589061 -0.4570562038206 -0.45769221263644 -0.45865267774027 -0.45875265300147 -0.45895133767948 -0.45806129584714 -0.45919639460676 -0.45959449891445 -0.45905771744042 -0.45894687374712 -0.45905649337971 -0.45848181640036 -0.45864337008133 -0.45889680455717 -0.45889255095205 -0.45875991186624 -0.45877171297377 -0.48346778658946 -0.48273423666327 -0.48185885994214 -0.48442642800491 -0.45134666283379 -0.45135212245001 -0.45133732579122 -0.45146728719898 -0.45143938858855 -0.4830064323427 -0.47645392164 -0.48019006418624 -0.47463707362899 -0.4991268072075 -0.49966849257062 -0.49826691143181 -0.50023849084241 -0.5715431724983 -0.57247217733643 -0.46885396078033 -0.47021386907682 -0.4708542564171 -0.45163788500917 -0.45186425785734 -0.45188081538531 -0.47564305827998 -0.48293798613722 -0.47758823133598 -0.47862848009391 -0.47836890022761 -0.47776657837148 -0.47765581785136 -0.4760387484791 -0.47517465646493 0.53963654511126 -0.4902730763968 -0.49016349796196 -0.49018167048166 -0.47078129402521 -0.47122050461998 -0.47169608117644 -0.47149575904108 -0.47046611526264 -0.46821023895494 -0.46870334866861 -0.46800082750264 -0.46500008873353 -0.46569402580391 -0.46740843937953 -0.4679319714308 -0.46813799586119 -0.46660304256515 -0.46722697299758 -0.47225585844014 -0.47024210756985 -0.47403145513905 -0.47315380872532 -0.46809604642102 -0.46698214191807 -0.46773465871 -0.46679991405093 -0.46613740872694 -0.46713744091679 -0.46322159128101 -0.46802218936998 -0.46819366885692 -0.46783325474248 -0.4646741453716 -0.46590460721123 -0.46795463470346 -0.62707756272924 -0.62629254542571 -0.49036765123749 -0.48981708717783 -0.48974584409081 -0.49019674453834 -0.49009413968216 -0.49081573620218 -0.49093549681436 -0.48869998696258 -0.48838219931044 -0.48872341363953 -0.45618759638609 -0.45661793798401 -0.45596633036971 -0.46044346885848 -0.45657494347466 -0.45600697741156 -0.45618852823931 -0.45765824857641 -0.45809563301247 -0.45753140764293 -0.45559963694579 -0.45739511876275 -0.45758690022621 -0.45331771978074 -0.45362188862344 -0.45371811683934 -0.45351477827339 -0.45382122544688 -0.40083884437899 -0.4895155627949 -0.48947961405583 -0.48967501962173 -0.48960713770095 -0.48938069096885 -0.48917356212248 -0.48985934159479 -0.48997721035705 -0.48988378819499 -0.48955681762229 -0.48978030629024 -0.48985282198528 -0.48976278368253 -0.4901236776225 -0.49006633566607 -0.4907237913179 -0.49092639834778 -0.49074563605237 -0.49053518649219 -0.49060249571204 -0.49046517540151 -0.48965013937824 -0.48964756052122 -0.48954853218971 -0.4901842971688 -0.49022017766553 -0.48891073413812 -0.48856302141241 -0.48750129146276 -0.48766170532483 -0.48809975674491 -0.49032942186473 -0.49052198515576 -0.49036048399115 -0.49061028989461 -0.49080784141278 -0.48975403354004 -0.48994824295861 -0.48981643447368 -0.48982724899843 -0.49007268073596 -0.4902911110981 -0.49035650552319 -0.49018252016318 -0.49028796601469 -0.49027934064045 -0.49012855147864 -0.49012811883294 -0.49315079888687 -0.49299105117888 -0.49415704956054 -0.48965826108477 -0.4896664202438 -0.48957289664873 -0.48946077815286 -0.48968581526458 -0.48971751059507 -0.48998430932406 -0.48982070808048 -0.48973491539217 -0.48962340055447 -0.48956777805873 -0.49065640793385 -0.49051847653213 -0.49041239975247 -0.49011161970932 -0.48953451488619 -0.48940334012901 -0.48972606873869 -0.48987546008976 -0.48918171415604 -0.489118359886 -0.48798537200465 -0.48818568839238 -0.48836776613382 -0.48923086016619 -0.48939691728726 -0.48918809046251 -0.48920303603926 -0.48795910467313 -0.48784768502555 -0.48831223984201 -0.48916775298705 -0.48952090053879 -0.4899980406896 -0.48990785863659 -0.48864144497755 -0.48745432445153 -0.48784529466454 -0.48758656139811 -0.4886023336214 -0.48884885785778 -0.48828485264527 -0.48868364179609 -0.48975580122501 -0.48998289454007 -0.48969834849965 -0.49101907109116 -0.4913425825659 -0.48894212331769 -0.48687888847309 -0.48660680228 -0.48707325210651 -0.48579948084634 -0.48575200988733 -0.4866679137091 -0.48925363188271 -0.48881058971289 -0.49035515690542 -0.49001335131061 -0.49165485688715 -0.49199264054455 -0.49163498520393 -0.48785435105232 -0.48731518211763 -0.4872311556526 -0.48672837669939 -0.48745433091902 -0.49036828866281 -0.49035065373647 -0.49039255574346 -0.48725393551116 -0.48722990166609 -0.48817964197191 -0.48955326108447 -0.48910109190372 -0.48570740700781 -0.48609377667133 -0.49096488100154 -0.49098776027434 -0.4906985658641 0.41910301219497 0.41914942684411 0.41918179788035 0.41925227789386 0.41914461905629 0.41909518514672 0.4191987025884 0.41910251251735 0.41943926352319 0.4644515444516 -0.4608941335981 -0.45985829770197 -0.45831080656293 -0.45973513382232 -0.45924850488954 -0.45774891727252 -0.45768162252236 -0.45824518613255 -0.45884303400569 -0.45910458805606 -0.45738795142508 -0.45657309448646 -0.45718721241844 -0.45851906102618 -0.45996995212588 -0.46422761200128 -0.46485761288135 -0.4601020722509 -0.45919170843718 -0.4613726759565 -0.45862353103794 -0.4627003246867 0.4141936922641 0.51491578866955 0.52030742184589 0.52027027823136 0.53143818606561 0.51139125725872 0.51594935551353 0.5196234228777 0.51688116624918 0.5118362383937 0.51326694353471 -0.48507310988294 -0.48454905113555 0.47109694862633 0.47261110120371 -0.49419944759625 -0.49401045181404 -0.49186000388763 -0.49156241074095 -0.4916839270097 -0.4914345466058 -0.4916888774556 -0.49207126853551 -0.49219890721501 -0.49063236687236 -0.49050312159008 -0.49139852287078 -0.49125262199419 0.41829985803088 0.41881888097021 0.41889990833031 0.41891310203455 0.41890158893601 -0.54106792089684 -0.47708364129955 -0.47662148868135 -0.47226674285738 -0.47332566478719 -0.47722032053547 -0.47747031554405 -0.47707999836774 -0.47796094135629 -0.47781559645596 -0.47591493064574 -0.47749814132401 -0.4764903175077 -0.47558785101852 -0.47459971788242 -0.47324958576334 -0.4777266688515 -0.47784205202728 -0.47842757408814 -0.4783951735916 -0.47863188358466 -0.47791266317876 -0.47687303526877 -0.47763989329813 -0.47694547045037 -0.47366803973023 -0.4743714752916 -0.47072919959941 -0.47054705587389 -0.47517224818711 -0.4729144304184 -0.47142198808549 -0.46970453418422 -0.47521564012263 -0.47622195235121 -0.46915989379272 -0.63269202307846 -0.63674712204972 -0.63285858676197 -0.55192116684963 -0.50165587589467 -0.50026540282001 -0.51275158944576 -0.51594531274961 -0.51426191369318 -0.49440462687101 -0.49586322101918 -0.49600797513753 -0.49716875611039 -0.49809141868501 -0.49690188110025 -0.55200759425559 -0.49592837095061 -0.4965410319229 -0.49567466762277 -0.49552628632966 -0.48123309655002 -0.48045565491483 -0.48175495495657 -0.4793741541344 -0.48199348569973 -0.47980043862045 -0.48011592060102 -0.48250170159979 -0.4830381178551 -0.48224286491498 -0.4822289820363 -0.48266407295546 -0.48504788997655 -0.4827867081169 -0.48337336361301 0.54193676620949 -0.47476168810999 -0.47513020877454 -0.47702751904871 -0.47611586888486 -0.47814393891378 -0.47618260163716 -0.53122097655004 -0.55443246673117 -0.53090390201595 -0.54541449532223 -0.50730782702447 -0.50761026351935 -0.5134925268335 -0.51502372665672 -0.51594594897248 -0.50999540537308 -0.51134817664808 -0.51453401021241 -0.51708463454363 -0.5175728854992 -0.51868216502112 -0.51058017704561 -0.50696427536651 -0.51248582594383 -0.51479034788113 -0.50378536709763 -0.5050997375719 -0.50288755544407 -0.51716763420873 -0.51837315297857 -0.51959101266371 -0.50333409281625 -0.50653534664209 -0.49983995463671 -0.50091666130932 -0.49831201377491 -0.49650703270943 -0.49486379279426 -0.49504630799011 -0.49592419539893 -0.49767790742226 -0.49705258813086 -0.49428845653895 -0.49603004868691 -0.49576341253836 -0.49686462997473 -0.49236484255723 -0.49260565117013 -0.49291186764665 -0.49180863762991 -0.49142655272796 -0.49166656174434 -0.49677109308837 -0.49673808790784 -0.49779390496193 -0.4998434819872 -0.4988319968028 -0.49864052043376 -0.49853751543568 -0.49942373796724 -0.50025587089738 -0.49607539736733 -0.49862285191169 -0.49482014462912 -0.49509986768892 -0.49464652661579 -0.49421160419217 -0.49548124547046 -0.49374850555401 -0.49263766915691 -0.49128946482978 -0.49167774671171 -0.49170844570139 -0.49335485697371 -0.49404171424348 -0.49267385311631 -0.492370241384 -0.49534853353903 -0.49243360172118 -0.49380611387444 -0.49202455747129 -0.49233767854206 -0.49270902053518 -0.49232577789747 -0.49185309552357 -0.49028331728503 -0.49022618044014 -0.49333512778879 -0.49352784759609 -0.49108607510542 -0.49084914953733 -0.4910240265686 -0.49184907698182 -0.49381494661463 -0.4922541733353 -0.49268770141457 -0.49197205074769 -0.49336846669225 -0.49141807927587 -0.49122147559709 -0.49111365878162 -0.49829955444438 -0.49458468782987 -0.49112345422528 -0.49071394479473 -0.49063716416123 -0.49107666708316 -0.49094573274059 -0.49081140413399 -0.49070405221529 -0.49084335691846 -0.49047136337761 -0.49095755812796 -0.490459438314 -0.49111083497803 -0.49040007058228 -0.49041462500741 -0.49033398662133 -0.49033243472818 -0.49108197663842 -0.49124247181871 -0.49086737223015 -0.49061921744405 -0.49070557836778 -0.49102947775516 -0.49098520790401 -0.49027838130094 -0.49144508425637 -0.49113032634856 -0.49127776208356 -0.49047245396159 -0.49037069794394 -0.49039660245132 -0.49058726061505 -0.49037387451567 -0.49086035545518 -0.49146523622902 -0.49113077229057 -0.49018008389438 -0.49056068785117 -0.4903006442113 -0.48425081781838 -0.52601175214609 -0.51802217025726 -0.51217416047706 -0.50888141664682 -0.4641148734788 -0.46121878403534 0.50004125876446 0.49335472344074 -0.52299237461902 0.41990325504516 0.41996760186717 0.41979443423799 0.41968470740231 0.41962837106338 0.41936304442185 0.41942850846252 0.41928484487369 0.41933710481208 0.41959996308481 0.41941542450235 0.41951401073823 -0.4513357064047 -0.45134283782533 -0.45243247476284 -0.45387558030981 -0.45440762351405 -0.45478100688323 -0.45416854630318 -0.46052829501718 -0.45207567154673 -0.45170876302558 -0.45175990693606 -0.45165884139354 -0.45153567132828 -0.45152677147228 -0.45398607251744 -0.45730214393509 -0.4581089175837 -0.45692913567187 -0.45615815689933 -0.45673403533095 -0.45546562795455 -0.46092022746571 -0.4606933886864 -0.46037355385731 -0.45996992659539 -0.4601814935721 -0.45992285297016 -0.45895007985514 -0.45884941537096 -0.45893479116483 -0.45925390126831 -0.45879301762365 -0.45873656564463 -0.45870565202466 -0.45820180358001 -0.45697615724472 -0.45983081558597 -0.45945493275559 -0.45954499294426 -0.46000097551303 -0.45242097758406 -0.45273623844011 -0.45348689029725 -0.45302724618766 -0.45334095946165 -0.4545459236457 -0.45406657697974 -0.4563370760764 -0.45521571042222 -0.45635980959279 -0.4847465008832 -0.48519512456523 -0.48386263504788 -0.48299759986441 -0.48212125418665 -0.48088066824091 -0.4842770951208 -0.48497148917561 -0.45138564953448 -0.4514106485049 -0.45146266615816 -0.4514352752573 -0.45146607530531 -0.45139477334282 -0.45140719755628 -0.45141107287921 -0.45150250715067 -0.45137959651252 -0.45136558927679 -0.4514180720934 -0.45132294728497 -0.45132982980664 -0.45131957775054 -0.45137418702317 -0.45136938475061 -0.45136392164164 -0.45146136104737 -0.45143006658278 -0.45144972587137 -0.45157208761651 -0.45153504968132 -0.45148825467202 -0.45151867606243 -0.45141708864802 -0.45136945764287 -0.45145106989224 -0.45141662223304 -0.45137227479785 -0.4513451000325 -0.45136024873923 -0.45141866761399 -0.45140576231797 -0.45140823907652 -0.45137665866851 -0.45139580354464 -0.45133436859657 -0.45135918410626 -0.45131204925425 -0.45131414771245 -0.45131160993982 -0.45133028883635 -0.45132883356757 -0.45136188157852 -0.45136621218751 -0.45137194043071 -0.45138250492539 -0.45138908977371 -0.45139614981488 -0.45133338777786 -0.45130806363928 -0.45130498219085 -0.45130629830009 -0.45148465063685 -0.45153956601215 -0.45135340471349 -0.45134644809031 -0.45134365657177 -0.45212396553291 -0.45205691255142 -0.45204008870419 -0.45172249020229 -0.45160563640094 -0.45162584062793 -0.45165845028313 -0.45161544944928 -0.45155402138467 -0.45160996270384 -0.45140951012311 -0.45135949193524 -0.45136885909397 -0.45132634872999 -0.45132014880334 -0.45131435783041 -0.45131093463777 -0.45131074820566 -0.45133009688076 -0.45132783435455 -0.45133381934638 -0.45132912474914 -0.45138058742349 -0.45138255991628 -0.45137111971272 -0.45137576210092 -0.45135300489345 -0.4514102957302 -0.4514305510679 -0.451423411228 -0.45146284311563 -0.45138784647581 -0.45131970556256 -0.45131898877413 -0.45131926892154 -0.45132408005915 -0.45134214681053 -0.45135812967477 -0.4654362914569 -0.4657864270731 -0.46635960095096 -0.46669968792 -0.46641149951912 -0.45621594474387 -0.45632900948003 -0.45673432827757 -0.45428387722339 -0.45460365772648 -0.45440491035828 -0.45419179266743 -0.45438506690532 -0.45417488171078 -0.45415241478289 -0.45449150012112 -0.45446629883148 -0.45434296527767 -0.45396860331003 -0.45585135548309 -0.45367476522864 -0.45328763588888 -0.45417700977104 -0.45441780461025 -0.45359694815024 -0.45215989015294 -0.45200898975738 -0.45217911676188 -0.48900028721713 -0.48945313942442 -0.48950124639562 -0.48945468131568 -0.49194680612781 -0.49152410933446 -0.49124094155147 -0.49082581163556 -0.49084213814773 -0.49089829931233 0.41905788208566 0.41894927744655 0.41891917111121 0.41903296939615 -0.47672274457185 -0.54676138879264 -0.54849437737968 -0.54991125565438 -0.54486983025266 -0.52838047602636 -0.53998060113059 -0.54938115528591 -0.54618387427845 -0.54754474744928 -0.55425253811932 -0.5525121460375 -0.55040988749056 -0.55039403878934 -0.55146483505755 -0.55289014592547 -0.49303693781187 -0.45312206934594 -0.4519421588875 -0.45200521994896 -0.45184493165188 -0.45571485299197 -0.45671883257915 -0.45881946790361 -0.45879513266121 -0.45876290261675 -0.45286750386043 -0.45273608692653 -0.45301617036766 -0.45268001287743 -0.45262859086585 -0.45261797569101 -0.45240489521261 -0.45147379828794 -0.45146885597026 -0.45145086076493 -0.45361932895868 -0.45380384148306 -0.45398478807841 -0.45384080047644 -0.45244835272383 -0.45221834033771 -0.45232133857661 -0.45384715968193 -0.45130129986028 -0.45130215085125 -0.45130251620017 -0.4516818200451 -0.45165061546716 -0.45130730729987 -0.45130469929205 -0.45132339533845 -0.45141761856272 -0.45138681408146 -0.45139681938656 -0.45281757391357 -0.45243992684311 -0.45270131600458 -0.45161673627092 -0.45168102640979 -0.45167244533447 -0.45192450086108 -0.45178162446073 -0.45183787504004 -0.46613234310296 -0.45402682367695 -0.45422136195895 -0.4542095651497 -0.4515174387882 -0.45148493073348 -0.45150091726797 -0.45272891806033 -0.45272011667801 -0.45233804849287 -0.45294898638361 -0.45330019150084 -0.54912779663082 -0.45223907729766 -0.45188989686947 -0.45193353495049 -0.45184908366763 -0.4524858260672 -0.45162560191976 -0.4515917033736 -0.45164325359079 -0.45254766838528 -0.45183605634015 -0.45177175519001 -0.45179931793568 -0.45356039908988 -0.45368135564661 -0.45355916967492 -0.45225364526959 -0.45208110874967 -0.45130891413655 -0.45130063957872 -0.45130019443737 -0.45303321414664 -0.45340768610309 -0.45305320520177 -0.45207489792516 -0.45202236482567 -0.45227050797627 -0.45174229813741 -0.45180236902317 -0.45150960987112 -0.45153615775103 -0.45154517050861 -0.45160204226697 -0.45191239148495 -0.4519768828622 -0.45207458784714 -0.45191445420193 -0.45196346006512 -0.45303657246509 -0.45338031846541 -0.45201674320428 -0.45264161292092 -0.45243808663974 -0.45217559156176 -0.45320151360902 -0.45336880647032 -0.45362326861398 -0.45176238871929 -0.4518904456508 -0.45236853914059 -0.45154826926036 -0.4514396715992 -0.45144452006863 -0.45146194876967 -0.45143807905386 -0.45301629493234 -0.45327073342189 -0.45293199264365 -0.4515228079055 -0.45149086491193 -0.45152318203613 -0.45148088827286 -0.45172324757911 -0.45158024015561 -0.45155691777204 -0.45251788668877 -0.45167358902858 -0.45158779314245 -0.4515915643049 -0.45155227620381 -0.45154892213833 -0.4514890735755 -0.45169128512489 -0.45165710947296 -0.45163620951544 -0.45161021375756 -0.45157344746339 -0.45150631555115 -0.45143876814596 -0.45157635297776 -0.45152227636339 -0.45153300600664 -0.45146498882037 -0.45169002919108 -0.45171609593996 -0.45292666853598 -0.45158133022896 -0.45173972432229 -0.45182721635622 -0.45178623652379 -0.45185231258692 -0.45231617690853 -0.45248983439438 -0.45219202651912 -0.45376962555079 -0.45386689771329 -0.45196508028812 -0.45211722094845 -0.45352688406918 -0.45224240525211 -0.4520064102489 -0.45189590957033 -0.45262060212261 -0.48613105388961 -0.48566703089092 -0.4846176247496 -0.488265480023 -0.48510618800387 -0.63532878322716 0.43646963389809 0.43745259030301 0.43784452791437 0.43108865256729 
